# lon_gridpoint [deg], lat_gridpoint [deg], P_R_modelGRS [W], P_R_modelFREND [W] 
-17.375, -75.625, 1.1528302722971604e-24, nan 
-17.125, -75.625, 7.468792996020924e-25, nan 
-16.875, -75.625, 9.813831930535613e-25, nan 
-16.625, -75.625, 6.455904510055812e-25, nan 
-17.375, -75.375, 3.8972101439690027e-25, nan 
-17.125, -75.375, 2.709349698526296e-25, nan 
-16.875, -75.375, 1.1956209566663048e-24, nan 
-16.625, -75.375, 1.4748700448076964e-24, nan 
-16.375, -75.375, 3.256876619881364e-25, nan 
-16.125, -75.375, 2.102189218443553e-24, nan 
-15.875, -75.375, 2.5549469994997854e-24, nan 
-15.625, -75.375, 5.040561827261308e-25, nan 
-17.375, -75.125, 4.670542757817599e-25, nan 
-17.125, -75.125, 4.507457116293138e-25, nan 
-16.875, -75.125, 4.889157506124333e-25, nan 
-16.625, -75.125, 1.976003043537871e-24, nan 
-16.375, -75.125, 3.368507384778663e-24, nan 
-16.125, -75.125, 4.171116753362883e-24, nan 
-15.875, -75.125, 3.89304038196598e-24, nan 
-15.625, -75.125, 3.9362955484914175e-24, nan 
-15.375, -75.125, 2.7435757336157663e-24, nan 
-15.125, -75.125, 7.392503093455307e-25, nan 
-14.875, -75.125, 1.8939974934575822e-24, nan 
-14.625, -75.125, 1.9003370554638372e-24, nan 
-14.375, -75.125, 1.4869744075341672e-24, nan 
-17.375, -74.875, 2.362492591931712e-24, nan 
-17.125, -74.875, 4.196590520235182e-24, nan 
-16.875, -74.875, 4.952109467370837e-24, nan 
-16.625, -74.875, 3.7854271280547566e-24, nan 
-16.375, -74.875, 5.519244617375033e-24, nan 
-16.125, -74.875, 6.372628420713731e-24, nan 
-15.875, -74.875, 6.310405586689065e-24, nan 
-15.625, -74.875, 6.82493498566249e-24, nan 
-15.375, -74.875, 4.473295373025998e-24, nan 
-15.125, -74.875, 4.868342781751969e-24, nan 
-14.875, -74.875, 5.7931880666428195e-24, nan 
-14.625, -74.875, 3.836218816075071e-24, nan 
-14.375, -74.875, 1.9609585383295614e-24, nan 
-14.125, -74.875, 2.444956549786036e-24, nan 
-13.875, -74.875, 3.2728975796564473e-24, nan 
-13.625, -74.875, 2.376974550118211e-24, nan 
-13.375, -74.875, 1.3711525600292837e-24, nan 
-17.625, -74.625, 5.314304923413083e-25, nan 
-17.375, -74.625, 1.1608304190975971e-24, nan 
-17.125, -74.625, 4.84465696804924e-24, nan 
-16.875, -74.625, 4.7048982248122086e-24, nan 
-16.625, -74.625, 3.761318231347267e-24, nan 
-16.375, -74.625, 6.425743340994164e-24, nan 
-16.125, -74.625, 6.788511701712934e-24, nan 
-15.875, -74.625, 7.476337130257405e-24, nan 
-15.625, -74.625, 6.277230886263856e-24, nan 
-15.375, -74.625, 4.4410456783142995e-24, nan 
-15.125, -74.625, 5.264082496675747e-24, nan 
-14.875, -74.625, 4.657598356863452e-24, nan 
-14.625, -74.625, 2.556604502278595e-24, nan 
-14.375, -74.625, 1.2552359357953967e-24, nan 
-14.125, -74.625, 1.3692579496450187e-24, nan 
-13.875, -74.625, 1.9651673601439515e-24, nan 
-13.625, -74.625, 1.5388542114241775e-24, nan 
-13.375, -74.625, 1.2524955175084958e-24, nan 
-13.125, -74.625, 4.718511123631507e-25, nan 
-12.875, -74.625, 5.430760027041173e-25, nan 
-12.625, -74.625, 6.846574341520361e-25, nan 
-17.625, -74.375, 7.301529364724489e-25, nan 
-17.375, -74.375, 1.000798373045488e-24, nan 
-17.125, -74.375, 8.498413682751342e-25, nan 
-16.875, -74.375, 9.150196837728161e-25, nan 
-16.625, -74.375, 1.807362833274092e-24, nan 
-16.375, -74.375, 4.346528479254537e-24, nan 
-16.125, -74.375, 4.388754326325094e-24, nan 
-15.875, -74.375, 4.4693516234873046e-24, nan 
-15.625, -74.375, 4.3866841890878825e-24, nan 
-15.375, -74.375, 2.6272935619201045e-24, nan 
-15.125, -74.375, 9.060507384411523e-25, nan 
-14.875, -74.375, 8.331896199800073e-25, nan 
-14.625, -74.375, 8.136980384957001e-25, nan 
-14.375, -74.375, 7.26045404816882e-25, nan 
-14.125, -74.375, 6.8526604049090235e-25, nan 
-13.875, -74.375, 6.92090966166952e-25, nan 
-13.625, -74.375, 6.946512205006989e-25, nan 
-13.375, -74.375, 5.992339490613047e-25, nan 
-13.125, -74.375, 6.546284764321918e-25, nan 
-12.875, -74.375, 6.8441112328200895e-25, nan 
-12.625, -74.375, 6.381644086060985e-25, nan 
-12.375, -74.375, 3.825929748408724e-25, nan 
-12.125, -74.375, 4.472293681893775e-25, nan 
-11.875, -74.375, 5.353195080926034e-25, nan 
-11.625, -74.375, 6.922217617406689e-25, nan 
-17.625, -74.125, 5.504603055093819e-25, nan 
-17.375, -74.125, 6.061870786003575e-25, nan 
-17.125, -74.125, 7.770148094038518e-25, nan 
-16.875, -74.125, 8.081942921325957e-25, nan 
-16.625, -74.125, 8.232520816582595e-25, nan 
-16.375, -74.125, 9.849623223060694e-25, nan 
-16.125, -74.125, 9.840756176529804e-25, nan 
-15.875, -74.125, 9.113425923691376e-25, nan 
-15.625, -74.125, 8.32420640730955e-25, nan 
-15.375, -74.125, 8.996923313654987e-25, nan 
-15.125, -74.125, 7.809689784041567e-25, nan 
-14.875, -74.125, 7.302215414755221e-25, nan 
-14.625, -74.125, 7.438271739372684e-25, nan 
-14.375, -74.125, 6.09423861390713e-25, nan 
-14.125, -74.125, 6.4091439523449035e-25, nan 
-13.875, -74.125, 6.65602977184394e-25, nan 
-13.625, -74.125, 6.1000896899915235e-25, nan 
-13.375, -74.125, 3.8784827484829484e-25, nan 
-13.125, -74.125, 4.2389927540673285e-25, nan 
-12.875, -74.125, 2.2260748139254065e-25, nan 
-12.625, -74.125, 2.9685562843206194e-25, nan 
-12.375, -74.125, 3.941998549529931e-25, nan 
-12.125, -74.125, 4.444663228944349e-25, nan 
-11.875, -74.125, 5.916508197148897e-25, nan 
-11.625, -74.125, 7.455883236033684e-25, nan 
-11.375, -74.125, 4.540837108434561e-25, nan 
-11.125, -74.125, 2.320131604765827e-25, nan 
-10.875, -74.125, 3.022420660826022e-25, nan 
-17.625, -73.875, 4.341439715582014e-25, nan 
-17.375, -73.875, 4.6225246215199305e-25, nan 
-17.125, -73.875, 7.365389879104634e-25, nan 
-16.875, -73.875, 6.582576037629374e-25, nan 
-16.625, -73.875, 9.59842795078359e-25, nan 
-16.375, -73.875, 1.0072912012606366e-24, nan 
-16.125, -73.875, 1.0117811275432793e-24, nan 
-15.875, -73.875, 7.586082083031328e-25, nan 
-15.625, -73.875, 7.1498474249068085e-25, nan 
-15.375, -73.875, 6.1053141919930065e-25, nan 
-15.125, -73.875, 5.50607017235241e-25, nan 
-14.875, -73.875, 5.980931285371618e-25, nan 
-14.625, -73.875, 3.996494217529434e-25, nan 
-14.375, -73.875, 5.219462960668669e-25, nan 
-14.125, -73.875, 6.3940627514140495e-25, nan 
-13.875, -73.875, 5.473239937228425e-25, nan 
-13.625, -73.875, 3.7642884481314807e-25, nan 
-13.375, -73.875, 1.509229855487428e-24, nan 
-13.125, -73.875, 1.6258764799133819e-24, nan 
-12.875, -73.875, 4.735029947977e-25, nan 
-12.625, -73.875, 1.6958233486335288e-24, nan 
-12.375, -73.875, 1.0449518272844946e-24, nan 
-12.125, -73.875, 4.284492972987023e-25, nan 
-11.875, -73.875, 2.720746167279011e-25, nan 
-11.625, -73.875, 2.6274759373394925e-25, nan 
-11.375, -73.875, 1.78135415203666e-25, nan 
-11.125, -73.875, 1.1502968216461718e-25, nan 
-10.875, -73.875, 1.4949293824116138e-25, nan 
-10.625, -73.875, 2.3096337505500875e-25, nan 
-10.375, -73.875, 3.739915555321596e-25, nan 
-10.125, -73.875, 5.056978866136327e-25, nan 
-17.625, -73.625, 3.6523486304419913e-25, nan 
-17.375, -73.625, 1.1274453638371675e-24, nan 
-17.125, -73.625, 1.0505490956444649e-24, nan 
-16.875, -73.625, 1.2403722827268307e-24, nan 
-16.625, -73.625, 1.1149547941253735e-24, nan 
-16.375, -73.625, 7.817459788655514e-25, nan 
-16.125, -73.625, 1.4516104757539198e-24, nan 
-15.875, -73.625, 1.6753432508983928e-24, nan 
-15.625, -73.625, 4.565085426346249e-25, nan 
-15.375, -73.625, 5.407061235278713e-25, nan 
-15.125, -73.625, 6.1356676307402715e-25, nan 
-14.875, -73.625, 5.903288755885034e-25, nan 
-14.625, -73.625, 6.32008206019833e-25, nan 
-14.375, -73.625, 6.4757970394064855e-25, nan 
-14.125, -73.625, 1.8654543049393654e-24, nan 
-13.875, -73.625, 1.882119544847656e-24, nan 
-13.625, -73.625, 1.2978368312416168e-24, nan 
-13.375, -73.625, 2.3446109751881183e-24, nan 
-13.125, -73.625, 2.5786171734382767e-24, nan 
-12.875, -73.625, 1.4160213145847679e-24, nan 
-12.625, -73.625, 2.721941053773455e-24, nan 
-12.375, -73.625, 2.04442959074304e-24, nan 
-12.125, -73.625, 7.786632094742074e-25, nan 
-11.875, -73.625, 2.114556822890111e-24, nan 
-11.625, -73.625, 1.4545413974408887e-24, nan 
-11.375, -73.625, 5.899210494938704e-25, nan 
-11.125, -73.625, 1.9331918792065091e-25, nan 
-10.875, -73.625, 1.6613723158554594e-25, nan 
-10.625, -73.625, 2.1269454248038656e-25, nan 
-10.375, -73.625, 8.241007018113288e-25, nan 
-10.125, -73.625, 6.4669869952055415e-25, nan 
-9.875, -73.625, 4.363864601789755e-25, nan 
-9.625, -73.625, 1.2577569752609743e-24, nan 
-9.375, -73.625, 1.1080850461230877e-24, nan 
-17.625, -73.375, 1.1371501623665386e-24, nan 
-17.375, -73.375, 9.599695803188723e-25, nan 
-17.125, -73.375, 1.798170040674482e-24, nan 
-16.875, -73.375, 2.8880983072222083e-24, nan 
-16.625, -73.375, 2.825310392543334e-24, nan 
-16.375, -73.375, 3.2037318887627076e-24, nan 
-16.125, -73.375, 4.3185600398522545e-24, nan 
-15.875, -73.375, 4.4170377966070096e-24, nan 
-15.625, -73.375, 4.423276764652683e-24, nan 
-15.375, -73.375, 2.28515235330111e-24, nan 
-15.125, -73.375, 2.4015456264491366e-24, nan 
-14.875, -73.375, 9.08411656849748e-25, nan 
-14.625, -73.375, 1.239152654011715e-24, nan 
-14.375, -73.375, 2.0915138192062466e-24, nan 
-14.125, -73.375, 1.870838287219078e-24, nan 
-13.875, -73.375, 1.8447787695212875e-24, nan 
-13.625, -73.375, 2.79598458778015e-24, nan 
-13.375, -73.375, 2.2575040118629846e-24, nan 
-13.125, -73.375, 2.5970504327042806e-24, nan 
-12.875, -73.375, 3.1195585142149188e-24, nan 
-12.625, -73.375, 2.6073083530042454e-24, nan 
-12.375, -73.375, 1.6951854569327805e-24, nan 
-12.125, -73.375, 2.0931533465045293e-24, nan 
-11.875, -73.375, 2.062123281160659e-24, nan 
-11.625, -73.375, 6.112959966094849e-25, nan 
-11.375, -73.375, 2.952877574190821e-25, nan 
-11.125, -73.375, 4.238687717516746e-25, nan 
-10.875, -73.375, 4.197876968481594e-25, nan 
-10.625, -73.375, 1.192593819537264e-24, nan 
-10.375, -73.375, 1.5966933404038532e-24, nan 
-10.125, -73.375, 1.6916849292885725e-24, nan 
-9.875, -73.375, 1.2539631190005544e-24, nan 
-9.625, -73.375, 4.927304896614009e-25, nan 
-9.375, -73.375, 8.661156496096646e-25, nan 
-9.125, -73.375, 1.4660344379815152e-24, nan 
-8.875, -73.375, 1.6677951439935634e-24, nan 
-17.625, -73.125, 7.539049829876732e-25, nan 
-17.375, -73.125, 1.3752121148032577e-24, nan 
-17.125, -73.125, 4.22437242027544e-24, nan 
-16.875, -73.125, 5.4226743238804686e-24, nan 
-16.625, -73.125, 4.2381350347714835e-24, nan 
-16.375, -73.125, 6.246312273015993e-24, nan 
-16.125, -73.125, 8.325756828953919e-24, nan 
-15.875, -73.125, 8.273622100296292e-24, nan 
-15.625, -73.125, 7.941654122578823e-24, nan 
-15.375, -73.125, 4.2920373324610156e-24, nan 
-15.125, -73.125, 5.559064539856922e-24, nan 
-14.875, -73.125, 5.108478774846075e-24, nan 
-14.625, -73.125, 1.466306917034148e-24, nan 
-14.375, -73.125, 9.777932719712425e-25, nan 
-14.125, -73.125, 8.885272543217137e-25, nan 
-13.875, -73.125, 9.39599793645985e-25, nan 
-13.625, -73.125, 1.5249671892944616e-24, nan 
-13.375, -73.125, 1.5594780174149967e-24, nan 
-13.125, -73.125, 1.7747836301821044e-24, nan 
-12.875, -73.125, 1.934593124883173e-24, nan 
-12.625, -73.125, 1.6580687253196236e-24, nan 
-12.375, -73.125, 4.494475480360653e-25, nan 
-12.125, -73.125, 3.084651429349913e-25, nan 
-11.875, -73.125, 3.0738677130262927e-25, nan 
-11.625, -73.125, 3.478404321484857e-25, nan 
-11.375, -73.125, 1.1101041837958086e-24, nan 
-11.125, -73.125, 1.4313004984997794e-24, nan 
-10.875, -73.125, 1.2721679408378753e-24, nan 
-10.625, -73.125, 1.7141334328201828e-24, nan 
-10.375, -73.125, 2.6289930044509645e-24, nan 
-10.125, -73.125, 2.543179120427797e-24, nan 
-9.875, -73.125, 1.7274287526848913e-24, nan 
-9.625, -73.125, 1.6460579575108778e-24, nan 
-9.375, -73.125, 1.4842821573002753e-24, nan 
-9.125, -73.125, 1.7208209869576573e-24, nan 
-8.875, -73.125, 1.802559669623599e-24, nan 
-8.625, -73.125, 1.999850900854039e-24, nan 
-8.375, -73.125, 1.2874643154918259e-24, nan 
-8.125, -73.125, 1.6477662844412764e-24, nan 
-17.625, -72.875, 4.165818006182572e-25, nan 
-17.375, -72.875, 3.412559676520437e-25, nan 
-17.125, -72.875, 4.49281227099186e-25, nan 
-16.875, -72.875, 7.4878929928179395e-25, nan 
-16.625, -72.875, 1.3603250015683936e-24, nan 
-16.375, -72.875, 3.753346687757925e-24, nan 
-16.125, -72.875, 4.3327553572229825e-24, nan 
-15.875, -72.875, 4.667530917644677e-24, nan 
-15.625, -72.875, 4.466532071103374e-24, nan 
-15.375, -72.875, 1.1787695845017545e-24, nan 
-15.125, -72.875, 8.351008919980997e-25, nan 
-14.875, -72.875, 7.542253383291446e-25, nan 
-14.625, -72.875, 7.550673175223265e-25, nan 
-14.375, -72.875, 5.67108411085634e-25, nan 
-14.125, -72.875, 3.5767621870512195e-25, nan 
-13.875, -72.875, 2.445427498100454e-25, nan 
-13.625, -72.875, 3.061898354362368e-25, nan 
-13.375, -72.875, 3.9688342399245506e-25, nan 
-13.125, -72.875, 3.968524583820155e-25, nan 
-12.875, -72.875, 1.0055696250539142e-24, nan 
-12.625, -72.875, 1.253872902907124e-24, nan 
-12.375, -72.875, 2.366197089603244e-25, nan 
-12.125, -72.875, 5.997378094711669e-25, nan 
-11.875, -72.875, 1.0012494974428774e-24, nan 
-11.625, -72.875, 9.34309213854717e-25, nan 
-11.375, -72.875, 9.168239273095815e-25, nan 
-11.125, -72.875, 4.926715782665772e-25, nan 
-10.875, -72.875, 1.9630726910808248e-25, nan 
-10.625, -72.875, 8.631131578567761e-25, nan 
-10.375, -72.875, 1.1394577287464451e-24, nan 
-10.125, -72.875, 1.1252189512232685e-24, nan 
-9.875, -72.875, 1.3198842970435727e-24, nan 
-9.625, -72.875, 7.786511072117254e-25, nan 
-9.375, -72.875, 4.486322253697438e-25, nan 
-9.125, -72.875, 2.0893301841556237e-24, nan 
-8.875, -72.875, 1.9014320242504533e-24, nan 
-8.625, -72.875, 3.6706439814183856e-24, nan 
-8.375, -72.875, 2.674207206146822e-24, nan 
-8.125, -72.875, 2.4634814310770803e-24, nan 
-7.875, -72.875, 3.596602406811895e-24, nan 
-7.625, -72.875, 2.403912793680711e-24, nan 
-17.625, -72.625, 7.0349941041970445e-25, nan 
-17.375, -72.625, 4.125131743036012e-25, nan 
-17.125, -72.625, 4.474150782986448e-25, nan 
-16.875, -72.625, 7.66745316375247e-25, nan 
-16.625, -72.625, 5.419302604908769e-25, nan 
-16.375, -72.625, 5.226334108958005e-25, nan 
-16.125, -72.625, 3.954531487643353e-25, nan 
-15.875, -72.625, 5.610399940165927e-25, nan 
-15.625, -72.625, 4.922338506695698e-25, nan 
-15.375, -72.625, 4.743525011321926e-25, nan 
-15.125, -72.625, 4.658689305545839e-25, nan 
-14.875, -72.625, 3.1411505865120893e-25, nan 
-14.625, -72.625, 2.980575503757301e-25, nan 
-14.375, -72.625, 2.609275318626243e-25, nan 
-14.125, -72.625, 5.215792448064406e-25, nan 
-13.875, -72.625, 3.168140676896743e-25, nan 
-13.625, -72.625, 9.957237009560387e-25, nan 
-13.375, -72.625, 1.118368275699583e-24, nan 
-13.125, -72.625, 5.1182260832263225e-25, nan 
-12.875, -72.625, 1.6827135534841857e-24, nan 
-12.625, -72.625, 1.82690557390798e-24, nan 
-12.375, -72.625, 1.088256933603569e-24, nan 
-12.125, -72.625, 8.504012456727077e-25, nan 
-11.875, -72.625, 1.374466852521647e-24, nan 
-11.625, -72.625, 1.8995014047294702e-24, nan 
-11.375, -72.625, 1.5657614131136914e-24, nan 
-11.125, -72.625, 1.1586953561959289e-24, nan 
-10.875, -72.625, 1.125162026022792e-24, nan 
-10.625, -72.625, 1.0504982333211327e-24, nan 
-10.375, -72.625, 6.416671824195155e-25, nan 
-10.125, -72.625, 3.7631118010716144e-25, nan 
-9.875, -72.625, 9.576156610234455e-25, nan 
-9.625, -72.625, 1.075451855252435e-24, nan 
-9.375, -72.625, 1.48715628725614e-24, nan 
-9.125, -72.625, 2.3662723441961254e-24, nan 
-8.875, -72.625, 3.5191032446356586e-24, nan 
-8.625, -72.625, 3.332020265215865e-24, nan 
-8.375, -72.625, 2.4184036098120005e-24, nan 
-8.125, -72.625, 2.850209425025187e-24, nan 
-7.875, -72.625, 2.3555797691796278e-24, nan 
-7.625, -72.625, 1.7635026175459658e-24, nan 
-7.375, -72.625, 2.7775596365167465e-25, nan 
-7.125, -72.625, 2.672982051650594e-25, nan 
-6.875, -72.625, 3.653505652882599e-25, nan 
-17.625, -72.375, 1.0828902221659357e-24, nan 
-17.375, -72.375, 9.245447891314506e-25, nan 
-17.125, -72.375, 4.951568218298991e-25, nan 
-16.875, -72.375, 4.546588482484111e-25, nan 
-16.625, -72.375, 2.792730155903797e-25, nan 
-16.375, -72.375, 1.86882682826099e-25, nan 
-16.125, -72.375, 2.0807337413387406e-25, nan 
-15.875, -72.375, 2.34893158458792e-25, nan 
-15.625, -72.375, 2.0544147925761684e-25, nan 
-15.375, -72.375, 1.4536033758351599e-25, nan 
-15.125, -72.375, 1.6189020128010896e-25, nan 
-14.875, -72.375, 1.440630277187727e-25, nan 
-14.625, -72.375, 1.5932878323918873e-25, nan 
-14.375, -72.375, 1.9689698619867927e-25, nan 
-14.125, -72.375, 2.072420094055176e-25, nan 
-13.875, -72.375, 1.9612892209855468e-25, nan 
-13.625, -72.375, 1.955614381308798e-25, nan 
-13.375, -72.375, 4.610715025282878e-25, nan 
-13.125, -72.375, 2.753049794115298e-25, nan 
-12.875, -72.375, 1.3519463827758537e-24, nan 
-12.625, -72.375, 1.698014591684515e-24, nan 
-12.375, -72.375, 1.813806775135141e-24, nan 
-12.125, -72.375, 1.727135043517491e-24, nan 
-11.875, -72.375, 1.297752362987531e-24, nan 
-11.625, -72.375, 2.489183073019836e-24, nan 
-11.375, -72.375, 2.249323532597579e-24, nan 
-11.125, -72.375, 1.474863427438263e-24, nan 
-10.875, -72.375, 2.0334039758070594e-24, nan 
-10.625, -72.375, 1.923422660542977e-24, nan 
-10.375, -72.375, 1.0545933412284096e-24, nan 
-10.125, -72.375, 1.5083165506897405e-24, nan 
-9.875, -72.375, 2.8060262564767156e-24, nan 
-9.625, -72.375, 2.9248798112986747e-24, nan 
-9.375, -72.375, 2.8081059855454736e-24, nan 
-9.125, -72.375, 4.02115183850188e-24, nan 
-8.875, -72.375, 3.727054903785092e-24, nan 
-8.625, -72.375, 2.745877367158186e-24, nan 
-8.375, -72.375, 1.4465936629055798e-24, nan 
-8.125, -72.375, 2.548864509885329e-25, nan 
-7.875, -72.375, 3.634000965696746e-25, nan 
-7.625, -72.375, 3.9529755620209966e-25, nan 
-7.375, -72.375, 3.235091789204275e-25, nan 
-7.125, -72.375, 2.159486783162848e-25, nan 
-6.875, -72.375, 3.042503688419667e-25, nan 
-6.625, -72.375, 3.01613065049311e-25, nan 
-6.375, -72.375, 1.5914134120308993e-25, nan 
-17.625, -72.125, 1.3978170179146492e-24, nan 
-17.375, -72.125, 1.3823325042629147e-24, nan 
-17.125, -72.125, 1.1115286870308657e-24, nan 
-16.875, -72.125, 9.230547625157505e-25, nan 
-16.625, -72.125, 6.317563233898961e-25, nan 
-16.375, -72.125, 2.9167558160952477e-25, nan 
-16.125, -72.125, 2.370439321847516e-25, nan 
-15.875, -72.125, 3.177666050328842e-25, nan 
-15.625, -72.125, 1.968266617827222e-25, nan 
-15.375, -72.125, 1.3580804713934434e-25, nan 
-15.125, -72.125, 2.5159901422123087e-25, nan 
-14.875, -72.125, 2.158971849313375e-25, nan 
-14.625, -72.125, 1.9784674344364678e-25, nan 
-14.375, -72.125, 2.274907849755881e-25, nan 
-14.125, -72.125, 2.3000661548377526e-25, nan 
-13.875, -72.125, 1.741893838730136e-25, nan 
-13.625, -72.125, 1.3372660832514177e-25, nan 
-13.375, -72.125, 8.349919474374235e-25, nan 
-13.125, -72.125, 5.688906603481066e-25, nan 
-12.875, -72.125, 2.8334970251930013e-24, nan 
-12.625, -72.125, 2.0123737840191257e-24, nan 
-12.375, -72.125, 2.5596260756208644e-24, nan 
-12.125, -72.125, 2.3230556079932518e-24, nan 
-11.875, -72.125, 1.1819926196642887e-24, nan 
-11.625, -72.125, 1.847307455356018e-24, nan 
-11.375, -72.125, 2.086957603767547e-24, nan 
-11.125, -72.125, 2.0048812070108385e-24, nan 
-10.875, -72.125, 1.9965678812938854e-24, nan 
-10.625, -72.125, 2.3532679939978968e-24, nan 
-10.375, -72.125, 1.9045393667511056e-24, nan 
-10.125, -72.125, 2.2780272308739526e-24, nan 
-9.875, -72.125, 7.794133660088354e-25, nan 
-9.625, -72.125, 2.4687303108645874e-24, nan 
-9.375, -72.125, 3.10506162819538e-24, nan 
-9.125, -72.125, 4.220175472550951e-24, nan 
-8.875, -72.125, 2.793658757981168e-24, nan 
-8.625, -72.125, 2.724092654499043e-24, nan 
-8.375, -72.125, 3.1195181998992723e-24, nan 
-8.125, -72.125, 1.5501172866301585e-24, nan 
-7.875, -72.125, 1.4742184587754195e-24, nan 
-7.625, -72.125, 1.662673998540222e-24, nan 
-7.375, -72.125, 1.2840807396828276e-24, nan 
-7.125, -72.125, 6.722825262510578e-25, nan 
-6.875, -72.125, 5.692020061974265e-25, nan 
-6.625, -72.125, 6.917121619887873e-25, nan 
-6.375, -72.125, 6.38893416262807e-25, nan 
-6.125, -72.125, 3.0908930550485408e-24, nan 
-5.875, -72.125, 5.3081212414824626e-24, nan 
-17.375, -71.875, 1.3318812709177483e-24, nan 
-17.125, -71.875, 1.254281269956555e-24, nan 
-16.875, -71.875, 1.0288869019850792e-24, nan 
-16.625, -71.875, 9.34370745588542e-25, nan 
-16.375, -71.875, 8.841771914421205e-25, nan 
-16.125, -71.875, 5.914804022279427e-25, nan 
-15.875, -71.875, 3.424918287866197e-25, nan 
-15.625, -71.875, 1.6990626971231544e-25, nan 
-15.375, -71.875, 2.7316455894897436e-25, nan 
-15.125, -71.875, 2.8910909030755103e-25, nan 
-14.875, -71.875, 3.1874716233984965e-25, nan 
-14.625, -71.875, 2.223497623504493e-25, nan 
-14.375, -71.875, 2.2307371761843577e-25, nan 
-14.125, -71.875, 2.76327411265058e-25, nan 
-13.875, -71.875, 2.3177172704452446e-25, nan 
-13.625, -71.875, 2.1807547615604435e-24, nan 
-13.375, -71.875, 2.325936957488399e-24, nan 
-13.125, -71.875, 2.4624851672246195e-24, nan 
-12.875, -71.875, 3.1854141772444585e-24, nan 
-12.625, -71.875, 2.759260807337525e-24, nan 
-12.375, -71.875, 3.0595064888673372e-24, nan 
-12.125, -71.875, 2.9903255925950767e-25, nan 
-11.875, -71.875, 8.587559853292117e-25, nan 
-11.625, -71.875, 1.049523535891912e-24, nan 
-11.375, -71.875, 1.0172266532807587e-24, nan 
-11.125, -71.875, 1.1744912307729992e-24, nan 
-10.875, -71.875, 1.2329981107190195e-24, nan 
-10.625, -71.875, 2.0259420991215322e-24, nan 
-10.375, -71.875, 1.4575972906609864e-24, nan 
-10.125, -71.875, 2.440454347857068e-24, nan 
-9.875, -71.875, 2.067746116975611e-24, nan 
-9.625, -71.875, 2.087362508148243e-24, nan 
-9.375, -71.875, 1.821962408922736e-24, nan 
-9.125, -71.875, 2.9737720314858263e-24, nan 
-8.875, -71.875, 2.614985010230126e-24, nan 
-8.625, -71.875, 2.8344240833519367e-24, nan 
-8.375, -71.875, 3.0407984852899973e-24, nan 
-8.125, -71.875, 2.041799989072493e-24, nan 
-7.875, -71.875, 2.5377044994981288e-24, nan 
-7.625, -71.875, 3.008390102799297e-24, nan 
-7.375, -71.875, 1.9997941796412755e-24, nan 
-7.125, -71.875, 1.8071609170134124e-24, nan 
-6.875, -71.875, 3.7384471430532246e-24, nan 
-6.625, -71.875, 3.66346445302253e-24, nan 
-6.375, -71.875, 4.324812729231981e-24, nan 
-6.125, -71.875, 5.370371349031504e-24, nan 
-5.875, -71.875, 4.5516559324310225e-24, nan 
-5.625, -71.875, 5.702459591292372e-24, nan 
-5.375, -71.875, 7.680380175778249e-24, nan 
-17.375, -71.625, 1.2544380427127113e-24, nan 
-17.125, -71.625, 1.2257378995542857e-24, nan 
-16.875, -71.625, 1.255626213988387e-24, nan 
-16.625, -71.625, 1.573007697935326e-24, nan 
-16.375, -71.625, 1.473098549584127e-24, nan 
-16.125, -71.625, 1.4424640337925392e-24, nan 
-15.875, -71.625, 6.557703169917788e-25, nan 
-15.625, -71.625, 4.687082391994605e-25, nan 
-15.375, -71.625, 4.521311313121247e-25, nan 
-15.125, -71.625, 2.881873925757398e-25, nan 
-14.875, -71.625, 2.5638944660203105e-25, nan 
-14.625, -71.625, 1.516790360656893e-25, nan 
-14.375, -71.625, 1.1601145792508845e-25, nan 
-14.125, -71.625, 3.4094245819256523e-25, nan 
-13.875, -71.625, 6.149482460105365e-25, nan 
-13.625, -71.625, 1.126663333339279e-24, nan 
-13.375, -71.625, 2.3497644917420302e-24, nan 
-13.125, -71.625, 2.2611463120983773e-24, nan 
-12.875, -71.625, 2.2735741358924025e-24, nan 
-12.625, -71.625, 3.0308935143645306e-24, nan 
-12.375, -71.625, 2.981243173661521e-24, nan 
-12.125, -71.625, 2.397108418213949e-24, nan 
-11.875, -71.625, 1.9980806859335466e-24, nan 
-11.625, -71.625, 2.22448652808673e-24, nan 
-11.375, -71.625, 2.3687277213827954e-24, nan 
-11.125, -71.625, 1.8430637027947145e-24, nan 
-10.875, -71.625, 1.632280255206746e-24, nan 
-10.625, -71.625, 2.9084915897360597e-24, nan 
-10.375, -71.625, 2.3710113758546125e-24, nan 
-10.125, -71.625, 2.434230398023049e-24, nan 
-9.875, -71.625, 1.2152658979057163e-24, nan 
-9.625, -71.625, 1.6497576511309946e-24, nan 
-9.375, -71.625, 1.4746423143440861e-24, nan 
-9.125, -71.625, 1.3186363641645265e-24, nan 
-8.875, -71.625, 2.0966412390252392e-24, nan 
-8.625, -71.625, 2.245252031695969e-24, nan 
-8.375, -71.625, 2.3696403196916e-24, nan 
-8.125, -71.625, 1.87076784243843e-24, nan 
-7.875, -71.625, 1.5500629859783478e-24, nan 
-7.625, -71.625, 6.307829271409967e-25, nan 
-7.375, -71.625, 1.1239660397963735e-24, nan 
-7.125, -71.625, 2.400690538059512e-24, nan 
-6.875, -71.625, 2.302993510624947e-24, nan 
-6.625, -71.625, 2.4242596970102177e-24, nan 
-6.375, -71.625, 2.6797312087468862e-24, nan 
-6.125, -71.625, 1.625298073183587e-25, nan 
-5.875, -71.625, 4.800222019843126e-26, nan 
-5.625, -71.625, 1.097574213160985e-24, nan 
-5.375, -71.625, 3.6505415189672594e-24, nan 
-5.125, -71.625, 2.318017082088501e-24, nan 
-17.375, -71.375, 7.231955087291819e-25, nan 
-17.125, -71.375, 9.014908361280652e-25, nan 
-16.875, -71.375, 1.1646866461122045e-24, nan 
-16.625, -71.375, 2.1163219405294153e-24, nan 
-16.375, -71.375, 2.2173631669476846e-24, nan 
-16.125, -71.375, 2.1905533090138506e-24, nan 
-15.875, -71.375, 2.0508637996274442e-24, nan 
-15.625, -71.375, 1.8614864022368722e-24, nan 
-15.375, -71.375, 1.8820606322998423e-24, nan 
-15.125, -71.375, 5.541653342659865e-25, nan 
-14.875, -71.375, 2.9637096832924768e-25, nan 
-14.625, -71.375, 2.4645638933545313e-25, nan 
-14.375, -71.375, 6.279376825420226e-25, nan 
-14.125, -71.375, 8.968144440162173e-25, nan 
-13.875, -71.375, 7.796077504586801e-25, nan 
-13.625, -71.375, 1.00498346370874e-24, nan 
-13.375, -71.375, 1.2938293735746577e-24, nan 
-13.125, -71.375, 1.227254938431304e-24, nan 
-12.875, -71.375, 7.4344893962986305e-25, nan 
-12.625, -71.375, 2.1498760760035323e-24, nan 
-12.375, -71.375, 2.171481324563063e-24, nan 
-12.125, -71.375, 2.246516464108585e-24, nan 
-11.875, -71.375, 2.5551131135196532e-24, nan 
-11.625, -71.375, 2.609667588664507e-24, nan 
-11.375, -71.375, 1.4631059115654627e-24, nan 
-11.125, -71.375, 2.1643188119566602e-24, nan 
-10.875, -71.375, 1.817253043540522e-24, nan 
-10.625, -71.375, 1.1352855878883971e-24, nan 
-10.375, -71.375, 1.4999278105431165e-24, nan 
-10.125, -71.375, 1.1421790430781769e-24, nan 
-9.875, -71.375, 1.703796721607429e-25, nan 
-9.625, -71.375, 5.252086951016102e-25, nan 
-9.375, -71.375, 5.621284284528279e-25, nan 
-9.125, -71.375, 2.1179815313436897e-25, nan 
-8.875, -71.375, 2.435072973654441e-25, nan 
-8.625, -71.375, 2.5870673553065555e-25, nan 
-8.375, -71.375, 3.2511596935953215e-25, nan 
-8.125, -71.375, 3.205968483509476e-25, nan 
-7.875, -71.375, 1.8532843609055201e-25, nan 
-7.625, -71.375, 1.859713917518683e-25, nan 
-7.375, -71.375, 3.8779154433033907e-25, nan 
-7.125, -71.375, 1.2379948527531371e-24, nan 
-6.875, -71.375, 1.67083425573051e-25, nan 
-6.625, -71.375, 7.222230100148822e-26, nan 
-6.375, -71.375, 6.602059434125979e-26, nan 
-6.125, -71.375, 7.878887192318419e-26, nan 
-5.875, -71.375, 9.945118840262222e-26, nan 
-5.625, -71.375, 9.019207468081226e-26, nan 
-5.375, -71.375, 8.402719578050002e-26, nan 
-5.125, -71.375, 1.1588608592436481e-25, nan 
-4.875, -71.375, 3.325029459353737e-25, nan 
-4.625, -71.375, 1.2508825754889086e-25, nan 
-17.375, -71.125, 7.73107920824236e-25, nan 
-17.125, -71.125, 6.614936546761112e-25, nan 
-16.875, -71.125, 5.308325165613945e-24, nan 
-16.625, -71.125, 5.478756295306749e-24, nan 
-16.375, -71.125, 5.497505047979861e-24, nan 
-16.125, -71.125, 2.9961421268397367e-24, nan 
-15.875, -71.125, 2.9817516717333332e-24, nan 
-15.625, -71.125, 2.6210950493312644e-24, nan 
-15.375, -71.125, 2.351364274400015e-24, nan 
-15.125, -71.125, 1.8306285217911032e-24, nan 
-14.875, -71.125, 1.0546228208883785e-24, nan 
-14.625, -71.125, 8.634757323488756e-25, nan 
-14.375, -71.125, 6.638460930592968e-25, nan 
-14.125, -71.125, 8.707138278479538e-25, nan 
-13.875, -71.125, 4.6121462158231765e-25, nan 
-13.625, -71.125, 5.533093523824527e-25, nan 
-13.375, -71.125, 8.748867082555677e-25, nan 
-13.125, -71.125, 9.728364193087867e-25, nan 
-12.875, -71.125, 1.800347066795023e-24, nan 
-12.625, -71.125, 9.06603220925888e-25, nan 
-12.375, -71.125, 9.644773450024296e-25, nan 
-12.125, -71.125, 2.4909247803996485e-24, nan 
-11.875, -71.125, 1.5606208118380498e-24, nan 
-11.625, -71.125, 1.5080995007401384e-24, nan 
-11.375, -71.125, 1.433905699411734e-24, nan 
-11.125, -71.125, 1.981407111091107e-24, nan 
-10.875, -71.125, 1.6149956752840057e-24, nan 
-10.625, -71.125, 6.510613497251792e-25, nan 
-10.375, -71.125, 9.299260405664978e-25, nan 
-10.125, -71.125, 7.87954189135579e-25, nan 
-9.875, -71.125, 1.7026198475243634e-25, nan 
-9.625, -71.125, 1.1359830635388076e-25, nan 
-9.375, -71.125, 1.4052904234335966e-25, nan 
-9.125, -71.125, 1.3248724459323897e-25, nan 
-8.875, -71.125, 1.9723337911500003e-25, nan 
-8.625, -71.125, 3.168773775357802e-25, nan 
-8.375, -71.125, 3.3584205160002146e-25, nan 
-8.125, -71.125, 4.156406484933678e-25, nan 
-7.875, -71.125, 2.983490031125547e-25, nan 
-7.625, -71.125, 3.6688504410960926e-25, nan 
-7.375, -71.125, 1.315007359162928e-24, nan 
-7.125, -71.125, 4.0160066787486475e-25, nan 
-6.875, -71.125, 1.4541972415574139e-25, nan 
-6.625, -71.125, 1.126844723434238e-25, nan 
-6.375, -71.125, 1.2642637606533493e-25, nan 
-6.125, -71.125, 1.4521923726029152e-25, nan 
-5.875, -71.125, 1.5685117478741329e-25, nan 
-5.625, -71.125, 2.5175352930430423e-25, nan 
-5.375, -71.125, 2.7508074901649444e-25, nan 
-5.125, -71.125, 3.818744076917209e-25, nan 
-4.875, -71.125, 2.989881344022938e-25, nan 
-4.625, -71.125, 2.3809069058534575e-25, nan 
-4.375, -71.125, 1.9981558014505811e-25, nan 
-4.125, -71.125, 4.0603214478699036e-25, nan 
-17.375, -70.875, 7.047325563978506e-24, nan 
-17.125, -70.875, 8.688070448520977e-24, nan 
-16.875, -70.875, 8.513706353148784e-24, nan 
-16.625, -70.875, 8.210573684797861e-24, nan 
-16.375, -70.875, 8.218824944470258e-24, nan 
-16.125, -70.875, 5.13736277322586e-24, nan 
-15.875, -70.875, 3.163309910145242e-24, nan 
-15.625, -70.875, 2.74076863960313e-24, nan 
-15.375, -70.875, 2.1137476627518195e-24, nan 
-15.125, -70.875, 1.6231199435765345e-24, nan 
-14.875, -70.875, 1.8215708902731347e-24, nan 
-14.625, -70.875, 2.1320772692357816e-24, nan 
-14.375, -70.875, 1.4363041567708089e-24, nan 
-14.125, -70.875, 1.7406062795329695e-24, nan 
-13.875, -70.875, 1.0452306037833062e-24, nan 
-13.625, -70.875, 7.234342039025365e-25, nan 
-13.375, -70.875, 5.931214662766509e-25, nan 
-13.125, -70.875, 3.6535524629252305e-25, nan 
-12.875, -70.875, 1.7811328841925674e-25, nan 
-12.625, -70.875, 3.6397331961548278e-25, nan 
-12.375, -70.875, 3.9482044880388245e-25, nan 
-12.125, -70.875, 1.721586789938038e-24, nan 
-11.875, -70.875, 9.046280830747536e-25, nan 
-11.625, -70.875, 9.885090051801962e-25, nan 
-11.375, -70.875, 1.4948135984910249e-24, nan 
-11.125, -70.875, 1.5644749680991161e-24, nan 
-10.875, -70.875, 1.4224025008559487e-24, nan 
-10.625, -70.875, 8.497937720136412e-25, nan 
-10.375, -70.875, 6.546640820982233e-25, nan 
-10.125, -70.875, 9.525533765422753e-25, nan 
-9.875, -70.875, 1.2643923029958726e-24, nan 
-9.625, -70.875, 8.862570081091414e-25, nan 
-9.375, -70.875, 5.817452563761598e-25, nan 
-9.125, -70.875, 2.0584889270557312e-25, nan 
-8.875, -70.875, 4.956733351270478e-25, nan 
-8.625, -70.875, 8.808246079668895e-25, nan 
-8.375, -70.875, 9.788921417779292e-25, nan 
-8.125, -70.875, 2.037729749313001e-24, nan 
-7.875, -70.875, 1.7780227382375494e-24, nan 
-7.625, -70.875, 9.015791075113912e-25, nan 
-7.375, -70.875, 2.5952899300392422e-24, nan 
-7.125, -70.875, 7.223468803371519e-25, nan 
-6.875, -70.875, 1.2757317081601956e-24, nan 
-6.625, -70.875, 2.261728277993859e-24, nan 
-6.375, -70.875, 1.672194103909611e-24, nan 
-6.125, -70.875, 1.796658697118171e-24, nan 
-5.875, -70.875, 1.951944069501175e-24, nan 
-5.625, -70.875, 1.8476603830054695e-24, nan 
-5.375, -70.875, 1.6388071472336412e-24, nan 
-5.125, -70.875, 1.343243004692669e-24, nan 
-4.875, -70.875, 6.900837086566101e-25, nan 
-4.625, -70.875, 8.177441407962832e-25, nan 
-4.375, -70.875, 3.756354899706281e-24, nan 
-4.125, -70.875, 1.210520087049045e-24, nan 
-3.875, -70.875, 1.913994391255442e-24, nan 
-17.375, -70.625, 5.411658674903771e-24, nan 
-17.125, -70.625, 7.697797172712185e-24, nan 
-16.875, -70.625, 6.640899252042474e-24, nan 
-16.625, -70.625, 6.905098500704398e-24, nan 
-16.375, -70.625, 7.369977456641883e-24, nan 
-16.125, -70.625, 6.184770708617816e-24, nan 
-15.875, -70.625, 4.0998693940183814e-24, nan 
-15.625, -70.625, 4.718783389631319e-24, nan 
-15.375, -70.625, 3.673066555427156e-24, nan 
-15.125, -70.625, 4.371156706133481e-24, nan 
-14.875, -70.625, 2.0756136411238026e-24, nan 
-14.625, -70.625, 3.076198047257699e-24, nan 
-14.375, -70.625, 1.8013382975128023e-24, nan 
-14.125, -70.625, 2.5230633954785402e-24, nan 
-13.875, -70.625, 1.8243101017322215e-24, nan 
-13.625, -70.625, 1.682455921594297e-24, nan 
-13.375, -70.625, 2.8265801990314195e-24, nan 
-13.125, -70.625, 1.7823021303034864e-24, nan 
-12.875, -70.625, 6.925356012789408e-25, nan 
-12.625, -70.625, 5.58839485726572e-25, nan 
-12.375, -70.625, 1.8813519416005955e-25, nan 
-12.125, -70.625, 1.6141956767729e-25, nan 
-11.875, -70.625, 4.081309427681647e-25, nan 
-11.625, -70.625, 3.1781299833282943e-25, nan 
-11.375, -70.625, 4.2864271654340745e-25, nan 
-11.125, -70.625, 6.024982443745307e-25, nan 
-10.875, -70.625, 7.917658601167727e-25, nan 
-10.625, -70.625, 8.695439650907539e-25, nan 
-10.375, -70.625, 7.388581794431844e-25, nan 
-10.125, -70.625, 1.1830587831088479e-24, nan 
-9.875, -70.625, 2.192164194733017e-24, nan 
-9.625, -70.625, 1.2322035007566024e-24, nan 
-9.375, -70.625, 8.183323035988764e-25, nan 
-9.125, -70.625, 1.9035674186034233e-24, nan 
-8.875, -70.625, 1.7014194979330253e-24, nan 
-8.625, -70.625, 1.5770484911190191e-24, nan 
-8.375, -70.625, 1.5236418522648011e-24, nan 
-8.125, -70.625, 2.986562283218004e-24, nan 
-7.875, -70.625, 3.362431561926597e-24, nan 
-7.625, -70.625, 1.8684276321724573e-24, nan 
-7.375, -70.625, 2.9254413570809684e-24, nan 
-7.125, -70.625, 2.6738760999649825e-24, nan 
-6.875, -70.625, 3.2097593585800135e-24, nan 
-6.625, -70.625, 3.6144253830190965e-24, nan 
-6.375, -70.625, 3.3480085658075936e-24, nan 
-6.125, -70.625, 3.2842216104185928e-24, nan 
-5.875, -70.625, 3.5964193726810555e-24, nan 
-5.625, -70.625, 3.596759999905096e-24, nan 
-5.375, -70.625, 3.8102456566722634e-24, nan 
-5.125, -70.625, 3.2480505202813065e-24, nan 
-4.875, -70.625, 2.5146714405124455e-24, nan 
-4.625, -70.625, 2.531010866556451e-24, nan 
-4.375, -70.625, 2.4626830467241945e-24, nan 
-4.125, -70.625, 2.447146758114733e-24, nan 
-3.875, -70.625, 3.10303725945827e-24, nan 
-3.625, -70.625, 4.76009168511558e-24, nan 
-3.375, -70.625, 4.61002668123828e-24, nan 
-17.125, -70.375, 2.9776159116884336e-24, nan 
-16.875, -70.375, 4.647864205592465e-24, nan 
-16.625, -70.375, 4.059944667360425e-24, nan 
-16.375, -70.375, 5.105983015193829e-24, nan 
-16.125, -70.375, 5.0730605391888965e-24, nan 
-15.875, -70.375, 5.3339111030468615e-24, nan 
-15.625, -70.375, 1.992465341213312e-24, nan 
-15.375, -70.375, 3.84063952927819e-24, nan 
-15.125, -70.375, 7.413093997354292e-24, nan 
-14.875, -70.375, 2.346419414170151e-24, nan 
-14.625, -70.375, 3.369052910033503e-24, nan 
-14.375, -70.375, 4.5959087069420404e-24, nan 
-14.125, -70.375, 3.442704395024962e-24, nan 
-13.875, -70.375, 6.056825080815854e-24, nan 
-13.625, -70.375, 5.2221912318642034e-24, nan 
-13.375, -70.375, 4.933810647813118e-24, nan 
-13.125, -70.375, 3.879542171479696e-24, nan 
-12.875, -70.375, 3.0438438695134054e-24, nan 
-12.625, -70.375, 2.8430508178672507e-24, nan 
-12.375, -70.375, 1.4904722910224324e-24, nan 
-12.125, -70.375, 4.434656141315497e-25, nan 
-11.875, -70.375, 1.0723304649480004e-24, nan 
-11.625, -70.375, 9.20509559815964e-25, nan 
-11.375, -70.375, 9.67269225501207e-25, nan 
-11.125, -70.375, 1.0110789838868857e-24, nan 
-10.875, -70.375, 5.19937614961472e-25, nan 
-10.625, -70.375, 9.046574999765437e-25, nan 
-10.375, -70.375, 9.210368319531905e-25, nan 
-10.125, -70.375, 6.317506029668112e-25, nan 
-9.875, -70.375, 9.542707190390929e-25, nan 
-9.625, -70.375, 1.0100096798570642e-24, nan 
-9.375, -70.375, 1.3561003083938392e-24, nan 
-9.125, -70.375, 1.3999856587558228e-24, nan 
-8.875, -70.375, 6.584149019066302e-25, nan 
-8.625, -70.375, 4.132305193985058e-25, nan 
-8.375, -70.375, 7.241143054530442e-25, nan 
-8.125, -70.375, 1.2200130974261395e-24, nan 
-7.875, -70.375, 1.4429210345434454e-24, nan 
-7.625, -70.375, 9.548146586884654e-25, nan 
-7.375, -70.375, 1.6390654314933779e-24, nan 
-7.125, -70.375, 1.3580266857373587e-24, nan 
-6.875, -70.375, 2.637269547460698e-24, nan 
-6.625, -70.375, 3.096541937294793e-24, nan 
-6.375, -70.375, 2.850545527521737e-24, nan 
-6.125, -70.375, 2.919888916984927e-24, nan 
-5.875, -70.375, 2.962087384789954e-24, nan 
-5.625, -70.375, 2.8321002427814147e-24, nan 
-5.375, -70.375, 2.592919996881766e-24, nan 
-5.125, -70.375, 2.2364130303433608e-24, nan 
-4.875, -70.375, 1.8568790510041153e-24, nan 
-4.625, -70.375, 1.0019977055126077e-24, nan 
-4.375, -70.375, 2.94297583031245e-25, nan 
-4.125, -70.375, 4.3623027646519425e-25, nan 
-3.875, -70.375, 2.132603695258178e-25, nan 
-3.625, -70.375, 1.3848081328959484e-24, nan 
-3.375, -70.375, 2.5034006453489785e-24, nan 
-3.125, -70.375, 2.6492526556086797e-24, nan 
-17.125, -70.125, 9.333565529960524e-25, nan 
-16.875, -70.125, 1.1999534993352717e-24, nan 
-16.625, -70.125, 1.3474406028029487e-24, nan 
-16.375, -70.125, 1.637326047565491e-24, nan 
-16.125, -70.125, 3.1705625308285326e-24, nan 
-15.875, -70.125, 3.5303001672163054e-24, nan 
-15.625, -70.125, 2.3931905675282543e-24, nan 
-15.375, -70.125, 4.0775097471221516e-24, nan 
-15.125, -70.125, 3.8965475633391534e-24, nan 
-14.875, -70.125, 2.507563126234214e-24, nan 
-14.625, -70.125, 2.7940660840347603e-24, nan 
-14.375, -70.125, 3.427398540949395e-24, nan 
-14.125, -70.125, 3.825439095320678e-24, nan 
-13.875, -70.125, 6.896585202933131e-24, nan 
-13.625, -70.125, 6.853298874057034e-24, nan 
-13.375, -70.125, 6.5498076090857915e-24, nan 
-13.125, -70.125, 6.1128375621910026e-24, nan 
-12.875, -70.125, 5.595203802864848e-24, nan 
-12.625, -70.125, 5.200490740090062e-24, nan 
-12.375, -70.125, 4.202800588449193e-24, nan 
-12.125, -70.125, 2.0241121028373347e-24, nan 
-11.875, -70.125, 3.516520609259864e-25, nan 
-11.625, -70.125, 1.3817020223823583e-24, nan 
-11.375, -70.125, 6.18534795067176e-25, nan 
-11.125, -70.125, 6.97372538658318e-25, nan 
-10.875, -70.125, 6.858714425876487e-25, nan 
-10.625, -70.125, 8.335134150299644e-25, nan 
-10.375, -70.125, 1.2491075576638891e-24, nan 
-10.125, -70.125, 1.000610829393076e-24, nan 
-9.875, -70.125, 9.209585185938542e-25, nan 
-9.625, -70.125, 1.4375232326495476e-24, nan 
-9.375, -70.125, 1.7409021177482263e-24, nan 
-9.125, -70.125, 1.5186246701159206e-24, nan 
-8.875, -70.125, 1.5092071950888337e-24, nan 
-8.625, -70.125, 1.8340895791195168e-24, nan 
-8.375, -70.125, 1.2994789095836203e-24, nan 
-8.125, -70.125, 1.0703107688515016e-24, nan 
-7.875, -70.125, 1.4858231603960367e-24, nan 
-7.625, -70.125, 1.4769813692065777e-24, nan 
-7.375, -70.125, 2.6680921920599234e-24, nan 
-7.125, -70.125, 1.735050164818193e-24, nan 
-6.875, -70.125, 1.1908028410932114e-24, nan 
-6.625, -70.125, 1.6764890195071764e-24, nan 
-6.375, -70.125, 1.5263583237601535e-24, nan 
-6.125, -70.125, 1.4250159210716949e-24, nan 
-5.875, -70.125, 1.3271702727033045e-24, nan 
-5.625, -70.125, 1.525503016104326e-24, nan 
-5.375, -70.125, 1.7292523814459863e-24, nan 
-5.125, -70.125, 1.4152033734350308e-24, nan 
-4.875, -70.125, 1.984255521016198e-24, nan 
-4.625, -70.125, 1.6836697605801236e-24, nan 
-4.375, -70.125, 8.492164055893672e-25, nan 
-4.125, -70.125, 1.0061548858079833e-24, nan 
-3.875, -70.125, 1.3685316127043692e-24, nan 
-3.625, -70.125, 1.66264519718318e-24, nan 
-3.375, -70.125, 1.615449620450323e-24, nan 
-3.125, -70.125, 8.411088547829757e-25, nan 
-2.875, -70.125, 4.671487885643166e-25, nan 
-17.125, -69.875, 5.025291247504001e-25, nan 
-16.875, -69.875, 4.945194157228833e-25, nan 
-16.625, -69.875, 5.2427887565525925e-25, nan 
-16.375, -69.875, 3.51536285903201e-24, nan 
-16.125, -69.875, 3.974151042518512e-24, nan 
-15.875, -69.875, 4.338380182457785e-24, nan 
-15.625, -69.875, 5.011372268484716e-24, nan 
-15.375, -69.875, 6.387462339256522e-24, nan 
-15.125, -69.875, 6.631316044123114e-24, nan 
-14.875, -69.875, 5.4184070947233995e-24, nan 
-14.625, -69.875, 6.0097584326203e-24, nan 
-14.375, -69.875, 5.6172433139012736e-24, nan 
-14.125, -69.875, 3.927281931334587e-24, nan 
-13.875, -69.875, 3.1605906389714807e-24, nan 
-13.625, -69.875, 5.219224545222265e-24, nan 
-13.375, -69.875, 6.81010503284537e-24, nan 
-13.125, -69.875, 8.608745623829826e-24, nan 
-12.875, -69.875, 6.828375367261383e-24, nan 
-12.625, -69.875, 6.541976082268326e-24, nan 
-12.375, -69.875, 6.797969030626572e-24, nan 
-12.125, -69.875, 4.247812946146152e-24, nan 
-11.875, -69.875, 1.5583225205631159e-24, nan 
-11.625, -69.875, 1.0696736971934522e-24, nan 
-11.375, -69.875, 3.1740880080645725e-25, nan 
-11.125, -69.875, 5.360500973019287e-25, nan 
-10.875, -69.875, 4.640652425286566e-25, nan 
-10.625, -69.875, 7.237610518890241e-25, nan 
-10.375, -69.875, 1.0317319433120865e-24, nan 
-10.125, -69.875, 1.0402778470375592e-24, nan 
-9.875, -69.875, 1.004737109845188e-24, nan 
-9.625, -69.875, 8.129710290933984e-25, nan 
-9.375, -69.875, 9.7875971436539e-25, nan 
-9.125, -69.875, 9.304498254418776e-25, nan 
-8.875, -69.875, 1.6376459706157445e-24, nan 
-8.625, -69.875, 1.8245065420110566e-24, nan 
-8.375, -69.875, 1.5466681477259438e-24, nan 
-8.125, -69.875, 2.9380564922616157e-24, nan 
-7.875, -69.875, 1.8627816307309122e-24, nan 
-7.625, -69.875, 1.633458840271145e-24, nan 
-7.375, -69.875, 3.380620166153057e-24, nan 
-7.125, -69.875, 1.8506854400764462e-24, nan 
-6.875, -69.875, 1.2998108862367622e-24, nan 
-6.625, -69.875, 1.3222188641140709e-24, nan 
-6.375, -69.875, 1.3513836198033871e-24, nan 
-6.125, -69.875, 1.1163481579474066e-24, nan 
-5.875, -69.875, 1.6026625074082614e-24, nan 
-5.625, -69.875, 2.035828698067375e-24, nan 
-5.375, -69.875, 1.6182241341465916e-24, nan 
-5.125, -69.875, 1.7122587143680716e-24, nan 
-4.875, -69.875, 2.6696076657644742e-24, nan 
-4.625, -69.875, 1.1108288397710743e-24, nan 
-4.375, -69.875, 1.6422650129404325e-24, nan 
-4.125, -69.875, 3.2080617826663625e-24, nan 
-3.875, -69.875, 1.770542838835541e-24, nan 
-3.625, -69.875, 2.0145465454449154e-24, nan 
-3.375, -69.875, 2.148095227873127e-24, nan 
-3.125, -69.875, 1.3946161035357714e-24, nan 
-2.875, -69.875, 1.3111797632895046e-24, nan 
-2.625, -69.875, 1.4932638712452177e-24, nan 
-16.875, -69.625, 3.403294546003162e-24, nan 
-16.625, -69.625, 6.4736421695976634e-24, nan 
-16.375, -69.625, 5.9709895976449916e-24, nan 
-16.125, -69.625, 6.5842916238367435e-24, nan 
-15.875, -69.625, 6.832450942152194e-24, nan 
-15.625, -69.625, 5.847627363675953e-24, nan 
-15.375, -69.625, 6.263811566091718e-24, nan 
-15.125, -69.625, 6.149829896986001e-24, nan 
-14.875, -69.625, 5.1312480691455645e-24, nan 
-14.625, -69.625, 5.357511299256424e-24, nan 
-14.375, -69.625, 5.313023163482158e-24, nan 
-14.125, -69.625, 9.291770665595957e-24, nan 
-13.875, -69.625, 1.0627520340490848e-23, nan 
-13.625, -69.625, 9.680928466909595e-24, nan 
-13.375, -69.625, 8.24265674886817e-24, nan 
-13.125, -69.625, 9.269750879558021e-24, nan 
-12.875, -69.625, 8.150704872522653e-24, nan 
-12.625, -69.625, 6.250270548661678e-24, nan 
-12.375, -69.625, 2.457198001963533e-24, nan 
-12.125, -69.625, 1.9181847154472472e-24, nan 
-11.875, -69.625, 8.538032160805532e-25, nan 
-11.625, -69.625, 5.52526195070609e-25, nan 
-11.375, -69.625, 4.871792424190504e-25, nan 
-11.125, -69.625, 5.945323173274078e-25, nan 
-10.875, -69.625, 5.861612819316188e-25, nan 
-10.625, -69.625, 6.7259599368353925e-25, nan 
-10.375, -69.625, 8.173719962363421e-25, nan 
-10.125, -69.625, 9.68843187528323e-25, nan 
-9.875, -69.625, 1.0637251086024722e-24, nan 
-9.625, -69.625, 1.2522708452572495e-24, nan 
-9.375, -69.625, 1.5172946468375954e-24, nan 
-9.125, -69.625, 1.3960278451560571e-24, nan 
-8.875, -69.625, 1.3290918536194638e-24, nan 
-8.625, -69.625, 1.017585637465546e-24, nan 
-8.375, -69.625, 1.3738358172809102e-24, nan 
-8.125, -69.625, 1.9191068664600024e-24, nan 
-7.875, -69.625, 1.2533266249272674e-24, nan 
-7.625, -69.625, 1.2122259217909248e-24, nan 
-7.375, -69.625, 7.209446142807145e-25, nan 
-7.125, -69.625, 1.1374455033779344e-24, nan 
-6.875, -69.625, 9.541976888011263e-25, nan 
-6.625, -69.625, 6.868460345237932e-25, nan 
-6.375, -69.625, 5.57052797918959e-25, nan 
-6.125, -69.625, 6.3811042460737685e-25, nan 
-5.875, -69.625, 1.0996754793887754e-24, nan 
-5.625, -69.625, 1.3039627220579943e-24, nan 
-5.375, -69.625, 1.0046221611792765e-24, nan 
-5.125, -69.625, 9.662641726170587e-25, nan 
-4.875, -69.625, 2.656344267303922e-25, nan 
-4.625, -69.625, 6.378829309306736e-25, nan 
-4.375, -69.625, 1.3058406947626248e-24, nan 
-4.125, -69.625, 2.235972722310597e-24, nan 
-3.875, -69.625, 1.4184877463816572e-24, nan 
-3.625, -69.625, 1.143446040195408e-24, nan 
-3.375, -69.625, 1.2380837992762223e-24, nan 
-3.125, -69.625, 1.5151867477580628e-24, nan 
-2.875, -69.625, 1.559777509677565e-24, nan 
-2.625, -69.625, 1.4499313033410902e-24, nan 
-2.375, -69.625, 1.2680456570822288e-24, nan 
-2.125, -69.625, 1.3717664142416036e-24, nan 
-16.875, -69.375, 6.4462078421026356e-24, nan 
-16.625, -69.375, 7.88395787389068e-24, nan 
-16.375, -69.375, 8.185512652361815e-24, nan 
-16.125, -69.375, 1.0341661678589153e-23, nan 
-15.875, -69.375, 7.523234440513136e-24, nan 
-15.625, -69.375, 6.4190312209250435e-24, nan 
-15.375, -69.375, 8.077628653837273e-24, nan 
-15.125, -69.375, 8.488442804400257e-24, nan 
-14.875, -69.375, 1.103729051006259e-23, nan 
-14.625, -69.375, 1.102089230986047e-23, nan 
-14.375, -69.375, 1.0178518257467009e-23, nan 
-14.125, -69.375, 1.1134848177258704e-23, nan 
-13.875, -69.375, 1.0654350803312442e-23, nan 
-13.625, -69.375, 9.49886890141273e-24, nan 
-13.375, -69.375, 6.705530990610012e-24, nan 
-13.125, -69.375, 4.6871466198926016e-24, nan 
-12.875, -69.375, 4.3585760499156476e-24, nan 
-12.625, -69.375, 4.401462588293052e-24, nan 
-12.375, -69.375, 3.9053957792352354e-24, nan 
-12.125, -69.375, 1.3233437577735394e-24, nan 
-11.875, -69.375, 2.033187217731541e-24, nan 
-11.625, -69.375, 2.273863372534152e-24, nan 
-11.375, -69.375, 1.6029386816015763e-24, nan 
-11.125, -69.375, 1.2976387287169449e-24, nan 
-10.875, -69.375, 1.9204627473919013e-24, nan 
-10.625, -69.375, 1.5502468790761101e-24, nan 
-10.375, -69.375, 1.3731843075882013e-24, nan 
-10.125, -69.375, 1.783533050883839e-24, nan 
-9.875, -69.375, 1.6410384975034664e-24, nan 
-9.625, -69.375, 1.6200412578510258e-24, nan 
-9.375, -69.375, 1.980434645557248e-24, nan 
-9.125, -69.375, 1.6198866739584602e-24, nan 
-8.875, -69.375, 1.09721980857743e-24, nan 
-8.625, -69.375, 9.766135140551178e-25, nan 
-8.375, -69.375, 1.7931391836590374e-24, nan 
-8.125, -69.375, 1.862459185309522e-24, nan 
-7.875, -69.375, 1.2610303334108392e-24, nan 
-7.625, -69.375, 4.394341872875699e-25, nan 
-7.375, -69.375, 5.580122926363267e-25, nan 
-7.125, -69.375, 5.768679137254448e-25, nan 
-6.875, -69.375, 4.0117532395799634e-25, nan 
-6.625, -69.375, 3.906292562522901e-25, nan 
-6.375, -69.375, 4.79269935111914e-25, nan 
-6.125, -69.375, 3.7802189022370884e-25, nan 
-5.875, -69.375, 5.391230779986297e-25, nan 
-5.625, -69.375, 4.39009655972917e-25, nan 
-5.375, -69.375, 3.1639716158657726e-25, nan 
-5.125, -69.375, 5.015908745985245e-25, nan 
-4.875, -69.375, 5.406698005398193e-25, nan 
-4.625, -69.375, 9.070065593869308e-25, nan 
-4.375, -69.375, 1.1035612342545402e-24, nan 
-4.125, -69.375, 1.0049385743539776e-24, nan 
-3.875, -69.375, 1.4360975264745982e-24, nan 
-3.625, -69.375, 2.2708434184083097e-24, nan 
-3.375, -69.375, 1.604088076418485e-24, nan 
-3.125, -69.375, 1.6684888990128382e-24, nan 
-2.875, -69.375, 2.149260396283176e-24, nan 
-2.625, -69.375, 1.4051152378497811e-24, nan 
-2.375, -69.375, 1.106511191056936e-24, nan 
-2.125, -69.375, 8.714610592028155e-25, nan 
-1.875, -69.375, 8.057788731764134e-25, nan 
-16.875, -69.125, 6.830973835170377e-24, nan 
-16.625, -69.125, 9.017609394740251e-24, nan 
-16.375, -69.125, 9.622861069999896e-24, nan 
-16.125, -69.125, 8.756809225646158e-24, nan 
-15.875, -69.125, 8.732347684964102e-24, nan 
-15.625, -69.125, 7.150942717334381e-24, nan 
-15.375, -69.125, 9.401098516199982e-24, nan 
-15.125, -69.125, 1.008891817004397e-23, nan 
-14.875, -69.125, 1.0274794530940416e-23, nan 
-14.625, -69.125, 8.99293729300254e-24, nan 
-14.375, -69.125, 8.678867952817532e-24, nan 
-14.125, -69.125, 5.602872804191567e-24, nan 
-13.875, -69.125, 3.549052667905789e-24, nan 
-13.625, -69.125, 3.353586351308186e-24, nan 
-13.375, -69.125, 5.791962459786722e-24, nan 
-13.125, -69.125, 4.546173378815497e-24, nan 
-12.875, -69.125, 3.0332552692633434e-24, nan 
-12.625, -69.125, 1.3331136628343292e-24, nan 
-12.375, -69.125, 1.5214273416670978e-24, nan 
-12.125, -69.125, 9.532999406671531e-25, nan 
-11.875, -69.125, 1.6617979399047065e-24, nan 
-11.625, -69.125, 1.699186061672134e-24, nan 
-11.375, -69.125, 1.470374248919245e-24, nan 
-11.125, -69.125, 1.8306016258696463e-24, nan 
-10.875, -69.125, 2.0383510791484353e-24, nan 
-10.625, -69.125, 1.434010359499434e-24, nan 
-10.375, -69.125, 1.4278478928568775e-24, nan 
-10.125, -69.125, 1.2873533631136559e-24, nan 
-9.875, -69.125, 1.0306158108065797e-24, nan 
-9.625, -69.125, 1.347795252760127e-24, nan 
-9.375, -69.125, 1.2159856911163627e-24, nan 
-9.125, -69.125, 1.6342496804674296e-24, nan 
-8.875, -69.125, 1.3096173581178998e-24, nan 
-8.625, -69.125, 1.3871735932819682e-24, nan 
-8.375, -69.125, 3.004666823670521e-24, nan 
-8.125, -69.125, 3.407882675678898e-24, nan 
-7.875, -69.125, 2.3729168671275908e-24, nan 
-7.625, -69.125, 1.9117408396823826e-24, nan 
-7.375, -69.125, 1.8593830795635546e-24, nan 
-7.125, -69.125, 1.3073937049607613e-24, nan 
-6.875, -69.125, 7.038389182566916e-25, nan 
-6.625, -69.125, 5.910355423702779e-25, nan 
-6.375, -69.125, 9.193562078992203e-25, nan 
-6.125, -69.125, 1.063430410875602e-24, nan 
-5.875, -69.125, 8.684958065124685e-25, nan 
-5.625, -69.125, 1.031801350858618e-24, nan 
-5.375, -69.125, 9.033929018892841e-25, nan 
-5.125, -69.125, 9.949866995333566e-25, nan 
-4.875, -69.125, 9.958552853636767e-25, nan 
-4.625, -69.125, 1.6945854352159218e-24, nan 
-4.375, -69.125, 1.8960218126713447e-24, nan 
-4.125, -69.125, 9.188593053832032e-25, nan 
-3.875, -69.125, 1.4135062079118218e-24, nan 
-3.625, -69.125, 2.03476260513725e-24, nan 
-3.375, -69.125, 2.2639900488794165e-24, nan 
-3.125, -69.125, 1.6310206929045338e-24, nan 
-2.875, -69.125, 1.50043473474223e-24, nan 
-2.625, -69.125, 2.0382293878846484e-24, nan 
-2.375, -69.125, 1.5436693345414376e-24, nan 
-2.125, -69.125, 1.077225679096125e-24, nan 
-1.875, -69.125, 8.705956183190722e-25, nan 
-1.625, -69.125, 8.23388151271201e-25, nan 
-16.625, -68.875, 5.039295364289362e-24, nan 
-16.375, -68.875, 6.5889422515963504e-24, nan 
-16.125, -68.875, 5.379276570368775e-24, nan 
-15.875, -68.875, 6.246711354621046e-24, nan 
-15.625, -68.875, 7.43121351073882e-24, nan 
-15.375, -68.875, 6.0965785804305814e-24, nan 
-15.125, -68.875, 7.687890474552773e-24, nan 
-14.875, -68.875, 9.735146674408811e-24, nan 
-14.625, -68.875, 7.530573582709856e-24, nan 
-14.375, -68.875, 5.60069871938046e-24, nan 
-14.125, -68.875, 7.28202212743959e-24, nan 
-13.875, -68.875, 7.3738130562594e-24, nan 
-13.625, -68.875, 6.436130375858556e-24, nan 
-13.375, -68.875, 6.804132103690758e-24, nan 
-13.125, -68.875, 8.237989234975802e-24, nan 
-12.875, -68.875, 7.99929171175899e-24, nan 
-12.625, -68.875, 4.938620724700056e-24, nan 
-12.375, -68.875, 2.4428463041596626e-24, nan 
-12.125, -68.875, 2.150151178218223e-24, nan 
-11.875, -68.875, 1.696407295982763e-24, nan 
-11.625, -68.875, 2.110753908521547e-24, nan 
-11.375, -68.875, 8.39831724931481e-25, nan 
-11.125, -68.875, 1.4513533998884121e-24, nan 
-10.875, -68.875, 1.758027375980818e-24, nan 
-10.625, -68.875, 1.068129410963107e-24, nan 
-10.375, -68.875, 1.0999308353652451e-24, nan 
-10.125, -68.875, 1.2613913821292545e-24, nan 
-9.875, -68.875, 1.0526774250349596e-24, nan 
-9.625, -68.875, 1.0122272604485415e-24, nan 
-9.375, -68.875, 1.8304638394773095e-24, nan 
-9.125, -68.875, 1.3071452408705905e-24, nan 
-8.875, -68.875, 1.901929610785744e-24, nan 
-8.625, -68.875, 3.777422446058082e-24, nan 
-8.375, -68.875, 2.3372832292470857e-24, nan 
-8.125, -68.875, 2.259235565364974e-24, nan 
-7.875, -68.875, 2.9071725799701973e-24, nan 
-7.625, -68.875, 1.5466970739325809e-24, nan 
-7.375, -68.875, 7.372416533669475e-25, nan 
-7.125, -68.875, 8.496552499792156e-25, nan 
-6.875, -68.875, 8.63113523105723e-25, nan 
-6.625, -68.875, 6.920184606792925e-25, nan 
-6.375, -68.875, 9.969343265667606e-25, nan 
-6.125, -68.875, 1.3355033620715377e-24, nan 
-5.875, -68.875, 1.4799692431443063e-24, nan 
-5.625, -68.875, 1.4135502487074132e-24, nan 
-5.375, -68.875, 1.4705158426157048e-24, nan 
-5.125, -68.875, 1.1437354468156634e-24, nan 
-4.875, -68.875, 1.5425191793054933e-24, nan 
-4.625, -68.875, 1.7398804267635244e-24, nan 
-4.375, -68.875, 1.5777821578237444e-24, nan 
-4.125, -68.875, 1.0969133370333518e-24, nan 
-3.875, -68.875, 1.2926395421981392e-24, nan 
-3.625, -68.875, 1.568532064691595e-24, nan 
-3.375, -68.875, 1.869929771639589e-24, nan 
-3.125, -68.875, 1.6717328139207666e-24, nan 
-2.875, -68.875, 1.271330973112473e-24, nan 
-2.625, -68.875, 1.5059661313213821e-24, nan 
-2.375, -68.875, 1.4190067022736917e-24, nan 
-2.125, -68.875, 1.0987297772329967e-24, nan 
-1.875, -68.875, 9.480811236022917e-25, nan 
-1.625, -68.875, 7.852499006271075e-25, nan 
-1.375, -68.875, 7.548361254771515e-25, nan 
-16.625, -68.625, 2.440727401093265e-24, nan 
-16.375, -68.625, 2.8354735635630663e-24, nan 
-16.125, -68.625, 3.031105593490891e-24, nan 
-15.875, -68.625, 3.896850009998755e-24, nan 
-15.625, -68.625, 8.511054124340545e-24, nan 
-15.375, -68.625, 9.345332373441977e-24, nan 
-15.125, -68.625, 5.144661070490141e-24, nan 
-14.875, -68.625, 7.949688392874094e-24, nan 
-14.625, -68.625, 9.739575791996324e-24, nan 
-14.375, -68.625, 4.411264338317509e-24, nan 
-14.125, -68.625, 2.013877870416499e-24, nan 
-13.875, -68.625, 5.619948459295593e-25, nan 
-13.625, -68.625, 4.557036338280831e-24, nan 
-13.375, -68.625, 9.039434769679637e-24, nan 
-13.125, -68.625, 9.59857684204851e-24, nan 
-12.875, -68.625, 7.504871221964974e-24, nan 
-12.625, -68.625, 8.66053293130362e-24, nan 
-12.375, -68.625, 7.420755422048264e-24, nan 
-12.125, -68.625, 2.9447216511252792e-24, nan 
-11.875, -68.625, 2.0485947300715355e-24, nan 
-11.625, -68.625, 1.619573662347998e-24, nan 
-11.375, -68.625, 7.156383871947584e-25, nan 
-11.125, -68.625, 8.890410500153857e-25, nan 
-10.875, -68.625, 1.2772252986206045e-24, nan 
-10.625, -68.625, 7.764171279381289e-25, nan 
-10.375, -68.625, 1.2212187297315085e-24, nan 
-10.125, -68.625, 9.756748000452896e-25, nan 
-9.875, -68.625, 9.272555421144243e-25, nan 
-9.625, -68.625, 9.619798130074888e-25, nan 
-9.375, -68.625, 1.0219447456812156e-24, nan 
-9.125, -68.625, 8.69045768634028e-25, nan 
-8.875, -68.625, 1.441448294283741e-24, nan 
-8.625, -68.625, 2.4661488380008518e-24, nan 
-8.375, -68.625, 1.6472574801982699e-24, nan 
-8.125, -68.625, 1.0525193834166251e-24, nan 
-7.875, -68.625, 1.1516597956610063e-24, nan 
-7.625, -68.625, 7.5464414868074405e-25, nan 
-7.375, -68.625, 1.0383233063788163e-24, nan 
-7.125, -68.625, 1.2252875756073125e-24, nan 
-6.875, -68.625, 7.929793551961507e-25, nan 
-6.625, -68.625, 1.0392502579356497e-24, nan 
-6.375, -68.625, 5.064752792369406e-25, nan 
-6.125, -68.625, 8.668271891694736e-25, nan 
-5.875, -68.625, 2.2050835268180706e-24, nan 
-5.625, -68.625, 1.8219680864303912e-24, nan 
-5.375, -68.625, 2.0181188367663026e-24, nan 
-5.125, -68.625, 1.520716756080268e-24, nan 
-4.875, -68.625, 1.585507452308029e-24, nan 
-4.625, -68.625, 1.5449589838532163e-24, nan 
-4.375, -68.625, 1.0147163137469739e-24, nan 
-4.125, -68.625, 1.529844535450185e-24, nan 
-3.875, -68.625, 2.0963719246822992e-24, nan 
-3.625, -68.625, 1.1317815060878061e-24, nan 
-3.375, -68.625, 1.5514812941402843e-24, nan 
-3.125, -68.625, 1.6156985958974335e-24, nan 
-2.875, -68.625, 1.1849416163868733e-24, nan 
-2.625, -68.625, 1.3543188027234632e-24, nan 
-2.375, -68.625, 1.3111702704313908e-24, nan 
-2.125, -68.625, 1.120790471104212e-24, nan 
-1.875, -68.625, 9.756504032773787e-25, nan 
-1.625, -68.625, 1.1561014578564639e-24, nan 
-1.375, -68.625, 8.066949618877909e-25, nan 
-1.125, -68.625, 6.828013271886799e-25, nan 
-16.625, -68.375, 2.3690578304101325e-24, nan 
-16.375, -68.375, 1.930800330148502e-24, nan 
-16.125, -68.375, 1.6616570254853847e-24, nan 
-15.875, -68.375, 4.006350135202758e-24, nan 
-15.625, -68.375, 5.199258076708488e-24, nan 
-15.375, -68.375, 7.059257548725063e-24, nan 
-15.125, -68.375, 6.655872522379133e-24, nan 
-14.875, -68.375, 7.894677863390476e-24, nan 
-14.625, -68.375, 1.011500841265218e-23, nan 
-14.375, -68.375, 6.968403084182225e-24, nan 
-14.125, -68.375, 4.262175271291741e-24, nan 
-13.875, -68.375, 4.5974227207731566e-24, nan 
-13.625, -68.375, 8.240589753926602e-24, nan 
-13.375, -68.375, 9.583914027484549e-24, nan 
-13.125, -68.375, 7.062279885173081e-24, nan 
-12.875, -68.375, 7.622675520377653e-24, nan 
-12.625, -68.375, 6.888930175880784e-24, nan 
-12.375, -68.375, 4.374045161475265e-24, nan 
-12.125, -68.375, 9.779931133041845e-25, nan 
-11.875, -68.375, 7.703244183624255e-25, nan 
-11.625, -68.375, 9.16609738212421e-25, nan 
-11.375, -68.375, 7.474885701656438e-25, nan 
-11.125, -68.375, 1.8120697612914127e-24, nan 
-10.875, -68.375, 1.7274509061677215e-24, nan 
-10.625, -68.375, 1.2037096913155601e-24, nan 
-10.375, -68.375, 1.5871435426486256e-24, nan 
-10.125, -68.375, 1.308493821946638e-24, nan 
-9.875, -68.375, 1.3809085410655842e-24, nan 
-9.625, -68.375, 9.347372558300233e-25, nan 
-9.375, -68.375, 8.435995908966919e-25, nan 
-9.125, -68.375, 1.1089445755741369e-24, nan 
-8.875, -68.375, 7.97862266017485e-25, nan 
-8.625, -68.375, 1.0098367692105401e-24, nan 
-8.375, -68.375, 1.1265421115726369e-24, nan 
-8.125, -68.375, 1.4457625502839702e-24, nan 
-7.875, -68.375, 1.4777258429496784e-24, nan 
-7.625, -68.375, 1.316644490673681e-24, nan 
-7.375, -68.375, 1.086725077216351e-24, nan 
-7.125, -68.375, 1.2130702313700503e-24, nan 
-6.875, -68.375, 9.881243597482488e-25, nan 
-6.625, -68.375, 1.6161151745980621e-24, nan 
-6.375, -68.375, 1.4238260542622159e-24, nan 
-6.125, -68.375, 1.5091564269755874e-24, nan 
-5.875, -68.375, 2.374257175259066e-24, nan 
-5.625, -68.375, 2.345583532606575e-24, nan 
-5.375, -68.375, 2.703999694258713e-24, nan 
-5.125, -68.375, 2.569962944056196e-24, nan 
-4.875, -68.375, 2.639907505867374e-24, nan 
-4.625, -68.375, 2.8218436844760606e-24, nan 
-4.375, -68.375, 1.906815959693184e-24, nan 
-4.125, -68.375, 2.760661613677956e-24, nan 
-3.875, -68.375, 3.702567661210828e-24, nan 
-3.625, -68.375, 1.105619533417409e-24, nan 
-3.375, -68.375, 2.166049842392933e-24, nan 
-3.125, -68.375, 2.801394837023469e-24, nan 
-2.875, -68.375, 9.954491933101679e-25, nan 
-2.625, -68.375, 1.8405554901078033e-24, nan 
-2.375, -68.375, 1.3204404086635462e-24, nan 
-2.125, -68.375, 1.3678091740881958e-24, nan 
-1.875, -68.375, 1.4606928588023143e-24, nan 
-1.625, -68.375, 1.2753187188644753e-24, nan 
-1.375, -68.375, 1.3369516318973233e-24, nan 
-1.125, -68.375, 8.788773074501503e-25, nan 
-0.875, -68.375, 7.467796579732488e-25, nan 
-16.375, -68.125, 2.16461775108351e-24, nan 
-16.125, -68.125, 1.3199324104128883e-24, nan 
-15.875, -68.125, 1.1763116682823697e-24, nan 
-15.625, -68.125, 1.8540433320687368e-24, nan 
-15.375, -68.125, 1.0926281960209848e-24, nan 
-15.125, -68.125, 4.480245717795736e-24, nan 
-14.875, -68.125, 7.209491792772338e-24, nan 
-14.625, -68.125, 8.17908062351476e-24, nan 
-14.375, -68.125, 6.340546620342353e-24, nan 
-14.125, -68.125, 7.178270284794443e-24, nan 
-13.875, -68.125, 6.5451218080749314e-24, nan 
-13.625, -68.125, 5.5179050332225415e-24, nan 
-13.375, -68.125, 7.681072527999849e-24, nan 
-13.125, -68.125, 6.225215267075467e-24, nan 
-12.875, -68.125, 1.797593174766294e-24, nan 
-12.625, -68.125, 1.221441914176509e-24, nan 
-12.375, -68.125, 1.1598735932685571e-24, nan 
-12.125, -68.125, 4.491035644092146e-25, nan 
-11.875, -68.125, 6.297185396248241e-25, nan 
-11.625, -68.125, 1.2884542336397438e-24, nan 
-11.375, -68.125, 1.4906997414520257e-24, nan 
-11.125, -68.125, 1.6376368656570824e-24, nan 
-10.875, -68.125, 1.7132320581222142e-24, nan 
-10.625, -68.125, 1.4014465222875448e-24, nan 
-10.375, -68.125, 9.811763838220796e-25, nan 
-10.125, -68.125, 7.65024824733157e-25, nan 
-9.875, -68.125, 6.19998795012417e-25, nan 
-9.625, -68.125, 5.233196453490266e-25, nan 
-9.375, -68.125, 6.022107532006483e-25, nan 
-9.125, -68.125, 1.0960738470119634e-24, nan 
-8.875, -68.125, 1.0936843385563064e-24, nan 
-8.625, -68.125, 1.0518006078003323e-24, nan 
-8.375, -68.125, 1.2848560406843435e-24, nan 
-8.125, -68.125, 1.3766291570734454e-24, nan 
-7.875, -68.125, 1.1907886541980958e-24, nan 
-7.625, -68.125, 1.3475792420583001e-24, nan 
-7.375, -68.125, 7.777106391452166e-25, nan 
-7.125, -68.125, 3.0916512384489637e-25, nan 
-6.875, -68.125, 1.0248396223202261e-24, nan 
-6.625, -68.125, 1.1289157770605195e-24, nan 
-6.375, -68.125, 1.5462008561465869e-24, nan 
-6.125, -68.125, 1.5140899788395657e-24, nan 
-5.875, -68.125, 8.902436841997187e-25, nan 
-5.625, -68.125, 4.639314663934239e-25, nan 
-5.375, -68.125, 9.788077353842858e-25, nan 
-5.125, -68.125, 2.1673234804483813e-24, nan 
-4.875, -68.125, 2.1531077819353905e-24, nan 
-4.625, -68.125, 2.429542702488762e-24, nan 
-4.375, -68.125, 2.579376409487963e-24, nan 
-4.125, -68.125, 2.7698286756142283e-24, nan 
-3.875, -68.125, 2.868964858912376e-24, nan 
-3.625, -68.125, 1.4363015193002691e-24, nan 
-3.375, -68.125, 2.6566313338103488e-24, nan 
-3.125, -68.125, 1.8159836669288724e-24, nan 
-2.875, -68.125, 1.0147715246696551e-24, nan 
-2.625, -68.125, 1.9139509929903072e-24, nan 
-2.375, -68.125, 1.23489304632871e-24, nan 
-2.125, -68.125, 1.0379895166726803e-24, nan 
-1.875, -68.125, 7.255584361620556e-25, nan 
-1.625, -68.125, 7.053723971277923e-25, nan 
-1.375, -68.125, 5.973547141909946e-25, nan 
-1.125, -68.125, 7.978861756983076e-25, nan 
-0.875, -68.125, 7.9501721112174265e-25, nan 
-16.375, -67.875, 1.7577976052645256e-24, nan 
-16.125, -67.875, 2.035018062477064e-24, nan 
-15.875, -67.875, 1.544707679944058e-24, nan 
-15.625, -67.875, 1.2383117139815654e-24, nan 
-15.375, -67.875, 1.3462469274146875e-24, nan 
-15.125, -67.875, 1.0990656834980618e-24, nan 
-14.875, -67.875, 1.6218567401346998e-24, nan 
-14.625, -67.875, 1.5780447273775543e-24, nan 
-14.375, -67.875, 2.3940863539557863e-24, nan 
-14.125, -67.875, 3.5189999349505386e-24, nan 
-13.875, -67.875, 2.5064680613463887e-24, nan 
-13.625, -67.875, 1.855309322104182e-24, nan 
-13.375, -67.875, 6.176064328704231e-25, nan 
-13.125, -67.875, 1.0993389085006618e-24, nan 
-12.875, -67.875, 3.1460487472027584e-25, nan 
-12.625, -67.875, 7.0512738282228e-25, nan 
-12.375, -67.875, 1.3823849469615238e-24, nan 
-12.125, -67.875, 1.535813183687193e-24, nan 
-11.875, -67.875, 2.2399523289320978e-24, nan 
-11.625, -67.875, 1.9998028612953712e-24, nan 
-11.375, -67.875, 1.5711024982698013e-24, nan 
-11.125, -67.875, 1.6599781571781485e-24, nan 
-10.875, -67.875, 1.2642387173532084e-24, nan 
-10.625, -67.875, 9.357649903108457e-25, nan 
-10.375, -67.875, 9.910835675780055e-25, nan 
-10.125, -67.875, 1.1603232563280729e-24, nan 
-9.875, -67.875, 8.642468495826796e-25, nan 
-9.625, -67.875, 1.1971228659206675e-24, nan 
-9.375, -67.875, 1.1351321727277208e-24, nan 
-9.125, -67.875, 5.2099915966179345e-25, nan 
-8.875, -67.875, 1.2897760560439512e-24, nan 
-8.625, -67.875, 2.014196964729567e-24, nan 
-8.375, -67.875, 1.5435289528019335e-24, nan 
-8.125, -67.875, 1.0946005946878159e-24, nan 
-7.875, -67.875, 1.4766753999711612e-24, nan 
-7.625, -67.875, 1.3409961286168256e-24, nan 
-7.375, -67.875, 1.0282652849791071e-24, nan 
-7.125, -67.875, 1.0842265082383682e-24, nan 
-6.875, -67.875, 1.3548613381958581e-24, nan 
-6.625, -67.875, 7.451286681218657e-25, nan 
-6.375, -67.875, 1.9981819073753297e-24, nan 
-6.125, -67.875, 1.6189325552515032e-24, nan 
-5.875, -67.875, 1.0507434009622954e-24, nan 
-5.625, -67.875, 6.978159237384517e-25, nan 
-5.375, -67.875, 7.978164581264141e-25, nan 
-5.125, -67.875, 8.966004350152145e-25, nan 
-4.875, -67.875, 4.618285656949796e-25, nan 
-4.625, -67.875, 1.4139857828790858e-24, nan 
-4.375, -67.875, 1.8753801421599747e-24, nan 
-4.125, -67.875, 2.367468041810646e-24, nan 
-3.875, -67.875, 2.2397555047542836e-24, nan 
-3.625, -67.875, 1.6063586402276023e-24, nan 
-3.375, -67.875, 1.928670298611483e-24, nan 
-3.125, -67.875, 1.7871579937799465e-24, nan 
-2.875, -67.875, 9.59672421950026e-25, nan 
-2.625, -67.875, 1.9012860306604385e-24, nan 
-2.375, -67.875, 9.593162434254838e-25, nan 
-2.125, -67.875, 9.62020256475966e-25, nan 
-1.875, -67.875, 1.6071560189127195e-24, nan 
-1.625, -67.875, 1.0638375773686639e-24, nan 
-1.375, -67.875, 5.506967268064831e-25, nan 
-1.125, -67.875, 6.4538753568256765e-25, nan 
-0.875, -67.875, 1.3340925650441152e-24, nan 
-0.625, -67.875, 1.4755893230982969e-24, nan 
-16.375, -67.625, 1.868701061463975e-24, nan 
-16.125, -67.625, 2.399042815397111e-24, nan 
-15.875, -67.625, 2.1643859448468048e-24, nan 
-15.625, -67.625, 1.7739681159151894e-24, nan 
-15.375, -67.625, 1.607787477323101e-24, nan 
-15.125, -67.625, 2.1767334388099035e-24, nan 
-14.875, -67.625, 1.8230074431369144e-24, nan 
-14.625, -67.625, 1.573004962277843e-24, nan 
-14.375, -67.625, 1.2607185430204149e-24, nan 
-14.125, -67.625, 1.2901717993974568e-24, nan 
-13.875, -67.625, 9.070605181116262e-25, nan 
-13.625, -67.625, 7.630887310252116e-25, nan 
-13.375, -67.625, 1.5225547714447053e-24, nan 
-13.125, -67.625, 1.8145162299893663e-24, nan 
-12.875, -67.625, 1.8080424677227133e-24, nan 
-12.625, -67.625, 1.6302624370757123e-24, nan 
-12.375, -67.625, 2.0326524478345928e-24, nan 
-12.125, -67.625, 2.0701201059470344e-24, nan 
-11.875, -67.625, 2.087800500018241e-24, nan 
-11.625, -67.625, 1.7559130149467918e-24, nan 
-11.375, -67.625, 1.1038063220798152e-24, nan 
-11.125, -67.625, 8.084551617509883e-25, nan 
-10.875, -67.625, 9.510283953626104e-25, nan 
-10.625, -67.625, 8.911022556675945e-25, nan 
-10.375, -67.625, 7.96834309183145e-25, nan 
-10.125, -67.625, 2.114904930294804e-24, nan 
-9.875, -67.625, 1.249977480359156e-24, nan 
-9.625, -67.625, 1.0162229643325238e-24, nan 
-9.375, -67.625, 1.2160429771453603e-24, nan 
-9.125, -67.625, 1.3750775824284356e-24, nan 
-8.875, -67.625, 1.010828279048413e-24, nan 
-8.625, -67.625, 1.6699388500497707e-24, nan 
-8.375, -67.625, 1.4768415443659783e-24, nan 
-8.125, -67.625, 8.081522898348684e-25, nan 
-7.875, -67.625, 6.168127555472646e-25, nan 
-7.625, -67.625, 8.142479785318389e-25, nan 
-7.375, -67.625, 1.6550007471388975e-24, nan 
-7.125, -67.625, 5.785361810864795e-25, nan 
-6.875, -67.625, 1.1017243859945398e-24, nan 
-6.625, -67.625, 1.0227039043996463e-24, nan 
-6.375, -67.625, 1.0065705267532104e-24, nan 
-6.125, -67.625, 1.2204816681004517e-24, nan 
-5.875, -67.625, 9.391912427882972e-25, nan 
-5.625, -67.625, 4.758103995764901e-25, nan 
-5.375, -67.625, 7.295404350385674e-25, nan 
-5.125, -67.625, 1.1141244936074281e-24, nan 
-4.875, -67.625, 1.834689392706421e-24, nan 
-4.625, -67.625, 3.3981483845642927e-25, nan 
-4.375, -67.625, 1.9028187803335888e-24, nan 
-4.125, -67.625, 3.521980839569293e-24, nan 
-3.875, -67.625, 2.2374664754081363e-24, nan 
-3.625, -67.625, 1.2946209609484018e-24, nan 
-3.375, -67.625, 1.0630647315024781e-24, nan 
-3.125, -67.625, 3.0773162513528014e-24, nan 
-2.875, -67.625, 1.4927638788731647e-24, nan 
-2.625, -67.625, 1.9054490512267816e-24, nan 
-2.375, -67.625, 2.3929371468963973e-24, nan 
-2.125, -67.625, 2.139085640104593e-24, nan 
-1.875, -67.625, 1.5413948705168878e-24, nan 
-1.625, -67.625, 1.5609851791619749e-24, nan 
-1.375, -67.625, 1.0515152327761365e-24, nan 
-1.125, -67.625, 9.849903820527146e-25, nan 
-0.875, -67.625, 1.4395391680511133e-24, nan 
-0.625, -67.625, 1.3375015397372039e-24, nan 
-0.375, -67.625, 1.3927615534931668e-24, nan 
-16.125, -67.375, 2.731589550070424e-24, nan 
-15.875, -67.375, 3.657587728184488e-24, nan 
-15.625, -67.375, 6.3163177351933124e-24, nan 
-15.375, -67.375, 5.045408434698136e-24, nan 
-15.125, -67.375, 2.582930367530275e-24, nan 
-14.875, -67.375, 2.1114977823204854e-24, nan 
-14.625, -67.375, 2.906648744730578e-24, nan 
-14.375, -67.375, 2.3617407404118856e-24, nan 
-14.125, -67.375, 2.215966622330072e-24, nan 
-13.875, -67.375, 1.9281869292283085e-24, nan 
-13.625, -67.375, 1.7070270338289728e-24, nan 
-13.375, -67.375, 2.189606076256384e-24, nan 
-13.125, -67.375, 2.0025524967915973e-24, nan 
-12.875, -67.375, 1.8527079404640145e-24, nan 
-12.625, -67.375, 1.2056841740337163e-24, nan 
-12.375, -67.375, 9.982052088874714e-25, nan 
-12.125, -67.375, 1.0939379606033268e-24, nan 
-11.875, -67.375, 8.563710641397978e-25, nan 
-11.625, -67.375, 8.001941515633919e-25, nan 
-11.375, -67.375, 8.426986553336337e-25, nan 
-11.125, -67.375, 7.62142254985315e-25, nan 
-10.875, -67.375, 1.6828905238011963e-24, nan 
-10.625, -67.375, 9.58578786019442e-25, nan 
-10.375, -67.375, 8.49157230321011e-25, nan 
-10.125, -67.375, 3.476695424981741e-24, nan 
-9.875, -67.375, 1.049954020451343e-24, nan 
-9.625, -67.375, 6.329463535575249e-25, nan 
-9.375, -67.375, 1.887803065109018e-24, nan 
-9.125, -67.375, 9.649733585781985e-25, nan 
-8.875, -67.375, 8.687986924382277e-25, nan 
-8.625, -67.375, 7.663132081584192e-25, nan 
-8.375, -67.375, 8.615834244220664e-25, nan 
-8.125, -67.375, 9.748350781698875e-25, nan 
-7.875, -67.375, 7.916743722275524e-25, nan 
-7.625, -67.375, 4.931772331347394e-25, nan 
-7.375, -67.375, 1.3599741705417628e-24, nan 
-7.125, -67.375, 4.9607181361825865e-25, nan 
-6.875, -67.375, 7.844563558109748e-25, nan 
-6.625, -67.375, 8.36755176741416e-25, nan 
-6.375, -67.375, 5.510667364469919e-25, nan 
-6.125, -67.375, 1.0242068540827758e-24, nan 
-5.875, -67.375, 1.0218190086258707e-24, nan 
-5.625, -67.375, 3.5280726632203996e-25, nan 
-5.375, -67.375, 5.145244986025565e-25, nan 
-5.125, -67.375, 7.853360981886146e-25, nan 
-4.875, -67.375, 6.522647740288935e-25, nan 
-4.625, -67.375, 6.121708189306026e-25, nan 
-4.375, -67.375, 1.9574609105580572e-24, nan 
-4.125, -67.375, 3.2459201150475233e-24, nan 
-3.875, -67.375, 1.9804928957364354e-24, nan 
-3.625, -67.375, 1.642938215534525e-24, nan 
-3.375, -67.375, 3.1243606279150758e-24, nan 
-3.125, -67.375, 3.5162825836723005e-24, nan 
-2.875, -67.375, 3.37707885715795e-24, nan 
-2.625, -67.375, 2.429641949383235e-24, nan 
-2.375, -67.375, 3.10736305271258e-24, nan 
-2.125, -67.375, 3.3063409312490633e-24, nan 
-1.875, -67.375, 2.2307168653533046e-24, nan 
-1.625, -67.375, 1.954113501154824e-24, nan 
-1.375, -67.375, 1.5935646387914825e-24, nan 
-1.125, -67.375, 2.736414873785829e-24, nan 
-0.875, -67.375, 2.2557588407114018e-24, nan 
-0.625, -67.375, 1.3312797479043412e-24, nan 
-0.375, -67.375, 1.1928916212398043e-24, nan 
-0.125, -67.375, 1.5927378397757756e-24, nan 
-16.125, -67.125, 2.6796277490431178e-24, nan 
-15.875, -67.125, 6.009216263936781e-24, nan 
-15.625, -67.125, 8.216815226692114e-24, nan 
-15.375, -67.125, 7.600523846790642e-24, nan 
-15.125, -67.125, 9.239410971087315e-24, nan 
-14.875, -67.125, 8.741860672253377e-24, nan 
-14.625, -67.125, 7.02657460697538e-24, nan 
-14.375, -67.125, 4.7953775572253165e-24, nan 
-14.125, -67.125, 1.4815230488860852e-24, nan 
-13.875, -67.125, 1.679769632739036e-24, nan 
-13.625, -67.125, 2.116232714505685e-24, nan 
-13.375, -67.125, 1.9216841274116234e-24, nan 
-13.125, -67.125, 1.7381437366132586e-24, nan 
-12.875, -67.125, 2.1648816852057566e-24, nan 
-12.625, -67.125, 1.8252808527761986e-24, nan 
-12.375, -67.125, 1.0814041082379407e-24, nan 
-12.125, -67.125, 6.9139708585947115e-25, nan 
-11.875, -67.125, 6.239835971978446e-25, nan 
-11.625, -67.125, 8.466243305779939e-25, nan 
-11.375, -67.125, 6.871986053881453e-25, nan 
-11.125, -67.125, 5.866029458270627e-25, nan 
-10.875, -67.125, 6.473617825043841e-25, nan 
-10.625, -67.125, 5.481695841219286e-25, nan 
-10.375, -67.125, 5.375784560370534e-25, nan 
-10.125, -67.125, 1.809799780472739e-24, nan 
-9.875, -67.125, 9.715475339402652e-25, nan 
-9.625, -67.125, 6.78711427507754e-25, nan 
-9.375, -67.125, 8.612810598902645e-25, nan 
-9.125, -67.125, 1.1496824547091737e-24, nan 
-8.875, -67.125, 1.4895563946464806e-24, nan 
-8.625, -67.125, 1.2177301010489929e-24, nan 
-8.375, -67.125, 8.151090173911406e-25, nan 
-8.125, -67.125, 1.0657547174801566e-24, nan 
-7.875, -67.125, 9.343527499550759e-25, nan 
-7.625, -67.125, 3.85210679168263e-25, nan 
-7.375, -67.125, 2.2527189611052244e-25, nan 
-7.125, -67.125, 3.749943995136837e-25, nan 
-6.875, -67.125, 3.20376710508379e-25, nan 
-6.625, -67.125, 4.12145876962906e-25, nan 
-6.375, -67.125, 6.9933814823369405e-25, nan 
-6.125, -67.125, 5.621321790019056e-25, nan 
-5.875, -67.125, 7.230851540779712e-25, nan 
-5.625, -67.125, 6.754859253063284e-25, nan 
-5.375, -67.125, 3.8777750422534173e-25, nan 
-5.125, -67.125, 5.883239882400951e-25, nan 
-4.875, -67.125, 7.976884584630873e-25, nan 
-4.625, -67.125, 6.864846350066135e-25, nan 
-4.375, -67.125, 5.127006811729812e-25, nan 
-4.125, -67.125, 4.206994443260162e-25, nan 
-3.875, -67.125, 1.467700004045575e-24, nan 
-3.625, -67.125, 1.273533564050143e-24, nan 
-3.375, -67.125, 2.370333127769723e-24, nan 
-3.125, -67.125, 3.5871970352889026e-24, nan 
-2.875, -67.125, 2.507875226897009e-24, nan 
-2.625, -67.125, 1.6838499264561375e-24, nan 
-2.375, -67.125, 2.518317979547007e-24, nan 
-2.125, -67.125, 1.2876114915765349e-24, nan 
-1.875, -67.125, 5.4109000425431665e-25, nan 
-1.625, -67.125, 1.5391634997183483e-24, nan 
-1.375, -67.125, 1.4360428451131871e-24, nan 
-1.125, -67.125, 2.318527804719728e-24, nan 
-0.875, -67.125, 1.994381455671912e-24, nan 
-0.625, -67.125, 1.4676282824100285e-24, nan 
-0.375, -67.125, 1.242571745010673e-24, nan 
-0.125, -67.125, 1.1835194234728217e-24, nan 
-15.875, -66.875, 6.787814274615255e-24, nan 
-15.625, -66.875, 8.098654109798333e-24, nan 
-15.375, -66.875, 9.292853240548768e-24, nan 
-15.125, -66.875, 9.559310026918887e-24, nan 
-14.875, -66.875, 9.974568764122887e-24, nan 
-14.625, -66.875, 8.730653268831937e-24, nan 
-14.375, -66.875, 6.569567521940313e-24, nan 
-14.125, -66.875, 5.753098384054629e-24, nan 
-13.875, -66.875, 5.760215453646752e-24, nan 
-13.625, -66.875, 3.506371109237623e-24, nan 
-13.375, -66.875, 1.542860686136342e-24, nan 
-13.125, -66.875, 1.6780071666319025e-24, nan 
-12.875, -66.875, 1.422770797642364e-24, nan 
-12.625, -66.875, 1.6808571406152986e-24, nan 
-12.375, -66.875, 1.6723595161190855e-24, nan 
-12.125, -66.875, 1.1032972549456879e-24, nan 
-11.875, -66.875, 1.0719367102709857e-24, nan 
-11.625, -66.875, 9.620061654096798e-25, nan 
-11.375, -66.875, 6.613676070627926e-25, nan 
-11.125, -66.875, 6.730000065584149e-25, nan 
-10.875, -66.875, 3.3237122885072334e-25, nan 
-10.625, -66.875, 2.6471533407016803e-25, nan 
-10.375, -66.875, 5.283916660522553e-25, nan 
-10.125, -66.875, 4.544850575092465e-25, nan 
-9.875, -66.875, 2.5929883323949984e-25, nan 
-9.625, -66.875, 4.827228876935429e-25, nan 
-9.375, -66.875, 7.941742900325173e-25, nan 
-9.125, -66.875, 8.73837176063069e-25, nan 
-8.875, -66.875, 1.058828534466006e-24, nan 
-8.625, -66.875, 9.423503398160464e-25, nan 
-8.375, -66.875, 6.658835852217796e-25, nan 
-8.125, -66.875, 3.757387544408544e-25, nan 
-7.875, -66.875, 5.766071398224734e-25, nan 
-7.625, -66.875, 4.292172752849672e-25, nan 
-7.375, -66.875, 2.4858726323001155e-25, nan 
-7.125, -66.875, 2.249274064828934e-25, nan 
-6.875, -66.875, 3.6741268546534415e-25, nan 
-6.625, -66.875, 4.342081530722944e-25, nan 
-6.375, -66.875, 5.423553134843031e-25, nan 
-6.125, -66.875, 2.6171011026786878e-25, nan 
-5.875, -66.875, 3.3162372339429046e-25, nan 
-5.625, -66.875, 7.549457924872015e-25, nan 
-5.375, -66.875, 8.707779876383434e-25, nan 
-5.125, -66.875, 4.604152988482401e-25, nan 
-4.875, -66.875, 7.947219300228474e-25, nan 
-4.625, -66.875, 1.0900153075019188e-24, nan 
-4.375, -66.875, 6.813819442408911e-25, nan 
-4.125, -66.875, 4.36434047456246e-25, nan 
-3.875, -66.875, 4.829464848969027e-25, nan 
-3.625, -66.875, 9.362320114050236e-25, nan 
-3.375, -66.875, 1.2523300406291803e-24, nan 
-3.125, -66.875, 6.623567130113688e-24, nan 
-2.875, -66.875, 4.8390265983428665e-24, nan 
-2.625, -66.875, 2.8945843689755434e-24, nan 
-2.375, -66.875, 5.628557482713533e-25, nan 
-2.125, -66.875, 5.753844131573408e-25, nan 
-1.875, -66.875, 1.518671173451112e-25, nan 
-1.625, -66.875, 7.295147218846846e-25, nan 
-1.375, -66.875, 9.138278077814867e-25, nan 
-1.125, -66.875, 8.503717599294831e-25, nan 
-0.875, -66.875, 1.1039892306226419e-24, nan 
-0.625, -66.875, 1.2337095311866679e-24, nan 
-0.375, -66.875, 1.1691155051649642e-24, nan 
-0.125, -66.875, 8.520490437396478e-25, nan 
0.125, -66.875, 1.1744475159708916e-24, nan 
-15.875, -66.625, 6.328699506080019e-24, nan 
-15.625, -66.625, 7.067881975363746e-24, nan 
-15.375, -66.625, 7.846541265706854e-24, nan 
-15.125, -66.625, 5.117634563423921e-24, nan 
-14.875, -66.625, 7.088488304079468e-24, nan 
-14.625, -66.625, 8.234728160600667e-24, nan 
-14.375, -66.625, 7.186106525403675e-24, nan 
-14.125, -66.625, 5.4458824896315516e-24, nan 
-13.875, -66.625, 6.07991373721574e-24, nan 
-13.625, -66.625, 5.608992395698909e-24, nan 
-13.375, -66.625, 1.8409000945564905e-24, nan 
-13.125, -66.625, 1.5166542135465695e-24, nan 
-12.875, -66.625, 1.4718293401316754e-24, nan 
-12.625, -66.625, 1.5542323172137033e-24, nan 
-12.375, -66.625, 1.589413651002693e-24, nan 
-12.125, -66.625, 1.3514189263728236e-24, nan 
-11.875, -66.625, 1.04722453727095e-24, nan 
-11.625, -66.625, 8.505885157210635e-25, nan 
-11.375, -66.625, 6.561816683260975e-25, nan 
-11.125, -66.625, 4.897855471872195e-25, nan 
-10.875, -66.625, 2.2547871640901275e-25, nan 
-10.625, -66.625, 2.103275142175234e-25, nan 
-10.375, -66.625, 3.1067070136321515e-25, nan 
-10.125, -66.625, 3.9215105157785177e-25, nan 
-9.875, -66.625, 2.16196104375838e-25, nan 
-9.625, -66.625, 2.692704699448808e-25, nan 
-9.375, -66.625, 4.0571909244233984e-25, nan 
-9.125, -66.625, 3.226252427836371e-25, nan 
-8.875, -66.625, 3.828653873213602e-25, nan 
-8.625, -66.625, 3.3532950436474977e-25, nan 
-8.375, -66.625, 1.6223017027916215e-25, nan 
-8.125, -66.625, 1.1592318958154155e-25, nan 
-7.875, -66.625, 4.576085533196941e-25, nan 
-7.625, -66.625, 4.6273787071568745e-25, nan 
-7.375, -66.625, 5.250423534391852e-25, nan 
-7.125, -66.625, 4.1235603617199776e-25, nan 
-6.875, -66.625, 3.439660886588004e-25, nan 
-6.625, -66.625, 8.665524597571304e-25, nan 
-6.375, -66.625, 5.333478678791129e-25, nan 
-6.125, -66.625, 1.5465636939308865e-25, nan 
-5.875, -66.625, 5.901698828026764e-25, nan 
-5.625, -66.625, 3.8587639255903625e-25, nan 
-5.375, -66.625, 4.042701391516152e-25, nan 
-5.125, -66.625, 6.108255047130121e-25, nan 
-4.875, -66.625, 4.407981873228514e-25, nan 
-4.625, -66.625, 6.322234712283968e-25, nan 
-4.375, -66.625, 5.56103195715713e-25, nan 
-4.125, -66.625, 5.384781981813751e-25, nan 
-3.875, -66.625, 5.015475741899194e-24, nan 
-3.625, -66.625, 3.642702334895734e-24, nan 
-3.375, -66.625, 2.4817770693137406e-24, nan 
-3.125, -66.625, 1.1790945677070826e-23, nan 
-2.875, -66.625, 1.1526804334661216e-23, nan 
-2.625, -66.625, 5.647444506986414e-24, nan 
-2.375, -66.625, 6.436007324967421e-24, nan 
-2.125, -66.625, 4.783553431701728e-24, nan 
-1.875, -66.625, 2.7427810195011063e-24, nan 
-1.625, -66.625, 2.8120405278193217e-25, nan 
-1.375, -66.625, 5.934545888341819e-25, nan 
-1.125, -66.625, 6.262228567157868e-25, nan 
-0.875, -66.625, 5.844280981113964e-25, nan 
-0.625, -66.625, 8.022209011204535e-25, nan 
-0.375, -66.625, 7.798234894504639e-25, nan 
-0.125, -66.625, 8.684998393697423e-25, nan 
0.125, -66.625, 1.0519956068829072e-24, nan 
-15.625, -66.375, 5.980533018770172e-24, nan 
-15.375, -66.375, 6.169304812783778e-24, nan 
-15.125, -66.375, 5.534828309139203e-24, nan 
-14.875, -66.375, 4.893231985983477e-24, nan 
-14.625, -66.375, 6.115219257754429e-24, nan 
-14.375, -66.375, 4.555765790050458e-24, nan 
-14.125, -66.375, 1.364503105244176e-24, nan 
-13.875, -66.375, 2.2690282827344496e-24, nan 
-13.625, -66.375, 2.7295549248716612e-24, nan 
-13.375, -66.375, 1.794912108895064e-24, nan 
-13.125, -66.375, 2.1561074495877443e-24, nan 
-12.875, -66.375, 2.624598585000045e-24, nan 
-12.625, -66.375, 1.778200957830827e-24, nan 
-12.375, -66.375, 1.711030676354571e-24, nan 
-12.125, -66.375, 1.715840068231809e-24, nan 
-11.875, -66.375, 1.4898756380889236e-24, nan 
-11.625, -66.375, 1.1760424500653092e-24, nan 
-11.375, -66.375, 9.739214662174447e-25, nan 
-11.125, -66.375, 7.818313620420931e-25, nan 
-10.875, -66.375, 1.3188719483279846e-25, nan 
-10.625, -66.375, 2.600047323866551e-25, nan 
-10.375, -66.375, 3.7475885623582e-25, nan 
-10.125, -66.375, 3.1994848099536354e-25, nan 
-9.875, -66.375, 2.393594329696403e-25, nan 
-9.625, -66.375, 1.3010218552202532e-25, nan 
-9.375, -66.375, 3.807484612625377e-25, nan 
-9.125, -66.375, 4.700933002165809e-25, nan 
-8.875, -66.375, 5.224980724682483e-25, nan 
-8.625, -66.375, 4.81954814614411e-25, nan 
-8.375, -66.375, 3.3492903402819417e-25, nan 
-8.125, -66.375, 2.7997208245676223e-25, nan 
-7.875, -66.375, 4.999847597659491e-25, nan 
-7.625, -66.375, 4.733350442531431e-25, nan 
-7.375, -66.375, 3.1005453879707876e-25, nan 
-7.125, -66.375, 4.565540889043443e-25, nan 
-6.875, -66.375, 4.173124236672309e-25, nan 
-6.625, -66.375, 4.361775809046934e-25, nan 
-6.375, -66.375, 4.358382545081545e-25, nan 
-6.125, -66.375, 4.852047112418073e-25, nan 
-5.875, -66.375, 9.158668634007796e-25, nan 
-5.625, -66.375, 4.626089584783716e-25, nan 
-5.375, -66.375, 9.319284186128075e-25, nan 
-5.125, -66.375, 1.450234436878375e-24, nan 
-4.875, -66.375, 5.299598668286122e-25, nan 
-4.625, -66.375, 3.4329198562276027e-25, nan 
-4.375, -66.375, 5.5010616266825725e-25, nan 
-4.125, -66.375, 1.9917514039204728e-24, nan 
-3.875, -66.375, 9.38934339333749e-24, nan 
-3.625, -66.375, 1.0428481895935531e-23, nan 
-3.375, -66.375, 4.534355084057457e-24, nan 
-3.125, -66.375, 1.9506942802693643e-23, nan 
-2.875, -66.375, 2.269279027469429e-23, nan 
-2.625, -66.375, 9.886903507347565e-24, nan 
-2.375, -66.375, 1.070752469398706e-23, nan 
-2.125, -66.375, 1.2591287433205725e-23, nan 
-1.875, -66.375, 6.1430172686392405e-24, nan 
-1.625, -66.375, 1.4023844300725742e-24, nan 
-1.375, -66.375, 3.5192156707249227e-25, nan 
-1.125, -66.375, 3.3524105049735793e-25, nan 
-0.875, -66.375, 1.3231478776346777e-24, nan 
-0.625, -66.375, 9.293167317366972e-25, nan 
-0.375, -66.375, 3.115567722581755e-25, nan 
-0.125, -66.375, 1.2326366856094654e-24, nan 
0.125, -66.375, 1.2184590040231804e-24, nan 
0.375, -66.375, 8.52465980446301e-25, nan 
-15.625, -66.125, 2.018678491380542e-24, nan 
-15.375, -66.125, 1.8105582926601377e-24, nan 
-15.125, -66.125, 1.8610697351706327e-24, nan 
-14.875, -66.125, 1.0371176054806766e-24, nan 
-14.625, -66.125, 8.359092505192337e-25, nan 
-14.375, -66.125, 5.239704936600886e-25, nan 
-14.125, -66.125, 7.426812970014936e-25, nan 
-13.875, -66.125, 7.940855167522834e-25, nan 
-13.625, -66.125, 6.705734452476177e-25, nan 
-13.375, -66.125, 1.4888540576074464e-24, nan 
-13.125, -66.125, 1.795865346046827e-24, nan 
-12.875, -66.125, 1.751745319188471e-24, nan 
-12.625, -66.125, 3.510187973722231e-24, nan 
-12.375, -66.125, 3.3265060374839175e-24, nan 
-12.125, -66.125, 7.228571396768586e-25, nan 
-11.875, -66.125, 8.644214604434925e-25, nan 
-11.625, -66.125, 4.812886187601452e-25, nan 
-11.375, -66.125, 6.33817470160082e-25, nan 
-11.125, -66.125, 3.9895338777499597e-25, nan 
-10.875, -66.125, 1.7049516749075666e-25, nan 
-10.625, -66.125, 4.64998862650305e-25, nan 
-10.375, -66.125, 2.279908860971449e-25, nan 
-10.125, -66.125, 6.02359188246084e-25, nan 
-9.875, -66.125, 8.920095896350066e-25, nan 
-9.625, -66.125, 3.489210080030069e-25, nan 
-9.375, -66.125, 5.577616260143845e-25, nan 
-9.125, -66.125, 1.4209253855856665e-24, nan 
-8.875, -66.125, 1.9033903543730282e-24, nan 
-8.625, -66.125, 8.79576540083494e-25, nan 
-8.375, -66.125, 6.109280343955711e-25, nan 
-8.125, -66.125, 7.717403041360886e-25, nan 
-7.875, -66.125, 9.140228985165458e-25, nan 
-7.625, -66.125, 4.414868473107095e-25, nan 
-7.375, -66.125, 2.5658146172425836e-25, nan 
-7.125, -66.125, 3.1607395304657583e-25, nan 
-6.875, -66.125, 5.286197061976755e-25, nan 
-6.625, -66.125, 4.587857849254269e-25, nan 
-6.375, -66.125, 3.431198505741896e-25, nan 
-6.125, -66.125, 8.420255336713268e-25, nan 
-5.875, -66.125, 7.53605445478875e-25, nan 
-5.625, -66.125, 1.1694225007437785e-24, nan 
-5.375, -66.125, 1.8256631633278007e-24, nan 
-5.125, -66.125, 1.681061793857035e-24, nan 
-4.875, -66.125, 4.796087145211289e-25, nan 
-4.625, -66.125, 1.1921166202247047e-24, nan 
-4.375, -66.125, 1.4131693032604185e-24, nan 
-4.125, -66.125, 8.613258905012137e-25, nan 
-3.875, -66.125, 1.1536486911417718e-24, nan 
-3.625, -66.125, 1.0178989504638688e-24, nan 
-3.375, -66.125, 2.5909812267276968e-24, nan 
-3.125, -66.125, 1.2978778984179797e-23, nan 
-2.875, -66.125, 1.3845892342128105e-23, nan 
-2.625, -66.125, 6.443550938532987e-24, nan 
-2.375, -66.125, 1.4972679775862975e-24, nan 
-2.125, -66.125, 1.0663911727198623e-24, nan 
-1.875, -66.125, 1.3121942204500442e-24, nan 
-1.625, -66.125, 1.3018896044154837e-24, nan 
-1.375, -66.125, 1.2212717290705078e-24, nan 
-1.125, -66.125, 3.161639212243242e-25, nan 
-0.875, -66.125, 2.218399988559809e-24, nan 
-0.625, -66.125, 1.2674647630877468e-24, nan 
-0.375, -66.125, 5.809588771716084e-25, nan 
-0.125, -66.125, 1.3384869383192728e-24, nan 
0.125, -66.125, 1.1026026798859865e-24, nan 
0.375, -66.125, 1.2815095173021814e-24, nan 
0.625, -66.125, 1.3174754103213399e-24, nan 
-15.375, -65.875, 1.8613606939259768e-24, nan 
-15.125, -65.875, 1.6222828234624564e-24, nan 
-14.875, -65.875, 1.765729156885007e-24, nan 
-14.625, -65.875, 1.4423328689455067e-24, nan 
-14.375, -65.875, 9.619688957130954e-25, nan 
-14.125, -65.875, 8.12983745745907e-25, nan 
-13.875, -65.875, 8.156565596009928e-25, nan 
-13.625, -65.875, 5.736487904401313e-25, nan 
-13.375, -65.875, 2.816833761407319e-24, nan 
-13.125, -65.875, 3.4078298449787666e-24, nan 
-12.875, -65.875, 4.560241812055139e-25, nan 
-12.625, -65.875, 5.579493610619566e-24, nan 
-12.375, -65.875, 6.370234788466386e-24, nan 
-12.125, -65.875, 6.0073963512149435e-25, nan 
-11.875, -65.875, 1.8231763335615014e-24, nan 
-11.625, -65.875, 2.242297285047952e-24, nan 
-11.375, -65.875, 4.0702494576580463e-25, nan 
-11.125, -65.875, 2.6817515356821455e-25, nan 
-10.875, -65.875, 2.5634704210863477e-25, nan 
-10.625, -65.875, 1.9550750830272127e-25, nan 
-10.375, -65.875, 2.59362026003967e-25, nan 
-10.125, -65.875, 5.712211135541999e-25, nan 
-9.875, -65.875, 1.2578911556480638e-24, nan 
-9.625, -65.875, 1.5869755533266103e-24, nan 
-9.375, -65.875, 6.513574180059977e-25, nan 
-9.125, -65.875, 2.281623013293775e-24, nan 
-8.875, -65.875, 3.294472414217537e-24, nan 
-8.625, -65.875, 1.0255460346413393e-24, nan 
-8.375, -65.875, 1.5876659389132188e-24, nan 
-8.125, -65.875, 2.1384405039661676e-24, nan 
-7.875, -65.875, 9.181429923948685e-25, nan 
-7.625, -65.875, 7.692012857899007e-25, nan 
-7.375, -65.875, 8.793150863715016e-25, nan 
-7.125, -65.875, 2.7442559051558733e-25, nan 
-6.875, -65.875, 8.679458607986002e-25, nan 
-6.625, -65.875, 9.443808148068785e-25, nan 
-6.375, -65.875, 8.6165076981955e-25, nan 
-6.125, -65.875, 6.9280433778327825e-25, nan 
-5.875, -65.875, 6.608899482058865e-25, nan 
-5.625, -65.875, 2.1458218369990917e-24, nan 
-5.375, -65.875, 1.0774407941679513e-24, nan 
-5.125, -65.875, 9.163803290514112e-25, nan 
-4.875, -65.875, 1.8129155350290506e-24, nan 
-4.625, -65.875, 1.767134443212341e-24, nan 
-4.375, -65.875, 1.2646784594105663e-24, nan 
-4.125, -65.875, 1.6397667129905845e-24, nan 
-3.875, -65.875, 1.822662393371289e-24, nan 
-3.625, -65.875, 1.380421878557344e-24, nan 
-3.375, -65.875, 1.443807799034161e-24, nan 
-3.125, -65.875, 1.4003120813221886e-24, nan 
-2.875, -65.875, 9.489276426308739e-25, nan 
-2.625, -65.875, 1.1180415823045706e-24, nan 
-2.375, -65.875, 1.2728491178919566e-24, nan 
-2.125, -65.875, 9.280712753662091e-25, nan 
-1.875, -65.875, 1.3594344385102874e-24, nan 
-1.625, -65.875, 1.4256580540071884e-24, nan 
-1.375, -65.875, 1.443136736565825e-24, nan 
-1.125, -65.875, 8.98090552636077e-25, nan 
-0.875, -65.875, 1.3144401887040992e-24, nan 
-0.625, -65.875, 1.3755684809843274e-24, nan 
-0.375, -65.875, 8.784655421318204e-25, nan 
-0.125, -65.875, 7.394112882730183e-25, nan 
0.125, -65.875, 1.4471143617336544e-24, nan 
0.375, -65.875, 1.3982013925969455e-24, nan 
0.625, -65.875, 1.307563988332496e-24, nan 
-15.375, -65.625, 2.3125903202426066e-24, nan 
-15.125, -65.625, 2.0427619460251838e-24, nan 
-14.875, -65.625, 3.680799177880371e-24, nan 
-14.625, -65.625, 2.3065260448619642e-24, nan 
-14.375, -65.625, 6.771862348352034e-25, nan 
-14.125, -65.625, 3.288341619011557e-24, nan 
-13.875, -65.625, 1.0916223462544304e-24, nan 
-13.625, -65.625, 1.3112656954756955e-24, nan 
-13.375, -65.625, 9.692207385326545e-25, nan 
-13.125, -65.625, 1.1524366705244008e-24, nan 
-12.875, -65.625, 5.12795589667721e-25, nan 
-12.625, -65.625, 3.217150529373864e-24, nan 
-12.375, -65.625, 3.945583498309091e-24, nan 
-12.125, -65.625, 6.523620975282751e-25, nan 
-11.875, -65.625, 6.880422878151353e-25, nan 
-11.625, -65.625, 7.412554770112337e-25, nan 
-11.375, -65.625, 4.6540060451303825e-25, nan 
-11.125, -65.625, 2.1281430761129933e-25, nan 
-10.875, -65.625, 2.187572718664002e-25, nan 
-10.625, -65.625, 2.4949658824928215e-25, nan 
-10.375, -65.625, 3.398334331228055e-25, nan 
-10.125, -65.625, 8.204709544434242e-25, nan 
-9.875, -65.625, 6.494505504754317e-25, nan 
-9.625, -65.625, 6.825999237192539e-25, nan 
-9.375, -65.625, 1.2201103156942034e-24, nan 
-9.125, -65.625, 1.3811845347592205e-24, nan 
-8.875, -65.625, 1.5820328511821871e-24, nan 
-8.625, -65.625, 1.2596746661109664e-24, nan 
-8.375, -65.625, 9.066888642474834e-25, nan 
-8.125, -65.625, 9.971652896978744e-25, nan 
-7.875, -65.625, 1.096045573190783e-24, nan 
-7.625, -65.625, 5.403435737242993e-25, nan 
-7.375, -65.625, 6.453277150137644e-25, nan 
-7.125, -65.625, 3.3420847507802328e-25, nan 
-6.875, -65.625, 5.596980715395457e-25, nan 
-6.625, -65.625, 2.4888104218073893e-25, nan 
-6.375, -65.625, 4.570034059846463e-25, nan 
-6.125, -65.625, 5.397497003552154e-25, nan 
-5.875, -65.625, 4.6637494211041275e-25, nan 
-5.625, -65.625, 1.2298511566020397e-24, nan 
-5.375, -65.625, 8.298238062420891e-25, nan 
-5.125, -65.625, 9.216311758670312e-25, nan 
-4.875, -65.625, 1.3651519928624814e-24, nan 
-4.625, -65.625, 1.966404065222768e-24, nan 
-4.375, -65.625, 1.2714373277858089e-24, nan 
-4.125, -65.625, 1.195750969759843e-24, nan 
-3.875, -65.625, 1.5216264288368614e-24, nan 
-3.625, -65.625, 1.8395011787022703e-24, nan 
-3.375, -65.625, 1.1902585481318618e-24, nan 
-3.125, -65.625, 1.667388939242026e-24, nan 
-2.875, -65.625, 2.5204606385722937e-24, nan 
-2.625, -65.625, 1.523756709310304e-24, nan 
-2.375, -65.625, 1.334500515906197e-24, nan 
-2.125, -65.625, 2.2582906959636162e-24, nan 
-1.875, -65.625, 1.6442917745799358e-24, nan 
-1.625, -65.625, 2.015768350760174e-24, nan 
-1.375, -65.625, 2.1090559932979978e-24, nan 
-1.125, -65.625, 1.0737776630200791e-24, nan 
-0.875, -65.625, 1.4471044104343024e-24, nan 
-0.625, -65.625, 2.05060992218139e-24, nan 
-0.375, -65.625, 1.2065771817149104e-24, nan 
-0.125, -65.625, 9.252102397021902e-25, nan 
0.125, -65.625, 1.5717547884830315e-24, nan 
0.375, -65.625, 1.4599207604467972e-24, nan 
0.625, -65.625, 1.1540909851919405e-24, nan 
-15.125, -65.375, 7.942114423239633e-24, nan 
-14.875, -65.375, 1.2564755581171561e-23, nan 
-14.625, -65.375, 9.792792825501313e-24, nan 
-14.375, -65.375, 9.682712344541609e-24, nan 
-14.125, -65.375, 6.928645927447658e-24, nan 
-13.875, -65.375, 1.4258372638955265e-24, nan 
-13.625, -65.375, 1.5552046137455326e-24, nan 
-13.375, -65.375, 3.664729554427541e-24, nan 
-13.125, -65.375, 1.3216585041228048e-24, nan 
-12.875, -65.375, 9.69223254979805e-25, nan 
-12.625, -65.375, 1.2228051483304185e-24, nan 
-12.375, -65.375, 1.074963221717388e-24, nan 
-12.125, -65.375, 7.325444075561899e-25, nan 
-11.875, -65.375, 6.2271528859072e-25, nan 
-11.625, -65.375, 4.8837073859788975e-25, nan 
-11.375, -65.375, 2.519862185389371e-25, nan 
-11.125, -65.375, 1.3323695251715423e-25, nan 
-10.875, -65.375, 1.598862143215448e-25, nan 
-10.625, -65.375, 1.7492489533590398e-25, nan 
-10.375, -65.375, 1.747977526036525e-25, nan 
-10.125, -65.375, 1.9589210739090297e-25, nan 
-9.875, -65.375, 1.753549370943693e-25, nan 
-9.625, -65.375, 3.807560449107219e-25, nan 
-9.375, -65.375, 8.859456759996016e-25, nan 
-9.125, -65.375, 8.33080485683519e-25, nan 
-8.875, -65.375, 9.466320612961123e-25, nan 
-8.625, -65.375, 9.842651009648425e-25, nan 
-8.375, -65.375, 4.448043503453316e-25, nan 
-8.125, -65.375, 1.0217516249687122e-24, nan 
-7.875, -65.375, 7.051766481342814e-25, nan 
-7.625, -65.375, 4.268237636150718e-25, nan 
-7.375, -65.375, 5.530859151695716e-25, nan 
-7.125, -65.375, 6.704076035949861e-25, nan 
-6.875, -65.375, 4.140706816076324e-25, nan 
-6.625, -65.375, 3.574901444019205e-25, nan 
-6.375, -65.375, 4.90026642117542e-25, nan 
-6.125, -65.375, 2.737928749820622e-25, nan 
-5.875, -65.375, 6.198712143424841e-25, nan 
-5.625, -65.375, 6.276734604242064e-25, nan 
-5.375, -65.375, 3.071763256911865e-25, nan 
-5.125, -65.375, 1.2849154241381576e-24, nan 
-4.875, -65.375, 2.195276455730695e-24, nan 
-4.625, -65.375, 1.5925987926073036e-24, nan 
-4.375, -65.375, 1.5455804405069743e-24, nan 
-4.125, -65.375, 2.844531058426144e-24, nan 
-3.875, -65.375, 2.0970804355754497e-24, nan 
-3.625, -65.375, 1.7896622033131163e-24, nan 
-3.375, -65.375, 2.4201198277999078e-24, nan 
-3.125, -65.375, 1.8876562092777617e-24, nan 
-2.875, -65.375, 2.8754550328769732e-24, nan 
-2.625, -65.375, 8.773948605766988e-25, nan 
-2.375, -65.375, 1.0069657473811386e-24, nan 
-2.125, -65.375, 2.406724459268301e-24, nan 
-1.875, -65.375, 2.1532641755766065e-24, nan 
-1.625, -65.375, 2.4780567928174838e-24, nan 
-1.375, -65.375, 2.4006562282382445e-24, nan 
-1.125, -65.375, 1.88178573433506e-24, nan 
-0.875, -65.375, 2.0796314175402295e-24, nan 
-0.625, -65.375, 2.1577420175527396e-24, nan 
-0.375, -65.375, 1.5891352111038367e-24, nan 
-0.125, -65.375, 1.004760579520092e-24, nan 
0.125, -65.375, 1.3952864116567782e-24, nan 
0.375, -65.375, 1.3219205345894523e-24, nan 
0.625, -65.375, 1.5487660133352223e-24, nan 
0.875, -65.375, 2.0075701016975222e-24, nan 
-15.125, -65.125, 1.1289935323827288e-23, nan 
-14.875, -65.125, 1.4035635036067643e-23, nan 
-14.625, -65.125, 1.4824630560240852e-23, nan 
-14.375, -65.125, 1.3371793467898207e-23, nan 
-14.125, -65.125, 8.246043992245325e-24, nan 
-13.875, -65.125, 9.42845461562016e-24, nan 
-13.625, -65.125, 8.63174789062458e-24, nan 
-13.375, -65.125, 5.246002181341856e-24, nan 
-13.125, -65.125, 1.1294377250598211e-24, nan 
-12.875, -65.125, 9.028393207275773e-25, nan 
-12.625, -65.125, 1.1316858595875007e-24, nan 
-12.375, -65.125, 7.586678446078756e-25, nan 
-12.125, -65.125, 8.653188264977175e-25, nan 
-11.875, -65.125, 9.07955626353269e-25, nan 
-11.625, -65.125, 4.1099308811018256e-25, nan 
-11.375, -65.125, 4.215593715678645e-25, nan 
-11.125, -65.125, 5.039985805094511e-25, nan 
-10.875, -65.125, 2.3430313825479662e-25, nan 
-10.625, -65.125, 1.1500929896109327e-25, nan 
-10.375, -65.125, 2.3008421019340906e-25, nan 
-10.125, -65.125, 6.168666696347598e-25, nan 
-9.875, -65.125, 9.032457730238996e-25, nan 
-9.625, -65.125, 1.5888875766364687e-24, nan 
-9.375, -65.125, 1.2256886786791094e-24, nan 
-9.125, -65.125, 1.2139888827447642e-24, nan 
-8.875, -65.125, 1.2710080378266723e-24, nan 
-8.625, -65.125, 7.930280109251226e-25, nan 
-8.375, -65.125, 6.6678783047818285e-25, nan 
-8.125, -65.125, 1.4239512757890606e-24, nan 
-7.875, -65.125, 7.4578800007761795e-25, nan 
-7.625, -65.125, 1.0089241032461865e-24, nan 
-7.375, -65.125, 1.1768919947690076e-24, nan 
-7.125, -65.125, 7.769520053129034e-25, nan 
-6.875, -65.125, 4.7711358315176375e-25, nan 
-6.625, -65.125, 5.266943317386478e-25, nan 
-6.375, -65.125, 4.963435368884626e-25, nan 
-6.125, -65.125, 2.690931457241476e-25, nan 
-5.875, -65.125, 9.82544586799152e-25, nan 
-5.625, -65.125, 1.9992756094878803e-24, nan 
-5.375, -65.125, 9.138188335379046e-25, nan 
-5.125, -65.125, 7.853607178751586e-25, nan 
-4.875, -65.125, 2.5286824407605468e-24, nan 
-4.625, -65.125, 1.3258096388667598e-24, nan 
-4.375, -65.125, 1.8001294109268686e-24, nan 
-4.125, -65.125, 3.720449052603528e-24, nan 
-3.875, -65.125, 4.164026985631922e-24, nan 
-3.625, -65.125, 3.542372470809994e-24, nan 
-3.375, -65.125, 4.095662341561564e-24, nan 
-3.125, -65.125, 3.923285101771017e-24, nan 
-2.875, -65.125, 3.489092334226729e-24, nan 
-2.625, -65.125, 3.0511108865124203e-24, nan 
-2.375, -65.125, 3.0814677334364087e-24, nan 
-2.125, -65.125, 2.4616124409523165e-24, nan 
-1.875, -65.125, 2.1085268294933965e-24, nan 
-1.625, -65.125, 2.1020288288500242e-24, nan 
-1.375, -65.125, 2.0977728581524378e-24, nan 
-1.125, -65.125, 2.0698564508270918e-24, nan 
-0.875, -65.125, 1.0186257427613691e-24, nan 
-0.625, -65.125, 9.887433381205195e-25, nan 
-0.375, -65.125, 1.6782002978933738e-24, nan 
-0.125, -65.125, 1.950250080004664e-24, nan 
0.125, -65.125, 1.814541324545429e-24, nan 
0.375, -65.125, 2.124712276804073e-24, nan 
0.625, -65.125, 1.7943273823773494e-24, nan 
0.875, -65.125, 2.5315038531610355e-24, nan 
-14.875, -64.875, 9.426859987551054e-24, nan 
-14.625, -64.875, 6.398962272752092e-24, nan 
-14.375, -64.875, 9.351441629946868e-24, nan 
-14.125, -64.875, 1.4466683865634793e-23, nan 
-13.875, -64.875, 1.2037163072010681e-23, nan 
-13.625, -64.875, 9.529304989449578e-24, nan 
-13.375, -64.875, 1.0912960196715038e-23, nan 
-13.125, -64.875, 6.684122244942673e-24, nan 
-12.875, -64.875, 2.1832431086028546e-24, nan 
-12.625, -64.875, 1.9216647044682953e-24, nan 
-12.375, -64.875, 1.281538200210359e-24, nan 
-12.125, -64.875, 1.2372810414293886e-24, nan 
-11.875, -64.875, 9.655467706157492e-25, nan 
-11.625, -64.875, 3.259742776315515e-25, nan 
-11.375, -64.875, 7.15617861646772e-26, nan 
-11.125, -64.875, 1.9618631827032706e-25, nan 
-10.875, -64.875, 5.126432032221082e-25, nan 
-10.625, -64.875, 6.942959318723954e-25, nan 
-10.375, -64.875, 1.1637153602659001e-24, nan 
-10.125, -64.875, 1.0078637424290683e-24, nan 
-9.875, -64.875, 1.215854543410243e-24, nan 
-9.625, -64.875, 2.1830906013331393e-24, nan 
-9.375, -64.875, 1.5851440588539449e-24, nan 
-9.125, -64.875, 1.513157780893958e-24, nan 
-8.875, -64.875, 1.10361424029346e-24, nan 
-8.625, -64.875, 1.0123980804903312e-24, nan 
-8.375, -64.875, 1.2224450458007963e-24, nan 
-8.125, -64.875, 1.2564019188504034e-24, nan 
-7.875, -64.875, 1.1106955330364377e-24, nan 
-7.625, -64.875, 1.7483107341381467e-24, nan 
-7.375, -64.875, 2.149609510661087e-24, nan 
-7.125, -64.875, 1.083263079585866e-24, nan 
-6.875, -64.875, 9.414196451698986e-25, nan 
-6.625, -64.875, 1.3709884815110206e-24, nan 
-6.375, -64.875, 1.5572312734831676e-24, nan 
-6.125, -64.875, 2.3003654654384113e-24, nan 
-5.875, -64.875, 1.8877527837368594e-24, nan 
-5.625, -64.875, 2.6748819656093506e-24, nan 
-5.375, -64.875, 2.2414839335665482e-24, nan 
-5.125, -64.875, 1.6898254941394754e-24, nan 
-4.875, -64.875, 9.004823053755063e-24, nan 
-4.625, -64.875, 1.528513936630134e-23, nan 
-4.375, -64.875, 1.77379103082356e-23, nan 
-4.125, -64.875, 1.9819779898573964e-23, nan 
-3.875, -64.875, 1.898511853222455e-23, nan 
-3.625, -64.875, 1.9818401843023906e-23, nan 
-3.375, -64.875, 1.7860200516409068e-23, nan 
-3.125, -64.875, 8.07876036528664e-24, nan 
-2.875, -64.875, 4.2734838900884224e-24, nan 
-2.625, -64.875, 5.427947725970324e-24, nan 
-2.375, -64.875, 4.817371064823196e-24, nan 
-2.125, -64.875, 4.252030893655223e-24, nan 
-1.875, -64.875, 4.594061546382468e-24, nan 
-1.625, -64.875, 4.297537909823848e-24, nan 
-1.375, -64.875, 2.8960848808426343e-24, nan 
-1.125, -64.875, 2.3218286434983497e-24, nan 
-0.875, -64.875, 2.0010400365176395e-24, nan 
-0.625, -64.875, 1.4944654459796105e-24, nan 
-0.375, -64.875, 7.07683579701358e-25, nan 
-0.125, -64.875, 2.4935642638960984e-24, nan 
0.125, -64.875, 2.10189409402608e-24, nan 
0.375, -64.875, 2.485294708804364e-24, nan 
0.625, -64.875, 1.8929374090465285e-24, nan 
0.875, -64.875, 1.9496174621546604e-24, nan 
1.125, -64.875, 2.5275612299033474e-24, nan 
-14.875, -64.625, 2.01323445807612e-23, nan 
-14.625, -64.625, 2.1566875443830233e-23, nan 
-14.375, -64.625, 2.0524671029349173e-23, nan 
-14.125, -64.625, 1.5537565603957186e-23, nan 
-13.875, -64.625, 1.0981630385634358e-23, nan 
-13.625, -64.625, 9.08759489432712e-24, nan 
-13.375, -64.625, 5.9718015008924744e-24, nan 
-13.125, -64.625, 2.106782498911771e-24, nan 
-12.875, -64.625, 1.895644036836535e-24, nan 
-12.625, -64.625, 1.788328161110024e-24, nan 
-12.375, -64.625, 1.6980752466269574e-24, nan 
-12.125, -64.625, 1.6317083154576894e-24, nan 
-11.875, -64.625, 1.6088520566761787e-24, nan 
-11.625, -64.625, 7.955081937535484e-25, nan 
-11.375, -64.625, 4.614351995213496e-25, nan 
-11.125, -64.625, 1.9606314148682973e-25, nan 
-10.875, -64.625, 3.123244641631051e-25, nan 
-10.625, -64.625, 4.520884889086619e-25, nan 
-10.375, -64.625, 1.2337564052473706e-24, nan 
-10.125, -64.625, 9.882949604765869e-25, nan 
-9.875, -64.625, 7.708518884265288e-25, nan 
-9.625, -64.625, 2.222492669249473e-24, nan 
-9.375, -64.625, 1.0989929104067274e-24, nan 
-9.125, -64.625, 1.5257344756439732e-24, nan 
-8.875, -64.625, 9.084822024673521e-25, nan 
-8.625, -64.625, 7.213412832621104e-25, nan 
-8.375, -64.625, 2.3756990607289507e-25, nan 
-8.125, -64.625, 2.5105276660543367e-25, nan 
-7.875, -64.625, 8.396802577338917e-25, nan 
-7.625, -64.625, 1.233049356562914e-24, nan 
-7.375, -64.625, 1.3958826430835814e-24, nan 
-7.125, -64.625, 1.0060247996205817e-24, nan 
-6.875, -64.625, 1.665660977040147e-24, nan 
-6.625, -64.625, 2.211971076194013e-24, nan 
-6.375, -64.625, 2.7979378456067473e-24, nan 
-6.125, -64.625, 2.8710919850942947e-24, nan 
-5.875, -64.625, 3.77732101447326e-24, nan 
-5.625, -64.625, 7.250420117305014e-24, nan 
-5.375, -64.625, 1.6321560753495293e-23, nan 
-5.125, -64.625, 1.969925587346901e-23, nan 
-4.875, -64.625, 1.9614907073404514e-23, nan 
-4.625, -64.625, 2.5099391178449333e-23, nan 
-4.375, -64.625, 2.6440053850763152e-23, nan 
-4.125, -64.625, 2.5289837098746408e-23, nan 
-3.875, -64.625, 2.432432214559873e-23, nan 
-3.625, -64.625, 2.752889460550462e-23, nan 
-3.375, -64.625, 2.4585347749060404e-23, nan 
-3.125, -64.625, 1.496543495277048e-23, nan 
-2.875, -64.625, 2.0264177870543469e-23, nan 
-2.625, -64.625, 1.685845958527575e-23, nan 
-2.375, -64.625, 6.180218745036676e-24, nan 
-2.125, -64.625, 4.868501333584758e-24, nan 
-1.875, -64.625, 5.285695851439645e-24, nan 
-1.625, -64.625, 3.479227947563674e-24, nan 
-1.375, -64.625, 4.6255753221682174e-24, nan 
-1.125, -64.625, 4.109324810647736e-24, nan 
-0.875, -64.625, 6.032335154676395e-24, nan 
-0.625, -64.625, 4.0803920081060366e-24, nan 
-0.375, -64.625, 5.164753469955281e-24, nan 
-0.125, -64.625, 2.9159828932671112e-24, nan 
0.125, -64.625, 7.637238069421061e-25, nan 
0.375, -64.625, 2.101851849005979e-24, nan 
0.625, -64.625, 1.172586782059528e-24, nan 
0.875, -64.625, 1.2036817939500278e-24, nan 
1.125, -64.625, 1.794480186366723e-24, nan 
-14.625, -64.375, 1.8350049652608406e-23, nan 
-14.375, -64.375, 1.8137020577925837e-23, nan 
-14.125, -64.375, 1.351447090529052e-23, nan 
-13.875, -64.375, 5.6502428258959555e-24, nan 
-13.625, -64.375, 5.095472700331134e-24, nan 
-13.375, -64.375, 6.861348203664486e-24, nan 
-13.125, -64.375, 8.43479190700092e-24, nan 
-12.875, -64.375, 9.031905183128893e-24, nan 
-12.625, -64.375, 5.0922967046444565e-24, nan 
-12.375, -64.375, 2.584822734917532e-24, nan 
-12.125, -64.375, 1.6513672428435348e-24, nan 
-11.875, -64.375, 1.9787975734817425e-24, nan 
-11.625, -64.375, 1.9152258401740218e-24, nan 
-11.375, -64.375, 1.329923822677942e-24, nan 
-11.125, -64.375, 6.806663417189567e-25, nan 
-10.875, -64.375, 3.649449271214085e-25, nan 
-10.625, -64.375, 2.4490788993864757e-25, nan 
-10.375, -64.375, 2.477080582683705e-25, nan 
-10.125, -64.375, 1.3847339199595057e-24, nan 
-9.875, -64.375, 1.940466045512999e-24, nan 
-9.625, -64.375, 1.898773411810829e-24, nan 
-9.375, -64.375, 2.0922984608172008e-24, nan 
-9.125, -64.375, 3.420808517495001e-24, nan 
-8.875, -64.375, 7.827400146980021e-25, nan 
-8.625, -64.375, 8.493739176886954e-25, nan 
-8.375, -64.375, 1.3416240773556944e-24, nan 
-8.125, -64.375, 5.203305821307456e-25, nan 
-7.875, -64.375, 4.256316865352211e-25, nan 
-7.625, -64.375, 3.539694852302521e-25, nan 
-7.375, -64.375, 1.5337033907055576e-24, nan 
-7.125, -64.375, 2.3808473756573995e-24, nan 
-6.875, -64.375, 1.6460556002632741e-24, nan 
-6.625, -64.375, 2.0927554927686573e-24, nan 
-6.375, -64.375, 3.585811393429117e-24, nan 
-6.125, -64.375, 3.758780330408338e-24, nan 
-5.875, -64.375, 1.3800440724567136e-23, nan 
-5.625, -64.375, 1.8721725250823136e-23, nan 
-5.375, -64.375, 2.2263454030449153e-23, nan 
-5.125, -64.375, 2.964199132943846e-23, nan 
-4.875, -64.375, 2.4118960365119037e-23, nan 
-4.625, -64.375, 2.1626355633904877e-23, nan 
-4.375, -64.375, 1.3488047100435876e-23, nan 
-4.125, -64.375, 7.303479387347334e-24, nan 
-3.875, -64.375, 2.0034199261812842e-23, nan 
-3.625, -64.375, 2.2684974142189613e-23, nan 
-3.375, -64.375, 2.6255915048106865e-23, nan 
-3.125, -64.375, 2.0227062192890376e-23, nan 
-2.875, -64.375, 2.2961511938849054e-23, nan 
-2.625, -64.375, 2.5466010789674609e-23, nan 
-2.375, -64.375, 1.2068960439719745e-23, nan 
-2.125, -64.375, 5.2053883923293335e-24, nan 
-1.875, -64.375, 5.943245999410216e-24, nan 
-1.625, -64.375, 6.090452525146665e-24, nan 
-1.375, -64.375, 5.156027845593147e-24, nan 
-1.125, -64.375, 3.56447146464788e-24, nan 
-0.875, -64.375, 7.964010243927257e-24, nan 
-0.625, -64.375, 6.274803909492628e-24, nan 
-0.375, -64.375, 6.965939203085753e-24, nan 
-0.125, -64.375, 5.399001407773063e-24, nan 
0.125, -64.375, 5.1251212975636965e-24, nan 
0.375, -64.375, 4.554821893672985e-24, nan 
0.625, -64.375, 3.81212842783893e-24, nan 
0.875, -64.375, 1.8657543658820886e-24, nan 
1.125, -64.375, 3.676924769658954e-24, nan 
-14.625, -64.125, 4.327253628762255e-24, nan 
-14.375, -64.125, 3.827310144963826e-24, nan 
-14.125, -64.125, 5.986512622330911e-24, nan 
-13.875, -64.125, 4.885292031951818e-24, nan 
-13.625, -64.125, 2.9324546077767486e-24, nan 
-13.375, -64.125, 7.721380374819772e-24, nan 
-13.125, -64.125, 1.2146733711103505e-23, nan 
-12.875, -64.125, 1.2183417401609088e-23, nan 
-12.625, -64.125, 7.706424273282467e-24, nan 
-12.375, -64.125, 8.771276642798472e-24, nan 
-12.125, -64.125, 8.041334482893957e-24, nan 
-11.875, -64.125, 4.6287815254225025e-24, nan 
-11.625, -64.125, 2.8673598890202795e-24, nan 
-11.375, -64.125, 1.9794303117049033e-24, nan 
-11.125, -64.125, 2.2393625485631737e-24, nan 
-10.875, -64.125, 1.8107219363932387e-24, nan 
-10.625, -64.125, 1.3126917781961963e-24, nan 
-10.375, -64.125, 3.9156968937301445e-25, nan 
-10.125, -64.125, 3.7521993476721724e-25, nan 
-9.875, -64.125, 3.485689624897845e-25, nan 
-9.625, -64.125, 5.101637566489069e-25, nan 
-9.375, -64.125, 1.676550133661549e-24, nan 
-9.125, -64.125, 2.3528978949959075e-24, nan 
-8.875, -64.125, 6.820485777422588e-25, nan 
-8.625, -64.125, 5.555310378668785e-25, nan 
-8.375, -64.125, 5.207469078830537e-25, nan 
-8.125, -64.125, 2.2849979735009248e-25, nan 
-7.875, -64.125, 6.528236276564952e-25, nan 
-7.625, -64.125, 4.106503901400176e-25, nan 
-7.375, -64.125, 1.2293665068597443e-24, nan 
-7.125, -64.125, 2.8007875527619245e-24, nan 
-6.875, -64.125, 1.3926242781264389e-24, nan 
-6.625, -64.125, 1.3813023908961549e-24, nan 
-6.375, -64.125, 3.650411326110052e-24, nan 
-6.125, -64.125, 3.8577878860651635e-24, nan 
-5.875, -64.125, 2.0792855857755117e-24, nan 
-5.625, -64.125, 2.398606077291396e-23, nan 
-5.375, -64.125, 3.297674050124904e-23, nan 
-5.125, -64.125, 3.472557014700272e-23, nan 
-4.875, -64.125, 4.635505573939169e-23, nan 
-4.625, -64.125, 5.0716106603033014e-23, nan 
-4.375, -64.125, 4.1292268269036115e-23, nan 
-4.125, -64.125, 3.2097042794613385e-23, nan 
-3.875, -64.125, 3.233104618607151e-23, nan 
-3.625, -64.125, 2.719454068835652e-23, nan 
-3.375, -64.125, 3.046648506119034e-23, nan 
-3.125, -64.125, 2.824081904648825e-23, nan 
-2.875, -64.125, 2.4211319718718978e-23, nan 
-2.625, -64.125, 2.0473142362746772e-23, nan 
-2.375, -64.125, 1.2398149940993586e-23, nan 
-2.125, -64.125, 7.145393960008328e-24, nan 
-1.875, -64.125, 4.741289961353188e-24, nan 
-1.625, -64.125, 3.9363728667958056e-24, nan 
-1.375, -64.125, 1.5399629458853828e-24, nan 
-1.125, -64.125, 1.8511126298777107e-24, nan 
-0.875, -64.125, 2.3130672274061167e-24, nan 
-0.625, -64.125, 4.265606469198291e-24, nan 
-0.375, -64.125, 4.543818246763039e-24, nan 
-0.125, -64.125, 3.023636715591695e-24, nan 
0.125, -64.125, 7.175069232997349e-24, nan 
0.375, -64.125, 5.495617194350512e-24, nan 
0.625, -64.125, 5.6872840497886375e-24, nan 
0.875, -64.125, 8.681533692736131e-24, nan 
1.125, -64.125, 8.04830305525542e-24, nan 
1.375, -64.125, 5.9660007511188596e-24, nan 
-14.375, -63.875, 3.2439145855419464e-24, nan 
-14.125, -63.875, 6.754344904787762e-24, nan 
-13.875, -63.875, 5.447298995270946e-24, nan 
-13.625, -63.875, 3.6068704592173056e-24, nan 
-13.375, -63.875, 4.967092738224133e-24, nan 
-13.125, -63.875, 7.535641648530623e-24, nan 
-12.875, -63.875, 8.493692512004699e-24, nan 
-12.625, -63.875, 8.187760154079077e-24, nan 
-12.375, -63.875, 7.746702111516264e-24, nan 
-12.125, -63.875, 7.9396576306787e-24, nan 
-11.875, -63.875, 7.419366373196474e-24, nan 
-11.625, -63.875, 6.490067346659194e-24, nan 
-11.375, -63.875, 2.6320352364365977e-24, nan 
-11.125, -63.875, 3.2940455845897983e-24, nan 
-10.875, -63.875, 2.4300564225125464e-24, nan 
-10.625, -63.875, 1.982414174961017e-24, nan 
-10.375, -63.875, 1.4973439193787613e-24, nan 
-10.125, -63.875, 1.1584454205194687e-24, nan 
-9.875, -63.875, 1.1166785580858608e-24, nan 
-9.625, -63.875, 4.745435339173759e-25, nan 
-9.375, -63.875, 4.201920088020621e-25, nan 
-9.125, -63.875, 3.214930837140584e-25, nan 
-8.875, -63.875, 6.10079609476466e-25, nan 
-8.625, -63.875, 5.727278491888402e-25, nan 
-8.375, -63.875, 3.682995136572497e-25, nan 
-8.125, -63.875, 1.0069310508583207e-24, nan 
-7.875, -63.875, 1.6968378980023504e-24, nan 
-7.625, -63.875, 8.135720750122625e-25, nan 
-7.375, -63.875, 2.014634106831567e-24, nan 
-7.125, -63.875, 2.478940788189928e-24, nan 
-6.875, -63.875, 1.6128195310376645e-24, nan 
-6.625, -63.875, 2.0737997133882992e-24, nan 
-6.375, -63.875, 3.7112829828271876e-24, nan 
-6.125, -63.875, 2.760523525715585e-24, nan 
-5.875, -63.875, 1.7566146112501126e-24, nan 
-5.625, -63.875, 3.008652479593608e-24, nan 
-5.375, -63.875, 6.1470072570004166e-24, nan 
-5.125, -63.875, 1.1047660924734932e-23, nan 
-4.875, -63.875, 4.7268075866708594e-23, nan 
-4.625, -63.875, 4.6703653015370733e-23, nan 
-4.375, -63.875, 4.2147705136358495e-23, nan 
-4.125, -63.875, 4.785248268006235e-23, nan 
-3.875, -63.875, 4.7448689344091927e-23, nan 
-3.625, -63.875, 3.739218328046637e-23, nan 
-3.375, -63.875, 2.715149953178354e-23, nan 
-3.125, -63.875, 3.242609429403523e-23, nan 
-2.875, -63.875, 2.797052364694157e-23, nan 
-2.625, -63.875, 1.387970229955149e-23, nan 
-2.375, -63.875, 8.860566645570188e-24, nan 
-2.125, -63.875, 1.0280089853197679e-23, nan 
-1.875, -63.875, 7.746596568167801e-24, nan 
-1.625, -63.875, 3.9543961633968706e-24, nan 
-1.375, -63.875, 3.2813422414805576e-24, nan 
-1.125, -63.875, 2.529747634336977e-24, nan 
-0.875, -63.875, 3.599266220248878e-24, nan 
-0.625, -63.875, 5.816414261847907e-24, nan 
-0.375, -63.875, 5.194476049207467e-24, nan 
-0.125, -63.875, 6.5962811099714325e-24, nan 
0.125, -63.875, 8.664045507724946e-24, nan 
0.375, -63.875, 4.486802714068711e-24, nan 
0.625, -63.875, 7.274098944625843e-24, nan 
0.875, -63.875, 1.2467710935359571e-23, nan 
1.125, -63.875, 1.2004605490598827e-23, nan 
1.375, -63.875, 8.581465400771781e-24, nan 
-14.375, -63.625, 7.636287700598003e-24, nan 
-14.125, -63.625, 8.253332460477764e-24, nan 
-13.875, -63.625, 7.600292264387622e-24, nan 
-13.625, -63.625, 5.754454680383306e-24, nan 
-13.375, -63.625, 5.3151293639315486e-24, nan 
-13.125, -63.625, 7.613761596621134e-24, nan 
-12.875, -63.625, 6.895640552821948e-24, nan 
-12.625, -63.625, 6.820574432724041e-24, nan 
-12.375, -63.625, 4.202785738435988e-24, nan 
-12.125, -63.625, 6.619304940481697e-24, nan 
-11.875, -63.625, 8.152828731007977e-24, nan 
-11.625, -63.625, 7.389408695964653e-24, nan 
-11.375, -63.625, 5.135470596577428e-24, nan 
-11.125, -63.625, 6.720890039486248e-24, nan 
-10.875, -63.625, 6.16878068340827e-24, nan 
-10.625, -63.625, 3.32420157799601e-24, nan 
-10.375, -63.625, 2.7084180676631654e-24, nan 
-10.125, -63.625, 2.4655289173953348e-24, nan 
-9.875, -63.625, 1.4201339297703416e-24, nan 
-9.625, -63.625, 4.994784292295495e-25, nan 
-9.375, -63.625, 2.2719927099262713e-24, nan 
-9.125, -63.625, 7.122697350148474e-24, nan 
-8.875, -63.625, 4.790035187527237e-25, nan 
-8.625, -63.625, 6.274114892352215e-25, nan 
-8.375, -63.625, 6.015542927854599e-25, nan 
-8.125, -63.625, 2.958445108727569e-25, nan 
-7.875, -63.625, 1.144979676092976e-24, nan 
-7.625, -63.625, 1.2852497084276158e-24, nan 
-7.375, -63.625, 3.5609439006980046e-24, nan 
-7.125, -63.625, 2.587904357928196e-24, nan 
-6.875, -63.625, 1.6729463532967066e-24, nan 
-6.625, -63.625, 2.622263543750362e-24, nan 
-6.375, -63.625, 4.525353971768743e-24, nan 
-6.125, -63.625, 3.818963993356121e-24, nan 
-5.875, -63.625, 4.162975455085188e-24, nan 
-5.625, -63.625, 8.172041592526016e-24, nan 
-5.375, -63.625, 4.581173347674151e-24, nan 
-5.125, -63.625, 2.8842529383753984e-24, nan 
-4.875, -63.625, 9.125326196115251e-24, nan 
-4.625, -63.625, 6.5028135513610405e-24, nan 
-4.375, -63.625, 2.1415591453563098e-23, nan 
-4.125, -63.625, 3.2842847878062927e-23, nan 
-3.875, -63.625, 3.6419462380996693e-23, nan 
-3.625, -63.625, 3.5517302560415417e-23, nan 
-3.375, -63.625, 1.4874722255578016e-23, nan 
-3.125, -63.625, 1.5967653090799028e-23, nan 
-2.875, -63.625, 1.65042492665569e-23, nan 
-2.625, -63.625, 1.547942121216845e-23, nan 
-2.375, -63.625, 7.240202136317144e-24, nan 
-2.125, -63.625, 1.491957493574314e-23, nan 
-1.875, -63.625, 1.1080852784825334e-23, nan 
-1.625, -63.625, 1.0260644012856065e-23, nan 
-1.375, -63.625, 1.5168776097261704e-23, nan 
-1.125, -63.625, 1.2064801835669421e-23, nan 
-0.875, -63.625, 1.4919340431240893e-23, nan 
-0.625, -63.625, 1.3295073046385574e-23, nan 
-0.375, -63.625, 9.567019628074045e-24, nan 
-0.125, -63.625, 1.374961910068721e-23, nan 
0.125, -63.625, 1.8160036673451523e-23, nan 
0.375, -63.625, 8.000199858141163e-24, nan 
0.625, -63.625, 1.3580831784053705e-23, nan 
0.875, -63.625, 1.87059797439428e-23, nan 
1.125, -63.625, 1.5685413992998682e-23, nan 
1.375, -63.625, 1.6106730150196736e-23, nan 
-14.125, -63.375, 6.266888674273835e-24, nan 
-13.875, -63.375, 4.446348449128782e-24, nan 
-13.625, -63.375, 3.601592187465091e-24, nan 
-13.375, -63.375, 3.27394417673422e-24, nan 
-13.125, -63.375, 3.2527074184608724e-24, nan 
-12.875, -63.375, 4.165360323279997e-24, nan 
-12.625, -63.375, 4.709488294022839e-24, nan 
-12.375, -63.375, 4.332398954518782e-24, nan 
-12.125, -63.375, 5.8933479065069544e-24, nan 
-11.875, -63.375, 8.714908095838844e-24, nan 
-11.625, -63.375, 6.230181828240103e-24, nan 
-11.375, -63.375, 6.733207928648187e-24, nan 
-11.125, -63.375, 8.914703513080838e-24, nan 
-10.875, -63.375, 7.952291508516813e-24, nan 
-10.625, -63.375, 4.6794907296954186e-24, nan 
-10.375, -63.375, 4.593046616401799e-24, nan 
-10.125, -63.375, 6.11857349865005e-24, nan 
-9.875, -63.375, 8.145520984723979e-24, nan 
-9.625, -63.375, 1.2393997316054165e-24, nan 
-9.375, -63.375, 5.5527474329815296e-24, nan 
-9.125, -63.375, 1.8278573321908585e-23, nan 
-8.875, -63.375, 2.4421062681076876e-24, nan 
-8.625, -63.375, 3.5254011641766e-24, nan 
-8.375, -63.375, 8.011369297756405e-24, nan 
-8.125, -63.375, 3.869268857216592e-24, nan 
-7.875, -63.375, 3.1176978228245613e-24, nan 
-7.625, -63.375, 3.3087269083452e-24, nan 
-7.375, -63.375, 6.987128671839752e-24, nan 
-7.125, -63.375, 5.3843628355841195e-24, nan 
-6.875, -63.375, 2.6706528816007146e-24, nan 
-6.625, -63.375, 4.139469904274851e-24, nan 
-6.375, -63.375, 2.7624437761983092e-24, nan 
-6.125, -63.375, 3.1517453118902307e-24, nan 
-5.875, -63.375, 5.015743112740723e-24, nan 
-5.625, -63.375, 1.0347810775359867e-23, nan 
-5.375, -63.375, 6.783820927419744e-24, nan 
-5.125, -63.375, 5.344739547706456e-24, nan 
-4.875, -63.375, 6.892136989830642e-24, nan 
-4.625, -63.375, 1.2487584272616346e-23, nan 
-4.375, -63.375, 1.5961499269725004e-23, nan 
-4.125, -63.375, 1.7821330136217816e-23, nan 
-3.875, -63.375, 1.9617276280801153e-23, nan 
-3.625, -63.375, 1.9489903878490018e-23, nan 
-3.375, -63.375, 2.3251555543424175e-23, nan 
-3.125, -63.375, 1.109572496549635e-23, nan 
-2.875, -63.375, 1.8671732733044366e-23, nan 
-2.625, -63.375, 1.5101939308589024e-23, nan 
-2.375, -63.375, 1.58571139563722e-23, nan 
-2.125, -63.375, 2.4467947947885077e-23, nan 
-1.875, -63.375, 2.390091774659303e-23, nan 
-1.625, -63.375, 2.996426356857614e-23, nan 
-1.375, -63.375, 3.0318681620510473e-23, nan 
-1.125, -63.375, 2.753621417134293e-23, nan 
-0.875, -63.375, 3.6589050837163786e-23, nan 
-0.625, -63.375, 1.3207093486349649e-23, nan 
-0.375, -63.375, 1.6461592412789055e-23, nan 
-0.125, -63.375, 2.226008689522776e-23, nan 
0.125, -63.375, 2.9437666949398137e-23, nan 
0.375, -63.375, 3.1238348129918474e-23, nan 
0.625, -63.375, 5.29459434896493e-23, nan 
0.875, -63.375, 2.3466749278572402e-23, nan 
1.125, -63.375, 4.547503209133113e-23, nan 
1.375, -63.375, 5.781987294085927e-23, nan 
-13.875, -63.125, 8.457905432607237e-24, nan 
-13.625, -63.125, 6.784146298424166e-24, nan 
-13.375, -63.125, 8.46828343572868e-24, nan 
-13.125, -63.125, 7.710838604401245e-24, nan 
-12.875, -63.125, 1.0373074675939423e-23, nan 
-12.625, -63.125, 1.2029688601493872e-23, nan 
-12.375, -63.125, 1.1401464535576953e-23, nan 
-12.125, -63.125, 1.7322793868861464e-23, nan 
-11.875, -63.125, 1.767136408679122e-23, nan 
-11.625, -63.125, 1.2084796820914447e-23, nan 
-11.375, -63.125, 1.1328781791515734e-23, nan 
-11.125, -63.125, 1.6851447719693317e-23, nan 
-10.875, -63.125, 1.2911024360858447e-23, nan 
-10.625, -63.125, 5.359068262027476e-24, nan 
-10.375, -63.125, 8.060868177866875e-24, nan 
-10.125, -63.125, 5.4753996485208526e-24, nan 
-9.875, -63.125, 5.9463826287988055e-24, nan 
-9.625, -63.125, 2.2073990973669335e-24, nan 
-9.375, -63.125, 7.18410731345606e-24, nan 
-9.125, -63.125, 1.8866265343475837e-23, nan 
-8.875, -63.125, 8.541093529274225e-24, nan 
-8.625, -63.125, 1.0287672359016864e-23, nan 
-8.375, -63.125, 7.18869608955361e-24, nan 
-8.125, -63.125, 1.0594830858146461e-23, nan 
-7.875, -63.125, 1.2123583902825945e-23, nan 
-7.625, -63.125, 1.0306615455343382e-23, nan 
-7.375, -63.125, 8.246098877018055e-24, nan 
-7.125, -63.125, 1.3006807978753791e-23, nan 
-6.875, -63.125, 5.020636830308732e-24, nan 
-6.625, -63.125, 7.79239303065795e-24, nan 
-6.375, -63.125, 9.88558695324026e-24, nan 
-6.125, -63.125, 6.201335716506188e-24, nan 
-5.875, -63.125, 5.761134563835014e-24, nan 
-5.625, -63.125, 2.2716970062513465e-24, nan 
-5.375, -63.125, 1.2168428361238254e-23, nan 
-5.125, -63.125, 1.6227756830627375e-23, nan 
-4.875, -63.125, 1.4327771942385662e-23, nan 
-4.625, -63.125, 2.4937186498515835e-23, nan 
-4.375, -63.125, 3.9180847512341555e-23, nan 
-4.125, -63.125, 1.8251240832522992e-23, nan 
-3.875, -63.125, 3.123486303116816e-23, nan 
-3.625, -63.125, 3.02976888069414e-23, nan 
-3.375, -63.125, 3.34259890111617e-23, nan 
-3.125, -63.125, 2.8523714883882763e-23, nan 
-2.875, -63.125, 4.520953641736099e-23, nan 
-2.625, -63.125, 3.981236816749e-23, nan 
-2.375, -63.125, 3.612056007932101e-23, nan 
-2.125, -63.125, 3.499824299952783e-23, nan 
-1.875, -63.125, 5.2350081274718075e-23, nan 
-1.625, -63.125, 7.467384516045688e-23, nan 
-1.375, -63.125, 5.352265887464259e-23, nan 
-1.125, -63.125, 2.5160283146240312e-23, nan 
-0.875, -63.125, 2.299671675297872e-23, nan 
-0.625, -63.125, 2.2137559539705798e-23, nan 
-0.375, -63.125, 3.608151043076141e-23, nan 
-0.125, -63.125, 3.980785713100451e-23, nan 
0.125, -63.125, 4.2656942777886024e-23, nan 
0.375, -63.125, 1.5633970905693643e-22, nan 
0.625, -63.125, 1.4531597497453446e-22, nan 
0.875, -63.125, 1.182791359422369e-22, nan 
1.125, -63.125, 2.551585854909769e-22, nan 
1.375, -63.125, 1.1052799770153918e-22, nan 
-13.875, -62.875, 9.909921513230521e-24, nan 
-13.625, -62.875, 8.719414972866873e-24, nan 
-13.375, -62.875, 1.0312016807039017e-23, nan 
-13.125, -62.875, 1.0467043006386483e-23, nan 
-12.875, -62.875, 1.1406690637433394e-23, nan 
-12.625, -62.875, 1.7277284091944028e-23, nan 
-12.375, -62.875, 1.964964558301911e-23, nan 
-12.125, -62.875, 2.072496399577868e-23, nan 
-11.875, -62.875, 2.971024085762442e-23, nan 
-11.625, -62.875, 2.671329443759157e-23, nan 
-11.375, -62.875, 8.975831772481962e-24, nan 
-11.125, -62.875, 2.2278118272403034e-23, nan 
-10.875, -62.875, 1.8703639447387506e-23, nan 
-10.625, -62.875, 7.533414778994914e-24, nan 
-10.375, -62.875, 6.474359294298614e-24, nan 
-10.125, -62.875, 5.985815212191127e-24, nan 
-9.875, -62.875, 1.1381971765019378e-23, nan 
-9.625, -62.875, 2.3139765810113456e-23, nan 
-9.375, -62.875, 2.547931407305525e-23, nan 
-9.125, -62.875, 1.5620398911973334e-23, nan 
-8.875, -62.875, 1.747187004758413e-23, nan 
-8.625, -62.875, 2.0567775109354887e-23, nan 
-8.375, -62.875, 2.662943574794551e-23, nan 
-8.125, -62.875, 3.9039592945697284e-23, nan 
-7.875, -62.875, 3.7465923210573087e-23, nan 
-7.625, -62.875, 4.075757845843173e-23, nan 
-7.375, -62.875, 4.1376939960675895e-23, nan 
-7.125, -62.875, 2.494759763583814e-23, nan 
-6.875, -62.875, 1.557462662272365e-23, nan 
-6.625, -62.875, 2.5909403447029752e-23, nan 
-6.375, -62.875, 2.8322528940937156e-23, nan 
-6.125, -62.875, 3.2914234343696716e-23, nan 
-5.875, -62.875, 2.5152038974340245e-23, nan 
-5.625, -62.875, 1.691051881984424e-23, nan 
-5.375, -62.875, 4.7030024695288933e-23, nan 
-5.125, -62.875, 3.851974847389894e-23, nan 
-4.875, -62.875, 3.2175744950350665e-23, nan 
-4.625, -62.875, 9.416740707439077e-23, nan 
-4.375, -62.875, 7.454655383319402e-23, nan 
-4.125, -62.875, 9.166816660424506e-23, nan 
-3.875, -62.875, 1.338213249069902e-22, nan 
-3.625, -62.875, 8.682352527865623e-23, nan 
-3.375, -62.875, 1.0881875010007355e-22, nan 
-3.125, -62.875, 1.2576441788339294e-22, nan 
-2.875, -62.875, 1.1517667654929836e-22, nan 
-2.625, -62.875, 1.7870941486159509e-22, nan 
-2.375, -62.875, 1.62598423363145e-22, nan 
-2.125, -62.875, 3.355966765545723e-22, nan 
-1.875, -62.875, 3.550062537352271e-22, nan 
-1.625, -62.875, 4.994752871700641e-22, nan 
-1.375, -62.875, 7.8056133084154575e-22, nan 
-1.125, -62.875, 4.1810809312373886e-22, nan 
-0.875, -62.875, 4.502002890676285e-22, nan 
-0.625, -62.875, 6.138259510710005e-22, nan 
-0.375, -62.875, 4.0893940725833487e-22, nan 
-0.125, -62.875, 5.38932468282575e-22, nan 
0.125, -62.875, 7.564000311161437e-22, nan 
0.375, -62.875, 1.7059591003084205e-21, nan 
0.625, -62.875, 2.1498265834285697e-21, nan 
0.875, -62.875, 2.093485604128146e-21, nan 
1.125, -62.875, 3.3797765431584976e-21, nan 
1.375, -62.875, 2.1140532854710877e-21, nan 
1.625, -62.875, 2.0086778747640057e-21, nan 
-13.625, -62.625, 1.1420108778994654e-23, nan 
-13.375, -62.625, 7.426103732210752e-24, nan 
-13.125, -62.625, 1.4003559662686165e-23, nan 
-12.875, -62.625, 1.4181156557465292e-23, nan 
-12.625, -62.625, 1.33952067490345e-23, nan 
-12.375, -62.625, 1.674447823423703e-23, nan 
-12.125, -62.625, 1.656783208584163e-23, nan 
-11.875, -62.625, 3.5205718482467445e-23, nan 
-11.625, -62.625, 3.38034759917197e-23, nan 
-11.375, -62.625, 1.9923178489363606e-23, nan 
-11.125, -62.625, 2.0824451394760109e-23, nan 
-10.875, -62.625, 8.124684402469609e-24, nan 
-10.625, -62.625, 1.3981297938933027e-23, nan 
-10.375, -62.625, 4.610158084540593e-23, nan 
-10.125, -62.625, 6.389866315951419e-23, nan 
-9.875, -62.625, 3.2331796757060637e-23, nan 
-9.625, -62.625, 5.673301218609054e-23, nan 
-9.375, -62.625, 7.481389848530375e-23, nan 
-9.125, -62.625, 3.304843897916575e-23, nan 
-8.875, -62.625, 4.054605630065344e-23, nan 
-8.625, -62.625, 5.300260365991949e-23, nan 
-8.375, -62.625, 7.628619994593989e-23, nan 
-8.125, -62.625, 1.2095888506616073e-22, nan 
-7.875, -62.625, 1.5678501375936502e-22, nan 
-7.625, -62.625, 1.9371570642024203e-22, nan 
-7.375, -62.625, 2.3358256167297077e-22, nan 
-7.125, -62.625, 1.9211432514524343e-22, nan 
-6.875, -62.625, 2.1376927962227346e-22, nan 
-6.625, -62.625, 3.0686937872725235e-22, nan 
-6.375, -62.625, 2.2037147994339046e-22, nan 
-6.125, -62.625, 1.5365700333142133e-22, nan 
-5.875, -62.625, 2.676195577954095e-22, nan 
-5.625, -62.625, 3.07929841048931e-22, nan 
-5.375, -62.625, 1.3681813343076508e-22, nan 
-5.125, -62.625, 4.377914788549284e-22, nan 
-4.875, -62.625, 7.031643709362013e-22, nan 
-4.625, -62.625, 1.1639770968412655e-21, nan 
-4.375, -62.625, 8.497860828708311e-22, nan 
-4.125, -62.625, 2.8695967681534803e-21, nan 
-3.875, -62.625, 4.6354735354216575e-21, nan 
-3.625, -62.625, 3.144729002747342e-21, nan 
-3.375, -62.625, 7.284298689724793e-21, nan 
-3.125, -62.625, 9.144936322499571e-21, nan 
-2.875, -62.625, 1.9379451932499677e-20, nan 
-2.625, -62.625, 2.1918186747528626e-20, nan 
-2.375, -62.625, 2.1992173395017903e-20, nan 
-2.125, -62.625, 2.167837283171046e-20, nan 
-1.875, -62.625, 1.6066001411469478e-20, nan 
-1.625, -62.625, 7.980404900621228e-21, nan 
-1.375, -62.625, 7.407354684297074e-21, nan 
-1.125, -62.625, 4.735650357682926e-21, nan 
-0.875, -62.625, 3.55328787540351e-21, nan 
-0.625, -62.625, 2.524358415771516e-21, nan 
-0.375, -62.625, 2.111653199456406e-21, nan 
-0.125, -62.625, 1.524060644854443e-21, nan 
0.125, -62.625, 6.220511599197968e-22, nan 
0.375, -62.625, 1.1351382119506073e-21, nan 
0.625, -62.625, 1.0027545713576007e-21, nan 
0.875, -62.625, 6.363286503317675e-22, nan 
1.125, -62.625, 6.426252912570443e-22, nan 
1.375, -62.625, 3.1796386197584086e-22, nan 
1.625, -62.625, 4.4145080183034195e-22, nan 
-13.625, -62.375, 1.4088581751177436e-23, nan 
-13.375, -62.375, 1.535894439131917e-23, nan 
-13.125, -62.375, 2.65161054425787e-23, nan 
-12.875, -62.375, 3.039280047404962e-23, nan 
-12.625, -62.375, 2.1480577410849938e-23, nan 
-12.375, -62.375, 2.688569498425575e-23, nan 
-12.125, -62.375, 1.8381717037852366e-23, nan 
-11.875, -62.375, 3.550893223181838e-23, nan 
-11.625, -62.375, 5.0555777476130797e-23, nan 
-11.375, -62.375, 6.920969717438944e-23, nan 
-11.125, -62.375, 1.2560100348284092e-22, nan 
-10.875, -62.375, 1.543869832782258e-22, nan 
-10.625, -62.375, 1.9978542770208947e-22, nan 
-10.375, -62.375, 1.9700858714469577e-22, nan 
-10.125, -62.375, 2.478721756661155e-22, nan 
-9.875, -62.375, 1.57024191517353e-22, nan 
-9.625, -62.375, 1.1558985925599251e-22, nan 
-9.375, -62.375, 8.593385747215382e-23, nan 
-9.125, -62.375, 2.679704916892235e-22, nan 
-8.875, -62.375, 4.187949993116479e-22, nan 
-8.625, -62.375, 5.0320133586821e-22, nan 
-8.375, -62.375, 6.396088141024995e-22, nan 
-8.125, -62.375, 1.3300202130300041e-21, nan 
-7.875, -62.375, 3.3283618743066692e-21, nan 
-7.625, -62.375, 6.0117446048113915e-21, nan 
-7.375, -62.375, 7.436494894522714e-21, nan 
-7.125, -62.375, 1.526241052207211e-20, nan 
-6.875, -62.375, 2.603587403884745e-20, nan 
-6.625, -62.375, 5.145476537882453e-20, nan 
-6.375, -62.375, 1.4277212696716435e-19, nan 
-6.125, -62.375, 4.2374789635976225e-19, nan 
-5.875, -62.375, 1.3062812439857376e-17, nan 
-5.625, -62.375, 7.137289887537994e-19, nan 
-5.375, -62.375, 3.150537868168217e-20, nan 
-5.125, -62.375, 1.2625897109988654e-20, nan 
-4.875, -62.375, 7.153832187309866e-21, nan 
-4.625, -62.375, 2.3404408823455684e-21, nan 
-4.375, -62.375, 2.2277186919429663e-21, nan 
-4.125, -62.375, 1.6066451306875358e-21, nan 
-3.875, -62.375, 1.0132485899046774e-21, nan 
-3.625, -62.375, 6.211596634339994e-22, nan 
-3.375, -62.375, 2.2370923236095636e-22, nan 
-3.125, -62.375, 6.047342911420738e-22, nan 
-2.875, -62.375, 4.8469533386361415e-22, nan 
-2.625, -62.375, 1.998191909918868e-22, nan 
-2.375, -62.375, 4.1566288173667607e-22, nan 
-2.125, -62.375, 2.8081643520007644e-22, nan 
-1.875, -62.375, 1.0597952518447439e-22, nan 
-1.625, -62.375, 1.9599947362982323e-22, nan 
-1.375, -62.375, 1.7185490845113996e-22, nan 
-1.125, -62.375, 1.6536733558489064e-22, nan 
-0.875, -62.375, 1.0419551426229116e-22, nan 
-0.625, -62.375, 1.117027040675978e-22, nan 
-0.375, -62.375, 2.3656090182325223e-22, nan 
-0.125, -62.375, 4.9316857524727965e-22, nan 
0.125, -62.375, 4.681724451142985e-22, nan 
0.375, -62.375, 2.3879448494905377e-22, nan 
0.625, -62.375, 5.830781092033332e-23, nan 
0.875, -62.375, 5.475948527046667e-23, nan 
1.125, -62.375, 4.519029904689395e-23, nan 
1.375, -62.375, 4.75442475867896e-23, nan 
1.625, -62.375, 4.9503789750310946e-23, nan 
-13.375, -62.125, 3.33733437918541e-23, nan 
-13.125, -62.125, 5.114064506905276e-23, nan 
-12.875, -62.125, 7.861844484398677e-23, nan 
-12.625, -62.125, 5.926739121277001e-23, nan 
-12.375, -62.125, 9.166424442237301e-23, nan 
-12.125, -62.125, 1.1362481260522928e-22, nan 
-11.875, -62.125, 3.104154351623817e-22, nan 
-11.625, -62.125, 5.171366532457947e-22, nan 
-11.375, -62.125, 4.680079896254256e-22, nan 
-11.125, -62.125, 1.2296343067960096e-21, nan 
-10.875, -62.125, 1.7499487341267812e-21, nan 
-10.625, -62.125, 2.1666227669796553e-21, nan 
-10.375, -62.125, 1.276800976076527e-21, nan 
-10.125, -62.125, 2.144902614952739e-21, nan 
-9.875, -62.125, 3.311637626532284e-21, nan 
-9.625, -62.125, 2.7001864545599157e-21, nan 
-9.375, -62.125, 2.854865996523868e-21, nan 
-9.125, -62.125, 1.2495932448585634e-20, nan 
-8.875, -62.125, 3.792024342268559e-20, nan 
-8.625, -62.125, 9.444633883250765e-20, nan 
-8.375, -62.125, 2.77327358985561e-19, nan 
-8.125, -62.125, 6.796517364828158e-20, nan 
-7.875, -62.125, 3.985536532463926e-20, nan 
-7.625, -62.125, 1.8653598244727825e-20, nan 
-7.375, -62.125, 7.0104181796572e-21, nan 
-7.125, -62.125, 4.301790612480365e-21, nan 
-6.875, -62.125, 2.575228995338922e-21, nan 
-6.625, -62.125, 1.5058951339629632e-21, nan 
-6.375, -62.125, 9.924961649083224e-22, nan 
-6.125, -62.125, 6.569640697763806e-22, nan 
-5.875, -62.125, 4.836210457013232e-22, nan 
-5.625, -62.125, 3.595787547043025e-22, nan 
-5.375, -62.125, 1.1543237739985568e-22, nan 
-5.125, -62.125, 1.0318005330328514e-22, nan 
-4.875, -62.125, 1.329088741995027e-22, nan 
-4.625, -62.125, 7.010165412140242e-23, nan 
-4.375, -62.125, 5.964654755317378e-23, nan 
-4.125, -62.125, 9.194541931089044e-23, nan 
-3.875, -62.125, 9.454693301871949e-23, nan 
-3.625, -62.125, 9.74198134191673e-23, nan 
-3.375, -62.125, 4.438473943639492e-23, nan 
-3.125, -62.125, 4.7229143821242165e-23, nan 
-2.875, -62.125, 5.173361062426614e-23, nan 
-2.625, -62.125, 4.3721967738514755e-23, nan 
-2.375, -62.125, 2.4642196120104862e-23, nan 
-2.125, -62.125, 3.636857357563728e-23, nan 
-1.875, -62.125, 1.4251605822894437e-23, nan 
-1.625, -62.125, 1.887438724668307e-23, nan 
-1.375, -62.125, 2.511906919447937e-23, nan 
-1.125, -62.125, 1.1592128288291772e-23, nan 
-0.875, -62.125, 7.081203536187456e-23, nan 
-0.625, -62.125, 9.330367426722213e-23, nan 
-0.375, -62.125, 5.34342760133587e-23, nan 
-0.125, -62.125, 1.7783347097518125e-22, nan 
0.125, -62.125, 1.7043701118824164e-22, nan 
0.375, -62.125, 9.241951264568765e-23, nan 
0.625, -62.125, 6.799475733283951e-23, nan 
0.875, -62.125, 7.208423120366568e-23, nan 
1.125, -62.125, 3.6220608161381095e-23, nan 
1.375, -62.125, 1.610447326825412e-23, nan 
1.625, -62.125, 1.4182087393812138e-23, nan 
-13.125, -61.875, 3.060817066441122e-22, nan 
-12.875, -61.875, 1.9436737636059975e-22, nan 
-12.625, -61.875, 6.942760264421193e-22, nan 
-12.375, -61.875, 8.909690982318917e-22, nan 
-12.125, -61.875, 9.77614609350953e-22, nan 
-11.875, -61.875, 1.155257679550201e-21, nan 
-11.625, -61.875, 1.3622429225936564e-21, nan 
-11.375, -61.875, 1.7938336849065942e-21, nan 
-11.125, -61.875, 5.261375348987945e-20, nan 
-10.875, -61.875, 1.165321811300186e-19, nan 
-10.625, -61.875, 1.2229044441365727e-19, nan 
-10.375, -61.875, 1.055358470222875e-20, nan 
-10.125, -61.875, 1.1724656419983527e-20, nan 
-9.875, -61.875, 5.895423540804591e-21, nan 
-9.625, -61.875, 3.571399706179413e-21, nan 
-9.375, -61.875, 1.7419583931156846e-21, nan 
-9.125, -61.875, 1.4869471870670504e-21, nan 
-8.875, -61.875, 1.1373913602927432e-21, nan 
-8.625, -61.875, 6.676018701592295e-22, nan 
-8.375, -61.875, 7.680347883782394e-22, nan 
-8.125, -61.875, 5.732503424714523e-22, nan 
-7.875, -61.875, 5.104116305862641e-22, nan 
-7.625, -61.875, 4.484346191523345e-22, nan 
-7.375, -61.875, 3.9853561216803965e-22, nan 
-7.125, -61.875, 3.3596827039226845e-22, nan 
-6.875, -61.875, 1.978237429892514e-22, nan 
-6.625, -61.875, 1.5778924574991194e-22, nan 
-6.375, -61.875, 1.3718225144759438e-22, nan 
-6.125, -61.875, 8.864058725176211e-23, nan 
-5.875, -61.875, 6.258346036796153e-23, nan 
-5.625, -61.875, 5.593134103358499e-23, nan 
-5.375, -61.875, 3.314419494517275e-23, nan 
-5.125, -61.875, 2.78801886960862e-23, nan 
-4.875, -61.875, 2.5971056743998136e-23, nan 
-4.625, -61.875, 3.298562370866829e-23, nan 
-4.375, -61.875, 2.655816740351855e-23, nan 
-4.125, -61.875, 1.5677241671724897e-23, nan 
-3.875, -61.875, 3.3293804471483794e-23, nan 
-3.625, -61.875, 4.362527984840994e-23, nan 
-3.375, -61.875, 1.4510850228901858e-23, nan 
-3.125, -61.875, 1.6330615781428723e-23, nan 
-2.875, -61.875, 1.8239351450018038e-23, nan 
-2.625, -61.875, 2.4124942164925137e-23, nan 
-2.375, -61.875, 1.0342749918679619e-23, nan 
-2.125, -61.875, 1.1702649728418802e-23, nan 
-1.875, -61.875, 1.324724612042019e-23, nan 
-1.625, -61.875, 1.0402809876087933e-23, nan 
-1.375, -61.875, 1.017581091131268e-23, nan 
-1.125, -61.875, 3.494700277661035e-24, nan 
-0.875, -61.875, 4.029317735183733e-24, nan 
-0.625, -61.875, 1.3455277100563594e-23, nan 
-0.375, -61.875, 3.904483486557102e-24, nan 
-0.125, -61.875, 4.2113634705515995e-23, nan 
0.125, -61.875, 3.509766402051338e-23, nan 
0.375, -61.875, 2.1999711915148148e-23, nan 
0.625, -61.875, 9.866325556906984e-24, nan 
0.875, -61.875, 6.788736890291872e-24, nan 
1.125, -61.875, 1.828750197436379e-23, nan 
1.375, -61.875, 2.958062190024381e-23, nan 
1.625, -61.875, 3.408852299677209e-23, nan 
-13.125, -61.625, 4.0301735795863725e-21, nan 
-12.875, -61.625, 6.6358950286186875e-21, nan 
-12.625, -61.625, 1.791746570692542e-20, nan 
-12.375, -61.625, 1.4997934263898078e-20, nan 
-12.125, -61.625, 6.4248899738525225e-21, nan 
-11.875, -61.625, 3.1308501598632287e-21, nan 
-11.625, -61.625, 1.6086920047785637e-21, nan 
-11.375, -61.625, 1.1357600822672044e-21, nan 
-11.125, -61.625, 5.298713384963941e-22, nan 
-10.875, -61.625, 5.90590269843907e-22, nan 
-10.625, -61.625, 2.7278368430746037e-22, nan 
-10.375, -61.625, 1.0190298371615722e-22, nan 
-10.125, -61.625, 1.5867759919951044e-22, nan 
-9.875, -61.625, 6.084985201320664e-23, nan 
-9.625, -61.625, 6.367938569284216e-23, nan 
-9.375, -61.625, 7.748061537072065e-23, nan 
-9.125, -61.625, 7.09017114896167e-23, nan 
-8.875, -61.625, 9.149604554327854e-23, nan 
-8.625, -61.625, 6.461202345086788e-23, nan 
-8.375, -61.625, 8.713660329822023e-23, nan 
-8.125, -61.625, 9.234216010618003e-23, nan 
-7.875, -61.625, 1.0175527194187453e-22, nan 
-7.625, -61.625, 1.104154999203923e-22, nan 
-7.375, -61.625, 7.329713591355651e-23, nan 
-7.125, -61.625, 8.36377774478215e-23, nan 
-6.875, -61.625, 8.830097082233198e-23, nan 
-6.625, -61.625, 3.050317671516615e-23, nan 
-6.375, -61.625, 5.85340263713372e-23, nan 
-6.125, -61.625, 6.796533313367583e-23, nan 
-5.875, -61.625, 5.687951843887614e-23, nan 
-5.625, -61.625, 4.4661073209180595e-23, nan 
-5.375, -61.625, 3.522419298013612e-23, nan 
-5.125, -61.625, 9.673990803625257e-24, nan 
-4.875, -61.625, 1.0023019088168055e-23, nan 
-4.625, -61.625, 1.5956363592794377e-23, nan 
-4.375, -61.625, 7.458348321347828e-24, nan 
-4.125, -61.625, 7.653964661803151e-24, nan 
-3.875, -61.625, 1.504724929258765e-23, nan 
-3.625, -61.625, 1.2638841000438877e-23, nan 
-3.375, -61.625, 5.982396591865309e-24, nan 
-3.125, -61.625, 7.740499536854934e-24, nan 
-2.875, -61.625, 7.81981993977318e-24, nan 
-2.625, -61.625, 8.324435475994972e-24, nan 
-2.375, -61.625, 5.994165988498491e-24, nan 
-2.125, -61.625, 3.6625476376952744e-24, nan 
-1.875, -61.625, 3.609325643508112e-24, nan 
-1.625, -61.625, 6.2622176357815796e-24, nan 
-1.375, -61.625, 5.752240981847173e-24, nan 
-1.125, -61.625, 2.430106020725772e-24, nan 
-0.875, -61.625, 4.001942367003604e-24, nan 
-0.625, -61.625, 3.604510614002596e-24, nan 
-0.375, -61.625, 3.218077313598931e-24, nan 
-0.125, -61.625, 6.1125193027867006e-24, nan 
0.125, -61.625, 1.1274307676954131e-23, nan 
0.375, -61.625, 4.587657636407079e-24, nan 
0.625, -61.625, 6.830519681405736e-24, nan 
0.875, -61.625, 5.665744728453514e-24, nan 
1.125, -61.625, 1.330031652750624e-23, nan 
1.375, -61.625, 2.5972568292695684e-23, nan 
1.625, -61.625, 2.166733144119392e-23, nan 
-12.875, -61.375, 3.008423901128926e-21, nan 
-12.625, -61.375, 2.216374319361718e-21, nan 
-12.375, -61.375, 1.742903431680509e-21, nan 
-12.125, -61.375, 6.309563400126238e-22, nan 
-11.875, -61.375, 2.012438660362217e-22, nan 
-11.625, -61.375, 1.5132227631542143e-22, nan 
-11.375, -61.375, 1.2060144113778835e-22, nan 
-11.125, -61.375, 8.440915167935387e-23, nan 
-10.875, -61.375, 7.751096720705403e-23, nan 
-10.625, -61.375, 6.616753853235744e-23, nan 
-10.375, -61.375, 4.4896705100066353e-23, nan 
-10.125, -61.375, 2.2049154316026143e-23, nan 
-9.875, -61.375, 1.455482708652968e-23, nan 
-9.625, -61.375, 2.029051010826126e-23, nan 
-9.375, -61.375, 1.676017308017815e-23, nan 
-9.125, -61.375, 8.241836091178313e-24, nan 
-8.875, -61.375, 1.216404410474518e-23, nan 
-8.625, -61.375, 1.5615405932246175e-23, nan 
-8.375, -61.375, 1.8546550178986594e-23, nan 
-8.125, -61.375, 1.748540480332494e-23, nan 
-7.875, -61.375, 2.2387232432035657e-23, nan 
-7.625, -61.375, 2.406297194651983e-23, nan 
-7.375, -61.375, 2.3573826306062967e-23, nan 
-7.125, -61.375, 3.420874376369308e-23, nan 
-6.875, -61.375, 4.076317712128697e-23, nan 
-6.625, -61.375, 1.830894499605099e-23, nan 
-6.375, -61.375, 3.1852383541817036e-23, nan 
-6.125, -61.375, 4.006227754825023e-23, nan 
-5.875, -61.375, 3.730033583728055e-23, nan 
-5.625, -61.375, 2.8132412706995234e-23, nan 
-5.375, -61.375, 2.1679053273248758e-23, nan 
-5.125, -61.375, 1.8746837114289533e-23, nan 
-4.875, -61.375, 1.7541936684417984e-23, nan 
-4.625, -61.375, 1.165794274324754e-23, nan 
-4.375, -61.375, 7.552805609456377e-24, nan 
-4.125, -61.375, 4.728914725644463e-24, nan 
-3.875, -61.375, 1.0024763457629327e-23, nan 
-3.625, -61.375, 5.675078614139145e-24, nan 
-3.375, -61.375, 3.5192938252184e-24, nan 
-3.125, -61.375, 2.7865020922205815e-24, nan 
-2.875, -61.375, 4.4968479649159494e-24, nan 
-2.625, -61.375, 2.777834891124894e-24, nan 
-2.375, -61.375, 2.7104527369431636e-24, nan 
-2.125, -61.375, 2.5661547608382056e-24, nan 
-1.875, -61.375, 2.3227467782086683e-24, nan 
-1.625, -61.375, 3.713529740747704e-24, nan 
-1.375, -61.375, 3.1628498752502004e-24, nan 
-1.125, -61.375, 1.8398129264854875e-24, nan 
-0.875, -61.375, 2.802728747200501e-24, nan 
-0.625, -61.375, 2.832912218541583e-24, nan 
-0.375, -61.375, 2.1725291192305374e-24, nan 
-0.125, -61.375, 2.3144196147277514e-24, nan 
0.125, -61.375, 3.639875440967456e-24, nan 
0.375, -61.375, 3.960505293127914e-24, nan 
0.625, -61.375, 3.84062131537031e-24, nan 
0.875, -61.375, 2.9930508885124364e-24, nan 
1.125, -61.375, 3.37749412610274e-24, nan 
1.375, -61.375, 2.444736012898035e-24, nan 
1.625, -61.375, 3.4224889810465935e-24, nan 
-12.625, -61.125, 3.278021229707153e-22, nan 
-12.375, -61.125, 2.4022891111167818e-22, nan 
-12.125, -61.125, 1.2741794005209278e-22, nan 
-11.875, -61.125, 5.474548102160286e-23, nan 
-11.625, -61.125, 3.263164617623501e-23, nan 
-11.375, -61.125, 3.4827418815124327e-23, nan 
-11.125, -61.125, 2.1970074137404774e-23, nan 
-10.875, -61.125, 1.2309649735886571e-23, nan 
-10.625, -61.125, 1.494220120957062e-23, nan 
-10.375, -61.125, 1.0691298073750166e-23, nan 
-10.125, -61.125, 8.353752690225477e-24, nan 
-9.875, -61.125, 3.842185222128799e-24, nan 
-9.625, -61.125, 7.22583831350501e-24, nan 
-9.375, -61.125, 1.169828472109604e-23, nan 
-9.125, -61.125, 4.17042740621615e-24, nan 
-8.875, -61.125, 8.213334623215457e-24, nan 
-8.625, -61.125, 1.1845070988500831e-23, nan 
-8.375, -61.125, 8.786627252081214e-24, nan 
-8.125, -61.125, 1.1092391285271726e-23, nan 
-7.875, -61.125, 8.659608272383931e-24, nan 
-7.625, -61.125, 1.01412650279459e-23, nan 
-7.375, -61.125, 8.874243562396489e-24, nan 
-7.125, -61.125, 7.539628480143008e-24, nan 
-6.875, -61.125, 1.0171756664132928e-23, nan 
-6.625, -61.125, 1.0308764698534881e-23, nan 
-6.375, -61.125, 1.0125099452921419e-23, nan 
-6.125, -61.125, 1.1493912681479102e-23, nan 
-5.875, -61.125, 1.621268495691984e-23, nan 
-5.625, -61.125, 3.106428006713925e-23, nan 
-5.375, -61.125, 2.2995895297029966e-23, nan 
-5.125, -61.125, 1.7754744688536128e-23, nan 
-4.875, -61.125, 1.4139640987619657e-23, nan 
-4.625, -61.125, 4.103612294277476e-24, nan 
-4.375, -61.125, 1.535123228270507e-23, nan 
-4.125, -61.125, 1.7932708973742943e-23, nan 
-3.875, -61.125, 5.817336813512451e-24, nan 
-3.625, -61.125, 2.043496616575505e-24, nan 
-3.375, -61.125, 4.059748216187588e-24, nan 
-3.125, -61.125, 3.8660611711417895e-24, nan 
-2.875, -61.125, 1.6585104141060526e-24, nan 
-2.625, -61.125, 1.6339204552820802e-24, nan 
-2.375, -61.125, 1.5684283613109067e-24, nan 
-2.125, -61.125, 1.6358206696040554e-24, nan 
-1.875, -61.125, 1.5501858936426276e-24, nan 
-1.625, -61.125, 2.2874191593080082e-24, nan 
-1.375, -61.125, 2.414085941580634e-24, nan 
-1.125, -61.125, 7.012055925732015e-25, nan 
-0.875, -61.125, 1.0085420901761957e-24, nan 
-0.625, -61.125, 1.1707742879355868e-24, nan 
-0.375, -61.125, 1.1882194122250554e-24, nan 
-0.125, -61.125, 1.5654295751957563e-24, nan 
0.125, -61.125, 1.5175701529764353e-24, nan 
0.375, -61.125, 1.918457616833581e-24, nan 
0.625, -61.125, 3.319893876525341e-24, nan 
0.875, -61.125, 3.939525224691032e-24, nan 
1.125, -61.125, 2.3775126984129755e-24, nan 
1.375, -61.125, 2.8685865187295695e-24, nan 
1.625, -61.125, 2.067805491348645e-24, nan 
-12.625, -60.875, 6.410010311154138e-23, nan 
-12.375, -60.875, 2.9414034574840755e-23, nan 
-12.125, -60.875, 2.6673844812634735e-23, nan 
-11.875, -60.875, 2.2795008096918602e-23, nan 
-11.625, -60.875, 1.537656476437961e-23, nan 
-11.375, -60.875, 1.7450798130831713e-23, nan 
-11.125, -60.875, 1.0389727281626518e-23, nan 
-10.875, -60.875, 8.308695232192724e-24, nan 
-10.625, -60.875, 5.307446631053228e-24, nan 
-10.375, -60.875, 5.300724392541624e-24, nan 
-10.125, -60.875, 3.599918134812068e-24, nan 
-9.875, -60.875, 4.609934416818507e-24, nan 
-9.625, -60.875, 7.279973760333361e-24, nan 
-9.375, -60.875, 5.7083172208881105e-24, nan 
-9.125, -60.875, 2.257796383005173e-24, nan 
-8.875, -60.875, 5.435775339413995e-24, nan 
-8.625, -60.875, 6.79052134985658e-24, nan 
-8.375, -60.875, 6.349911204107278e-24, nan 
-8.125, -60.875, 5.325908416735373e-24, nan 
-7.875, -60.875, 2.4208713723858984e-24, nan 
-7.625, -60.875, 5.615190500877321e-24, nan 
-7.375, -60.875, 5.684065685458094e-24, nan 
-7.125, -60.875, 4.8798512295406436e-24, nan 
-6.875, -60.875, 6.690028234002842e-24, nan 
-6.625, -60.875, 8.157742591980223e-24, nan 
-6.375, -60.875, 1.240094889906541e-23, nan 
-6.125, -60.875, 1.423202747748344e-23, nan 
-5.875, -60.875, 1.6439614222044785e-23, nan 
-5.625, -60.875, 2.3336345295163035e-23, nan 
-5.375, -60.875, 2.1916488003437405e-23, nan 
-5.125, -60.875, 1.596873804267515e-23, nan 
-4.875, -60.875, 1.1050621691498379e-23, nan 
-4.625, -60.875, 7.295436580423227e-24, nan 
-4.375, -60.875, 1.802250420715188e-23, nan 
-4.125, -60.875, 1.803279195706719e-23, nan 
-3.875, -60.875, 3.924982277703874e-24, nan 
-3.625, -60.875, 7.009481217702169e-24, nan 
-3.375, -60.875, 5.270008717940843e-24, nan 
-3.125, -60.875, 2.797546480742933e-24, nan 
-2.875, -60.875, 1.320984606495512e-24, nan 
-2.625, -60.875, 2.0779193797151227e-24, nan 
-2.375, -60.875, 3.001030997940001e-24, nan 
-2.125, -60.875, 1.5079497397069424e-24, nan 
-1.875, -60.875, 9.793183734228285e-25, nan 
-1.625, -60.875, 1.358108414706729e-24, nan 
-1.375, -60.875, 1.2328077465282406e-24, nan 
-1.125, -60.875, 1.1567440903258792e-24, nan 
-0.875, -60.875, 1.3237243979728543e-24, nan 
-0.625, -60.875, 2.8786933213684426e-25, nan 
-0.375, -60.875, 1.4797150406471372e-24, nan 
-0.125, -60.875, 2.053946961828632e-24, nan 
0.125, -60.875, 1.2493573024468982e-24, nan 
0.375, -60.875, 1.1362469329087639e-24, nan 
0.625, -60.875, 2.1120807783255563e-24, nan 
0.875, -60.875, 3.604035177256697e-24, nan 
1.125, -60.875, 1.914588591506548e-24, nan 
1.375, -60.875, 2.0269997823198045e-24, nan 
1.625, -60.875, 3.3100202975498486e-24, nan 
-12.375, -60.625, 7.756477286389872e-24, nan 
-12.125, -60.625, 6.772707696157141e-24, nan 
-11.875, -60.625, 5.4594401254187496e-24, nan 
-11.625, -60.625, 4.5210579829975374e-24, nan 
-11.375, -60.625, 5.312205016192211e-24, nan 
-11.125, -60.625, 6.235903794414889e-24, nan 
-10.875, -60.625, 4.9666503274437535e-24, nan 
-10.625, -60.625, 3.542368086746955e-24, nan 
-10.375, -60.625, 4.596090328993204e-24, nan 
-10.125, -60.625, 1.5921926240657223e-24, nan 
-9.875, -60.625, 4.0820356699108435e-24, nan 
-9.625, -60.625, 7.291067107591227e-24, nan 
-9.375, -60.625, 5.698216510404249e-24, nan 
-9.125, -60.625, 3.489874976841332e-24, nan 
-8.875, -60.625, 5.890203455750824e-24, nan 
-8.625, -60.625, 5.983751225646865e-24, nan 
-8.375, -60.625, 3.85878895282038e-24, nan 
-8.125, -60.625, 4.3622443609202765e-24, nan 
-7.875, -60.625, 3.775433129700415e-24, nan 
-7.625, -60.625, 2.2053045123849233e-24, nan 
-7.375, -60.625, 3.73397208608455e-24, nan 
-7.125, -60.625, 3.645222457083534e-24, nan 
-6.875, -60.625, 5.654021616703099e-24, nan 
-6.625, -60.625, 5.5422651501217524e-24, nan 
-6.375, -60.625, 9.782011632123612e-24, nan 
-6.125, -60.625, 1.1829467678083199e-23, nan 
-5.875, -60.625, 1.0756308276821732e-23, nan 
-5.625, -60.625, 1.5939946702889303e-23, nan 
-5.375, -60.625, 1.6900511020954193e-23, nan 
-5.125, -60.625, 1.47833808425548e-23, nan 
-4.875, -60.625, 1.0119425380953552e-23, nan 
-4.625, -60.625, 7.010438820318495e-24, nan 
-4.375, -60.625, 1.1080001192698379e-23, nan 
-4.125, -60.625, 8.825033428217834e-24, nan 
-3.875, -60.625, 2.5004139019675748e-24, nan 
-3.625, -60.625, 1.4043690789802626e-24, nan 
-3.375, -60.625, 1.491552139219748e-24, nan 
-3.125, -60.625, 1.9400774731177152e-24, nan 
-2.875, -60.625, 1.1509897297312812e-24, nan 
-2.625, -60.625, 2.135362085023703e-24, nan 
-2.375, -60.625, 3.3976981682578075e-24, nan 
-2.125, -60.625, 1.6375499493216696e-24, nan 
-1.875, -60.625, 1.546597378795858e-24, nan 
-1.625, -60.625, 2.1141356262260878e-24, nan 
-1.375, -60.625, 3.2552518401373097e-24, nan 
-1.125, -60.625, 1.8648774065230776e-24, nan 
-0.875, -60.625, 7.263327103066712e-25, nan 
-0.625, -60.625, 5.900062488177161e-25, nan 
-0.375, -60.625, 9.58708883995152e-25, nan 
-0.125, -60.625, 1.1063187478472013e-24, nan 
0.125, -60.625, 1.6357012563361134e-24, nan 
0.375, -60.625, 2.0437154972072665e-24, nan 
0.625, -60.625, 1.928640971092739e-24, nan 
0.875, -60.625, 3.399484487662154e-24, nan 
1.125, -60.625, 1.744050747552219e-24, nan 
1.375, -60.625, 1.6972782451181644e-24, nan 
1.625, -60.625, 4.7223962317595916e-24, nan 
-12.375, -60.375, 3.877714757214491e-24, nan 
-12.125, -60.375, 9.18969931600923e-24, nan 
-11.875, -60.375, 4.117909274381436e-24, nan 
-11.625, -60.375, 2.0151755389876373e-24, nan 
-11.375, -60.375, 5.703471689133624e-24, nan 
-11.125, -60.375, 1.7376009188749814e-24, nan 
-10.875, -60.375, 2.0295351910836488e-24, nan 
-10.625, -60.375, 3.478686722490033e-24, nan 
-10.375, -60.375, 4.154785109866408e-24, nan 
-10.125, -60.375, 2.4128160492828723e-24, nan 
-9.875, -60.375, 2.671600652210772e-24, nan 
-9.625, -60.375, 4.5074769840439596e-24, nan 
-9.375, -60.375, 3.559770890526682e-24, nan 
-9.125, -60.375, 4.249771976034154e-24, nan 
-8.875, -60.375, 5.515540330658974e-24, nan 
-8.625, -60.375, 5.206375125272151e-24, nan 
-8.375, -60.375, 1.0400469421909552e-23, nan 
-8.125, -60.375, 1.2135415901462353e-23, nan 
-7.875, -60.375, 1.055070883397672e-23, nan 
-7.625, -60.375, 5.208786998075978e-24, nan 
-7.375, -60.375, 3.4088204754865415e-24, nan 
-7.125, -60.375, 4.169001117471768e-24, nan 
-6.875, -60.375, 2.5220714818106105e-24, nan 
-6.625, -60.375, 2.5915577767392812e-24, nan 
-6.375, -60.375, 2.7136522361204236e-24, nan 
-6.125, -60.375, 2.77762042729995e-24, nan 
-5.875, -60.375, 3.136960058569371e-24, nan 
-5.625, -60.375, 1.1741663375083504e-23, nan 
-5.375, -60.375, 9.522488474830086e-24, nan 
-5.125, -60.375, 8.940847766952516e-24, nan 
-4.875, -60.375, 6.880801668229048e-24, nan 
-4.625, -60.375, 1.1394055457224789e-24, nan 
-4.375, -60.375, 1.4602561318595226e-24, nan 
-4.125, -60.375, 1.750793214235054e-24, nan 
-3.875, -60.375, 1.5819005521941974e-24, nan 
-3.625, -60.375, 1.2059762393948695e-24, nan 
-3.375, -60.375, 1.856426373451664e-24, nan 
-3.125, -60.375, 2.4529940476142053e-24, nan 
-2.875, -60.375, 1.8658931383283133e-24, nan 
-2.625, -60.375, 1.1926639205643106e-24, nan 
-2.375, -60.375, 2.548849849529716e-24, nan 
-2.125, -60.375, 3.2311803312311947e-24, nan 
-1.875, -60.375, 9.36140323152571e-25, nan 
-1.625, -60.375, 1.5871051009434893e-24, nan 
-1.375, -60.375, 5.8117396008554215e-24, nan 
-1.125, -60.375, 1.7947970423561373e-24, nan 
-0.875, -60.375, 5.999461578427571e-25, nan 
-0.625, -60.375, 2.253548778885993e-24, nan 
-0.375, -60.375, 1.781309547903664e-24, nan 
-0.125, -60.375, 9.828348325376666e-25, nan 
0.125, -60.375, 2.245655475392633e-24, nan 
0.375, -60.375, 2.956564627819308e-24, nan 
0.625, -60.375, 3.1260606945155342e-24, nan 
0.875, -60.375, 2.703010311655257e-24, nan 
1.125, -60.375, 2.0551330053722567e-24, nan 
1.375, -60.375, 2.821194680567498e-24, nan 
1.625, -60.375, 8.193538586015861e-24, nan 
-12.125, -60.125, 1.2423724616718937e-23, nan 
-11.875, -60.125, 5.623038194907707e-24, nan 
-11.625, -60.125, 5.528830250822808e-24, nan 
-11.375, -60.125, 8.489284985292974e-24, nan 
-11.125, -60.125, 8.897790940546192e-24, nan 
-10.875, -60.125, 2.3017700570088913e-24, nan 
-10.625, -60.125, 4.0914845625362915e-24, nan 
-10.375, -60.125, 2.5600620974393633e-24, nan 
-10.125, -60.125, 1.8351826695238825e-24, nan 
-9.875, -60.125, 2.139470074552178e-24, nan 
-9.625, -60.125, 4.904403402400367e-24, nan 
-9.375, -60.125, 2.4726166461602086e-24, nan 
-9.125, -60.125, 2.8568311670821084e-24, nan 
-8.875, -60.125, 6.540797055695917e-24, nan 
-8.625, -60.125, 1.5181489555821836e-23, nan 
-8.375, -60.125, 1.793154143651517e-23, nan 
-8.125, -60.125, 1.9634124616863068e-23, nan 
-7.875, -60.125, 1.9662351236030187e-23, nan 
-7.625, -60.125, 1.400583494582382e-23, nan 
-7.375, -60.125, 7.510491569633188e-24, nan 
-7.125, -60.125, 3.4422304696468456e-24, nan 
-6.875, -60.125, 2.734807908233991e-24, nan 
-6.625, -60.125, 1.4210777775711968e-24, nan 
-6.375, -60.125, 1.3548125176856648e-24, nan 
-6.125, -60.125, 3.6403063144744816e-24, nan 
-5.875, -60.125, 9.813425182045616e-25, nan 
-5.625, -60.125, 2.8189684505921922e-24, nan 
-5.375, -60.125, 2.8854526500684153e-24, nan 
-5.125, -60.125, 3.358144302637199e-24, nan 
-4.875, -60.125, 2.6621444249402676e-24, nan 
-4.625, -60.125, 2.2045186836716348e-24, nan 
-4.375, -60.125, 2.2996581594614727e-24, nan 
-4.125, -60.125, 1.7373121277814865e-24, nan 
-3.875, -60.125, 1.4104652663879666e-24, nan 
-3.625, -60.125, 1.051884148181403e-24, nan 
-3.375, -60.125, 1.659424915788257e-24, nan 
-3.125, -60.125, 3.452879112734332e-24, nan 
-2.875, -60.125, 4.356901471193349e-24, nan 
-2.625, -60.125, 1.802865812002286e-24, nan 
-2.375, -60.125, 1.495770909035372e-24, nan 
-2.125, -60.125, 9.287613094266595e-25, nan 
-1.875, -60.125, 1.3518130313084289e-24, nan 
-1.625, -60.125, 1.465847276594447e-24, nan 
-1.375, -60.125, 3.594789923596369e-24, nan 
-1.125, -60.125, 1.3787758837616056e-24, nan 
-0.875, -60.125, 7.973035415841432e-25, nan 
-0.625, -60.125, 1.57409854470755e-24, nan 
-0.375, -60.125, 1.883407585278191e-24, nan 
-0.125, -60.125, 1.4988460176803657e-24, nan 
0.125, -60.125, 3.183386642258028e-24, nan 
0.375, -60.125, 2.492399999433902e-24, nan 
0.625, -60.125, 1.8694159340899135e-24, nan 
0.875, -60.125, 3.552114039771263e-24, nan 
1.125, -60.125, 2.649169889407695e-24, nan 
1.375, -60.125, 5.085544358335784e-24, nan 
1.625, -60.125, 1.1024930341335153e-23, nan 
-11.875, -59.875, 3.5260586235959797e-23, nan 
-11.625, -59.875, 4.784274435275261e-23, nan 
-11.375, -59.875, 3.665215048151509e-23, nan 
-11.125, -59.875, 8.109406058280873e-23, nan 
-10.875, -59.875, 7.111147558603756e-23, nan 
-10.625, -59.875, 3.405491687838263e-23, nan 
-10.375, -59.875, 2.5569804968588505e-23, nan 
-10.125, -59.875, 1.1397447672388384e-23, nan 
-9.875, -59.875, 2.0587901365136217e-23, nan 
-9.625, -59.875, 1.5716224837466033e-23, nan 
-9.375, -59.875, 4.484120103074683e-23, nan 
-9.125, -59.875, 4.8864710055718065e-23, nan 
-8.875, -59.875, 1.2714642978621342e-22, nan 
-8.625, -59.875, 1.4343706318537873e-22, nan 
-8.375, -59.875, 9.157096043955678e-23, nan 
-8.125, -59.875, 8.732411745225857e-23, nan 
-7.875, -59.875, 1.1202691889694642e-22, nan 
-7.625, -59.875, 1.3486742368915938e-22, nan 
-7.375, -59.875, 1.5921347267751013e-22, nan 
-7.125, -59.875, 1.0853919176623394e-22, nan 
-6.875, -59.875, 1.659436946020227e-23, nan 
-6.625, -59.875, 9.486062876575703e-24, nan 
-6.375, -59.875, 3.316851287696577e-23, nan 
-6.125, -59.875, 5.802779740840394e-23, nan 
-5.875, -59.875, 4.1289480464302965e-23, nan 
-5.625, -59.875, 1.8418672026535526e-23, nan 
-5.375, -59.875, 3.2920208083339606e-23, nan 
-5.125, -59.875, 3.327790078217186e-23, nan 
-4.875, -59.875, 2.0156006860531794e-23, nan 
-4.625, -59.875, 9.258504284308966e-24, nan 
-4.375, -59.875, 1.6318857370705144e-23, nan 
-4.125, -59.875, 1.5551182316389877e-23, nan 
-3.875, -59.875, 1.660715876162164e-23, nan 
-3.625, -59.875, 2.1422380373211493e-23, nan 
-3.375, -59.875, 2.863533911933966e-23, nan 
-3.125, -59.875, 4.399193833867839e-23, nan 
-2.875, -59.875, 4.626969340063831e-23, nan 
-2.625, -59.875, 2.896751235619837e-23, nan 
-2.375, -59.875, 3.029141747437678e-23, nan 
-2.125, -59.875, 2.5958907112570115e-23, nan 
-1.875, -59.875, 1.4665199421843234e-23, nan 
-1.625, -59.875, 1.6741002526790715e-23, nan 
-1.375, -59.875, 8.816975676021432e-24, nan 
-1.125, -59.875, 1.374564035248293e-23, nan 
-0.875, -59.875, 1.807609589178874e-23, nan 
-0.625, -59.875, 1.8606737898921566e-23, nan 
-0.375, -59.875, 2.2659038465738747e-23, nan 
-0.125, -59.875, 3.2122976373756945e-23, nan 
0.125, -59.875, 3.519007869467922e-23, nan 
0.375, -59.875, 4.3122931945850757e-23, nan 
0.625, -59.875, 4.1698159837314963e-23, nan 
0.875, -59.875, 1.4619982909448932e-23, nan 
1.125, -59.875, 9.116949501660588e-23, nan 
1.375, -59.875, 1.5366284679885823e-22, nan 
1.625, -59.875, 1.3632998422561433e-22, nan 
-11.625, -59.625, 3.5514257599918317e-23, nan 
-11.375, -59.625, 3.5836894015284765e-23, nan 
-11.125, -59.625, 2.3933730579278407e-23, nan 
-10.875, -59.625, 2.408009594090466e-23, nan 
-10.625, -59.625, 2.6704187437101065e-23, nan 
-10.375, -59.625, 4.6915625980924176e-23, nan 
-10.125, -59.625, 4.082425777942233e-23, nan 
-9.875, -59.625, 1.346703400994392e-23, nan 
-9.625, -59.625, 4.990451649044042e-24, nan 
-9.375, -59.625, 1.534871877622661e-23, nan 
-9.125, -59.625, 2.5489209407141582e-23, nan 
-8.875, -59.625, 1.144082465338899e-22, nan 
-8.625, -59.625, 1.2689631919590888e-22, nan 
-8.375, -59.625, 9.829159461841233e-23, nan 
-8.125, -59.625, 1.1297099196820557e-22, nan 
-7.875, -59.625, 1.0116551248125447e-22, nan 
-7.625, -59.625, 1.6346968357505125e-22, nan 
-7.375, -59.625, 1.4737775554503127e-22, nan 
-7.125, -59.625, 5.1394962458022683e-23, nan 
-6.875, -59.625, 1.8420815912370628e-23, nan 
-6.625, -59.625, 1.2799021397432246e-23, nan 
-6.375, -59.625, 9.263285366035975e-24, nan 
-6.125, -59.625, 1.6885012368403377e-23, nan 
-5.875, -59.625, 1.2816051327966732e-23, nan 
-5.625, -59.625, 2.0532366979768753e-23, nan 
-5.375, -59.625, 2.2845541033282928e-23, nan 
-5.125, -59.625, 1.0531944645304172e-23, nan 
-4.875, -59.625, 3.1163122567135155e-24, nan 
-4.625, -59.625, 1.881934688688881e-23, nan 
-4.375, -59.625, 2.2346674074889553e-23, nan 
-4.125, -59.625, 1.4249173723443303e-23, nan 
-3.875, -59.625, 1.1954447268052535e-23, nan 
-3.625, -59.625, 1.6091368974872266e-23, nan 
-3.375, -59.625, 1.9081240594629566e-23, nan 
-3.125, -59.625, 3.820463861386156e-23, nan 
-2.875, -59.625, 5.79811876139344e-23, nan 
-2.625, -59.625, 5.685420889045294e-23, nan 
-2.375, -59.625, 4.465835711608461e-23, nan 
-2.125, -59.625, 3.3915052423581496e-23, nan 
-1.875, -59.625, 3.9972551809107744e-23, nan 
-1.625, -59.625, 3.154319000956574e-23, nan 
-1.375, -59.625, 3.457689180345895e-23, nan 
-1.125, -59.625, 2.617761561032541e-23, nan 
-0.875, -59.625, 2.0940354283538617e-23, nan 
-0.625, -59.625, 2.3968540463089625e-23, nan 
-0.375, -59.625, 2.2099071465347523e-23, nan 
-0.125, -59.625, 1.4677838425935222e-23, nan 
0.125, -59.625, 2.3267473678160832e-23, nan 
0.375, -59.625, 3.7143035404081157e-23, nan 
0.625, -59.625, 3.230927916401964e-23, nan 
0.875, -59.625, 9.504592869357403e-24, nan 
1.125, -59.625, 3.425815652653395e-24, nan 
1.375, -59.625, 4.2287006757233077e-23, nan 
1.625, -59.625, 7.741061746402961e-23, nan 
-11.625, -59.375, 2.3772087924929133e-23, nan 
-11.375, -59.375, 1.2158032737406044e-23, nan 
-11.125, -59.375, 7.295732916205117e-24, nan 
-10.875, -59.375, 1.4126030404495657e-23, nan 
-10.625, -59.375, 2.2761544182556693e-23, nan 
-10.375, -59.375, 3.0387621855485636e-23, nan 
-10.125, -59.375, 2.562826352255919e-23, nan 
-9.875, -59.375, 1.2505262840625965e-23, nan 
-9.625, -59.375, 5.863699860185063e-24, nan 
-9.375, -59.375, 4.712797080592274e-24, nan 
-9.125, -59.375, 1.7074424783480994e-23, nan 
-8.875, -59.375, 2.6222065216584225e-23, nan 
-8.625, -59.375, 6.450946795403457e-23, nan 
-8.375, -59.375, 8.673585757553606e-23, nan 
-8.125, -59.375, 1.0797494294007295e-22, nan 
-7.875, -59.375, 8.699338997564827e-23, nan 
-7.625, -59.375, 7.119645678279981e-23, nan 
-7.375, -59.375, 1.965557421982729e-23, nan 
-7.125, -59.375, 1.7333441068163093e-23, nan 
-6.875, -59.375, 8.796146396252693e-24, nan 
-6.625, -59.375, 1.4999109115565493e-23, nan 
-6.375, -59.375, 1.568786269428474e-23, nan 
-6.125, -59.375, 1.0754310325556309e-23, nan 
-5.875, -59.375, 1.1536261077047598e-23, nan 
-5.625, -59.375, 9.23725246037489e-24, nan 
-5.375, -59.375, 2.203436046793762e-24, nan 
-5.125, -59.375, 1.0909147535344642e-23, nan 
-4.875, -59.375, 1.8155892229305495e-23, nan 
-4.625, -59.375, 1.7012700827045682e-23, nan 
-4.375, -59.375, 9.341668025669819e-24, nan 
-4.125, -59.375, 3.0938294658081223e-24, nan 
-3.875, -59.375, 3.336709234058332e-24, nan 
-3.625, -59.375, 6.687667642223731e-24, nan 
-3.375, -59.375, 8.377824155061447e-24, nan 
-3.125, -59.375, 6.30262166141993e-24, nan 
-2.875, -59.375, 1.909082395471075e-23, nan 
-2.625, -59.375, 3.673353103305602e-23, nan 
-2.375, -59.375, 5.997338501932722e-23, nan 
-2.125, -59.375, 6.310166520222837e-23, nan 
-1.875, -59.375, 4.686582355114999e-23, nan 
-1.625, -59.375, 2.224015978037505e-23, nan 
-1.375, -59.375, 2.983332382775098e-23, nan 
-1.125, -59.375, 2.9318488072787077e-23, nan 
-0.875, -59.375, 3.0239296143757914e-23, nan 
-0.625, -59.375, 2.473471319101909e-23, nan 
-0.375, -59.375, 2.927853863951616e-23, nan 
-0.125, -59.375, 2.595066807682207e-23, nan 
0.125, -59.375, 1.5352160565677167e-23, nan 
0.375, -59.375, 2.045375021770451e-23, nan 
0.625, -59.375, 2.0388977552283568e-23, nan 
0.875, -59.375, 1.4951774326545032e-23, nan 
1.125, -59.375, 9.279996429514446e-24, nan 
1.375, -59.375, 2.580504144244686e-23, nan 
1.625, -59.375, 3.439438019712928e-23, nan 
-11.375, -59.125, 1.4724012768217876e-23, nan 
-11.125, -59.125, 6.174441874770371e-24, nan 
-10.875, -59.125, 4.901941289792886e-24, nan 
-10.625, -59.125, 1.634714022541049e-23, nan 
-10.375, -59.125, 4.557702459936446e-23, nan 
-10.125, -59.125, 4.2498896125949024e-23, nan 
-9.875, -59.125, 7.430330080017997e-24, nan 
-9.625, -59.125, 1.1732906095949605e-23, nan 
-9.375, -59.125, 1.3582570698255993e-23, nan 
-9.125, -59.125, 2.0868100335341928e-23, nan 
-8.875, -59.125, 2.296912701620195e-23, nan 
-8.625, -59.125, 1.6947545461610243e-23, nan 
-8.375, -59.125, 2.6188210292833387e-23, nan 
-8.125, -59.125, 2.6440305892817903e-23, nan 
-7.875, -59.125, 1.9561574086843886e-23, nan 
-7.625, -59.125, 1.9179244488856058e-23, nan 
-7.375, -59.125, 9.797055275887668e-24, nan 
-7.125, -59.125, 6.163906533287101e-24, nan 
-6.875, -59.125, 4.230861438976899e-24, nan 
-6.625, -59.125, 1.1137565882285282e-23, nan 
-6.375, -59.125, 1.0647108161853996e-23, nan 
-6.125, -59.125, 1.3805586395355528e-23, nan 
-5.875, -59.125, 1.5502007892614775e-23, nan 
-5.625, -59.125, 1.5559912062335353e-23, nan 
-5.375, -59.125, 1.45694929796668e-23, nan 
-5.125, -59.125, 3.2836956966765035e-23, nan 
-4.875, -59.125, 3.5362301618056706e-23, nan 
-4.625, -59.125, 6.014314704252986e-24, nan 
-4.375, -59.125, 4.4343313676871194e-24, nan 
-4.125, -59.125, 5.597601151027029e-24, nan 
-3.875, -59.125, 3.880439009147547e-24, nan 
-3.625, -59.125, 3.2962887487872712e-24, nan 
-3.375, -59.125, 2.7596098491962658e-24, nan 
-3.125, -59.125, 3.557284043512719e-24, nan 
-2.875, -59.125, 1.1351247826302809e-23, nan 
-2.625, -59.125, 1.385825736750855e-23, nan 
-2.375, -59.125, 2.67711842646401e-23, nan 
-2.125, -59.125, 5.702827851574797e-23, nan 
-1.875, -59.125, 5.073489878358259e-23, nan 
-1.625, -59.125, 2.2379471579934744e-23, nan 
-1.375, -59.125, 1.4656225164251384e-23, nan 
-1.125, -59.125, 1.7045040898694137e-23, nan 
-0.875, -59.125, 2.47847850002069e-23, nan 
-0.625, -59.125, 1.9630265097211672e-23, nan 
-0.375, -59.125, 3.105172444374254e-23, nan 
-0.125, -59.125, 4.421651824417262e-23, nan 
0.125, -59.125, 3.737091099130009e-23, nan 
0.375, -59.125, 2.0848299543811412e-23, nan 
0.625, -59.125, 2.0997139193886855e-23, nan 
0.875, -59.125, 1.266299408678384e-23, nan 
1.125, -59.125, 3.763661610474967e-23, nan 
1.375, -59.125, 5.08317350035288e-23, nan 
1.625, -59.125, 4.661745297679931e-23, nan 
-11.125, -58.875, 1.9153274864529446e-23, nan 
-10.875, -58.875, 2.2342891713643097e-23, nan 
-10.625, -58.875, 2.683569292339741e-23, nan 
-10.375, -58.875, 2.698836003172619e-23, nan 
-10.125, -58.875, 2.1690616628517655e-23, nan 
-9.875, -58.875, 1.2489084622182691e-23, nan 
-9.625, -58.875, 9.786092480981745e-24, nan 
-9.375, -58.875, 9.036925726737555e-24, nan 
-9.125, -58.875, 1.9236197150283198e-23, nan 
-8.875, -58.875, 1.996991725524581e-23, nan 
-8.625, -58.875, 7.668382863414351e-24, nan 
-8.375, -58.875, 1.3077233469627792e-23, nan 
-8.125, -58.875, 2.5319663381498156e-23, nan 
-7.875, -58.875, 2.2761395466441495e-23, nan 
-7.625, -58.875, 1.1204266703582106e-23, nan 
-7.375, -58.875, 8.399548336200151e-24, nan 
-7.125, -58.875, 8.421316879327708e-24, nan 
-6.875, -58.875, 7.064521287405668e-24, nan 
-6.625, -58.875, 7.88743279747189e-24, nan 
-6.375, -58.875, 8.713596305886484e-24, nan 
-6.125, -58.875, 1.2244595921307202e-23, nan 
-5.875, -58.875, 1.9653564758768485e-23, nan 
-5.625, -58.875, 4.047981607165124e-23, nan 
-5.375, -58.875, 3.741591578128606e-23, nan 
-5.125, -58.875, 2.5972063612008045e-23, nan 
-4.875, -58.875, 4.028487206884246e-23, nan 
-4.625, -58.875, 3.4272328858518135e-23, nan 
-4.375, -58.875, 5.550656508541734e-24, nan 
-4.125, -58.875, 5.1671589725701105e-24, nan 
-3.875, -58.875, 5.9819286422088445e-24, nan 
-3.625, -58.875, 2.8270217780317495e-24, nan 
-3.375, -58.875, 2.836608064945529e-24, nan 
-3.125, -58.875, 4.17110750998263e-24, nan 
-2.875, -58.875, 6.2761949546593855e-24, nan 
-2.625, -58.875, 2.1322569752547663e-23, nan 
-2.375, -58.875, 5.319923613126588e-23, nan 
-2.125, -58.875, 5.678298879107507e-23, nan 
-1.875, -58.875, 3.1064670478601474e-23, nan 
-1.625, -58.875, 1.966879409257068e-23, nan 
-1.375, -58.875, 1.3977423469308898e-23, nan 
-1.125, -58.875, 1.178293272054026e-23, nan 
-0.875, -58.875, 1.0716687270110905e-23, nan 
-0.625, -58.875, 1.6586711719042876e-23, nan 
-0.375, -58.875, 1.9177579176132835e-23, nan 
-0.125, -58.875, 1.5299596712108728e-23, nan 
0.125, -58.875, 4.11012782084935e-23, nan 
0.375, -58.875, 3.972123125263292e-23, nan 
0.625, -58.875, 1.1089330714110402e-23, nan 
0.875, -58.875, 7.5638212664381e-24, nan 
1.125, -58.875, 2.212426489612261e-23, nan 
1.375, -58.875, 2.189718035656771e-23, nan 
-11.125, -58.625, 6.728781341181667e-24, nan 
-10.875, -58.625, 2.2539518789421916e-23, nan 
-10.625, -58.625, 2.353500827988878e-23, nan 
-10.375, -58.625, 1.9567043332822246e-23, nan 
-10.125, -58.625, 2.4058823077478045e-23, nan 
-9.875, -58.625, 1.9754571603778593e-23, nan 
-9.625, -58.625, 3.9494438818841665e-24, nan 
-9.375, -58.625, 7.745862195432391e-24, nan 
-9.125, -58.625, 1.9437987432797548e-23, nan 
-8.875, -58.625, 1.875974713022752e-23, nan 
-8.625, -58.625, 3.752494152054273e-24, nan 
-8.375, -58.625, 2.45681995259834e-24, nan 
-8.125, -58.625, 1.4057114510524067e-23, nan 
-7.875, -58.625, 1.9858960191793423e-23, nan 
-7.625, -58.625, 1.3915086410331115e-23, nan 
-7.375, -58.625, 1.083533528150182e-23, nan 
-7.125, -58.625, 1.0583593472694048e-23, nan 
-6.875, -58.625, 1.0653906527029296e-23, nan 
-6.625, -58.625, 1.8255407288602426e-23, nan 
-6.375, -58.625, 1.99018761411922e-23, nan 
-6.125, -58.625, 2.927003264474323e-23, nan 
-5.875, -58.625, 3.070504636462887e-23, nan 
-5.625, -58.625, 2.677222158238411e-23, nan 
-5.375, -58.625, 2.1458103861647552e-23, nan 
-5.125, -58.625, 1.0001430778843856e-23, nan 
-4.875, -58.625, 2.96125202509894e-23, nan 
-4.625, -58.625, 4.3015716697568325e-23, nan 
-4.375, -58.625, 5.0216290293438305e-23, nan 
-4.125, -58.625, 3.807218158859984e-23, nan 
-3.875, -58.625, 2.7587222184498447e-23, nan 
-3.625, -58.625, 2.6058736376724036e-23, nan 
-3.375, -58.625, 4.0467934325719505e-24, nan 
-3.125, -58.625, 9.54057719623607e-24, nan 
-2.875, -58.625, 1.3291712123962445e-23, nan 
-2.625, -58.625, 3.949967630127812e-23, nan 
-2.375, -58.625, 4.544141345289169e-23, nan 
-2.125, -58.625, 4.349100976677061e-23, nan 
-1.875, -58.625, 3.667854114737212e-23, nan 
-1.625, -58.625, 2.1464887220529805e-23, nan 
-1.375, -58.625, 5.847542660743662e-24, nan 
-1.125, -58.625, 5.6371699932177666e-24, nan 
-0.875, -58.625, 8.592279408992946e-24, nan 
-0.625, -58.625, 1.4243904183175753e-23, nan 
-0.375, -58.625, 2.5109116970628232e-23, nan 
-0.125, -58.625, 2.954589786821097e-23, nan 
0.125, -58.625, 2.2747490162308612e-23, nan 
0.375, -58.625, 1.0643301319327185e-23, nan 
0.625, -58.625, 1.3603218537603062e-23, nan 
0.875, -58.625, 1.190400167686715e-23, nan 
1.125, -58.625, 2.405680115107438e-23, nan 
1.375, -58.625, 3.112665830399679e-23, nan 
-10.875, -58.375, 1.4244973341976152e-23, nan 
-10.625, -58.375, 2.3768236428203517e-23, nan 
-10.375, -58.375, 2.4507912968063198e-23, nan 
-10.125, -58.375, 1.4973673486419817e-23, nan 
-9.875, -58.375, 9.872777061119056e-24, nan 
-9.625, -58.375, 4.7955359589089036e-24, nan 
-9.375, -58.375, 4.8723551011406584e-24, nan 
-9.125, -58.375, 8.299845759799521e-24, nan 
-8.875, -58.375, 1.3319985774432962e-23, nan 
-8.625, -58.375, 1.0510348459038694e-23, nan 
-8.375, -58.375, 8.172753873266125e-24, nan 
-8.125, -58.375, 7.270736021292011e-24, nan 
-7.875, -58.375, 1.32971309142791e-23, nan 
-7.625, -58.375, 1.3913294315934103e-23, nan 
-7.375, -58.375, 9.759521428538568e-24, nan 
-7.125, -58.375, 7.15820689345949e-24, nan 
-6.875, -58.375, 1.5516105548818567e-23, nan 
-6.625, -58.375, 1.6307166182575886e-23, nan 
-6.375, -58.375, 1.3350204617093937e-23, nan 
-6.125, -58.375, 9.556039227132194e-24, nan 
-5.875, -58.375, 1.241292291865847e-23, nan 
-5.625, -58.375, 9.450189310141197e-24, nan 
-5.375, -58.375, 6.878441313187103e-24, nan 
-5.125, -58.375, 6.420441333138784e-24, nan 
-4.875, -58.375, 2.263279922718452e-23, nan 
-4.625, -58.375, 3.31856256865944e-23, nan 
-4.375, -58.375, 4.724388403883906e-23, nan 
-4.125, -58.375, 4.284780747755604e-23, nan 
-3.875, -58.375, 3.6221603921287175e-23, nan 
-3.625, -58.375, 5.2730101123270906e-23, nan 
-3.375, -58.375, 6.26025360801918e-23, nan 
-3.125, -58.375, 6.831132760690783e-23, nan 
-2.875, -58.375, 6.724807998668142e-23, nan 
-2.625, -58.375, 5.172554694225891e-23, nan 
-2.375, -58.375, 2.748750464841256e-23, nan 
-2.125, -58.375, 2.2075873172699538e-23, nan 
-1.875, -58.375, 1.42356958633998e-23, nan 
-1.625, -58.375, 1.1842727036350459e-23, nan 
-1.375, -58.375, 1.3128121790859716e-23, nan 
-1.125, -58.375, 1.186354137621982e-23, nan 
-0.875, -58.375, 4.769176722733383e-24, nan 
-0.625, -58.375, 1.1241689822440233e-23, nan 
-0.375, -58.375, 1.9281185309293123e-23, nan 
-0.125, -58.375, 2.359047860807176e-23, nan 
0.125, -58.375, 2.9897353253771597e-23, nan 
0.375, -58.375, 2.515873972078591e-23, nan 
0.625, -58.375, 2.3376414021780295e-23, nan 
0.875, -58.375, 2.1722022032168353e-23, nan 
1.125, -58.375, 2.1231010885867801e-23, nan 
1.375, -58.375, 2.5819109720124735e-23, nan 
-10.625, -58.125, 1.6051298719532697e-23, nan 
-10.375, -58.125, 2.1139793621915733e-23, nan 
-10.125, -58.125, 1.5685658521771057e-23, nan 
-9.875, -58.125, 8.965412395825606e-24, nan 
-9.625, -58.125, 7.520480620488743e-24, nan 
-9.375, -58.125, 4.595220776268227e-24, nan 
-9.125, -58.125, 3.428080533251406e-24, nan 
-8.875, -58.125, 8.129388912463911e-24, nan 
-8.625, -58.125, 9.791039526335552e-24, nan 
-8.375, -58.125, 7.520817332407537e-24, nan 
-8.125, -58.125, 4.8727688989021244e-24, nan 
-7.875, -58.125, 3.7732940954647855e-24, nan 
-7.625, -58.125, 7.455824779131294e-24, nan 
-7.375, -58.125, 7.750909659980233e-24, nan 
-7.125, -58.125, 7.467675892950332e-24, nan 
-6.875, -58.125, 1.023680587294331e-23, nan 
-6.625, -58.125, 1.1729783636106197e-23, nan 
-6.375, -58.125, 1.5912538728723092e-23, nan 
-6.125, -58.125, 1.62426529245329e-23, nan 
-5.875, -58.125, 8.358078925410226e-24, nan 
-5.625, -58.125, 1.5881557426332368e-23, nan 
-5.375, -58.125, 2.737428372036147e-23, nan 
-5.125, -58.125, 1.7668591606209616e-23, nan 
-4.875, -58.125, 2.0752601172790912e-23, nan 
-4.625, -58.125, 2.1224369904598023e-23, nan 
-4.375, -58.125, 1.5755783433191096e-23, nan 
-4.125, -58.125, 1.40899591695685e-23, nan 
-3.875, -58.125, 1.8160527954978726e-23, nan 
-3.625, -58.125, 2.0043265889914764e-23, nan 
-3.375, -58.125, 4.4434094327421643e-23, nan 
-3.125, -58.125, 5.430104242125666e-23, nan 
-2.875, -58.125, 3.9476073686655545e-23, nan 
-2.625, -58.125, 2.9848490248867945e-23, nan 
-2.375, -58.125, 2.1838927002967677e-23, nan 
-2.125, -58.125, 1.3281438959921012e-23, nan 
-1.875, -58.125, 1.1124764626279138e-23, nan 
-1.625, -58.125, 8.818350486356926e-24, nan 
-1.375, -58.125, 3.012211852079964e-23, nan 
-1.125, -58.125, 4.013344697330183e-24, nan 
-0.875, -58.125, 7.959969779740742e-24, nan 
-0.625, -58.125, 1.2646649889312704e-23, nan 
-0.375, -58.125, 1.4847145225691856e-23, nan 
-0.125, -58.125, 2.714246135819352e-23, nan 
0.125, -58.125, 2.5915752948554414e-23, nan 
0.375, -58.125, 5.0733417331834605e-23, nan 
0.625, -58.125, 5.310761791732405e-23, nan 
0.875, -58.125, 2.023158016016321e-23, nan 
1.125, -58.125, 1.766627150330358e-23, nan 
1.375, -58.125, 1.1923101608798013e-23, nan 
-10.375, -57.875, 1.4172484822551494e-23, nan 
-10.125, -57.875, 1.7693598096371908e-23, nan 
-9.875, -57.875, 1.4048352336080225e-23, nan 
-9.625, -57.875, 3.649948363299572e-24, nan 
-9.375, -57.875, 3.637795985657627e-24, nan 
-9.125, -57.875, 6.339114250709461e-24, nan 
-8.875, -57.875, 6.041667758519107e-24, nan 
-8.625, -57.875, 8.801693787748611e-24, nan 
-8.375, -57.875, 8.477828398159624e-24, nan 
-8.125, -57.875, 4.783887125058353e-24, nan 
-7.875, -57.875, 4.5232258717926065e-24, nan 
-7.625, -57.875, 1.1826732674884375e-23, nan 
-7.375, -57.875, 1.1872401763773096e-23, nan 
-7.125, -57.875, 8.304294042405714e-24, nan 
-6.875, -57.875, 1.171846659677558e-23, nan 
-6.625, -57.875, 1.0026741925631392e-23, nan 
-6.375, -57.875, 8.346286668858434e-24, nan 
-6.125, -57.875, 1.4403248873200103e-23, nan 
-5.875, -57.875, 1.341288393429808e-23, nan 
-5.625, -57.875, 1.2472648402333898e-23, nan 
-5.375, -57.875, 2.2927739097780037e-23, nan 
-5.125, -57.875, 1.3260075200416174e-23, nan 
-4.875, -57.875, 1.0876477787377111e-23, nan 
-4.625, -57.875, 1.2017978079653479e-23, nan 
-4.375, -57.875, 1.3235487887303635e-23, nan 
-4.125, -57.875, 1.3806993286384378e-23, nan 
-3.875, -57.875, 1.698003795413984e-23, nan 
-3.625, -57.875, 2.3063853473934733e-23, nan 
-3.375, -57.875, 3.023362591421637e-23, nan 
-3.125, -57.875, 3.319757536999593e-23, nan 
-2.875, -57.875, 3.080676411510037e-23, nan 
-2.625, -57.875, 3.4029436307828226e-23, nan 
-2.375, -57.875, 3.7168634255070135e-23, nan 
-2.125, -57.875, 2.1827210432001303e-23, nan 
-1.875, -57.875, 1.4879902568680066e-23, nan 
-1.625, -57.875, 4.972670307739397e-23, nan 
-1.375, -57.875, 7.921887337010163e-23, nan 
-1.125, -57.875, 6.170431129749412e-23, nan 
-0.875, -57.875, 4.845109662052501e-23, nan 
-0.625, -57.875, 4.313710535426271e-23, nan 
-0.375, -57.875, 3.880468637472045e-23, nan 
-0.125, -57.875, 2.6075230389670758e-23, nan 
0.125, -57.875, 3.144117944577389e-23, nan 
0.375, -57.875, 4.3542730139593267e-23, nan 
0.625, -57.875, 3.28267366514221e-23, nan 
0.875, -57.875, 4.4665368634627724e-24, nan 
1.125, -57.875, 8.386173019008996e-24, nan 
1.375, -57.875, 7.719959917781888e-24, nan 
-10.375, -57.625, 1.5710094384051314e-23, nan 
-10.125, -57.625, 1.971364015321417e-23, nan 
-9.875, -57.625, 1.6702259682871826e-23, nan 
-9.625, -57.625, 1.559594357052702e-23, nan 
-9.375, -57.625, 1.1232531193049413e-23, nan 
-9.125, -57.625, 8.370215454760471e-24, nan 
-8.875, -57.625, 6.654939715958775e-24, nan 
-8.625, -57.625, 9.224663740390545e-24, nan 
-8.375, -57.625, 6.959204919016535e-24, nan 
-8.125, -57.625, 7.013960011005522e-24, nan 
-7.875, -57.625, 7.612519868878522e-24, nan 
-7.625, -57.625, 8.221849304751868e-24, nan 
-7.375, -57.625, 7.071353582884186e-24, nan 
-7.125, -57.625, 7.100137437228645e-24, nan 
-6.875, -57.625, 9.879827622436109e-24, nan 
-6.625, -57.625, 7.453496452961983e-24, nan 
-6.375, -57.625, 5.800203323734248e-24, nan 
-6.125, -57.625, 1.5071574652134287e-23, nan 
-5.875, -57.625, 1.7998964615621137e-23, nan 
-5.625, -57.625, 1.0983424946941738e-23, nan 
-5.375, -57.625, 1.0719288961911104e-23, nan 
-5.125, -57.625, 8.483306523049582e-24, nan 
-4.875, -57.625, 6.080925339492708e-24, nan 
-4.625, -57.625, 3.2077765236681236e-24, nan 
-4.375, -57.625, 5.679724035992094e-24, nan 
-4.125, -57.625, 8.805855576229012e-24, nan 
-3.875, -57.625, 1.1086274170287006e-23, nan 
-3.625, -57.625, 1.8440542910932387e-23, nan 
-3.375, -57.625, 3.788842154471868e-23, nan 
-3.125, -57.625, 3.940390477207935e-23, nan 
-2.875, -57.625, 2.3870953619627038e-23, nan 
-2.625, -57.625, 2.2103949883916954e-23, nan 
-2.375, -57.625, 5.39470663866458e-23, nan 
-2.125, -57.625, 5.0930524930608066e-23, nan 
-1.875, -57.625, 1.802079351624361e-23, nan 
-1.625, -57.625, 2.7786717820083427e-23, nan 
-1.375, -57.625, 4.422601887714875e-23, nan 
-1.125, -57.625, 5.302862552853759e-23, nan 
-0.875, -57.625, 5.826519877593242e-23, nan 
-0.625, -57.625, 4.339022081512318e-23, nan 
-0.375, -57.625, 4.177433640428921e-23, nan 
-0.125, -57.625, 3.5133629317642606e-23, nan 
0.125, -57.625, 2.187362485173198e-23, nan 
0.375, -57.625, 2.2647474265145103e-23, nan 
0.625, -57.625, 2.0867516074861666e-23, nan 
0.875, -57.625, 1.3730148567180584e-23, nan 
1.125, -57.625, 1.1836424457672577e-23, nan 
1.375, -57.625, 1.2608315259383085e-23, nan 
-10.125, -57.375, 1.9736298237569565e-23, nan 
-9.875, -57.375, 2.1658806368245556e-23, nan 
-9.625, -57.375, 1.579059667446944e-23, nan 
-9.375, -57.375, 1.2712805167800358e-23, nan 
-9.125, -57.375, 8.010894000964407e-24, nan 
-8.875, -57.375, 8.537334402099265e-24, nan 
-8.625, -57.375, 7.165496198495862e-24, nan 
-8.375, -57.375, 5.1375190151348796e-24, nan 
-8.125, -57.375, 9.820868808225821e-24, nan 
-7.875, -57.375, 9.09261546884206e-24, nan 
-7.625, -57.375, 1.6741081631535585e-23, nan 
-7.375, -57.375, 1.835721728724951e-23, nan 
-7.125, -57.375, 1.0730497133523814e-23, nan 
-6.875, -57.375, 1.5055387629694124e-23, nan 
-6.625, -57.375, 8.79809940676245e-24, nan 
-6.375, -57.375, 4.633521643563625e-24, nan 
-6.125, -57.375, 2.5933584615164636e-24, nan 
-5.875, -57.375, 1.655341573567687e-23, nan 
-5.625, -57.375, 1.9972049005650049e-23, nan 
-5.375, -57.375, 1.3354482367834214e-23, nan 
-5.125, -57.375, 6.3327927423725296e-24, nan 
-4.875, -57.375, 3.480865288910172e-24, nan 
-4.625, -57.375, 5.950771676054248e-24, nan 
-4.375, -57.375, 7.430359863237664e-24, nan 
-4.125, -57.375, 5.950161811556875e-24, nan 
-3.875, -57.375, 9.852433088143622e-24, nan 
-3.625, -57.375, 2.504409427105548e-23, nan 
-3.375, -57.375, 3.5398939492062e-23, nan 
-3.125, -57.375, 3.330981741084944e-23, nan 
-2.875, -57.375, 1.2932022861206607e-23, nan 
-2.625, -57.375, 1.4382430984824042e-23, nan 
-2.375, -57.375, 4.3512870312057334e-23, nan 
-2.125, -57.375, 4.0533528451625373e-23, nan 
-1.875, -57.375, 2.652969640256905e-23, nan 
-1.625, -57.375, 4.985358957522085e-23, nan 
-1.375, -57.375, 5.076374220008818e-23, nan 
-1.125, -57.375, 2.5146846331539572e-23, nan 
-0.875, -57.375, 1.0310644231274925e-23, nan 
-0.625, -57.375, 1.0226759883329245e-23, nan 
-0.375, -57.375, 1.2620419479051824e-23, nan 
-0.125, -57.375, 4.9011724502385644e-23, nan 
0.125, -57.375, 4.5426549137395335e-23, nan 
0.375, -57.375, 1.4754946163701588e-23, nan 
0.625, -57.375, 1.704997816042053e-23, nan 
0.875, -57.375, 1.2393381594072092e-23, nan 
1.125, -57.375, 6.664164847391742e-24, nan 
-9.875, -57.125, 1.6822583113001472e-23, nan 
-9.625, -57.125, 1.2323784467413095e-23, nan 
-9.375, -57.125, 1.1671700139300492e-23, nan 
-9.125, -57.125, 1.1416433064476714e-23, nan 
-8.875, -57.125, 1.280505390431602e-23, nan 
-8.625, -57.125, 1.134993511499928e-23, nan 
-8.375, -57.125, 7.784512282682413e-24, nan 
-8.125, -57.125, 6.101249141247843e-24, nan 
-7.875, -57.125, 1.7233811177170206e-24, nan 
-7.625, -57.125, 4.1548633807986725e-24, nan 
-7.375, -57.125, 1.34047657371467e-23, nan 
-7.125, -57.125, 2.1801141495329726e-23, nan 
-6.875, -57.125, 2.259294187506017e-23, nan 
-6.625, -57.125, 1.587999036284108e-23, nan 
-6.375, -57.125, 1.642689888548812e-23, nan 
-6.125, -57.125, 2.062207951637509e-23, nan 
-5.875, -57.125, 2.119606065101463e-23, nan 
-5.625, -57.125, 1.376388210874397e-23, nan 
-5.375, -57.125, 7.299618126494262e-24, nan 
-5.125, -57.125, 7.275292057679822e-24, nan 
-4.875, -57.125, 6.145367631197004e-24, nan 
-4.625, -57.125, 5.390648931326279e-24, nan 
-4.375, -57.125, 1.6394353710791646e-23, nan 
-4.125, -57.125, 1.6769554777675964e-23, nan 
-3.875, -57.125, 4.047304416966739e-24, nan 
-3.625, -57.125, 4.75123366894845e-24, nan 
-3.375, -57.125, 9.240585472771912e-24, nan 
-3.125, -57.125, 2.4808857241397123e-23, nan 
-2.875, -57.125, 1.991157793585518e-23, nan 
-2.625, -57.125, 2.54486115575765e-23, nan 
-2.375, -57.125, 3.1025167553444594e-23, nan 
-2.125, -57.125, 1.1175109417612907e-23, nan 
-1.875, -57.125, 4.505901852705784e-24, nan 
-1.625, -57.125, 6.477153878790165e-23, nan 
-1.375, -57.125, 7.135708219787021e-23, nan 
-1.125, -57.125, 1.977729894973732e-23, nan 
-0.875, -57.125, 8.214724390735447e-24, nan 
-0.625, -57.125, 3.834261576165749e-24, nan 
-0.375, -57.125, 3.0509814565247886e-24, nan 
-0.125, -57.125, 3.628959337283319e-23, nan 
0.125, -57.125, 4.1744233187238994e-23, nan 
0.375, -57.125, 2.783156007155933e-23, nan 
0.625, -57.125, 2.421092245530906e-23, nan 
0.875, -57.125, 1.825516501842551e-23, nan 
1.125, -57.125, 9.391345671356236e-24, nan 
-9.625, -56.875, 5.786666673432282e-24, nan 
-9.375, -56.875, 5.243216976973813e-24, nan 
-9.125, -56.875, 7.82312370586173e-24, nan 
-8.875, -56.875, 8.32010539196628e-24, nan 
-8.625, -56.875, 9.348231190967027e-24, nan 
-8.375, -56.875, 7.997501780835916e-24, nan 
-8.125, -56.875, 5.922038848160915e-24, nan 
-7.875, -56.875, 8.37723914396763e-24, nan 
-7.625, -56.875, 1.3774823668291142e-23, nan 
-7.375, -56.875, 1.4213839552276566e-23, nan 
-7.125, -56.875, 1.673058153384199e-23, nan 
-6.875, -56.875, 1.28815801821182e-23, nan 
-6.625, -56.875, 1.7194219223310367e-23, nan 
-6.375, -56.875, 2.0254411509757518e-23, nan 
-6.125, -56.875, 1.522565136755786e-23, nan 
-5.875, -56.875, 6.928198937713946e-24, nan 
-5.625, -56.875, 1.0444411000081697e-23, nan 
-5.375, -56.875, 1.062383908838214e-23, nan 
-5.125, -56.875, 7.736840011544834e-24, nan 
-4.875, -56.875, 3.484981632658994e-24, nan 
-4.625, -56.875, 7.245981244763808e-24, nan 
-4.375, -56.875, 8.958046790886625e-24, nan 
-4.125, -56.875, 1.5059245837341284e-23, nan 
-3.875, -56.875, 1.2358099529221162e-23, nan 
-3.625, -56.875, 7.993247768739336e-24, nan 
-3.375, -56.875, 7.118098541898474e-24, nan 
-3.125, -56.875, 7.903779735657756e-24, nan 
-2.875, -56.875, 8.628458610710362e-24, nan 
-2.625, -56.875, 9.900588161282929e-24, nan 
-2.375, -56.875, 1.330284024729406e-23, nan 
-2.125, -56.875, 1.0926652423542081e-23, nan 
-1.875, -56.875, 5.24122040402423e-24, nan 
-1.625, -56.875, 6.900265814521539e-24, nan 
-1.375, -56.875, 4.327860169473372e-23, nan 
-1.125, -56.875, 4.076424860926198e-23, nan 
-0.875, -56.875, 3.090377272227788e-23, nan 
-0.625, -56.875, 3.213694288050974e-23, nan 
-0.375, -56.875, 4.645642610959997e-23, nan 
-0.125, -56.875, 5.055956557819155e-23, nan 
0.125, -56.875, 3.703377164575807e-23, nan 
0.375, -56.875, 3.1881769179290897e-23, nan 
0.625, -56.875, 3.82704889433515e-23, nan 
0.875, -56.875, 2.7120261807374284e-23, nan 
1.125, -56.875, 1.2216852431819397e-23, nan 
-9.625, -56.625, 7.146785004350172e-24, nan 
-9.375, -56.625, 4.983202400238594e-24, nan 
-9.125, -56.625, 4.473626898581217e-24, nan 
-8.875, -56.625, 3.609782052356271e-24, nan 
-8.625, -56.625, 3.549997740661509e-24, nan 
-8.375, -56.625, 4.032994667170234e-24, nan 
-8.125, -56.625, 7.557053342556057e-24, nan 
-7.875, -56.625, 1.1785696120920092e-23, nan 
-7.625, -56.625, 1.23599079879852e-23, nan 
-7.375, -56.625, 3.3243011809489404e-23, nan 
-7.125, -56.625, 4.0216314852265606e-23, nan 
-6.875, -56.625, 3.446779607491304e-23, nan 
-6.625, -56.625, 7.688271638864679e-24, nan 
-6.375, -56.625, 8.740683705453002e-24, nan 
-6.125, -56.625, 8.525261825459923e-24, nan 
-5.875, -56.625, 3.8582174429048776e-24, nan 
-5.625, -56.625, 1.368620589912026e-23, nan 
-5.375, -56.625, 3.6772102769544144e-23, nan 
-5.125, -56.625, 4.13284258762534e-23, nan 
-4.875, -56.625, 4.6317064375285923e-23, nan 
-4.625, -56.625, 4.5096221278823144e-23, nan 
-4.375, -56.625, 3.1985042244330517e-23, nan 
-4.125, -56.625, 2.1689136238860418e-23, nan 
-3.875, -56.625, 1.7437876006973603e-23, nan 
-3.625, -56.625, 8.59736148481563e-24, nan 
-3.375, -56.625, 7.481866815112534e-24, nan 
-3.125, -56.625, 1.6293901186718864e-23, nan 
-2.875, -56.625, 1.6917309565726144e-23, nan 
-2.625, -56.625, 1.3742900402905807e-23, nan 
-2.375, -56.625, 1.377888584639253e-23, nan 
-2.125, -56.625, 8.828537772803048e-24, nan 
-1.875, -56.625, 1.2974010942401806e-23, nan 
-1.625, -56.625, 1.3699825990119116e-23, nan 
-1.375, -56.625, 9.737816105174719e-24, nan 
-1.125, -56.625, 6.735688741544515e-24, nan 
-0.875, -56.625, 2.4566364488210124e-23, nan 
-0.625, -56.625, 3.596922312304457e-23, nan 
-0.375, -56.625, 3.62457909673093e-23, nan 
-0.125, -56.625, 1.702895795323668e-23, nan 
0.125, -56.625, 7.309605712010125e-24, nan 
0.375, -56.625, 1.4112193955644466e-23, nan 
0.625, -56.625, 1.9788050298958255e-23, nan 
0.875, -56.625, 2.0483286075264344e-23, nan 
1.125, -56.625, 1.9124468351771107e-23, nan 
-9.375, -56.375, 7.33904619638199e-24, nan 
-9.125, -56.375, 4.205021667073237e-24, nan 
-8.875, -56.375, 6.993282105411485e-24, nan 
-8.625, -56.375, 7.44505877002208e-24, nan 
-8.375, -56.375, 2.1815586205512586e-24, nan 
-8.125, -56.375, 6.1673972511627436e-24, nan 
-7.875, -56.375, 9.527415936034504e-24, nan 
-7.625, -56.375, 6.641930073003115e-23, nan 
-7.375, -56.375, 7.607407487339822e-23, nan 
-7.125, -56.375, 4.537349290030282e-23, nan 
-6.875, -56.375, 7.96393892897299e-23, nan 
-6.625, -56.375, 8.00047615368914e-23, nan 
-6.375, -56.375, 6.791869910160087e-24, nan 
-6.125, -56.375, 6.952520352811042e-24, nan 
-5.875, -56.375, 2.2004789099597657e-23, nan 
-5.625, -56.375, 5.0583932097071916e-23, nan 
-5.375, -56.375, 5.540582011532665e-23, nan 
-5.125, -56.375, 4.051553178866054e-23, nan 
-4.875, -56.375, 4.5811066015064246e-23, nan 
-4.625, -56.375, 5.988405877338295e-23, nan 
-4.375, -56.375, 7.830824301455519e-23, nan 
-4.125, -56.375, 5.886583836075914e-23, nan 
-3.875, -56.375, 1.7788921777284415e-23, nan 
-3.625, -56.375, 1.2783632696228214e-23, nan 
-3.375, -56.375, 1.6191948591102554e-23, nan 
-3.125, -56.375, 1.1326343726727314e-23, nan 
-2.875, -56.375, 7.50527217077665e-24, nan 
-2.625, -56.375, 1.0086255023559702e-23, nan 
-2.375, -56.375, 1.1151293148542685e-23, nan 
-2.125, -56.375, 9.175471978825373e-24, nan 
-1.875, -56.375, 9.475123412839685e-24, nan 
-1.625, -56.375, 6.306951056590546e-24, nan 
-1.375, -56.375, 3.136716144325908e-24, nan 
-1.125, -56.375, 4.648581696271743e-24, nan 
-0.875, -56.375, 6.096604168175259e-24, nan 
-0.625, -56.375, 7.743414220356379e-24, nan 
-0.375, -56.375, 9.988918545045245e-24, nan 
-0.125, -56.375, 1.0607162618674595e-23, nan 
0.125, -56.375, 8.442616305235983e-24, nan 
0.375, -56.375, 2.0850080774356346e-23, nan 
0.625, -56.375, 2.43137738948007e-23, nan 
0.875, -56.375, 1.2916179379317355e-23, nan 
-9.125, -56.125, 8.90710939975123e-24, nan 
-8.875, -56.125, 7.893792771560517e-24, nan 
-8.625, -56.125, 4.6328436051340554e-24, nan 
-8.375, -56.125, 6.257975296078757e-24, nan 
-8.125, -56.125, 7.700470711679994e-24, nan 
-7.875, -56.125, 7.152109775386339e-24, nan 
-7.625, -56.125, 8.598679805706691e-23, nan 
-7.375, -56.125, 9.511287493716778e-23, nan 
-7.125, -56.125, 1.553883996988313e-23, nan 
-6.875, -56.125, 3.6086218296055834e-23, nan 
-6.625, -56.125, 9.64287482287778e-23, nan 
-6.375, -56.125, 7.444326345435379e-23, nan 
-6.125, -56.125, 8.088087934972987e-24, nan 
-5.875, -56.125, 4.360903966086545e-23, nan 
-5.625, -56.125, 5.231325072467915e-23, nan 
-5.375, -56.125, 2.0795061806980982e-23, nan 
-5.125, -56.125, 5.8434026406466865e-24, nan 
-4.875, -56.125, 4.9162923865865804e-24, nan 
-4.625, -56.125, 1.3074605688550632e-23, nan 
-4.375, -56.125, 7.349056628343776e-23, nan 
-4.125, -56.125, 7.112654245636174e-23, nan 
-3.875, -56.125, 1.7837091407879133e-23, nan 
-3.625, -56.125, 2.1647388475128736e-23, nan 
-3.375, -56.125, 2.6210053239348103e-23, nan 
-3.125, -56.125, 1.7327379406009434e-23, nan 
-2.875, -56.125, 1.2001755592619649e-23, nan 
-2.625, -56.125, 6.1540115082559e-24, nan 
-2.375, -56.125, 4.8728148855489755e-24, nan 
-2.125, -56.125, 5.030891901666554e-24, nan 
-1.875, -56.125, 6.032568937683205e-24, nan 
-1.625, -56.125, 5.694373929243082e-24, nan 
-1.375, -56.125, 6.216733578188432e-24, nan 
-1.125, -56.125, 6.1680733801790936e-24, nan 
-0.875, -56.125, 2.1328884933403273e-24, nan 
-0.625, -56.125, 7.305902867112716e-24, nan 
-0.375, -56.125, 6.4761028103096976e-24, nan 
-0.125, -56.125, 8.303872682554086e-24, nan 
0.125, -56.125, 4.091293111426934e-24, nan 
0.375, -56.125, 1.7339001208873342e-23, nan 
0.625, -56.125, 2.673173393803658e-23, nan 
0.875, -56.125, 2.1398633882498008e-23, nan 
-8.875, -55.875, 6.1613101256006424e-24, nan 
-8.625, -55.875, 2.9722725222725754e-24, nan 
-8.375, -55.875, 2.6612411861984166e-24, nan 
-8.125, -55.875, 4.179166372111127e-24, nan 
-7.875, -55.875, 2.2468201658774187e-23, nan 
-7.625, -55.875, 4.618377378370488e-23, nan 
-7.375, -55.875, 7.317526129252767e-23, nan 
-7.125, -55.875, 6.387619266248514e-23, nan 
-6.875, -55.875, 5.612094334840511e-23, nan 
-6.625, -55.875, 5.47147639743387e-23, nan 
-6.375, -55.875, 1.629923549204327e-23, nan 
-6.125, -55.875, 7.638222326545968e-24, nan 
-5.875, -55.875, 1.825700925099685e-23, nan 
-5.625, -55.875, 5.338894634156308e-23, nan 
-5.375, -55.875, 5.922562112952398e-23, nan 
-5.125, -55.875, 4.392150431841132e-23, nan 
-4.875, -55.875, 4.665907068481725e-23, nan 
-4.625, -55.875, 6.10641561887999e-23, nan 
-4.375, -55.875, 7.71236691808467e-23, nan 
-4.125, -55.875, 5.672350879759571e-23, nan 
-3.875, -55.875, 2.0293860986243033e-23, nan 
-3.625, -55.875, 2.9638816273601954e-23, nan 
-3.375, -55.875, 3.0513874127923554e-23, nan 
-3.125, -55.875, 3.024039241450007e-23, nan 
-2.875, -55.875, 1.459227581067017e-23, nan 
-2.625, -55.875, 1.1925504601764263e-23, nan 
-2.375, -55.875, 6.733423662975813e-24, nan 
-2.125, -55.875, 1.7600258938359576e-24, nan 
-1.875, -55.875, 2.208841320389751e-24, nan 
-1.625, -55.875, 1.7212646714285443e-24, nan 
-1.375, -55.875, 2.1072638610423454e-24, nan 
-1.125, -55.875, 9.218469625927115e-24, nan 
-0.875, -55.875, 1.4350532669176103e-23, nan 
-0.625, -55.875, 2.2568034524296742e-23, nan 
-0.375, -55.875, 1.7341177045562958e-23, nan 
-0.125, -55.875, 5.92922994281844e-24, nan 
0.125, -55.875, 9.66533430063548e-24, nan 
0.375, -55.875, 1.6837936394454915e-23, nan 
0.625, -55.875, 1.8058130636925852e-23, nan 
0.875, -55.875, 1.3299632862738393e-23, nan 
-8.875, -55.625, 5.140940680946142e-24, nan 
-8.625, -55.625, 4.087728010159303e-24, nan 
-8.375, -55.625, 3.300974220911512e-24, nan 
-8.125, -55.625, 2.6861629161112175e-24, nan 
-7.875, -55.625, 3.957496426647913e-24, nan 
-7.625, -55.625, 1.5007528458339078e-23, nan 
-7.375, -55.625, 8.882871437582788e-24, nan 
-7.125, -55.625, 3.608203963749753e-23, nan 
-6.875, -55.625, 2.918617803573222e-23, nan 
-6.625, -55.625, 7.015968701727718e-24, nan 
-6.375, -55.625, 5.59384973589801e-24, nan 
-6.125, -55.625, 5.368980606369181e-24, nan 
-5.875, -55.625, 4.4878654003380045e-24, nan 
-5.625, -55.625, 1.0338980215098964e-23, nan 
-5.375, -55.625, 3.7497270588573365e-23, nan 
-5.125, -55.625, 4.411713157807219e-23, nan 
-4.875, -55.625, 4.6040641921923765e-23, nan 
-4.625, -55.625, 4.5520567768760883e-23, nan 
-4.375, -55.625, 2.85428277357908e-23, nan 
-4.125, -55.625, 2.6464992585481942e-23, nan 
-3.875, -55.625, 4.0259003055872897e-23, nan 
-3.625, -55.625, 4.1709096847152375e-23, nan 
-3.375, -55.625, 2.486995410538979e-23, nan 
-3.125, -55.625, 5.73540412025024e-23, nan 
-2.875, -55.625, 4.7548414509481835e-23, nan 
-2.625, -55.625, 1.4314724368416916e-23, nan 
-2.375, -55.625, 1.3373874113767373e-23, nan 
-2.125, -55.625, 4.3388465615599776e-24, nan 
-1.875, -55.625, 2.8806268593214133e-24, nan 
-1.625, -55.625, 2.7153433347406364e-24, nan 
-1.375, -55.625, 1.6478639025146301e-24, nan 
-1.125, -55.625, 2.78804424719415e-24, nan 
-0.875, -55.625, 2.723627291648137e-24, nan 
-0.625, -55.625, 8.199235979215375e-24, nan 
-0.375, -55.625, 9.887986725931573e-24, nan 
-0.125, -55.625, 1.1043083874213856e-23, nan 
0.125, -55.625, 8.073193026269417e-24, nan 
0.375, -55.625, 9.682644279612992e-24, nan 
0.625, -55.625, 1.2694385724839707e-23, nan 
-8.625, -55.375, 4.3571503603336725e-24, nan 
-8.375, -55.375, 5.3423030389668654e-24, nan 
-8.125, -55.375, 5.991077785272369e-24, nan 
-7.875, -55.375, 5.259701669638355e-24, nan 
-7.625, -55.375, 4.882801368606071e-24, nan 
-7.375, -55.375, 2.430391814964567e-24, nan 
-7.125, -55.375, 1.684562727966732e-24, nan 
-6.875, -55.375, 2.3986386165796076e-24, nan 
-6.625, -55.375, 3.1295795474366917e-24, nan 
-6.375, -55.375, 5.0334318176822834e-24, nan 
-6.125, -55.375, 4.269872124015178e-24, nan 
-5.875, -55.375, 8.833927228921785e-24, nan 
-5.625, -55.375, 9.7940894439558e-24, nan 
-5.375, -55.375, 3.789230559050859e-24, nan 
-5.125, -55.375, 2.247234318626301e-24, nan 
-4.875, -55.375, 2.928333051702638e-24, nan 
-4.625, -55.375, 3.9366653331687675e-24, nan 
-4.375, -55.375, 5.9712552651865976e-24, nan 
-4.125, -55.375, 1.0321074218830503e-23, nan 
-3.875, -55.375, 1.0422564646966725e-23, nan 
-3.625, -55.375, 2.323058234038831e-23, nan 
-3.375, -55.375, 2.214538633769374e-23, nan 
-3.125, -55.375, 2.5023867094174405e-23, nan 
-2.875, -55.375, 9.08323462796963e-24, nan 
-2.625, -55.375, 1.0095229848724759e-23, nan 
-2.375, -55.375, 6.257647688786063e-24, nan 
-2.125, -55.375, 3.063770988435256e-24, nan 
-1.875, -55.375, 2.5585343098069038e-23, nan 
-1.625, -55.375, 4.291629888427149e-24, nan 
-1.375, -55.375, 5.463839295755209e-24, nan 
-1.125, -55.375, 3.6023438315065216e-24, nan 
-0.875, -55.375, 7.1014635391727e-24, nan 
-0.625, -55.375, 4.793832266733465e-24, nan 
-0.375, -55.375, 5.299856378713483e-24, nan 
-0.125, -55.375, 5.447812963610746e-24, nan 
0.125, -55.375, 6.3208355790719534e-24, nan 
0.375, -55.375, 1.1558927158547634e-23, nan 
0.625, -55.375, 9.430612498061995e-24, nan 
-8.375, -55.125, 7.300934212741263e-24, nan 
-8.125, -55.125, 1.1017657451696451e-23, nan 
-7.875, -55.125, 1.4621919730226725e-23, nan 
-7.625, -55.125, 1.3998391031453688e-23, nan 
-7.375, -55.125, 8.440553723291798e-24, nan 
-7.125, -55.125, 1.558975378898072e-24, nan 
-6.875, -55.125, 3.948373669118103e-24, nan 
-6.625, -55.125, 1.9664500205546012e-23, nan 
-6.375, -55.125, 2.569046018381744e-23, nan 
-6.125, -55.125, 1.3953564681345135e-23, nan 
-5.875, -55.125, 1.1427267895489877e-23, nan 
-5.625, -55.125, 1.3575887105903453e-23, nan 
-5.375, -55.125, 1.0670132965968183e-23, nan 
-5.125, -55.125, 9.93839578931583e-24, nan 
-4.875, -55.125, 6.757537669312734e-24, nan 
-4.625, -55.125, 2.6287727739069325e-24, nan 
-4.375, -55.125, 8.645462379736625e-24, nan 
-4.125, -55.125, 8.311902635186252e-24, nan 
-3.875, -55.125, 4.644884032574138e-24, nan 
-3.625, -55.125, 4.3643218930526556e-24, nan 
-3.375, -55.125, 4.697868977171785e-24, nan 
-3.125, -55.125, 5.768753661981165e-24, nan 
-2.875, -55.125, 2.3997870597653412e-23, nan 
-2.625, -55.125, 1.0677935229010108e-23, nan 
-2.375, -55.125, 7.41144726393049e-24, nan 
-2.125, -55.125, 4.457160008025862e-23, nan 
-1.875, -55.125, 6.729893003576641e-23, nan 
-1.625, -55.125, 4.41229454973647e-23, nan 
-1.375, -55.125, 7.130946209217764e-24, nan 
-1.125, -55.125, 8.323732491365295e-24, nan 
-0.875, -55.125, 1.2752030279304044e-23, nan 
-0.625, -55.125, 1.5740591138274894e-23, nan 
-0.375, -55.125, 1.2898165543899381e-23, nan 
-0.125, -55.125, 1.0544015443169475e-23, nan 
0.125, -55.125, 1.0831164793285109e-23, nan 
0.375, -55.125, 1.3071289568162965e-23, nan 
0.625, -55.125, 1.2718567144797725e-23, nan 
-8.125, -54.875, 5.999256454814329e-24, nan 
-7.875, -54.875, 8.153690444941197e-24, nan 
-7.625, -54.875, 4.920515809438445e-24, nan 
-7.375, -54.875, 5.3424545233441384e-24, nan 
-7.125, -54.875, 2.667602107620728e-24, nan 
-6.875, -54.875, 3.8565852489747385e-23, nan 
-6.625, -54.875, 3.808808177691458e-23, nan 
-6.375, -54.875, 3.625931610414529e-23, nan 
-6.125, -54.875, 4.737664392266054e-23, nan 
-5.875, -54.875, 3.3920077744023585e-23, nan 
-5.625, -54.875, 9.082534861220469e-24, nan 
-5.375, -54.875, 1.020554285390022e-23, nan 
-5.125, -54.875, 1.1015657247673501e-23, nan 
-4.875, -54.875, 5.716675358969216e-24, nan 
-4.625, -54.875, 1.2947620685193528e-24, nan 
-4.375, -54.875, 5.345756492644147e-24, nan 
-4.125, -54.875, 2.6691091978197027e-23, nan 
-3.875, -54.875, 3.708269085003125e-23, nan 
-3.625, -54.875, 6.950149447921893e-24, nan 
-3.375, -54.875, 6.683164405269475e-24, nan 
-3.125, -54.875, 3.6888308512351157e-23, nan 
-2.875, -54.875, 6.662221599771083e-23, nan 
-2.625, -54.875, 4.4556077887398797e-23, nan 
-2.375, -54.875, 8.290698921225565e-24, nan 
-2.125, -54.875, 3.956452677825209e-23, nan 
-1.875, -54.875, 5.958296346625854e-23, nan 
-1.625, -54.875, 4.1062274708420077e-23, nan 
-1.375, -54.875, 8.620947454071061e-24, nan 
-1.125, -54.875, 8.352304184435616e-24, nan 
-0.875, -54.875, 1.0560894374458855e-23, nan 
-0.625, -54.875, 1.532146805198395e-23, nan 
-0.375, -54.875, 1.2906994177309817e-23, nan 
-0.125, -54.875, 3.035649459475431e-23, nan 
0.125, -54.875, 2.0699135885420038e-23, nan 
0.375, -54.875, 1.3753192761761477e-23, nan 
-7.875, -54.625, 5.33248502962443e-24, nan 
-7.625, -54.625, 7.073868743046685e-24, nan 
-7.375, -54.625, 7.688613935772087e-24, nan 
-7.125, -54.625, 4.158851486835841e-23, nan 
-6.875, -54.625, 5.65105640974327e-23, nan 
-6.625, -54.625, 3.1514034452766346e-23, nan 
-6.375, -54.625, 1.0463618997123791e-23, nan 
-6.125, -54.625, 6.827685973230543e-23, nan 
-5.875, -54.625, 6.458697529657915e-23, nan 
-5.625, -54.625, 9.100540467142583e-24, nan 
-5.375, -54.625, 8.509471960634091e-24, nan 
-5.125, -54.625, 4.032804221227185e-24, nan 
-4.875, -54.625, 4.226256273986077e-24, nan 
-4.625, -54.625, 5.0563971619997835e-24, nan 
-4.375, -54.625, 4.717623503497177e-23, nan 
-4.125, -54.625, 6.143143470387006e-23, nan 
-3.875, -54.625, 7.636109913665678e-23, nan 
-3.625, -54.625, 5.650191670700603e-23, nan 
-3.375, -54.625, 1.0447741129761953e-23, nan 
-3.125, -54.625, 7.439260834187181e-24, nan 
-2.875, -54.625, 2.7925569205784954e-23, nan 
-2.625, -54.625, 7.23649754210311e-24, nan 
-2.375, -54.625, 7.182250016143956e-24, nan 
-2.125, -54.625, 9.512976855257193e-24, nan 
-1.875, -54.625, 2.0565898542613804e-23, nan 
-1.625, -54.625, 6.818587747508379e-24, nan 
-1.375, -54.625, 8.301285116844613e-24, nan 
-1.125, -54.625, 1.362997996931858e-23, nan 
-0.875, -54.625, 1.3516464716490116e-23, nan 
-0.625, -54.625, 3.862691080333757e-23, nan 
-0.375, -54.625, 6.021367316787956e-23, nan 
-0.125, -54.625, 6.014527810518841e-23, nan 
0.125, -54.625, 4.2973858294433244e-23, nan 
0.375, -54.625, 3.5133162113451884e-23, nan 
-7.625, -54.375, 5.1574696845899364e-24, nan 
-7.375, -54.375, 1.269945512862542e-23, nan 
-7.125, -54.375, 1.4210472684197333e-23, nan 
-6.875, -54.375, 3.351492430524413e-23, nan 
-6.625, -54.375, 4.7943617504587953e-23, nan 
-6.375, -54.375, 4.79175960791294e-23, nan 
-6.125, -54.375, 5.2661928651141735e-23, nan 
-5.875, -54.375, 4.478250973217212e-23, nan 
-5.625, -54.375, 3.678705775769502e-24, nan 
-5.375, -54.375, 3.2021517849582228e-24, nan 
-5.125, -54.375, 4.32542809725873e-24, nan 
-4.875, -54.375, 5.214187770447713e-24, nan 
-4.625, -54.375, 6.975296013331734e-24, nan 
-4.375, -54.375, 7.271491513610212e-24, nan 
-4.125, -54.375, 2.6394422691292063e-23, nan 
-3.875, -54.375, 3.317210324652752e-23, nan 
-3.625, -54.375, 1.0126621145192545e-23, nan 
-3.375, -54.375, 1.2491084456030128e-23, nan 
-3.125, -54.375, 1.092417617404173e-23, nan 
-2.875, -54.375, 1.13062405648135e-23, nan 
-2.625, -54.375, 1.0071020388353683e-23, nan 
-2.375, -54.375, 1.3383414872210232e-23, nan 
-2.125, -54.375, 1.2257131718383434e-23, nan 
-1.875, -54.375, 5.484309129591873e-24, nan 
-1.625, -54.375, 9.995274228679722e-24, nan 
-1.375, -54.375, 1.3104837125020954e-23, nan 
-1.125, -54.375, 1.1464874644832746e-23, nan 
-0.875, -54.375, 5.291850416835113e-23, nan 
-0.625, -54.375, 6.795601846502051e-23, nan 
-0.375, -54.375, 4.08594240127603e-23, nan 
-0.125, -54.375, 1.2394146688888861e-23, nan 
0.125, -54.375, 2.7695836654488857e-23, nan 
0.375, -54.375, 6.203830696369831e-23, nan 
-7.625, -54.125, 2.7485073108942e-23, nan 
-7.375, -54.125, 2.4962741669251483e-23, nan 
-7.125, -54.125, 1.4865087895761836e-23, nan 
-6.875, -54.125, 1.0673879000590793e-23, nan 
-6.625, -54.125, 1.329223398552828e-23, nan 
-6.375, -54.125, 2.9484586736427106e-23, nan 
-6.125, -54.125, 2.4554205744920824e-23, nan 
-5.875, -54.125, 4.209496770503385e-24, nan 
-5.625, -54.125, 3.784769749176083e-24, nan 
-5.375, -54.125, 2.821160642091262e-24, nan 
-5.125, -54.125, 3.6812521410463584e-24, nan 
-4.875, -54.125, 2.499977519792354e-23, nan 
-4.625, -54.125, 1.5044431099853616e-23, nan 
-4.375, -54.125, 1.333591355055779e-23, nan 
-4.125, -54.125, 6.849555408388066e-24, nan 
-3.875, -54.125, 1.2945000688991575e-23, nan 
-3.625, -54.125, 1.48331810288869e-23, nan 
-3.375, -54.125, 2.511190756712486e-23, nan 
-3.125, -54.125, 2.4363202086642048e-23, nan 
-2.875, -54.125, 9.186077480312357e-24, nan 
-2.625, -54.125, 9.750858803070526e-24, nan 
-2.375, -54.125, 1.1122641841761607e-23, nan 
-2.125, -54.125, 9.970919466472385e-24, nan 
-1.875, -54.125, 1.114785750719568e-23, nan 
-1.625, -54.125, 1.0860297087209827e-23, nan 
-1.375, -54.125, 8.091385059956591e-24, nan 
-1.125, -54.125, 8.76142551335835e-24, nan 
-0.875, -54.125, 9.089417426425842e-24, nan 
-0.625, -54.125, 4.5458641797023e-23, nan 
-0.375, -54.125, 4.7779353007090165e-23, nan 
-0.125, -54.125, 3.2381390533668183e-23, nan 
0.125, -54.125, 6.384866886796479e-23, nan 
-7.375, -53.875, 1.978365895220496e-23, nan 
-7.125, -53.875, 1.5178299012819403e-23, nan 
-6.875, -53.875, 1.2322776141743035e-23, nan 
-6.625, -53.875, 1.1966584508264645e-23, nan 
-6.375, -53.875, 1.0130970857676956e-23, nan 
-6.125, -53.875, 6.518655359682649e-24, nan 
-5.875, -53.875, 2.267319674154965e-24, nan 
-5.625, -53.875, 2.9796682533399935e-24, nan 
-5.375, -53.875, 2.7746228210190677e-24, nan 
-5.125, -53.875, 3.4654042987514084e-23, nan 
-4.875, -53.875, 5.523554240226658e-23, nan 
-4.625, -53.875, 3.1772117388470577e-23, nan 
-4.375, -53.875, 7.329224704351738e-24, nan 
-4.125, -53.875, 2.4548456915112343e-24, nan 
-3.875, -53.875, 8.224172102809317e-24, nan 
-3.625, -53.875, 1.1026448535986809e-23, nan 
-3.375, -53.875, 1.0665482073103717e-23, nan 
-3.125, -53.875, 1.4468385083942794e-23, nan 
-2.875, -53.875, 8.133904077760756e-24, nan 
-2.625, -53.875, 4.626936038018418e-24, nan 
-2.375, -53.875, 7.540698509477809e-24, nan 
-2.125, -53.875, 5.138935919474587e-24, nan 
-1.875, -53.875, 9.601415093453353e-24, nan 
-1.625, -53.875, 8.37158763746648e-24, nan 
-1.375, -53.875, 5.228996428008958e-24, nan 
-1.125, -53.875, 6.3609938172387204e-24, nan 
-0.875, -53.875, 8.327719900672753e-24, nan 
-0.625, -53.875, 8.440428523177371e-24, nan 
-0.375, -53.875, 2.5789136163231684e-23, nan 
-0.125, -53.875, 3.250004859906219e-23, nan 
0.125, -53.875, 3.191963889824713e-23, nan 
-7.125, -53.625, 2.9244370355726704e-23, nan 
-6.875, -53.625, 1.5748517626359687e-23, nan 
-6.625, -53.625, 1.3828297901515128e-23, nan 
-6.375, -53.625, 1.4889597454970535e-23, nan 
-6.125, -53.625, 1.2561849505986606e-23, nan 
-5.875, -53.625, 5.9357864939526646e-24, nan 
-5.625, -53.625, 6.851900376708248e-24, nan 
-5.375, -53.625, 8.116072637646286e-24, nan 
-5.125, -53.625, 2.2758866720831044e-24, nan 
-4.875, -53.625, 1.9484055159747006e-23, nan 
-4.625, -53.625, 1.033939451126184e-23, nan 
-4.375, -53.625, 1.0207574749674214e-23, nan 
-4.125, -53.625, 7.898484457423299e-24, nan 
-3.875, -53.625, 4.356746631424122e-24, nan 
-3.625, -53.625, 8.916134591357936e-24, nan 
-3.375, -53.625, 1.0195489733083844e-23, nan 
-3.125, -53.625, 1.5779240006641543e-23, nan 
-2.875, -53.625, 1.5908981358317798e-23, nan 
-2.625, -53.625, 9.01021580010164e-24, nan 
-2.375, -53.625, 9.126038383114211e-24, nan 
-2.125, -53.625, 1.1532675916803892e-23, nan 
-1.875, -53.625, 1.6252727331294297e-23, nan 
-1.625, -53.625, 3.598356375373675e-23, nan 
-1.375, -53.625, 3.359510368203721e-23, nan 
-1.125, -53.625, 2.5451253003913065e-23, nan 
-0.875, -53.625, 8.545149712769433e-24, nan 
-0.625, -53.625, 8.327199752871045e-24, nan 
-0.375, -53.625, 9.12585733117277e-24, nan 
-0.125, -53.625, 1.075338873812505e-23, nan 
-6.875, -53.375, 7.162252124247858e-23, nan 
-6.625, -53.375, 1.6558015689058203e-23, nan 
-6.375, -53.375, 1.678163830844742e-23, nan 
-6.125, -53.375, 2.044816825737637e-23, nan 
-5.875, -53.375, 2.2015920543263414e-23, nan 
-5.625, -53.375, 1.1207739757045983e-23, nan 
-5.375, -53.375, 1.1136658992385694e-23, nan 
-5.125, -53.375, 1.0852181064727152e-23, nan 
-4.875, -53.375, 9.246290097049574e-24, nan 
-4.625, -53.375, 9.80649192872685e-24, nan 
-4.375, -53.375, 6.160704010529021e-24, nan 
-4.125, -53.375, 1.119720526244275e-23, nan 
-3.875, -53.375, 9.428896980040122e-24, nan 
-3.625, -53.375, 6.599694546211317e-24, nan 
-3.375, -53.375, 1.3577432480974046e-23, nan 
-3.125, -53.375, 1.2800023110225475e-23, nan 
-2.875, -53.375, 1.2628944653068862e-23, nan 
-2.625, -53.375, 1.0489171251125515e-23, nan 
-2.375, -53.375, 6.267900857654613e-24, nan 
-2.125, -53.375, 9.948188190792249e-24, nan 
-1.875, -53.375, 4.0289101653826154e-23, nan 
-1.625, -53.375, 5.1422512582800956e-23, nan 
-1.375, -53.375, 3.628070380313296e-23, nan 
-1.125, -53.375, 4.2152000423190397e-23, nan 
-0.875, -53.375, 3.024106512124141e-23, nan 
-0.625, -53.375, 6.885774482738252e-24, nan 
-0.375, -53.375, 6.097352231673885e-24, nan 
-0.125, -53.375, 6.402208160517089e-24, nan 
-6.625, -53.125, 4.529622085308132e-23, nan 
-6.375, -53.125, 1.5164935426792218e-23, nan 
-6.125, -53.125, 1.9321963930637558e-23, nan 
-5.875, -53.125, 2.664422206653848e-23, nan 
-5.625, -53.125, 2.1503288748666598e-23, nan 
-5.375, -53.125, 1.2195046338669645e-23, nan 
-5.125, -53.125, 1.9442501042650576e-23, nan 
-4.875, -53.125, 2.0885217249220138e-23, nan 
-4.625, -53.125, 1.141385699204862e-23, nan 
-4.375, -53.125, 7.39250326776948e-24, nan 
-4.125, -53.125, 5.663425568230732e-24, nan 
-3.875, -53.125, 5.449333287946562e-24, nan 
-3.625, -53.125, 5.810036827558758e-24, nan 
-3.375, -53.125, 8.282364575413368e-24, nan 
-3.125, -53.125, 9.665251596796109e-24, nan 
-2.875, -53.125, 6.63821423304575e-24, nan 
-2.625, -53.125, 7.11648740956995e-24, nan 
-2.375, -53.125, 7.402237061658653e-24, nan 
-2.125, -53.125, 1.1881731497765309e-23, nan 
-1.875, -53.125, 3.3775100346408144e-23, nan 
-1.625, -53.125, 4.1630421099408354e-23, nan 
-1.375, -53.125, 3.304109958607655e-23, nan 
-1.125, -53.125, 3.5721905042067445e-23, nan 
-0.875, -53.125, 2.3547038887897935e-23, nan 
-0.625, -53.125, 6.2282506524341035e-24, nan 
-0.375, -53.125, 5.347486868883956e-24, nan 
-0.125, -53.125, 5.3572797995434414e-24, nan 
-6.375, -52.875, 3.970212170607203e-23, nan 
-6.125, -52.875, 1.48428523869683e-23, nan 
-5.875, -52.875, 1.336396472672859e-23, nan 
-5.625, -52.875, 1.6335106444245604e-23, nan 
-5.375, -52.875, 5.036310433763457e-23, nan 
-5.125, -52.875, 5.2144820916953654e-23, nan 
-4.875, -52.875, 3.839933577418855e-23, nan 
-4.625, -52.875, 2.873053474130538e-23, nan 
-4.375, -52.875, 3.621412955128688e-23, nan 
-4.125, -52.875, 1.453571180346623e-23, nan 
-3.875, -52.875, 8.911247995830461e-24, nan 
-3.625, -52.875, 7.815585986401278e-24, nan 
-3.375, -52.875, 9.36587739205383e-24, nan 
-3.125, -52.875, 1.3023931231495754e-23, nan 
-2.875, -52.875, 9.282822405781413e-24, nan 
-2.625, -52.875, 6.047622864395038e-24, nan 
-2.375, -52.875, 5.104515481981516e-24, nan 
-2.125, -52.875, 8.610385088381116e-24, nan 
-1.875, -52.875, 1.0285048133984764e-23, nan 
-1.625, -52.875, 2.7544547856148756e-23, nan 
-1.375, -52.875, 2.8555583982563206e-23, nan 
-1.125, -52.875, 2.2893652088139875e-23, nan 
-0.875, -52.875, 1.2160671828190936e-23, nan 
-0.625, -52.875, 8.107969834058234e-24, nan 
-0.375, -52.875, 3.131410256736101e-24, nan 
-6.125, -52.625, 2.817579442747156e-23, nan 
-5.875, -52.625, 2.3292234557322043e-23, nan 
-5.625, -52.625, 5.703121331847351e-23, nan 
-5.375, -52.625, 6.987666216116266e-23, nan 
-5.125, -52.625, 3.876928459347272e-23, nan 
-4.875, -52.625, 2.07695084396507e-23, nan 
-4.625, -52.625, 1.894273458744268e-23, nan 
-4.375, -52.625, 3.8666657564835974e-23, nan 
-4.125, -52.625, 3.252762690624285e-23, nan 
-3.875, -52.625, 8.749390340208688e-24, nan 
-3.625, -52.625, 2.0264931086050145e-24, nan 
-3.375, -52.625, 1.2426410274522631e-23, nan 
-3.125, -52.625, 1.3491375422555286e-23, nan 
-2.875, -52.625, 3.477972587684497e-24, nan 
-2.625, -52.625, 4.11231324315915e-24, nan 
-2.375, -52.625, 3.690506613427306e-24, nan 
-2.125, -52.625, 3.0450521893980827e-24, nan 
-1.875, -52.625, 5.739833264773671e-24, nan 
-1.625, -52.625, 8.721538024227987e-24, nan 
-1.375, -52.625, 8.180066747602992e-24, nan 
-1.125, -52.625, 7.008239364227165e-24, nan 
-0.875, -52.625, 7.917673104730942e-24, nan 
-0.625, -52.625, 7.66418661955214e-24, nan 
-0.375, -52.625, 1.8897100840212527e-24, nan 
-6.125, -52.375, 3.770911319521406e-23, nan 
-5.875, -52.375, 2.350834154784275e-23, nan 
-5.625, -52.375, 5.630738254038024e-23, nan 
-5.375, -52.375, 5.0051110111865837e-23, nan 
-5.125, -52.375, 5.218557488103907e-24, nan 
-4.875, -52.375, 4.0740240525589315e-24, nan 
-4.625, -52.375, 3.569195452085445e-24, nan 
-4.375, -52.375, 4.4902683966948764e-24, nan 
-4.125, -52.375, 3.149172772432004e-23, nan 
-3.875, -52.375, 3.020087802626734e-23, nan 
-3.625, -52.375, 8.417712335592666e-24, nan 
-3.375, -52.375, 7.58123748779172e-24, nan 
-3.125, -52.375, 3.4930795313974386e-24, nan 
-2.875, -52.375, 2.3104772483918084e-24, nan 
-2.625, -52.375, 4.402807782067646e-24, nan 
-2.375, -52.375, 6.465035601697544e-24, nan 
-2.125, -52.375, 5.223625860458575e-24, nan 
-1.875, -52.375, 7.475676014580212e-24, nan 
-1.625, -52.375, 1.1674156728957765e-23, nan 
-1.375, -52.375, 9.391547352450524e-24, nan 
-1.125, -52.375, 9.252677322558441e-24, nan 
-0.875, -52.375, 8.481523458675241e-24, nan 
-0.625, -52.375, 8.343632998186012e-24, nan 
-5.875, -52.125, 3.054037775116013e-23, nan 
-5.625, -52.125, 3.9013594638233855e-23, nan 
-5.375, -52.125, 2.2427063040817628e-23, nan 
-5.125, -52.125, 3.1779896946520818e-24, nan 
-4.875, -52.125, 1.7692909994545827e-24, nan 
-4.625, -52.125, 2.0710010560352754e-24, nan 
-4.375, -52.125, 4.540112732287682e-24, nan 
-4.125, -52.125, 7.153209507497596e-24, nan 
-3.875, -52.125, 2.8824487881389923e-23, nan 
-3.625, -52.125, 2.5562551078933022e-23, nan 
-3.375, -52.125, 5.1055539800594074e-24, nan 
-3.125, -52.125, 3.784447504340652e-24, nan 
-2.875, -52.125, 2.2581786877860966e-24, nan 
-2.625, -52.125, 4.621122026762589e-24, nan 
-2.375, -52.125, 5.433184328368095e-24, nan 
-2.125, -52.125, 2.695953296789505e-24, nan 
-1.875, -52.125, 8.379947064022217e-24, nan 
-1.625, -52.125, 1.1174896374995812e-23, nan 
-1.375, -52.125, 9.112266876437516e-24, nan 
-1.125, -52.125, 1.4230063373095967e-23, nan 
-0.875, -52.125, 1.3097576818971716e-23, nan 
-0.625, -52.125, 7.245335132706974e-24, nan 
-5.625, -51.875, 3.74050622804547e-23, nan 
-5.375, -51.875, 1.7442769472119362e-23, nan 
-5.125, -51.875, 5.4592306251588285e-24, nan 
-4.875, -51.875, 3.9514573446646004e-24, nan 
-4.625, -51.875, 4.2979833219428636e-24, nan 
-4.375, -51.875, 6.540895872025953e-24, nan 
-4.125, -51.875, 2.1664515419904002e-23, nan 
-3.875, -51.875, 3.327134320903233e-23, nan 
-3.625, -51.875, 2.4926388039651953e-23, nan 
-3.375, -51.875, 5.575904346427018e-24, nan 
-3.125, -51.875, 3.23456342813868e-24, nan 
-2.875, -51.875, 3.0689951007712937e-24, nan 
-2.625, -51.875, 4.667578391263175e-24, nan 
-2.375, -51.875, 5.541538703238815e-24, nan 
-2.125, -51.875, 5.513172794638694e-24, nan 
-1.875, -51.875, 5.816225012426019e-24, nan 
-1.625, -51.875, 3.461002015837784e-24, nan 
-1.375, -51.875, 2.7953325561865627e-24, nan 
-1.125, -51.875, 1.4244227729586625e-23, nan 
-0.875, -51.875, 1.634459930385533e-23, nan 
-5.375, -51.625, 3.5831709066223146e-23, nan 
-5.125, -51.625, 2.6838547079598493e-23, nan 
-4.875, -51.625, 2.008855030829332e-23, nan 
-4.625, -51.625, 3.0966479267425695e-23, nan 
-4.375, -51.625, 3.7780032587497105e-23, nan 
-4.125, -51.625, 3.7292310657260966e-23, nan 
-3.875, -51.625, 2.6038690823649387e-23, nan 
-3.625, -51.625, 1.4531937107217516e-23, nan 
-3.375, -51.625, 1.3976668761944467e-23, nan 
-3.125, -51.625, 9.467794644481699e-24, nan 
-2.875, -51.625, 2.685791621412392e-24, nan 
-2.625, -51.625, 3.6143862264796325e-24, nan 
-2.375, -51.625, 5.9109937491297404e-24, nan 
-2.125, -51.625, 7.8198374779332e-24, nan 
-1.875, -51.625, 7.877674239721591e-24, nan 
-1.625, -51.625, 7.327579772911302e-24, nan 
-1.375, -51.625, 5.0021598207500925e-24, nan 
-1.125, -51.625, 5.719544752796854e-24, nan 
-0.875, -51.625, 7.007012386043263e-24, nan 
-5.125, -51.375, 2.7743921984881847e-23, nan 
-4.875, -51.375, 2.739567878042673e-23, nan 
-4.625, -51.375, 3.674128020173772e-23, nan 
-4.375, -51.375, 2.5684786376800822e-23, nan 
-4.125, -51.375, 7.985151116957763e-24, nan 
-3.875, -51.375, 8.097139485730744e-24, nan 
-3.625, -51.375, 7.053164195927906e-24, nan 
-3.375, -51.375, 4.3594670862347054e-24, nan 
-3.125, -51.375, 3.959468027529414e-24, nan 
-2.875, -51.375, 3.1751846742166274e-24, nan 
-2.625, -51.375, 6.861249571889424e-24, nan 
-2.375, -51.375, 8.248469680009106e-24, nan 
-2.125, -51.375, 1.2718477627990034e-23, nan 
-1.875, -51.375, 5.6326596391342274e-24, nan 
-1.625, -51.375, 6.720195423425718e-24, nan 
-1.375, -51.375, 4.839147974932314e-24, nan 
-1.125, -51.375, 4.878970122837839e-24, nan 
-4.875, -51.125, 1.2569418330828782e-23, nan 
-4.625, -51.125, 9.778498603781093e-24, nan 
-4.375, -51.125, 7.050165119849786e-24, nan 
-4.125, -51.125, 3.7226188779085186e-24, nan 
-3.875, -51.125, 2.798340252046215e-24, nan 
-3.625, -51.125, 2.324878897684616e-24, nan 
-3.375, -51.125, 2.9306650525319275e-24, nan 
-3.125, -51.125, 4.328200556318692e-24, nan 
-2.875, -51.125, 3.547154293674386e-24, nan 
-2.625, -51.125, 5.479276248591658e-24, nan 
-2.375, -51.125, 1.2340162910187826e-23, nan 
-2.125, -51.125, 3.114470779356184e-23, nan 
-1.875, -51.125, 2.634430808091606e-23, nan 
-1.625, -51.125, 3.717957267887898e-24, nan 
-1.375, -51.125, 2.9729934572227744e-24, nan 
-1.125, -51.125, 2.966425382496407e-24, nan 
-4.625, -50.875, 3.2354659179334387e-24, nan 
-4.375, -50.875, 4.381374397893422e-24, nan 
-4.125, -50.875, 5.084402185406591e-24, nan 
-3.875, -50.875, 4.536602288779097e-24, nan 
-3.625, -50.875, 6.472225853282912e-24, nan 
-3.375, -50.875, 5.5702668513862955e-24, nan 
-3.125, -50.875, 6.046092203168579e-24, nan 
-2.875, -50.875, 6.957739375989283e-24, nan 
-2.625, -50.875, 9.422633781786326e-24, nan 
-2.375, -50.875, 4.3556784335047623e-23, nan 
-2.125, -50.875, 5.945602839666444e-23, nan 
-1.875, -50.875, 5.38941844528514e-23, nan 
-1.625, -50.875, 4.0862986277045077e-23, nan 
-1.375, -50.875, 3.915169724040746e-24, nan 
-4.375, -50.625, 2.921236471700505e-23, nan 
-4.125, -50.625, 2.446890395527544e-23, nan 
-3.875, -50.625, 2.3075174338151958e-23, nan 
-3.625, -50.625, 1.1543211055782119e-23, nan 
-3.375, -50.625, 5.215228009438843e-24, nan 
-3.125, -50.625, 5.3645254602793094e-24, nan 
-2.875, -50.625, 6.646194921954483e-24, nan 
-2.625, -50.625, 6.495587182973598e-24, nan 
-2.375, -50.625, 5.5009899111823526e-24, nan 
-2.125, -50.625, 3.13706342787267e-23, nan 
-1.875, -50.625, 2.2538087981738545e-23, nan 
-1.625, -50.625, 4.700867247218552e-24, nan 
-1.375, -50.625, 6.78063035483676e-24, nan 
-4.125, -50.375, 2.834026013748877e-23, nan 
-3.875, -50.375, 3.158969049679526e-23, nan 
-3.625, -50.375, 3.2518705526416174e-23, nan 
-3.375, -50.375, 2.4182382698778627e-23, nan 
-3.125, -50.375, 4.351284102542079e-24, nan 
-2.875, -50.375, 6.028774550286361e-24, nan 
-2.625, -50.375, 7.577486860730301e-24, nan 
-2.375, -50.375, 6.62992127042499e-24, nan 
-2.125, -50.375, 4.3916760520352915e-24, nan 
-1.875, -50.375, 3.72014052117823e-24, nan 
-1.625, -50.375, 6.4028535391433585e-24, nan 
-3.875, -50.125, 1.7150343804878307e-23, nan 
-3.625, -50.125, 2.956911760439409e-23, nan 
-3.375, -50.125, 3.961124022668735e-23, nan 
-3.125, -50.125, 3.275357077587612e-23, nan 
-2.875, -50.125, 1.4799099422340478e-23, nan 
-2.625, -50.125, 7.195739687711217e-24, nan 
-2.375, -50.125, 5.032223766717612e-24, nan 
-2.125, -50.125, 3.681406202089416e-24, nan 
-1.875, -50.125, 9.029288221159542e-24, nan 
-3.625, -49.875, 1.812588158660588e-23, nan 
-3.375, -49.875, 3.1325753810352525e-23, nan 
-3.125, -49.875, 4.0083007564275184e-23, nan 
-2.875, -49.875, 5.82094518866659e-23, nan 
-2.625, -49.875, 5.551714620238391e-23, nan 
-2.375, -49.875, 5.687701204706123e-23, nan 
-2.125, -49.875, 3.9144115409624255e-23, nan 
-1.875, -49.875, 2.147886709880942e-23, nan 
-3.375, -49.625, 3.501593103542677e-23, 3.507082105516126e-23 
-3.125, -49.625, 6.725485394733118e-23, 6.736685083485422e-23 
-2.875, -49.625, 7.128436791245214e-23, 7.141017087237142e-23 
-2.625, -49.625, 5.704914615570339e-23, 5.715550556967251e-23 
-2.375, -49.625, 6.534721569944448e-23, 6.547288584199104e-23 
-2.125, -49.625, 6.607236385244253e-23, 6.620117703959379e-23 
-3.125, -49.375, 5.17479618971939e-23, 5.181963667477225e-23 
-2.875, -49.375, 2.825615423897344e-23, 2.8298061745652275e-23 
-2.625, -49.375, 1.0137094457525517e-23, 1.0153138156399137e-23 
-2.375, -49.375, 9.392948879627496e-24, 9.408366877438898e-24 
-2.125, -49.375, 4.828735517763022e-23, 4.8367894318033893e-23 
-2.875, -49.125, 7.706221290654229e-23, 7.715488603580924e-23 
-2.625, -49.125, 5.304236136859966e-23, 5.311136922615901e-23 
-2.375, -49.125, 5.805370775604184e-23, 5.813264752644761e-23 
-2.625, -48.875, 5.979922502764372e-23, 5.986022478452784e-23 
