# lon_gridpoint [deg], lat_gridpoint [deg], P_R_modelGRS [W], P_R_modelFREND [W] 
-55.625, -82.875, 1.8938577071399803e-24, nan 
-55.375, -82.875, 1.5813626900027517e-24, nan 
-55.125, -82.875, 1.6240956791994946e-24, nan 
-54.875, -82.875, 2.169897136312091e-24, nan 
-54.625, -82.875, 2.177935620544241e-24, nan 
-54.375, -82.875, 2.8937759985697764e-24, nan 
-54.125, -82.875, 3.353493961163255e-24, nan 
-53.875, -82.875, 3.278056501832074e-24, nan 
-53.625, -82.875, 3.09318417409521e-24, nan 
-53.375, -82.875, 2.8763337952573226e-24, nan 
-53.125, -82.875, 2.4649558773463858e-24, nan 
-52.875, -82.875, 1.4947935008075552e-24, nan 
-52.625, -82.875, 1.4612525755223437e-24, nan 
-52.375, -82.875, 1.2928971240121579e-24, nan 
-52.125, -82.875, 1.9681178232084644e-24, nan 
-51.875, -82.875, 2.779054772089317e-24, nan 
-51.625, -82.875, 3.1557333063263138e-24, nan 
-51.375, -82.875, 3.089699044258982e-24, nan 
-51.125, -82.875, 2.8358022579917842e-24, nan 
-50.875, -82.875, 3.0370893838892443e-24, nan 
-50.625, -82.875, 2.809201480308826e-24, nan 
-50.375, -82.875, 2.7831634476538834e-24, nan 
-50.125, -82.875, 2.387598436883527e-24, nan 
-49.875, -82.875, 1.9913241682947596e-24, nan 
-49.625, -82.875, 1.8946147525114533e-24, nan 
-49.375, -82.875, 2.0076999094215598e-24, nan 
-49.125, -82.875, 1.8580422199346265e-24, nan 
-48.875, -82.875, 1.4845692193242403e-24, nan 
-48.625, -82.875, 1.7332987145534715e-24, nan 
-48.375, -82.875, 1.7163665947240148e-24, nan 
-48.125, -82.875, 1.923125378642284e-24, nan 
-47.875, -82.875, 1.7758869099731308e-24, nan 
-47.625, -82.875, 1.4238320368105063e-24, nan 
-47.375, -82.875, 9.894616973820125e-25, nan 
-47.125, -82.875, 7.212170027123352e-25, nan 
-46.875, -82.875, 5.472630943208955e-25, nan 
-46.625, -82.875, 4.738776392388128e-25, nan 
-46.375, -82.875, 5.224799109838872e-25, nan 
-46.125, -82.875, 3.9708640740092954e-25, nan 
-45.875, -82.875, 6.369258933662188e-25, nan 
-45.625, -82.875, 8.322637850972572e-25, nan 
-45.375, -82.875, 7.658348637336848e-25, nan 
-45.125, -82.875, 7.631364173355975e-25, nan 
-44.875, -82.875, 1.5291845317368197e-24, nan 
-44.625, -82.875, 2.848280866936466e-24, nan 
-44.375, -82.875, 3.7711464719105005e-24, nan 
-44.125, -82.875, 4.1225714302752685e-24, nan 
-43.875, -82.875, 3.8579272611083e-24, nan 
-43.625, -82.875, 3.5748956620163586e-24, nan 
-43.375, -82.875, 3.3757959721130984e-24, nan 
-43.125, -82.875, 3.479620667460874e-24, nan 
-42.875, -82.875, 3.92440937980546e-24, nan 
-42.625, -82.875, 3.944138261376938e-24, nan 
-42.375, -82.875, 3.852529871419474e-24, nan 
-42.125, -82.875, 3.747303278149224e-24, nan 
-41.875, -82.875, 2.2372736594300313e-24, nan 
-41.625, -82.875, 1.4255694116015416e-24, nan 
-41.375, -82.875, 8.306987050923697e-25, nan 
-41.125, -82.875, 6.733825606891139e-25, nan 
-40.875, -82.875, 6.202336645511817e-25, nan 
-40.625, -82.875, 8.69130831584055e-25, nan 
-40.375, -82.875, 9.72387829594654e-25, nan 
-40.125, -82.875, 1.1275849259208613e-24, nan 
-39.875, -82.875, 1.5902234839266598e-24, nan 
-39.625, -82.875, 1.7597297268250945e-24, nan 
-39.375, -82.875, 1.8072798313379494e-24, nan 
-39.125, -82.875, 2.078121203510671e-24, nan 
-38.875, -82.875, 2.1970131955613233e-24, nan 
-38.625, -82.875, 2.55072223736279e-24, nan 
-62.875, -82.625, 2.7598840584483295e-24, nan 
-62.625, -82.625, 2.5955182786098652e-24, nan 
-62.375, -82.625, 2.7242338319736583e-24, nan 
-62.125, -82.625, 2.6320541264351023e-24, nan 
-61.875, -82.625, 1.3676512723351796e-24, nan 
-61.625, -82.625, 3.0505122695268862e-24, nan 
-61.375, -82.625, 3.45998309328958e-24, nan 
-61.125, -82.625, 4.368285930169327e-24, nan 
-60.875, -82.625, 3.871634502443062e-24, nan 
-60.625, -82.625, 4.805109097000947e-24, nan 
-60.375, -82.625, 5.361157514531963e-24, nan 
-60.125, -82.625, 4.818069387027627e-24, nan 
-59.875, -82.625, 4.514883666595371e-24, nan 
-59.625, -82.625, 4.218850798972812e-24, nan 
-59.375, -82.625, 4.590086400514977e-24, nan 
-59.125, -82.625, 4.152653143082678e-24, nan 
-58.875, -82.625, 3.7569397580877844e-24, nan 
-58.625, -82.625, 3.6792249542410735e-24, nan 
-58.375, -82.625, 3.1377562806873187e-24, nan 
-58.125, -82.625, 3.130022680687307e-24, nan 
-57.875, -82.625, 2.284617517493819e-24, nan 
-57.625, -82.625, 2.3018276133282155e-24, nan 
-57.375, -82.625, 2.9578562452944242e-24, nan 
-57.125, -82.625, 1.610319357342464e-24, nan 
-56.875, -82.625, 9.527937026379166e-25, nan 
-56.625, -82.625, 1.3307445017927592e-24, nan 
-56.375, -82.625, 2.4294362031750934e-24, nan 
-56.125, -82.625, 2.65984344944082e-24, nan 
-55.875, -82.625, 3.438185489600791e-24, nan 
-55.625, -82.625, 3.5355265697464436e-24, nan 
-55.375, -82.625, 3.1277779799523448e-24, nan 
-55.125, -82.625, 2.7001731807662843e-24, nan 
-54.875, -82.625, 2.673598673687564e-24, nan 
-54.625, -82.625, 2.75298146052251e-24, nan 
-54.375, -82.625, 3.209965893406661e-24, nan 
-54.125, -82.625, 4.208575961428173e-24, nan 
-53.875, -82.625, 4.4079483782818224e-24, nan 
-53.625, -82.625, 4.273706790146684e-24, nan 
-53.375, -82.625, 3.523239882497846e-24, nan 
-53.125, -82.625, 3.291750760599126e-24, nan 
-52.875, -82.625, 3.1571814727603194e-24, nan 
-52.625, -82.625, 3.0160135577930127e-24, nan 
-52.375, -82.625, 3.0786396548999914e-24, nan 
-52.125, -82.625, 2.8497559524389008e-24, nan 
-51.875, -82.625, 2.7725547444291183e-24, nan 
-51.625, -82.625, 2.9959297280760736e-24, nan 
-51.375, -82.625, 3.2102831291203304e-24, nan 
-51.125, -82.625, 3.483083290661102e-24, nan 
-50.875, -82.625, 3.5187824318035e-24, nan 
-50.625, -82.625, 4.02695576922039e-24, nan 
-50.375, -82.625, 3.913688520265225e-24, nan 
-50.125, -82.625, 3.037912792569624e-24, nan 
-49.875, -82.625, 2.6550760280175233e-24, nan 
-49.625, -82.625, 2.934098679359168e-24, nan 
-49.375, -82.625, 3.847699221371696e-24, nan 
-49.125, -82.625, 4.018221767580033e-24, nan 
-48.875, -82.625, 4.643199831638331e-24, nan 
-48.625, -82.625, 5.35705340320164e-24, nan 
-48.375, -82.625, 4.557750886249269e-24, nan 
-48.125, -82.625, 3.1247146030176657e-24, nan 
-47.875, -82.625, 2.7453893962911237e-24, nan 
-47.625, -82.625, 2.844010582210299e-24, nan 
-47.375, -82.625, 3.0586281307256154e-24, nan 
-47.125, -82.625, 3.056185327593321e-24, nan 
-46.875, -82.625, 9.315511737001814e-25, nan 
-46.625, -82.625, 1.9522685021525512e-24, nan 
-46.375, -82.625, 4.544332799620779e-24, nan 
-46.125, -82.625, 4.865727739223727e-24, nan 
-45.875, -82.625, 4.200181602636678e-24, nan 
-45.625, -82.625, 4.311155735600279e-24, nan 
-45.375, -82.625, 4.718237882499568e-24, nan 
-45.125, -82.625, 5.127731387471328e-24, nan 
-44.875, -82.625, 4.246002731643793e-24, nan 
-44.625, -82.625, 4.528976519139542e-24, nan 
-44.375, -82.625, 5.650027149880069e-24, nan 
-44.125, -82.625, 5.8204158571465386e-24, nan 
-43.875, -82.625, 5.6176638532514774e-24, nan 
-43.625, -82.625, 5.702960085860375e-24, nan 
-43.375, -82.625, 5.826052585617548e-24, nan 
-43.125, -82.625, 5.731139977153637e-24, nan 
-42.875, -82.625, 5.9944601886379775e-24, nan 
-42.625, -82.625, 6.08780905110933e-24, nan 
-42.375, -82.625, 6.1962644402699485e-24, nan 
-42.125, -82.625, 5.796615851930633e-24, nan 
-41.875, -82.625, 3.831796908961198e-24, nan 
-41.625, -82.625, 3.509242342952404e-24, nan 
-41.375, -82.625, 3.75442168760149e-24, nan 
-41.125, -82.625, 4.422240977162612e-24, nan 
-40.875, -82.625, 4.705390158128473e-24, nan 
-40.625, -82.625, 4.963720278803059e-24, nan 
-40.375, -82.625, 4.598751625222652e-24, nan 
-40.125, -82.625, 2.997509653883355e-24, nan 
-39.875, -82.625, 2.446772556706871e-24, nan 
-39.625, -82.625, 2.390545707187768e-24, nan 
-39.375, -82.625, 2.13553091894743e-24, nan 
-39.125, -82.625, 2.658699504124346e-24, nan 
-38.875, -82.625, 3.1047685649693175e-24, nan 
-38.625, -82.625, 3.1443439209738924e-24, nan 
-38.375, -82.625, 3.575200429149004e-24, nan 
-38.125, -82.625, 3.55774288715794e-24, nan 
-37.875, -82.625, 3.284699616652944e-24, nan 
-37.625, -82.625, 3.1737099828132724e-24, nan 
-37.375, -82.625, 2.84226821877849e-24, nan 
-37.125, -82.625, 2.688315758615754e-24, nan 
-36.875, -82.625, 2.8408082215573002e-24, nan 
-36.625, -82.625, 2.649344872907107e-24, nan 
-36.375, -82.625, 2.462333046577433e-24, nan 
-36.125, -82.625, 2.246220049854402e-24, nan 
-35.875, -82.625, 2.1909789698907526e-24, nan 
-35.625, -82.625, 2.0659698626001825e-24, nan 
-35.375, -82.625, 1.6730583243916024e-24, nan 
-35.125, -82.625, 1.7920401052799775e-24, nan 
-34.875, -82.625, 1.8479230975945938e-24, nan 
-34.625, -82.625, 1.6604984223017558e-24, nan 
-34.375, -82.625, 1.667331056138171e-24, nan 
-34.125, -82.625, 1.5716611651662254e-24, nan 
-33.875, -82.625, 1.4017313030971892e-24, nan 
-33.625, -82.625, 1.0368217918701314e-24, nan 
-33.375, -82.625, 1.043983533498039e-24, nan 
-33.125, -82.625, 1.6175344867622931e-24, nan 
-32.875, -82.625, 1.643093118018614e-24, nan 
-32.625, -82.625, 1.5681499319681806e-24, nan 
-32.375, -82.625, 1.8025400109380637e-24, nan 
-32.125, -82.625, 2.0354848167044545e-24, nan 
-31.875, -82.625, 2.3618094681027706e-24, nan 
-31.625, -82.625, 2.3524750165754366e-24, nan 
-31.375, -82.625, 2.938724558699108e-24, nan 
-67.625, -82.375, 2.4820352519755383e-25, nan 
-67.375, -82.375, 2.1135249431348297e-25, nan 
-67.125, -82.375, 3.2252915059263124e-25, nan 
-66.875, -82.375, 8.378471429724692e-25, nan 
-66.625, -82.375, 2.272681132040793e-24, nan 
-66.375, -82.375, 2.0729873163970892e-24, nan 
-66.125, -82.375, 1.937577699693918e-24, nan 
-65.875, -82.375, 2.2885519498617796e-24, nan 
-65.625, -82.375, 2.29944867340297e-24, nan 
-65.375, -82.375, 3.0297125852103875e-24, nan 
-65.125, -82.375, 1.9363215924992682e-24, nan 
-64.875, -82.375, 2.577586637759993e-24, nan 
-64.625, -82.375, 2.488464557961028e-24, nan 
-64.375, -82.375, 2.379251735089782e-24, nan 
-64.125, -82.375, 2.3741902410344484e-24, nan 
-63.875, -82.375, 2.2905407686736734e-24, nan 
-63.625, -82.375, 2.7790951379063554e-24, nan 
-63.375, -82.375, 2.2453366039376432e-24, nan 
-63.125, -82.375, 1.6538808997005156e-24, nan 
-62.875, -82.375, 2.2713476336677022e-24, nan 
-62.625, -82.375, 1.6992822758731365e-24, nan 
-62.375, -82.375, 1.4014520849223673e-24, nan 
-62.125, -82.375, 1.1968231542715573e-24, nan 
-61.875, -82.375, 1.3230837983089786e-24, nan 
-61.625, -82.375, 1.74824196643551e-24, nan 
-61.375, -82.375, 1.5767767625582481e-24, nan 
-61.125, -82.375, 1.6581515774257666e-24, nan 
-60.875, -82.375, 1.4899481717607517e-24, nan 
-60.625, -82.375, 2.1862922757548193e-24, nan 
-60.375, -82.375, 2.4726888758072093e-24, nan 
-60.125, -82.375, 2.331632773616566e-24, nan 
-59.875, -82.375, 2.420185692286396e-24, nan 
-59.625, -82.375, 2.7600671702864687e-24, nan 
-59.375, -82.375, 3.60064358127211e-24, nan 
-59.125, -82.375, 2.2923738725183425e-24, nan 
-58.875, -82.375, 1.7766814984499356e-24, nan 
-58.625, -82.375, 1.9966294575270175e-24, nan 
-58.375, -82.375, 2.422328292198256e-24, nan 
-58.125, -82.375, 2.61263981464466e-24, nan 
-57.875, -82.375, 2.5455252434932806e-24, nan 
-57.625, -82.375, 3.0125545978198187e-24, nan 
-57.375, -82.375, 2.387060000711512e-24, nan 
-57.125, -82.375, 1.3971332280239843e-24, nan 
-56.875, -82.375, 1.6488604150211955e-24, nan 
-56.625, -82.375, 1.1321713175593953e-24, nan 
-56.375, -82.375, 7.510328241375087e-25, nan 
-56.125, -82.375, 5.235145374030707e-25, nan 
-55.875, -82.375, 4.905610702994942e-25, nan 
-55.625, -82.375, 7.864679593499821e-25, nan 
-55.375, -82.375, 1.2820187897379357e-24, nan 
-55.125, -82.375, 2.64370119574334e-24, nan 
-54.875, -82.375, 2.9575166102137447e-24, nan 
-54.625, -82.375, 2.515239389118004e-24, nan 
-54.375, -82.375, 3.0451593850042382e-24, nan 
-54.125, -82.375, 3.541373548871249e-24, nan 
-53.875, -82.375, 3.3941381188591665e-24, nan 
-53.625, -82.375, 3.1045908648791563e-24, nan 
-53.375, -82.375, 3.649997149064431e-24, nan 
-53.125, -82.375, 3.6763527626148995e-24, nan 
-52.875, -82.375, 3.1407795077502983e-24, nan 
-52.625, -82.375, 3.9664320476353854e-24, nan 
-52.375, -82.375, 4.101914866768597e-24, nan 
-52.125, -82.375, 3.850450466053579e-24, nan 
-51.875, -82.375, 3.675454680993419e-24, nan 
-51.625, -82.375, 3.722259526167487e-24, nan 
-51.375, -82.375, 3.3872950797011934e-24, nan 
-51.125, -82.375, 3.735620114250271e-24, nan 
-50.875, -82.375, 3.678598480286302e-24, nan 
-50.625, -82.375, 3.530217518402068e-24, nan 
-50.375, -82.375, 3.293540156126764e-24, nan 
-50.125, -82.375, 2.665765887974579e-24, nan 
-49.875, -82.375, 3.1908024454304155e-24, nan 
-49.625, -82.375, 3.9226327919465795e-24, nan 
-49.375, -82.375, 5.5870600023626395e-24, nan 
-49.125, -82.375, 5.3284407695584994e-24, nan 
-48.875, -82.375, 5.450784327770199e-24, nan 
-48.625, -82.375, 7.003067308017483e-24, nan 
-48.375, -82.375, 5.1755153063709695e-24, nan 
-48.125, -82.375, 2.4557839825959412e-24, nan 
-47.875, -82.375, 2.707114618681953e-24, nan 
-47.625, -82.375, 3.7290435795986835e-24, nan 
-47.375, -82.375, 3.686830150348609e-24, nan 
-47.125, -82.375, 3.6851248392693534e-24, nan 
-46.875, -82.375, 6.3188283001319696e-24, nan 
-46.625, -82.375, 5.2274656002190255e-24, nan 
-46.375, -82.375, 3.524653903679648e-24, nan 
-46.125, -82.375, 3.192340376526734e-24, nan 
-45.875, -82.375, 3.317911590759209e-24, nan 
-45.625, -82.375, 3.134215459194231e-24, nan 
-45.375, -82.375, 3.0213971485372262e-24, nan 
-45.125, -82.375, 4.8537271465622795e-24, nan 
-44.875, -82.375, 3.907315996383327e-24, nan 
-44.625, -82.375, 1.0929677245797187e-24, nan 
-44.375, -82.375, 1.2213610723130333e-24, nan 
-44.125, -82.375, 2.2256001775360634e-24, nan 
-43.875, -82.375, 1.8490136609741976e-24, nan 
-43.625, -82.375, 1.9122737832542148e-24, nan 
-43.375, -82.375, 2.699460734121944e-24, nan 
-43.125, -82.375, 2.989510391242175e-24, nan 
-42.875, -82.375, 3.357441967416758e-24, nan 
-42.625, -82.375, 3.656548888919824e-24, nan 
-42.375, -82.375, 3.6022190537835405e-24, nan 
-42.125, -82.375, 3.147305455415686e-24, nan 
-41.875, -82.375, 2.4773423766643035e-24, nan 
-41.625, -82.375, 3.431707061475711e-24, nan 
-41.375, -82.375, 3.810822187643042e-24, nan 
-41.125, -82.375, 4.471096702673583e-24, nan 
-40.875, -82.375, 5.188878515616291e-24, nan 
-40.625, -82.375, 5.3564274237238654e-24, nan 
-40.375, -82.375, 5.349705887146144e-24, nan 
-40.125, -82.375, 4.7839816478768034e-24, nan 
-39.875, -82.375, 4.527554662272583e-24, nan 
-39.625, -82.375, 3.913532561921276e-24, nan 
-39.375, -82.375, 3.663754322699676e-24, nan 
-39.125, -82.375, 3.308897439947226e-24, nan 
-38.875, -82.375, 3.407955902897973e-24, nan 
-38.625, -82.375, 3.646792485903425e-24, nan 
-38.375, -82.375, 4.3982109731152726e-24, nan 
-38.125, -82.375, 4.383399170178388e-24, nan 
-37.875, -82.375, 3.564832922641113e-24, nan 
-37.625, -82.375, 3.005792577885789e-24, nan 
-37.375, -82.375, 1.9104755792811085e-24, nan 
-37.125, -82.375, 1.6569288250319762e-24, nan 
-36.875, -82.375, 1.6627223939794723e-24, nan 
-36.625, -82.375, 1.596271077656198e-24, nan 
-36.375, -82.375, 1.4684763027895056e-24, nan 
-36.125, -82.375, 1.1426871836630883e-24, nan 
-35.875, -82.375, 6.648868259229805e-25, nan 
-35.625, -82.375, 7.090455198483277e-25, nan 
-35.375, -82.375, 1.045763998963128e-24, nan 
-35.125, -82.375, 1.0451747034312683e-24, nan 
-34.875, -82.375, 1.3752909200840378e-24, nan 
-34.625, -82.375, 1.1914544857280885e-24, nan 
-34.375, -82.375, 1.167491592164088e-24, nan 
-34.125, -82.375, 1.1585773802375594e-24, nan 
-33.875, -82.375, 9.275682137993828e-25, nan 
-33.625, -82.375, 3.573496341455643e-25, nan 
-33.375, -82.375, 6.89590167173082e-25, nan 
-33.125, -82.375, 1.4704257623775672e-24, nan 
-32.875, -82.375, 1.5908367653367903e-24, nan 
-32.625, -82.375, 1.1369843193925526e-24, nan 
-32.375, -82.375, 1.0037665300608607e-24, nan 
-32.125, -82.375, 1.936686268905607e-24, nan 
-31.875, -82.375, 3.251897057034871e-24, nan 
-31.625, -82.375, 3.1227656265400677e-24, nan 
-31.375, -82.375, 2.487286889065329e-24, nan 
-31.125, -82.375, 2.379490726094391e-24, nan 
-30.875, -82.375, 2.5518666887686374e-24, nan 
-30.625, -82.375, 2.4900319005209444e-24, nan 
-30.375, -82.375, 1.9990611340431404e-24, nan 
-30.125, -82.375, 3.419597489259804e-24, nan 
-29.875, -82.375, 3.4802419687520586e-24, nan 
-29.625, -82.375, 2.5543652392323657e-24, nan 
-29.375, -82.375, 2.2562740923637306e-24, nan 
-29.125, -82.375, 2.7546996684404475e-24, nan 
-28.875, -82.375, 2.8710613318856866e-24, nan 
-28.625, -82.375, 1.9902569433120737e-24, nan 
-28.375, -82.375, 1.8915422694406734e-24, nan 
-28.125, -82.375, 2.0898168961729668e-24, nan 
-27.875, -82.375, 2.1988945288676734e-24, nan 
-27.625, -82.375, 1.9644845802110988e-24, nan 
-27.375, -82.375, 1.9251426276922644e-24, nan 
-27.125, -82.375, 1.6760857823804893e-24, nan 
-26.875, -82.375, 1.5668845302772818e-24, nan 
-70.875, -82.125, 1.871001956497006e-24, nan 
-70.625, -82.125, 2.643528722460933e-24, nan 
-70.375, -82.125, 2.412089192484204e-24, nan 
-70.125, -82.125, 4.791992817021289e-25, nan 
-69.875, -82.125, 5.253245701920876e-25, nan 
-69.625, -82.125, 4.348681796661352e-25, nan 
-69.375, -82.125, 4.555751340183394e-25, nan 
-69.125, -82.125, 4.862897558457571e-25, nan 
-68.875, -82.125, 6.444447438420169e-25, nan 
-68.625, -82.125, 6.019824244833436e-25, nan 
-68.375, -82.125, 5.872755307085273e-25, nan 
-68.125, -82.125, 5.25016603911146e-25, nan 
-67.875, -82.125, 4.148214579176021e-25, nan 
-67.625, -82.125, 3.657784478502827e-25, nan 
-67.375, -82.125, 4.851304935949057e-25, nan 
-67.125, -82.125, 1.0271688978601758e-24, nan 
-66.875, -82.125, 1.6549329552117662e-24, nan 
-66.625, -82.125, 3.508833702678107e-24, nan 
-66.375, -82.125, 4.261950734423191e-24, nan 
-66.125, -82.125, 3.813515629304524e-24, nan 
-65.875, -82.125, 3.329471302632908e-24, nan 
-65.625, -82.125, 2.6172695659463056e-24, nan 
-65.375, -82.125, 2.302380702040954e-24, nan 
-65.125, -82.125, 2.310080935956856e-24, nan 
-64.875, -82.125, 2.1294754681306043e-24, nan 
-64.625, -82.125, 3.330720927486063e-24, nan 
-64.375, -82.125, 2.631405162748836e-24, nan 
-64.125, -82.125, 2.181371565553087e-24, nan 
-63.875, -82.125, 1.786587037243269e-24, nan 
-63.625, -82.125, 2.00014639785261e-24, nan 
-63.375, -82.125, 2.7677441863524954e-24, nan 
-63.125, -82.125, 3.114753239384623e-24, nan 
-62.875, -82.125, 3.616372285468561e-24, nan 
-62.625, -82.125, 1.7535196655951385e-24, nan 
-62.375, -82.125, 8.099255549318074e-25, nan 
-62.125, -82.125, 1.5297432464276447e-24, nan 
-61.875, -82.125, 2.1632017407531924e-24, nan 
-61.625, -82.125, 2.502338960117837e-24, nan 
-61.375, -82.125, 2.8205772480188793e-24, nan 
-61.125, -82.125, 2.931868458496764e-24, nan 
-60.875, -82.125, 1.9265081937838277e-24, nan 
-60.625, -82.125, 2.3067298941551528e-24, nan 
-60.375, -82.125, 1.4230401782797228e-24, nan 
-60.125, -82.125, 1.6260642416990682e-24, nan 
-59.875, -82.125, 2.438249950562745e-24, nan 
-59.625, -82.125, 3.280191820039037e-24, nan 
-59.375, -82.125, 3.814400585428076e-24, nan 
-59.125, -82.125, 2.1062468818543615e-24, nan 
-58.875, -82.125, 2.250597361828568e-24, nan 
-58.625, -82.125, 1.3118829587247423e-24, nan 
-58.375, -82.125, 1.5110256119033638e-24, nan 
-58.125, -82.125, 2.1324402989528694e-24, nan 
-57.875, -82.125, 2.6565241469611677e-24, nan 
-57.625, -82.125, 3.3965058459873465e-24, nan 
-57.375, -82.125, 2.4669971270890014e-24, nan 
-57.125, -82.125, 2.0374158050899107e-24, nan 
-56.875, -82.125, 1.9590456833307187e-24, nan 
-56.625, -82.125, 1.6184010714905023e-24, nan 
-56.375, -82.125, 1.3198043090628668e-24, nan 
-56.125, -82.125, 8.856090055403289e-25, nan 
-55.875, -82.125, 1.0889582269460214e-24, nan 
-55.625, -82.125, 1.4281542188148648e-24, nan 
-55.375, -82.125, 1.4357125787318928e-24, nan 
-55.125, -82.125, 1.3148969096514246e-24, nan 
-54.875, -82.125, 1.2855842244542435e-24, nan 
-54.625, -82.125, 1.4059380754683044e-24, nan 
-54.375, -82.125, 1.1782359191053954e-24, nan 
-54.125, -82.125, 9.255685861602803e-25, nan 
-53.875, -82.125, 1.0796689108143928e-24, nan 
-53.625, -82.125, 1.5545406122552787e-24, nan 
-53.375, -82.125, 2.6996390906482314e-24, nan 
-53.125, -82.125, 2.752827552849256e-24, nan 
-52.875, -82.125, 2.5570775083578643e-24, nan 
-52.625, -82.125, 2.9248870500016937e-24, nan 
-52.375, -82.125, 2.9386959923779927e-24, nan 
-52.125, -82.125, 2.7349130649386846e-24, nan 
-51.875, -82.125, 2.514614545704793e-24, nan 
-51.625, -82.125, 2.2161181547487372e-24, nan 
-51.375, -82.125, 1.6199150314486824e-24, nan 
-51.125, -82.125, 1.26964588906252e-24, nan 
-50.875, -82.125, 9.104529946873213e-25, nan 
-50.625, -82.125, 7.195890440712698e-25, nan 
-50.375, -82.125, 5.642238216672553e-25, nan 
-50.125, -82.125, 2.850951363761196e-25, nan 
-49.875, -82.125, 4.4906000928648425e-25, nan 
-49.625, -82.125, 1.0296829968062114e-24, nan 
-49.375, -82.125, 1.8317454258427843e-24, nan 
-49.125, -82.125, 1.8195239239343806e-24, nan 
-48.875, -82.125, 1.7354765908953507e-24, nan 
-48.625, -82.125, 1.707908469013675e-24, nan 
-48.375, -82.125, 1.0675865846529337e-24, nan 
-48.125, -82.125, 1.0264872512463527e-24, nan 
-47.875, -82.125, 9.024502927206021e-25, nan 
-47.625, -82.125, 1.042321272936149e-24, nan 
-47.375, -82.125, 6.520544196020852e-25, nan 
-47.125, -82.125, 5.535611823005787e-25, nan 
-46.875, -82.125, 2.9232059861344605e-24, nan 
-46.625, -82.125, 2.7388550176727302e-24, nan 
-46.375, -82.125, 1.2943429151207888e-24, nan 
-46.125, -82.125, 1.2060296832287215e-24, nan 
-45.875, -82.125, 2.0458432536271263e-24, nan 
-45.625, -82.125, 1.6407735980278052e-24, nan 
-45.375, -82.125, 9.039653629469143e-25, nan 
-45.125, -82.125, 6.145005806056762e-25, nan 
-44.875, -82.125, 7.826608197459102e-25, nan 
-44.625, -82.125, 6.637838621610602e-25, nan 
-44.375, -82.125, 3.6351528325523903e-25, nan 
-44.125, -82.125, 2.6018821280533163e-25, nan 
-43.875, -82.125, 3.3654640860368715e-25, nan 
-43.625, -82.125, 3.159622908198443e-25, nan 
-43.375, -82.125, 1.0567010713012468e-24, nan 
-43.125, -82.125, 1.487554426221824e-24, nan 
-42.875, -82.125, 1.0070017962802214e-24, nan 
-42.625, -82.125, 4.176922738980321e-25, nan 
-42.375, -82.125, 5.762836726618453e-25, nan 
-42.125, -82.125, 6.001082668644824e-25, nan 
-41.875, -82.125, 1.5623765840381022e-24, nan 
-41.625, -82.125, 2.5223979549357094e-24, nan 
-41.375, -82.125, 2.73343959625201e-24, nan 
-41.125, -82.125, 2.9420974964454263e-24, nan 
-40.875, -82.125, 3.277685049461759e-24, nan 
-40.625, -82.125, 3.585552962521069e-24, nan 
-40.375, -82.125, 3.902088800727091e-24, nan 
-40.125, -82.125, 3.797321796691073e-24, nan 
-39.875, -82.125, 3.68477699636888e-24, nan 
-39.625, -82.125, 3.402772774767372e-24, nan 
-39.375, -82.125, 3.6380509696235756e-24, nan 
-39.125, -82.125, 3.0224717147940096e-24, nan 
-38.875, -82.125, 2.348127955596833e-24, nan 
-38.625, -82.125, 2.3087949154217966e-24, nan 
-38.375, -82.125, 2.3678621692627224e-24, nan 
-38.125, -82.125, 2.5310975379019396e-24, nan 
-37.875, -82.125, 2.0157534922458598e-24, nan 
-37.625, -82.125, 1.8898349866530985e-24, nan 
-37.375, -82.125, 1.530861144290904e-24, nan 
-37.125, -82.125, 1.5482702330124222e-24, nan 
-36.875, -82.125, 1.849106434611202e-24, nan 
-36.625, -82.125, 1.469283439791942e-24, nan 
-36.375, -82.125, 1.5035541182370996e-24, nan 
-36.125, -82.125, 1.3713005344561786e-24, nan 
-35.875, -82.125, 1.5159831628905121e-24, nan 
-35.625, -82.125, 1.5256316899187449e-24, nan 
-35.375, -82.125, 1.7026735986690257e-24, nan 
-35.125, -82.125, 1.5433752177114521e-24, nan 
-34.875, -82.125, 1.4429022368423665e-24, nan 
-34.625, -82.125, 1.366592610334615e-24, nan 
-34.375, -82.125, 1.226859969437852e-24, nan 
-34.125, -82.125, 1.458452169142582e-24, nan 
-33.875, -82.125, 1.942411964452381e-24, nan 
-33.625, -82.125, 2.0513034358014052e-24, nan 
-33.375, -82.125, 1.975290382739101e-24, nan 
-33.125, -82.125, 1.4448599078835834e-24, nan 
-32.875, -82.125, 6.026946408432839e-25, nan 
-32.625, -82.125, 4.615234142043615e-25, nan 
-32.375, -82.125, 9.37428588151915e-25, nan 
-32.125, -82.125, 2.3749933417192353e-24, nan 
-31.875, -82.125, 2.3542475688228776e-24, nan 
-31.625, -82.125, 2.1399784341096272e-24, nan 
-31.375, -82.125, 2.469547032322944e-24, nan 
-31.125, -82.125, 3.080394869475543e-24, nan 
-30.875, -82.125, 3.3051921493519162e-24, nan 
-30.625, -82.125, 1.4818686974299187e-24, nan 
-30.375, -82.125, 2.6291790882326546e-24, nan 
-30.125, -82.125, 2.633696082487659e-24, nan 
-29.875, -82.125, 2.4861728239386777e-24, nan 
-29.625, -82.125, 3.172910908852884e-24, nan 
-29.375, -82.125, 3.88677720513964e-24, nan 
-29.125, -82.125, 3.8622220912178795e-24, nan 
-28.875, -82.125, 1.9250658227775226e-24, nan 
-28.625, -82.125, 1.5248171124882516e-24, nan 
-28.375, -82.125, 1.4923738654137324e-24, nan 
-28.125, -82.125, 1.2698293003784293e-24, nan 
-27.875, -82.125, 1.741171871687824e-24, nan 
-27.625, -82.125, 2.0965421075500225e-24, nan 
-27.375, -82.125, 1.9381147737090887e-24, nan 
-27.125, -82.125, 9.567583542879917e-25, nan 
-26.875, -82.125, 4.438153243921667e-25, nan 
-26.625, -82.125, 3.9948825172172687e-25, nan 
-26.375, -82.125, 7.513792630986403e-25, nan 
-26.125, -82.125, 9.719536047464208e-25, nan 
-25.875, -82.125, 1.0495938550890583e-24, nan 
-25.625, -82.125, 9.699391314252323e-25, nan 
-25.375, -82.125, 1.2630893227547437e-24, nan 
-25.125, -82.125, 1.642038094700422e-24, nan 
-24.875, -82.125, 1.561612875219696e-24, nan 
-24.625, -82.125, 1.194125214487445e-24, nan 
-24.375, -82.125, 1.245834984238248e-24, nan 
-24.125, -82.125, 1.4931661159776724e-24, nan 
-23.875, -82.125, 1.6013502807638706e-24, nan 
-23.625, -82.125, 1.6210671212263665e-24, nan 
-23.375, -82.125, 2.346886103332497e-24, nan 
-71.875, -81.875, 5.9128281713108044e-24, nan 
-71.625, -81.875, 5.719197073403742e-24, nan 
-71.375, -81.875, 5.94903470853235e-24, nan 
-71.125, -81.875, 5.329258333076299e-24, nan 
-70.875, -81.875, 4.509689694892122e-24, nan 
-70.625, -81.875, 4.72647860124238e-24, nan 
-70.375, -81.875, 4.475385859516569e-24, nan 
-70.125, -81.875, 4.137654655838714e-24, nan 
-69.875, -81.875, 4.6149530808244305e-24, nan 
-69.625, -81.875, 5.442914446945033e-24, nan 
-69.375, -81.875, 3.654710042029643e-24, nan 
-69.125, -81.875, 2.252452871492051e-24, nan 
-68.875, -81.875, 3.1043274315218463e-24, nan 
-68.625, -81.875, 3.508471737030284e-24, nan 
-68.375, -81.875, 3.92875303173488e-24, nan 
-68.125, -81.875, 5.0874994535413174e-24, nan 
-67.875, -81.875, 4.335387891284979e-24, nan 
-67.625, -81.875, 4.13160764928399e-24, nan 
-67.375, -81.875, 3.5561574199395205e-24, nan 
-67.125, -81.875, 3.0551605167505427e-24, nan 
-66.875, -81.875, 2.9554777598607923e-24, nan 
-66.625, -81.875, 4.710097538440382e-24, nan 
-66.375, -81.875, 5.3069028367932444e-24, nan 
-66.125, -81.875, 4.789015073215037e-24, nan 
-65.875, -81.875, 4.274730514813042e-24, nan 
-65.625, -81.875, 3.834472200674474e-24, nan 
-65.375, -81.875, 3.316426807595503e-24, nan 
-65.125, -81.875, 2.6804522045322206e-24, nan 
-64.875, -81.875, 2.091467899556274e-24, nan 
-64.625, -81.875, 2.1987059586898583e-24, nan 
-64.375, -81.875, 2.0887324020231403e-24, nan 
-64.125, -81.875, 1.8024709743631313e-24, nan 
-63.875, -81.875, 2.9474968332584722e-24, nan 
-63.625, -81.875, 3.1445793536118223e-24, nan 
-63.375, -81.875, 3.1349284435294428e-24, nan 
-63.125, -81.875, 3.683135943255439e-24, nan 
-62.875, -81.875, 3.704238789159758e-24, nan 
-62.625, -81.875, 3.746466952861151e-24, nan 
-62.375, -81.875, 2.4954111035195126e-24, nan 
-62.125, -81.875, 3.0339400878230067e-24, nan 
-61.875, -81.875, 3.6934551152420314e-24, nan 
-61.625, -81.875, 3.738664940497408e-24, nan 
-61.375, -81.875, 4.067481407123202e-24, nan 
-61.125, -81.875, 4.6631221858719096e-24, nan 
-60.875, -81.875, 5.315817197386163e-24, nan 
-60.625, -81.875, 3.88603124946333e-24, nan 
-60.375, -81.875, 1.6678626840293165e-24, nan 
-60.125, -81.875, 2.4865968420961335e-24, nan 
-59.875, -81.875, 3.359006824334902e-24, nan 
-59.625, -81.875, 3.2444284304671563e-24, nan 
-59.375, -81.875, 3.409441985778009e-24, nan 
-59.125, -81.875, 2.9475341669060553e-24, nan 
-58.875, -81.875, 2.466785787704894e-24, nan 
-58.625, -81.875, 1.3733697350732262e-24, nan 
-58.375, -81.875, 8.295795566783746e-25, nan 
-58.125, -81.875, 6.382244784183051e-25, nan 
-57.875, -81.875, 5.2892649037027715e-25, nan 
-57.625, -81.875, 1.0470890544832425e-24, nan 
-57.375, -81.875, 1.5203654222903065e-24, nan 
-57.125, -81.875, 1.4737475386221107e-24, nan 
-56.875, -81.875, 1.2915191690093418e-24, nan 
-56.625, -81.875, 1.1504641567255738e-24, nan 
-56.375, -81.875, 1.5559191543093017e-24, nan 
-56.125, -81.875, 1.4267487957716748e-24, nan 
-55.875, -81.875, 1.7739052095824375e-24, nan 
-55.625, -81.875, 4.780200129319e-25, nan 
-55.375, -81.875, 4.0483551490661406e-25, nan 
-55.125, -81.875, 3.971778918024042e-25, nan 
-54.875, -81.875, 4.94938017383504e-25, nan 
-54.625, -81.875, 4.214517582751977e-25, nan 
-54.375, -81.875, 4.64794670405444e-25, nan 
-54.125, -81.875, 4.576020500492619e-25, nan 
-53.875, -81.875, 4.5407982641268975e-25, nan 
-53.625, -81.875, 3.2146259777262895e-25, nan 
-53.375, -81.875, 3.720619595626696e-25, nan 
-53.125, -81.875, 3.109603349774765e-25, nan 
-52.875, -81.875, 2.4048401200448476e-25, nan 
-52.625, -81.875, 6.363882648734491e-26, nan 
-52.375, -81.875, 2.9053106780364997e-25, nan 
-52.125, -81.875, 2.3071992969952003e-25, nan 
-51.875, -81.875, 1.7567775685729458e-25, nan 
-51.625, -81.875, 1.6780923259293063e-25, nan 
-51.375, -81.875, 5.04153364807167e-25, nan 
-51.125, -81.875, 4.43532341874016e-25, nan 
-50.875, -81.875, 3.120334854262068e-25, nan 
-50.625, -81.875, 2.766970592689358e-25, nan 
-50.375, -81.875, 2.018602050633658e-25, nan 
-50.125, -81.875, 1.6364117376402476e-25, nan 
-49.875, -81.875, 1.6513240529091413e-25, nan 
-49.625, -81.875, 2.96070464167537e-25, nan 
-49.375, -81.875, 1.2380653518998116e-25, nan 
-49.125, -81.875, 1.053472254446795e-25, nan 
-48.875, -81.875, 2.5265783952003804e-25, nan 
-48.625, -81.875, 3.3499924700638183e-25, nan 
-48.375, -81.875, 3.2266045372114833e-25, nan 
-48.125, -81.875, 3.0996974971233067e-25, nan 
-47.875, -81.875, 6.05149742716579e-25, nan 
-47.625, -81.875, 5.284647041067877e-25, nan 
-47.375, -81.875, 4.544974016189572e-25, nan 
-47.125, -81.875, 3.3823161489459356e-25, nan 
-46.875, -81.875, 3.28480109518253e-25, nan 
-46.625, -81.875, 3.14187028015259e-25, nan 
-46.375, -81.875, 7.458094813057833e-25, nan 
-46.125, -81.875, 5.47422030158575e-25, nan 
-45.875, -81.875, 3.589462012867048e-25, nan 
-45.625, -81.875, 3.552481210064331e-25, nan 
-45.375, -81.875, 2.34867533458566e-25, nan 
-45.125, -81.875, 3.6885113061545356e-25, nan 
-44.875, -81.875, 6.497280746101885e-25, nan 
-44.625, -81.875, 7.097527051365384e-25, nan 
-44.375, -81.875, 3.3854636418793037e-25, nan 
-44.125, -81.875, 2.0534541888942833e-25, nan 
-43.875, -81.875, 1.9158798901595808e-25, nan 
-43.625, -81.875, 2.9633505484707513e-25, nan 
-43.375, -81.875, 7.6551099649447245e-25, nan 
-43.125, -81.875, 1.3571425938048743e-24, nan 
-42.875, -81.875, 1.4705013350891486e-24, nan 
-42.625, -81.875, 7.48448561450594e-25, nan 
-42.375, -81.875, 5.772827819457499e-25, nan 
-42.125, -81.875, 9.763275984372793e-25, nan 
-41.875, -81.875, 1.4952945714846981e-24, nan 
-41.625, -81.875, 1.0040504483515203e-24, nan 
-41.375, -81.875, 1.4351391540502826e-24, nan 
-41.125, -81.875, 1.931057228657295e-24, nan 
-40.875, -81.875, 2.8868654156600264e-24, nan 
-40.625, -81.875, 2.354158594894226e-24, nan 
-40.375, -81.875, 2.2332257213482818e-24, nan 
-40.125, -81.875, 2.6801084352595527e-24, nan 
-39.875, -81.875, 2.982593637170089e-24, nan 
-39.625, -81.875, 2.2938052275832952e-24, nan 
-39.375, -81.875, 2.4737592733699314e-24, nan 
-39.125, -81.875, 3.217252613182709e-24, nan 
-38.875, -81.875, 2.5701592464614336e-24, nan 
-38.625, -81.875, 2.4412747833507145e-24, nan 
-38.375, -81.875, 2.798982102428773e-24, nan 
-38.125, -81.875, 3.1541257573936347e-24, nan 
-37.875, -81.875, 1.870292335323105e-24, nan 
-37.625, -81.875, 1.0685719969351362e-24, nan 
-37.375, -81.875, 9.802166476745348e-25, nan 
-37.125, -81.875, 1.0289762127760131e-24, nan 
-36.875, -81.875, 1.7839473116460696e-24, nan 
-36.625, -81.875, 1.3166879267791949e-24, nan 
-36.375, -81.875, 1.2849201032495772e-24, nan 
-36.125, -81.875, 1.4266125023822135e-24, nan 
-35.875, -81.875, 1.7214221746108344e-24, nan 
-35.625, -81.875, 1.455828234311561e-24, nan 
-35.375, -81.875, 1.2169440163513728e-24, nan 
-35.125, -81.875, 1.4978385980804059e-24, nan 
-34.875, -81.875, 1.7550927344728355e-24, nan 
-34.625, -81.875, 1.763835960642475e-24, nan 
-34.375, -81.875, 1.499424093190518e-24, nan 
-34.125, -81.875, 1.8741208033259522e-24, nan 
-33.875, -81.875, 1.985698580583068e-24, nan 
-33.625, -81.875, 1.797360303496664e-24, nan 
-33.375, -81.875, 1.5906842527365927e-24, nan 
-33.125, -81.875, 1.3935088680510797e-24, nan 
-32.875, -81.875, 1.412179638044498e-24, nan 
-32.625, -81.875, 1.5369893259451076e-24, nan 
-32.375, -81.875, 2.423065441305405e-24, nan 
-32.125, -81.875, 2.5594864348277953e-24, nan 
-31.875, -81.875, 1.1852008336669927e-24, nan 
-31.625, -81.875, 7.816023548350774e-25, nan 
-31.375, -81.875, 1.380713025029138e-24, nan 
-31.125, -81.875, 1.670300635513939e-24, nan 
-30.875, -81.875, 1.928025777317988e-24, nan 
-30.625, -81.875, 1.983349901762069e-24, nan 
-30.375, -81.875, 1.759633867798758e-24, nan 
-30.125, -81.875, 1.4907774846851687e-24, nan 
-29.875, -81.875, 1.4500962610983925e-24, nan 
-29.625, -81.875, 1.9892420933739215e-24, nan 
-29.375, -81.875, 1.898604903248651e-24, nan 
-29.125, -81.875, 1.6942029456744945e-24, nan 
-28.875, -81.875, 1.1994551499924582e-24, nan 
-28.625, -81.875, 4.854251304531266e-25, nan 
-28.375, -81.875, 2.5311033399281726e-25, nan 
-28.125, -81.875, 1.834704967125017e-25, nan 
-27.875, -81.875, 3.155277192466491e-25, nan 
-27.625, -81.875, 3.8872539524428066e-25, nan 
-27.375, -81.875, 3.1030852070791187e-25, nan 
-27.125, -81.875, 7.466434354822976e-25, nan 
-26.875, -81.875, 7.793431541304478e-25, nan 
-26.625, -81.875, 5.772901244302342e-25, nan 
-26.375, -81.875, 2.729154454701164e-25, nan 
-26.125, -81.875, 7.3715250337180545e-25, nan 
-25.875, -81.875, 8.245131649719892e-25, nan 
-25.625, -81.875, 1.0575924893981033e-24, nan 
-25.375, -81.875, 1.7132222625156966e-24, nan 
-25.125, -81.875, 1.7371423818206242e-24, nan 
-24.875, -81.875, 1.555029434847923e-24, nan 
-24.625, -81.875, 1.658586824885998e-24, nan 
-24.375, -81.875, 2.117251125296229e-24, nan 
-24.125, -81.875, 2.1591080875254643e-24, nan 
-23.875, -81.875, 2.0748740191511043e-24, nan 
-23.625, -81.875, 2.7600880085296913e-24, nan 
-23.375, -81.875, 3.263364137190054e-24, nan 
-23.125, -81.875, 3.652745489954701e-24, nan 
-22.875, -81.875, 3.992585126414662e-24, nan 
-22.625, -81.875, 3.482724238841053e-24, nan 
-22.375, -81.875, 2.949406691582265e-24, nan 
-22.125, -81.875, 3.7522380329443406e-24, nan 
-21.875, -81.875, 1.916404834480728e-24, nan 
-21.625, -81.875, 1.953078693485613e-24, nan 
-21.375, -81.875, 2.280014035788462e-24, nan 
-21.125, -81.875, 2.629909403195755e-24, nan 
-20.875, -81.875, 2.6917416003749218e-24, nan 
-20.625, -81.875, 2.8874882041967767e-24, nan 
-20.375, -81.875, 3.1224220211586734e-24, nan 
-70.375, -81.625, 5.2202259092084254e-24, nan 
-70.125, -81.625, 4.111304356199194e-24, nan 
-69.875, -81.625, 4.2349186229823655e-24, nan 
-69.625, -81.625, 4.443245235025333e-24, nan 
-69.375, -81.625, 5.3880712443068926e-24, nan 
-69.125, -81.625, 7.2835125991687e-24, nan 
-68.875, -81.625, 6.6040868487541444e-24, nan 
-68.625, -81.625, 6.265805276632152e-24, nan 
-68.375, -81.625, 4.058859072961202e-24, nan 
-68.125, -81.625, 4.4254574404988254e-24, nan 
-67.875, -81.625, 4.096421059690308e-24, nan 
-67.625, -81.625, 4.174754286906155e-24, nan 
-67.375, -81.625, 4.888714248142385e-24, nan 
-67.125, -81.625, 4.3631775419045715e-24, nan 
-66.875, -81.625, 3.922855331471169e-24, nan 
-66.625, -81.625, 4.0576319871961074e-24, nan 
-66.375, -81.625, 3.795622711065222e-24, nan 
-66.125, -81.625, 2.94832773582509e-24, nan 
-65.875, -81.625, 2.195148332229758e-24, nan 
-65.625, -81.625, 1.837670324552959e-24, nan 
-65.375, -81.625, 1.4006774456494212e-24, nan 
-65.125, -81.625, 2.1748105539488764e-24, nan 
-64.875, -81.625, 3.5246469094093546e-24, nan 
-64.625, -81.625, 3.2381130237643964e-24, nan 
-64.375, -81.625, 2.7363162826937132e-24, nan 
-64.125, -81.625, 2.4473387867112326e-24, nan 
-63.875, -81.625, 3.0685070878775156e-24, nan 
-63.625, -81.625, 2.3525900143899864e-24, nan 
-63.375, -81.625, 2.5001323637751484e-24, nan 
-63.125, -81.625, 3.182492378502992e-24, nan 
-62.875, -81.625, 4.466681199516737e-24, nan 
-62.625, -81.625, 4.3866834110270146e-24, nan 
-62.375, -81.625, 3.964440293801623e-24, nan 
-62.125, -81.625, 3.60235182300071e-24, nan 
-61.875, -81.625, 2.813194466745991e-24, nan 
-61.625, -81.625, 3.0864990610561316e-24, nan 
-61.375, -81.625, 3.327804940100882e-24, nan 
-61.125, -81.625, 3.522256061241884e-24, nan 
-60.875, -81.625, 4.235845934138562e-24, nan 
-60.625, -81.625, 2.8815675206253768e-24, nan 
-60.375, -81.625, 2.683270939959384e-24, nan 
-60.125, -81.625, 2.7804631338329164e-24, nan 
-59.875, -81.625, 3.502426048656393e-24, nan 
-59.625, -81.625, 2.1847483202393288e-24, nan 
-59.375, -81.625, 9.9540833725229e-25, nan 
-59.125, -81.625, 6.079481453436718e-25, nan 
-58.875, -81.625, 7.081100682639897e-25, nan 
-58.625, -81.625, 2.3589316764838946e-24, nan 
-58.375, -81.625, 2.1991017485263316e-24, nan 
-58.125, -81.625, 3.037547309901018e-24, nan 
-57.875, -81.625, 2.1440409133176872e-24, nan 
-57.625, -81.625, 1.832166509358111e-24, nan 
-57.375, -81.625, 4.415423414109415e-25, nan 
-57.125, -81.625, 5.641300050657821e-25, nan 
-56.875, -81.625, 9.018173767734478e-25, nan 
-56.625, -81.625, 9.597964823605929e-25, nan 
-56.375, -81.625, 2.5039876626445185e-24, nan 
-56.125, -81.625, 2.312643487750093e-24, nan 
-55.875, -81.625, 3.0991045502489814e-24, nan 
-55.625, -81.625, 5.495047456139519e-25, nan 
-55.375, -81.625, 5.558396887591883e-25, nan 
-55.125, -81.625, 5.900590915273132e-25, nan 
-54.875, -81.625, 4.320436602148484e-25, nan 
-54.625, -81.625, 9.849687086230118e-25, nan 
-54.375, -81.625, 8.444641798318257e-25, nan 
-54.125, -81.625, 1.3578572648866991e-24, nan 
-53.875, -81.625, 5.266876768187595e-25, nan 
-53.625, -81.625, 5.420162418559415e-25, nan 
-53.375, -81.625, 4.17237400058462e-25, nan 
-53.125, -81.625, 4.700727580599067e-25, nan 
-52.875, -81.625, 5.432669839270418e-25, nan 
-52.625, -81.625, 4.818099846483224e-25, nan 
-52.375, -81.625, 5.234209330461292e-25, nan 
-52.125, -81.625, 6.16385215271934e-25, nan 
-51.875, -81.625, 5.803627916666427e-25, nan 
-51.625, -81.625, 3.4552934733787964e-25, nan 
-51.375, -81.625, 3.672493388954898e-25, nan 
-51.125, -81.625, 2.8199080147068007e-25, nan 
-50.875, -81.625, 3.220501469608766e-25, nan 
-50.625, -81.625, 4.367256126882264e-25, nan 
-50.375, -81.625, 4.283596137061487e-25, nan 
-50.125, -81.625, 3.41042152302804e-25, nan 
-49.875, -81.625, 2.1776401212207594e-25, nan 
-49.625, -81.625, 3.3172767824818574e-25, nan 
-49.375, -81.625, 3.932787343219979e-25, nan 
-49.125, -81.625, 3.1351534649209984e-25, nan 
-48.875, -81.625, 4.321432426296197e-25, nan 
-48.625, -81.625, 3.1287576966343477e-25, nan 
-48.375, -81.625, 4.0327842711869084e-25, nan 
-48.125, -81.625, 5.050971322259871e-25, nan 
-47.875, -81.625, 4.980518952348836e-25, nan 
-47.625, -81.625, 4.868473151758334e-25, nan 
-47.375, -81.625, 4.421213221837932e-25, nan 
-47.125, -81.625, 4.490078930035549e-25, nan 
-46.875, -81.625, 3.087481841657807e-25, nan 
-46.625, -81.625, 4.0313322109100344e-25, nan 
-46.375, -81.625, 4.928918142721873e-25, nan 
-46.125, -81.625, 2.7070558269980597e-25, nan 
-45.875, -81.625, 1.5047868210072784e-25, nan 
-45.625, -81.625, 2.0650344980781217e-25, nan 
-45.375, -81.625, 3.8226699406015043e-25, nan 
-45.125, -81.625, 4.44641233899098e-25, nan 
-44.875, -81.625, 2.324424211373805e-25, nan 
-44.625, -81.625, 1.9520014741030632e-25, nan 
-44.375, -81.625, 3.219612175483247e-25, nan 
-44.125, -81.625, 5.787790025536787e-25, nan 
-43.875, -81.625, 7.6957349319247815e-25, nan 
-43.625, -81.625, 1.1738115268832743e-24, nan 
-43.375, -81.625, 1.5944996335396611e-24, nan 
-43.125, -81.625, 1.4984022700719528e-24, nan 
-42.875, -81.625, 1.6824828804584328e-24, nan 
-42.625, -81.625, 1.6765956586942385e-24, nan 
-42.375, -81.625, 1.6322792755306667e-24, nan 
-42.125, -81.625, 1.694662269447649e-24, nan 
-41.875, -81.625, 1.9753733627752777e-24, nan 
-41.625, -81.625, 1.962948087325975e-24, nan 
-41.375, -81.625, 1.851905836594219e-24, nan 
-41.125, -81.625, 2.0195117244257773e-24, nan 
-40.875, -81.625, 2.6167009573349014e-24, nan 
-40.625, -81.625, 2.4546365885281005e-24, nan 
-40.375, -81.625, 2.08208363336486e-24, nan 
-40.125, -81.625, 1.827584078577839e-24, nan 
-39.875, -81.625, 2.098921097555877e-24, nan 
-39.625, -81.625, 1.5243886378656156e-24, nan 
-39.375, -81.625, 1.2374981162606673e-24, nan 
-39.125, -81.625, 1.4494786409171955e-24, nan 
-38.875, -81.625, 2.7046844448739207e-24, nan 
-38.625, -81.625, 1.931415071953445e-24, nan 
-38.375, -81.625, 1.597276075341615e-24, nan 
-38.125, -81.625, 1.2249189707103352e-24, nan 
-37.875, -81.625, 1.6036119580741333e-24, nan 
-37.625, -81.625, 1.5485062159999256e-24, nan 
-37.375, -81.625, 1.15066058410757e-24, nan 
-37.125, -81.625, 1.1941244352247306e-24, nan 
-36.875, -81.625, 9.260035506318827e-25, nan 
-36.625, -81.625, 8.880254017982436e-25, nan 
-36.375, -81.625, 8.668043445795048e-25, nan 
-36.125, -81.625, 9.883883147791015e-25, nan 
-35.875, -81.625, 1.2832239717654121e-24, nan 
-35.625, -81.625, 1.2705769263955867e-24, nan 
-35.375, -81.625, 1.2931473290541232e-24, nan 
-35.125, -81.625, 1.5021355929761715e-24, nan 
-34.875, -81.625, 1.5205591542410668e-24, nan 
-34.625, -81.625, 1.4617006854150354e-24, nan 
-34.375, -81.625, 1.1159744304076272e-24, nan 
-34.125, -81.625, 9.632587304874701e-25, nan 
-33.875, -81.625, 1.0537210305628355e-24, nan 
-33.625, -81.625, 1.2461767140477739e-24, nan 
-33.375, -81.625, 1.753484397882944e-24, nan 
-33.125, -81.625, 2.220381514862007e-24, nan 
-32.875, -81.625, 2.561774739040199e-24, nan 
-32.625, -81.625, 1.8589941238082127e-24, nan 
-32.375, -81.625, 2.0460060506844824e-24, nan 
-32.125, -81.625, 2.069229253534152e-24, nan 
-31.875, -81.625, 1.4039759416942654e-24, nan 
-31.625, -81.625, 1.808682152172712e-24, nan 
-31.375, -81.625, 1.3838452583030318e-24, nan 
-31.125, -81.625, 2.191988344635495e-24, nan 
-30.875, -81.625, 1.780243334359996e-24, nan 
-30.625, -81.625, 2.2753775453190603e-24, nan 
-30.375, -81.625, 9.752299765004408e-25, nan 
-30.125, -81.625, 1.5365263165360545e-24, nan 
-29.875, -81.625, 1.6335213022726372e-24, nan 
-29.625, -81.625, 6.543704393182751e-25, nan 
-29.375, -81.625, 5.955242355588677e-25, nan 
-29.125, -81.625, 7.461275734302651e-25, nan 
-28.875, -81.625, 1.3101768253553667e-24, nan 
-28.625, -81.625, 7.967583123831091e-25, nan 
-28.375, -81.625, 7.2383733604834755e-25, nan 
-28.125, -81.625, 6.463680124382242e-25, nan 
-27.875, -81.625, 7.355878808000742e-25, nan 
-27.625, -81.625, 9.911426026693272e-25, nan 
-27.375, -81.625, 1.3107188003288186e-24, nan 
-27.125, -81.625, 1.405967497005916e-24, nan 
-26.875, -81.625, 1.0059597782241776e-24, nan 
-26.625, -81.625, 1.4174219915907402e-24, nan 
-26.375, -81.625, 1.908187567679038e-24, nan 
-26.125, -81.625, 1.5918228283304765e-24, nan 
-25.875, -81.625, 1.3318376097172543e-24, nan 
-25.625, -81.625, 1.2926602764927683e-24, nan 
-25.375, -81.625, 1.48146305839478e-24, nan 
-25.125, -81.625, 1.090320323917189e-24, nan 
-24.875, -81.625, 1.2048511284261842e-24, nan 
-24.625, -81.625, 1.9583772877604868e-24, nan 
-24.375, -81.625, 2.3958135857025258e-24, nan 
-24.125, -81.625, 2.2949950414256077e-24, nan 
-23.875, -81.625, 2.0197947615699547e-24, nan 
-23.625, -81.625, 2.4989665984302116e-24, nan 
-23.375, -81.625, 2.434018429368899e-24, nan 
-23.125, -81.625, 2.3389937218879885e-24, nan 
-22.875, -81.625, 2.4789566262974423e-24, nan 
-22.625, -81.625, 2.1898006073827674e-24, nan 
-22.375, -81.625, 1.8314732417349338e-24, nan 
-22.125, -81.625, 2.2336524338230873e-24, nan 
-21.875, -81.625, 1.9042627872656305e-24, nan 
-21.625, -81.625, 1.4158407555898567e-24, nan 
-21.375, -81.625, 7.232659763219825e-25, nan 
-21.125, -81.625, 4.224933782839706e-25, nan 
-20.875, -81.625, 5.480843680525545e-25, nan 
-20.625, -81.625, 9.919822572408116e-25, nan 
-20.375, -81.625, 1.3829033897076627e-24, nan 
-20.125, -81.625, 1.372810631216177e-24, nan 
-19.875, -81.625, 1.0663669768971835e-24, nan 
-19.625, -81.625, 1.265556962008917e-24, nan 
-19.375, -81.625, 1.5205853253893914e-24, nan 
-19.125, -81.625, 1.7309697442620095e-24, nan 
-18.875, -81.625, 2.2389245774959747e-24, nan 
-18.625, -81.625, 2.5416103475624396e-24, nan 
-18.375, -81.625, 2.530674190205564e-24, nan 
-18.125, -81.625, 1.8848485576443486e-24, nan 
-69.125, -81.375, 5.192087840801731e-24, nan 
-68.875, -81.375, 4.080799202732794e-24, nan 
-68.625, -81.375, 4.4775250894756964e-24, nan 
-68.375, -81.375, 3.819764894824356e-24, nan 
-68.125, -81.375, 4.972216565222316e-24, nan 
-67.875, -81.375, 4.584187490164884e-24, nan 
-67.625, -81.375, 4.455076796762731e-24, nan 
-67.375, -81.375, 6.360991516408287e-24, nan 
-67.125, -81.375, 5.989760770134064e-24, nan 
-66.875, -81.375, 4.94332187695376e-24, nan 
-66.625, -81.375, 3.1513990610490763e-24, nan 
-66.375, -81.375, 4.4789072678216905e-24, nan 
-66.125, -81.375, 4.2212182279498735e-24, nan 
-65.875, -81.375, 3.800070005382897e-24, nan 
-65.625, -81.375, 5.2213412670980385e-24, nan 
-65.375, -81.375, 4.7726408095582604e-24, nan 
-65.125, -81.375, 4.571709799731521e-24, nan 
-64.875, -81.375, 4.328428375844621e-24, nan 
-64.625, -81.375, 5.129988793377744e-24, nan 
-64.375, -81.375, 6.239627067038734e-24, nan 
-64.125, -81.375, 6.021279834186282e-24, nan 
-63.875, -81.375, 5.760441140131165e-24, nan 
-63.625, -81.375, 5.024889736554093e-24, nan 
-63.375, -81.375, 5.059197161363421e-24, nan 
-63.125, -81.375, 4.116471245510875e-24, nan 
-62.875, -81.375, 5.933137443620432e-24, nan 
-62.625, -81.375, 6.924926430306183e-24, nan 
-62.375, -81.375, 6.913873770059719e-24, nan 
-62.125, -81.375, 6.051503549029763e-24, nan 
-61.875, -81.375, 5.09215221235104e-24, nan 
-61.625, -81.375, 4.9384425567239445e-24, nan 
-61.375, -81.375, 3.524942284193093e-24, nan 
-61.125, -81.375, 3.582925544266254e-24, nan 
-60.875, -81.375, 5.3717594343827425e-24, nan 
-60.625, -81.375, 4.139978636248327e-24, nan 
-60.375, -81.375, 3.471801044361589e-24, nan 
-60.125, -81.375, 2.1392710245403953e-24, nan 
-59.875, -81.375, 2.8160268892708075e-24, nan 
-59.625, -81.375, 2.932360266552943e-24, nan 
-59.375, -81.375, 3.114558215641224e-24, nan 
-59.125, -81.375, 3.677920504512969e-24, nan 
-58.875, -81.375, 3.2653446882387265e-24, nan 
-58.625, -81.375, 3.348005798824522e-24, nan 
-58.375, -81.375, 1.3563656902957634e-24, nan 
-58.125, -81.375, 2.242497377122954e-24, nan 
-57.875, -81.375, 2.0341895627984454e-24, nan 
-57.625, -81.375, 9.212469256294918e-25, nan 
-57.375, -81.375, 1.007782328192422e-24, nan 
-57.125, -81.375, 1.1053989946999553e-24, nan 
-56.875, -81.375, 1.0923951272417785e-24, nan 
-56.625, -81.375, 9.282370774169747e-25, nan 
-56.375, -81.375, 1.2016091729360548e-24, nan 
-56.125, -81.375, 1.0460163332284754e-24, nan 
-55.875, -81.375, 1.3751696202665593e-24, nan 
-55.625, -81.375, 5.582963551576143e-25, nan 
-55.375, -81.375, 5.0822535569985695e-25, nan 
-55.125, -81.375, 3.7545251647431545e-25, nan 
-54.875, -81.375, 3.8205610522792386e-25, nan 
-54.625, -81.375, 6.516956447308253e-25, nan 
-54.375, -81.375, 7.873891239832658e-25, nan 
-54.125, -81.375, 4.628815063011678e-25, nan 
-53.875, -81.375, 3.3732920419233794e-25, nan 
-53.625, -81.375, 2.8642277241117506e-25, nan 
-53.375, -81.375, 1.7798569948053032e-25, nan 
-53.125, -81.375, 2.803095144513507e-25, nan 
-52.875, -81.375, 1.1499370752533518e-24, nan 
-52.625, -81.375, 1.453815409343502e-24, nan 
-52.375, -81.375, 8.112522267031819e-25, nan 
-52.125, -81.375, 5.802790489111418e-25, nan 
-51.875, -81.375, 4.173658330242336e-25, nan 
-51.625, -81.375, 2.5628441907032895e-25, nan 
-51.375, -81.375, 2.7157865615218336e-25, nan 
-51.125, -81.375, 6.3199994983769845e-25, nan 
-50.875, -81.375, 8.703610300583804e-25, nan 
-50.625, -81.375, 5.781349545638459e-25, nan 
-50.375, -81.375, 3.500090083913496e-25, nan 
-50.125, -81.375, 2.640131304725393e-25, nan 
-49.875, -81.375, 3.670535637870269e-25, nan 
-49.625, -81.375, 3.835670170225472e-25, nan 
-49.375, -81.375, 3.5498611005717683e-25, nan 
-49.125, -81.375, 4.31425904512857e-25, nan 
-48.875, -81.375, 3.1611235867473924e-25, nan 
-48.625, -81.375, 1.8542965240525358e-25, nan 
-48.375, -81.375, 3.55553766893545e-25, nan 
-48.125, -81.375, 5.461092255092327e-25, nan 
-47.875, -81.375, 5.240721346101248e-25, nan 
-47.625, -81.375, 3.336878208316739e-25, nan 
-47.375, -81.375, 3.8757789634989907e-25, nan 
-47.125, -81.375, 2.846321274975804e-25, nan 
-46.875, -81.375, 2.340676590977313e-25, nan 
-46.625, -81.375, 3.117368950463385e-25, nan 
-46.375, -81.375, 3.1357441616305687e-25, nan 
-46.125, -81.375, 3.3287467364725653e-25, nan 
-45.875, -81.375, 2.203664360483349e-25, nan 
-45.625, -81.375, 1.6132834887313513e-25, nan 
-45.375, -81.375, 3.2460126744288766e-25, nan 
-45.125, -81.375, 3.6923496132524295e-25, nan 
-44.875, -81.375, 4.620569466344746e-25, nan 
-44.625, -81.375, 6.49244961447779e-25, nan 
-44.375, -81.375, 5.480168187657002e-25, nan 
-44.125, -81.375, 7.454264723709942e-25, nan 
-43.875, -81.375, 7.757575779491934e-25, nan 
-43.625, -81.375, 1.2073696586759495e-24, nan 
-43.375, -81.375, 1.0615840141349152e-24, nan 
-43.125, -81.375, 1.1541373035137147e-24, nan 
-42.875, -81.375, 1.2374146956635167e-24, nan 
-42.625, -81.375, 1.2904239446987216e-24, nan 
-42.375, -81.375, 1.4035958112981652e-24, nan 
-42.125, -81.375, 1.3617631869023237e-24, nan 
-41.875, -81.375, 1.559653348950851e-24, nan 
-41.625, -81.375, 1.4072722186211587e-24, nan 
-41.375, -81.375, 1.4539976671728177e-24, nan 
-41.125, -81.375, 1.3313572916523574e-24, nan 
-40.875, -81.375, 1.2569733386019725e-24, nan 
-40.625, -81.375, 1.5771786427394787e-24, nan 
-40.375, -81.375, 1.3496104001167333e-24, nan 
-40.125, -81.375, 2.1313819164907407e-24, nan 
-39.875, -81.375, 1.8768778550088965e-24, nan 
-39.625, -81.375, 2.0414179101589718e-24, nan 
-39.375, -81.375, 1.858703670603167e-24, nan 
-39.125, -81.375, 1.460866072110943e-24, nan 
-38.875, -81.375, 2.8085174680072545e-24, nan 
-38.625, -81.375, 1.9781155502005574e-24, nan 
-38.375, -81.375, 3.2264088348894735e-24, nan 
-38.125, -81.375, 2.7645689642450282e-24, nan 
-37.875, -81.375, 3.2468049510265364e-24, nan 
-37.625, -81.375, 2.735064097119533e-24, nan 
-37.375, -81.375, 1.3112972853258324e-24, nan 
-37.125, -81.375, 1.4319008961815498e-24, nan 
-36.875, -81.375, 1.0972171527761973e-24, nan 
-36.625, -81.375, 2.8074582323888857e-24, nan 
-36.375, -81.375, 2.5344527696016515e-24, nan 
-36.125, -81.375, 2.5786836439647663e-24, nan 
-35.875, -81.375, 2.0937746597976833e-24, nan 
-35.625, -81.375, 1.2277995177684509e-24, nan 
-35.375, -81.375, 6.893487999644641e-25, nan 
-35.125, -81.375, 5.99934826051628e-25, nan 
-34.875, -81.375, 5.720947067668513e-25, nan 
-34.625, -81.375, 6.845179049299163e-25, nan 
-34.375, -81.375, 6.6735760389626205e-25, nan 
-34.125, -81.375, 4.441129605008996e-25, nan 
-33.875, -81.375, 4.920769861231497e-25, nan 
-33.625, -81.375, 1.0924915868114766e-24, nan 
-33.375, -81.375, 1.6861879010929227e-24, nan 
-33.125, -81.375, 2.3219526224965743e-24, nan 
-32.875, -81.375, 2.1650973233716807e-24, nan 
-32.625, -81.375, 1.6604883311308547e-24, nan 
-32.375, -81.375, 9.852993304139365e-25, nan 
-32.125, -81.375, 8.660422423598418e-25, nan 
-31.875, -81.375, 1.0325315814753998e-24, nan 
-31.625, -81.375, 1.4370110974114343e-24, nan 
-31.375, -81.375, 1.3341741829257275e-24, nan 
-31.125, -81.375, 1.7191509101854658e-24, nan 
-30.875, -81.375, 1.5998812862662634e-24, nan 
-30.625, -81.375, 1.3558845450381842e-24, nan 
-30.375, -81.375, 1.0446521569785064e-24, nan 
-30.125, -81.375, 9.983407564083549e-25, nan 
-29.875, -81.375, 8.280581026620924e-25, nan 
-29.625, -81.375, 8.700788090009964e-25, nan 
-29.375, -81.375, 1.0940355266234632e-24, nan 
-29.125, -81.375, 1.2429347646965495e-24, nan 
-28.875, -81.375, 8.816882273105414e-25, nan 
-28.625, -81.375, 7.544153301767055e-25, nan 
-28.375, -81.375, 1.2513165925741421e-24, nan 
-28.125, -81.375, 1.292876471089813e-24, nan 
-27.875, -81.375, 1.3007633613495925e-24, nan 
-27.625, -81.375, 1.3772732382618516e-24, nan 
-27.375, -81.375, 1.5170749763294223e-24, nan 
-27.125, -81.375, 1.1884336742766529e-24, nan 
-26.875, -81.375, 8.561961654331776e-25, nan 
-26.625, -81.375, 1.77120029260916e-24, nan 
-26.375, -81.375, 2.120194361696301e-24, nan 
-26.125, -81.375, 1.8543230112492436e-24, nan 
-25.875, -81.375, 1.364138129692136e-24, nan 
-25.625, -81.375, 4.353502196168186e-25, nan 
-25.375, -81.375, 6.677537519766228e-25, nan 
-25.125, -81.375, 7.873699788877342e-25, nan 
-24.875, -81.375, 1.167302058319363e-24, nan 
-24.625, -81.375, 1.4019115695938807e-24, nan 
-24.375, -81.375, 1.3827947576127233e-24, nan 
-24.125, -81.375, 9.840953739513544e-25, nan 
-23.875, -81.375, 6.049200772165511e-25, nan 
-23.625, -81.375, 8.068103960377661e-25, nan 
-23.375, -81.375, 9.531550720673528e-25, nan 
-23.125, -81.375, 1.2952219248903797e-24, nan 
-22.875, -81.375, 1.25191957852608e-24, nan 
-22.625, -81.375, 1.057157361413029e-24, nan 
-22.375, -81.375, 1.2365860531984042e-24, nan 
-22.125, -81.375, 1.2865243144091122e-24, nan 
-21.875, -81.375, 1.1545925720790836e-24, nan 
-21.625, -81.375, 1.0631286866527089e-24, nan 
-21.375, -81.375, 9.944592007162627e-25, nan 
-21.125, -81.375, 9.27456094039268e-25, nan 
-20.875, -81.375, 9.397949421748286e-25, nan 
-20.625, -81.375, 1.1082603924429185e-24, nan 
-20.375, -81.375, 2.3487514000597378e-24, nan 
-20.125, -81.375, 4.255909587730624e-24, nan 
-19.875, -81.375, 6.109938244872496e-24, nan 
-19.625, -81.375, 6.3716734894683216e-24, nan 
-19.375, -81.375, 6.760167613058714e-24, nan 
-19.125, -81.375, 8.406804503919202e-24, nan 
-18.875, -81.375, 7.817113488386411e-24, nan 
-18.625, -81.375, 5.8299897447924394e-24, nan 
-18.375, -81.375, 2.765796318284857e-24, nan 
-18.125, -81.375, 2.5081338084424535e-24, nan 
-17.875, -81.375, 2.4694957963204714e-24, nan 
-17.625, -81.375, 2.7531762686315156e-24, nan 
-17.375, -81.375, 2.7297129439967302e-24, nan 
-17.125, -81.375, 2.2820684504674778e-24, nan 
-16.875, -81.375, 1.592318901758249e-24, nan 
-16.625, -81.375, 1.2767294011332578e-24, nan 
-16.375, -81.375, 1.813284236392693e-24, nan 
-16.125, -81.375, 1.4545090462149769e-24, nan 
-15.875, -81.375, 1.1567684676401792e-24, nan 
-67.875, -81.125, 5.571560058908122e-24, nan 
-67.625, -81.125, 6.291342511514718e-24, nan 
-67.375, -81.125, 5.329549753122664e-24, nan 
-67.125, -81.125, 4.055342314374616e-24, nan 
-66.875, -81.125, 2.6790378264757827e-24, nan 
-66.625, -81.125, 3.414018651204245e-24, nan 
-66.375, -81.125, 4.6954164657770905e-24, nan 
-66.125, -81.125, 4.125984245283814e-24, nan 
-65.875, -81.125, 4.059963447393778e-24, nan 
-65.625, -81.125, 4.075219379029628e-24, nan 
-65.375, -81.125, 3.732448330686316e-24, nan 
-65.125, -81.125, 3.2148245057180225e-24, nan 
-64.875, -81.125, 2.74606628527834e-24, nan 
-64.625, -81.125, 3.0127136697348864e-24, nan 
-64.375, -81.125, 3.469210428434705e-24, nan 
-64.125, -81.125, 3.1175573353454383e-24, nan 
-63.875, -81.125, 2.981038000096915e-24, nan 
-63.625, -81.125, 3.006299650295893e-24, nan 
-63.375, -81.125, 3.1066391050964813e-24, nan 
-63.125, -81.125, 2.048934788745811e-24, nan 
-62.875, -81.125, 2.304306731352845e-24, nan 
-62.625, -81.125, 2.9937045483770237e-24, nan 
-62.375, -81.125, 2.7957130722208256e-24, nan 
-62.125, -81.125, 2.4870400964701455e-24, nan 
-61.875, -81.125, 2.7496460232606116e-24, nan 
-61.625, -81.125, 3.0967661907799625e-24, nan 
-61.375, -81.125, 2.2192786864070566e-24, nan 
-61.125, -81.125, 3.2129127381048408e-24, nan 
-60.875, -81.125, 3.449004961730986e-24, nan 
-60.625, -81.125, 2.263290304259826e-24, nan 
-60.375, -81.125, 2.434493423053428e-24, nan 
-60.125, -81.125, 1.7375677026368987e-24, nan 
-59.875, -81.125, 2.834955592844667e-24, nan 
-59.625, -81.125, 3.469903997797908e-24, nan 
-59.375, -81.125, 4.246208653709714e-24, nan 
-59.125, -81.125, 2.1320125900421688e-24, nan 
-58.875, -81.125, 2.1174365024823767e-24, nan 
-58.625, -81.125, 2.477053415988435e-24, nan 
-58.375, -81.125, 9.61224215200464e-25, nan 
-58.125, -81.125, 7.864673839423811e-25, nan 
-57.875, -81.125, 6.597263549605181e-25, nan 
-57.625, -81.125, 1.607633232290703e-24, nan 
-57.375, -81.125, 1.5196128627646003e-24, nan 
-57.125, -81.125, 1.0778276571725215e-24, nan 
-56.875, -81.125, 8.338852011874191e-25, nan 
-56.625, -81.125, 7.891880052629649e-25, nan 
-56.375, -81.125, 7.5017126073533175e-25, nan 
-56.125, -81.125, 6.441642510070694e-25, nan 
-55.875, -81.125, 4.217473261469802e-25, nan 
-55.625, -81.125, 3.128419456655654e-25, nan 
-55.375, -81.125, 3.3016130951195167e-25, nan 
-55.125, -81.125, 2.619735718267444e-25, nan 
-54.875, -81.125, 2.29582216260819e-25, nan 
-54.625, -81.125, 2.319154119456171e-25, nan 
-54.375, -81.125, 2.535426399081411e-25, nan 
-54.125, -81.125, 2.4555717207951467e-25, nan 
-53.875, -81.125, 2.5812725194155736e-25, nan 
-53.625, -81.125, 2.0612264215150522e-25, nan 
-53.375, -81.125, 2.0172477603340028e-25, nan 
-53.125, -81.125, 2.1821509478694273e-25, nan 
-52.875, -81.125, 7.1684705776108755e-25, nan 
-52.625, -81.125, 8.933376595662475e-25, nan 
-52.375, -81.125, 5.62222310621285e-25, nan 
-52.125, -81.125, 3.9515621541405517e-25, nan 
-51.875, -81.125, 2.616467467634826e-25, nan 
-51.625, -81.125, 2.0007220977353163e-25, nan 
-51.375, -81.125, 1.109900179424902e-25, nan 
-51.125, -81.125, 1.6596125747531228e-25, nan 
-50.875, -81.125, 2.692331293934589e-25, nan 
-50.625, -81.125, 2.9512944418866836e-25, nan 
-50.375, -81.125, 2.5700952424778395e-25, nan 
-50.125, -81.125, 2.173331945327472e-25, nan 
-49.875, -81.125, 1.5608667046789163e-25, nan 
-49.625, -81.125, 2.0722466173516332e-25, nan 
-49.375, -81.125, 4.833865419393538e-25, nan 
-49.125, -81.125, 5.929792989684146e-25, nan 
-48.875, -81.125, 7.694758848409637e-25, nan 
-48.625, -81.125, 1.2694674247558827e-24, nan 
-48.375, -81.125, 1.4692712165848211e-24, nan 
-48.125, -81.125, 3.570287190565424e-25, nan 
-47.875, -81.125, 8.321381802446863e-25, nan 
-47.625, -81.125, 7.766906098179734e-25, nan 
-47.375, -81.125, 6.033288034066745e-25, nan 
-47.125, -81.125, 5.676683076635469e-25, nan 
-46.875, -81.125, 3.88522379211628e-25, nan 
-46.625, -81.125, 3.698591922131107e-25, nan 
-46.375, -81.125, 5.210467117011776e-25, nan 
-46.125, -81.125, 5.105538717303874e-25, nan 
-45.875, -81.125, 4.007127361252654e-25, nan 
-45.625, -81.125, 5.198815600368302e-25, nan 
-45.375, -81.125, 4.992052012034932e-25, nan 
-45.125, -81.125, 5.467121334876947e-25, nan 
-44.875, -81.125, 5.197133247361787e-25, nan 
-44.625, -81.125, 7.190231202509564e-25, nan 
-44.375, -81.125, 7.942180242755626e-25, nan 
-44.125, -81.125, 7.632964431391599e-25, nan 
-43.875, -81.125, 6.638042892091046e-25, nan 
-43.625, -81.125, 8.026994442775e-25, nan 
-43.375, -81.125, 6.969889526233368e-25, nan 
-43.125, -81.125, 7.552217509069018e-25, nan 
-42.875, -81.125, 8.517898623447648e-25, nan 
-42.625, -81.125, 1.0043635127918286e-24, nan 
-42.375, -81.125, 9.061157175589147e-25, nan 
-42.125, -81.125, 8.262026445799923e-25, nan 
-41.875, -81.125, 6.138802533908937e-25, nan 
-41.625, -81.125, 6.00707277135535e-25, nan 
-41.375, -81.125, 7.5770778646829845e-25, nan 
-41.125, -81.125, 7.190665471073582e-25, nan 
-40.875, -81.125, 1.0725259453765266e-24, nan 
-40.625, -81.125, 1.6918441761309004e-24, nan 
-40.375, -81.125, 1.2415122012960127e-24, nan 
-40.125, -81.125, 1.405797266671009e-24, nan 
-39.875, -81.125, 1.3978504097602441e-24, nan 
-39.625, -81.125, 1.4442461072555491e-24, nan 
-39.375, -81.125, 1.251557371003121e-24, nan 
-39.125, -81.125, 1.4507811408801653e-24, nan 
-38.875, -81.125, 2.644024561162297e-24, nan 
-38.625, -81.125, 2.1081987582050947e-24, nan 
-38.375, -81.125, 1.6380016579866762e-24, nan 
-38.125, -81.125, 2.4203914134114125e-24, nan 
-37.875, -81.125, 1.870346548369823e-24, nan 
-37.625, -81.125, 1.4724716974655066e-24, nan 
-37.375, -81.125, 1.4112829953069935e-24, nan 
-37.125, -81.125, 1.989176010379143e-24, nan 
-36.875, -81.125, 1.7054041249634157e-24, nan 
-36.625, -81.125, 2.026310289069654e-24, nan 
-36.375, -81.125, 2.3697242587692265e-24, nan 
-36.125, -81.125, 1.8492560773109235e-24, nan 
-35.875, -81.125, 1.3985268225843612e-24, nan 
-35.625, -81.125, 1.2724680732365803e-24, nan 
-35.375, -81.125, 8.570557954145543e-25, nan 
-35.125, -81.125, 5.399971509541366e-25, nan 
-34.875, -81.125, 7.068809031203681e-25, nan 
-34.625, -81.125, 3.7603582411137474e-25, nan 
-34.375, -81.125, 3.0770299374383e-25, nan 
-34.125, -81.125, 2.918461986149748e-25, nan 
-33.875, -81.125, 3.8155253695215174e-25, nan 
-33.625, -81.125, 6.7315890983396475e-25, nan 
-33.375, -81.125, 1.0578157284117846e-24, nan 
-33.125, -81.125, 1.1477297953070364e-24, nan 
-32.875, -81.125, 1.1764405807137975e-24, nan 
-32.625, -81.125, 1.2191087842445258e-24, nan 
-32.375, -81.125, 9.471026237217094e-25, nan 
-32.125, -81.125, 5.900818634797137e-25, nan 
-31.875, -81.125, 2.4323504497395914e-25, nan 
-31.625, -81.125, 8.518276322534435e-25, nan 
-31.375, -81.125, 4.889170512726566e-25, nan 
-31.125, -81.125, 9.758883345119422e-25, nan 
-30.875, -81.125, 8.757860268120093e-25, nan 
-30.625, -81.125, 4.616895324024319e-25, nan 
-30.375, -81.125, 6.389449249949302e-25, nan 
-30.125, -81.125, 9.194915689444409e-25, nan 
-29.875, -81.125, 8.494612470192702e-25, nan 
-29.625, -81.125, 8.195034118024484e-25, nan 
-29.375, -81.125, 1.0480287284607595e-24, nan 
-29.125, -81.125, 1.0475455000676163e-24, nan 
-28.875, -81.125, 1.0591653063466535e-24, nan 
-28.625, -81.125, 9.49240354794213e-25, nan 
-28.375, -81.125, 8.883878329702178e-25, nan 
-28.125, -81.125, 7.357662350715914e-25, nan 
-27.875, -81.125, 7.883331047279182e-25, nan 
-27.625, -81.125, 8.215500614036651e-25, nan 
-27.375, -81.125, 8.932229568647217e-25, nan 
-27.125, -81.125, 1.128903416942575e-24, nan 
-26.875, -81.125, 2.0181059988064697e-24, nan 
-26.625, -81.125, 1.7940811243218843e-24, nan 
-26.375, -81.125, 1.200057305574516e-24, nan 
-26.125, -81.125, 1.1194207680167163e-24, nan 
-25.875, -81.125, 1.0271223878596106e-24, nan 
-25.625, -81.125, 7.944853891915814e-25, nan 
-25.375, -81.125, 7.241275060346028e-25, nan 
-25.125, -81.125, 7.521354347374157e-25, nan 
-24.875, -81.125, 6.358822715897679e-25, nan 
-24.625, -81.125, 5.561205929503511e-25, nan 
-24.375, -81.125, 3.704211417695106e-25, nan 
-24.125, -81.125, 4.494384576346236e-25, nan 
-23.875, -81.125, 5.367879300129353e-25, nan 
-23.625, -81.125, 7.309492001418379e-25, nan 
-23.375, -81.125, 8.66859346192733e-25, nan 
-23.125, -81.125, 1.0674665800517482e-24, nan 
-22.875, -81.125, 1.0337570057047574e-24, nan 
-22.625, -81.125, 9.335207729542928e-25, nan 
-22.375, -81.125, 1.0056819241725432e-24, nan 
-22.125, -81.125, 1.7283420878373225e-24, nan 
-21.875, -81.125, 3.349512034193423e-24, nan 
-21.625, -81.125, 5.182872825954516e-24, nan 
-21.375, -81.125, 5.3870402288404535e-24, nan 
-21.125, -81.125, 5.99120935144053e-24, nan 
-20.875, -81.125, 7.283256365863975e-24, nan 
-20.625, -81.125, 6.356895094840386e-24, nan 
-20.375, -81.125, 3.707280094168332e-24, nan 
-20.125, -81.125, 7.123395082004377e-24, nan 
-19.875, -81.125, 1.1207006963502482e-23, nan 
-19.625, -81.125, 1.1868567603148199e-23, nan 
-19.375, -81.125, 1.300744494533086e-23, nan 
-19.125, -81.125, 1.615149975534492e-23, nan 
-18.875, -81.125, 1.4624460384473023e-23, nan 
-18.625, -81.125, 9.261817016930345e-24, nan 
-18.375, -81.125, 4.243691410082114e-24, nan 
-18.125, -81.125, 6.1627528680768704e-24, nan 
-17.875, -81.125, 6.724193531422714e-24, nan 
-17.625, -81.125, 7.424069793052228e-24, nan 
-17.375, -81.125, 8.826431476502393e-24, nan 
-17.125, -81.125, 8.186265502277866e-24, nan 
-16.875, -81.125, 5.841868956345528e-24, nan 
-16.625, -81.125, 2.107666555256356e-24, nan 
-16.375, -81.125, 2.230154324651625e-24, nan 
-16.125, -81.125, 1.8522166899729702e-24, nan 
-15.875, -81.125, 1.485122251982706e-24, nan 
-15.625, -81.125, 1.4138606327858694e-24, nan 
-15.375, -81.125, 1.184789055272302e-24, nan 
-15.125, -81.125, 1.025172608660155e-24, nan 
-14.875, -81.125, 1.0128444029707113e-24, nan 
-14.625, -81.125, 1.4202420441349003e-24, nan 
-14.375, -81.125, 1.1115506684247906e-24, nan 
-14.125, -81.125, 8.554349252987791e-25, nan 
-66.625, -80.875, 4.0716230093594455e-24, nan 
-66.375, -80.875, 5.04102864266439e-24, nan 
-66.125, -80.875, 4.3822904907717026e-24, nan 
-65.875, -80.875, 3.870367722289467e-24, nan 
-65.625, -80.875, 3.488382354160256e-24, nan 
-65.375, -80.875, 2.9661625716624416e-24, nan 
-65.125, -80.875, 1.899530783992663e-24, nan 
-64.875, -80.875, 1.0123536637034725e-24, nan 
-64.625, -80.875, 1.2572111732749902e-24, nan 
-64.375, -80.875, 1.5311901340136447e-24, nan 
-64.125, -80.875, 1.7627531820188345e-24, nan 
-63.875, -80.875, 2.2626023010679622e-24, nan 
-63.625, -80.875, 2.603848237858662e-24, nan 
-63.375, -80.875, 1.4091862931699306e-24, nan 
-63.125, -80.875, 1.6465401807972067e-24, nan 
-62.875, -80.875, 3.61809660086432e-24, nan 
-62.625, -80.875, 3.66685574546531e-24, nan 
-62.375, -80.875, 3.0642306151852574e-24, nan 
-62.125, -80.875, 3.62939652333756e-24, nan 
-61.875, -80.875, 4.1350781592349895e-24, nan 
-61.625, -80.875, 4.386990174606927e-24, nan 
-61.375, -80.875, 2.7850487717203033e-24, nan 
-61.125, -80.875, 4.0066855880314986e-24, nan 
-60.875, -80.875, 3.0210977947223038e-24, nan 
-60.625, -80.875, 2.6237114514386056e-24, nan 
-60.375, -80.875, 3.2400571280586132e-24, nan 
-60.125, -80.875, 2.4086374803803504e-24, nan 
-59.875, -80.875, 1.4294646213089708e-24, nan 
-59.625, -80.875, 3.1948168271563213e-24, nan 
-59.375, -80.875, 2.3488837947448306e-24, nan 
-59.125, -80.875, 3.611191428684256e-24, nan 
-58.875, -80.875, 3.6949519216687984e-24, nan 
-58.625, -80.875, 3.2278571545249584e-24, nan 
-58.375, -80.875, 1.8814164653275288e-24, nan 
-58.125, -80.875, 1.1582874926023806e-24, nan 
-57.875, -80.875, 1.913672660097898e-24, nan 
-57.625, -80.875, 7.894362173143123e-25, nan 
-57.375, -80.875, 1.256629244715884e-24, nan 
-57.125, -80.875, 1.485486284133991e-24, nan 
-56.875, -80.875, 1.2108417297121206e-24, nan 
-56.625, -80.875, 1.081664339853411e-24, nan 
-56.375, -80.875, 9.797445144636231e-25, nan 
-56.125, -80.875, 7.208107867646519e-25, nan 
-55.875, -80.875, 5.390491525263733e-25, nan 
-55.625, -80.875, 4.967724908242203e-25, nan 
-55.375, -80.875, 3.7086081295942098e-25, nan 
-55.125, -80.875, 2.695472256011037e-25, nan 
-54.875, -80.875, 2.856919158554771e-25, nan 
-54.625, -80.875, 2.39141365568636e-25, nan 
-54.375, -80.875, 1.055931752483446e-25, nan 
-54.125, -80.875, 4.689185719382922e-25, nan 
-53.875, -80.875, 6.248363555013694e-25, nan 
-53.625, -80.875, 5.116812263154103e-25, nan 
-53.375, -80.875, 4.230933757475705e-25, nan 
-53.125, -80.875, 3.1070328393973364e-25, nan 
-52.875, -80.875, 3.832214628507131e-25, nan 
-52.625, -80.875, 2.9262480230093785e-25, nan 
-52.375, -80.875, 2.0374092182278957e-25, nan 
-52.125, -80.875, 1.826392198010609e-25, nan 
-51.875, -80.875, 2.914564914499689e-25, nan 
-51.625, -80.875, 2.1657378444094085e-25, nan 
-51.375, -80.875, 2.107813083468376e-25, nan 
-51.125, -80.875, 4.0835351125773302e-25, nan 
-50.875, -80.875, 4.654233922745251e-25, nan 
-50.625, -80.875, 2.9434634747419304e-25, nan 
-50.375, -80.875, 9.607429459584487e-25, nan 
-50.125, -80.875, 1.319473949167485e-24, nan 
-49.875, -80.875, 2.7824148407194896e-25, nan 
-49.625, -80.875, 5.530292847439211e-25, nan 
-49.375, -80.875, 7.833442897042073e-25, nan 
-49.125, -80.875, 8.2106152175500365e-25, nan 
-48.875, -80.875, 7.046348801169488e-25, nan 
-48.625, -80.875, 2.0736939701875338e-24, nan 
-48.375, -80.875, 2.733293975708968e-24, nan 
-48.125, -80.875, 4.47501182692288e-25, nan 
-47.875, -80.875, 1.3690130483232531e-24, nan 
-47.625, -80.875, 1.0417864105997404e-24, nan 
-47.375, -80.875, 6.509660384114762e-25, nan 
-47.125, -80.875, 5.621423017673361e-25, nan 
-46.875, -80.875, 1.1078834112327997e-24, nan 
-46.625, -80.875, 1.4627100785800203e-24, nan 
-46.375, -80.875, 5.243883128577039e-25, nan 
-46.125, -80.875, 7.306581217551705e-25, nan 
-45.875, -80.875, 5.767241321366479e-25, nan 
-45.625, -80.875, 4.361593621376e-25, nan 
-45.375, -80.875, 4.642639260939497e-25, nan 
-45.125, -80.875, 5.227722192935076e-25, nan 
-44.875, -80.875, 5.770996835901366e-25, nan 
-44.625, -80.875, 5.543309820662908e-25, nan 
-44.375, -80.875, 5.694142823270132e-25, nan 
-44.125, -80.875, 5.4480976890418525e-25, nan 
-43.875, -80.875, 4.440561731528194e-25, nan 
-43.625, -80.875, 5.560935176788841e-25, nan 
-43.375, -80.875, 5.826626926645558e-25, nan 
-43.125, -80.875, 5.709450364803553e-25, nan 
-42.875, -80.875, 6.709940857414141e-25, nan 
-42.625, -80.875, 8.779037309431522e-25, nan 
-42.375, -80.875, 7.479936251959111e-25, nan 
-42.125, -80.875, 8.872133650106915e-25, nan 
-41.875, -80.875, 4.579099693850897e-25, nan 
-41.625, -80.875, 5.167724907698389e-25, nan 
-41.375, -80.875, 7.408428413119021e-25, nan 
-41.125, -80.875, 1.2622213947192622e-24, nan 
-40.875, -80.875, 1.3932765053285466e-24, nan 
-40.625, -80.875, 1.7108462903212166e-24, nan 
-40.375, -80.875, 2.1072994380515482e-24, nan 
-40.125, -80.875, 1.2299547515607415e-24, nan 
-39.875, -80.875, 1.2953773354433618e-24, nan 
-39.625, -80.875, 1.1645451230368768e-24, nan 
-39.375, -80.875, 1.0990386622268513e-24, nan 
-39.125, -80.875, 1.0064724244455348e-24, nan 
-38.875, -80.875, 1.4370541286581686e-24, nan 
-38.625, -80.875, 1.6915840619880863e-24, nan 
-38.375, -80.875, 1.3478276582200405e-24, nan 
-38.125, -80.875, 2.212159214350668e-24, nan 
-37.875, -80.875, 2.183872921943161e-24, nan 
-37.625, -80.875, 1.7128077410304663e-24, nan 
-37.375, -80.875, 1.3822491108006367e-24, nan 
-37.125, -80.875, 1.2882622293254039e-24, nan 
-36.875, -80.875, 1.6907458796508833e-24, nan 
-36.625, -80.875, 1.6523931274832e-24, nan 
-36.375, -80.875, 2.437132104701449e-24, nan 
-36.125, -80.875, 2.2872994692934164e-24, nan 
-35.875, -80.875, 1.7515325210720755e-24, nan 
-35.625, -80.875, 1.3176019417016722e-24, nan 
-35.375, -80.875, 9.137247676869091e-25, nan 
-35.125, -80.875, 6.038370652352153e-25, nan 
-34.875, -80.875, 6.774735992388973e-25, nan 
-34.625, -80.875, 5.907100297395901e-25, nan 
-34.375, -80.875, 8.276425231111404e-25, nan 
-34.125, -80.875, 8.51666293867045e-25, nan 
-33.875, -80.875, 5.7334413439450025e-25, nan 
-33.625, -80.875, 8.614956149106994e-25, nan 
-33.375, -80.875, 1.4795484049666716e-24, nan 
-33.125, -80.875, 1.4007447467461735e-24, nan 
-32.875, -80.875, 1.5181751700872057e-24, nan 
-32.625, -80.875, 1.4978441984158018e-24, nan 
-32.375, -80.875, 1.2765563988935403e-24, nan 
-32.125, -80.875, 6.126463931132635e-25, nan 
-31.875, -80.875, 1.0872245906195502e-24, nan 
-31.625, -80.875, 1.1369609556087675e-24, nan 
-31.375, -80.875, 6.844228320653519e-25, nan 
-31.125, -80.875, 1.1969900286262276e-24, nan 
-30.875, -80.875, 9.614799290115449e-25, nan 
-30.625, -80.875, 1.6011367015605468e-24, nan 
-30.375, -80.875, 1.7164021690502582e-24, nan 
-30.125, -80.875, 1.8991927656569642e-24, nan 
-29.875, -80.875, 1.7515514518352782e-24, nan 
-29.625, -80.875, 1.8421109649828935e-24, nan 
-29.375, -80.875, 1.898405552571257e-24, nan 
-29.125, -80.875, 1.778437695521464e-24, nan 
-28.875, -80.875, 1.6673467647020937e-24, nan 
-28.625, -80.875, 1.5556762960877263e-24, nan 
-28.375, -80.875, 1.811975780880076e-24, nan 
-28.125, -80.875, 1.813297364512651e-24, nan 
-27.875, -80.875, 2.435811187326174e-24, nan 
-27.625, -80.875, 2.119903284514738e-24, nan 
-27.375, -80.875, 2.4635480954905067e-24, nan 
-27.125, -80.875, 2.4373256180804417e-24, nan 
-26.875, -80.875, 1.9888923115563075e-24, nan 
-26.625, -80.875, 1.957875080667976e-24, nan 
-26.375, -80.875, 1.297061295103992e-24, nan 
-26.125, -80.875, 1.3069958683844674e-24, nan 
-25.875, -80.875, 1.0781778498168036e-24, nan 
-25.625, -80.875, 1.2175659227355384e-24, nan 
-25.375, -80.875, 1.1672913830287187e-24, nan 
-25.125, -80.875, 1.0497823856077434e-24, nan 
-24.875, -80.875, 1.1541776929950168e-24, nan 
-24.625, -80.875, 7.406041128857234e-25, nan 
-24.375, -80.875, 6.904615180074185e-25, nan 
-24.125, -80.875, 6.831063061434345e-25, nan 
-23.875, -80.875, 6.4486865694741885e-25, nan 
-23.625, -80.875, 5.279592931379451e-25, nan 
-23.375, -80.875, 5.198910875020313e-25, nan 
-23.125, -80.875, 6.081605738597202e-25, nan 
-22.875, -80.875, 6.266334824395391e-25, nan 
-22.625, -80.875, 9.237847200681338e-25, nan 
-22.375, -80.875, 7.354526119398761e-25, nan 
-22.125, -80.875, 6.580102170797255e-25, nan 
-21.875, -80.875, 3.0476109027779e-25, nan 
-21.625, -80.875, 4.174448047093399e-25, nan 
-21.375, -80.875, 6.104094818379902e-25, nan 
-21.125, -80.875, 1.1137547170395819e-24, nan 
-20.875, -80.875, 1.5321782279196371e-24, nan 
-20.625, -80.875, 1.3470868405841848e-24, nan 
-20.375, -80.875, 1.2540318686754828e-24, nan 
-20.125, -80.875, 3.3979747723376116e-24, nan 
-19.875, -80.875, 5.5626550730598496e-24, nan 
-19.625, -80.875, 5.9257690474627985e-24, nan 
-19.375, -80.875, 6.667904018043671e-24, nan 
-19.125, -80.875, 8.394708156962778e-24, nan 
-18.875, -80.875, 7.444211234358639e-24, nan 
-18.625, -80.875, 4.474236918877171e-24, nan 
-18.375, -80.875, 6.452733983929572e-25, nan 
-18.125, -80.875, 8.816272808469998e-25, nan 
-17.875, -80.875, 1.0948502990306444e-24, nan 
-17.625, -80.875, 1.2430118737584739e-24, nan 
-17.375, -80.875, 1.4430328926316259e-24, nan 
-17.125, -80.875, 2.1044416770058255e-24, nan 
-16.875, -80.875, 2.620374503751664e-24, nan 
-16.625, -80.875, 1.8948851857771216e-24, nan 
-16.375, -80.875, 1.4359589804178892e-24, nan 
-16.125, -80.875, 1.6276500538932253e-24, nan 
-15.875, -80.875, 1.7061447039609006e-24, nan 
-15.625, -80.875, 1.5942817207965598e-24, nan 
-15.375, -80.875, 1.745908722692217e-24, nan 
-15.125, -80.875, 1.9494811998095698e-24, nan 
-14.875, -80.875, 1.5158869290796352e-24, nan 
-14.625, -80.875, 1.4005224583738118e-24, nan 
-14.375, -80.875, 1.3382359590159314e-24, nan 
-14.125, -80.875, 1.3000236611842632e-24, nan 
-13.875, -80.875, 1.0384467213693297e-24, nan 
-13.625, -80.875, 9.187948128653007e-25, nan 
-13.375, -80.875, 7.524801809518478e-25, nan 
-13.125, -80.875, 6.30990508957221e-25, nan 
-12.875, -80.875, 6.083024554358402e-25, nan 
-12.625, -80.875, 5.294458046332963e-25, nan 
-12.375, -80.875, 5.096684463240335e-25, nan 
-65.625, -80.625, 3.631793755414773e-24, nan 
-65.375, -80.625, 1.7966580279808634e-24, nan 
-65.125, -80.625, 1.2179720516661017e-24, nan 
-64.875, -80.625, 2.3552595822343255e-24, nan 
-64.625, -80.625, 3.9321254408832346e-24, nan 
-64.375, -80.625, 4.324115264697853e-24, nan 
-64.125, -80.625, 4.112784431869198e-24, nan 
-63.875, -80.625, 4.935169758828652e-24, nan 
-63.625, -80.625, 5.1529472994634804e-24, nan 
-63.375, -80.625, 5.210385472694756e-24, nan 
-63.125, -80.625, 3.496386214627283e-24, nan 
-62.875, -80.625, 5.209474010966203e-24, nan 
-62.625, -80.625, 5.61117367963787e-24, nan 
-62.375, -80.625, 5.33352148913165e-24, nan 
-62.125, -80.625, 6.871550281930944e-24, nan 
-61.875, -80.625, 7.580042299506065e-24, nan 
-61.625, -80.625, 8.332413342360275e-24, nan 
-61.375, -80.625, 5.158667135674721e-24, nan 
-61.125, -80.625, 5.197126341050054e-24, nan 
-60.875, -80.625, 2.75220733985718e-24, nan 
-60.625, -80.625, 2.6680934109769452e-24, nan 
-60.375, -80.625, 4.685310114669624e-24, nan 
-60.125, -80.625, 5.60244852285188e-24, nan 
-59.875, -80.625, 5.81652465445955e-24, nan 
-59.625, -80.625, 4.5290426676290556e-24, nan 
-59.375, -80.625, 3.4945821389085415e-24, nan 
-59.125, -80.625, 4.903191494394203e-24, nan 
-58.875, -80.625, 3.744162535095547e-24, nan 
-58.625, -80.625, 1.8181674168814244e-24, nan 
-58.375, -80.625, 1.6675436888038102e-24, nan 
-58.125, -80.625, 9.934583893769666e-25, nan 
-57.875, -80.625, 8.419003066931877e-25, nan 
-57.625, -80.625, 1.392361715226006e-24, nan 
-57.375, -80.625, 1.3872018005964922e-24, nan 
-57.125, -80.625, 9.025929129901295e-25, nan 
-56.875, -80.625, 5.826552411186661e-25, nan 
-56.625, -80.625, 1.161975645794761e-24, nan 
-56.375, -80.625, 9.237750979414613e-25, nan 
-56.125, -80.625, 7.878359727881162e-25, nan 
-55.875, -80.625, 7.550902534577871e-25, nan 
-55.625, -80.625, 7.318004004815914e-25, nan 
-55.375, -80.625, 6.600345233591159e-25, nan 
-55.125, -80.625, 7.3365060801316775e-25, nan 
-54.875, -80.625, 5.901325639030173e-25, nan 
-54.625, -80.625, 8.206602398166573e-25, nan 
-54.375, -80.625, 8.765553370416785e-25, nan 
-54.125, -80.625, 7.405367098571729e-25, nan 
-53.875, -80.625, 8.565515386923732e-25, nan 
-53.625, -80.625, 6.822992723634937e-25, nan 
-53.375, -80.625, 6.003931260232352e-25, nan 
-53.125, -80.625, 4.719615309580215e-25, nan 
-52.875, -80.625, 5.7931551511502885e-25, nan 
-52.625, -80.625, 4.653775961055541e-25, nan 
-52.375, -80.625, 4.770618008034022e-25, nan 
-52.125, -80.625, 5.300895448109051e-25, nan 
-51.875, -80.625, 4.268591309783249e-25, nan 
-51.625, -80.625, 3.9842707975494407e-25, nan 
-51.375, -80.625, 3.700661476553517e-25, nan 
-51.125, -80.625, 4.817532923857595e-25, nan 
-50.875, -80.625, 4.07889891671494e-25, nan 
-50.625, -80.625, 4.457144931190585e-25, nan 
-50.375, -80.625, 4.414179312263362e-25, nan 
-50.125, -80.625, 3.540665673471473e-25, nan 
-49.875, -80.625, 3.074114895111392e-25, nan 
-49.625, -80.625, 3.629633178492059e-25, nan 
-49.375, -80.625, 6.284372249279011e-25, nan 
-49.125, -80.625, 6.984389033321693e-25, nan 
-48.875, -80.625, 2.9449886574056534e-25, nan 
-48.625, -80.625, 8.739147341867123e-25, nan 
-48.375, -80.625, 1.2877272084960003e-24, nan 
-48.125, -80.625, 4.613134339058956e-25, nan 
-47.875, -80.625, 9.519233014639198e-25, nan 
-47.625, -80.625, 6.729693806134987e-25, nan 
-47.375, -80.625, 5.727571987465043e-25, nan 
-47.125, -80.625, 5.480840035603812e-25, nan 
-46.875, -80.625, 4.634955247986953e-25, nan 
-46.625, -80.625, 5.666973056591486e-25, nan 
-46.375, -80.625, 5.873649877284125e-25, nan 
-46.125, -80.625, 5.868483209514536e-25, nan 
-45.875, -80.625, 5.50439727541944e-25, nan 
-45.625, -80.625, 5.136480397654735e-25, nan 
-45.375, -80.625, 5.148827602575982e-25, nan 
-45.125, -80.625, 5.2946437325403535e-25, nan 
-44.875, -80.625, 6.929368713342802e-25, nan 
-44.625, -80.625, 6.084306835536276e-25, nan 
-44.375, -80.625, 7.774890051600213e-25, nan 
-44.125, -80.625, 5.446330905977265e-25, nan 
-43.875, -80.625, 4.8544555322819035e-25, nan 
-43.625, -80.625, 3.8636083590602056e-25, nan 
-43.375, -80.625, 2.9482584182624837e-25, nan 
-43.125, -80.625, 1.0973366978072322e-25, nan 
-42.875, -80.625, 2.5825756901475547e-25, nan 
-42.625, -80.625, 1.0617351524986546e-24, nan 
-42.375, -80.625, 4.453007689550053e-25, nan 
-42.125, -80.625, 6.1439774644799195e-25, nan 
-41.875, -80.625, 8.749937239667178e-25, nan 
-41.625, -80.625, 9.321331820595515e-25, nan 
-41.375, -80.625, 7.9065506095920865e-25, nan 
-41.125, -80.625, 1.1034659501230956e-24, nan 
-40.875, -80.625, 1.1878895568590315e-24, nan 
-40.625, -80.625, 1.4993177747532562e-24, nan 
-40.375, -80.625, 1.8416532740619585e-24, nan 
-40.125, -80.625, 1.5732255791364902e-24, nan 
-39.875, -80.625, 1.7024446079993002e-24, nan 
-39.625, -80.625, 1.1596738657416995e-24, nan 
-39.375, -80.625, 1.1130339631592413e-24, nan 
-39.125, -80.625, 9.071744977345843e-25, nan 
-38.875, -80.625, 1.0562330884938117e-24, nan 
-38.625, -80.625, 8.686331097787684e-25, nan 
-38.375, -80.625, 9.420473822160544e-25, nan 
-38.125, -80.625, 1.320950952807217e-24, nan 
-37.875, -80.625, 1.5464025043388494e-24, nan 
-37.625, -80.625, 1.4799517290556755e-24, nan 
-37.375, -80.625, 1.328729130974457e-24, nan 
-37.125, -80.625, 1.580602467921124e-24, nan 
-36.875, -80.625, 1.973141858245087e-24, nan 
-36.625, -80.625, 1.9371248431759405e-24, nan 
-36.375, -80.625, 1.741044318907891e-24, nan 
-36.125, -80.625, 1.461364542850225e-24, nan 
-35.875, -80.625, 1.5746739957709352e-24, nan 
-35.625, -80.625, 1.8144875930012373e-24, nan 
-35.375, -80.625, 1.4169767219188213e-24, nan 
-35.125, -80.625, 2.2127931024170353e-24, nan 
-34.875, -80.625, 2.1639118678201105e-24, nan 
-34.625, -80.625, 1.3885454241651977e-24, nan 
-34.375, -80.625, 8.693985096024348e-25, nan 
-34.125, -80.625, 7.004028814473877e-25, nan 
-33.875, -80.625, 8.867952446332982e-25, nan 
-33.625, -80.625, 1.1612638892615177e-24, nan 
-33.375, -80.625, 2.2428516585363643e-24, nan 
-33.125, -80.625, 2.746897945547153e-24, nan 
-32.875, -80.625, 1.7945748714855414e-24, nan 
-32.625, -80.625, 1.864135001353041e-24, nan 
-32.375, -80.625, 2.995315849288493e-25, nan 
-32.125, -80.625, 1.3422368020744807e-24, nan 
-31.875, -80.625, 1.0927580996065729e-24, nan 
-31.625, -80.625, 1.5224706521102936e-24, nan 
-31.375, -80.625, 2.9293093593526797e-24, nan 
-31.125, -80.625, 2.123316820201759e-24, nan 
-30.875, -80.625, 3.1633202502687656e-24, nan 
-30.625, -80.625, 1.5226491918533272e-24, nan 
-30.375, -80.625, 1.951366765240052e-24, nan 
-30.125, -80.625, 1.96591446091425e-24, nan 
-29.875, -80.625, 1.9612496181702934e-24, nan 
-29.625, -80.625, 2.4428211694464856e-24, nan 
-29.375, -80.625, 1.957792841201542e-24, nan 
-29.125, -80.625, 2.169398992647125e-24, nan 
-28.875, -80.625, 1.068630457530537e-24, nan 
-28.625, -80.625, 1.5138575235069278e-24, nan 
-28.375, -80.625, 1.8198304086696475e-24, nan 
-28.125, -80.625, 1.971743243065789e-24, nan 
-27.875, -80.625, 2.3143219232248272e-24, nan 
-27.625, -80.625, 1.9980557333128177e-24, nan 
-27.375, -80.625, 2.176236495039401e-24, nan 
-27.125, -80.625, 2.1440068993145286e-24, nan 
-26.875, -80.625, 6.3576345801294065e-25, nan 
-26.625, -80.625, 7.19305704880923e-25, nan 
-26.375, -80.625, 1.0997258241427509e-24, nan 
-26.125, -80.625, 9.622826428351889e-25, nan 
-25.875, -80.625, 9.707664078933071e-25, nan 
-25.625, -80.625, 9.576085735155174e-25, nan 
-25.375, -80.625, 9.954164161524702e-25, nan 
-25.125, -80.625, 8.929990836309936e-25, nan 
-24.875, -80.625, 1.0118549748603365e-24, nan 
-24.625, -80.625, 8.309565460838873e-25, nan 
-24.375, -80.625, 7.659347029466835e-25, nan 
-24.125, -80.625, 7.839753811660944e-25, nan 
-23.875, -80.625, 7.784610225358817e-25, nan 
-23.625, -80.625, 5.613351135992803e-25, nan 
-23.375, -80.625, 4.701468680932237e-25, nan 
-23.125, -80.625, 5.632593895799767e-25, nan 
-22.875, -80.625, 4.728798578055368e-25, nan 
-22.625, -80.625, 4.21979318033783e-25, nan 
-22.375, -80.625, 3.5012614757981617e-25, nan 
-22.125, -80.625, 3.66865110329657e-25, nan 
-21.875, -80.625, 4.151330457187594e-25, nan 
-21.625, -80.625, 7.226505625859073e-25, nan 
-21.375, -80.625, 5.325457321090231e-25, nan 
-21.125, -80.625, 6.548681883818905e-25, nan 
-20.875, -80.625, 7.618955258967043e-25, nan 
-20.625, -80.625, 7.857179927010254e-25, nan 
-20.375, -80.625, 6.118098834882487e-25, nan 
-20.125, -80.625, 7.267297383533695e-25, nan 
-19.875, -80.625, 1.4154478083815377e-24, nan 
-19.625, -80.625, 1.2071565231836957e-24, nan 
-19.375, -80.625, 1.106724977105635e-24, nan 
-19.125, -80.625, 9.814951631024315e-25, nan 
-18.875, -80.625, 6.325566672599516e-25, nan 
-18.625, -80.625, 5.271378369117717e-25, nan 
-18.375, -80.625, 5.983117058767308e-25, nan 
-18.125, -80.625, 1.0297512428090666e-24, nan 
-17.875, -80.625, 9.790811139804499e-25, nan 
-17.625, -80.625, 8.757576535190145e-25, nan 
-17.375, -80.625, 1.0950595212286658e-24, nan 
-17.125, -80.625, 1.4991490766990022e-24, nan 
-16.875, -80.625, 1.8918200172460147e-24, nan 
-16.625, -80.625, 2.1709607609227405e-24, nan 
-16.375, -80.625, 2.0284995516481994e-24, nan 
-16.125, -80.625, 2.1243529467281194e-24, nan 
-15.875, -80.625, 1.947843721189604e-24, nan 
-15.625, -80.625, 1.1857877778005147e-24, nan 
-15.375, -80.625, 1.6189863114687516e-24, nan 
-15.125, -80.625, 1.941359355230792e-24, nan 
-14.875, -80.625, 2.100539134781397e-24, nan 
-14.625, -80.625, 1.9439652346524894e-24, nan 
-14.375, -80.625, 1.981893756007725e-24, nan 
-14.125, -80.625, 1.6367650905259219e-24, nan 
-13.875, -80.625, 9.944652475808395e-25, nan 
-13.625, -80.625, 4.674267437070808e-25, nan 
-13.375, -80.625, 3.5152148349704003e-25, nan 
-13.125, -80.625, 2.6101541859216005e-25, nan 
-12.875, -80.625, 2.944026503596954e-25, nan 
-12.625, -80.625, 2.736452792562044e-25, nan 
-12.375, -80.625, 2.593997947384435e-25, nan 
-12.125, -80.625, 3.3174261983467015e-25, nan 
-11.875, -80.625, 3.231394550668818e-25, nan 
-11.625, -80.625, 5.661757966381788e-25, nan 
-11.375, -80.625, 7.310157319091297e-25, nan 
-11.125, -80.625, 7.782222016631566e-25, nan 
-10.875, -80.625, 8.813904641325081e-25, nan 
-64.375, -80.375, 4.156611464396112e-24, nan 
-64.125, -80.375, 5.226407062881172e-24, nan 
-63.875, -80.375, 6.4448075967550344e-24, nan 
-63.625, -80.375, 7.151086722227515e-24, nan 
-63.375, -80.375, 5.165809449820584e-24, nan 
-63.125, -80.375, 5.2011434308186116e-24, nan 
-62.875, -80.375, 5.060288720431741e-24, nan 
-62.625, -80.375, 6.217163969725452e-24, nan 
-62.375, -80.375, 7.234087846288481e-24, nan 
-62.125, -80.375, 3.89203035636688e-24, nan 
-61.875, -80.375, 5.1557162756867875e-24, nan 
-61.625, -80.375, 2.6165670862888833e-24, nan 
-61.375, -80.375, 2.5778794792813562e-24, nan 
-61.125, -80.375, 2.904255740435119e-24, nan 
-60.875, -80.375, 3.535443715001144e-24, nan 
-60.625, -80.375, 5.8463097325478225e-24, nan 
-60.375, -80.375, 7.220066851624682e-24, nan 
-60.125, -80.375, 7.018858383968527e-24, nan 
-59.875, -80.375, 5.8888667396167206e-24, nan 
-59.625, -80.375, 4.910955019859493e-24, nan 
-59.375, -80.375, 5.151302171166836e-24, nan 
-59.125, -80.375, 1.004368377235727e-23, nan 
-58.875, -80.375, 8.227867499764165e-24, nan 
-58.625, -80.375, 8.218442839524238e-24, nan 
-58.375, -80.375, 4.062985951953834e-24, nan 
-58.125, -80.375, 1.6233678537766902e-24, nan 
-57.875, -80.375, 2.265343705673372e-24, nan 
-57.625, -80.375, 2.0508993201497383e-24, nan 
-57.375, -80.375, 1.7192997983889993e-24, nan 
-57.125, -80.375, 1.4893692706315868e-24, nan 
-56.875, -80.375, 9.856769551441396e-25, nan 
-56.625, -80.375, 8.12727357232592e-25, nan 
-56.375, -80.375, 6.109308122234878e-25, nan 
-56.125, -80.375, 6.19245839184362e-25, nan 
-55.875, -80.375, 7.025734416565819e-25, nan 
-55.625, -80.375, 7.818202188554757e-25, nan 
-55.375, -80.375, 7.461406671983431e-25, nan 
-55.125, -80.375, 7.323816128100785e-25, nan 
-54.875, -80.375, 6.914942289372502e-25, nan 
-54.625, -80.375, 9.097907726465265e-25, nan 
-54.375, -80.375, 1.0643637647854254e-24, nan 
-54.125, -80.375, 7.89736897648792e-25, nan 
-53.875, -80.375, 6.858063987225306e-25, nan 
-53.625, -80.375, 6.894924605521232e-25, nan 
-53.375, -80.375, 7.1690601482807495e-25, nan 
-53.125, -80.375, 7.592973806487387e-25, nan 
-52.875, -80.375, 8.981629795255221e-25, nan 
-52.625, -80.375, 8.513648695577648e-25, nan 
-52.375, -80.375, 6.5815025369079125e-25, nan 
-52.125, -80.375, 1.0982225545011677e-24, nan 
-51.875, -80.375, 1.722038756112693e-24, nan 
-51.625, -80.375, 1.4630448332858334e-24, nan 
-51.375, -80.375, 3.6428064239577794e-25, nan 
-51.125, -80.375, 7.070710605421014e-25, nan 
-50.875, -80.375, 7.769068969003143e-25, nan 
-50.625, -80.375, 5.6554802442039225e-25, nan 
-50.375, -80.375, 5.572802484569957e-25, nan 
-50.125, -80.375, 4.060317155914391e-25, nan 
-49.875, -80.375, 3.7646282383688567e-25, nan 
-49.625, -80.375, 6.020007282744879e-25, nan 
-49.375, -80.375, 5.349557902635018e-25, nan 
-49.125, -80.375, 5.633822099287309e-25, nan 
-48.875, -80.375, 4.204310309107098e-25, nan 
-48.625, -80.375, 3.585784513962317e-25, nan 
-48.375, -80.375, 2.504608291803668e-25, nan 
-48.125, -80.375, 4.266894743813226e-25, nan 
-47.875, -80.375, 4.010812911737891e-25, nan 
-47.625, -80.375, 2.1919826594574335e-25, nan 
-47.375, -80.375, 5.177125886189783e-25, nan 
-47.125, -80.375, 3.4592847450508244e-25, nan 
-46.875, -80.375, 2.875690074519909e-25, nan 
-46.625, -80.375, 3.7787724731242734e-25, nan 
-46.375, -80.375, 5.44696029914016e-25, nan 
-46.125, -80.375, 5.253194225446226e-25, nan 
-45.875, -80.375, 6.740099506249734e-25, nan 
-45.625, -80.375, 6.391702393966135e-25, nan 
-45.375, -80.375, 6.217365902464506e-25, nan 
-45.125, -80.375, 5.984559287593903e-25, nan 
-44.875, -80.375, 5.528502560481834e-25, nan 
-44.625, -80.375, 7.977612448388053e-25, nan 
-44.375, -80.375, 7.0684216607824755e-25, nan 
-44.125, -80.375, 6.4743175431849775e-25, nan 
-43.875, -80.375, 5.63634131154654e-25, nan 
-43.625, -80.375, 5.512856553284263e-25, nan 
-43.375, -80.375, 4.1326868154593565e-25, nan 
-43.125, -80.375, 3.0149778268768906e-25, nan 
-42.875, -80.375, 6.228437457379719e-25, nan 
-42.625, -80.375, 8.932675303161177e-25, nan 
-42.375, -80.375, 8.628694836221663e-25, nan 
-42.125, -80.375, 1.073392662599742e-24, nan 
-41.875, -80.375, 9.715594823533537e-25, nan 
-41.625, -80.375, 1.025610557999812e-24, nan 
-41.375, -80.375, 1.0433254401568958e-24, nan 
-41.125, -80.375, 9.564094439113995e-25, nan 
-40.875, -80.375, 1.15697459149714e-24, nan 
-40.625, -80.375, 1.0434180842104187e-24, nan 
-40.375, -80.375, 1.0226033859070863e-24, nan 
-40.125, -80.375, 1.0631940557653495e-24, nan 
-39.875, -80.375, 1.0253340657725582e-24, nan 
-39.625, -80.375, 6.804740168439778e-25, nan 
-39.375, -80.375, 8.081475139249245e-25, nan 
-39.125, -80.375, 8.625786100178776e-25, nan 
-38.875, -80.375, 1.051849246885793e-24, nan 
-38.625, -80.375, 1.305888303346407e-24, nan 
-38.375, -80.375, 1.659278067722589e-24, nan 
-38.125, -80.375, 1.8667504132389e-24, nan 
-37.875, -80.375, 2.125131017698913e-24, nan 
-37.625, -80.375, 2.2153641908625182e-24, nan 
-37.375, -80.375, 1.932727749930432e-24, nan 
-37.125, -80.375, 1.846464870955742e-24, nan 
-36.875, -80.375, 2.6742395506013745e-24, nan 
-36.625, -80.375, 2.5310665565682294e-24, nan 
-36.375, -80.375, 2.3725072495539232e-24, nan 
-36.125, -80.375, 1.783857831020146e-24, nan 
-35.875, -80.375, 1.2919481241649182e-24, nan 
-35.625, -80.375, 2.776493884980723e-24, nan 
-35.375, -80.375, 1.33060303788996e-24, nan 
-35.125, -80.375, 1.622005762671454e-24, nan 
-34.875, -80.375, 1.817625232893374e-24, nan 
-34.625, -80.375, 2.0294580677655355e-24, nan 
-34.375, -80.375, 2.6488650783099458e-24, nan 
-34.125, -80.375, 1.645780179320794e-24, nan 
-33.875, -80.375, 1.6297404867862714e-24, nan 
-33.625, -80.375, 1.618499740141989e-24, nan 
-33.375, -80.375, 1.4042699751693723e-24, nan 
-33.125, -80.375, 1.427531245116801e-24, nan 
-32.875, -80.375, 1.1275037811677579e-24, nan 
-32.625, -80.375, 2.042623828641926e-24, nan 
-32.375, -80.375, 1.6648161252537056e-24, nan 
-32.125, -80.375, 1.5209832519427256e-24, nan 
-31.875, -80.375, 1.11465150510156e-24, nan 
-31.625, -80.375, 1.257270626185952e-24, nan 
-31.375, -80.375, 2.356934395159206e-24, nan 
-31.125, -80.375, 1.863870335161906e-24, nan 
-30.875, -80.375, 2.483923717296303e-24, nan 
-30.625, -80.375, 9.535046571875047e-25, nan 
-30.375, -80.375, 7.500529374587611e-25, nan 
-30.125, -80.375, 1.2340146142100138e-24, nan 
-29.875, -80.375, 1.3737848236924286e-24, nan 
-29.625, -80.375, 1.198128676131298e-24, nan 
-29.375, -80.375, 9.08003897928262e-25, nan 
-29.125, -80.375, 7.556701422169212e-25, nan 
-28.875, -80.375, 8.36906227523993e-25, nan 
-28.625, -80.375, 1.0813170043299052e-24, nan 
-28.375, -80.375, 1.194015773738747e-24, nan 
-28.125, -80.375, 1.069524206681264e-24, nan 
-27.875, -80.375, 8.58117714791945e-25, nan 
-27.625, -80.375, 6.643131600850257e-25, nan 
-27.375, -80.375, 5.431599921098454e-25, nan 
-27.125, -80.375, 4.1760370779098845e-25, nan 
-26.875, -80.375, 4.0146756502882534e-25, nan 
-26.625, -80.375, 3.5996293002350104e-25, nan 
-26.375, -80.375, 3.301510912025379e-25, nan 
-26.125, -80.375, 3.650047659045831e-25, nan 
-25.875, -80.375, 3.245597612107744e-25, nan 
-25.625, -80.375, 3.068563381533774e-25, nan 
-25.375, -80.375, 3.130537332906847e-25, nan 
-25.125, -80.375, 3.2900914158542205e-25, nan 
-24.875, -80.375, 3.5569875077881583e-25, nan 
-24.625, -80.375, 4.021198587245299e-25, nan 
-24.375, -80.375, 3.99989276339886e-25, nan 
-24.125, -80.375, 5.90853076695047e-25, nan 
-23.875, -80.375, 5.855846909072343e-25, nan 
-23.625, -80.375, 5.126245418762976e-25, nan 
-23.375, -80.375, 5.029622992141419e-25, nan 
-23.125, -80.375, 4.8520324697762745e-25, nan 
-22.875, -80.375, 8.810635400778853e-25, nan 
-22.625, -80.375, 7.849990378938089e-25, nan 
-22.375, -80.375, 8.165137689208286e-25, nan 
-22.125, -80.375, 8.757399171412345e-25, nan 
-21.875, -80.375, 7.202365689872297e-25, nan 
-21.625, -80.375, 7.261369757361558e-25, nan 
-21.375, -80.375, 9.651948333935067e-25, nan 
-21.125, -80.375, 8.877695286870078e-25, nan 
-20.875, -80.375, 9.032041869397345e-25, nan 
-20.625, -80.375, 8.996710728257861e-25, nan 
-20.375, -80.375, 7.710962796004211e-25, nan 
-20.125, -80.375, 8.80872233133289e-25, nan 
-19.875, -80.375, 6.336232049360102e-25, nan 
-19.625, -80.375, 7.515360587401383e-25, nan 
-19.375, -80.375, 1.0777358450806373e-24, nan 
-19.125, -80.375, 1.2337448879983844e-24, nan 
-18.875, -80.375, 1.2198910542194175e-24, nan 
-18.625, -80.375, 1.8272678418280614e-24, nan 
-18.375, -80.375, 3.1682917711519945e-24, nan 
-18.125, -80.375, 4.120588454345893e-24, nan 
-17.875, -80.375, 3.6291922383614775e-24, nan 
-17.625, -80.375, 4.2737870609918716e-24, nan 
-17.375, -80.375, 4.4818342179997625e-24, nan 
-17.125, -80.375, 3.092779173450323e-24, nan 
-16.875, -80.375, 1.982605518757741e-24, nan 
-16.625, -80.375, 2.616362718097759e-24, nan 
-16.375, -80.375, 2.4431932233004994e-24, nan 
-16.125, -80.375, 2.584972756399958e-24, nan 
-15.875, -80.375, 2.5236146137710916e-24, nan 
-15.625, -80.375, 2.266125124185987e-24, nan 
-15.375, -80.375, 2.7224504424827466e-24, nan 
-15.125, -80.375, 2.517247710237081e-24, nan 
-14.875, -80.375, 2.589235780092053e-24, nan 
-14.625, -80.375, 2.2142741097302613e-24, nan 
-14.375, -80.375, 2.2418381930058164e-24, nan 
-14.125, -80.375, 1.686836783990174e-24, nan 
-13.875, -80.375, 1.5552877756291683e-24, nan 
-13.625, -80.375, 1.9051200151630457e-24, nan 
-13.375, -80.375, 2.5242638968256117e-24, nan 
-13.125, -80.375, 2.3745847154351303e-24, nan 
-12.875, -80.375, 2.6129990440107696e-24, nan 
-12.625, -80.375, 6.404029341355425e-25, nan 
-12.375, -80.375, 5.202223836468394e-25, nan 
-12.125, -80.375, 4.222553954534287e-25, nan 
-11.875, -80.375, 5.6142711913746725e-25, nan 
-11.625, -80.375, 6.425381655623558e-25, nan 
-11.375, -80.375, 7.6904655397058315e-25, nan 
-11.125, -80.375, 9.532152142904342e-25, nan 
-10.875, -80.375, 9.540875080772983e-25, nan 
-10.625, -80.375, 9.949539072444346e-25, nan 
-10.375, -80.375, 1.0738214470431307e-24, nan 
-10.125, -80.375, 1.428048146475511e-24, nan 
-9.875, -80.375, 1.2442618533709699e-24, nan 
-9.625, -80.375, 9.358249867700001e-25, nan 
-63.375, -80.125, 6.2491385916661236e-24, nan 
-63.125, -80.125, 5.500797198519443e-24, nan 
-62.875, -80.125, 4.941398103699334e-24, nan 
-62.625, -80.125, 3.764886836301871e-24, nan 
-62.375, -80.125, 3.4601804484375036e-24, nan 
-62.125, -80.125, 3.337617224321116e-24, nan 
-61.875, -80.125, 4.763795284961731e-24, nan 
-61.625, -80.125, 4.322229236786015e-24, nan 
-61.375, -80.125, 4.066173866763021e-24, nan 
-61.125, -80.125, 3.822110872936503e-24, nan 
-60.875, -80.125, 2.904301473156669e-24, nan 
-60.625, -80.125, 5.560823048365685e-24, nan 
-60.375, -80.125, 5.069271434371135e-24, nan 
-60.125, -80.125, 3.79060757887663e-24, nan 
-59.875, -80.125, 4.33905625238056e-24, nan 
-59.625, -80.125, 3.4164318289397834e-24, nan 
-59.375, -80.125, 6.699989810293776e-24, nan 
-59.125, -80.125, 8.845200917387326e-24, nan 
-58.875, -80.125, 6.940208868578762e-24, nan 
-58.625, -80.125, 9.46719778145568e-24, nan 
-58.375, -80.125, 6.703911315997169e-24, nan 
-58.125, -80.125, 6.5028889597372655e-24, nan 
-57.875, -80.125, 5.697793771002814e-24, nan 
-57.625, -80.125, 4.277445397335582e-24, nan 
-57.375, -80.125, 6.431316369140392e-24, nan 
-57.125, -80.125, 9.357870378105662e-25, nan 
-56.875, -80.125, 6.954037209019949e-25, nan 
-56.625, -80.125, 1.782450774847482e-24, nan 
-56.375, -80.125, 2.9741729054938507e-24, nan 
-56.125, -80.125, 6.312514775349753e-25, nan 
-55.875, -80.125, 9.268883163575044e-25, nan 
-55.625, -80.125, 9.01764019599492e-25, nan 
-55.375, -80.125, 1.0148115727289074e-24, nan 
-55.125, -80.125, 7.837887662854493e-25, nan 
-54.875, -80.125, 8.124746603291832e-25, nan 
-54.625, -80.125, 4.750782753994507e-25, nan 
-54.375, -80.125, 4.0915929526840672e-25, nan 
-54.125, -80.125, 2.298437466999031e-25, nan 
-53.875, -80.125, 3.623652839191398e-25, nan 
-53.625, -80.125, 1.8416444348060933e-24, nan 
-53.375, -80.125, 2.5331721040222343e-24, nan 
-53.125, -80.125, 3.022043565626397e-24, nan 
-52.875, -80.125, 2.8851732012650672e-24, nan 
-52.625, -80.125, 9.439023537903662e-25, nan 
-52.375, -80.125, 7.476319690211354e-25, nan 
-52.125, -80.125, 3.2141230496873083e-24, nan 
-51.875, -80.125, 4.2268483493298115e-24, nan 
-51.625, -80.125, 3.740925637051722e-24, nan 
-51.375, -80.125, 8.85209562523335e-25, nan 
-51.125, -80.125, 1.4966551728670754e-24, nan 
-50.875, -80.125, 2.490174320300633e-24, nan 
-50.625, -80.125, 2.1431840489763908e-24, nan 
-50.375, -80.125, 1.5511279536231264e-24, nan 
-50.125, -80.125, 5.258285001636021e-25, nan 
-49.875, -80.125, 1.1875433638739735e-24, nan 
-49.625, -80.125, 1.4545516621324792e-24, nan 
-49.375, -80.125, 8.146655024131262e-25, nan 
-49.125, -80.125, 5.8488679056312165e-25, nan 
-48.875, -80.125, 6.384093699197047e-25, nan 
-48.625, -80.125, 4.726902497077756e-25, nan 
-48.375, -80.125, 3.6958806927477567e-25, nan 
-48.125, -80.125, 2.6043757930435397e-25, nan 
-47.875, -80.125, 1.8784022669624653e-25, nan 
-47.625, -80.125, 1.3849496975444548e-25, nan 
-47.375, -80.125, 2.753721975624013e-25, nan 
-47.125, -80.125, 3.0900784892267513e-25, nan 
-46.875, -80.125, 3.3287712586136547e-25, nan 
-46.625, -80.125, 2.4644435582005314e-25, nan 
-46.375, -80.125, 2.891426098767007e-25, nan 
-46.125, -80.125, 3.1801027800262065e-25, nan 
-45.875, -80.125, 2.245981359349839e-25, nan 
-45.625, -80.125, 3.0723933356730696e-25, nan 
-45.375, -80.125, 3.091864022471549e-25, nan 
-45.125, -80.125, 3.516080390962691e-25, nan 
-44.875, -80.125, 5.115833976736226e-25, nan 
-44.625, -80.125, 5.192313020838725e-25, nan 
-44.375, -80.125, 5.2097969100713685e-25, nan 
-44.125, -80.125, 6.416114023403572e-25, nan 
-43.875, -80.125, 6.268567988847054e-25, nan 
-43.625, -80.125, 6.245314826742725e-25, nan 
-43.375, -80.125, 4.0101708706832374e-25, nan 
-43.125, -80.125, 5.315650354443556e-25, nan 
-42.875, -80.125, 9.780645901710888e-25, nan 
-42.625, -80.125, 1.167807221046739e-24, nan 
-42.375, -80.125, 1.2346590682741604e-24, nan 
-42.125, -80.125, 1.3987043986797038e-24, nan 
-41.875, -80.125, 1.2549818607349451e-24, nan 
-41.625, -80.125, 1.101354007535907e-24, nan 
-41.375, -80.125, 1.2700495562974001e-24, nan 
-41.125, -80.125, 1.2206023820455607e-24, nan 
-40.875, -80.125, 1.321727864335531e-24, nan 
-40.625, -80.125, 1.4279523022647969e-24, nan 
-40.375, -80.125, 1.5487159544545962e-24, nan 
-40.125, -80.125, 1.1333185202703597e-24, nan 
-39.875, -80.125, 1.3406133952049988e-24, nan 
-39.625, -80.125, 1.7498766293853358e-24, nan 
-39.375, -80.125, 1.779104739965753e-24, nan 
-39.125, -80.125, 1.7626519220588275e-24, nan 
-38.875, -80.125, 1.3943105078726858e-24, nan 
-38.625, -80.125, 1.3134781663236145e-24, nan 
-38.375, -80.125, 1.7649723862694105e-24, nan 
-38.125, -80.125, 1.6139286436613466e-24, nan 
-37.875, -80.125, 1.9387352274013452e-24, nan 
-37.625, -80.125, 2.297980771948318e-24, nan 
-37.375, -80.125, 2.1133861687739654e-24, nan 
-37.125, -80.125, 1.7805168230837425e-24, nan 
-36.875, -80.125, 1.4336764482646475e-24, nan 
-36.625, -80.125, 1.4657348536056564e-24, nan 
-36.375, -80.125, 2.2813646100515673e-24, nan 
-36.125, -80.125, 2.052990674843763e-24, nan 
-35.875, -80.125, 1.1744823228741827e-24, nan 
-35.625, -80.125, 1.6116403177195092e-24, nan 
-35.375, -80.125, 1.788508768975053e-24, nan 
-35.125, -80.125, 1.6600255931021197e-24, nan 
-34.875, -80.125, 1.608289063344495e-24, nan 
-34.625, -80.125, 1.8368041269331032e-24, nan 
-34.375, -80.125, 2.882048646778335e-24, nan 
-34.125, -80.125, 2.1605693487551735e-24, nan 
-33.875, -80.125, 9.994838577501056e-25, nan 
-33.625, -80.125, 8.913717961050751e-25, nan 
-33.375, -80.125, 1.3024829050148855e-24, nan 
-33.125, -80.125, 1.8349442240537144e-24, nan 
-32.875, -80.125, 1.5275384828504414e-24, nan 
-32.625, -80.125, 1.5345307041676203e-24, nan 
-32.375, -80.125, 1.2086565806880376e-24, nan 
-32.125, -80.125, 1.1397579420952813e-24, nan 
-31.875, -80.125, 8.589242736152563e-25, nan 
-31.625, -80.125, 7.346496541673909e-25, nan 
-31.375, -80.125, 7.277483778830694e-25, nan 
-31.125, -80.125, 5.598057950894182e-25, nan 
-30.875, -80.125, 5.722567371129878e-25, nan 
-30.625, -80.125, 4.712298032040985e-25, nan 
-30.375, -80.125, 8.883445757589854e-25, nan 
-30.125, -80.125, 9.97844385197891e-25, nan 
-29.875, -80.125, 1.1799583552296083e-24, nan 
-29.625, -80.125, 1.2759938170049204e-24, nan 
-29.375, -80.125, 1.4925972037178181e-24, nan 
-29.125, -80.125, 1.1567509643548883e-24, nan 
-28.875, -80.125, 1.1921712569765465e-24, nan 
-28.625, -80.125, 1.379156090272682e-24, nan 
-28.375, -80.125, 1.4330593224716223e-24, nan 
-28.125, -80.125, 1.6413978012942215e-24, nan 
-27.875, -80.125, 1.0559771246289908e-24, nan 
-27.625, -80.125, 7.97535033690279e-25, nan 
-27.375, -80.125, 4.670095752734112e-25, nan 
-27.125, -80.125, 3.9470394229115893e-25, nan 
-26.875, -80.125, 3.68716512571154e-25, nan 
-26.625, -80.125, 3.3813298841999967e-25, nan 
-26.375, -80.125, 3.7205064150805993e-25, nan 
-26.125, -80.125, 4.022474874176001e-25, nan 
-25.875, -80.125, 6.028349669620528e-25, nan 
-25.625, -80.125, 9.193404167084028e-25, nan 
-25.375, -80.125, 4.558446628224323e-25, nan 
-25.125, -80.125, 6.009116084427442e-25, nan 
-24.875, -80.125, 8.875133603483406e-25, nan 
-24.625, -80.125, 8.96821614742187e-25, nan 
-24.375, -80.125, 9.423417532842913e-25, nan 
-24.125, -80.125, 1.1200368425875955e-24, nan 
-23.875, -80.125, 1.0278736309811603e-24, nan 
-23.625, -80.125, 4.480085060846034e-25, nan 
-23.375, -80.125, 3.67067461419813e-25, nan 
-23.125, -80.125, 3.758431185160656e-25, nan 
-22.875, -80.125, 6.671733096261744e-25, nan 
-22.625, -80.125, 6.6641019738946715e-25, nan 
-22.375, -80.125, 6.999961144959601e-25, nan 
-22.125, -80.125, 8.320768901719484e-25, nan 
-21.875, -80.125, 8.146568979921779e-25, nan 
-21.625, -80.125, 7.387223733100082e-25, nan 
-21.375, -80.125, 8.50861377558908e-25, nan 
-21.125, -80.125, 6.972875205391767e-25, nan 
-20.875, -80.125, 9.02385750145065e-25, nan 
-20.625, -80.125, 1.0519701265734872e-24, nan 
-20.375, -80.125, 9.898558538520908e-25, nan 
-20.125, -80.125, 8.16509632920334e-25, nan 
-19.875, -80.125, 1.2944423648517234e-24, nan 
-19.625, -80.125, 2.9818727102769997e-24, nan 
-19.375, -80.125, 3.890883082530547e-24, nan 
-19.125, -80.125, 3.1732285161357713e-24, nan 
-18.875, -80.125, 3.888112642045709e-24, nan 
-18.625, -80.125, 3.823425224574424e-24, nan 
-18.375, -80.125, 6.42178791736049e-24, nan 
-18.125, -80.125, 8.084026280824443e-24, nan 
-17.875, -80.125, 7.917584536691701e-24, nan 
-17.625, -80.125, 9.788454181617494e-24, nan 
-17.375, -80.125, 1.0010716432173002e-23, nan 
-17.125, -80.125, 6.180229598764034e-24, nan 
-16.875, -80.125, 5.298695499149786e-24, nan 
-16.625, -80.125, 4.742822858980677e-24, nan 
-16.375, -80.125, 6.030561930349864e-24, nan 
-16.125, -80.125, 7.609247767360181e-24, nan 
-15.875, -80.125, 4.6933047295668486e-24, nan 
-15.625, -80.125, 3.851620510464507e-24, nan 
-15.375, -80.125, 2.888112821345679e-24, nan 
-15.125, -80.125, 2.3533748888528345e-24, nan 
-14.875, -80.125, 1.757471114812376e-24, nan 
-14.625, -80.125, 2.296995654485692e-24, nan 
-14.375, -80.125, 2.436803548082661e-24, nan 
-14.125, -80.125, 2.4085767559271842e-24, nan 
-13.875, -80.125, 1.999796275290577e-24, nan 
-13.625, -80.125, 2.9582073307018298e-24, nan 
-13.375, -80.125, 4.0906618245681e-24, nan 
-13.125, -80.125, 4.0793782275781745e-24, nan 
-12.875, -80.125, 4.844101421187425e-24, nan 
-12.625, -80.125, 1.272194363278556e-24, nan 
-12.375, -80.125, 2.1837898844074854e-24, nan 
-12.125, -80.125, 2.9607872355592584e-24, nan 
-11.875, -80.125, 2.5721289834982438e-24, nan 
-11.625, -80.125, 2.898494049515869e-24, nan 
-11.375, -80.125, 4.145818384389166e-25, nan 
-11.125, -80.125, 6.028149238562792e-25, nan 
-10.875, -80.125, 5.877247659767553e-25, nan 
-10.625, -80.125, 6.87354830399877e-25, nan 
-10.375, -80.125, 7.483092241451699e-25, nan 
-10.125, -80.125, 9.289157315159277e-25, nan 
-9.875, -80.125, 1.0830166107146196e-24, nan 
-9.625, -80.125, 1.4899379335161414e-24, nan 
-9.375, -80.125, 1.3778759883978417e-24, nan 
-9.125, -80.125, 1.1303007342567608e-24, nan 
-8.875, -80.125, 9.730145567347324e-25, nan 
-8.625, -80.125, 9.087091985587146e-25, nan 
-8.375, -80.125, 1.46496857168606e-24, nan 
-62.375, -79.875, 8.44970467440705e-24, nan 
-62.125, -79.875, 3.455100722569681e-24, nan 
-61.875, -79.875, 3.558347860497892e-24, nan 
-61.625, -79.875, 7.397435321213813e-24, nan 
-61.375, -79.875, 8.004004367789599e-24, nan 
-61.125, -79.875, 7.736835881402164e-24, nan 
-60.875, -79.875, 3.3568579734191115e-24, nan 
-60.625, -79.875, 4.3501998376285745e-24, nan 
-60.375, -79.875, 7.454156994161624e-24, nan 
-60.125, -79.875, 7.175915267722508e-24, nan 
-59.875, -79.875, 7.470185357530377e-24, nan 
-59.625, -79.875, 6.421676789603446e-24, nan 
-59.375, -79.875, 7.154325239599647e-24, nan 
-59.125, -79.875, 7.666369823168154e-24, nan 
-58.875, -79.875, 9.741804719224936e-24, nan 
-58.625, -79.875, 9.291980935424618e-24, nan 
-58.375, -79.875, 1.0106854622484561e-23, nan 
-58.125, -79.875, 6.871318398461098e-24, nan 
-57.875, -79.875, 8.058626394842785e-24, nan 
-57.625, -79.875, 1.0910066786250231e-23, nan 
-57.375, -79.875, 1.030953169560833e-23, nan 
-57.125, -79.875, 1.0393122847660415e-23, nan 
-56.875, -79.875, 8.54655301621134e-24, nan 
-56.625, -79.875, 6.296028522816626e-24, nan 
-56.375, -79.875, 7.277285865045434e-24, nan 
-56.125, -79.875, 2.3046385336852204e-24, nan 
-55.875, -79.875, 1.6106669783340272e-24, nan 
-55.625, -79.875, 1.3664107825553817e-24, nan 
-55.375, -79.875, 3.5070794052345646e-24, nan 
-55.125, -79.875, 4.703883038900759e-24, nan 
-54.875, -79.875, 3.0894176103556472e-24, nan 
-54.625, -79.875, 2.283693312844033e-24, nan 
-54.375, -79.875, 1.7345447998508788e-24, nan 
-54.125, -79.875, 1.5639378505507966e-24, nan 
-53.875, -79.875, 2.781842221762169e-24, nan 
-53.625, -79.875, 4.922532790672711e-24, nan 
-53.375, -79.875, 3.680521195245658e-24, nan 
-53.125, -79.875, 2.619600634605078e-24, nan 
-52.875, -79.875, 1.74149820303816e-24, nan 
-52.625, -79.875, 1.537710486590521e-24, nan 
-52.375, -79.875, 1.8932829485507788e-24, nan 
-52.125, -79.875, 1.8402978417682098e-24, nan 
-51.875, -79.875, 1.7888836329545108e-24, nan 
-51.625, -79.875, 1.5324426114541452e-24, nan 
-51.375, -79.875, 1.4811860187896943e-24, nan 
-51.125, -79.875, 1.2246334294013878e-24, nan 
-50.875, -79.875, 1.289291986523649e-24, nan 
-50.625, -79.875, 9.023276064761254e-25, nan 
-50.375, -79.875, 8.064246477226861e-25, nan 
-50.125, -79.875, 8.728534109932655e-25, nan 
-49.875, -79.875, 6.532111314229496e-25, nan 
-49.625, -79.875, 6.130964528164701e-25, nan 
-49.375, -79.875, 8.129554166623813e-25, nan 
-49.125, -79.875, 1.1491242564251694e-24, nan 
-48.875, -79.875, 1.315580580004087e-24, nan 
-48.625, -79.875, 8.843200057857265e-25, nan 
-48.375, -79.875, 6.856735101349648e-25, nan 
-48.125, -79.875, 6.858142118997529e-25, nan 
-47.875, -79.875, 1.0124170960532294e-24, nan 
-47.625, -79.875, 1.077857206457379e-24, nan 
-47.375, -79.875, 7.840850469618284e-25, nan 
-47.125, -79.875, 6.042691596362572e-25, nan 
-46.875, -79.875, 6.048078425991195e-25, nan 
-46.625, -79.875, 1.5387108584077023e-25, nan 
-46.375, -79.875, 1.2882945311726204e-25, nan 
-46.125, -79.875, 1.1957457266227571e-25, nan 
-45.875, -79.875, 9.67219244144713e-26, nan 
-45.625, -79.875, 2.4471416164861547e-25, nan 
-45.375, -79.875, 4.666280640412184e-25, nan 
-45.125, -79.875, 3.8831602048985606e-25, nan 
-44.875, -79.875, 3.317635774235675e-25, nan 
-44.625, -79.875, 3.7247658903902844e-25, nan 
-44.375, -79.875, 5.56279646906921e-25, nan 
-44.125, -79.875, 7.181888947944935e-25, nan 
-43.875, -79.875, 4.584838761977293e-25, nan 
-43.625, -79.875, 5.68444573145281e-25, nan 
-43.375, -79.875, 1.3336845717495754e-24, nan 
-43.125, -79.875, 1.4996888482639278e-24, nan 
-42.875, -79.875, 9.316291472720945e-25, nan 
-42.625, -79.875, 8.696367181303634e-25, nan 
-42.375, -79.875, 9.529037371571325e-25, nan 
-42.125, -79.875, 1.9240213035003764e-24, nan 
-41.875, -79.875, 1.9468218316902216e-24, nan 
-41.625, -79.875, 7.958090325239723e-25, nan 
-41.375, -79.875, 6.783457027509811e-25, nan 
-41.125, -79.875, 5.06983313745178e-25, nan 
-40.875, -79.875, 9.073993921393608e-25, nan 
-40.625, -79.875, 7.71105228487181e-25, nan 
-40.375, -79.875, 5.479700741298364e-25, nan 
-40.125, -79.875, 9.279227450861486e-25, nan 
-39.875, -79.875, 1.4871436292101952e-24, nan 
-39.625, -79.875, 1.5670256164724174e-24, nan 
-39.375, -79.875, 1.193331529093001e-24, nan 
-39.125, -79.875, 1.0190467859919361e-24, nan 
-38.875, -79.875, 1.0616945461083104e-24, nan 
-38.625, -79.875, 1.2661834057160174e-24, nan 
-38.375, -79.875, 1.916497655204448e-24, nan 
-38.125, -79.875, 2.060910610304955e-24, nan 
-37.875, -79.875, 2.280462059403379e-24, nan 
-37.625, -79.875, 2.6448270013014804e-24, nan 
-37.375, -79.875, 2.427609775809324e-24, nan 
-37.125, -79.875, 2.7250760396065672e-24, nan 
-36.875, -79.875, 2.5408033518544676e-24, nan 
-36.625, -79.875, 2.805865229458649e-24, nan 
-36.375, -79.875, 3.328460165717783e-24, nan 
-36.125, -79.875, 3.1510413831039724e-24, nan 
-35.875, -79.875, 3.0604919584471933e-24, nan 
-35.625, -79.875, 3.240917313151893e-24, nan 
-35.375, -79.875, 3.9149134284001184e-24, nan 
-35.125, -79.875, 3.4959156270324814e-24, nan 
-34.875, -79.875, 2.9940965870633583e-24, nan 
-34.625, -79.875, 2.4177899261410074e-24, nan 
-34.375, -79.875, 2.263036316571311e-24, nan 
-34.125, -79.875, 1.9939558961939048e-24, nan 
-33.875, -79.875, 2.026939406146503e-24, nan 
-33.625, -79.875, 2.1506683150572573e-24, nan 
-33.375, -79.875, 1.7088762738604154e-24, nan 
-33.125, -79.875, 1.6804977464619045e-24, nan 
-32.875, -79.875, 1.1828018816388066e-24, nan 
-32.625, -79.875, 9.567939451363042e-25, nan 
-32.375, -79.875, 7.378713560072397e-25, nan 
-32.125, -79.875, 4.801792506351683e-25, nan 
-31.875, -79.875, 4.438125668889477e-25, nan 
-31.625, -79.875, 3.7967302702204975e-25, nan 
-31.375, -79.875, 3.8376104753622316e-25, nan 
-31.125, -79.875, 3.2280129596013698e-25, nan 
-30.875, -79.875, 3.8146702196712693e-25, nan 
-30.625, -79.875, 6.380759939591344e-25, nan 
-30.375, -79.875, 5.214266606711166e-25, nan 
-30.125, -79.875, 5.264015205228914e-25, nan 
-29.875, -79.875, 4.280596061098235e-25, nan 
-29.625, -79.875, 5.398381359570105e-25, nan 
-29.375, -79.875, 7.782061327961969e-25, nan 
-29.125, -79.875, 7.0381952467605535e-25, nan 
-28.875, -79.875, 8.26333164834259e-25, nan 
-28.625, -79.875, 1.0568639106005593e-24, nan 
-28.375, -79.875, 9.020713664662872e-25, nan 
-28.125, -79.875, 8.578323817882671e-25, nan 
-27.875, -79.875, 7.795676036259163e-25, nan 
-27.625, -79.875, 7.02117055660999e-25, nan 
-27.375, -79.875, 7.337760785497775e-25, nan 
-27.125, -79.875, 6.215831221785036e-25, nan 
-26.875, -79.875, 7.566732408712764e-25, nan 
-26.625, -79.875, 5.703400959854269e-25, nan 
-26.375, -79.875, 5.811036902458095e-25, nan 
-26.125, -79.875, 6.803384015641627e-25, nan 
-25.875, -79.875, 7.1188097749951375e-25, nan 
-25.625, -79.875, 1.0688288266838464e-24, nan 
-25.375, -79.875, 9.386459482982558e-25, nan 
-25.125, -79.875, 8.110061247673508e-25, nan 
-24.875, -79.875, 1.1571294400144368e-24, nan 
-24.625, -79.875, 1.4994792460995647e-24, nan 
-24.375, -79.875, 1.557426284751564e-24, nan 
-24.125, -79.875, 1.908272622100739e-24, nan 
-23.875, -79.875, 1.7358214124043686e-24, nan 
-23.625, -79.875, 1.0600808877487035e-24, nan 
-23.375, -79.875, 1.719710891017883e-24, nan 
-23.125, -79.875, 1.818529461087121e-24, nan 
-22.875, -79.875, 1.9783622637188705e-24, nan 
-22.625, -79.875, 2.0129122007481376e-24, nan 
-22.375, -79.875, 1.7125559546269424e-24, nan 
-22.125, -79.875, 1.8472187696741202e-24, nan 
-21.875, -79.875, 1.9422682281391485e-24, nan 
-21.625, -79.875, 1.8046507965272488e-24, nan 
-21.375, -79.875, 1.7346274372348834e-24, nan 
-21.125, -79.875, 1.3251059802763308e-24, nan 
-20.875, -79.875, 1.0659566697924488e-24, nan 
-20.625, -79.875, 1.1174398970931208e-24, nan 
-20.375, -79.875, 1.7257102809372523e-24, nan 
-20.125, -79.875, 2.3307721732460863e-24, nan 
-19.875, -79.875, 2.0935697470143816e-24, nan 
-19.625, -79.875, 3.1689412535725628e-24, nan 
-19.375, -79.875, 1.770494098756833e-24, nan 
-19.125, -79.875, 3.000408731459564e-24, nan 
-18.875, -79.875, 2.58599408743175e-24, nan 
-18.625, -79.875, 2.5936187345379275e-24, nan 
-18.375, -79.875, 5.681221550426889e-24, nan 
-18.125, -79.875, 4.410371935633085e-24, nan 
-17.875, -79.875, 5.893586568894194e-24, nan 
-17.625, -79.875, 6.202821267540431e-24, nan 
-17.375, -79.875, 4.851275909626813e-24, nan 
-17.125, -79.875, 3.657664483526671e-24, nan 
-16.875, -79.875, 1.23239270558643e-24, nan 
-16.625, -79.875, 2.175391568028714e-24, nan 
-16.375, -79.875, 3.0912414099013263e-24, nan 
-16.125, -79.875, 3.945576703851291e-24, nan 
-15.875, -79.875, 5.372010686232022e-24, nan 
-15.625, -79.875, 5.122159937525045e-24, nan 
-15.375, -79.875, 3.769256685738419e-24, nan 
-15.125, -79.875, 3.0595048285756338e-24, nan 
-14.875, -79.875, 1.8015936879842808e-24, nan 
-14.625, -79.875, 3.7930979828538086e-24, nan 
-14.375, -79.875, 2.537821497530265e-24, nan 
-14.125, -79.875, 2.594227567266874e-24, nan 
-13.875, -79.875, 2.4861620218495833e-24, nan 
-13.625, -79.875, 2.019052313450504e-24, nan 
-13.375, -79.875, 3.1513655846056503e-24, nan 
-13.125, -79.875, 1.9894451168508e-24, nan 
-12.875, -79.875, 3.0503008222655553e-24, nan 
-12.625, -79.875, 2.142949835897002e-24, nan 
-12.375, -79.875, 2.631296456006194e-24, nan 
-12.125, -79.875, 2.768665432123823e-24, nan 
-11.875, -79.875, 1.1830415150394204e-24, nan 
-11.625, -79.875, 1.5682273557656845e-24, nan 
-11.375, -79.875, 2.455059970322889e-24, nan 
-11.125, -79.875, 2.7288536515431855e-24, nan 
-10.875, -79.875, 2.690943337893035e-24, nan 
-10.625, -79.875, 2.6659831785996675e-24, nan 
-10.375, -79.875, 2.0303459053034947e-24, nan 
-10.125, -79.875, 1.43334469745809e-24, nan 
-9.875, -79.875, 2.0919005149498842e-24, nan 
-9.625, -79.875, 2.7482248014504404e-24, nan 
-9.375, -79.875, 3.502928454423317e-24, nan 
-9.125, -79.875, 2.8109214801914795e-24, nan 
-8.875, -79.875, 1.2130845526223743e-24, nan 
-8.625, -79.875, 9.681702510607122e-25, nan 
-8.375, -79.875, 1.590148305926768e-24, nan 
-8.125, -79.875, 2.1239837579160362e-24, nan 
-7.875, -79.875, 1.5203736825610568e-24, nan 
-7.625, -79.875, 8.934586350384897e-25, nan 
-7.375, -79.875, 7.068511941448647e-25, nan 
-61.625, -79.625, 6.693880402050549e-24, nan 
-61.375, -79.625, 8.858525560604085e-24, nan 
-61.125, -79.625, 1.0461571113390171e-23, nan 
-60.875, -79.625, 8.733360205769779e-24, nan 
-60.625, -79.625, 6.197364030011944e-24, nan 
-60.375, -79.625, 6.0812412332301376e-24, nan 
-60.125, -79.625, 1.0626042468309859e-23, nan 
-59.875, -79.625, 1.2211605589328288e-23, nan 
-59.625, -79.625, 1.3633136937654183e-23, nan 
-59.375, -79.625, 1.1572154724179215e-23, nan 
-59.125, -79.625, 4.6257724079862e-24, nan 
-58.875, -79.625, 7.661236296148628e-24, nan 
-58.625, -79.625, 7.343323566233489e-24, nan 
-58.375, -79.625, 1.0386351477749975e-23, nan 
-58.125, -79.625, 9.211881964037934e-24, nan 
-57.875, -79.625, 6.4273026091712215e-24, nan 
-57.625, -79.625, 6.145020486456516e-24, nan 
-57.375, -79.625, 8.239199613115039e-24, nan 
-57.125, -79.625, 9.812635379234855e-24, nan 
-56.875, -79.625, 1.2561319456189125e-23, nan 
-56.625, -79.625, 1.0972380810244516e-23, nan 
-56.375, -79.625, 8.544040367956245e-24, nan 
-56.125, -79.625, 6.641058132848993e-24, nan 
-55.875, -79.625, 7.51454753108056e-24, nan 
-55.625, -79.625, 1.092096097771053e-23, nan 
-55.375, -79.625, 1.016989090809998e-23, nan 
-55.125, -79.625, 8.341985690739733e-24, nan 
-54.875, -79.625, 4.500553744727067e-24, nan 
-54.625, -79.625, 3.312941269114677e-24, nan 
-54.375, -79.625, 2.7072840185578707e-24, nan 
-54.125, -79.625, 3.0932659509519086e-24, nan 
-53.875, -79.625, 4.120879483621768e-24, nan 
-53.625, -79.625, 3.984457484247689e-24, nan 
-53.375, -79.625, 3.362799313442969e-24, nan 
-53.125, -79.625, 2.5776500714946037e-24, nan 
-52.875, -79.625, 1.9914776672526556e-24, nan 
-52.625, -79.625, 3.1530882815668803e-24, nan 
-52.375, -79.625, 2.402271995492031e-24, nan 
-52.125, -79.625, 2.2434447165753613e-24, nan 
-51.875, -79.625, 1.949609880308311e-24, nan 
-51.625, -79.625, 1.752061101174859e-24, nan 
-51.375, -79.625, 1.4256719581310622e-24, nan 
-51.125, -79.625, 1.2872395210574763e-24, nan 
-50.875, -79.625, 9.126910579745343e-25, nan 
-50.625, -79.625, 1.1511022061870514e-24, nan 
-50.375, -79.625, 7.837024970675726e-25, nan 
-50.125, -79.625, 7.715859266594813e-25, nan 
-49.875, -79.625, 6.334686623974751e-25, nan 
-49.625, -79.625, 6.717417914802956e-25, nan 
-49.375, -79.625, 6.342284994121108e-25, nan 
-49.125, -79.625, 5.941763337364287e-25, nan 
-48.875, -79.625, 3.6850327555685503e-25, nan 
-48.625, -79.625, 3.3668074711509643e-25, nan 
-48.375, -79.625, 6.0983070662794565e-25, nan 
-48.125, -79.625, 9.639110083846202e-25, nan 
-47.875, -79.625, 1.0933818937208384e-24, nan 
-47.625, -79.625, 9.16721391747074e-25, nan 
-47.375, -79.625, 7.104988911387915e-25, nan 
-47.125, -79.625, 6.22912570185223e-25, nan 
-46.875, -79.625, 1.0580475285895142e-24, nan 
-46.625, -79.625, 9.128099782121815e-25, nan 
-46.375, -79.625, 6.684956908377201e-25, nan 
-46.125, -79.625, 5.482563733233581e-25, nan 
-45.875, -79.625, 3.199367010411054e-25, nan 
-45.625, -79.625, 4.643239444171645e-25, nan 
-45.375, -79.625, 5.713196962083046e-25, nan 
-45.125, -79.625, 4.296430057871453e-25, nan 
-44.875, -79.625, 2.3280987142877844e-25, nan 
-44.625, -79.625, 9.252429663322527e-26, nan 
-44.375, -79.625, 1.0982742198809626e-25, nan 
-44.125, -79.625, 2.854302622401314e-25, nan 
-43.875, -79.625, 4.680796294095144e-25, nan 
-43.625, -79.625, 6.620470864047782e-25, nan 
-43.375, -79.625, 3.2178567748105266e-25, nan 
-43.125, -79.625, 4.75748487325512e-25, nan 
-42.875, -79.625, 5.791462708192252e-25, nan 
-42.625, -79.625, 5.532941462282794e-25, nan 
-42.375, -79.625, 9.016991329130038e-25, nan 
-42.125, -79.625, 8.342551608293791e-25, nan 
-41.875, -79.625, 8.262755391449773e-25, nan 
-41.625, -79.625, 8.97740450538253e-25, nan 
-41.375, -79.625, 6.301782765505465e-25, nan 
-41.125, -79.625, 6.480392908280774e-25, nan 
-40.875, -79.625, 6.764657013160246e-25, nan 
-40.625, -79.625, 8.65615475844845e-25, nan 
-40.375, -79.625, 8.287063534956417e-25, nan 
-40.125, -79.625, 8.827448705230551e-25, nan 
-39.875, -79.625, 1.0209002942937084e-24, nan 
-39.625, -79.625, 8.650103623695328e-25, nan 
-39.375, -79.625, 1.4472310240604612e-24, nan 
-39.125, -79.625, 1.0838763639672126e-24, nan 
-38.875, -79.625, 8.11379999704482e-25, nan 
-38.625, -79.625, 6.118837914635278e-25, nan 
-38.375, -79.625, 1.106760972394586e-24, nan 
-38.125, -79.625, 1.1319820127535283e-24, nan 
-37.875, -79.625, 7.363230542972209e-25, nan 
-37.625, -79.625, 4.232132753855305e-25, nan 
-37.375, -79.625, 4.6300038589485355e-25, nan 
-37.125, -79.625, 1.1486060768462418e-24, nan 
-36.875, -79.625, 1.0851302403068398e-24, nan 
-36.625, -79.625, 9.752977708670823e-25, nan 
-36.375, -79.625, 2.0433046820604796e-24, nan 
-36.125, -79.625, 2.224915533781848e-24, nan 
-35.875, -79.625, 2.199516143697962e-24, nan 
-35.625, -79.625, 2.6199089331027007e-24, nan 
-35.375, -79.625, 3.0481549350771015e-24, nan 
-35.125, -79.625, 2.7664296434310173e-24, nan 
-34.875, -79.625, 2.2371562397971356e-24, nan 
-34.625, -79.625, 2.005060117917914e-24, nan 
-34.375, -79.625, 1.5902162188354437e-24, nan 
-34.125, -79.625, 1.3211192483845382e-24, nan 
-33.875, -79.625, 7.515745844240198e-25, nan 
-33.625, -79.625, 4.485676681402906e-25, nan 
-33.375, -79.625, 6.150466694183789e-25, nan 
-33.125, -79.625, 4.623977396898563e-25, nan 
-32.875, -79.625, 4.4358127003236715e-25, nan 
-32.625, -79.625, 3.3189623445363136e-25, nan 
-32.375, -79.625, 3.9077101906476988e-25, nan 
-32.125, -79.625, 3.5594129666513844e-25, nan 
-31.875, -79.625, 3.9241391768217834e-25, nan 
-31.625, -79.625, 2.7859039396647605e-25, nan 
-31.375, -79.625, 3.543380558316161e-25, nan 
-31.125, -79.625, 3.1990798963207273e-25, nan 
-30.875, -79.625, 4.205013987033618e-25, nan 
-30.625, -79.625, 7.242864420574839e-25, nan 
-30.375, -79.625, 9.339148737204538e-25, nan 
-30.125, -79.625, 9.423129142680326e-25, nan 
-29.875, -79.625, 1.1209993764473616e-24, nan 
-29.625, -79.625, 9.787296096808533e-25, nan 
-29.375, -79.625, 1.0453307896654526e-24, nan 
-29.125, -79.625, 1.1560351628027553e-24, nan 
-28.875, -79.625, 1.0984887631026982e-24, nan 
-28.625, -79.625, 1.3194018206230625e-24, nan 
-28.375, -79.625, 1.1586933020395307e-24, nan 
-28.125, -79.625, 1.21101895715651e-24, nan 
-27.875, -79.625, 1.1362735668707438e-24, nan 
-27.625, -79.625, 1.1508365931697624e-24, nan 
-27.375, -79.625, 1.0075625937377775e-24, nan 
-27.125, -79.625, 7.668612404039041e-25, nan 
-26.875, -79.625, 7.202498864023766e-25, nan 
-26.625, -79.625, 7.7732955873843955e-25, nan 
-26.375, -79.625, 7.474872758525049e-25, nan 
-26.125, -79.625, 7.60267609081796e-25, nan 
-25.875, -79.625, 5.770934255134989e-25, nan 
-25.625, -79.625, 3.2344822508316353e-25, nan 
-25.375, -79.625, 6.186615264186362e-25, nan 
-25.125, -79.625, 4.24451796402907e-25, nan 
-24.875, -79.625, 2.804442806706241e-25, nan 
-24.625, -79.625, 2.8517794576047444e-25, nan 
-24.375, -79.625, 2.593012373543117e-25, nan 
-24.125, -79.625, 1.155040606999533e-25, nan 
-23.875, -79.625, 1.7302488284470748e-25, nan 
-23.625, -79.625, 8.984993160112306e-25, nan 
-23.375, -79.625, 1.5936076230136662e-24, nan 
-23.125, -79.625, 1.8321449067529194e-24, nan 
-22.875, -79.625, 2.0064547376086362e-24, nan 
-22.625, -79.625, 2.0299274005083627e-24, nan 
-22.375, -79.625, 1.8875384829803503e-24, nan 
-22.125, -79.625, 2.124771234110675e-24, nan 
-21.875, -79.625, 3.0108404785169997e-24, nan 
-21.625, -79.625, 3.696495965688117e-24, nan 
-21.375, -79.625, 3.887896995811531e-24, nan 
-21.125, -79.625, 3.442532330386481e-24, nan 
-20.875, -79.625, 2.889610295805445e-24, nan 
-20.625, -79.625, 2.7266995344038424e-24, nan 
-20.375, -79.625, 3.641647189666487e-24, nan 
-20.125, -79.625, 3.639218318814365e-24, nan 
-19.875, -79.625, 3.198494825491418e-24, nan 
-19.625, -79.625, 2.8104541842373523e-24, nan 
-19.375, -79.625, 1.860592273248449e-24, nan 
-19.125, -79.625, 1.5751092295396194e-24, nan 
-18.875, -79.625, 2.024079955864035e-24, nan 
-18.625, -79.625, 2.3241757391107887e-24, nan 
-18.375, -79.625, 2.4039560670655683e-24, nan 
-18.125, -79.625, 3.441416436955476e-24, nan 
-17.875, -79.625, 4.150800683255374e-24, nan 
-17.625, -79.625, 5.666188449012546e-24, nan 
-17.375, -79.625, 5.6946627705752824e-24, nan 
-17.125, -79.625, 6.363418578936688e-24, nan 
-16.875, -79.625, 4.364628374497662e-24, nan 
-16.625, -79.625, 3.0458761988556217e-24, nan 
-16.375, -79.625, 4.739682502462809e-24, nan 
-16.125, -79.625, 6.701750301052711e-24, nan 
-15.875, -79.625, 9.15443426207063e-24, nan 
-15.625, -79.625, 8.267828424101058e-24, nan 
-15.375, -79.625, 4.597902915550307e-24, nan 
-15.125, -79.625, 3.349010391224205e-24, nan 
-14.875, -79.625, 4.203082555705132e-24, nan 
-14.625, -79.625, 6.286879397073325e-24, nan 
-14.375, -79.625, 5.7782321060478904e-24, nan 
-14.125, -79.625, 4.074293822044235e-24, nan 
-13.875, -79.625, 3.2295334216605918e-24, nan 
-13.625, -79.625, 2.1967542527029505e-24, nan 
-13.375, -79.625, 3.43994571316392e-24, nan 
-13.125, -79.625, 2.0708714309548823e-24, nan 
-12.875, -79.625, 2.755933846729997e-24, nan 
-12.625, -79.625, 3.039497033713742e-24, nan 
-12.375, -79.625, 2.0151560226065107e-24, nan 
-12.125, -79.625, 2.508733469735599e-24, nan 
-11.875, -79.625, 2.4923975731952375e-24, nan 
-11.625, -79.625, 2.129492931671616e-24, nan 
-11.375, -79.625, 2.6399514742985775e-24, nan 
-11.125, -79.625, 2.4599015513411377e-24, nan 
-10.875, -79.625, 2.4136726406728663e-24, nan 
-10.625, -79.625, 2.4595240506042486e-24, nan 
-10.375, -79.625, 2.3134666520394325e-24, nan 
-10.125, -79.625, 1.9858966775885218e-24, nan 
-9.875, -79.625, 2.2483589839619715e-24, nan 
-9.625, -79.625, 2.944206770024632e-24, nan 
-9.375, -79.625, 4.919455120411068e-24, nan 
-9.125, -79.625, 4.376958000319768e-24, nan 
-8.875, -79.625, 3.801490907242497e-24, nan 
-8.625, -79.625, 3.473801015215643e-24, nan 
-8.375, -79.625, 3.598151720765074e-24, nan 
-8.125, -79.625, 2.739964842715357e-24, nan 
-7.875, -79.625, 2.2805556690100735e-24, nan 
-7.625, -79.625, 1.7783158858188096e-24, nan 
-7.375, -79.625, 1.3349962182508061e-24, nan 
-7.125, -79.625, 1.3197692678621044e-24, nan 
-6.875, -79.625, 1.583843619861176e-24, nan 
-6.625, -79.625, 1.1803073571905694e-24, nan 
-6.375, -79.625, 1.86149375557133e-24, nan 
-6.125, -79.625, 1.6377334296115971e-24, nan 
-60.625, -79.375, 5.5292484262486686e-24, nan 
-60.375, -79.375, 4.8844868185735834e-24, nan 
-60.125, -79.375, 6.288563813626907e-24, nan 
-59.875, -79.375, 6.468645875853167e-24, nan 
-59.625, -79.375, 6.895832586818534e-24, nan 
-59.375, -79.375, 6.770101969861029e-24, nan 
-59.125, -79.375, 3.9949520325636416e-24, nan 
-58.875, -79.375, 8.1184267725932e-24, nan 
-58.625, -79.375, 5.616258165473205e-24, nan 
-58.375, -79.375, 6.837683092027393e-24, nan 
-58.125, -79.375, 5.867594418109322e-24, nan 
-57.875, -79.375, 4.879711927359693e-24, nan 
-57.625, -79.375, 6.491212630458708e-24, nan 
-57.375, -79.375, 4.2715749433152285e-24, nan 
-57.125, -79.375, 4.463714020190157e-24, nan 
-56.875, -79.375, 4.6941112938793304e-24, nan 
-56.625, -79.375, 7.937646733783128e-24, nan 
-56.375, -79.375, 8.316237135300597e-24, nan 
-56.125, -79.375, 1.0762625558167436e-23, nan 
-55.875, -79.375, 1.0829673850415044e-23, nan 
-55.625, -79.375, 1.0433404032727693e-23, nan 
-55.375, -79.375, 7.996325900581325e-24, nan 
-55.125, -79.375, 6.16041376044046e-24, nan 
-54.875, -79.375, 9.756864562150322e-24, nan 
-54.625, -79.375, 9.389742547918181e-24, nan 
-54.375, -79.375, 7.393099827437289e-24, nan 
-54.125, -79.375, 4.551405468314897e-24, nan 
-53.875, -79.375, 2.09666260996497e-24, nan 
-53.625, -79.375, 3.550240161641341e-24, nan 
-53.375, -79.375, 4.206967344463843e-24, nan 
-53.125, -79.375, 3.263825160131348e-24, nan 
-52.875, -79.375, 2.5084291461567703e-24, nan 
-52.625, -79.375, 1.741126866195625e-24, nan 
-52.375, -79.375, 1.4497282810461508e-24, nan 
-52.125, -79.375, 1.473356590640364e-24, nan 
-51.875, -79.375, 1.546766923810663e-24, nan 
-51.625, -79.375, 1.751088341782526e-24, nan 
-51.375, -79.375, 1.9180770591948164e-24, nan 
-51.125, -79.375, 2.2089478021835655e-24, nan 
-50.875, -79.375, 2.242361369978951e-24, nan 
-50.625, -79.375, 1.4714083957383795e-24, nan 
-50.375, -79.375, 1.4816559479907203e-24, nan 
-50.125, -79.375, 1.673898948693806e-24, nan 
-49.875, -79.375, 1.807726783193784e-24, nan 
-49.625, -79.375, 1.565793846867338e-24, nan 
-49.375, -79.375, 8.92552628595835e-25, nan 
-49.125, -79.375, 4.376341834521208e-25, nan 
-48.875, -79.375, 3.7038109391012485e-25, nan 
-48.625, -79.375, 4.600371602702002e-25, nan 
-48.375, -79.375, 6.448549916439923e-25, nan 
-48.125, -79.375, 7.557717691856973e-25, nan 
-47.875, -79.375, 8.794405827628323e-25, nan 
-47.625, -79.375, 7.033639132013353e-25, nan 
-47.375, -79.375, 5.404370879004894e-25, nan 
-47.125, -79.375, 7.716138956986289e-25, nan 
-46.875, -79.375, 8.882376313775127e-25, nan 
-46.625, -79.375, 1.128399590944425e-24, nan 
-46.375, -79.375, 7.823333958971959e-25, nan 
-46.125, -79.375, 4.5108019912755895e-25, nan 
-45.875, -79.375, 4.5213733881657295e-25, nan 
-45.625, -79.375, 5.712329613021468e-25, nan 
-45.375, -79.375, 9.360363335778288e-25, nan 
-45.125, -79.375, 7.428019696658067e-25, nan 
-44.875, -79.375, 3.2502326275944543e-25, nan 
-44.625, -79.375, 3.0018893886257563e-25, nan 
-44.375, -79.375, 5.922522881891522e-25, nan 
-44.125, -79.375, 7.481199127187491e-25, nan 
-43.875, -79.375, 8.71155234230364e-25, nan 
-43.625, -79.375, 4.876478299037768e-25, nan 
-43.375, -79.375, 8.715892053703861e-26, nan 
-43.125, -79.375, 4.897174582595844e-25, nan 
-42.875, -79.375, 6.47989800581039e-25, nan 
-42.625, -79.375, 6.4845563746500755e-25, nan 
-42.375, -79.375, 6.346961747530882e-25, nan 
-42.125, -79.375, 2.978211677056898e-25, nan 
-41.875, -79.375, 4.884894304939309e-25, nan 
-41.625, -79.375, 7.811952056216428e-25, nan 
-41.375, -79.375, 6.733686933813112e-25, nan 
-41.125, -79.375, 7.094661035761928e-25, nan 
-40.875, -79.375, 2.3386091741806173e-25, nan 
-40.625, -79.375, 3.38180940830591e-25, nan 
-40.375, -79.375, 3.224895947736881e-25, nan 
-40.125, -79.375, 3.488078919073354e-25, nan 
-39.875, -79.375, 1.4563149840048298e-24, nan 
-39.625, -79.375, 7.265446820472152e-25, nan 
-39.375, -79.375, 1.0669539832289222e-24, nan 
-39.125, -79.375, 9.49664271819354e-25, nan 
-38.875, -79.375, 9.126916106129275e-25, nan 
-38.625, -79.375, 1.2175137203666812e-24, nan 
-38.375, -79.375, 7.447738907744813e-25, nan 
-38.125, -79.375, 6.334395700934493e-25, nan 
-37.875, -79.375, 6.478532224655813e-25, nan 
-37.625, -79.375, 7.226237295842117e-25, nan 
-37.375, -79.375, 6.862710625898811e-25, nan 
-37.125, -79.375, 8.004986604549988e-25, nan 
-36.875, -79.375, 6.706057246691674e-25, nan 
-36.625, -79.375, 5.504758625980447e-25, nan 
-36.375, -79.375, 8.459132179342247e-25, nan 
-36.125, -79.375, 8.136631622234563e-25, nan 
-35.875, -79.375, 8.0803973143636065e-25, nan 
-35.625, -79.375, 9.04717215780841e-25, nan 
-35.375, -79.375, 1.0089675245975134e-24, nan 
-35.125, -79.375, 6.281668309626986e-25, nan 
-34.875, -79.375, 7.300331540485741e-25, nan 
-34.625, -79.375, 7.143252459870997e-25, nan 
-34.375, -79.375, 7.768731605706992e-25, nan 
-34.125, -79.375, 8.328960567471523e-25, nan 
-33.875, -79.375, 5.377915778652181e-25, nan 
-33.625, -79.375, 6.400672984419578e-25, nan 
-33.375, -79.375, 7.667497141744504e-25, nan 
-33.125, -79.375, 4.697600499253031e-25, nan 
-32.875, -79.375, 4.925514711905439e-25, nan 
-32.625, -79.375, 3.2228845040343012e-25, nan 
-32.375, -79.375, 4.307024484236552e-25, nan 
-32.125, -79.375, 4.0021391768149043e-25, nan 
-31.875, -79.375, 4.672775211705812e-25, nan 
-31.625, -79.375, 4.159281138174927e-25, nan 
-31.375, -79.375, 4.450130092491269e-25, nan 
-31.125, -79.375, 5.92793546326249e-25, nan 
-30.875, -79.375, 3.9334570178219777e-25, nan 
-30.625, -79.375, 4.428358298162236e-25, nan 
-30.375, -79.375, 7.71252064324352e-25, nan 
-30.125, -79.375, 5.784525488659145e-25, nan 
-29.875, -79.375, 5.65461428385564e-25, nan 
-29.625, -79.375, 5.990820452537225e-25, nan 
-29.375, -79.375, 6.060716894688395e-25, nan 
-29.125, -79.375, 8.945331809640616e-25, nan 
-28.875, -79.375, 8.991292342084584e-25, nan 
-28.625, -79.375, 9.212137475486548e-25, nan 
-28.375, -79.375, 9.521515990652781e-25, nan 
-28.125, -79.375, 9.82670899785559e-25, nan 
-27.875, -79.375, 9.8205122033528e-25, nan 
-27.625, -79.375, 1.1481109842910334e-24, nan 
-27.375, -79.375, 1.0548402486848783e-24, nan 
-27.125, -79.375, 8.509224285661962e-25, nan 
-26.875, -79.375, 7.703493180797954e-25, nan 
-26.625, -79.375, 7.152230798940686e-25, nan 
-26.375, -79.375, 7.158412063542609e-25, nan 
-26.125, -79.375, 5.727388045976296e-25, nan 
-25.875, -79.375, 7.499555121410314e-25, nan 
-25.625, -79.375, 1.0370820982715745e-24, nan 
-25.375, -79.375, 1.1521569117020766e-24, nan 
-25.125, -79.375, 1.0613397622857706e-24, nan 
-24.875, -79.375, 1.044048461755504e-24, nan 
-24.625, -79.375, 1.2879322905248177e-24, nan 
-24.375, -79.375, 1.641929695886451e-24, nan 
-24.125, -79.375, 2.0616586699027216e-24, nan 
-23.875, -79.375, 2.1183441969370633e-24, nan 
-23.625, -79.375, 1.9256638627025657e-24, nan 
-23.375, -79.375, 1.944434884132863e-24, nan 
-23.125, -79.375, 1.4090775412363347e-24, nan 
-22.875, -79.375, 1.769337798241964e-24, nan 
-22.625, -79.375, 2.5528255072726765e-24, nan 
-22.375, -79.375, 3.140551832202827e-24, nan 
-22.125, -79.375, 2.7362741808536337e-24, nan 
-21.875, -79.375, 1.1029709748253533e-24, nan 
-21.625, -79.375, 1.60453844439349e-24, nan 
-21.375, -79.375, 2.7755992930282493e-24, nan 
-21.125, -79.375, 3.28316065261573e-24, nan 
-20.875, -79.375, 3.188349355970862e-24, nan 
-20.625, -79.375, 3.7281607654772665e-24, nan 
-20.375, -79.375, 3.8834691950409005e-24, nan 
-20.125, -79.375, 2.6263986708321687e-24, nan 
-19.875, -79.375, 1.7744340335341898e-24, nan 
-19.625, -79.375, 1.8881002002964177e-24, nan 
-19.375, -79.375, 2.4943341996883548e-24, nan 
-19.125, -79.375, 3.960183621498549e-24, nan 
-18.875, -79.375, 2.086646602102626e-24, nan 
-18.625, -79.375, 2.955520987276286e-24, nan 
-18.375, -79.375, 2.605437940026519e-24, nan 
-18.125, -79.375, 3.535936159862831e-24, nan 
-17.875, -79.375, 3.94207101795504e-24, nan 
-17.625, -79.375, 4.090816728993066e-24, nan 
-17.375, -79.375, 3.7462492936695945e-24, nan 
-17.125, -79.375, 3.126852528674302e-24, nan 
-16.875, -79.375, 1.9839151219623672e-24, nan 
-16.625, -79.375, 1.869084349220043e-24, nan 
-16.375, -79.375, 1.951642287042299e-24, nan 
-16.125, -79.375, 3.5314907371579735e-24, nan 
-15.875, -79.375, 4.785322465506969e-24, nan 
-15.625, -79.375, 4.490904293229461e-24, nan 
-15.375, -79.375, 3.631716627879339e-24, nan 
-15.125, -79.375, 3.9332270913437346e-24, nan 
-14.875, -79.375, 5.694286828611966e-24, nan 
-14.625, -79.375, 5.793798012463098e-24, nan 
-14.375, -79.375, 4.9101547956939116e-24, nan 
-14.125, -79.375, 4.398338905306541e-24, nan 
-13.875, -79.375, 3.2470865620526692e-24, nan 
-13.625, -79.375, 2.3777925665768234e-24, nan 
-13.375, -79.375, 2.4405551202533694e-24, nan 
-13.125, -79.375, 2.5745502876901917e-24, nan 
-12.875, -79.375, 2.5919812329699823e-24, nan 
-12.625, -79.375, 2.721626315101438e-24, nan 
-12.375, -79.375, 2.078213135601977e-24, nan 
-12.125, -79.375, 2.5100496552134892e-24, nan 
-11.875, -79.375, 2.4769333808740486e-24, nan 
-11.625, -79.375, 1.782317269446824e-24, nan 
-11.375, -79.375, 1.5842785626922934e-24, nan 
-11.125, -79.375, 1.6777775057470897e-24, nan 
-10.875, -79.375, 2.0349787952184988e-24, nan 
-10.625, -79.375, 3.0272402869196963e-24, nan 
-10.375, -79.375, 2.1486941515816945e-24, nan 
-10.125, -79.375, 2.1119366359427065e-24, nan 
-9.875, -79.375, 1.7432074350066515e-24, nan 
-9.625, -79.375, 3.1861762871155505e-24, nan 
-9.375, -79.375, 5.823324273173494e-24, nan 
-9.125, -79.375, 5.242458752754465e-24, nan 
-8.875, -79.375, 4.638221089262159e-24, nan 
-8.625, -79.375, 3.437429095523924e-24, nan 
-8.375, -79.375, 3.975389925015264e-24, nan 
-8.125, -79.375, 4.6594982670994765e-24, nan 
-7.875, -79.375, 3.1606133884547387e-24, nan 
-7.625, -79.375, 2.1456005750966244e-24, nan 
-7.375, -79.375, 1.626301486309595e-24, nan 
-7.125, -79.375, 2.382242455938126e-24, nan 
-6.875, -79.375, 3.7804616330848275e-24, nan 
-6.625, -79.375, 2.6385211802476817e-24, nan 
-6.375, -79.375, 2.2946648594058155e-24, nan 
-6.125, -79.375, 2.3776552460315056e-24, nan 
-5.875, -79.375, 2.2395433139134546e-24, nan 
-5.625, -79.375, 2.8872224446941512e-24, nan 
-5.375, -79.375, 4.026932934363344e-24, nan 
-59.875, -79.125, 7.73411595425055e-24, nan 
-59.625, -79.125, 6.959762268165487e-24, nan 
-59.375, -79.125, 6.5976683738647455e-24, nan 
-59.125, -79.125, 6.982860679188148e-24, nan 
-58.875, -79.125, 7.855862784663e-24, nan 
-58.625, -79.125, 6.549463914721572e-24, nan 
-58.375, -79.125, 2.3068969788420798e-24, nan 
-58.125, -79.125, 1.4127356842684729e-24, nan 
-57.875, -79.125, 2.483076403537543e-24, nan 
-57.625, -79.125, 4.843905412093523e-24, nan 
-57.375, -79.125, 4.625941838483997e-24, nan 
-57.125, -79.125, 6.14748096703467e-24, nan 
-56.875, -79.125, 6.0848408006296514e-24, nan 
-56.625, -79.125, 7.350728046824844e-24, nan 
-56.375, -79.125, 7.900599769007313e-24, nan 
-56.125, -79.125, 7.735088524600465e-24, nan 
-55.875, -79.125, 8.779061106468617e-24, nan 
-55.625, -79.125, 9.172839848895314e-24, nan 
-55.375, -79.125, 7.25175152227835e-24, nan 
-55.125, -79.125, 3.724647262729999e-24, nan 
-54.875, -79.125, 4.500714138597933e-24, nan 
-54.625, -79.125, 3.309459919803757e-24, nan 
-54.375, -79.125, 3.583917365119922e-24, nan 
-54.125, -79.125, 3.536667796653581e-24, nan 
-53.875, -79.125, 3.187112834864588e-24, nan 
-53.625, -79.125, 3.9850124804823466e-24, nan 
-53.375, -79.125, 3.0910219284698135e-24, nan 
-53.125, -79.125, 2.9815505429339815e-24, nan 
-52.875, -79.125, 2.6023362811348695e-24, nan 
-52.625, -79.125, 2.7732654285363136e-24, nan 
-52.375, -79.125, 2.5319954925541725e-24, nan 
-52.125, -79.125, 2.377633477454314e-24, nan 
-51.875, -79.125, 1.162485409022895e-24, nan 
-51.625, -79.125, 1.5795417993170546e-24, nan 
-51.375, -79.125, 2.666861776071524e-24, nan 
-51.125, -79.125, 3.468126857975524e-24, nan 
-50.875, -79.125, 4.054403959485329e-24, nan 
-50.625, -79.125, 2.4350021512962278e-24, nan 
-50.375, -79.125, 2.3898544200445334e-24, nan 
-50.125, -79.125, 2.641185806686952e-24, nan 
-49.875, -79.125, 2.8025244486849884e-24, nan 
-49.625, -79.125, 3.1784538924342205e-24, nan 
-49.375, -79.125, 1.5407293415348236e-24, nan 
-49.125, -79.125, 4.946444279484384e-25, nan 
-48.875, -79.125, 3.970430643627681e-25, nan 
-48.625, -79.125, 5.186509390148333e-25, nan 
-48.375, -79.125, 4.643580285739513e-25, nan 
-48.125, -79.125, 7.196966200202048e-25, nan 
-47.875, -79.125, 7.236206423691512e-25, nan 
-47.625, -79.125, 7.53994961436711e-25, nan 
-47.375, -79.125, 1.1145372566570746e-24, nan 
-47.125, -79.125, 8.28207009614865e-25, nan 
-46.875, -79.125, 1.0067655879042674e-24, nan 
-46.625, -79.125, 1.4827174013191342e-24, nan 
-46.375, -79.125, 2.0850885583971867e-24, nan 
-46.125, -79.125, 1.759043834100072e-24, nan 
-45.875, -79.125, 2.15335927129381e-24, nan 
-45.625, -79.125, 2.343001269603972e-24, nan 
-45.375, -79.125, 1.7889309354246543e-24, nan 
-45.125, -79.125, 3.237543064380141e-25, nan 
-44.875, -79.125, 3.555181783850724e-25, nan 
-44.625, -79.125, 2.9439642364987767e-25, nan 
-44.375, -79.125, 3.5584481999251066e-25, nan 
-44.125, -79.125, 4.197536106943541e-25, nan 
-43.875, -79.125, 4.760723242767367e-25, nan 
-43.625, -79.125, 3.9556787178806583e-25, nan 
-43.375, -79.125, 2.559337963435824e-25, nan 
-43.125, -79.125, 1.6693921691641258e-25, nan 
-42.875, -79.125, 4.093628689523022e-25, nan 
-42.625, -79.125, 4.0956240454913326e-25, nan 
-42.375, -79.125, 4.766351006942838e-25, nan 
-42.125, -79.125, 4.421328894347116e-25, nan 
-41.875, -79.125, 4.121858335949105e-25, nan 
-41.625, -79.125, 4.888498523460757e-25, nan 
-41.375, -79.125, 6.608173439614138e-25, nan 
-41.125, -79.125, 7.353837533062494e-25, nan 
-40.875, -79.125, 8.132138758492286e-25, nan 
-40.625, -79.125, 9.031725622717108e-25, nan 
-40.375, -79.125, 8.688055960174752e-25, nan 
-40.125, -79.125, 8.237378557659988e-25, nan 
-39.875, -79.125, 1.2097616867617741e-24, nan 
-39.625, -79.125, 1.266423875027552e-24, nan 
-39.375, -79.125, 4.914359281689368e-24, nan 
-39.125, -79.125, 4.507247985615487e-24, nan 
-38.875, -79.125, 9.363509640451797e-25, nan 
-38.625, -79.125, 1.0062612780241837e-24, nan 
-38.375, -79.125, 6.278828650285146e-25, nan 
-38.125, -79.125, 7.203787908519831e-25, nan 
-37.875, -79.125, 8.04552353878149e-25, nan 
-37.625, -79.125, 6.150039389107472e-25, nan 
-37.375, -79.125, 7.674851969584692e-25, nan 
-37.125, -79.125, 6.207394366545374e-25, nan 
-36.875, -79.125, 5.884723327710108e-25, nan 
-36.625, -79.125, 7.212999167092405e-25, nan 
-36.375, -79.125, 5.351172847993774e-25, nan 
-36.125, -79.125, 5.244991999256298e-25, nan 
-35.875, -79.125, 5.252722809016472e-25, nan 
-35.625, -79.125, 5.864672745462274e-25, nan 
-35.375, -79.125, 7.519995419490104e-25, nan 
-35.125, -79.125, 2.5157855430983086e-25, nan 
-34.875, -79.125, 3.4185335880617888e-25, nan 
-34.625, -79.125, 2.2072935619840243e-25, nan 
-34.375, -79.125, 4.0300681798254554e-25, nan 
-34.125, -79.125, 2.8673277799363417e-25, nan 
-33.875, -79.125, 6.212298924577365e-25, nan 
-33.625, -79.125, 7.176972241902535e-25, nan 
-33.375, -79.125, 8.204397754686462e-25, nan 
-33.125, -79.125, 6.358535116599211e-25, nan 
-32.875, -79.125, 7.4078573995415e-25, nan 
-32.625, -79.125, 1.0224146840635069e-24, nan 
-32.375, -79.125, 8.88630705100148e-25, nan 
-32.125, -79.125, 8.627989103021343e-25, nan 
-31.875, -79.125, 5.894500359570574e-25, nan 
-31.625, -79.125, 5.230070086328451e-25, nan 
-31.375, -79.125, 5.313690352569986e-25, nan 
-31.125, -79.125, 8.065239192543377e-25, nan 
-30.875, -79.125, 7.714325321050588e-25, nan 
-30.625, -79.125, 7.699665619375691e-25, nan 
-30.375, -79.125, 7.804671429781147e-25, nan 
-30.125, -79.125, 8.655725098418273e-25, nan 
-29.875, -79.125, 1.109859443215204e-24, nan 
-29.625, -79.125, 8.730967378580657e-25, nan 
-29.375, -79.125, 9.043951351839998e-25, nan 
-29.125, -79.125, 7.542862275478903e-25, nan 
-28.875, -79.125, 8.721035273430513e-25, nan 
-28.625, -79.125, 8.775614556218097e-25, nan 
-28.375, -79.125, 8.96625132729956e-25, nan 
-28.125, -79.125, 8.780745839878934e-25, nan 
-27.875, -79.125, 8.33554218658495e-25, nan 
-27.625, -79.125, 7.098023084018438e-25, nan 
-27.375, -79.125, 6.874192746355309e-25, nan 
-27.125, -79.125, 7.306093313906746e-25, nan 
-26.875, -79.125, 8.74807903133806e-25, nan 
-26.625, -79.125, 1.0561798983251385e-24, nan 
-26.375, -79.125, 9.176737193316173e-25, nan 
-26.125, -79.125, 1.268805912901902e-24, nan 
-25.875, -79.125, 1.3787357909970965e-24, nan 
-25.625, -79.125, 1.564319707922797e-24, nan 
-25.375, -79.125, 1.7079836133271774e-24, nan 
-25.125, -79.125, 1.9233803615236303e-24, nan 
-24.875, -79.125, 1.796826679501819e-24, nan 
-24.625, -79.125, 1.938634513792809e-24, nan 
-24.375, -79.125, 2.0044057802333856e-24, nan 
-24.125, -79.125, 1.9899640856529208e-24, nan 
-23.875, -79.125, 1.7816794899266546e-24, nan 
-23.625, -79.125, 1.5934697148432229e-24, nan 
-23.375, -79.125, 2.0247906064453552e-24, nan 
-23.125, -79.125, 1.6142892759507823e-24, nan 
-22.875, -79.125, 1.7403921518515363e-24, nan 
-22.625, -79.125, 2.858024313586806e-24, nan 
-22.375, -79.125, 2.5541946296432932e-24, nan 
-22.125, -79.125, 3.650006748872495e-24, nan 
-21.875, -79.125, 3.757120037878396e-24, nan 
-21.625, -79.125, 4.917512097527985e-24, nan 
-21.375, -79.125, 3.9271265639811456e-24, nan 
-21.125, -79.125, 3.1076424283793564e-24, nan 
-20.875, -79.125, 3.804359518518959e-24, nan 
-20.625, -79.125, 4.80002302892255e-24, nan 
-20.375, -79.125, 6.010933089580666e-24, nan 
-20.125, -79.125, 4.0692626290104026e-24, nan 
-19.875, -79.125, 1.7206806550370454e-24, nan 
-19.625, -79.125, 2.819027717939435e-24, nan 
-19.375, -79.125, 2.8248892422856316e-24, nan 
-19.125, -79.125, 8.518240478785304e-24, nan 
-18.875, -79.125, 4.06817628056995e-24, nan 
-18.625, -79.125, 4.455423213251073e-24, nan 
-18.375, -79.125, 3.2828250729284955e-24, nan 
-18.125, -79.125, 2.4759330239395135e-24, nan 
-17.875, -79.125, 6.26206253605505e-24, nan 
-17.625, -79.125, 2.2395673126331587e-24, nan 
-17.375, -79.125, 4.3938075243021215e-24, nan 
-17.125, -79.125, 2.60143520320466e-24, nan 
-16.875, -79.125, 2.5705264181809996e-24, nan 
-16.625, -79.125, 2.9407409277191224e-24, nan 
-16.375, -79.125, 3.3592546887160585e-24, nan 
-16.125, -79.125, 3.365563914453177e-24, nan 
-15.875, -79.125, 2.0987468662674906e-24, nan 
-15.625, -79.125, 2.7363868662115438e-24, nan 
-15.375, -79.125, 2.7247993916747946e-24, nan 
-15.125, -79.125, 4.1279611779994295e-24, nan 
-14.875, -79.125, 5.882849252078807e-24, nan 
-14.625, -79.125, 4.378711077271675e-24, nan 
-14.375, -79.125, 3.694084197730602e-24, nan 
-14.125, -79.125, 3.378153847520831e-24, nan 
-13.875, -79.125, 3.534509045045112e-24, nan 
-13.625, -79.125, 4.1883063738593056e-24, nan 
-13.375, -79.125, 2.669996476405687e-24, nan 
-13.125, -79.125, 1.8385128814527125e-24, nan 
-12.875, -79.125, 1.3452495518216514e-24, nan 
-12.625, -79.125, 1.0281455874716485e-24, nan 
-12.375, -79.125, 1.23409082571178e-24, nan 
-12.125, -79.125, 9.321498070269905e-25, nan 
-11.875, -79.125, 9.384515542770476e-25, nan 
-11.625, -79.125, 1.2126211573385571e-24, nan 
-11.375, -79.125, 1.4617945203809555e-24, nan 
-11.125, -79.125, 1.0580833221114571e-24, nan 
-10.875, -79.125, 1.651513647234644e-24, nan 
-10.625, -79.125, 1.5310224681990016e-24, nan 
-10.375, -79.125, 3.651124151059118e-24, nan 
-10.125, -79.125, 2.8704387551277636e-24, nan 
-9.875, -79.125, 9.778888520660406e-25, nan 
-9.625, -79.125, 3.402758453991021e-24, nan 
-9.375, -79.125, 1.1042873737904103e-24, nan 
-9.125, -79.125, 6.603250760734146e-24, nan 
-8.875, -79.125, 5.552990385023931e-24, nan 
-8.625, -79.125, 2.8820890892376724e-24, nan 
-8.375, -79.125, 3.922726578295286e-24, nan 
-8.125, -79.125, 3.144558601167235e-24, nan 
-7.875, -79.125, 4.74609354014453e-24, nan 
-7.625, -79.125, 4.479499044070829e-24, nan 
-7.375, -79.125, 4.247584515985277e-24, nan 
-7.125, -79.125, 6.020388084228076e-24, nan 
-6.875, -79.125, 4.6214076567267974e-24, nan 
-6.625, -79.125, 5.651993530787238e-24, nan 
-6.375, -79.125, 2.977961077982094e-24, nan 
-6.125, -79.125, 3.2659648055368626e-24, nan 
-5.875, -79.125, 3.895316477413913e-24, nan 
-5.625, -79.125, 3.116632685969599e-24, nan 
-5.375, -79.125, 4.566320642361965e-24, nan 
-5.125, -79.125, 4.495570820494017e-24, nan 
-4.875, -79.125, 4.698729070021214e-24, nan 
-4.625, -79.125, 3.89294687566445e-24, nan 
-4.375, -79.125, 3.4594765598994666e-24, nan 
-58.875, -78.875, 1.0533333169725489e-23, nan 
-58.625, -78.875, 7.754828358599365e-24, nan 
-58.375, -78.875, 6.3425464308828166e-24, nan 
-58.125, -78.875, 1.3584860970278202e-24, nan 
-57.875, -78.875, 4.065187545801758e-24, nan 
-57.625, -78.875, 6.839567426441402e-24, nan 
-57.375, -78.875, 6.369013685291091e-24, nan 
-57.125, -78.875, 5.612426728750274e-24, nan 
-56.875, -78.875, 5.022785804582938e-24, nan 
-56.625, -78.875, 5.317434694958111e-24, nan 
-56.375, -78.875, 7.687432448747815e-24, nan 
-56.125, -78.875, 7.558860045272777e-24, nan 
-55.875, -78.875, 6.163987024274228e-24, nan 
-55.625, -78.875, 4.912149317960213e-24, nan 
-55.375, -78.875, 2.2156292513541307e-24, nan 
-55.125, -78.875, 3.2785733668186164e-24, nan 
-54.875, -78.875, 3.687800420299702e-24, nan 
-54.625, -78.875, 3.426314023859325e-24, nan 
-54.375, -78.875, 3.185184457407032e-24, nan 
-54.125, -78.875, 2.4358182374818775e-24, nan 
-53.875, -78.875, 2.7874331878806774e-24, nan 
-53.625, -78.875, 2.9554321675978097e-24, nan 
-53.375, -78.875, 2.6160008630807817e-24, nan 
-53.125, -78.875, 2.1971573358736305e-24, nan 
-52.875, -78.875, 2.1758447578851955e-24, nan 
-52.625, -78.875, 1.5322201726284843e-24, nan 
-52.375, -78.875, 2.379055903872977e-24, nan 
-52.125, -78.875, 2.2338853224568577e-24, nan 
-51.875, -78.875, 1.84573302382755e-24, nan 
-51.625, -78.875, 1.1201522688019007e-24, nan 
-51.375, -78.875, 1.8052231510762927e-24, nan 
-51.125, -78.875, 3.806206629747915e-24, nan 
-50.875, -78.875, 4.258869310112142e-24, nan 
-50.625, -78.875, 4.034109882312782e-24, nan 
-50.375, -78.875, 3.082215595128216e-24, nan 
-50.125, -78.875, 2.5395185340431925e-24, nan 
-49.875, -78.875, 3.418166365685325e-24, nan 
-49.625, -78.875, 3.867562805867787e-24, nan 
-49.375, -78.875, 3.5125773182593105e-24, nan 
-49.125, -78.875, 2.5234775067786943e-24, nan 
-48.875, -78.875, 1.5973505035255709e-24, nan 
-48.625, -78.875, 8.44397529859328e-25, nan 
-48.375, -78.875, 5.524062633103809e-25, nan 
-48.125, -78.875, 4.321335156375384e-25, nan 
-47.875, -78.875, 6.972783443777777e-25, nan 
-47.625, -78.875, 1.370596223805554e-24, nan 
-47.375, -78.875, 1.2215089637427947e-24, nan 
-47.125, -78.875, 1.679066435570921e-24, nan 
-46.875, -78.875, 1.899375301662456e-24, nan 
-46.625, -78.875, 1.6112404007588625e-24, nan 
-46.375, -78.875, 3.23391208470822e-24, nan 
-46.125, -78.875, 2.3260058654425053e-24, nan 
-45.875, -78.875, 3.2808797437210147e-24, nan 
-45.625, -78.875, 3.687625837329154e-24, nan 
-45.375, -78.875, 2.9104304357389895e-24, nan 
-45.125, -78.875, 2.4102354401817338e-24, nan 
-44.875, -78.875, 1.7398080350276676e-24, nan 
-44.625, -78.875, 2.1047173063754147e-24, nan 
-44.375, -78.875, 2.326801859744347e-24, nan 
-44.125, -78.875, 2.3279909403736006e-24, nan 
-43.875, -78.875, 8.166618594925751e-25, nan 
-43.625, -78.875, 7.593602781664301e-25, nan 
-43.375, -78.875, 8.030455456338019e-25, nan 
-43.125, -78.875, 9.018980916053188e-25, nan 
-42.875, -78.875, 8.586024298909343e-25, nan 
-42.625, -78.875, 3.3689400135399234e-25, nan 
-42.375, -78.875, 2.3698653417901597e-25, nan 
-42.125, -78.875, 2.857328848033279e-25, nan 
-41.875, -78.875, 3.4766172627266164e-25, nan 
-41.625, -78.875, 3.8878637071399607e-25, nan 
-41.375, -78.875, 3.862592755426711e-25, nan 
-41.125, -78.875, 6.76724886683591e-25, nan 
-40.875, -78.875, 5.757007577601142e-25, nan 
-40.625, -78.875, 4.025331041226761e-24, nan 
-40.375, -78.875, 3.668847195474017e-24, nan 
-40.125, -78.875, 9.827997814138092e-25, nan 
-39.875, -78.875, 1.1635054161197108e-24, nan 
-39.625, -78.875, 1.3668020444976751e-24, nan 
-39.375, -78.875, 8.70429979904538e-24, nan 
-39.125, -78.875, 7.991213295884727e-24, nan 
-38.875, -78.875, 9.341023648574939e-25, nan 
-38.625, -78.875, 1.0003666806694327e-24, nan 
-38.375, -78.875, 1.4602079992758473e-24, nan 
-38.125, -78.875, 4.67779620470288e-24, nan 
-37.875, -78.875, 4.375923106544778e-24, nan 
-37.625, -78.875, 2.0427383742559407e-25, nan 
-37.375, -78.875, 4.636423087135224e-25, nan 
-37.125, -78.875, 5.894891614923264e-25, nan 
-36.875, -78.875, 2.470775450465311e-25, nan 
-36.625, -78.875, 2.8258104205039845e-25, nan 
-36.375, -78.875, 1.382816792473512e-25, nan 
-36.125, -78.875, 2.7290449469370173e-25, nan 
-35.875, -78.875, 3.5055882668722476e-25, nan 
-35.625, -78.875, 2.7279738118409298e-25, nan 
-35.375, -78.875, 2.567369334841616e-25, nan 
-35.125, -78.875, 3.7965319499096993e-25, nan 
-34.875, -78.875, 2.4831417376459663e-25, nan 
-34.625, -78.875, 3.6912216369970603e-25, nan 
-34.375, -78.875, 3.9077321128559037e-25, nan 
-34.125, -78.875, 4.7488608855283855e-25, nan 
-33.875, -78.875, 5.270933368075291e-25, nan 
-33.625, -78.875, 5.9391867332549725e-25, nan 
-33.375, -78.875, 5.713106481575984e-25, nan 
-33.125, -78.875, 8.035515800711045e-25, nan 
-32.875, -78.875, 1.0179877116696458e-24, nan 
-32.625, -78.875, 1.269118187359443e-24, nan 
-32.375, -78.875, 1.0737779328502784e-24, nan 
-32.125, -78.875, 5.765715499570608e-25, nan 
-31.875, -78.875, 6.7612503141702365e-25, nan 
-31.625, -78.875, 9.187104780178952e-25, nan 
-31.375, -78.875, 1.0554314635605152e-24, nan 
-31.125, -78.875, 1.0883040397878576e-24, nan 
-30.875, -78.875, 8.816891453746401e-25, nan 
-30.625, -78.875, 8.363235918032221e-25, nan 
-30.375, -78.875, 8.8489208369104e-25, nan 
-30.125, -78.875, 9.200003107476304e-25, nan 
-29.875, -78.875, 1.048116743171267e-24, nan 
-29.625, -78.875, 9.980048724931222e-25, nan 
-29.375, -78.875, 1.0498816097612983e-24, nan 
-29.125, -78.875, 9.717568298141328e-25, nan 
-28.875, -78.875, 9.080670034299275e-25, nan 
-28.625, -78.875, 9.802129058989986e-25, nan 
-28.375, -78.875, 1.1011909333473251e-24, nan 
-28.125, -78.875, 1.1681842379253044e-24, nan 
-27.875, -78.875, 1.2209359553692366e-24, nan 
-27.625, -78.875, 9.865810262748866e-25, nan 
-27.375, -78.875, 1.120928583834975e-24, nan 
-27.125, -78.875, 1.4151825167795227e-24, nan 
-26.875, -78.875, 1.5322837627261192e-24, nan 
-26.625, -78.875, 1.3883458758257934e-24, nan 
-26.375, -78.875, 1.9220027845847468e-24, nan 
-26.125, -78.875, 1.720938728763697e-24, nan 
-25.875, -78.875, 1.65962958293294e-24, nan 
-25.625, -78.875, 1.559489860987167e-24, nan 
-25.375, -78.875, 1.4926578881077866e-24, nan 
-25.125, -78.875, 2.2036179144921713e-24, nan 
-24.875, -78.875, 1.7586795274892025e-24, nan 
-24.625, -78.875, 1.926650053761637e-24, nan 
-24.375, -78.875, 1.672794163400313e-24, nan 
-24.125, -78.875, 1.458718076662447e-24, nan 
-23.875, -78.875, 2.0920484661376347e-24, nan 
-23.625, -78.875, 2.2593146875506358e-24, nan 
-23.375, -78.875, 2.011873487904861e-24, nan 
-23.125, -78.875, 2.6162678997998746e-24, nan 
-22.875, -78.875, 3.331178452380101e-24, nan 
-22.625, -78.875, 3.5088278119390824e-24, nan 
-22.375, -78.875, 4.0024165032790516e-24, nan 
-22.125, -78.875, 3.946149932055186e-24, nan 
-21.875, -78.875, 3.347781230154445e-24, nan 
-21.625, -78.875, 4.17651191855859e-24, nan 
-21.375, -78.875, 4.114080223955266e-24, nan 
-21.125, -78.875, 5.388699081852615e-24, nan 
-20.875, -78.875, 4.846500930437307e-24, nan 
-20.625, -78.875, 3.719382211924946e-24, nan 
-20.375, -78.875, 4.630469884505131e-24, nan 
-20.125, -78.875, 6.1439344170598785e-24, nan 
-19.875, -78.875, 5.44507462872217e-24, nan 
-19.625, -78.875, 5.431581515988546e-24, nan 
-19.375, -78.875, 3.385742176226895e-24, nan 
-19.125, -78.875, 6.05182768360327e-24, nan 
-18.875, -78.875, 5.311354902897937e-24, nan 
-18.625, -78.875, 4.693393439534428e-24, nan 
-18.375, -78.875, 4.571008891994295e-24, nan 
-18.125, -78.875, 3.4686147723464805e-24, nan 
-17.875, -78.875, 3.973246742329744e-24, nan 
-17.625, -78.875, 3.71474584780325e-24, nan 
-17.375, -78.875, 3.9635041743436135e-24, nan 
-17.125, -78.875, 3.2824600310595214e-24, nan 
-16.875, -78.875, 3.7449309891480066e-24, nan 
-16.625, -78.875, 4.676508155701177e-24, nan 
-16.375, -78.875, 6.2507153843674984e-24, nan 
-16.125, -78.875, 5.057126646798766e-24, nan 
-15.875, -78.875, 5.407167198978849e-24, nan 
-15.625, -78.875, 5.532416915096201e-24, nan 
-15.375, -78.875, 4.5486200189379476e-24, nan 
-15.125, -78.875, 4.461472500615179e-24, nan 
-14.875, -78.875, 4.558701202284943e-24, nan 
-14.625, -78.875, 3.749568625913212e-24, nan 
-14.375, -78.875, 3.634295178479666e-24, nan 
-14.125, -78.875, 3.5456635990792446e-24, nan 
-13.875, -78.875, 3.1916602402232083e-24, nan 
-13.625, -78.875, 4.654201751055647e-24, nan 
-13.375, -78.875, 3.2476785450220462e-24, nan 
-13.125, -78.875, 3.6021035319514355e-24, nan 
-12.875, -78.875, 1.8323543366888494e-24, nan 
-12.625, -78.875, 1.1485859287983209e-24, nan 
-12.375, -78.875, 1.9117003115687088e-24, nan 
-12.125, -78.875, 1.7264206601765773e-24, nan 
-11.875, -78.875, 1.347877175883488e-24, nan 
-11.625, -78.875, 1.107243855373408e-24, nan 
-11.375, -78.875, 1.2126124645957897e-24, nan 
-11.125, -78.875, 9.934218461083621e-25, nan 
-10.875, -78.875, 9.076126037997737e-25, nan 
-10.625, -78.875, 1.4441345924245593e-24, nan 
-10.375, -78.875, 1.723292377292976e-24, nan 
-10.125, -78.875, 1.967244235050851e-24, nan 
-9.875, -78.875, 1.8923676396601315e-24, nan 
-9.625, -78.875, 2.189457965331325e-24, nan 
-9.375, -78.875, 1.216553656439192e-24, nan 
-9.125, -78.875, 3.3749466553712485e-24, nan 
-8.875, -78.875, 2.223429999390025e-24, nan 
-8.625, -78.875, 1.4774038478503771e-24, nan 
-8.375, -78.875, 1.740782481997129e-24, nan 
-8.125, -78.875, 9.875488371858608e-25, nan 
-7.875, -78.875, 1.302544505374735e-24, nan 
-7.625, -78.875, 2.790761704849168e-24, nan 
-7.375, -78.875, 3.3997877211186576e-24, nan 
-7.125, -78.875, 4.542307142527792e-24, nan 
-6.875, -78.875, 3.151617502958179e-24, nan 
-6.625, -78.875, 3.786533992003746e-24, nan 
-6.375, -78.875, 2.8971765815327116e-24, nan 
-6.125, -78.875, 2.4570901395762764e-24, nan 
-5.875, -78.875, 1.845443831447195e-24, nan 
-5.625, -78.875, 1.8408307764468146e-24, nan 
-5.375, -78.875, 1.602891592560027e-24, nan 
-5.125, -78.875, 2.133933528345243e-24, nan 
-4.875, -78.875, 1.797988316937358e-24, nan 
-4.625, -78.875, 2.1634382327900945e-24, nan 
-4.375, -78.875, 3.125172634583712e-24, nan 
-4.125, -78.875, 3.7711573222763736e-24, nan 
-3.875, -78.875, 3.442629204143555e-24, nan 
-3.625, -78.875, 3.668468560896823e-24, nan 
-58.125, -78.625, 3.769107200360389e-24, nan 
-57.875, -78.625, 6.6034543014912605e-24, nan 
-57.625, -78.625, 5.839577781013211e-24, nan 
-57.375, -78.625, 5.578025007077684e-24, nan 
-57.125, -78.625, 5.4614915777085054e-24, nan 
-56.875, -78.625, 5.5365558626868575e-24, nan 
-56.625, -78.625, 7.178757492456063e-24, nan 
-56.375, -78.625, 5.8830786241220655e-24, nan 
-56.125, -78.625, 5.034995060931116e-24, nan 
-55.875, -78.625, 4.868335130961424e-24, nan 
-55.625, -78.625, 2.8341444032724584e-24, nan 
-55.375, -78.625, 2.310987790347921e-24, nan 
-55.125, -78.625, 3.313101081242083e-24, nan 
-54.875, -78.625, 3.5165548679965534e-24, nan 
-54.625, -78.625, 2.792666988735061e-24, nan 
-54.375, -78.625, 2.6693762258673125e-24, nan 
-54.125, -78.625, 2.4205057677180064e-24, nan 
-53.875, -78.625, 3.0662826355373096e-24, nan 
-53.625, -78.625, 3.087210277938903e-24, nan 
-53.375, -78.625, 2.740473908860394e-24, nan 
-53.125, -78.625, 2.4432844928866174e-24, nan 
-52.875, -78.625, 2.113382821136628e-24, nan 
-52.625, -78.625, 1.7118012933235085e-24, nan 
-52.375, -78.625, 1.718765980896233e-24, nan 
-52.125, -78.625, 1.5250526221865423e-24, nan 
-51.875, -78.625, 1.236264949209634e-24, nan 
-51.625, -78.625, 1.4219637970117557e-24, nan 
-51.375, -78.625, 1.909844307362253e-24, nan 
-51.125, -78.625, 2.712532532135322e-24, nan 
-50.875, -78.625, 2.9059951468301183e-24, nan 
-50.625, -78.625, 3.1864505070223876e-24, nan 
-50.375, -78.625, 2.9637292227548434e-24, nan 
-50.125, -78.625, 2.604463159327579e-24, nan 
-49.875, -78.625, 2.935069151855367e-24, nan 
-49.625, -78.625, 2.9401901416297203e-24, nan 
-49.375, -78.625, 3.352674376542027e-24, nan 
-49.125, -78.625, 2.861418640857864e-24, nan 
-48.875, -78.625, 1.750616043202712e-24, nan 
-48.625, -78.625, 1.1419822932828079e-24, nan 
-48.375, -78.625, 1.0227402465906e-24, nan 
-48.125, -78.625, 1.4249890045047038e-24, nan 
-47.875, -78.625, 1.2977041068386497e-24, nan 
-47.625, -78.625, 1.4921443310244251e-24, nan 
-47.375, -78.625, 9.5378094764811e-25, nan 
-47.125, -78.625, 9.241275982460946e-25, nan 
-46.875, -78.625, 1.8499667665834705e-24, nan 
-46.625, -78.625, 1.6248211192714705e-24, nan 
-46.375, -78.625, 2.3545963534603007e-24, nan 
-46.125, -78.625, 1.4842972887905451e-24, nan 
-45.875, -78.625, 1.2732794515300768e-24, nan 
-45.625, -78.625, 1.6390343459925632e-24, nan 
-45.375, -78.625, 1.3262576232926594e-24, nan 
-45.125, -78.625, 1.9315138785449808e-24, nan 
-44.875, -78.625, 1.5099088328797464e-24, nan 
-44.625, -78.625, 1.23284588545884e-24, nan 
-44.375, -78.625, 9.249899676686965e-25, nan 
-44.125, -78.625, 1.1244892862283639e-24, nan 
-43.875, -78.625, 1.0359246278028307e-24, nan 
-43.625, -78.625, 1.067959408808873e-24, nan 
-43.375, -78.625, 1.0265486281055562e-24, nan 
-43.125, -78.625, 1.0288973250704071e-24, nan 
-42.875, -78.625, 9.611690749540928e-25, nan 
-42.625, -78.625, 7.595706016526348e-25, nan 
-42.375, -78.625, 7.4947356737810255e-25, nan 
-42.125, -78.625, 5.570354448199986e-25, nan 
-41.875, -78.625, 5.288565721373953e-25, nan 
-41.625, -78.625, 5.644632570805396e-25, nan 
-41.375, -78.625, 4.443444927872705e-25, nan 
-41.125, -78.625, 4.769320385977065e-25, nan 
-40.875, -78.625, 5.656193108477539e-25, nan 
-40.625, -78.625, 4.492397695992755e-25, nan 
-40.375, -78.625, 6.093760898149673e-25, nan 
-40.125, -78.625, 1.0178943416020082e-24, nan 
-39.875, -78.625, 1.1184158799776817e-24, nan 
-39.625, -78.625, 7.02630632676235e-25, nan 
-39.375, -78.625, 3.812645981388696e-24, nan 
-39.125, -78.625, 3.4730787508269315e-24, nan 
-38.875, -78.625, 1.023586412481803e-24, nan 
-38.625, -78.625, 1.2333474343016227e-24, nan 
-38.375, -78.625, 1.404651005423237e-24, nan 
-38.125, -78.625, 8.002412638397914e-25, nan 
-37.875, -78.625, 7.359987631980574e-25, nan 
-37.625, -78.625, 5.488310224679491e-25, nan 
-37.375, -78.625, 7.966420419821029e-25, nan 
-37.125, -78.625, 8.675095920481615e-25, nan 
-36.875, -78.625, 5.565939917479917e-25, nan 
-36.625, -78.625, 5.663030821539741e-25, nan 
-36.375, -78.625, 4.71574547759997e-25, nan 
-36.125, -78.625, 4.152574087623535e-25, nan 
-35.875, -78.625, 5.5777426998039375e-25, nan 
-35.625, -78.625, 6.289477171092925e-25, nan 
-35.375, -78.625, 6.739359861985535e-25, nan 
-35.125, -78.625, 5.989667650698861e-25, nan 
-34.875, -78.625, 8.34798565085776e-25, nan 
-34.625, -78.625, 8.356872381945166e-25, nan 
-34.375, -78.625, 1.0142586338664687e-24, nan 
-34.125, -78.625, 8.175393312246935e-25, nan 
-33.875, -78.625, 1.0112055083240427e-24, nan 
-33.625, -78.625, 9.671875773011964e-25, nan 
-33.375, -78.625, 8.692079656681294e-25, nan 
-33.125, -78.625, 1.0894994382652799e-24, nan 
-32.875, -78.625, 8.340522402459808e-25, nan 
-32.625, -78.625, 8.892134148506052e-25, nan 
-32.375, -78.625, 5.867458926212969e-25, nan 
-32.125, -78.625, 8.115404409243786e-25, nan 
-31.875, -78.625, 8.473962848581486e-25, nan 
-31.625, -78.625, 8.95147701851956e-25, nan 
-31.375, -78.625, 9.332038809699428e-25, nan 
-31.125, -78.625, 8.518475260512838e-25, nan 
-30.875, -78.625, 6.844650157216283e-25, nan 
-30.625, -78.625, 6.222941348318512e-25, nan 
-30.375, -78.625, 6.541673615527538e-25, nan 
-30.125, -78.625, 6.87035635007916e-25, nan 
-29.875, -78.625, 7.848946392861292e-25, nan 
-29.625, -78.625, 7.670114179414202e-25, nan 
-29.375, -78.625, 8.053549119194014e-25, nan 
-29.125, -78.625, 8.399270769930833e-25, nan 
-28.875, -78.625, 8.378236595359562e-25, nan 
-28.625, -78.625, 8.255173305191695e-25, nan 
-28.375, -78.625, 9.654198329177745e-25, nan 
-28.125, -78.625, 1.0184318561737587e-24, nan 
-27.875, -78.625, 1.135209416016938e-24, nan 
-27.625, -78.625, 1.1476506493502485e-24, nan 
-27.375, -78.625, 1.1529306630151445e-24, nan 
-27.125, -78.625, 1.1953625390128544e-24, nan 
-26.875, -78.625, 1.3102721341672874e-24, nan 
-26.625, -78.625, 1.2168400919726895e-24, nan 
-26.375, -78.625, 1.4343234888947623e-24, nan 
-26.125, -78.625, 1.0883340325237082e-24, nan 
-25.875, -78.625, 6.449645478641008e-25, nan 
-25.625, -78.625, 5.747006880704302e-25, nan 
-25.375, -78.625, 1.2165885130630503e-24, nan 
-25.125, -78.625, 1.1729841203669249e-24, nan 
-24.875, -78.625, 1.4701845698809453e-24, nan 
-24.625, -78.625, 6.217130998336976e-25, nan 
-24.375, -78.625, 1.81816378443782e-24, nan 
-24.125, -78.625, 1.5009900299116734e-24, nan 
-23.875, -78.625, 1.3155338987597385e-24, nan 
-23.625, -78.625, 1.700194039085487e-24, nan 
-23.375, -78.625, 1.7013999163739732e-24, nan 
-23.125, -78.625, 1.9419553007264588e-24, nan 
-22.875, -78.625, 1.2668634668794168e-24, nan 
-22.625, -78.625, 1.4655789421750005e-24, nan 
-22.375, -78.625, 1.1357948151637673e-24, nan 
-22.125, -78.625, 2.035728091351119e-24, nan 
-21.875, -78.625, 1.560329142417383e-24, nan 
-21.625, -78.625, 2.2934900160072105e-24, nan 
-21.375, -78.625, 2.8546268841648187e-24, nan 
-21.125, -78.625, 4.0833682309077805e-24, nan 
-20.875, -78.625, 3.849974655288774e-24, nan 
-20.625, -78.625, 3.49136515510367e-24, nan 
-20.375, -78.625, 4.412428338436794e-24, nan 
-20.125, -78.625, 5.7884607844139404e-24, nan 
-19.875, -78.625, 4.737506455203734e-24, nan 
-19.625, -78.625, 6.617554809481858e-24, nan 
-19.375, -78.625, 4.517981522088307e-24, nan 
-19.125, -78.625, 4.626313473278789e-24, nan 
-18.875, -78.625, 3.6990550554742166e-24, nan 
-18.625, -78.625, 4.074038616303981e-24, nan 
-18.375, -78.625, 2.8927714500301105e-24, nan 
-18.125, -78.625, 3.794199726241579e-24, nan 
-17.875, -78.625, 4.769709300306783e-24, nan 
-17.625, -78.625, 6.4949895601392846e-24, nan 
-17.375, -78.625, 9.471421596094335e-24, nan 
-17.125, -78.625, 8.220088490080956e-24, nan 
-16.875, -78.625, 9.449103838515751e-24, nan 
-16.625, -78.625, 1.067252111955381e-23, nan 
-16.375, -78.625, 1.0385271936292673e-23, nan 
-16.125, -78.625, 7.582379462448163e-24, nan 
-15.875, -78.625, 5.648121707031246e-24, nan 
-15.625, -78.625, 6.735087548622324e-24, nan 
-15.375, -78.625, 4.2124532441386576e-24, nan 
-15.125, -78.625, 1.720639691730129e-24, nan 
-14.875, -78.625, 1.868652832152077e-24, nan 
-14.625, -78.625, 2.248755128345818e-24, nan 
-14.375, -78.625, 3.0278085656274784e-24, nan 
-14.125, -78.625, 2.7720602397988223e-24, nan 
-13.875, -78.625, 2.6043286743078836e-24, nan 
-13.625, -78.625, 2.751224369762628e-24, nan 
-13.375, -78.625, 2.7963494247534925e-24, nan 
-13.125, -78.625, 3.3529068123177786e-24, nan 
-12.875, -78.625, 2.441594397682335e-24, nan 
-12.625, -78.625, 2.4244003745939518e-24, nan 
-12.375, -78.625, 2.407043313212863e-24, nan 
-12.125, -78.625, 2.1516523994751558e-24, nan 
-11.875, -78.625, 2.5151476775412027e-24, nan 
-11.625, -78.625, 2.3912359715833932e-24, nan 
-11.375, -78.625, 1.8876600768985862e-24, nan 
-11.125, -78.625, 1.9391935335091243e-24, nan 
-10.875, -78.625, 1.4457058436121101e-24, nan 
-10.625, -78.625, 1.2770538212221764e-24, nan 
-10.375, -78.625, 1.731273660783437e-24, nan 
-10.125, -78.625, 1.7600571207806095e-24, nan 
-9.875, -78.625, 1.8434012204445573e-24, nan 
-9.625, -78.625, 1.4625445771359781e-24, nan 
-9.375, -78.625, 1.116246484535831e-24, nan 
-9.125, -78.625, 1.620583341548823e-24, nan 
-8.875, -78.625, 1.185299785062266e-24, nan 
-8.625, -78.625, 1.2399009639135442e-24, nan 
-8.375, -78.625, 1.1410916511471649e-24, nan 
-8.125, -78.625, 1.1361592636424421e-24, nan 
-7.875, -78.625, 1.3316845686812229e-24, nan 
-7.625, -78.625, 1.348532520129915e-24, nan 
-7.375, -78.625, 7.429574544112104e-25, nan 
-7.125, -78.625, 1.699320600640965e-24, nan 
-6.875, -78.625, 9.785995563368527e-25, nan 
-6.625, -78.625, 9.442579195299594e-25, nan 
-6.375, -78.625, 1.8021239633069962e-24, nan 
-6.125, -78.625, 1.4524725782124345e-24, nan 
-5.875, -78.625, 1.586187850290314e-24, nan 
-5.625, -78.625, 9.17948644374456e-25, nan 
-5.375, -78.625, 8.328174426287063e-25, nan 
-5.125, -78.625, 1.2797661193762358e-24, nan 
-4.875, -78.625, 1.714931870694714e-24, nan 
-4.625, -78.625, 1.1246771063589682e-24, nan 
-4.375, -78.625, 1.0989789859213711e-24, nan 
-4.125, -78.625, 9.358349545014547e-25, nan 
-3.875, -78.625, 8.583409531629948e-25, nan 
-3.625, -78.625, 1.4280690221221249e-24, nan 
-3.375, -78.625, 1.2734923521691642e-24, nan 
-3.125, -78.625, 1.8316115078146582e-24, nan 
-2.875, -78.625, 1.5254894778566086e-24, nan 
-57.375, -78.375, 4.345358078009083e-24, nan 
-57.125, -78.375, 4.548684133585576e-24, nan 
-56.875, -78.375, 6.708838884232025e-24, nan 
-56.625, -78.375, 5.096876003478231e-24, nan 
-56.375, -78.375, 3.6539845008568395e-24, nan 
-56.125, -78.375, 3.642546750501319e-24, nan 
-55.875, -78.375, 2.7533106490812462e-24, nan 
-55.625, -78.375, 2.846122109588704e-24, nan 
-55.375, -78.375, 2.35127610507583e-24, nan 
-55.125, -78.375, 2.1845911831477827e-24, nan 
-54.875, -78.375, 2.9054712815445023e-24, nan 
-54.625, -78.375, 1.5648936439570165e-24, nan 
-54.375, -78.375, 1.6814032525453543e-24, nan 
-54.125, -78.375, 1.722389318678402e-24, nan 
-53.875, -78.375, 1.8829536659110857e-24, nan 
-53.625, -78.375, 2.383626300666884e-24, nan 
-53.375, -78.375, 1.6924805468651564e-24, nan 
-53.125, -78.375, 1.5820689520117341e-24, nan 
-52.875, -78.375, 1.5985169591461105e-24, nan 
-52.625, -78.375, 1.527769644623273e-24, nan 
-52.375, -78.375, 1.4757527640809611e-24, nan 
-52.125, -78.375, 1.2916351872446444e-24, nan 
-51.875, -78.375, 9.202797668976104e-25, nan 
-51.625, -78.375, 1.763986073622635e-24, nan 
-51.375, -78.375, 2.88361415205974e-24, nan 
-51.125, -78.375, 3.9298039506367776e-24, nan 
-50.875, -78.375, 4.410027942375691e-24, nan 
-50.625, -78.375, 3.768079307547045e-24, nan 
-50.375, -78.375, 2.9900399783212063e-24, nan 
-50.125, -78.375, 3.0646589309219926e-24, nan 
-49.875, -78.375, 3.876663264894299e-24, nan 
-49.625, -78.375, 3.955013508309531e-24, nan 
-49.375, -78.375, 3.5928027473520484e-24, nan 
-49.125, -78.375, 2.748210325696121e-24, nan 
-48.875, -78.375, 1.5914411664011686e-24, nan 
-48.625, -78.375, 1.0957050880580083e-24, nan 
-48.375, -78.375, 8.246625045331336e-25, nan 
-48.125, -78.375, 1.4654760065801884e-24, nan 
-47.875, -78.375, 1.1062916153156887e-24, nan 
-47.625, -78.375, 1.1270588451021678e-24, nan 
-47.375, -78.375, 6.881074710004628e-25, nan 
-47.125, -78.375, 5.4438889085327555e-25, nan 
-46.875, -78.375, 1.5016019215990612e-24, nan 
-46.625, -78.375, 8.526097389732501e-25, nan 
-46.375, -78.375, 1.4533527991082418e-24, nan 
-46.125, -78.375, 1.162614447624241e-24, nan 
-45.875, -78.375, 9.855842301129327e-25, nan 
-45.625, -78.375, 1.4163927852246857e-24, nan 
-45.375, -78.375, 7.180898091770271e-25, nan 
-45.125, -78.375, 7.203726642737394e-25, nan 
-44.875, -78.375, 1.1245551323178876e-24, nan 
-44.625, -78.375, 9.756523084412506e-25, nan 
-44.375, -78.375, 9.695896400129258e-25, nan 
-44.125, -78.375, 5.927901287145624e-25, nan 
-43.875, -78.375, 4.256402046607822e-25, nan 
-43.625, -78.375, 7.171863384362012e-25, nan 
-43.375, -78.375, 1.258895337182637e-24, nan 
-43.125, -78.375, 1.2095381107143456e-24, nan 
-42.875, -78.375, 8.601056342381784e-25, nan 
-42.625, -78.375, 1.116099818516788e-24, nan 
-42.375, -78.375, 8.250452095131127e-25, nan 
-42.125, -78.375, 1.2477938623112603e-24, nan 
-41.875, -78.375, 1.1933280231580749e-24, nan 
-41.625, -78.375, 9.908006902388334e-25, nan 
-41.375, -78.375, 1.0571249206658335e-24, nan 
-41.125, -78.375, 5.931829127405793e-25, nan 
-40.875, -78.375, 5.134922213920884e-25, nan 
-40.625, -78.375, 3.4921717669831117e-25, nan 
-40.375, -78.375, 3.347869719253042e-25, nan 
-40.125, -78.375, 3.171262558604529e-25, nan 
-39.875, -78.375, 3.263043827161362e-25, nan 
-39.625, -78.375, 4.616825700187898e-25, nan 
-39.375, -78.375, 4.746957328541216e-25, nan 
-39.125, -78.375, 6.787956240786698e-25, nan 
-38.875, -78.375, 9.252345457352176e-25, nan 
-38.625, -78.375, 9.499637394078404e-25, nan 
-38.375, -78.375, 6.920190604177433e-25, nan 
-38.125, -78.375, 5.21741699406308e-25, nan 
-37.875, -78.375, 8.940120808408924e-25, nan 
-37.625, -78.375, 1.1080048908663096e-24, nan 
-37.375, -78.375, 1.0381708486232235e-24, nan 
-37.125, -78.375, 1.057793574281708e-24, nan 
-36.875, -78.375, 1.0296307944710417e-24, nan 
-36.625, -78.375, 8.949422746663645e-25, nan 
-36.375, -78.375, 1.0536685336605056e-24, nan 
-36.125, -78.375, 9.666558595023124e-25, nan 
-35.875, -78.375, 1.1119386193653417e-24, nan 
-35.625, -78.375, 1.045631192562756e-24, nan 
-35.375, -78.375, 1.1367842087020655e-24, nan 
-35.125, -78.375, 1.5585118736821111e-24, nan 
-34.875, -78.375, 1.306283493492716e-24, nan 
-34.625, -78.375, 1.3265275710572565e-24, nan 
-34.375, -78.375, 1.3121936647908893e-24, nan 
-34.125, -78.375, 1.1578801014391394e-24, nan 
-33.875, -78.375, 1.2113780462911307e-24, nan 
-33.625, -78.375, 1.048754217770892e-24, nan 
-33.375, -78.375, 1.2577392202012742e-24, nan 
-33.125, -78.375, 1.1222607383956791e-24, nan 
-32.875, -78.375, 9.94294484341631e-25, nan 
-32.625, -78.375, 9.058262612962412e-25, nan 
-32.375, -78.375, 6.710026857554866e-25, nan 
-32.125, -78.375, 1.0843969456593163e-24, nan 
-31.875, -78.375, 1.2379210664669841e-24, nan 
-31.625, -78.375, 1.0721624482274375e-24, nan 
-31.375, -78.375, 9.777125830198128e-25, nan 
-31.125, -78.375, 8.491929423129176e-25, nan 
-30.875, -78.375, 7.021249909644756e-25, nan 
-30.625, -78.375, 6.880682824521092e-25, nan 
-30.375, -78.375, 6.267858204278108e-25, nan 
-30.125, -78.375, 5.588424108967562e-25, nan 
-29.875, -78.375, 6.860484240356605e-25, nan 
-29.625, -78.375, 6.714945248762345e-25, nan 
-29.375, -78.375, 7.949861952637539e-25, nan 
-29.125, -78.375, 8.660564011022855e-25, nan 
-28.875, -78.375, 7.892298282182508e-25, nan 
-28.625, -78.375, 8.03630482126292e-25, nan 
-28.375, -78.375, 8.366294511297158e-25, nan 
-28.125, -78.375, 7.805186415139776e-25, nan 
-27.875, -78.375, 8.32992562090803e-25, nan 
-27.625, -78.375, 9.038003465650472e-25, nan 
-27.375, -78.375, 7.929651167533489e-25, nan 
-27.125, -78.375, 5.466817507880643e-25, nan 
-26.875, -78.375, 7.580498606321065e-25, nan 
-26.625, -78.375, 8.839646604083506e-25, nan 
-26.375, -78.375, 4.9924802826606895e-25, nan 
-26.125, -78.375, 2.6434163904509204e-25, nan 
-25.875, -78.375, 4.90447980243373e-25, nan 
-25.625, -78.375, 6.486152445720982e-25, nan 
-25.375, -78.375, 9.181440513670596e-25, nan 
-25.125, -78.375, 9.779597586544603e-25, nan 
-24.875, -78.375, 1.6425877413338426e-24, nan 
-24.625, -78.375, 8.82209870857451e-25, nan 
-24.375, -78.375, 9.649509560860253e-25, nan 
-24.125, -78.375, 1.2153096164229403e-24, nan 
-23.875, -78.375, 1.3883023472265232e-24, nan 
-23.625, -78.375, 1.66351058205212e-24, nan 
-23.375, -78.375, 9.629129400724829e-25, nan 
-23.125, -78.375, 1.2153977661255677e-24, nan 
-22.875, -78.375, 9.440975198906233e-25, nan 
-22.625, -78.375, 1.1176118776864793e-24, nan 
-22.375, -78.375, 1.1011422705200098e-24, nan 
-22.125, -78.375, 2.757638293718458e-24, nan 
-21.875, -78.375, 3.234583155982596e-24, nan 
-21.625, -78.375, 3.90004803241729e-24, nan 
-21.375, -78.375, 4.621082246820887e-24, nan 
-21.125, -78.375, 2.7053341926397592e-24, nan 
-20.875, -78.375, 3.8057070899587204e-24, nan 
-20.625, -78.375, 4.1086166334025076e-24, nan 
-20.375, -78.375, 5.646903978558834e-24, nan 
-20.125, -78.375, 7.112708533389328e-24, nan 
-19.875, -78.375, 4.182225103792227e-24, nan 
-19.625, -78.375, 6.5810083525909444e-24, nan 
-19.375, -78.375, 4.202890651867904e-24, nan 
-19.125, -78.375, 4.239980775253518e-24, nan 
-18.875, -78.375, 6.44938937072806e-24, nan 
-18.625, -78.375, 8.787858661539633e-24, nan 
-18.375, -78.375, 9.013859181702267e-24, nan 
-18.125, -78.375, 9.695370277658314e-24, nan 
-17.875, -78.375, 1.1137160456047552e-23, nan 
-17.625, -78.375, 1.0031086828957494e-23, nan 
-17.375, -78.375, 1.1922066705462737e-23, nan 
-17.125, -78.375, 1.2907523294179773e-23, nan 
-16.875, -78.375, 1.51353466053682e-23, nan 
-16.625, -78.375, 1.7944242491235452e-23, nan 
-16.375, -78.375, 1.6031026425787415e-23, nan 
-16.125, -78.375, 8.823166924666688e-24, nan 
-15.875, -78.375, 7.156122659274142e-24, nan 
-15.625, -78.375, 9.016609004072153e-24, nan 
-15.375, -78.375, 1.0725728317658451e-23, nan 
-15.125, -78.375, 1.2659991534987344e-23, nan 
-14.875, -78.375, 5.9576224450930844e-24, nan 
-14.625, -78.375, 4.838657617147803e-24, nan 
-14.375, -78.375, 6.618896817713018e-24, nan 
-14.125, -78.375, 3.243452513028178e-24, nan 
-13.875, -78.375, 2.0730154256070677e-24, nan 
-13.625, -78.375, 1.340342692184162e-24, nan 
-13.375, -78.375, 1.204804910468486e-24, nan 
-13.125, -78.375, 5.511340002169559e-25, nan 
-12.875, -78.375, 1.7402634265275503e-24, nan 
-12.625, -78.375, 2.461871497288313e-24, nan 
-12.375, -78.375, 1.6173827608570088e-24, nan 
-12.125, -78.375, 2.2519512405457608e-24, nan 
-11.875, -78.375, 3.061561186314065e-24, nan 
-11.625, -78.375, 3.985044531901115e-24, nan 
-11.375, -78.375, 3.749468921899111e-24, nan 
-11.125, -78.375, 3.123295652056951e-24, nan 
-10.875, -78.375, 2.798844190564999e-24, nan 
-10.625, -78.375, 2.9278918929848083e-24, nan 
-10.375, -78.375, 4.598899047638963e-24, nan 
-10.125, -78.375, 4.9019774918274685e-24, nan 
-9.875, -78.375, 3.4613070722517676e-24, nan 
-9.625, -78.375, 2.475923020118813e-24, nan 
-9.375, -78.375, 1.7475035870948463e-24, nan 
-9.125, -78.375, 2.7185851947742385e-24, nan 
-8.875, -78.375, 2.1879492145021105e-24, nan 
-8.625, -78.375, 1.971496842135747e-24, nan 
-8.375, -78.375, 1.881795148809443e-24, nan 
-8.125, -78.375, 1.6124757596143545e-24, nan 
-7.875, -78.375, 1.0312281496444629e-24, nan 
-7.625, -78.375, 1.2953019934859297e-24, nan 
-7.375, -78.375, 1.8707258094966432e-24, nan 
-7.125, -78.375, 1.9077129436802175e-24, nan 
-6.875, -78.375, 1.3920120516005335e-24, nan 
-6.625, -78.375, 1.3027185378133663e-24, nan 
-6.375, -78.375, 1.3747997805237072e-24, nan 
-6.125, -78.375, 1.1207465813817676e-24, nan 
-5.875, -78.375, 1.4658973946024675e-24, nan 
-5.625, -78.375, 1.0980221903547242e-24, nan 
-5.375, -78.375, 9.089623958292604e-25, nan 
-5.125, -78.375, 1.1814666751431544e-24, nan 
-4.875, -78.375, 1.4765676423447489e-24, nan 
-4.625, -78.375, 1.017504460615789e-24, nan 
-4.375, -78.375, 1.9052075110056434e-24, nan 
-4.125, -78.375, 1.3567265117596148e-24, nan 
-3.875, -78.375, 3.575817201812777e-24, nan 
-3.625, -78.375, 4.5029236877054e-24, nan 
-3.375, -78.375, 5.6036719334580035e-24, nan 
-3.125, -78.375, 4.819465597141919e-24, nan 
-2.875, -78.375, 6.56985978791517e-24, nan 
-2.625, -78.375, 6.924212441389844e-24, nan 
-2.375, -78.375, 7.818072347336202e-24, nan 
-2.125, -78.375, 9.074342048880796e-24, nan 
-56.625, -78.125, 1.9597507979508597e-24, nan 
-56.375, -78.125, 1.0541615014259175e-24, nan 
-56.125, -78.125, 2.860397159289117e-24, nan 
-55.875, -78.125, 3.0224515615662115e-24, nan 
-55.625, -78.125, 3.394150887543956e-24, nan 
-55.375, -78.125, 2.361320778208265e-24, nan 
-55.125, -78.125, 1.0602200355066145e-24, nan 
-54.875, -78.125, 1.2319707416548763e-24, nan 
-54.625, -78.125, 1.6405935235926314e-24, nan 
-54.375, -78.125, 1.6942747457000963e-24, nan 
-54.125, -78.125, 1.4455742322425109e-24, nan 
-53.875, -78.125, 1.435459007782594e-24, nan 
-53.625, -78.125, 1.8256320441687925e-24, nan 
-53.375, -78.125, 1.653117490541913e-24, nan 
-53.125, -78.125, 1.1133638320316545e-24, nan 
-52.875, -78.125, 1.843986473792775e-24, nan 
-52.625, -78.125, 1.4678585968833695e-24, nan 
-52.375, -78.125, 2.085866685790992e-24, nan 
-52.125, -78.125, 2.1849394014578047e-24, nan 
-51.875, -78.125, 1.9624449498072278e-24, nan 
-51.625, -78.125, 1.8594704490103908e-24, nan 
-51.375, -78.125, 2.793666239562829e-24, nan 
-51.125, -78.125, 2.824762331691639e-24, nan 
-50.875, -78.125, 3.393391846274511e-24, nan 
-50.625, -78.125, 3.255190668484726e-24, nan 
-50.375, -78.125, 3.160280417689699e-24, nan 
-50.125, -78.125, 2.966341507333928e-24, nan 
-49.875, -78.125, 2.5777785982961028e-24, nan 
-49.625, -78.125, 1.7833521377587586e-24, nan 
-49.375, -78.125, 2.1484950697043048e-24, nan 
-49.125, -78.125, 3.0855389062747257e-24, nan 
-48.875, -78.125, 1.9259861324412563e-24, nan 
-48.625, -78.125, 2.189926563552693e-24, nan 
-48.375, -78.125, 1.3774011521049833e-24, nan 
-48.125, -78.125, 1.3879777296206272e-24, nan 
-47.875, -78.125, 7.317246486016849e-25, nan 
-47.625, -78.125, 5.869382848683033e-25, nan 
-47.375, -78.125, 3.373907749051415e-25, nan 
-47.125, -78.125, 5.080716555014806e-25, nan 
-46.875, -78.125, 1.1174988122019131e-24, nan 
-46.625, -78.125, 8.547599743331408e-25, nan 
-46.375, -78.125, 9.125988963303661e-25, nan 
-46.125, -78.125, 7.786863705564066e-25, nan 
-45.875, -78.125, 6.9284587230974735e-25, nan 
-45.625, -78.125, 7.307333736138764e-25, nan 
-45.375, -78.125, 8.800950624893985e-25, nan 
-45.125, -78.125, 1.0788196078289746e-24, nan 
-44.875, -78.125, 1.0330075155306423e-24, nan 
-44.625, -78.125, 9.993823292444641e-25, nan 
-44.375, -78.125, 9.0635345242324e-25, nan 
-44.125, -78.125, 9.898293874939162e-25, nan 
-43.875, -78.125, 8.65394112525743e-25, nan 
-43.625, -78.125, 2.883449264488959e-25, nan 
-43.375, -78.125, 2.769929172046234e-25, nan 
-43.125, -78.125, 3.1928040661021083e-25, nan 
-42.875, -78.125, 2.6270549651015264e-25, nan 
-42.625, -78.125, 4.611000815095092e-25, nan 
-42.375, -78.125, 4.1207386589228816e-25, nan 
-42.125, -78.125, 8.41909062379773e-25, nan 
-41.875, -78.125, 7.604964375856771e-25, nan 
-41.625, -78.125, 9.192746567809891e-25, nan 
-41.375, -78.125, 8.165707367864098e-25, nan 
-41.125, -78.125, 8.406624711361243e-25, nan 
-40.875, -78.125, 6.8431247766070915e-25, nan 
-40.625, -78.125, 9.548164371333282e-25, nan 
-40.375, -78.125, 7.121507226348156e-25, nan 
-40.125, -78.125, 6.419279169771225e-25, nan 
-39.875, -78.125, 4.987998261683149e-25, nan 
-39.625, -78.125, 7.532838797179944e-25, nan 
-39.375, -78.125, 6.212603384610487e-25, nan 
-39.125, -78.125, 6.127867178602594e-25, nan 
-38.875, -78.125, 6.415840762699311e-25, nan 
-38.625, -78.125, 5.230330470148112e-25, nan 
-38.375, -78.125, 6.563547144596283e-25, nan 
-38.125, -78.125, 6.377566921464144e-25, nan 
-37.875, -78.125, 9.163607217838511e-25, nan 
-37.625, -78.125, 1.1815023324508057e-24, nan 
-37.375, -78.125, 1.1002390064765732e-24, nan 
-37.125, -78.125, 1.197403027876291e-24, nan 
-36.875, -78.125, 1.1216644482202716e-24, nan 
-36.625, -78.125, 1.1315305503378522e-24, nan 
-36.375, -78.125, 1.2981316686832471e-24, nan 
-36.125, -78.125, 1.3560564558383412e-24, nan 
-35.875, -78.125, 1.2959598323564745e-24, nan 
-35.625, -78.125, 9.85980251906647e-25, nan 
-35.375, -78.125, 1.1118703029489482e-24, nan 
-35.125, -78.125, 1.3438781516749047e-24, nan 
-34.875, -78.125, 1.1230452824557858e-24, nan 
-34.625, -78.125, 1.3504130492499149e-24, nan 
-34.375, -78.125, 1.0086630875071324e-24, nan 
-34.125, -78.125, 1.1941686641789284e-24, nan 
-33.875, -78.125, 9.174789965833294e-25, nan 
-33.625, -78.125, 1.0025450724021e-24, nan 
-33.375, -78.125, 1.2852262862141758e-24, nan 
-33.125, -78.125, 8.849487918505449e-25, nan 
-32.875, -78.125, 2.0732863336512734e-24, nan 
-32.625, -78.125, 1.6644153394968148e-24, nan 
-32.375, -78.125, 1.4962028126470034e-24, nan 
-32.125, -78.125, 8.877337724048253e-25, nan 
-31.875, -78.125, 1.360394457612283e-24, nan 
-31.625, -78.125, 1.6384503105230043e-24, nan 
-31.375, -78.125, 1.6163347568537873e-24, nan 
-31.125, -78.125, 1.5601924335214775e-24, nan 
-30.875, -78.125, 1.1725369191136306e-24, nan 
-30.625, -78.125, 1.1711304860013833e-24, nan 
-30.375, -78.125, 8.820190198729146e-25, nan 
-30.125, -78.125, 6.574343270640705e-25, nan 
-29.875, -78.125, 4.276980263351658e-25, nan 
-29.625, -78.125, 6.716334744629568e-25, nan 
-29.375, -78.125, 8.226073791721767e-25, nan 
-29.125, -78.125, 8.260210241178419e-25, nan 
-28.875, -78.125, 7.311624561557095e-25, nan 
-28.625, -78.125, 7.1182905420264e-25, nan 
-28.375, -78.125, 1.0444832719925354e-24, nan 
-28.125, -78.125, 8.35280920337313e-25, nan 
-27.875, -78.125, 7.7091319693047475e-25, nan 
-27.625, -78.125, 7.732350312645858e-25, nan 
-27.375, -78.125, 9.867064823513042e-25, nan 
-27.125, -78.125, 5.907815252861014e-25, nan 
-26.875, -78.125, 7.623936286377533e-25, nan 
-26.625, -78.125, 8.443165083536016e-25, nan 
-26.375, -78.125, 7.591719191318854e-25, nan 
-26.125, -78.125, 5.385225683610861e-25, nan 
-25.875, -78.125, 7.62634182221692e-25, nan 
-25.625, -78.125, 1.0456387817726313e-24, nan 
-25.375, -78.125, 1.4333006870750932e-24, nan 
-25.125, -78.125, 1.5844610518918131e-24, nan 
-24.875, -78.125, 1.844705441778198e-24, nan 
-24.625, -78.125, 1.0475173818726788e-24, nan 
-24.375, -78.125, 1.535903665168544e-24, nan 
-24.125, -78.125, 2.1159761606163157e-24, nan 
-23.875, -78.125, 2.4215841897493517e-24, nan 
-23.625, -78.125, 2.444842445181855e-24, nan 
-23.375, -78.125, 1.6012111417369715e-24, nan 
-23.125, -78.125, 2.1451697785212403e-24, nan 
-22.875, -78.125, 1.733286451481159e-24, nan 
-22.625, -78.125, 1.842903040692176e-24, nan 
-22.375, -78.125, 8.131119858034429e-25, nan 
-22.125, -78.125, 1.9792211250839054e-24, nan 
-21.875, -78.125, 1.793884879823168e-24, nan 
-21.625, -78.125, 2.4201099461227163e-24, nan 
-21.375, -78.125, 3.781000827005053e-24, nan 
-21.125, -78.125, 1.883071566925156e-24, nan 
-20.875, -78.125, 3.345827637094539e-24, nan 
-20.625, -78.125, 3.2386215570727226e-24, nan 
-20.375, -78.125, 3.503318274175597e-24, nan 
-20.125, -78.125, 6.2293742164357e-24, nan 
-19.875, -78.125, 2.4944759209774462e-24, nan 
-19.625, -78.125, 4.659336676372502e-24, nan 
-19.375, -78.125, 4.328547972992089e-24, nan 
-19.125, -78.125, 3.899515025453124e-24, nan 
-18.875, -78.125, 4.723254864646807e-24, nan 
-18.625, -78.125, 8.283465483147841e-24, nan 
-18.375, -78.125, 6.830452741588985e-24, nan 
-18.125, -78.125, 8.636142499771314e-24, nan 
-17.875, -78.125, 9.323749767862047e-24, nan 
-17.625, -78.125, 7.609930585692635e-24, nan 
-17.375, -78.125, 9.747972697429953e-24, nan 
-17.125, -78.125, 8.395492546763531e-24, nan 
-16.875, -78.125, 1.1407075493745897e-23, nan 
-16.625, -78.125, 1.3423892084625603e-23, nan 
-16.375, -78.125, 1.119832817567073e-23, nan 
-16.125, -78.125, 6.363857376134596e-24, nan 
-15.875, -78.125, 4.8295361141649996e-24, nan 
-15.625, -78.125, 6.945748466382147e-24, nan 
-15.375, -78.125, 7.072183929096487e-24, nan 
-15.125, -78.125, 1.1164512871904356e-23, nan 
-14.875, -78.125, 4.795127442380607e-24, nan 
-14.625, -78.125, 8.214829649204267e-24, nan 
-14.375, -78.125, 1.2083238141510466e-23, nan 
-14.125, -78.125, 5.210601279321452e-24, nan 
-13.875, -78.125, 6.151096143268504e-24, nan 
-13.625, -78.125, 1.2654458457595774e-24, nan 
-13.375, -78.125, 4.789738593548299e-24, nan 
-13.125, -78.125, 6.5427903833040416e-24, nan 
-12.875, -78.125, 2.6825205453879684e-24, nan 
-12.625, -78.125, 2.1668024909821936e-24, nan 
-12.375, -78.125, 2.18610107658069e-24, nan 
-12.125, -78.125, 2.360061056587945e-24, nan 
-11.875, -78.125, 2.292875757103276e-24, nan 
-11.625, -78.125, 2.407934644453568e-24, nan 
-11.375, -78.125, 1.535238626971834e-24, nan 
-11.125, -78.125, 2.0810028035106625e-24, nan 
-10.875, -78.125, 3.0441816473319783e-24, nan 
-10.625, -78.125, 2.9120884383658695e-24, nan 
-10.375, -78.125, 2.888304569946948e-24, nan 
-10.125, -78.125, 3.032153109896007e-24, nan 
-9.875, -78.125, 2.7247376840783942e-24, nan 
-9.625, -78.125, 4.112338113030191e-24, nan 
-9.375, -78.125, 3.210205860076843e-24, nan 
-9.125, -78.125, 1.441677538530556e-24, nan 
-8.875, -78.125, 1.5626182226831215e-24, nan 
-8.625, -78.125, 2.9225429726599347e-24, nan 
-8.375, -78.125, 3.538071480911531e-24, nan 
-8.125, -78.125, 2.417190803308436e-24, nan 
-7.875, -78.125, 1.8789297529363072e-24, nan 
-7.625, -78.125, 1.9019255802274377e-24, nan 
-7.375, -78.125, 2.799691172525708e-24, nan 
-7.125, -78.125, 3.0680307793464416e-24, nan 
-6.875, -78.125, 1.0951297870167445e-23, nan 
-6.625, -78.125, 1.2690711605582274e-23, nan 
-6.375, -78.125, 1.1024480578633285e-23, nan 
-6.125, -78.125, 1.598154169090759e-24, nan 
-5.875, -78.125, 7.263266429741497e-25, nan 
-5.625, -78.125, 4.55070677386161e-25, nan 
-5.375, -78.125, 1.0355736911717921e-24, nan 
-5.125, -78.125, 2.3980413686959655e-24, nan 
-4.875, -78.125, 3.122178105135736e-24, nan 
-4.625, -78.125, 3.98243729174862e-24, nan 
-4.375, -78.125, 5.404282216568009e-24, nan 
-4.125, -78.125, 5.8557955976002915e-24, nan 
-3.875, -78.125, 6.4368852504058285e-24, nan 
-3.625, -78.125, 7.402579157480075e-24, nan 
-3.375, -78.125, 8.437744930185398e-24, nan 
-3.125, -78.125, 9.847779827388826e-24, nan 
-2.875, -78.125, 1.0577869427105951e-23, nan 
-2.625, -78.125, 8.97921023112597e-24, nan 
-2.375, -78.125, 8.902320024429591e-24, nan 
-2.125, -78.125, 9.557903551733943e-24, nan 
-1.875, -78.125, 1.3003997531944601e-23, nan 
-1.625, -78.125, 1.381859185978032e-23, nan 
-55.875, -77.875, 2.170700073559517e-24, nan 
-55.625, -77.875, 1.8881740506521348e-24, nan 
-55.375, -77.875, 9.619044924501349e-25, nan 
-55.125, -77.875, 6.495262452810891e-25, nan 
-54.875, -77.875, 8.761367187552232e-25, nan 
-54.625, -77.875, 1.440901944843531e-24, nan 
-54.375, -77.875, 9.089734660615006e-25, nan 
-54.125, -77.875, 8.095753133029868e-25, nan 
-53.875, -77.875, 7.247616901605593e-25, nan 
-53.625, -77.875, 8.906199522797993e-25, nan 
-53.375, -77.875, 1.75762778696992e-24, nan 
-53.125, -77.875, 1.234513773761028e-24, nan 
-52.875, -77.875, 1.7702567758102214e-24, nan 
-52.625, -77.875, 1.842772737404412e-24, nan 
-52.375, -77.875, 2.0772099897688125e-24, nan 
-52.125, -77.875, 2.112635626678187e-24, nan 
-51.875, -77.875, 1.836714838580027e-24, nan 
-51.625, -77.875, 1.8113955251332358e-24, nan 
-51.375, -77.875, 2.0490033369007234e-24, nan 
-51.125, -77.875, 1.91958116124236e-24, nan 
-50.875, -77.875, 2.3606448795487538e-24, nan 
-50.625, -77.875, 3.1051780670376964e-24, nan 
-50.375, -77.875, 3.9917031201355224e-24, nan 
-50.125, -77.875, 3.6751544146563275e-24, nan 
-49.875, -77.875, 3.3069501043406616e-24, nan 
-49.625, -77.875, 2.6780663239466524e-24, nan 
-49.375, -77.875, 2.488839173882982e-24, nan 
-49.125, -77.875, 2.8362264530430736e-24, nan 
-48.875, -77.875, 2.648834105766305e-24, nan 
-48.625, -77.875, 2.5586099040279473e-24, nan 
-48.375, -77.875, 2.076861117985389e-24, nan 
-48.125, -77.875, 1.6894877590749277e-24, nan 
-47.875, -77.875, 8.779956673444609e-25, nan 
-47.625, -77.875, 9.527233421427392e-25, nan 
-47.375, -77.875, 7.69434186459579e-25, nan 
-47.125, -77.875, 9.491773500063843e-25, nan 
-46.875, -77.875, 9.736384752123647e-25, nan 
-46.625, -77.875, 1.1271198055976814e-24, nan 
-46.375, -77.875, 7.400099781576553e-25, nan 
-46.125, -77.875, 6.227981689749883e-25, nan 
-45.875, -77.875, 8.141830286546209e-25, nan 
-45.625, -77.875, 9.376300852070372e-25, nan 
-45.375, -77.875, 9.75331655669652e-25, nan 
-45.125, -77.875, 7.12518329865337e-25, nan 
-44.875, -77.875, 7.235160645904498e-25, nan 
-44.625, -77.875, 9.990584677139676e-25, nan 
-44.375, -77.875, 1.2396544690143294e-24, nan 
-44.125, -77.875, 1.2321269361158588e-24, nan 
-43.875, -77.875, 1.002846886158871e-24, nan 
-43.625, -77.875, 8.861895388554388e-25, nan 
-43.375, -77.875, 1.1794489963881215e-24, nan 
-43.125, -77.875, 1.3378945097356124e-24, nan 
-42.875, -77.875, 1.2008421275697572e-24, nan 
-42.625, -77.875, 8.32444088499082e-25, nan 
-42.375, -77.875, 1.2278965156168813e-24, nan 
-42.125, -77.875, 1.1879294478134977e-24, nan 
-41.875, -77.875, 1.5751984205407914e-24, nan 
-41.625, -77.875, 1.1994864118090873e-24, nan 
-41.375, -77.875, 1.41007926737236e-24, nan 
-41.125, -77.875, 9.292784000152377e-25, nan 
-40.875, -77.875, 8.76038573911619e-25, nan 
-40.625, -77.875, 1.1433333188685358e-24, nan 
-40.375, -77.875, 1.1043544413087329e-24, nan 
-40.125, -77.875, 9.488799524839522e-25, nan 
-39.875, -77.875, 8.37809619021963e-25, nan 
-39.625, -77.875, 6.897593777119992e-25, nan 
-39.375, -77.875, 8.604504493888557e-25, nan 
-39.125, -77.875, 6.5684996340306165e-25, nan 
-38.875, -77.875, 6.923825641606174e-25, nan 
-38.625, -77.875, 8.537630421593486e-25, nan 
-38.375, -77.875, 9.81601005729563e-25, nan 
-38.125, -77.875, 9.179455211766297e-25, nan 
-37.875, -77.875, 9.655368077624777e-25, nan 
-37.625, -77.875, 1.0804034077312934e-24, nan 
-37.375, -77.875, 1.1291145184048048e-24, nan 
-37.125, -77.875, 1.047700112047605e-24, nan 
-36.875, -77.875, 8.641877486936673e-25, nan 
-36.625, -77.875, 9.793629809795632e-25, nan 
-36.375, -77.875, 9.985621919640744e-25, nan 
-36.125, -77.875, 1.168321748443868e-24, nan 
-35.875, -77.875, 7.75859360879957e-25, nan 
-35.625, -77.875, 7.227387043854683e-25, nan 
-35.375, -77.875, 5.71201366990224e-25, nan 
-35.125, -77.875, 6.518164675042055e-25, nan 
-34.875, -77.875, 9.202217892879229e-25, nan 
-34.625, -77.875, 4.350671435437775e-25, nan 
-34.375, -77.875, 6.69388234900024e-25, nan 
-34.125, -77.875, 9.254082629502369e-25, nan 
-33.875, -77.875, 9.999379427826263e-25, nan 
-33.625, -77.875, 7.4046075212483e-25, nan 
-33.375, -77.875, 3.017816653318984e-25, nan 
-33.125, -77.875, 9.876454461449475e-25, nan 
-32.875, -77.875, 1.90918845020552e-24, nan 
-32.625, -77.875, 1.7954833569745675e-24, nan 
-32.375, -77.875, 1.791613350297641e-24, nan 
-32.125, -77.875, 5.259094973083587e-25, nan 
-31.875, -77.875, 9.588113702104258e-25, nan 
-31.625, -77.875, 1.6706148502727666e-24, nan 
-31.375, -77.875, 2.039079818199209e-24, nan 
-31.125, -77.875, 2.120718246875856e-24, nan 
-30.875, -77.875, 1.6946125208005123e-24, nan 
-30.625, -77.875, 1.2954339945220459e-24, nan 
-30.375, -77.875, 1.4021717943012794e-24, nan 
-30.125, -77.875, 1.6257986006416722e-24, nan 
-29.875, -77.875, 1.771025972988803e-24, nan 
-29.625, -77.875, 1.5431435487944024e-24, nan 
-29.375, -77.875, 1.2461264709624321e-24, nan 
-29.125, -77.875, 6.728502050310181e-25, nan 
-28.875, -77.875, 5.6380616087085665e-25, nan 
-28.625, -77.875, 4.201264348055963e-25, nan 
-28.375, -77.875, 6.710885777303086e-25, nan 
-28.125, -77.875, 6.860450108855473e-25, nan 
-27.875, -77.875, 7.670808870518344e-25, nan 
-27.625, -77.875, 7.609265877438197e-25, nan 
-27.375, -77.875, 8.765323904967077e-25, nan 
-27.125, -77.875, 4.929060418029845e-25, nan 
-26.875, -77.875, 7.384970840067295e-25, nan 
-26.625, -77.875, 8.32102409050162e-25, nan 
-26.375, -77.875, 9.3367654138091e-25, nan 
-26.125, -77.875, 2.9711765947039874e-25, nan 
-25.875, -77.875, 5.875436768676149e-25, nan 
-25.625, -77.875, 6.880760180982694e-25, nan 
-25.375, -77.875, 5.216587441376817e-25, nan 
-25.125, -77.875, 3.82971511191104e-25, nan 
-24.875, -77.875, 4.883127592068543e-25, nan 
-24.625, -77.875, 3.9645657974592956e-25, nan 
-24.375, -77.875, 9.787267949504555e-25, nan 
-24.125, -77.875, 1.5751858994515772e-24, nan 
-23.875, -77.875, 1.798091344904842e-24, nan 
-23.625, -77.875, 1.9717469451002753e-24, nan 
-23.375, -77.875, 1.5916949970673763e-24, nan 
-23.125, -77.875, 1.994878112828487e-24, nan 
-22.875, -77.875, 1.006156305557453e-24, nan 
-22.625, -77.875, 1.8373674382518095e-24, nan 
-22.375, -77.875, 1.5190232198141694e-24, nan 
-22.125, -77.875, 1.6442242752883502e-24, nan 
-21.875, -77.875, 1.9837533990360944e-24, nan 
-21.625, -77.875, 2.1019810078479786e-24, nan 
-21.375, -77.875, 2.6541445478493887e-24, nan 
-21.125, -77.875, 2.4168868080167938e-24, nan 
-20.875, -77.875, 2.898843489866211e-24, nan 
-20.625, -77.875, 2.281332657043371e-24, nan 
-20.375, -77.875, 1.8937653907302248e-24, nan 
-20.125, -77.875, 4.4503692170268605e-24, nan 
-19.875, -77.875, 2.6854664861261978e-24, nan 
-19.625, -77.875, 3.3096345295226355e-24, nan 
-19.375, -77.875, 3.532596397688979e-24, nan 
-19.125, -77.875, 2.881102333430711e-24, nan 
-18.875, -77.875, 1.2070015633517113e-24, nan 
-18.625, -77.875, 2.498703261734611e-24, nan 
-18.375, -77.875, 1.0235681755597674e-24, nan 
-18.125, -77.875, 2.133422768186128e-24, nan 
-17.875, -77.875, 1.1375177389047322e-24, nan 
-17.625, -77.875, 1.3119647068158235e-24, nan 
-17.375, -77.875, 5.578171417341818e-24, nan 
-17.125, -77.875, 5.3148243131024026e-24, nan 
-16.875, -77.875, 6.967011238101339e-24, nan 
-16.625, -77.875, 8.275689782947589e-24, nan 
-16.375, -77.875, 8.421465667688724e-24, nan 
-16.125, -77.875, 4.4924133750629095e-24, nan 
-15.875, -77.875, 2.4729940907506216e-24, nan 
-15.625, -77.875, 2.863317171498208e-24, nan 
-15.375, -77.875, 2.421726427307579e-24, nan 
-15.125, -77.875, 5.663928905779653e-24, nan 
-14.875, -77.875, 8.179294020581976e-25, nan 
-14.625, -77.875, 4.558876072639552e-24, nan 
-14.375, -77.875, 6.983974088958848e-24, nan 
-14.125, -77.875, 3.740941940057265e-24, nan 
-13.875, -77.875, 1.2909795308486472e-24, nan 
-13.625, -77.875, 2.361702626293002e-24, nan 
-13.375, -77.875, 2.7520883804343404e-24, nan 
-13.125, -77.875, 2.2741996581476156e-24, nan 
-12.875, -77.875, 3.391519777789479e-24, nan 
-12.625, -77.875, 4.055855594186146e-24, nan 
-12.375, -77.875, 2.644372391732474e-24, nan 
-12.125, -77.875, 2.9339453471414252e-24, nan 
-11.875, -77.875, 2.4668160548680506e-24, nan 
-11.625, -77.875, 2.0357412355133184e-24, nan 
-11.375, -77.875, 1.2718747038387675e-24, nan 
-11.125, -77.875, 2.1724546479915538e-24, nan 
-10.875, -77.875, 1.9500576853454676e-24, nan 
-10.625, -77.875, 1.0826978778950545e-24, nan 
-10.375, -77.875, 8.655407917694492e-25, nan 
-10.125, -77.875, 1.3969589606154443e-24, nan 
-9.875, -77.875, 2.869863351544536e-24, nan 
-9.625, -77.875, 3.717851285192929e-24, nan 
-9.375, -77.875, 3.004174935697757e-24, nan 
-9.125, -77.875, 2.1153478769813755e-24, nan 
-8.875, -77.875, 2.274828014378365e-24, nan 
-8.625, -77.875, 3.0043865734302706e-24, nan 
-8.375, -77.875, 2.152004158262685e-24, nan 
-8.125, -77.875, 1.0154318187456817e-23, nan 
-7.875, -77.875, 1.2376432174473173e-23, nan 
-7.625, -77.875, 1.1136370804239298e-23, nan 
-7.375, -77.875, 3.767796699195583e-24, nan 
-7.125, -77.875, 1.785510658925194e-24, nan 
-6.875, -77.875, 2.0737606843647773e-23, nan 
-6.625, -77.875, 2.4766260640061425e-23, nan 
-6.375, -77.875, 2.1491498862484814e-23, nan 
-6.125, -77.875, 3.2844952948978976e-24, nan 
-5.875, -77.875, 2.864218541145169e-24, nan 
-5.625, -77.875, 1.0706474020196375e-23, nan 
-5.375, -77.875, 1.1647862813834782e-23, nan 
-5.125, -77.875, 9.918928998430686e-24, nan 
-4.875, -77.875, 3.454219629405243e-24, nan 
-4.625, -77.875, 4.057454055799052e-24, nan 
-4.375, -77.875, 3.658319695598778e-24, nan 
-4.125, -77.875, 5.592551515826349e-24, nan 
-3.875, -77.875, 6.930028550470047e-24, nan 
-3.625, -77.875, 6.808488987291049e-24, nan 
-3.375, -77.875, 6.122343570722248e-24, nan 
-3.125, -77.875, 5.567168437131118e-24, nan 
-2.875, -77.875, 6.55698366787473e-24, nan 
-2.625, -77.875, 7.81510688138957e-24, nan 
-2.375, -77.875, 7.950702817716161e-24, nan 
-2.125, -77.875, 7.879227755266203e-24, nan 
-1.875, -77.875, 1.0948377019092601e-23, nan 
-1.625, -77.875, 1.1251461767141851e-23, nan 
-1.375, -77.875, 9.837155503402654e-24, nan 
-1.125, -77.875, 7.17503671068048e-24, nan 
-0.875, -77.875, 5.806413682725765e-24, nan 
-55.125, -77.625, 9.091819353968953e-25, nan 
-54.875, -77.625, 2.191390016241426e-24, nan 
-54.625, -77.625, 4.0361512106563174e-24, nan 
-54.375, -77.625, 1.7336814516820725e-24, nan 
-54.125, -77.625, 1.6990278060827598e-24, nan 
-53.875, -77.625, 1.7071345461138218e-24, nan 
-53.625, -77.625, 1.97730493197497e-24, nan 
-53.375, -77.625, 1.6938898317675954e-24, nan 
-53.125, -77.625, 2.081984842952279e-24, nan 
-52.875, -77.625, 2.3805298725943313e-24, nan 
-52.625, -77.625, 2.791773479633943e-24, nan 
-52.375, -77.625, 2.7494857239238937e-24, nan 
-52.125, -77.625, 2.8500298417722295e-24, nan 
-51.875, -77.625, 3.1890976307569203e-24, nan 
-51.625, -77.625, 3.2766222096686453e-24, nan 
-51.375, -77.625, 3.132922852436384e-24, nan 
-51.125, -77.625, 2.986107619347985e-24, nan 
-50.875, -77.625, 3.1212347803324298e-24, nan 
-50.625, -77.625, 3.327617555130664e-24, nan 
-50.375, -77.625, 3.821327183395349e-24, nan 
-50.125, -77.625, 3.571795649954445e-24, nan 
-49.875, -77.625, 3.1407298492781355e-24, nan 
-49.625, -77.625, 2.4051903631904527e-24, nan 
-49.375, -77.625, 1.2033822543572036e-24, nan 
-49.125, -77.625, 4.612189425359855e-25, nan 
-48.875, -77.625, 2.976861262981781e-25, nan 
-48.625, -77.625, 5.692852578278093e-25, nan 
-48.375, -77.625, 4.698590014011415e-25, nan 
-48.125, -77.625, 5.337565258604396e-25, nan 
-47.875, -77.625, 7.806531749508574e-25, nan 
-47.625, -77.625, 6.191302333892107e-25, nan 
-47.375, -77.625, 5.34178811353624e-25, nan 
-47.125, -77.625, 5.224121341429934e-25, nan 
-46.875, -77.625, 5.312227427973025e-25, nan 
-46.625, -77.625, 9.308220685684822e-25, nan 
-46.375, -77.625, 5.805989863310941e-25, nan 
-46.125, -77.625, 3.536800492878834e-25, nan 
-45.875, -77.625, 3.2126693792412984e-25, nan 
-45.625, -77.625, 5.420534860921653e-25, nan 
-45.375, -77.625, 6.276601051413395e-25, nan 
-45.125, -77.625, 7.3260599123958405e-25, nan 
-44.875, -77.625, 9.277793581605847e-25, nan 
-44.625, -77.625, 7.699684826296384e-25, nan 
-44.375, -77.625, 5.453108917371976e-25, nan 
-44.125, -77.625, 7.338787841086384e-25, nan 
-43.875, -77.625, 9.4884319250587e-25, nan 
-43.625, -77.625, 1.0100857986416943e-24, nan 
-43.375, -77.625, 1.1971105482033353e-24, nan 
-43.125, -77.625, 1.1877379762676906e-24, nan 
-42.875, -77.625, 1.032943871545319e-24, nan 
-42.625, -77.625, 8.502298602039196e-25, nan 
-42.375, -77.625, 1.322831434461211e-24, nan 
-42.125, -77.625, 1.3201059943602578e-24, nan 
-41.875, -77.625, 1.8488495238140995e-24, nan 
-41.625, -77.625, 1.2126152961620855e-24, nan 
-41.375, -77.625, 1.6449123876451602e-24, nan 
-41.125, -77.625, 7.843944412523137e-25, nan 
-40.875, -77.625, 1.0487565263697588e-24, nan 
-40.625, -77.625, 9.465922873426987e-25, nan 
-40.375, -77.625, 1.114399033503123e-24, nan 
-40.125, -77.625, 1.1861381965587306e-24, nan 
-39.875, -77.625, 6.794805889499937e-25, nan 
-39.625, -77.625, 9.049980795404065e-25, nan 
-39.375, -77.625, 7.764842451785705e-25, nan 
-39.125, -77.625, 7.1706059882276645e-25, nan 
-38.875, -77.625, 7.642477031904665e-25, nan 
-38.625, -77.625, 1.1455482647476551e-24, nan 
-38.375, -77.625, 1.0079341069015088e-24, nan 
-38.125, -77.625, 9.311058899764083e-25, nan 
-37.875, -77.625, 8.200728497563528e-25, nan 
-37.625, -77.625, 1.1081428762068556e-24, nan 
-37.375, -77.625, 9.244676269828452e-25, nan 
-37.125, -77.625, 6.36055401538714e-25, nan 
-36.875, -77.625, 5.685169610754259e-25, nan 
-36.625, -77.625, 3.7912756900011413e-25, nan 
-36.375, -77.625, 7.633540432718786e-25, nan 
-36.125, -77.625, 5.641407035704071e-25, nan 
-35.875, -77.625, 6.808445605343262e-25, nan 
-35.625, -77.625, 8.190372172144105e-25, nan 
-35.375, -77.625, 8.62096690334359e-25, nan 
-35.125, -77.625, 6.5559243870708885e-25, nan 
-34.875, -77.625, 7.186006618588968e-25, nan 
-34.625, -77.625, 1.0854277116130758e-24, nan 
-34.375, -77.625, 1.693833962115498e-25, nan 
-34.125, -77.625, 1.1437334549584497e-24, nan 
-33.875, -77.625, 1.139131358107844e-24, nan 
-33.625, -77.625, 8.534303773864005e-25, nan 
-33.375, -77.625, 1.0371471683012095e-24, nan 
-33.125, -77.625, 3.740500475153193e-25, nan 
-32.875, -77.625, 9.77438524100185e-25, nan 
-32.625, -77.625, 1.6401575443631285e-24, nan 
-32.375, -77.625, 1.7122299881789916e-24, nan 
-32.125, -77.625, 8.795870894317243e-25, nan 
-31.875, -77.625, 5.133964477011407e-25, nan 
-31.625, -77.625, 1.1606512887243976e-24, nan 
-31.375, -77.625, 1.3405682837615075e-24, nan 
-31.125, -77.625, 1.6302949746712851e-24, nan 
-30.875, -77.625, 1.0816562903390505e-24, nan 
-30.625, -77.625, 5.3773183689451915e-25, nan 
-30.375, -77.625, 8.468659864926197e-25, nan 
-30.125, -77.625, 9.760437476113762e-25, nan 
-29.875, -77.625, 1.2737739653842768e-24, nan 
-29.625, -77.625, 1.2584462398478917e-24, nan 
-29.375, -77.625, 1.0874485723720085e-24, nan 
-29.125, -77.625, 1.122296042459843e-24, nan 
-28.875, -77.625, 1.2826310062529853e-24, nan 
-28.625, -77.625, 1.3021933838356475e-24, nan 
-28.375, -77.625, 1.3240625595703354e-24, nan 
-28.125, -77.625, 1.1523133077508742e-24, nan 
-27.875, -77.625, 1.0132686184078417e-24, nan 
-27.625, -77.625, 8.97149546327725e-25, nan 
-27.375, -77.625, 8.322690648706207e-25, nan 
-27.125, -77.625, 6.728396635180583e-25, nan 
-26.875, -77.625, 1.000820275752251e-24, nan 
-26.625, -77.625, 1.0571698897932444e-24, nan 
-26.375, -77.625, 9.940941242972393e-25, nan 
-26.125, -77.625, 1.095122805411257e-24, nan 
-25.875, -77.625, 1.0122965331835993e-24, nan 
-25.625, -77.625, 1.2197494079495104e-24, nan 
-25.375, -77.625, 1.203559736048838e-24, nan 
-25.125, -77.625, 5.292942879459313e-25, nan 
-24.875, -77.625, 8.017345281220311e-25, nan 
-24.625, -77.625, 9.481631585092745e-25, nan 
-24.375, -77.625, 9.783606645734752e-25, nan 
-24.125, -77.625, 1.114272139112433e-24, nan 
-23.875, -77.625, 1.0204261274429275e-24, nan 
-23.625, -77.625, 8.79627754554468e-25, nan 
-23.375, -77.625, 9.708170789341462e-25, nan 
-23.125, -77.625, 6.52437848612604e-25, nan 
-22.875, -77.625, 5.777763482348519e-25, nan 
-22.625, -77.625, 8.292831254813571e-25, nan 
-22.375, -77.625, 1.3977483928600788e-24, nan 
-22.125, -77.625, 1.3938007823218286e-24, nan 
-21.875, -77.625, 1.541426367466992e-24, nan 
-21.625, -77.625, 1.6684129366601015e-24, nan 
-21.375, -77.625, 6.59684992057573e-25, nan 
-21.125, -77.625, 7.620945824638236e-25, nan 
-20.875, -77.625, 1.0893975856057519e-24, nan 
-20.625, -77.625, 1.1377271821332846e-24, nan 
-20.375, -77.625, 1.393696638124277e-24, nan 
-20.125, -77.625, 1.5408128758930164e-24, nan 
-19.875, -77.625, 2.402051881531598e-24, nan 
-19.625, -77.625, 1.4487643969103859e-24, nan 
-19.375, -77.625, 8.794132158306132e-25, nan 
-19.125, -77.625, 1.0091980266992622e-24, nan 
-18.875, -77.625, 1.8907618196968146e-24, nan 
-18.625, -77.625, 2.3562934991279028e-24, nan 
-18.375, -77.625, 1.6765445283886634e-24, nan 
-18.125, -77.625, 1.162284252771107e-24, nan 
-17.875, -77.625, 2.019432136908838e-24, nan 
-17.625, -77.625, 2.4039075342875047e-24, nan 
-17.375, -77.625, 3.0181345111948248e-24, nan 
-17.125, -77.625, 3.180150903086105e-24, nan 
-16.875, -77.625, 3.5932740790961166e-24, nan 
-16.625, -77.625, 5.29091076957762e-24, nan 
-16.375, -77.625, 2.7928853539824874e-24, nan 
-16.125, -77.625, 6.329408747768774e-24, nan 
-15.875, -77.625, 6.481061565348482e-24, nan 
-15.625, -77.625, 7.376318378517725e-24, nan 
-15.375, -77.625, 7.177781965726357e-24, nan 
-15.125, -77.625, 6.42629024994814e-24, nan 
-14.875, -77.625, 7.504830322868864e-24, nan 
-14.625, -77.625, 6.849397116709168e-24, nan 
-14.375, -77.625, 5.150472266528948e-24, nan 
-14.125, -77.625, 6.345782072910143e-24, nan 
-13.875, -77.625, 7.273928609065175e-24, nan 
-13.625, -77.625, 5.9495605141663406e-24, nan 
-13.375, -77.625, 5.859912434290884e-24, nan 
-13.125, -77.625, 6.575929073647949e-24, nan 
-12.875, -77.625, 5.55321020514817e-24, nan 
-12.625, -77.625, 6.242297056802663e-24, nan 
-12.375, -77.625, 3.785369122160376e-24, nan 
-12.125, -77.625, 3.6619356733829335e-24, nan 
-11.875, -77.625, 3.6041665362230794e-24, nan 
-11.625, -77.625, 3.300481116461498e-24, nan 
-11.375, -77.625, 6.079345117767915e-24, nan 
-11.125, -77.625, 2.8593985549248242e-24, nan 
-10.875, -77.625, 3.2840884190328034e-24, nan 
-10.625, -77.625, 2.951520415983662e-24, nan 
-10.375, -77.625, 2.5819442204274586e-24, nan 
-10.125, -77.625, 2.4748190018501866e-24, nan 
-9.875, -77.625, 2.033682166941143e-24, nan 
-9.625, -77.625, 1.778936503470134e-24, nan 
-9.375, -77.625, 1.6584949390299954e-24, nan 
-9.125, -77.625, 2.571986970820305e-24, nan 
-8.875, -77.625, 2.76253686625668e-24, nan 
-8.625, -77.625, 2.2104324754602332e-24, nan 
-8.375, -77.625, 1.4863452280116468e-24, nan 
-8.125, -77.625, 1.9949559807091037e-24, nan 
-7.875, -77.625, 2.7636316263211215e-24, nan 
-7.625, -77.625, 2.9603132384717037e-24, nan 
-7.375, -77.625, 2.9650639568199592e-24, nan 
-7.125, -77.625, 1.630281651901104e-24, nan 
-6.875, -77.625, 1.0098905841123551e-23, nan 
-6.625, -77.625, 1.3185583365904281e-23, nan 
-6.375, -77.625, 1.1417189953481761e-23, nan 
-6.125, -77.625, 1.654005352719177e-24, nan 
-5.875, -77.625, 2.6019851926316816e-24, nan 
-5.625, -77.625, 1.6473504512124915e-24, nan 
-5.375, -77.625, 2.022405520747932e-24, nan 
-5.125, -77.625, 2.732660380433928e-24, nan 
-4.875, -77.625, 3.848914016976284e-24, nan 
-4.625, -77.625, 3.2296328745128608e-24, nan 
-4.375, -77.625, 3.777144068420067e-24, nan 
-4.125, -77.625, 4.2974379355043265e-24, nan 
-3.875, -77.625, 4.475016085918954e-24, nan 
-3.625, -77.625, 4.719841099545011e-24, nan 
-3.375, -77.625, 4.4756755990065e-24, nan 
-3.125, -77.625, 4.195400982207935e-24, nan 
-2.875, -77.625, 5.675428869834358e-24, nan 
-2.625, -77.625, 6.65568010099171e-24, nan 
-2.375, -77.625, 7.84590689005099e-24, nan 
-2.125, -77.625, 7.135108104407771e-24, nan 
-1.875, -77.625, 7.742357851785625e-24, nan 
-1.625, -77.625, 8.329620327593525e-24, nan 
-1.375, -77.625, 8.229494421478143e-24, nan 
-1.125, -77.625, 6.858471573046883e-24, nan 
-0.875, -77.625, 6.381592331999214e-24, nan 
-0.625, -77.625, 9.931641174376524e-24, nan 
-0.375, -77.625, 1.0620476499391982e-23, nan 
-54.375, -77.375, 3.2402330579595807e-24, nan 
-54.125, -77.375, 2.997373761094822e-24, nan 
-53.875, -77.375, 3.366447504489935e-24, nan 
-53.625, -77.375, 3.0138829396910213e-24, nan 
-53.375, -77.375, 3.249509688703804e-24, nan 
-53.125, -77.375, 3.406367085670323e-24, nan 
-52.875, -77.375, 3.260476081134922e-24, nan 
-52.625, -77.375, 3.610489671735635e-24, nan 
-52.375, -77.375, 3.375794694307083e-24, nan 
-52.125, -77.375, 3.803529544900673e-24, nan 
-51.875, -77.375, 3.6266467870396874e-24, nan 
-51.625, -77.375, 3.312590058300384e-24, nan 
-51.375, -77.375, 3.1947049368419828e-24, nan 
-51.125, -77.375, 2.737975088062507e-24, nan 
-50.875, -77.375, 2.4640935910499637e-24, nan 
-50.625, -77.375, 2.1826480404797345e-24, nan 
-50.375, -77.375, 2.122430846608904e-24, nan 
-50.125, -77.375, 2.2393741244415e-24, nan 
-49.875, -77.375, 1.6262788022332268e-24, nan 
-49.625, -77.375, 1.0947453993020097e-24, nan 
-49.375, -77.375, 5.892549137263334e-25, nan 
-49.125, -77.375, 6.318507019967143e-25, nan 
-48.875, -77.375, 4.9426261651811345e-25, nan 
-48.625, -77.375, 4.462881809603139e-25, nan 
-48.375, -77.375, 5.872219301178901e-25, nan 
-48.125, -77.375, 9.58676186765196e-25, nan 
-47.875, -77.375, 7.403417583407829e-25, nan 
-47.625, -77.375, 3.920229448380902e-25, nan 
-47.375, -77.375, 2.2427068288235627e-25, nan 
-47.125, -77.375, 2.219345813269313e-25, nan 
-46.875, -77.375, 2.9581512213398632e-25, nan 
-46.625, -77.375, 3.9823308494109517e-25, nan 
-46.375, -77.375, 4.725804030742728e-25, nan 
-46.125, -77.375, 5.110746305858403e-25, nan 
-45.875, -77.375, 5.568137280167519e-25, nan 
-45.625, -77.375, 5.310468251848909e-25, nan 
-45.375, -77.375, 7.174099745285907e-25, nan 
-45.125, -77.375, 8.706203635878373e-25, nan 
-44.875, -77.375, 8.96511721500953e-25, nan 
-44.625, -77.375, 8.610799107244122e-25, nan 
-44.375, -77.375, 6.818046020057038e-25, nan 
-44.125, -77.375, 1.0620497185600972e-24, nan 
-43.875, -77.375, 1.0276159158144856e-24, nan 
-43.625, -77.375, 4.539494098412969e-25, nan 
-43.375, -77.375, 5.986434557011079e-25, nan 
-43.125, -77.375, 6.8663176604032325e-25, nan 
-42.875, -77.375, 1.0347471941689147e-24, nan 
-42.625, -77.375, 7.420079331996851e-25, nan 
-42.375, -77.375, 6.803421121151064e-25, nan 
-42.125, -77.375, 1.05051239911717e-24, nan 
-41.875, -77.375, 1.2028825923810383e-24, nan 
-41.625, -77.375, 1.4616205816713386e-24, nan 
-41.375, -77.375, 8.383870963344838e-25, nan 
-41.125, -77.375, 7.913029588009847e-25, nan 
-40.875, -77.375, 9.186552024909782e-25, nan 
-40.625, -77.375, 9.898752270225324e-25, nan 
-40.375, -77.375, 1.0519885599497788e-24, nan 
-40.125, -77.375, 7.732778985307009e-25, nan 
-39.875, -77.375, 6.868074763107789e-25, nan 
-39.625, -77.375, 7.018063258200343e-25, nan 
-39.375, -77.375, 6.019395853918554e-25, nan 
-39.125, -77.375, 5.1951307002810855e-25, nan 
-38.875, -77.375, 4.582562253959945e-25, nan 
-38.625, -77.375, 1.0026866033896847e-24, nan 
-38.375, -77.375, 8.055571627644827e-25, nan 
-38.125, -77.375, 6.865909074281577e-25, nan 
-37.875, -77.375, 6.0306745078314595e-25, nan 
-37.625, -77.375, 8.018784545610725e-25, nan 
-37.375, -77.375, 7.3807212800756095e-25, nan 
-37.125, -77.375, 5.90838117039867e-25, nan 
-36.875, -77.375, 5.177986445732612e-25, nan 
-36.625, -77.375, 6.214857755219221e-25, nan 
-36.375, -77.375, 3.8392259656167893e-25, nan 
-36.125, -77.375, 2.7925410956958356e-25, nan 
-35.875, -77.375, 8.198370430620832e-25, nan 
-35.625, -77.375, 1.0971788825985568e-24, nan 
-35.375, -77.375, 1.185085143414957e-24, nan 
-35.125, -77.375, 8.81187903723432e-25, nan 
-34.875, -77.375, 7.300826537660222e-25, nan 
-34.625, -77.375, 2.124544478827978e-24, nan 
-34.375, -77.375, 7.056664924745615e-25, nan 
-34.125, -77.375, 7.687341920393396e-25, nan 
-33.875, -77.375, 7.515287109716633e-25, nan 
-33.625, -77.375, 1.1934732948682142e-24, nan 
-33.375, -77.375, 1.824393071308258e-24, nan 
-33.125, -77.375, 2.661209841283322e-25, nan 
-32.875, -77.375, 4.355735122610138e-25, nan 
-32.625, -77.375, 6.7549186786743195e-25, nan 
-32.375, -77.375, 5.780242675158895e-25, nan 
-32.125, -77.375, 9.982495337350053e-25, nan 
-31.875, -77.375, 6.357167179755571e-25, nan 
-31.625, -77.375, 7.1728878802219675e-25, nan 
-31.375, -77.375, 8.916655613571095e-25, nan 
-31.125, -77.375, 1.0747768868104695e-24, nan 
-30.875, -77.375, 7.882461848467781e-25, nan 
-30.625, -77.375, 7.527927156443753e-25, nan 
-30.375, -77.375, 7.840285780500294e-25, nan 
-30.125, -77.375, 5.707378396935728e-25, nan 
-29.875, -77.375, 5.31708329827414e-25, nan 
-29.625, -77.375, 8.679878908866914e-25, nan 
-29.375, -77.375, 9.44913472092314e-25, nan 
-29.125, -77.375, 1.4636492048800986e-24, nan 
-28.875, -77.375, 1.727541911441927e-24, nan 
-28.625, -77.375, 1.6497987697660068e-24, nan 
-28.375, -77.375, 1.7093121726557998e-24, nan 
-28.125, -77.375, 1.1014523714937899e-24, nan 
-27.875, -77.375, 1.2899619618656866e-24, nan 
-27.625, -77.375, 1.2288129625448895e-24, nan 
-27.375, -77.375, 9.440966782940449e-25, nan 
-27.125, -77.375, 8.953826862491644e-25, nan 
-26.875, -77.375, 1.0560193860981072e-24, nan 
-26.625, -77.375, 1.2150870509749845e-24, nan 
-26.375, -77.375, 1.4255962551067784e-24, nan 
-26.125, -77.375, 1.883050573688837e-24, nan 
-25.875, -77.375, 2.178752701301259e-24, nan 
-25.625, -77.375, 2.089529604737712e-24, nan 
-25.375, -77.375, 2.8568699104826034e-24, nan 
-25.125, -77.375, 3.2397311312274506e-24, nan 
-24.875, -77.375, 2.673788484961339e-24, nan 
-24.625, -77.375, 2.021196889261728e-24, nan 
-24.375, -77.375, 1.469323096933965e-24, nan 
-24.125, -77.375, 1.2246928447136506e-24, nan 
-23.875, -77.375, 1.0980543589590481e-24, nan 
-23.625, -77.375, 2.1690430663775446e-24, nan 
-23.375, -77.375, 2.1181833482561233e-24, nan 
-23.125, -77.375, 1.6688753765196225e-24, nan 
-22.875, -77.375, 3.3248440986041345e-24, nan 
-22.625, -77.375, 4.171240866604296e-24, nan 
-22.375, -77.375, 2.970625465549203e-24, nan 
-22.125, -77.375, 2.011326885937479e-24, nan 
-21.875, -77.375, 1.4451365227323604e-24, nan 
-21.625, -77.375, 3.719519536126503e-24, nan 
-21.375, -77.375, 1.1593033559393482e-24, nan 
-21.125, -77.375, 3.807336826770796e-24, nan 
-20.875, -77.375, 2.2293054993493204e-24, nan 
-20.625, -77.375, 2.9010013219461156e-24, nan 
-20.375, -77.375, 3.549171974996654e-24, nan 
-20.125, -77.375, 4.8116963061419066e-24, nan 
-19.875, -77.375, 4.299918153997261e-24, nan 
-19.625, -77.375, 4.6969420598832534e-24, nan 
-19.375, -77.375, 3.788986224660667e-24, nan 
-19.125, -77.375, 5.226013607279727e-24, nan 
-18.875, -77.375, 4.4399951152524165e-24, nan 
-18.625, -77.375, 5.8126571777396795e-24, nan 
-18.375, -77.375, 6.6111949561421345e-24, nan 
-18.125, -77.375, 5.503390344726252e-24, nan 
-17.875, -77.375, 5.9318735823245546e-24, nan 
-17.625, -77.375, 5.426666359109167e-24, nan 
-17.375, -77.375, 6.126560247136734e-24, nan 
-17.125, -77.375, 6.024851989235764e-24, nan 
-16.875, -77.375, 6.093738035851009e-24, nan 
-16.625, -77.375, 6.757193084391821e-24, nan 
-16.375, -77.375, 4.9643049202862606e-24, nan 
-16.125, -77.375, 7.528819178572673e-24, nan 
-15.875, -77.375, 7.380878849790818e-24, nan 
-15.625, -77.375, 8.643245041946513e-24, nan 
-15.375, -77.375, 7.696417133282692e-24, nan 
-15.125, -77.375, 7.534349801808134e-24, nan 
-14.875, -77.375, 7.733756505547674e-24, nan 
-14.625, -77.375, 6.900331441435235e-24, nan 
-14.375, -77.375, 6.804491617883505e-24, nan 
-14.125, -77.375, 6.248619176497057e-24, nan 
-13.875, -77.375, 6.983090356075893e-24, nan 
-13.625, -77.375, 5.7607793781070724e-24, nan 
-13.375, -77.375, 5.679607150770047e-24, nan 
-13.125, -77.375, 7.375337549327672e-24, nan 
-12.875, -77.375, 4.273529699754683e-24, nan 
-12.625, -77.375, 2.2998471155658598e-24, nan 
-12.375, -77.375, 4.172664176165888e-24, nan 
-12.125, -77.375, 4.310655546480443e-24, nan 
-11.875, -77.375, 5.1989450110086305e-24, nan 
-11.625, -77.375, 4.327740895693534e-24, nan 
-11.375, -77.375, 6.216558472162319e-24, nan 
-11.125, -77.375, 4.448784745212479e-24, nan 
-10.875, -77.375, 3.7502964540259684e-24, nan 
-10.625, -77.375, 3.763855873698608e-24, nan 
-10.375, -77.375, 4.123642188109374e-24, nan 
-10.125, -77.375, 4.969087824419763e-24, nan 
-9.875, -77.375, 3.0523273737708317e-24, nan 
-9.625, -77.375, 1.6343830303626132e-24, nan 
-9.375, -77.375, 1.719435171641366e-24, nan 
-9.125, -77.375, 4.1552457524823755e-24, nan 
-8.875, -77.375, 3.9450626741208536e-24, nan 
-8.625, -77.375, 2.800171341688006e-24, nan 
-8.375, -77.375, 2.333783009172011e-24, nan 
-8.125, -77.375, 2.3947737151946845e-24, nan 
-7.875, -77.375, 3.537174433050921e-24, nan 
-7.625, -77.375, 3.993558034176853e-24, nan 
-7.375, -77.375, 5.3243053295294515e-24, nan 
-7.125, -77.375, 3.761470131150232e-24, nan 
-6.875, -77.375, 3.100004958521237e-24, nan 
-6.625, -77.375, 3.255974944798764e-24, nan 
-6.375, -77.375, 3.427343108123066e-24, nan 
-6.125, -77.375, 3.047263028737737e-24, nan 
-5.875, -77.375, 3.188676832246093e-24, nan 
-5.625, -77.375, 2.862897779702985e-24, nan 
-5.375, -77.375, 2.8984354024419377e-24, nan 
-5.125, -77.375, 3.426000777528289e-24, nan 
-4.875, -77.375, 3.2338698463794077e-24, nan 
-4.625, -77.375, 2.1114546333023457e-24, nan 
-4.375, -77.375, 1.5717251210231538e-24, nan 
-4.125, -77.375, 1.863922572272223e-24, nan 
-3.875, -77.375, 2.603895221228181e-24, nan 
-3.625, -77.375, 2.31213423595346e-24, nan 
-3.375, -77.375, 3.0713307210938324e-24, nan 
-3.125, -77.375, 4.618832002057411e-24, nan 
-2.875, -77.375, 5.404818359963205e-24, nan 
-2.625, -77.375, 5.921628249696136e-24, nan 
-2.375, -77.375, 5.782308255146649e-24, nan 
-2.125, -77.375, 5.4901406986187466e-24, nan 
-1.875, -77.375, 3.2061555933286056e-24, nan 
-1.625, -77.375, 3.688660010951552e-24, nan 
-1.375, -77.375, 4.252117424189812e-24, nan 
-1.125, -77.375, 7.2872778349005e-24, nan 
-0.875, -77.375, 7.215557453836111e-24, nan 
-0.625, -77.375, 7.28564141397342e-24, nan 
-0.375, -77.375, 7.82022081855923e-24, nan 
-0.125, -77.375, 8.00259946752048e-24, nan 
0.125, -77.375, 8.350374784728656e-24, nan 
-53.875, -77.125, 3.2658036324648305e-24, nan 
-53.625, -77.125, 3.453180787764048e-24, nan 
-53.375, -77.125, 4.0487716743382154e-24, nan 
-53.125, -77.125, 3.7224443914889724e-24, nan 
-52.875, -77.125, 3.431742085049283e-24, nan 
-52.625, -77.125, 3.0176376575426973e-24, nan 
-52.375, -77.125, 3.0177453775526957e-24, nan 
-52.125, -77.125, 3.261472607686468e-24, nan 
-51.875, -77.125, 3.256240477470518e-24, nan 
-51.625, -77.125, 3.085937008598386e-24, nan 
-51.375, -77.125, 2.783183192984626e-24, nan 
-51.125, -77.125, 1.8918865131567994e-24, nan 
-50.875, -77.125, 1.0932075004128607e-24, nan 
-50.625, -77.125, 8.37665038202013e-25, nan 
-50.375, -77.125, 1.0788676242430766e-24, nan 
-50.125, -77.125, 1.106087433473617e-24, nan 
-49.875, -77.125, 1.3835602997361184e-24, nan 
-49.625, -77.125, 1.6537791669056933e-24, nan 
-49.375, -77.125, 1.3562417865625269e-24, nan 
-49.125, -77.125, 1.2331556429454385e-24, nan 
-48.875, -77.125, 8.868813466093001e-25, nan 
-48.625, -77.125, 1.0362948571201042e-24, nan 
-48.375, -77.125, 1.3388368930560899e-24, nan 
-48.125, -77.125, 1.739305894487929e-24, nan 
-47.875, -77.125, 1.3766257209761695e-24, nan 
-47.625, -77.125, 6.869445031629562e-25, nan 
-47.375, -77.125, 1.7237711774802893e-25, nan 
-47.125, -77.125, 3.433554645943407e-25, nan 
-46.875, -77.125, 7.4239482458049345e-25, nan 
-46.625, -77.125, 6.73445589152035e-25, nan 
-46.375, -77.125, 5.390581883351697e-25, nan 
-46.125, -77.125, 5.8739775541343335e-25, nan 
-45.875, -77.125, 3.9529791280534776e-25, nan 
-45.625, -77.125, 3.2973897881869438e-25, nan 
-45.375, -77.125, 3.874862588003249e-25, nan 
-45.125, -77.125, 4.556488163788599e-25, nan 
-44.875, -77.125, 4.95807326541698e-25, nan 
-44.625, -77.125, 2.9598210487425925e-25, nan 
-44.375, -77.125, 7.763873620271555e-25, nan 
-44.125, -77.125, 5.747239899622983e-25, nan 
-43.875, -77.125, 7.463097009174561e-25, nan 
-43.625, -77.125, 5.592926985804766e-25, nan 
-43.375, -77.125, 6.389156698412847e-25, nan 
-43.125, -77.125, 5.466321949726103e-25, nan 
-42.875, -77.125, 3.070245445472456e-25, nan 
-42.625, -77.125, 6.946295866378813e-25, nan 
-42.375, -77.125, 7.399878529792569e-25, nan 
-42.125, -77.125, 7.483962880337669e-25, nan 
-41.875, -77.125, 6.924720147201507e-25, nan 
-41.625, -77.125, 7.600106870147332e-25, nan 
-41.375, -77.125, 4.804510406200978e-25, nan 
-41.125, -77.125, 5.864114746745796e-25, nan 
-40.875, -77.125, 5.696973248366702e-25, nan 
-40.625, -77.125, 5.053707892684299e-25, nan 
-40.375, -77.125, 5.991083147718882e-25, nan 
-40.125, -77.125, 4.574432769138659e-25, nan 
-39.875, -77.125, 7.664555170041155e-25, nan 
-39.625, -77.125, 5.965930596644775e-25, nan 
-39.375, -77.125, 9.144425992166116e-25, nan 
-39.125, -77.125, 5.0018601784213155e-25, nan 
-38.875, -77.125, 5.2318447194041065e-25, nan 
-38.625, -77.125, 1.2115723917842416e-24, nan 
-38.375, -77.125, 4.732839190424764e-25, nan 
-38.125, -77.125, 4.1680294311839065e-25, nan 
-37.875, -77.125, 4.66160240662886e-25, nan 
-37.625, -77.125, 3.801071570299955e-25, nan 
-37.375, -77.125, 2.214783323525015e-25, nan 
-37.125, -77.125, 4.226988730812316e-25, nan 
-36.875, -77.125, 4.661599092084512e-25, nan 
-36.625, -77.125, 7.4993243804471205e-25, nan 
-36.375, -77.125, 6.395273857751682e-25, nan 
-36.125, -77.125, 5.958634847165099e-25, nan 
-35.875, -77.125, 1.0062971412439282e-24, nan 
-35.625, -77.125, 8.267455104758984e-25, nan 
-35.375, -77.125, 7.090009301521419e-25, nan 
-35.125, -77.125, 7.645525881119154e-25, nan 
-34.875, -77.125, 1.115828210607584e-24, nan 
-34.625, -77.125, 1.696101934864869e-24, nan 
-34.375, -77.125, 7.519486257311586e-25, nan 
-34.125, -77.125, 3.3596944105759327e-25, nan 
-33.875, -77.125, 5.5381034585569105e-25, nan 
-33.625, -77.125, 2.0679165313784413e-24, nan 
-33.375, -77.125, 8.1163946324624305e-25, nan 
-33.125, -77.125, 3.270261223139671e-25, nan 
-32.875, -77.125, 2.7777231545770504e-25, nan 
-32.625, -77.125, 6.4053623606177015e-25, nan 
-32.375, -77.125, 1.2131563438156665e-24, nan 
-32.125, -77.125, 6.193208989259286e-25, nan 
-31.875, -77.125, 5.539382780395135e-25, nan 
-31.625, -77.125, 8.112129892846154e-25, nan 
-31.375, -77.125, 6.700673532766583e-25, nan 
-31.125, -77.125, 5.275932290621675e-25, nan 
-30.875, -77.125, 6.092072357085759e-25, nan 
-30.625, -77.125, 7.054585003800636e-25, nan 
-30.375, -77.125, 1.3324275786639466e-24, nan 
-30.125, -77.125, 5.786590777777551e-25, nan 
-29.875, -77.125, 6.026428354487041e-25, nan 
-29.625, -77.125, 5.660044982595254e-25, nan 
-29.375, -77.125, 7.398017716769641e-25, nan 
-29.125, -77.125, 9.073829108300669e-25, nan 
-28.875, -77.125, 1.1505211447923668e-24, nan 
-28.625, -77.125, 1.3975485621184928e-24, nan 
-28.375, -77.125, 1.3602259387372809e-24, nan 
-28.125, -77.125, 8.240637315453506e-25, nan 
-27.875, -77.125, 6.0762492740077485e-25, nan 
-27.625, -77.125, 1.0406281730107287e-24, nan 
-27.375, -77.125, 1.1867404637293141e-24, nan 
-27.125, -77.125, 1.779436109047021e-24, nan 
-26.875, -77.125, 1.6003378730047485e-24, nan 
-26.625, -77.125, 2.6229167518631602e-24, nan 
-26.375, -77.125, 3.327317693213494e-24, nan 
-26.125, -77.125, 2.8815863147222308e-24, nan 
-25.875, -77.125, 2.2545123401126566e-24, nan 
-25.625, -77.125, 1.916794707074766e-24, nan 
-25.375, -77.125, 3.8734666860455914e-24, nan 
-25.125, -77.125, 5.587747963714532e-24, nan 
-24.875, -77.125, 4.152352744956324e-24, nan 
-24.625, -77.125, 1.8528530323487013e-24, nan 
-24.375, -77.125, 1.281165660418536e-24, nan 
-24.125, -77.125, 3.525163209531884e-24, nan 
-23.875, -77.125, 4.408379481359272e-24, nan 
-23.625, -77.125, 2.7899960165805947e-24, nan 
-23.375, -77.125, 3.996123105051749e-24, nan 
-23.125, -77.125, 4.968642781520732e-24, nan 
-22.875, -77.125, 5.1527907100789116e-24, nan 
-22.625, -77.125, 6.409466046271755e-24, nan 
-22.375, -77.125, 3.98330149643861e-24, nan 
-22.125, -77.125, 3.63172342983566e-24, nan 
-21.875, -77.125, 7.55646281751321e-24, nan 
-21.625, -77.125, 4.0848580016453355e-24, nan 
-21.375, -77.125, 7.147108854629208e-24, nan 
-21.125, -77.125, 4.2543805002333124e-24, nan 
-20.875, -77.125, 3.325700780330312e-24, nan 
-20.625, -77.125, 5.211805888465712e-24, nan 
-20.375, -77.125, 3.64357259139304e-24, nan 
-20.125, -77.125, 6.831331647451932e-24, nan 
-19.875, -77.125, 4.402460345935811e-24, nan 
-19.625, -77.125, 5.355742708415719e-24, nan 
-19.375, -77.125, 4.25385744099152e-24, nan 
-19.125, -77.125, 5.250313088160439e-24, nan 
-18.875, -77.125, 5.211775793533699e-24, nan 
-18.625, -77.125, 6.175894402106341e-24, nan 
-18.375, -77.125, 6.4940914089652384e-24, nan 
-18.125, -77.125, 6.105283146801613e-24, nan 
-17.875, -77.125, 5.408496093988385e-24, nan 
-17.625, -77.125, 5.483991098126842e-24, nan 
-17.375, -77.125, 3.857097045659472e-24, nan 
-17.125, -77.125, 3.552679752849101e-24, nan 
-16.875, -77.125, 3.777393920657004e-24, nan 
-16.625, -77.125, 2.5995760244612748e-24, nan 
-16.375, -77.125, 3.0454896078191405e-24, nan 
-16.125, -77.125, 2.200125106859462e-24, nan 
-15.875, -77.125, 2.7904546573240886e-24, nan 
-15.625, -77.125, 4.340397502369426e-24, nan 
-15.375, -77.125, 4.580536159905092e-24, nan 
-15.125, -77.125, 2.6413271482547592e-24, nan 
-14.875, -77.125, 1.6461110869677544e-24, nan 
-14.625, -77.125, 1.2305730163201235e-24, nan 
-14.375, -77.125, 3.982977701282668e-24, nan 
-14.125, -77.125, 1.5501408184334415e-24, nan 
-13.875, -77.125, 3.109716439510253e-24, nan 
-13.625, -77.125, 1.0852870341084667e-24, nan 
-13.375, -77.125, 1.9085908214388493e-24, nan 
-13.125, -77.125, 2.8717250810259954e-24, nan 
-12.875, -77.125, 1.825500357619314e-24, nan 
-12.625, -77.125, 1.7069875645777373e-24, nan 
-12.375, -77.125, 1.4617970148604948e-24, nan 
-12.125, -77.125, 3.1085238523314802e-24, nan 
-11.875, -77.125, 3.964069776267299e-24, nan 
-11.625, -77.125, 4.828600190411421e-24, nan 
-11.375, -77.125, 4.667412884045562e-24, nan 
-11.125, -77.125, 5.476920139408076e-24, nan 
-10.875, -77.125, 3.677915669186645e-24, nan 
-10.625, -77.125, 4.750832970849454e-24, nan 
-10.375, -77.125, 5.4388418966450705e-24, nan 
-10.125, -77.125, 5.039596676623649e-24, nan 
-9.875, -77.125, 5.583727612102178e-24, nan 
-9.625, -77.125, 3.513442979458941e-24, nan 
-9.375, -77.125, 3.0872944150285382e-24, nan 
-9.125, -77.125, 3.1167270191722375e-24, nan 
-8.875, -77.125, 3.625723066246442e-24, nan 
-8.625, -77.125, 6.2836079755190105e-24, nan 
-8.375, -77.125, 6.699880903967455e-24, nan 
-8.125, -77.125, 6.140238003077922e-24, nan 
-7.875, -77.125, 4.571179866281111e-24, nan 
-7.625, -77.125, 4.051360436905529e-24, nan 
-7.375, -77.125, 6.386305268559866e-24, nan 
-7.125, -77.125, 5.4559860185286096e-24, nan 
-6.875, -77.125, 5.0446503002234474e-24, nan 
-6.625, -77.125, 3.919510042233306e-24, nan 
-6.375, -77.125, 3.582577610183449e-24, nan 
-6.125, -77.125, 2.2245726678263596e-24, nan 
-5.875, -77.125, 3.424721596463482e-24, nan 
-5.625, -77.125, 4.6403762651747784e-24, nan 
-5.375, -77.125, 3.528577179340996e-24, nan 
-5.125, -77.125, 3.5002785756963375e-24, nan 
-4.875, -77.125, 1.13604881144769e-24, nan 
-4.625, -77.125, 2.6885062706937965e-24, nan 
-4.375, -77.125, 5.7512312662274106e-24, nan 
-4.125, -77.125, 7.640745712040863e-24, nan 
-3.875, -77.125, 4.956316738922246e-24, nan 
-3.625, -77.125, 2.3328949172364282e-24, nan 
-3.375, -77.125, 3.953764552744401e-24, nan 
-3.125, -77.125, 6.477796517482201e-24, nan 
-2.875, -77.125, 6.458154261018005e-24, nan 
-2.625, -77.125, 5.952355269406966e-24, nan 
-2.375, -77.125, 3.083403794740727e-24, nan 
-2.125, -77.125, 2.306943557595363e-24, nan 
-1.875, -77.125, 1.5948610979033772e-24, nan 
-1.625, -77.125, 4.5284243498019725e-24, nan 
-1.375, -77.125, 1.4812267841877342e-23, nan 
-1.125, -77.125, 1.471807594999458e-23, nan 
-0.875, -77.125, 9.986605837150739e-24, nan 
-0.625, -77.125, 3.2560083110426477e-24, nan 
-0.375, -77.125, 3.846844159606916e-24, nan 
-0.125, -77.125, 3.873375128302919e-24, nan 
0.125, -77.125, 5.37171799032194e-24, nan 
0.375, -77.125, 6.023129087670838e-24, nan 
0.625, -77.125, 6.557532284320424e-24, nan 
-53.125, -76.875, 2.7738229714061042e-24, nan 
-52.875, -76.875, 2.134137107092278e-24, nan 
-52.625, -76.875, 2.75080929553889e-24, nan 
-52.375, -76.875, 2.9321565748662094e-24, nan 
-52.125, -76.875, 1.7673639380296342e-24, nan 
-51.875, -76.875, 1.4981621777808426e-24, nan 
-51.625, -76.875, 1.5135808837784207e-24, nan 
-51.375, -76.875, 1.882801258486441e-24, nan 
-51.125, -76.875, 1.968018964411837e-24, nan 
-50.875, -76.875, 5.003782863451495e-25, nan 
-50.625, -76.875, 3.3955575553547467e-25, nan 
-50.375, -76.875, 9.024925525177865e-25, nan 
-50.125, -76.875, 4.946956574819762e-25, nan 
-49.875, -76.875, 8.477799127621785e-25, nan 
-49.625, -76.875, 1.2699452105921606e-24, nan 
-49.375, -76.875, 1.2059965855139735e-24, nan 
-49.125, -76.875, 9.634611624625681e-25, nan 
-48.875, -76.875, 7.864015482186493e-25, nan 
-48.625, -76.875, 9.488284119271212e-25, nan 
-48.375, -76.875, 1.5932585341733009e-24, nan 
-48.125, -76.875, 1.40451426756146e-24, nan 
-47.875, -76.875, 1.22315896023152e-24, nan 
-47.625, -76.875, 8.336847839327308e-25, nan 
-47.375, -76.875, 5.285937786536241e-25, nan 
-47.125, -76.875, 6.8000622715514495e-25, nan 
-46.875, -76.875, 7.590651304480904e-25, nan 
-46.625, -76.875, 7.902444194657161e-25, nan 
-46.375, -76.875, 6.020233163965542e-25, nan 
-46.125, -76.875, 6.959679590857455e-25, nan 
-45.875, -76.875, 3.928231540574469e-25, nan 
-45.625, -76.875, 4.563720760047231e-25, nan 
-45.375, -76.875, 7.037215338944392e-25, nan 
-45.125, -76.875, 6.397266442142834e-25, nan 
-44.875, -76.875, 6.877000083931698e-25, nan 
-44.625, -76.875, 7.779261006679105e-25, nan 
-44.375, -76.875, 1.0360211322813916e-24, nan 
-44.125, -76.875, 8.590463129669747e-25, nan 
-43.875, -76.875, 7.538725837145331e-25, nan 
-43.625, -76.875, 7.063573758773843e-25, nan 
-43.375, -76.875, 1.0425855737899452e-24, nan 
-43.125, -76.875, 1.127413181344446e-24, nan 
-42.875, -76.875, 1.0281137547274559e-24, nan 
-42.625, -76.875, 1.0742194298324989e-24, nan 
-42.375, -76.875, 5.37775901092047e-25, nan 
-42.125, -76.875, 1.1458005284085476e-24, nan 
-41.875, -76.875, 1.2152671033811679e-24, nan 
-41.625, -76.875, 4.586440009265412e-25, nan 
-41.375, -76.875, 4.706543394738285e-25, nan 
-41.125, -76.875, 5.580049396740944e-25, nan 
-40.875, -76.875, 1.022850914099798e-24, nan 
-40.625, -76.875, 1.3513639459158096e-24, nan 
-40.375, -76.875, 8.064568606060061e-25, nan 
-40.125, -76.875, 8.754296247578368e-25, nan 
-39.875, -76.875, 1.3634904982115304e-24, nan 
-39.625, -76.875, 1.0654904563603334e-24, nan 
-39.375, -76.875, 1.7267703487335225e-24, nan 
-39.125, -76.875, 8.380656933744412e-25, nan 
-38.875, -76.875, 1.0204445749518681e-24, nan 
-38.625, -76.875, 2.3950362060868092e-24, nan 
-38.375, -76.875, 5.884602444641301e-25, nan 
-38.125, -76.875, 8.422573272417014e-25, nan 
-37.875, -76.875, 8.95650012331644e-25, nan 
-37.625, -76.875, 7.021844557006728e-25, nan 
-37.375, -76.875, 1.0856024049519124e-24, nan 
-37.125, -76.875, 1.2912830402884853e-24, nan 
-36.875, -76.875, 9.502487914786487e-25, nan 
-36.625, -76.875, 1.1910016273592546e-24, nan 
-36.375, -76.875, 1.0755076405439755e-24, nan 
-36.125, -76.875, 8.287984632843379e-25, nan 
-35.875, -76.875, 7.98159782254667e-25, nan 
-35.625, -76.875, 5.025679433553942e-25, nan 
-35.375, -76.875, 4.323153330729047e-25, nan 
-35.125, -76.875, 4.854682190375306e-25, nan 
-34.875, -76.875, 5.08311069889313e-25, nan 
-34.625, -76.875, 5.294261628899799e-25, nan 
-34.375, -76.875, 1.0088495921667002e-24, nan 
-34.125, -76.875, 5.61466850407931e-25, nan 
-33.875, -76.875, 7.756171537450922e-25, nan 
-33.625, -76.875, 1.809168463642097e-24, nan 
-33.375, -76.875, 1.712371229070936e-24, nan 
-33.125, -76.875, 1.8700483987979912e-24, nan 
-32.875, -76.875, 1.8644578036765097e-24, nan 
-32.625, -76.875, 2.6511322775570177e-24, nan 
-32.375, -76.875, 3.2147749011335027e-24, nan 
-32.125, -76.875, 2.3079425850801604e-24, nan 
-31.875, -76.875, 2.4500217116140464e-24, nan 
-31.625, -76.875, 2.547336671672636e-24, nan 
-31.375, -76.875, 2.4910215801731996e-24, nan 
-31.125, -76.875, 1.6611725868241047e-24, nan 
-30.875, -76.875, 2.073569817457485e-24, nan 
-30.625, -76.875, 1.82648357059826e-24, nan 
-30.375, -76.875, 2.0660441513821887e-24, nan 
-30.125, -76.875, 1.623686414695593e-24, nan 
-29.875, -76.875, 4.891232797562213e-25, nan 
-29.625, -76.875, 4.679724161206381e-25, nan 
-29.375, -76.875, 1.21472166961936e-24, nan 
-29.125, -76.875, 9.479503600293327e-25, nan 
-28.875, -76.875, 1.6612985184022764e-24, nan 
-28.625, -76.875, 1.689235101259619e-24, nan 
-28.375, -76.875, 3.7626695172438826e-24, nan 
-28.125, -76.875, 1.926229845270977e-24, nan 
-27.875, -76.875, 3.0720483436796572e-24, nan 
-27.625, -76.875, 2.0830848931487696e-24, nan 
-27.375, -76.875, 2.651035424446826e-24, nan 
-27.125, -76.875, 2.6664837952111097e-24, nan 
-26.875, -76.875, 2.3590841210772837e-24, nan 
-26.625, -76.875, 2.5330079185172215e-24, nan 
-26.375, -76.875, 2.6207975537812885e-24, nan 
-26.125, -76.875, 3.0630076391903124e-24, nan 
-25.875, -76.875, 3.516431778405697e-24, nan 
-25.625, -76.875, 3.4246687273095474e-24, nan 
-25.375, -76.875, 3.5874327685495365e-24, nan 
-25.125, -76.875, 4.7527850502037716e-24, nan 
-24.875, -76.875, 4.7706475616567475e-24, nan 
-24.625, -76.875, 4.701715819745786e-24, nan 
-24.375, -76.875, 5.667707736782935e-24, nan 
-24.125, -76.875, 5.300844699288426e-24, nan 
-23.875, -76.875, 4.8231627758061356e-24, nan 
-23.625, -76.875, 4.064467387211309e-24, nan 
-23.375, -76.875, 5.327750378196977e-24, nan 
-23.125, -76.875, 6.1700764947413246e-24, nan 
-22.875, -76.875, 4.6095285329613095e-24, nan 
-22.625, -76.875, 3.011057730125486e-24, nan 
-22.375, -76.875, 3.6403078996512346e-24, nan 
-22.125, -76.875, 3.184174490179364e-24, nan 
-21.875, -76.875, 6.191470064268738e-24, nan 
-21.625, -76.875, 1.7186926102034317e-24, nan 
-21.375, -76.875, 4.695777953347916e-24, nan 
-21.125, -76.875, 4.293532669103901e-24, nan 
-20.875, -76.875, 2.0166124773706107e-24, nan 
-20.625, -76.875, 1.775389369468788e-24, nan 
-20.375, -76.875, 1.1045407087571246e-24, nan 
-20.125, -76.875, 1.871596261192395e-24, nan 
-19.875, -76.875, 3.9568342518408466e-24, nan 
-19.625, -76.875, 3.1671344022966124e-24, nan 
-19.375, -76.875, 4.2292793729100356e-24, nan 
-19.125, -76.875, 3.8575112586646086e-24, nan 
-18.875, -76.875, 3.406097625032814e-24, nan 
-18.625, -76.875, 5.466643602055435e-24, nan 
-18.375, -76.875, 4.3223391076558575e-24, nan 
-18.125, -76.875, 6.3931963845347324e-24, nan 
-17.875, -76.875, 7.005144448192875e-24, nan 
-17.625, -76.875, 3.914999931934741e-24, nan 
-17.375, -76.875, 5.1019213893508424e-24, nan 
-17.125, -76.875, 5.5860761201633745e-24, nan 
-16.875, -76.875, 6.4081924909501505e-24, nan 
-16.625, -76.875, 4.711402626266566e-24, nan 
-16.375, -76.875, 2.0097170805218044e-24, nan 
-16.125, -76.875, 5.248101309248667e-24, nan 
-15.875, -76.875, 6.255752477087394e-24, nan 
-15.625, -76.875, 7.309045993532173e-24, nan 
-15.375, -76.875, 6.662526089038572e-24, nan 
-15.125, -76.875, 1.807401906778535e-24, nan 
-14.875, -76.875, 5.0142076005544285e-24, nan 
-14.625, -76.875, 4.853281910208689e-24, nan 
-14.375, -76.875, 4.111410278981594e-24, nan 
-14.125, -76.875, 3.5298437693678986e-24, nan 
-13.875, -76.875, 3.541263272206991e-24, nan 
-13.625, -76.875, 2.5438737719167416e-24, nan 
-13.375, -76.875, 5.309461407058447e-24, nan 
-13.125, -76.875, 5.306585345460719e-24, nan 
-12.875, -76.875, 4.3389947149002554e-24, nan 
-12.625, -76.875, 4.224601939974568e-24, nan 
-12.375, -76.875, 1.832857350179642e-24, nan 
-12.125, -76.875, 3.5896016841188326e-24, nan 
-11.875, -76.875, 3.991606405996781e-24, nan 
-11.625, -76.875, 3.787813896233026e-24, nan 
-11.375, -76.875, 3.460126112281098e-24, nan 
-11.125, -76.875, 1.688997858259505e-24, nan 
-10.875, -76.875, 2.292587386460824e-24, nan 
-10.625, -76.875, 3.494812326633445e-24, nan 
-10.375, -76.875, 3.431977713071413e-24, nan 
-10.125, -76.875, 2.720288525250616e-24, nan 
-9.875, -76.875, 3.1438590218735275e-24, nan 
-9.625, -76.875, 2.3791805476023536e-24, nan 
-9.375, -76.875, 2.509022558776551e-24, nan 
-9.125, -76.875, 2.6587063376895706e-24, nan 
-8.875, -76.875, 3.0840800535369046e-24, nan 
-8.625, -76.875, 4.5520405176696184e-24, nan 
-8.375, -76.875, 4.759960295954088e-24, nan 
-8.125, -76.875, 4.4395556049989e-24, nan 
-7.875, -76.875, 3.624904315546362e-24, nan 
-7.625, -76.875, 2.6339836347353988e-24, nan 
-7.375, -76.875, 5.177809444905206e-25, nan 
-7.125, -76.875, 1.1242527575800184e-24, nan 
-6.875, -76.875, 2.272660724226856e-24, nan 
-6.625, -76.875, 1.960542180975778e-24, nan 
-6.375, -76.875, 1.2321811642679639e-24, nan 
-6.125, -76.875, 6.46729128883396e-25, nan 
-5.875, -76.875, 2.5364469289827304e-24, nan 
-5.625, -76.875, 6.642610244419856e-24, nan 
-5.375, -76.875, 6.566189564238719e-24, nan 
-5.125, -76.875, 3.2624286863729575e-24, nan 
-4.875, -76.875, 2.920392732434726e-24, nan 
-4.625, -76.875, 4.418501972500028e-24, nan 
-4.375, -76.875, 6.189194256235722e-24, nan 
-4.125, -76.875, 8.07865673842336e-24, nan 
-3.875, -76.875, 5.4280393771068944e-24, nan 
-3.625, -76.875, 5.754818596752289e-24, nan 
-3.375, -76.875, 5.3173269744390834e-24, nan 
-3.125, -76.875, 3.5001125577692776e-24, nan 
-2.875, -76.875, 5.2652091192438845e-24, nan 
-2.625, -76.875, 1.55584748149318e-23, nan 
-2.375, -76.875, 1.5600762670761134e-23, nan 
-2.125, -76.875, 1.0625344610120386e-23, nan 
-1.875, -76.875, 1.6901020898320734e-24, nan 
-1.625, -76.875, 8.183536533774427e-24, nan 
-1.375, -76.875, 2.851067136984358e-23, nan 
-1.125, -76.875, 2.816735791862915e-23, nan 
-0.875, -76.875, 1.7239518255109692e-23, nan 
-0.625, -76.875, 2.2012595773120055e-24, nan 
-0.375, -76.875, 4.726889786805245e-24, nan 
-0.125, -76.875, 1.2876729618150004e-23, nan 
0.125, -76.875, 1.343704913278134e-23, nan 
0.375, -76.875, 7.414534074157867e-24, nan 
0.625, -76.875, 1.5419199282835962e-24, nan 
0.875, -76.875, 2.503520683944699e-24, nan 
1.125, -76.875, 1.7807325895864958e-24, nan 
-52.625, -76.625, 2.8044471043293713e-24, nan 
-52.375, -76.625, 3.080413561229387e-24, nan 
-52.125, -76.625, 1.7425874482983415e-24, nan 
-51.875, -76.625, 1.2883723859678641e-24, nan 
-51.625, -76.625, 1.218260071647183e-24, nan 
-51.375, -76.625, 4.85822388846691e-25, nan 
-51.125, -76.625, 4.642229329805998e-25, nan 
-50.875, -76.625, 3.8623878959637004e-25, nan 
-50.625, -76.625, 5.0692826479023025e-25, nan 
-50.375, -76.625, 5.59898905237707e-25, nan 
-50.125, -76.625, 5.246998611724474e-25, nan 
-49.875, -76.625, 4.370156567926164e-25, nan 
-49.625, -76.625, 5.466374710002779e-25, nan 
-49.375, -76.625, 7.556676568718145e-25, nan 
-49.125, -76.625, 9.093806078583394e-25, nan 
-48.875, -76.625, 8.787466994989293e-25, nan 
-48.625, -76.625, 7.401601298183672e-25, nan 
-48.375, -76.625, 8.929232357376608e-25, nan 
-48.125, -76.625, 9.068829954591107e-25, nan 
-47.875, -76.625, 1.079170606193578e-24, nan 
-47.625, -76.625, 1.0524101113065283e-24, nan 
-47.375, -76.625, 6.458755627492242e-25, nan 
-47.125, -76.625, 3.2376478733418013e-25, nan 
-46.875, -76.625, 5.450458681131494e-25, nan 
-46.625, -76.625, 8.331274842233159e-25, nan 
-46.375, -76.625, 8.475459651166269e-25, nan 
-46.125, -76.625, 8.030241863688524e-25, nan 
-45.875, -76.625, 6.550931505606835e-25, nan 
-45.625, -76.625, 5.975820671373462e-25, nan 
-45.375, -76.625, 9.111669744297155e-25, nan 
-45.125, -76.625, 8.638595250892153e-25, nan 
-44.875, -76.625, 7.675714593619445e-25, nan 
-44.625, -76.625, 7.924595703118087e-25, nan 
-44.375, -76.625, 9.336843201154565e-25, nan 
-44.125, -76.625, 1.0096479974685522e-24, nan 
-43.875, -76.625, 1.3214861255869937e-24, nan 
-43.625, -76.625, 1.2008142318167623e-24, nan 
-43.375, -76.625, 1.1392909660129701e-24, nan 
-43.125, -76.625, 1.2548202455032911e-24, nan 
-42.875, -76.625, 1.2003416634896433e-24, nan 
-42.625, -76.625, 1.4706042981923584e-24, nan 
-42.375, -76.625, 7.1392840852354455e-25, nan 
-42.125, -76.625, 1.1079504852754129e-24, nan 
-41.875, -76.625, 1.175577399494818e-24, nan 
-41.625, -76.625, 6.902983293956169e-25, nan 
-41.375, -76.625, 9.221185855627276e-25, nan 
-41.125, -76.625, 1.2121824387095933e-24, nan 
-40.875, -76.625, 1.1318141695587428e-24, nan 
-40.625, -76.625, 9.827310728729674e-25, nan 
-40.375, -76.625, 8.068174038670472e-25, nan 
-40.125, -76.625, 7.876585231993767e-25, nan 
-39.875, -76.625, 6.732579707660351e-25, nan 
-39.625, -76.625, 8.565004475912713e-25, nan 
-39.375, -76.625, 1.2115966162823506e-24, nan 
-39.125, -76.625, 8.769636064563131e-25, nan 
-38.875, -76.625, 8.977667868998932e-25, nan 
-38.625, -76.625, 2.0381595224869616e-24, nan 
-38.375, -76.625, 1.849830134852346e-24, nan 
-38.125, -76.625, 1.497143920421971e-24, nan 
-37.875, -76.625, 1.2228187459087975e-24, nan 
-37.625, -76.625, 2.0123480283272137e-24, nan 
-37.375, -76.625, 1.5688437688921777e-24, nan 
-37.125, -76.625, 2.21652067416629e-24, nan 
-36.875, -76.625, 1.7495262625563474e-24, nan 
-36.625, -76.625, 1.2891566719888975e-24, nan 
-36.375, -76.625, 1.766734728682832e-24, nan 
-36.125, -76.625, 7.38380639444277e-25, nan 
-35.875, -76.625, 6.200233333288127e-25, nan 
-35.625, -76.625, 1.0117192485572291e-24, nan 
-35.375, -76.625, 1.071613714208657e-24, nan 
-35.125, -76.625, 1.0182095290500513e-24, nan 
-34.875, -76.625, 1.8812319518165754e-24, nan 
-34.625, -76.625, 3.2102067019649398e-24, nan 
-34.375, -76.625, 3.454891584338296e-24, nan 
-34.125, -76.625, 7.356526894280108e-24, nan 
-33.875, -76.625, 7.926002148315983e-24, nan 
-33.625, -76.625, 5.317034251951633e-24, nan 
-33.375, -76.625, 2.7696540183143948e-24, nan 
-33.125, -76.625, 5.038642194977526e-24, nan 
-32.875, -76.625, 4.870144758799626e-24, nan 
-32.625, -76.625, 4.354726990451237e-24, nan 
-32.375, -76.625, 4.521623075437785e-24, nan 
-32.125, -76.625, 4.092202025322516e-24, nan 
-31.875, -76.625, 3.789921473638581e-24, nan 
-31.625, -76.625, 2.989209287226451e-24, nan 
-31.375, -76.625, 2.6888768853624503e-24, nan 
-31.125, -76.625, 2.5150007145456885e-24, nan 
-30.875, -76.625, 2.600046164618924e-24, nan 
-30.625, -76.625, 2.1615822436373926e-24, nan 
-30.375, -76.625, 2.1914730919857584e-24, nan 
-30.125, -76.625, 2.305197787720968e-24, nan 
-29.875, -76.625, 2.9808780909940455e-24, nan 
-29.625, -76.625, 3.5609180014276846e-24, nan 
-29.375, -76.625, 1.8870689861581685e-24, nan 
-29.125, -76.625, 2.1728575767224315e-24, nan 
-28.875, -76.625, 2.1449866923642008e-24, nan 
-28.625, -76.625, 3.9436397233494815e-24, nan 
-28.375, -76.625, 7.386442878366425e-24, nan 
-28.125, -76.625, 1.447825624450837e-23, nan 
-27.875, -76.625, 1.4191469404873913e-23, nan 
-27.625, -76.625, 1.3699582116320144e-23, nan 
-27.375, -76.625, 1.2822135295169123e-23, nan 
-27.125, -76.625, 6.68637092212607e-24, nan 
-26.875, -76.625, 5.77145334191742e-24, nan 
-26.625, -76.625, 6.105285036049287e-24, nan 
-26.375, -76.625, 6.114923538710778e-24, nan 
-26.125, -76.625, 4.8488616837981586e-24, nan 
-25.875, -76.625, 4.131645686028144e-24, nan 
-25.625, -76.625, 4.174969153240567e-24, nan 
-25.375, -76.625, 4.129830964257049e-24, nan 
-25.125, -76.625, 4.29488165114885e-24, nan 
-24.875, -76.625, 3.959889497301803e-24, nan 
-24.625, -76.625, 3.3548448470081134e-24, nan 
-24.375, -76.625, 3.961993044332821e-24, nan 
-24.125, -76.625, 3.554000349917592e-24, nan 
-23.875, -76.625, 3.1507386369789302e-24, nan 
-23.625, -76.625, 2.0370328755815805e-24, nan 
-23.375, -76.625, 1.763113105116706e-24, nan 
-23.125, -76.625, 1.5803432372055484e-24, nan 
-22.875, -76.625, 1.1658547419861614e-24, nan 
-22.625, -76.625, 8.266697859862858e-25, nan 
-22.375, -76.625, 9.655278144066757e-25, nan 
-22.125, -76.625, 7.285668491454806e-25, nan 
-21.875, -76.625, 1.5255639379753225e-24, nan 
-21.625, -76.625, 2.5181916409331154e-24, nan 
-21.375, -76.625, 3.028596704264226e-24, nan 
-21.125, -76.625, 4.464063371444748e-24, nan 
-20.875, -76.625, 1.651126501863017e-24, nan 
-20.625, -76.625, 1.484305288720982e-24, nan 
-20.375, -76.625, 2.2238746504391236e-24, nan 
-20.125, -76.625, 2.5816006422866728e-24, nan 
-19.875, -76.625, 3.022512765159922e-24, nan 
-19.625, -76.625, 2.474411125754123e-24, nan 
-19.375, -76.625, 2.20620200166933e-24, nan 
-19.125, -76.625, 2.5228751124951774e-24, nan 
-18.875, -76.625, 2.298602995194823e-24, nan 
-18.625, -76.625, 3.7991726564120245e-24, nan 
-18.375, -76.625, 3.772764121290868e-24, nan 
-18.125, -76.625, 4.606631999469547e-24, nan 
-17.875, -76.625, 5.120130219021884e-24, nan 
-17.625, -76.625, 3.591509423702365e-24, nan 
-17.375, -76.625, 4.7552379433059285e-24, nan 
-17.125, -76.625, 4.974216365715362e-24, nan 
-16.875, -76.625, 6.18498786390222e-24, nan 
-16.625, -76.625, 6.5956057475661345e-24, nan 
-16.375, -76.625, 5.5602770262813384e-24, nan 
-16.125, -76.625, 6.327636930374197e-24, nan 
-15.875, -76.625, 6.2098241055120334e-24, nan 
-15.625, -76.625, 5.636997518635841e-24, nan 
-15.375, -76.625, 4.248643493505725e-24, nan 
-15.125, -76.625, 4.0816800582289146e-24, nan 
-14.875, -76.625, 4.050587936602456e-24, nan 
-14.625, -76.625, 2.723072742706168e-24, nan 
-14.375, -76.625, 9.364033300461012e-25, nan 
-14.125, -76.625, 2.342481624935742e-24, nan 
-13.875, -76.625, 1.9323399172884383e-24, nan 
-13.625, -76.625, 2.130140935115981e-24, nan 
-13.375, -76.625, 4.4272853534581e-24, nan 
-13.125, -76.625, 3.701099214750531e-24, nan 
-12.875, -76.625, 3.023051669481881e-24, nan 
-12.625, -76.625, 2.9835764708216552e-24, nan 
-12.375, -76.625, 1.2767447793987622e-24, nan 
-12.125, -76.625, 1.825306750482804e-24, nan 
-11.875, -76.625, 3.192863497858088e-24, nan 
-11.625, -76.625, 2.3133443991526622e-24, nan 
-11.375, -76.625, 1.425216367189982e-24, nan 
-11.125, -76.625, 1.838126505460235e-24, nan 
-10.875, -76.625, 1.6646426582071283e-24, nan 
-10.625, -76.625, 1.2716830376636404e-24, nan 
-10.375, -76.625, 1.3815760770997027e-24, nan 
-10.125, -76.625, 1.3603022021273588e-24, nan 
-9.875, -76.625, 9.755631522998647e-25, nan 
-9.625, -76.625, 9.44972113583663e-25, nan 
-9.375, -76.625, 2.7452839321074962e-24, nan 
-9.125, -76.625, 3.553743205817667e-24, nan 
-8.875, -76.625, 5.0533134172217936e-24, nan 
-8.625, -76.625, 5.7625936914941394e-24, nan 
-8.375, -76.625, 6.503266477346077e-24, nan 
-8.125, -76.625, 4.459980503385722e-24, nan 
-7.875, -76.625, 2.6530393327390308e-24, nan 
-7.625, -76.625, 2.4000802252754553e-24, nan 
-7.375, -76.625, 1.4152701855935179e-24, nan 
-7.125, -76.625, 1.6270680066800174e-24, nan 
-6.875, -76.625, 2.5443745477460125e-24, nan 
-6.625, -76.625, 2.17670213547774e-24, nan 
-6.375, -76.625, 2.7013212573963787e-24, nan 
-6.125, -76.625, 2.2857772631521396e-24, nan 
-5.875, -76.625, 3.656500695979913e-24, nan 
-5.625, -76.625, 6.313948031749851e-24, nan 
-5.375, -76.625, 5.290913229719848e-24, nan 
-5.125, -76.625, 4.901884198000704e-24, nan 
-4.875, -76.625, 4.8694631976561116e-24, nan 
-4.625, -76.625, 6.543139887932129e-24, nan 
-4.375, -76.625, 7.714590493419372e-24, nan 
-4.125, -76.625, 4.7989551647851526e-24, nan 
-3.875, -76.625, 7.434881879153451e-24, nan 
-3.625, -76.625, 8.027440044095809e-24, nan 
-3.375, -76.625, 7.226035610827394e-24, nan 
-3.125, -76.625, 5.851773235759822e-24, nan 
-2.875, -76.625, 5.377488250119521e-24, nan 
-2.625, -76.625, 5.9296283205303466e-24, nan 
-2.375, -76.625, 5.150295137944757e-24, nan 
-2.125, -76.625, 4.450156526762514e-24, nan 
-1.875, -76.625, 3.468974883656165e-24, nan 
-1.625, -76.625, 4.071692321578489e-24, nan 
-1.375, -76.625, 1.43231914003587e-23, nan 
-1.125, -76.625, 1.4440930917533988e-23, nan 
-0.875, -76.625, 8.582911766529553e-24, nan 
-0.625, -76.625, 1.842042369601594e-24, nan 
-0.375, -76.625, 2.1616564910899802e-24, nan 
-0.125, -76.625, 1.3877855949012986e-24, nan 
0.125, -76.625, 2.2219957580847934e-24, nan 
0.375, -76.625, 1.1461731377905708e-24, nan 
0.625, -76.625, 1.0944924348224893e-24, nan 
0.875, -76.625, 1.4302218365244337e-24, nan 
1.125, -76.625, 1.4347444290373307e-24, nan 
1.375, -76.625, 1.3619280850732884e-24, nan 
1.625, -76.625, 1.648415288539492e-24, nan 
-51.875, -76.375, 5.536407978541217e-25, nan 
-51.625, -76.375, 6.697001190636188e-25, nan 
-51.375, -76.375, 5.139218048478784e-25, nan 
-51.125, -76.375, 5.836156265697258e-25, nan 
-50.875, -76.375, 6.722786300611381e-25, nan 
-50.625, -76.375, 8.84190189880318e-25, nan 
-50.375, -76.375, 9.658183378948683e-25, nan 
-50.125, -76.375, 5.40203626681273e-25, nan 
-49.875, -76.375, 4.421751310315386e-25, nan 
-49.625, -76.375, 5.841217889494914e-25, nan 
-49.375, -76.375, 8.434402285004379e-25, nan 
-49.125, -76.375, 9.77991178962703e-25, nan 
-48.875, -76.375, 5.541489796090455e-25, nan 
-48.625, -76.375, 3.7195265681188357e-25, nan 
-48.375, -76.375, 4.40888610084853e-25, nan 
-48.125, -76.375, 6.399200294700742e-25, nan 
-47.875, -76.375, 9.564220572583157e-25, nan 
-47.625, -76.375, 8.691784364830843e-25, nan 
-47.375, -76.375, 9.912669638678654e-25, nan 
-47.125, -76.375, 7.10618116771074e-25, nan 
-46.875, -76.375, 6.496079911369778e-25, nan 
-46.625, -76.375, 9.311869073974494e-25, nan 
-46.375, -76.375, 7.534311197779887e-25, nan 
-46.125, -76.375, 9.919633361380147e-25, nan 
-45.875, -76.375, 7.731780466647981e-25, nan 
-45.625, -76.375, 7.3890997903403865e-25, nan 
-45.375, -76.375, 6.873545311159463e-25, nan 
-45.125, -76.375, 6.861825029083267e-25, nan 
-44.875, -76.375, 1.0251417072259978e-24, nan 
-44.625, -76.375, 1.0611132808535126e-24, nan 
-44.375, -76.375, 5.115885656650017e-25, nan 
-44.125, -76.375, 6.987839656769794e-25, nan 
-43.875, -76.375, 1.2327842483789788e-24, nan 
-43.625, -76.375, 1.3294078779542207e-24, nan 
-43.375, -76.375, 9.988861082751006e-25, nan 
-43.125, -76.375, 4.2227456331569285e-25, nan 
-42.875, -76.375, 7.638042982418326e-25, nan 
-42.625, -76.375, 1.2993544311606584e-24, nan 
-42.375, -76.375, 8.314923504687711e-25, nan 
-42.125, -76.375, 8.014059312175156e-25, nan 
-41.875, -76.375, 6.325191545482949e-25, nan 
-41.625, -76.375, 7.71895934819017e-25, nan 
-41.375, -76.375, 1.153432254418225e-24, nan 
-41.125, -76.375, 1.768787990526907e-24, nan 
-40.875, -76.375, 1.698465235746166e-24, nan 
-40.625, -76.375, 9.585740884108253e-25, nan 
-40.375, -76.375, 8.8460892919588e-25, nan 
-40.125, -76.375, 7.97272680251474e-25, nan 
-39.875, -76.375, 1.190090312934832e-24, nan 
-39.625, -76.375, 1.3374222953383984e-24, nan 
-39.375, -76.375, 9.071249897106618e-25, nan 
-39.125, -76.375, 1.749427975022812e-24, nan 
-38.875, -76.375, 1.6611113670182417e-24, nan 
-38.625, -76.375, 2.594587978398381e-24, nan 
-38.375, -76.375, 2.951896652678431e-24, nan 
-38.125, -76.375, 3.5209872986109766e-24, nan 
-37.875, -76.375, 3.126116484169695e-24, nan 
-37.625, -76.375, 3.0092690995175444e-24, nan 
-37.375, -76.375, 2.329498320501889e-24, nan 
-37.125, -76.375, 1.789071777406084e-24, nan 
-36.875, -76.375, 1.305624411062192e-24, nan 
-36.625, -76.375, 7.529145865904229e-25, nan 
-36.375, -76.375, 1.065576905314079e-24, nan 
-36.125, -76.375, 1.5185150240309198e-24, nan 
-35.875, -76.375, 2.554926982394909e-24, nan 
-35.625, -76.375, 2.300291767744513e-24, nan 
-35.375, -76.375, 6.870543216819049e-24, nan 
-35.125, -76.375, 7.411956280361112e-24, nan 
-34.875, -76.375, 5.580805466401214e-24, nan 
-34.625, -76.375, 4.436184697166345e-24, nan 
-34.375, -76.375, 9.190623013207178e-24, nan 
-34.125, -76.375, 1.7693472241735882e-23, nan 
-33.875, -76.375, 1.880158636008376e-23, nan 
-33.625, -76.375, 1.2991789802372235e-23, nan 
-33.375, -76.375, 2.927836072392866e-24, nan 
-33.125, -76.375, 9.190975489081918e-24, nan 
-32.875, -76.375, 1.2562361290034675e-23, nan 
-32.625, -76.375, 1.197600432883964e-23, nan 
-32.375, -76.375, 8.82763072242617e-24, nan 
-32.125, -76.375, 5.099765823713566e-24, nan 
-31.875, -76.375, 3.9347364635852526e-24, nan 
-31.625, -76.375, 2.51614434434479e-24, nan 
-31.375, -76.375, 2.5253287438324482e-24, nan 
-31.125, -76.375, 2.6062466080296014e-24, nan 
-30.875, -76.375, 2.824019532927637e-24, nan 
-30.625, -76.375, 3.2116165592335187e-24, nan 
-30.375, -76.375, 2.209459916605125e-24, nan 
-30.125, -76.375, 1.4292066174476812e-24, nan 
-29.875, -76.375, 3.0801355332957548e-24, nan 
-29.625, -76.375, 4.3593559976580784e-24, nan 
-29.375, -76.375, 1.209925702101575e-23, nan 
-29.125, -76.375, 1.1424096993719678e-23, nan 
-28.875, -76.375, 1.2072943169406229e-23, nan 
-28.625, -76.375, 1.3313149002940484e-23, nan 
-28.375, -76.375, 9.275772097836335e-24, nan 
-28.125, -76.375, 2.9876705055610096e-23, nan 
-27.875, -76.375, 2.8624032077068295e-23, nan 
-27.625, -76.375, 2.913846372431497e-23, nan 
-27.375, -76.375, 2.7157353142183856e-23, nan 
-27.125, -76.375, 1.3049995543533257e-23, nan 
-26.875, -76.375, 1.8378245323406776e-23, nan 
-26.625, -76.375, 1.8170111280261084e-23, nan 
-26.375, -76.375, 1.850289573582961e-23, nan 
-26.125, -76.375, 1.5611884353232833e-23, nan 
-25.875, -76.375, 8.592985381676132e-24, nan 
-25.625, -76.375, 2.229935903796379e-24, nan 
-25.375, -76.375, 2.7293280532686605e-24, nan 
-25.125, -76.375, 3.2417863864595105e-24, nan 
-24.875, -76.375, 2.899677640802044e-24, nan 
-24.625, -76.375, 1.578197024149412e-24, nan 
-24.375, -76.375, 1.0083956682569553e-24, nan 
-24.125, -76.375, 1.687875844541442e-24, nan 
-23.875, -76.375, 1.5476717086326589e-24, nan 
-23.625, -76.375, 1.974901213256385e-24, nan 
-23.375, -76.375, 1.2710801344527787e-24, nan 
-23.125, -76.375, 1.3438607774146216e-24, nan 
-22.875, -76.375, 1.2916938476464858e-24, nan 
-22.625, -76.375, 1.4888624884203484e-24, nan 
-22.375, -76.375, 1.599759064093171e-24, nan 
-22.125, -76.375, 6.414850852116357e-25, nan 
-21.875, -76.375, 2.6240378169754417e-24, nan 
-21.625, -76.375, 3.978206556484016e-24, nan 
-21.375, -76.375, 4.752929557907322e-24, nan 
-21.125, -76.375, 4.577619220314203e-24, nan 
-20.875, -76.375, 8.755506352109133e-25, nan 
-20.625, -76.375, 2.0074719368374087e-24, nan 
-20.375, -76.375, 3.0040265132283873e-24, nan 
-20.125, -76.375, 3.397277292909024e-24, nan 
-19.875, -76.375, 3.3918165031728384e-24, nan 
-19.625, -76.375, 1.6305840795489386e-24, nan 
-19.375, -76.375, 2.158470583586283e-24, nan 
-19.125, -76.375, 2.0344590227798057e-24, nan 
-18.875, -76.375, 1.2947008667271168e-24, nan 
-18.625, -76.375, 1.4425257525013875e-24, nan 
-18.375, -76.375, 2.546665640351983e-24, nan 
-18.125, -76.375, 3.251288367417059e-24, nan 
-17.875, -76.375, 4.6924172392409536e-24, nan 
-17.625, -76.375, 4.354670107330813e-24, nan 
-17.375, -76.375, 6.677514250072178e-24, nan 
-17.125, -76.375, 8.188346423106256e-24, nan 
-16.875, -76.375, 8.287008426900405e-24, nan 
-16.625, -76.375, 7.954530211386051e-24, nan 
-16.375, -76.375, 7.248227385808006e-24, nan 
-16.125, -76.375, 8.9534452602885e-24, nan 
-15.875, -76.375, 8.967995311695751e-24, nan 
-15.625, -76.375, 5.9256546852810746e-24, nan 
-15.375, -76.375, 1.5595531537293447e-24, nan 
-15.125, -76.375, 5.022790832550046e-24, nan 
-14.875, -76.375, 4.632792971580446e-24, nan 
-14.625, -76.375, 4.275830973766579e-24, nan 
-14.375, -76.375, 2.7325239926699634e-24, nan 
-14.125, -76.375, 3.18152123339362e-24, nan 
-13.875, -76.375, 3.174718905359028e-24, nan 
-13.625, -76.375, 1.62264982896967e-24, nan 
-13.375, -76.375, 2.4145317356490414e-24, nan 
-13.125, -76.375, 1.3915319997193291e-24, nan 
-12.875, -76.375, 2.350015554517549e-24, nan 
-12.625, -76.375, 2.987122318613356e-24, nan 
-12.375, -76.375, 2.6862218006710265e-24, nan 
-12.125, -76.375, 3.282574750258152e-24, nan 
-11.875, -76.375, 6.0991591158370106e-24, nan 
-11.625, -76.375, 4.900081688579936e-24, nan 
-11.375, -76.375, 7.727127959083655e-24, nan 
-11.125, -76.375, 5.6597074469670005e-24, nan 
-10.875, -76.375, 4.88152490435865e-24, nan 
-10.625, -76.375, 5.292423450647928e-24, nan 
-10.375, -76.375, 5.4573209054540054e-24, nan 
-10.125, -76.375, 7.099686885302786e-24, nan 
-9.875, -76.375, 6.0194903648193954e-24, nan 
-9.625, -76.375, 5.996805220014469e-24, nan 
-9.375, -76.375, 3.535435089677812e-24, nan 
-9.125, -76.375, 3.784608560734959e-24, nan 
-8.875, -76.375, 7.176121393096477e-24, nan 
-8.625, -76.375, 9.172092664979983e-24, nan 
-8.375, -76.375, 1.1095528990545211e-23, nan 
-8.125, -76.375, 7.836978964145226e-24, nan 
-7.875, -76.375, 5.024761428941768e-24, nan 
-7.625, -76.375, 4.4625438768831785e-24, nan 
-7.375, -76.375, 4.036053775764435e-24, nan 
-7.125, -76.375, 5.4576235265311025e-24, nan 
-6.875, -76.375, 4.691836821392535e-24, nan 
-6.625, -76.375, 3.941536916414692e-24, nan 
-6.375, -76.375, 3.3035158767413205e-24, nan 
-6.125, -76.375, 2.2575297976080113e-24, nan 
-5.875, -76.375, 2.1232207223461103e-24, nan 
-5.625, -76.375, 3.871447219976588e-24, nan 
-5.375, -76.375, 3.357168352113033e-24, nan 
-5.125, -76.375, 3.519260363668388e-24, nan 
-4.875, -76.375, 3.515286455656355e-24, nan 
-4.625, -76.375, 4.960609298997579e-24, nan 
-4.375, -76.375, 5.749415012458861e-24, nan 
-4.125, -76.375, 6.37957995386257e-24, nan 
-3.875, -76.375, 6.783358750309857e-24, nan 
-3.625, -76.375, 5.949895380589196e-24, nan 
-3.375, -76.375, 5.8488581537315e-24, nan 
-3.125, -76.375, 4.713951904989025e-24, nan 
-2.875, -76.375, 5.950298010039456e-24, nan 
-2.625, -76.375, 5.144540201103851e-24, nan 
-2.375, -76.375, 3.709480904049497e-24, nan 
-2.125, -76.375, 3.1026523522728106e-24, nan 
-1.875, -76.375, 1.628594107603418e-24, nan 
-1.625, -76.375, 1.1456665313096213e-24, nan 
-1.375, -76.375, 5.94479163241836e-25, nan 
-1.125, -76.375, 8.95408178980223e-25, nan 
-0.875, -76.375, 1.882646989756139e-24, nan 
-0.625, -76.375, 1.1769654718773474e-24, nan 
-0.375, -76.375, 6.494842750406452e-25, nan 
-0.125, -76.375, 1.7028699589792365e-24, nan 
0.125, -76.375, 1.5237919490610125e-24, nan 
0.375, -76.375, 1.053267839906293e-24, nan 
0.625, -76.375, 1.3430283898129627e-24, nan 
0.875, -76.375, 2.999916883578013e-25, nan 
1.125, -76.375, 1.9542935392503238e-24, nan 
1.375, -76.375, 2.1193882919215826e-24, nan 
1.625, -76.375, 1.7669125029916212e-24, nan 
1.875, -76.375, 1.3711685452724902e-24, nan 
-51.375, -76.125, 2.8819749248505867e-25, nan 
-51.125, -76.125, 6.7509587485154395e-25, nan 
-50.875, -76.125, 7.612609895974063e-25, nan 
-50.625, -76.125, 6.132412331670753e-25, nan 
-50.375, -76.125, 5.519754945029098e-25, nan 
-50.125, -76.125, 3.643097539414845e-25, nan 
-49.875, -76.125, 6.0643159417350015e-25, nan 
-49.625, -76.125, 7.68783606576662e-25, nan 
-49.375, -76.125, 7.060994244666214e-25, nan 
-49.125, -76.125, 7.46752754387967e-25, nan 
-48.875, -76.125, 4.742727091614263e-25, nan 
-48.625, -76.125, 1.5279832582267916e-25, nan 
-48.375, -76.125, 3.741253919495771e-25, nan 
-48.125, -76.125, 3.197902301913346e-25, nan 
-47.875, -76.125, 8.94764008827313e-25, nan 
-47.625, -76.125, 6.988416692478545e-25, nan 
-47.375, -76.125, 6.79981938697747e-25, nan 
-47.125, -76.125, 5.00058667264047e-25, nan 
-46.875, -76.125, 6.246386869763363e-25, nan 
-46.625, -76.125, 1.2005866323529263e-24, nan 
-46.375, -76.125, 8.724572069861816e-25, nan 
-46.125, -76.125, 6.713153135083241e-25, nan 
-45.875, -76.125, 5.085226280610016e-25, nan 
-45.625, -76.125, 5.763073447023385e-25, nan 
-45.375, -76.125, 8.801083339228996e-25, nan 
-45.125, -76.125, 7.923975654420037e-25, nan 
-44.875, -76.125, 8.873886226353638e-25, nan 
-44.625, -76.125, 1.073630304575791e-24, nan 
-44.375, -76.125, 2.003662714531306e-25, nan 
-44.125, -76.125, 6.781348465071577e-25, nan 
-43.875, -76.125, 3.9076480669304174e-25, nan 
-43.625, -76.125, 2.0033628057684807e-25, nan 
-43.375, -76.125, 1.4884552056798493e-25, nan 
-43.125, -76.125, 5.126623908714846e-25, nan 
-42.875, -76.125, 8.224538240750194e-25, nan 
-42.625, -76.125, 1.0229859811707367e-24, nan 
-42.375, -76.125, 4.47847724218423e-25, nan 
-42.125, -76.125, 6.554769939829079e-25, nan 
-41.875, -76.125, 1.006028851056126e-24, nan 
-41.625, -76.125, 1.3150845354683859e-24, nan 
-41.375, -76.125, 1.5900968897492347e-24, nan 
-41.125, -76.125, 1.1149263204234016e-24, nan 
-40.875, -76.125, 1.054830483789384e-24, nan 
-40.625, -76.125, 1.0923449628530404e-24, nan 
-40.375, -76.125, 1.7427246789934986e-24, nan 
-40.125, -76.125, 1.5838385175164133e-24, nan 
-39.875, -76.125, 1.9176826011963064e-24, nan 
-39.625, -76.125, 2.7906992214017997e-24, nan 
-39.375, -76.125, 2.9298504081579056e-24, nan 
-39.125, -76.125, 3.1522051397501e-24, nan 
-38.875, -76.125, 3.046493613306803e-24, nan 
-38.625, -76.125, 2.8359863507688905e-24, nan 
-38.375, -76.125, 3.9266446137988104e-24, nan 
-38.125, -76.125, 4.7327759415893126e-24, nan 
-37.875, -76.125, 4.4044305279631476e-24, nan 
-37.625, -76.125, 4.1927204169102426e-24, nan 
-37.375, -76.125, 2.7312045410236438e-24, nan 
-37.125, -76.125, 1.923938658920949e-24, nan 
-36.875, -76.125, 2.250409682270152e-24, nan 
-36.625, -76.125, 2.0895552753799334e-24, nan 
-36.375, -76.125, 2.030247306134826e-24, nan 
-36.125, -76.125, 1.5379929764755792e-24, nan 
-35.875, -76.125, 2.0480936530255105e-24, nan 
-35.625, -76.125, 1.6961612124755596e-24, nan 
-35.375, -76.125, 2.175629003615274e-24, nan 
-35.125, -76.125, 3.261587969008356e-24, nan 
-34.875, -76.125, 2.243151205545878e-24, nan 
-34.625, -76.125, 2.8478949469687422e-24, nan 
-34.375, -76.125, 4.627219003001132e-24, nan 
-34.125, -76.125, 9.817285221089521e-24, nan 
-33.875, -76.125, 1.1230105804974531e-23, nan 
-33.625, -76.125, 7.843232353653243e-24, nan 
-33.375, -76.125, 1.956685740763264e-24, nan 
-33.125, -76.125, 3.348153907518838e-24, nan 
-32.875, -76.125, 3.088648841869557e-24, nan 
-32.625, -76.125, 2.0278051376393175e-24, nan 
-32.375, -76.125, 2.000760989850256e-24, nan 
-32.125, -76.125, 2.5689036473594607e-24, nan 
-31.875, -76.125, 2.518084461940844e-24, nan 
-31.625, -76.125, 1.723326154396287e-24, nan 
-31.375, -76.125, 1.7957327871579297e-24, nan 
-31.125, -76.125, 2.0902405326038078e-24, nan 
-30.875, -76.125, 1.6136280871530073e-24, nan 
-30.625, -76.125, 3.1827652431064983e-24, nan 
-30.375, -76.125, 3.0969315739156987e-24, nan 
-30.125, -76.125, 1.1087515388021286e-24, nan 
-29.875, -76.125, 1.3432926545285352e-24, nan 
-29.625, -76.125, 1.3815909711322967e-24, nan 
-29.375, -76.125, 2.6873217853890863e-24, nan 
-29.125, -76.125, 2.810291736727136e-24, nan 
-28.875, -76.125, 2.8536677091929413e-24, nan 
-28.625, -76.125, 2.488142993123945e-24, nan 
-28.375, -76.125, 6.28790010915872e-24, nan 
-28.125, -76.125, 1.604126574979891e-23, nan 
-27.875, -76.125, 1.5620454803992424e-23, nan 
-27.625, -76.125, 1.5900489549589542e-23, nan 
-27.375, -76.125, 1.466636941206803e-23, nan 
-27.125, -76.125, 8.654759309479463e-24, nan 
-26.875, -76.125, 4.049280730227915e-24, nan 
-26.625, -76.125, 5.694018524373136e-24, nan 
-26.375, -76.125, 5.512837189383591e-24, nan 
-26.125, -76.125, 3.822473817120248e-24, nan 
-25.875, -76.125, 2.9467499156502615e-24, nan 
-25.625, -76.125, 2.1503409549549313e-24, nan 
-25.375, -76.125, 1.788161658490389e-24, nan 
-25.125, -76.125, 1.6399287958022641e-24, nan 
-24.875, -76.125, 1.5652365023059917e-24, nan 
-24.625, -76.125, 1.2426418470951021e-24, nan 
-24.375, -76.125, 1.2038776422180307e-24, nan 
-24.125, -76.125, 2.8000866169761296e-24, nan 
-23.875, -76.125, 2.1675650811546478e-24, nan 
-23.625, -76.125, 3.573805538257833e-24, nan 
-23.375, -76.125, 2.660397857057516e-24, nan 
-23.125, -76.125, 1.6842724949999526e-24, nan 
-22.875, -76.125, 2.0600192370393778e-24, nan 
-22.625, -76.125, 1.7786069486544976e-24, nan 
-22.375, -76.125, 1.9881765776382495e-24, nan 
-22.125, -76.125, 1.727041433381804e-24, nan 
-21.875, -76.125, 2.8160285783722858e-24, nan 
-21.625, -76.125, 3.242075984246586e-24, nan 
-21.375, -76.125, 3.4154823521556335e-24, nan 
-21.125, -76.125, 3.7702491554431145e-24, nan 
-20.875, -76.125, 2.2543405669509702e-24, nan 
-20.625, -76.125, 1.9623017191853085e-24, nan 
-20.375, -76.125, 2.0527335627311013e-24, nan 
-20.125, -76.125, 1.1897958849834062e-24, nan 
-19.875, -76.125, 1.811159711805192e-24, nan 
-19.625, -76.125, 1.5836044706695145e-24, nan 
-19.375, -76.125, 1.127062033037509e-24, nan 
-19.125, -76.125, 1.8950443700001615e-24, nan 
-18.875, -76.125, 3.261440936521019e-24, nan 
-18.625, -76.125, 4.662187325966185e-24, nan 
-18.375, -76.125, 5.803002432479234e-24, nan 
-18.125, -76.125, 7.28569930819518e-24, nan 
-17.875, -76.125, 6.867805767951566e-24, nan 
-17.625, -76.125, 5.358735049159259e-24, nan 
-17.375, -76.125, 6.4398442414796194e-24, nan 
-17.125, -76.125, 9.308893532119653e-24, nan 
-16.875, -76.125, 1.1321418293486477e-23, nan 
-16.625, -76.125, 1.0904591755462071e-23, nan 
-16.375, -76.125, 8.972695480415975e-24, nan 
-16.125, -76.125, 8.670329549218916e-24, nan 
-15.875, -76.125, 6.200418209828899e-24, nan 
-15.625, -76.125, 5.995634720957079e-24, nan 
-15.375, -76.125, 5.8863768493475986e-24, nan 
-15.125, -76.125, 5.258054609082677e-24, nan 
-14.875, -76.125, 5.576345871785181e-24, nan 
-14.625, -76.125, 4.01577571723047e-24, nan 
-14.375, -76.125, 2.7574525151780883e-24, nan 
-14.125, -76.125, 3.0735708488082567e-24, nan 
-13.875, -76.125, 2.9222756520589152e-24, nan 
-13.625, -76.125, 2.8628796319657677e-24, nan 
-13.375, -76.125, 2.7469478889970922e-24, nan 
-13.125, -76.125, 4.00826972659142e-24, nan 
-12.875, -76.125, 2.2305181040697043e-24, nan 
-12.625, -76.125, 5.6841126357016375e-24, nan 
-12.375, -76.125, 4.0905320894358545e-24, nan 
-12.125, -76.125, 4.019446486319151e-24, nan 
-11.875, -76.125, 8.906400291998791e-24, nan 
-11.625, -76.125, 6.175903944692032e-24, nan 
-11.375, -76.125, 1.053859311687167e-23, nan 
-11.125, -76.125, 8.101267027292281e-24, nan 
-10.875, -76.125, 7.908847812606003e-24, nan 
-10.625, -76.125, 7.874473702370652e-24, nan 
-10.375, -76.125, 8.935086187809335e-24, nan 
-10.125, -76.125, 9.31204854787733e-24, nan 
-9.875, -76.125, 5.811249468710767e-24, nan 
-9.625, -76.125, 4.1876190952292596e-24, nan 
-9.375, -76.125, 4.183536992260316e-24, nan 
-9.125, -76.125, 5.184493536096332e-24, nan 
-8.875, -76.125, 5.855091292978484e-24, nan 
-8.625, -76.125, 5.3996430842505074e-24, nan 
-8.375, -76.125, 5.8106002360019605e-24, nan 
-8.125, -76.125, 5.181185759970171e-24, nan 
-7.875, -76.125, 3.960011918779047e-24, nan 
-7.625, -76.125, 3.348997960199336e-24, nan 
-7.375, -76.125, 3.1490707621804758e-24, nan 
-7.125, -76.125, 2.1930974260516804e-24, nan 
-6.875, -76.125, 1.3037255761645621e-24, nan 
-6.625, -76.125, 1.1592255995387899e-24, nan 
-6.375, -76.125, 5.462052125028972e-25, nan 
-6.125, -76.125, 3.2019160566024136e-24, nan 
-5.875, -76.125, 1.8795059081295186e-24, nan 
-5.625, -76.125, 4.956944319183422e-24, nan 
-5.375, -76.125, 3.859743367791392e-24, nan 
-5.125, -76.125, 2.830805247558116e-24, nan 
-4.875, -76.125, 2.5833044589981326e-24, nan 
-4.625, -76.125, 3.008385339188748e-24, nan 
-4.375, -76.125, 3.0056595141512995e-24, nan 
-4.125, -76.125, 4.957920746943069e-24, nan 
-3.875, -76.125, 4.506507372946304e-24, nan 
-3.625, -76.125, 2.248306878224631e-24, nan 
-3.375, -76.125, 1.979821377569025e-24, nan 
-3.125, -76.125, 2.8391176319932253e-24, nan 
-2.875, -76.125, 2.580925932879525e-24, nan 
-2.625, -76.125, 1.4778345459465194e-24, nan 
-2.375, -76.125, 1.0296052758949707e-24, nan 
-2.125, -76.125, 1.1067930485929448e-24, nan 
-1.875, -76.125, 1.1385983137202662e-24, nan 
-1.625, -76.125, 1.2593973400002635e-24, nan 
-1.375, -76.125, 1.3894046759387347e-24, nan 
-1.125, -76.125, 1.121903506326979e-24, nan 
-0.875, -76.125, 1.7659129766043947e-24, nan 
-0.625, -76.125, 1.5825416929572994e-24, nan 
-0.375, -76.125, 1.5258809524906579e-24, nan 
-0.125, -76.125, 2.5160778831211712e-24, nan 
0.125, -76.125, 2.1474196634682952e-24, nan 
0.375, -76.125, 1.2649646121935358e-24, nan 
0.625, -76.125, 2.2857693033124118e-24, nan 
0.875, -76.125, 9.850834022030495e-25, nan 
1.125, -76.125, 1.813522187913417e-24, nan 
1.375, -76.125, 2.3004844724875205e-24, nan 
1.625, -76.125, 2.2015933891320355e-24, nan 
1.875, -76.125, 8.41538888275896e-25, nan 
2.125, -76.125, 6.576811490619415e-25, nan 
2.375, -76.125, 1.4192634340962687e-24, nan 
-50.625, -75.875, 2.8218701456959856e-25, nan 
-50.375, -75.875, 2.1584728698803254e-25, nan 
-50.125, -75.875, 2.669637831149034e-25, nan 
-49.875, -75.875, 4.835214466516291e-25, nan 
-49.625, -75.875, 7.129470901143273e-25, nan 
-49.375, -75.875, 5.223390518420296e-25, nan 
-49.125, -75.875, 5.682681535764853e-25, nan 
-48.875, -75.875, 4.254344781222213e-25, nan 
-48.625, -75.875, 6.492346013261807e-25, nan 
-48.375, -75.875, 5.98778409643779e-25, nan 
-48.125, -75.875, 5.900971483538929e-25, nan 
-47.875, -75.875, 5.1571963736593395e-25, nan 
-47.625, -75.875, 4.469966820847565e-25, nan 
-47.375, -75.875, 5.701588693672899e-25, nan 
-47.125, -75.875, 6.937515055205125e-25, nan 
-46.875, -75.875, 9.238647256340498e-25, nan 
-46.625, -75.875, 1.259588367850259e-24, nan 
-46.375, -75.875, 8.078167769494714e-25, nan 
-46.125, -75.875, 6.090580788785068e-25, nan 
-45.875, -75.875, 1.7900429004303356e-24, nan 
-45.625, -75.875, 2.5737335084670232e-24, nan 
-45.375, -75.875, 9.658996570145323e-25, nan 
-45.125, -75.875, 7.814904049667312e-25, nan 
-44.875, -75.875, 8.105922262545214e-25, nan 
-44.625, -75.875, 7.2944610340097495e-25, nan 
-44.375, -75.875, 7.011401454315324e-25, nan 
-44.125, -75.875, 9.604460165669399e-25, nan 
-43.875, -75.875, 7.007174069951167e-25, nan 
-43.625, -75.875, 6.336109964851489e-25, nan 
-43.375, -75.875, 5.3121891073479485e-25, nan 
-43.125, -75.875, 9.6963844792619e-25, nan 
-42.875, -75.875, 1.7893428455928542e-24, nan 
-42.625, -75.875, 1.7716464670614246e-24, nan 
-42.375, -75.875, 1.4916029557466503e-24, nan 
-42.125, -75.875, 1.3456271344128095e-24, nan 
-41.875, -75.875, 1.219128799835394e-24, nan 
-41.625, -75.875, 1.1565213026032167e-24, nan 
-41.375, -75.875, 1.3326401246074843e-24, nan 
-41.125, -75.875, 1.1742748388044815e-24, nan 
-40.875, -75.875, 1.0606793104059992e-24, nan 
-40.625, -75.875, 8.707592579752566e-25, nan 
-40.375, -75.875, 1.2090234081725262e-24, nan 
-40.125, -75.875, 2.0728319041866524e-24, nan 
-39.875, -75.875, 2.521654367041519e-24, nan 
-39.625, -75.875, 5.972131785730231e-24, nan 
-39.375, -75.875, 5.208730919049402e-24, nan 
-39.125, -75.875, 5.531620255177403e-24, nan 
-38.875, -75.875, 4.6092281999227914e-24, nan 
-38.625, -75.875, 4.0642308741617034e-24, nan 
-38.375, -75.875, 3.715778990782795e-24, nan 
-38.125, -75.875, 3.682627536421665e-24, nan 
-37.875, -75.875, 4.750474159462756e-24, nan 
-37.625, -75.875, 4.12314284048072e-24, nan 
-37.375, -75.875, 4.002132651165402e-24, nan 
-37.125, -75.875, 1.8654400847823238e-24, nan 
-36.875, -75.875, 1.9074252075894197e-24, nan 
-36.625, -75.875, 2.657086213085311e-24, nan 
-36.375, -75.875, 3.1399739588346148e-24, nan 
-36.125, -75.875, 2.261498909073052e-24, nan 
-35.875, -75.875, 2.03819117809618e-24, nan 
-35.625, -75.875, 2.2317648545953867e-24, nan 
-35.375, -75.875, 3.1320960558423986e-24, nan 
-35.125, -75.875, 3.631936310285911e-24, nan 
-34.875, -75.875, 3.0080626652247126e-24, nan 
-34.625, -75.875, 2.1700844746192357e-24, nan 
-34.375, -75.875, 2.5541298764380702e-24, nan 
-34.125, -75.875, 2.2116411175343667e-24, nan 
-33.875, -75.875, 2.3950599266119984e-24, nan 
-33.625, -75.875, 2.050216822477155e-24, nan 
-33.375, -75.875, 2.382095824230258e-24, nan 
-33.125, -75.875, 3.286832539406031e-24, nan 
-32.875, -75.875, 2.6601005384380893e-24, nan 
-32.625, -75.875, 2.1059956679279888e-24, nan 
-32.375, -75.875, 1.741342247301581e-24, nan 
-32.125, -75.875, 2.43251852931938e-24, nan 
-31.875, -75.875, 3.698624377618686e-24, nan 
-31.625, -75.875, 4.365647383632186e-24, nan 
-31.375, -75.875, 4.468635540794727e-24, nan 
-31.125, -75.875, 3.568276265936447e-24, nan 
-30.875, -75.875, 2.2452715891565133e-24, nan 
-30.625, -75.875, 2.7568652396238258e-24, nan 
-30.375, -75.875, 4.167478407029521e-24, nan 
-30.125, -75.875, 3.667773724021394e-24, nan 
-29.875, -75.875, 2.7346865935833406e-24, nan 
-29.625, -75.875, 1.1819179577315064e-24, nan 
-29.375, -75.875, 2.4676394525177457e-24, nan 
-29.125, -75.875, 3.7853470541006e-24, nan 
-28.875, -75.875, 4.4807810358165626e-24, nan 
-28.625, -75.875, 2.98511030361132e-24, nan 
-28.375, -75.875, 4.6037225323220366e-24, nan 
-28.125, -75.875, 3.9012378416964215e-24, nan 
-27.875, -75.875, 5.319566505408335e-24, nan 
-27.625, -75.875, 5.236932291717001e-24, nan 
-27.375, -75.875, 4.427488748723695e-24, nan 
-27.125, -75.875, 3.9856225190398624e-24, nan 
-26.875, -75.875, 3.486600639900196e-24, nan 
-26.625, -75.875, 4.584158592838646e-24, nan 
-26.375, -75.875, 4.729298042175964e-24, nan 
-26.125, -75.875, 4.458777171327414e-24, nan 
-25.875, -75.875, 3.646094003612068e-24, nan 
-25.625, -75.875, 3.2689073138382897e-24, nan 
-25.375, -75.875, 2.1529595046634764e-24, nan 
-25.125, -75.875, 1.4864089505036382e-24, nan 
-24.875, -75.875, 2.7798708150629463e-24, nan 
-24.625, -75.875, 2.567041023066407e-24, nan 
-24.375, -75.875, 2.3210288064364355e-24, nan 
-24.125, -75.875, 2.633075402709101e-24, nan 
-23.875, -75.875, 1.81688872709042e-24, nan 
-23.625, -75.875, 3.018619222774915e-24, nan 
-23.375, -75.875, 3.1824936075122395e-24, nan 
-23.125, -75.875, 4.987095798119469e-24, nan 
-22.875, -75.875, 5.236214302534924e-24, nan 
-22.625, -75.875, 4.690508173650607e-24, nan 
-22.375, -75.875, 4.3361555774774215e-24, nan 
-22.125, -75.875, 3.48815652489777e-24, nan 
-21.875, -75.875, 4.020923453804736e-24, nan 
-21.625, -75.875, 4.197158478811004e-24, nan 
-21.375, -75.875, 3.1614474295009544e-24, nan 
-21.125, -75.875, 3.924364124828958e-24, nan 
-20.875, -75.875, 2.4858555767625602e-24, nan 
-20.625, -75.875, 1.5484566110700828e-24, nan 
-20.375, -75.875, 2.1461324453434345e-24, nan 
-20.125, -75.875, 1.1811971381030851e-24, nan 
-19.875, -75.875, 2.1031240921312027e-24, nan 
-19.625, -75.875, 1.433032100196329e-24, nan 
-19.375, -75.875, 2.8968340315481503e-24, nan 
-19.125, -75.875, 3.78819142664408e-24, nan 
-18.875, -75.875, 4.432825952168654e-24, nan 
-18.625, -75.875, 5.0624866398559265e-24, nan 
-18.375, -75.875, 2.3428633752809446e-24, nan 
-18.125, -75.875, 3.5130952692191804e-24, nan 
-17.875, -75.875, 1.811867297622125e-24, nan 
-17.625, -75.875, 2.7830702410800015e-24, nan 
-17.375, -75.875, 4.098415746621824e-24, nan 
-17.125, -75.875, 5.505606494338593e-24, nan 
-16.875, -75.875, 7.055987859364434e-24, nan 
-16.625, -75.875, 7.642326102624711e-24, nan 
-16.375, -75.875, 7.149938538412064e-24, nan 
-16.125, -75.875, 7.702137767035987e-24, nan 
-15.875, -75.875, 5.811736651827531e-24, nan 
-15.625, -75.875, 5.2968164779177184e-24, nan 
-15.375, -75.875, 4.7772370687300555e-24, nan 
-15.125, -75.875, 3.912343876645869e-24, nan 
-14.875, -75.875, 3.6860989577899335e-24, nan 
-14.625, -75.875, 2.8138112853011996e-24, nan 
-14.375, -75.875, 2.1347628688653044e-24, nan 
-14.125, -75.875, 2.8871517867546893e-24, nan 
-13.875, -75.875, 3.575192871523122e-24, nan 
-13.625, -75.875, 6.8327845812513e-24, nan 
-13.375, -75.875, 5.480349581122056e-24, nan 
-13.125, -75.875, 3.632008345809701e-24, nan 
-12.875, -75.875, 1.0273774185351708e-23, nan 
-12.625, -75.875, 4.828918941737053e-24, nan 
-12.375, -75.875, 1.57558940643578e-23, nan 
-12.125, -75.875, 1.3542720808489434e-23, nan 
-11.875, -75.875, 7.09767438223003e-24, nan 
-11.625, -75.875, 5.5910552448989215e-24, nan 
-11.375, -75.875, 7.719511422486718e-24, nan 
-11.125, -75.875, 6.717586072637224e-24, nan 
-10.875, -75.875, 6.600632401024023e-24, nan 
-10.625, -75.875, 9.708571258975916e-24, nan 
-10.375, -75.875, 6.6164707848392365e-24, nan 
-10.125, -75.875, 6.464736844046705e-24, nan 
-9.875, -75.875, 5.415858354768539e-24, nan 
-9.625, -75.875, 8.612943899089723e-24, nan 
-9.375, -75.875, 3.4434139058746096e-24, nan 
-9.125, -75.875, 3.884948312583916e-24, nan 
-8.875, -75.875, 3.45142092768016e-24, nan 
-8.625, -75.875, 1.1375574132041708e-23, nan 
-8.375, -75.875, 1.152720648198138e-23, nan 
-8.125, -75.875, 8.309169218671663e-24, nan 
-7.875, -75.875, 2.388413073607751e-24, nan 
-7.625, -75.875, 2.306387345161761e-24, nan 
-7.375, -75.875, 2.4943115098729858e-24, nan 
-7.125, -75.875, 1.1890241624256617e-24, nan 
-6.875, -75.875, 3.8460520166400645e-24, nan 
-6.625, -75.875, 2.1915019486500777e-24, nan 
-6.375, -75.875, 1.969683890012153e-24, nan 
-6.125, -75.875, 2.74684403152358e-24, nan 
-5.875, -75.875, 1.685101853191338e-24, nan 
-5.625, -75.875, 7.376201014049384e-24, nan 
-5.375, -75.875, 1.1722876108682802e-23, nan 
-5.125, -75.875, 2.5925123323317547e-24, nan 
-4.875, -75.875, 2.711836955087682e-24, nan 
-4.625, -75.875, 2.4364346018027424e-24, nan 
-4.375, -75.875, 2.9388329936541544e-24, nan 
-4.125, -75.875, 2.8046950549816775e-24, nan 
-3.875, -75.875, 1.0419875304951263e-24, nan 
-3.625, -75.875, 1.1402533998601676e-24, nan 
-3.375, -75.875, 1.422022053589312e-24, nan 
-3.125, -75.875, 1.1763700776581009e-24, nan 
-2.875, -75.875, 9.308126703211694e-25, nan 
-2.625, -75.875, 1.4274192354233226e-24, nan 
-2.375, -75.875, 8.541389246624044e-25, nan 
-2.125, -75.875, 1.3313430905281002e-24, nan 
-1.875, -75.875, 1.367721910788718e-24, nan 
-1.625, -75.875, 1.324671720832709e-24, nan 
-1.375, -75.875, 1.237100195328189e-24, nan 
-1.125, -75.875, 1.1891230347397685e-24, nan 
-0.875, -75.875, 8.87717721304796e-25, nan 
-0.625, -75.875, 1.5671084099775461e-24, nan 
-0.375, -75.875, 1.8237193770748065e-24, nan 
-0.125, -75.875, 1.881786135005263e-24, nan 
0.125, -75.875, 1.8012865256596435e-24, nan 
0.375, -75.875, 1.8333125506093404e-24, nan 
0.625, -75.875, 2.584010885156431e-24, nan 
0.875, -75.875, 1.5319439917208687e-24, nan 
1.125, -75.875, 1.379076573290885e-24, nan 
1.375, -75.875, 2.0215123783019875e-24, nan 
1.625, -75.875, 1.8757030402530954e-24, nan 
1.875, -75.875, 8.41184964096616e-25, nan 
2.125, -75.875, 1.5677039622717064e-24, nan 
2.375, -75.875, 6.928680924082495e-25, nan 
2.625, -75.875, 7.88132651755726e-25, nan 
-50.125, -75.625, 3.289312188802514e-25, nan 
-49.875, -75.625, 3.5392292286183573e-25, nan 
-49.625, -75.625, 8.013606962133596e-25, nan 
-49.375, -75.625, 4.523313420554217e-25, nan 
-49.125, -75.625, 6.320911544210363e-25, nan 
-48.875, -75.625, 8.858904307391185e-25, nan 
-48.625, -75.625, 1.4174295417156227e-24, nan 
-48.375, -75.625, 1.4389898599297716e-24, nan 
-48.125, -75.625, 1.4771018201187613e-24, nan 
-47.875, -75.625, 9.847207273144281e-25, nan 
-47.625, -75.625, 7.420205914370886e-25, nan 
-47.375, -75.625, 1.3105422830294274e-24, nan 
-47.125, -75.625, 1.498676004994482e-24, nan 
-46.875, -75.625, 1.788893401015648e-24, nan 
-46.625, -75.625, 1.4489296800286108e-24, nan 
-46.375, -75.625, 8.531990434398829e-25, nan 
-46.125, -75.625, 4.834506175075906e-25, nan 
-45.875, -75.625, 2.4411149964348176e-24, nan 
-45.625, -75.625, 3.820110896596902e-24, nan 
-45.375, -75.625, 9.476261660477577e-25, nan 
-45.125, -75.625, 8.90212269950431e-25, nan 
-44.875, -75.625, 1.2149794210524164e-24, nan 
-44.625, -75.625, 2.0230984755060656e-24, nan 
-44.375, -75.625, 2.301076805615588e-24, nan 
-44.125, -75.625, 1.0512948985851212e-24, nan 
-43.875, -75.625, 1.875644663761972e-24, nan 
-43.625, -75.625, 2.510184624648009e-24, nan 
-43.375, -75.625, 2.886663582396707e-24, nan 
-43.125, -75.625, 3.737255958738816e-24, nan 
-42.875, -75.625, 3.650986620944937e-24, nan 
-42.625, -75.625, 3.926922253463809e-24, nan 
-42.375, -75.625, 4.9936951273132034e-24, nan 
-42.125, -75.625, 6.1283472724641035e-24, nan 
-41.875, -75.625, 5.7616332173862026e-24, nan 
-41.625, -75.625, 5.0269458569352135e-24, nan 
-41.375, -75.625, 4.5643986943152916e-24, nan 
-41.125, -75.625, 4.953580269972663e-24, nan 
-40.875, -75.625, 4.569692844288011e-24, nan 
-40.625, -75.625, 4.1480343169493366e-24, nan 
-40.375, -75.625, 3.3114512808821385e-24, nan 
-40.125, -75.625, 4.6167685121788585e-24, nan 
-39.875, -75.625, 5.743367959928768e-24, nan 
-39.625, -75.625, 6.505161980462343e-24, nan 
-39.375, -75.625, 5.470708962161482e-24, nan 
-39.125, -75.625, 5.261314194860866e-24, nan 
-38.875, -75.625, 4.375430128577221e-24, nan 
-38.625, -75.625, 4.10399475265161e-24, nan 
-38.375, -75.625, 2.0234351097419375e-24, nan 
-38.125, -75.625, 2.459146014635646e-24, nan 
-37.875, -75.625, 3.789839126407554e-24, nan 
-37.625, -75.625, 1.3070136592630757e-24, nan 
-37.375, -75.625, 1.4208002558875871e-24, nan 
-37.125, -75.625, 2.209122253142074e-24, nan 
-36.875, -75.625, 2.2148904889781878e-24, nan 
-36.625, -75.625, 3.632042925067181e-24, nan 
-36.375, -75.625, 2.57729193868588e-24, nan 
-36.125, -75.625, 2.2164650559235553e-24, nan 
-35.875, -75.625, 1.845754499438919e-24, nan 
-35.625, -75.625, 2.3624524968775755e-24, nan 
-35.375, -75.625, 3.335915004263415e-24, nan 
-35.125, -75.625, 2.8040622255135526e-24, nan 
-34.875, -75.625, 3.573853433059409e-24, nan 
-34.625, -75.625, 2.207269671589894e-24, nan 
-34.375, -75.625, 2.7399731510788362e-24, nan 
-34.125, -75.625, 2.1044020774386736e-24, nan 
-33.875, -75.625, 2.5753191951375343e-24, nan 
-33.625, -75.625, 2.5927026624257713e-24, nan 
-33.375, -75.625, 2.5955011617950014e-24, nan 
-33.125, -75.625, 2.6561536390626214e-24, nan 
-32.875, -75.625, 3.5119710913786434e-24, nan 
-32.625, -75.625, 4.065965462378475e-24, nan 
-32.375, -75.625, 3.852971539677852e-24, nan 
-32.125, -75.625, 3.113890221029736e-24, nan 
-31.875, -75.625, 2.833774089801468e-24, nan 
-31.625, -75.625, 5.0184441264470366e-24, nan 
-31.375, -75.625, 6.25279844300384e-24, nan 
-31.125, -75.625, 4.9304007158711424e-24, nan 
-30.875, -75.625, 3.528563589688344e-24, nan 
-30.625, -75.625, 2.6024825734892378e-24, nan 
-30.375, -75.625, 4.318589773304534e-24, nan 
-30.125, -75.625, 5.316338074281487e-24, nan 
-29.875, -75.625, 4.385132023333708e-24, nan 
-29.625, -75.625, 3.323172960442107e-24, nan 
-29.375, -75.625, 1.6392050008363692e-24, nan 
-29.125, -75.625, 2.2970849942054148e-24, nan 
-28.875, -75.625, 3.753647743896068e-24, nan 
-28.625, -75.625, 3.9137934169565346e-24, nan 
-28.375, -75.625, 4.806189398566258e-24, nan 
-28.125, -75.625, 3.3008536433983602e-24, nan 
-27.875, -75.625, 3.281324177327208e-24, nan 
-27.625, -75.625, 4.5811627035151465e-24, nan 
-27.375, -75.625, 4.594086836397409e-24, nan 
-27.125, -75.625, 3.618084878361506e-24, nan 
-26.875, -75.625, 3.051383884978447e-24, nan 
-26.625, -75.625, 3.4132771337464165e-24, nan 
-26.375, -75.625, 4.3615337022008594e-24, nan 
-26.125, -75.625, 5.570194068975298e-24, nan 
-25.875, -75.625, 4.8562988308768735e-24, nan 
-25.625, -75.625, 4.5833003388003984e-24, nan 
-25.375, -75.625, 3.699415160356545e-24, nan 
-25.125, -75.625, 2.204945917909595e-24, nan 
-24.875, -75.625, 3.777295053052405e-24, nan 
-24.625, -75.625, 4.037059612701566e-24, nan 
-24.375, -75.625, 4.2002134659804855e-24, nan 
-24.125, -75.625, 4.192371986056541e-24, nan 
-23.875, -75.625, 4.163768567600627e-24, nan 
-23.625, -75.625, 4.239635474271454e-24, nan 
-23.375, -75.625, 4.843111051744602e-24, nan 
-23.125, -75.625, 4.496602192449058e-24, nan 
-22.875, -75.625, 5.0299081200476074e-24, nan 
-22.625, -75.625, 5.387779818519701e-24, nan 
-22.375, -75.625, 5.136276351214763e-24, nan 
-22.125, -75.625, 4.838129326508053e-24, nan 
-21.875, -75.625, 3.151905872888243e-24, nan 
-21.625, -75.625, 2.6961005010513386e-24, nan 
-21.375, -75.625, 2.177384507559534e-24, nan 
-21.125, -75.625, 1.882511916727053e-24, nan 
-20.875, -75.625, 1.9136589186917583e-24, nan 
-20.625, -75.625, 2.1261537353744522e-24, nan 
-20.375, -75.625, 2.9869710440762044e-24, nan 
-20.125, -75.625, 3.373750607620615e-24, nan 
-19.875, -75.625, 4.457618408552835e-24, nan 
-19.625, -75.625, 2.6612521321792008e-24, nan 
-19.375, -75.625, 3.9663810105606814e-24, nan 
-19.125, -75.625, 7.132760239419379e-24, nan 
-18.875, -75.625, 8.108776149242202e-24, nan 
-18.625, -75.625, 1.0812159666373112e-23, nan 
-18.375, -75.625, 4.7448868586371375e-24, nan 
-18.125, -75.625, 6.744089611733856e-24, nan 
-17.875, -75.625, 4.38247659742999e-24, nan 
-17.625, -75.625, 4.930938081208841e-24, nan 
-17.375, -75.625, 6.944773978612515e-24, nan 
-17.125, -75.625, 4.488603192317021e-24, nan 
-16.875, -75.625, 5.912887281932028e-24, nan 
-16.625, -75.625, 3.891833533737397e-24, nan 
-16.375, -75.625, 2.120026214659475e-24, nan 
-16.125, -75.625, 4.892742566820553e-24, nan 
-15.875, -75.625, 7.277801171742233e-24, nan 
-15.625, -75.625, 3.1389796260190707e-24, nan 
-15.375, -75.625, 2.725981948579391e-24, nan 
-15.125, -75.625, 2.997478852261006e-24, nan 
-14.875, -75.625, 4.022793032401757e-24, nan 
-14.625, -75.625, 3.325631082841703e-24, nan 
-14.375, -75.625, 3.1271533939947535e-24, nan 
-14.125, -75.625, 9.5891247625641e-24, nan 
-13.875, -75.625, 8.043314065524051e-24, nan 
-13.625, -75.625, 9.524100127244226e-24, nan 
-13.375, -75.625, 9.56514437385432e-24, nan 
-13.125, -75.625, 3.927253340260182e-24, nan 
-12.875, -75.625, 1.322540945420692e-23, nan 
-12.625, -75.625, 7.075551468895804e-24, nan 
-12.375, -75.625, 1.8764486840652367e-23, nan 
-12.125, -75.625, 1.8716734143424445e-23, nan 
-11.875, -75.625, 6.3823039841326975e-24, nan 
-11.625, -75.625, 5.812947889499608e-24, nan 
-11.375, -75.625, 4.868337093621934e-24, nan 
-11.125, -75.625, 8.876512374516931e-24, nan 
-10.875, -75.625, 8.552639962409033e-24, nan 
-10.625, -75.625, 1.0551934862105434e-23, nan 
-10.375, -75.625, 7.6853042862957e-24, nan 
-10.125, -75.625, 8.756021489965149e-24, nan 
-9.875, -75.625, 1.2181359306438774e-23, nan 
-9.625, -75.625, 1.0777114321358637e-23, nan 
-9.375, -75.625, 9.58552868180757e-24, nan 
-9.125, -75.625, 5.156706665176094e-24, nan 
-8.875, -75.625, 5.30461509048382e-24, nan 
-8.625, -75.625, 1.6999807788680713e-23, nan 
-8.375, -75.625, 1.6024918570357237e-23, nan 
-8.125, -75.625, 1.2694725173698536e-23, nan 
-7.875, -75.625, 1.385459456101103e-24, nan 
-7.625, -75.625, 8.508211331544074e-25, nan 
-7.375, -75.625, 8.42047251137463e-24, nan 
-7.125, -75.625, 8.923094348087098e-24, nan 
-6.875, -75.625, 9.732750684652074e-24, nan 
-6.625, -75.625, 1.1207857340757161e-23, nan 
-6.375, -75.625, 2.161030515253087e-24, nan 
-6.125, -75.625, 3.5376788751968415e-24, nan 
-5.875, -75.625, 3.058243186871051e-24, nan 
-5.625, -75.625, 1.409909231296571e-23, nan 
-5.375, -75.625, 2.3438722899245938e-23, nan 
-5.125, -75.625, 1.6976780862220898e-24, nan 
-4.875, -75.625, 1.1704698155999958e-24, nan 
-4.625, -75.625, 1.5408065178500412e-24, nan 
-4.375, -75.625, 6.543749211533457e-24, nan 
-4.125, -75.625, 1.127438197041982e-23, nan 
-3.875, -75.625, 4.082381801768243e-24, nan 
-3.625, -75.625, 3.951182489786806e-24, nan 
-3.375, -75.625, 2.0141789953013374e-24, nan 
-3.125, -75.625, 8.769555900102896e-25, nan 
-2.875, -75.625, 8.553453044827462e-25, nan 
-2.625, -75.625, 1.677040979381547e-24, nan 
-2.375, -75.625, 1.377969189461408e-24, nan 
-2.125, -75.625, 1.0952625467758092e-24, nan 
-1.875, -75.625, 8.123694393886474e-25, nan 
-1.625, -75.625, 5.381676965917381e-25, nan 
-1.375, -75.625, 8.615781993057482e-25, nan 
-1.125, -75.625, 1.849753040215236e-24, nan 
-0.875, -75.625, 2.3417818732586168e-24, nan 
-0.625, -75.625, 1.948585326863441e-24, nan 
-0.375, -75.625, 9.948002771357816e-25, nan 
-0.125, -75.625, 9.969300610791875e-25, nan 
0.125, -75.625, 1.943989212680392e-24, nan 
0.375, -75.625, 3.123769503565625e-24, nan 
0.625, -75.625, 2.743246242834017e-24, nan 
0.875, -75.625, 1.0654581221926927e-24, nan 
1.125, -75.625, 1.2903068985693557e-24, nan 
1.375, -75.625, 1.444630836112578e-24, nan 
1.625, -75.625, 1.900237608742974e-24, nan 
1.875, -75.625, 1.7764286157789262e-24, nan 
2.125, -75.625, 2.069208096120695e-24, nan 
2.375, -75.625, 2.4991165266112066e-24, nan 
2.625, -75.625, 2.0514078904684987e-24, nan 
2.875, -75.625, 3.7403181555085215e-24, nan 
-49.625, -75.375, 1.0043990374313662e-24, nan 
-49.375, -75.375, 9.143412747448163e-25, nan 
-49.125, -75.375, 1.0333206979460329e-24, nan 
-48.875, -75.375, 1.0890299822725192e-24, nan 
-48.625, -75.375, 1.2041574293927372e-24, nan 
-48.375, -75.375, 1.1708694164980371e-24, nan 
-48.125, -75.375, 7.928736793560129e-25, nan 
-47.875, -75.375, 6.547418251333729e-25, nan 
-47.625, -75.375, 4.354010748630067e-25, nan 
-47.375, -75.375, 7.534138136770871e-25, nan 
-47.125, -75.375, 8.582466373809344e-25, nan 
-46.875, -75.375, 8.35533833043721e-25, nan 
-46.625, -75.375, 1.4392830049723464e-24, nan 
-46.375, -75.375, 6.211551215603347e-25, nan 
-46.125, -75.375, 4.088581054804516e-25, nan 
-45.875, -75.375, 1.73593717434382e-24, nan 
-45.625, -75.375, 2.0484855515787916e-24, nan 
-45.375, -75.375, 2.160537903602561e-24, nan 
-45.125, -75.375, 1.9460221799345928e-24, nan 
-44.875, -75.375, 1.7943383796401402e-24, nan 
-44.625, -75.375, 2.197452545907691e-24, nan 
-44.375, -75.375, 1.890780711903364e-24, nan 
-44.125, -75.375, 3.123825092339012e-24, nan 
-43.875, -75.375, 3.989671530012812e-24, nan 
-43.625, -75.375, 4.369945690858065e-24, nan 
-43.375, -75.375, 4.560797109344373e-24, nan 
-43.125, -75.375, 5.53480061163805e-24, nan 
-42.875, -75.375, 5.723598262689842e-24, nan 
-42.625, -75.375, 5.7752013665677585e-24, nan 
-42.375, -75.375, 6.4060469849782796e-24, nan 
-42.125, -75.375, 7.547782378892784e-24, nan 
-41.875, -75.375, 6.638582897788307e-24, nan 
-41.625, -75.375, 6.384285669441674e-24, nan 
-41.375, -75.375, 7.079482742887201e-24, nan 
-41.125, -75.375, 8.792240618368307e-24, nan 
-40.875, -75.375, 8.870189598835614e-24, nan 
-40.625, -75.375, 6.997157876202893e-24, nan 
-40.375, -75.375, 8.717523821685143e-24, nan 
-40.125, -75.375, 4.172513718825555e-24, nan 
-39.875, -75.375, 5.9541427636596034e-24, nan 
-39.625, -75.375, 5.3571039750471926e-24, nan 
-39.375, -75.375, 1.1146848871692186e-24, nan 
-39.125, -75.375, 1.662051455238442e-24, nan 
-38.875, -75.375, 2.3126478784659014e-24, nan 
-38.625, -75.375, 6.409347110084127e-25, nan 
-38.375, -75.375, 1.6267649353134636e-24, nan 
-38.125, -75.375, 2.3564300206064023e-24, nan 
-37.875, -75.375, 2.1656713806703847e-24, nan 
-37.625, -75.375, 1.5087125274811553e-24, nan 
-37.375, -75.375, 1.5636792377186775e-24, nan 
-37.125, -75.375, 1.3258485314709478e-24, nan 
-36.875, -75.375, 1.3781048775439003e-24, nan 
-36.625, -75.375, 2.035787748062753e-24, nan 
-36.375, -75.375, 1.7761757078636326e-24, nan 
-36.125, -75.375, 2.4173587034446497e-24, nan 
-35.875, -75.375, 2.5909970284930984e-24, nan 
-35.625, -75.375, 2.2725836388143764e-24, nan 
-35.375, -75.375, 2.6657535019968415e-24, nan 
-35.125, -75.375, 2.674984762680171e-24, nan 
-34.875, -75.375, 2.3693526122739895e-24, nan 
-34.625, -75.375, 2.2986553201966776e-24, nan 
-34.375, -75.375, 1.9942631539489207e-24, nan 
-34.125, -75.375, 1.7885808029294424e-24, nan 
-33.875, -75.375, 2.018988440934874e-24, nan 
-33.625, -75.375, 2.3471590513749732e-24, nan 
-33.375, -75.375, 2.5256693583094982e-24, nan 
-33.125, -75.375, 2.3235899436359384e-24, nan 
-32.875, -75.375, 2.629910144824928e-24, nan 
-32.625, -75.375, 2.955751503895158e-24, nan 
-32.375, -75.375, 3.6828772372488256e-24, nan 
-32.125, -75.375, 3.59585793326918e-24, nan 
-31.875, -75.375, 2.322413857069927e-24, nan 
-31.625, -75.375, 7.737672967741381e-25, nan 
-31.375, -75.375, 3.846647131046602e-24, nan 
-31.125, -75.375, 5.243162394815303e-24, nan 
-30.875, -75.375, 5.546494387168424e-24, nan 
-30.625, -75.375, 4.708536682691154e-24, nan 
-30.375, -75.375, 5.593570111128165e-24, nan 
-30.125, -75.375, 5.32416404049724e-24, nan 
-29.875, -75.375, 2.544209417185308e-24, nan 
-29.625, -75.375, 1.768922694662772e-24, nan 
-29.375, -75.375, 2.4274267726184247e-24, nan 
-29.125, -75.375, 3.522697290091128e-24, nan 
-28.875, -75.375, 3.0648872451770288e-24, nan 
-28.625, -75.375, 2.2078949984050792e-24, nan 
-28.375, -75.375, 3.169894823890624e-24, nan 
-28.125, -75.375, 1.9171749797748403e-24, nan 
-27.875, -75.375, 1.2813374615715746e-24, nan 
-27.625, -75.375, 1.026835733243785e-24, nan 
-27.375, -75.375, 4.464063364492653e-24, nan 
-27.125, -75.375, 4.423366704015238e-24, nan 
-26.875, -75.375, 3.758578074830767e-24, nan 
-26.625, -75.375, 4.736240807614167e-24, nan 
-26.375, -75.375, 4.1200764477156814e-24, nan 
-26.125, -75.375, 3.6483645848279616e-24, nan 
-25.875, -75.375, 3.007107193122047e-24, nan 
-25.625, -75.375, 6.598972495856287e-24, nan 
-25.375, -75.375, 7.065320810110343e-24, nan 
-25.125, -75.375, 4.948642578740305e-24, nan 
-24.875, -75.375, 6.344035099220456e-24, nan 
-24.625, -75.375, 8.341075509385995e-24, nan 
-24.375, -75.375, 7.708868324483067e-24, nan 
-24.125, -75.375, 5.23725648938638e-24, nan 
-23.875, -75.375, 5.89857639160751e-24, nan 
-23.625, -75.375, 7.300046132540533e-24, nan 
-23.375, -75.375, 6.531952109901858e-24, nan 
-23.125, -75.375, 3.741609612393946e-24, nan 
-22.875, -75.375, 3.2091988526353815e-24, nan 
-22.625, -75.375, 3.8679705170907664e-24, nan 
-22.375, -75.375, 2.6767310577819456e-24, nan 
-22.125, -75.375, 3.32678935157943e-24, nan 
-21.875, -75.375, 4.016040389470048e-24, nan 
-21.625, -75.375, 3.294865242648742e-24, nan 
-21.375, -75.375, 2.4942332330618182e-24, nan 
-21.125, -75.375, 1.4615559290068105e-24, nan 
-20.875, -75.375, 1.0445664728047546e-24, nan 
-20.625, -75.375, 1.7752518774224074e-24, nan 
-20.375, -75.375, 1.8522381336644026e-24, nan 
-20.125, -75.375, 2.0491599041109915e-24, nan 
-19.875, -75.375, 2.83673740208698e-24, nan 
-19.625, -75.375, 2.3884708735133495e-24, nan 
-19.375, -75.375, 3.716724022721523e-24, nan 
-19.125, -75.375, 5.517565874515839e-24, nan 
-18.875, -75.375, 6.521307050520887e-24, nan 
-18.625, -75.375, 8.017177564578472e-24, nan 
-18.375, -75.375, 4.126710541100533e-24, nan 
-18.125, -75.375, 6.235060017579197e-24, nan 
-17.875, -75.375, 3.2224482949482454e-24, nan 
-17.625, -75.375, 1.950430821762676e-24, nan 
-17.375, -75.375, 2.359746044253479e-24, nan 
-17.125, -75.375, 1.6459504070097408e-24, nan 
-16.875, -75.375, 7.348440328126488e-24, nan 
-16.625, -75.375, 9.121705115760487e-24, nan 
-16.375, -75.375, 2.0003353013040794e-24, nan 
-16.125, -75.375, 1.2928902947770764e-23, nan 
-15.875, -75.375, 1.5753173294942782e-23, nan 
-15.625, -75.375, 3.1140503207043082e-24, nan 
-15.375, -75.375, 6.966651168726767e-24, nan 
-15.125, -75.375, 7.782375385696737e-24, nan 
-14.875, -75.375, 9.558508500531605e-24, nan 
-14.625, -75.375, 1.1502743929470605e-23, nan 
-14.375, -75.375, 6.5047155719505554e-24, nan 
-14.125, -75.375, 1.2574419118969939e-23, nan 
-13.875, -75.375, 1.618635024914313e-23, nan 
-13.625, -75.375, 8.382293715958684e-24, nan 
-13.375, -75.375, 4.482940958453021e-24, nan 
-13.125, -75.375, 1.263058546452817e-23, nan 
-12.875, -75.375, 6.757417756659893e-24, nan 
-12.625, -75.375, 1.1097914703350771e-23, nan 
-12.375, -75.375, 1.4068458875160743e-23, nan 
-12.125, -75.375, 9.096892264237145e-24, nan 
-11.875, -75.375, 7.389856618696413e-24, nan 
-11.625, -75.375, 9.437450528370805e-24, nan 
-11.375, -75.375, 7.889128663742235e-24, nan 
-11.125, -75.375, 8.549516467404546e-24, nan 
-10.875, -75.375, 9.023159926830869e-24, nan 
-10.625, -75.375, 9.134311450230063e-24, nan 
-10.375, -75.375, 1.3022477273442895e-23, nan 
-10.125, -75.375, 1.5135104222248644e-23, nan 
-9.875, -75.375, 1.2609256477171044e-23, nan 
-9.625, -75.375, 8.813692711331496e-24, nan 
-9.375, -75.375, 9.185575293669164e-24, nan 
-9.125, -75.375, 7.054780216555318e-24, nan 
-8.875, -75.375, 6.2595566277940745e-24, nan 
-8.625, -75.375, 7.674283781216251e-24, nan 
-8.375, -75.375, 8.440334121738203e-24, nan 
-8.125, -75.375, 6.659378839979069e-24, nan 
-7.875, -75.375, 6.266735140281588e-24, nan 
-7.625, -75.375, 7.143856581132089e-24, nan 
-7.375, -75.375, 7.16824398774747e-24, nan 
-7.125, -75.375, 5.6404656065367586e-24, nan 
-6.875, -75.375, 6.331603753443783e-24, nan 
-6.625, -75.375, 6.334086248651569e-24, nan 
-6.375, -75.375, 6.966619407602722e-24, nan 
-6.125, -75.375, 1.1934114843507657e-23, nan 
-5.875, -75.375, 9.66152344124888e-24, nan 
-5.625, -75.375, 1.0709661863767915e-23, nan 
-5.375, -75.375, 1.4986384946831608e-23, nan 
-5.125, -75.375, 4.886141787640447e-24, nan 
-4.875, -75.375, 3.0699300954252667e-24, nan 
-4.625, -75.375, 3.758602064939822e-24, nan 
-4.375, -75.375, 4.6738920808247885e-24, nan 
-4.125, -75.375, 3.757589112454995e-24, nan 
-3.875, -75.375, 6.534731828210131e-24, nan 
-3.625, -75.375, 7.10841183430836e-24, nan 
-3.375, -75.375, 1.9937131876633183e-24, nan 
-3.125, -75.375, 3.946625257170099e-24, nan 
-2.875, -75.375, 4.012587975919883e-24, nan 
-2.625, -75.375, 1.7370120891636885e-24, nan 
-2.375, -75.375, 2.2422067224837827e-24, nan 
-2.125, -75.375, 1.4121749624648824e-24, nan 
-1.875, -75.375, 1.890533452886109e-24, nan 
-1.625, -75.375, 1.7962458783119394e-24, nan 
-1.375, -75.375, 3.1422059371357826e-25, nan 
-1.125, -75.375, 1.355122402511816e-24, nan 
-0.875, -75.375, 1.7401160031937832e-24, nan 
-0.625, -75.375, 1.4363056827837482e-24, nan 
-0.375, -75.375, 1.6807155326731952e-24, nan 
-0.125, -75.375, 1.7266033852777825e-24, nan 
0.125, -75.375, 1.6529673650329225e-24, nan 
0.375, -75.375, 2.1486847787896274e-24, nan 
0.625, -75.375, 1.4039607248420884e-24, nan 
0.875, -75.375, 1.993712791511875e-24, nan 
1.125, -75.375, 3.4477232499088244e-24, nan 
1.375, -75.375, 4.3889050846804026e-24, nan 
1.625, -75.375, 4.62611898920506e-24, nan 
1.875, -75.375, 4.859714330035919e-24, nan 
2.125, -75.375, 5.130499908924454e-24, nan 
2.375, -75.375, 5.310101414712047e-24, nan 
2.625, -75.375, 9.368329660065345e-24, nan 
2.875, -75.375, 1.0837436851858728e-23, nan 
3.125, -75.375, 1.430061593091436e-23, nan 
3.375, -75.375, 1.2484138862510136e-23, nan 
-49.125, -75.125, 6.893715459146973e-25, nan 
-48.875, -75.125, 5.872070262408491e-25, nan 
-48.625, -75.125, 9.863531816103712e-25, nan 
-48.375, -75.125, 7.57105053601276e-25, nan 
-48.125, -75.125, 9.49182530760274e-25, nan 
-47.875, -75.125, 6.934964821283412e-25, nan 
-47.625, -75.125, 4.182033925656646e-25, nan 
-47.375, -75.125, 7.754591695946783e-25, nan 
-47.125, -75.125, 4.1727766859516075e-25, nan 
-46.875, -75.125, 5.70533268895962e-25, nan 
-46.625, -75.125, 5.485647622511449e-25, nan 
-46.375, -75.125, 1.094086457039406e-24, nan 
-46.125, -75.125, 1.8799366229833434e-24, nan 
-45.875, -75.125, 2.9386709502626736e-24, nan 
-45.625, -75.125, 1.7424125024907746e-24, nan 
-45.375, -75.125, 2.731885738911151e-24, nan 
-45.125, -75.125, 3.8272858941078634e-24, nan 
-44.875, -75.125, 3.550624698755899e-24, nan 
-44.625, -75.125, 5.140644884643081e-24, nan 
-44.375, -75.125, 4.597156878949435e-24, nan 
-44.125, -75.125, 3.4869291171318634e-24, nan 
-43.875, -75.125, 8.50701217614434e-24, nan 
-43.625, -75.125, 9.76635033200159e-24, nan 
-43.375, -75.125, 7.025047554975034e-24, nan 
-43.125, -75.125, 7.084441995287331e-24, nan 
-42.875, -75.125, 9.50997063313794e-24, nan 
-42.625, -75.125, 8.722827538053233e-24, nan 
-42.375, -75.125, 1.0627830644391011e-23, nan 
-42.125, -75.125, 1.190763874930337e-23, nan 
-41.875, -75.125, 1.343488661150793e-23, nan 
-41.625, -75.125, 1.5408101712543877e-23, nan 
-41.375, -75.125, 1.488069965821013e-23, nan 
-41.125, -75.125, 1.6570008319061723e-23, nan 
-40.875, -75.125, 1.6395202116963348e-23, nan 
-40.625, -75.125, 6.328913074406502e-24, nan 
-40.375, -75.125, 7.562855329464751e-24, nan 
-40.125, -75.125, 6.639305956237059e-24, nan 
-39.875, -75.125, 3.418923830779624e-24, nan 
-39.625, -75.125, 2.1596707511184612e-24, nan 
-39.375, -75.125, 1.2098634610469334e-24, nan 
-39.125, -75.125, 2.300767487248914e-24, nan 
-38.875, -75.125, 3.742287049061961e-24, nan 
-38.625, -75.125, 1.0330377872015825e-24, nan 
-38.375, -75.125, 3.722022636661857e-24, nan 
-38.125, -75.125, 3.900097310124922e-24, nan 
-37.875, -75.125, 1.636275885109305e-24, nan 
-37.625, -75.125, 4.097597028049407e-24, nan 
-37.375, -75.125, 1.8965278614974833e-24, nan 
-37.125, -75.125, 2.023836699708883e-24, nan 
-36.875, -75.125, 2.3090578616346966e-24, nan 
-36.625, -75.125, 2.135714530824419e-24, nan 
-36.375, -75.125, 1.60471737102032e-24, nan 
-36.125, -75.125, 1.6351804149499932e-24, nan 
-35.875, -75.125, 1.5353999394785475e-24, nan 
-35.625, -75.125, 1.498607784643981e-24, nan 
-35.375, -75.125, 1.5588880362759616e-24, nan 
-35.125, -75.125, 1.9543666966397442e-24, nan 
-34.875, -75.125, 2.6154174037001105e-24, nan 
-34.625, -75.125, 2.6886299803982926e-24, nan 
-34.375, -75.125, 2.700386923245159e-24, nan 
-34.125, -75.125, 2.77867358939833e-24, nan 
-33.875, -75.125, 2.609256468198698e-24, nan 
-33.625, -75.125, 2.3492681390144685e-24, nan 
-33.375, -75.125, 2.1077577623238242e-24, nan 
-33.125, -75.125, 2.007758085224256e-24, nan 
-32.875, -75.125, 2.1904771813980872e-24, nan 
-32.625, -75.125, 1.7375376405320813e-24, nan 
-32.375, -75.125, 1.8919042039652005e-24, nan 
-32.125, -75.125, 2.0335092158011654e-24, nan 
-31.875, -75.125, 1.3177144730946762e-24, nan 
-31.625, -75.125, 2.4877321445744177e-24, nan 
-31.375, -75.125, 3.760849123179723e-24, nan 
-31.125, -75.125, 3.1492896827956352e-24, nan 
-30.875, -75.125, 3.581564488007082e-24, nan 
-30.625, -75.125, 4.482392131999843e-24, nan 
-30.375, -75.125, 4.546204025715291e-24, nan 
-30.125, -75.125, 4.652820035134872e-24, nan 
-29.875, -75.125, 3.270208740911566e-24, nan 
-29.625, -75.125, 3.551586896904324e-24, nan 
-29.375, -75.125, 2.7681736464419234e-24, nan 
-29.125, -75.125, 2.882139903188022e-24, nan 
-28.875, -75.125, 1.7637742706632135e-24, nan 
-28.625, -75.125, 2.3155162545784066e-24, nan 
-28.375, -75.125, 2.49240302773015e-24, nan 
-28.125, -75.125, 3.6584063367928215e-24, nan 
-27.875, -75.125, 3.42411383056376e-24, nan 
-27.625, -75.125, 3.775392066094648e-24, nan 
-27.375, -75.125, 4.189184685394655e-24, nan 
-27.125, -75.125, 3.629604886209687e-24, nan 
-26.875, -75.125, 3.806416346575964e-24, nan 
-26.625, -75.125, 2.7238029326285288e-24, nan 
-26.375, -75.125, 3.465223008045184e-24, nan 
-26.125, -75.125, 2.3858958277112375e-24, nan 
-25.875, -75.125, 4.040424860683741e-24, nan 
-25.625, -75.125, 5.0994876129868906e-24, nan 
-25.375, -75.125, 5.356106834946471e-24, nan 
-25.125, -75.125, 5.902862643043733e-24, nan 
-24.875, -75.125, 5.358169810826447e-24, nan 
-24.625, -75.125, 7.27376015374247e-24, nan 
-24.375, -75.125, 7.849906723458084e-24, nan 
-24.125, -75.125, 4.0937504172824446e-24, nan 
-23.875, -75.125, 5.288343602541002e-24, nan 
-23.625, -75.125, 6.1880272179621195e-24, nan 
-23.375, -75.125, 3.974739142050259e-24, nan 
-23.125, -75.125, 3.2919720528372144e-24, nan 
-22.875, -75.125, 3.475678026323172e-24, nan 
-22.625, -75.125, 2.914229284680243e-24, nan 
-22.375, -75.125, 3.591686966383582e-24, nan 
-22.125, -75.125, 2.9880724002180554e-24, nan 
-21.875, -75.125, 2.905835554726285e-24, nan 
-21.625, -75.125, 2.64312478666955e-24, nan 
-21.375, -75.125, 1.658754200722067e-24, nan 
-21.125, -75.125, 1.2447405517349825e-24, nan 
-20.875, -75.125, 1.370024908955219e-24, nan 
-20.625, -75.125, 2.3071556842348605e-24, nan 
-20.375, -75.125, 2.6257120816110362e-24, nan 
-20.125, -75.125, 2.8450431365770625e-24, nan 
-19.875, -75.125, 2.4613809287222898e-24, nan 
-19.625, -75.125, 3.555763984357459e-24, nan 
-19.375, -75.125, 2.625709079158556e-24, nan 
-19.125, -75.125, 2.203829568605253e-24, nan 
-18.875, -75.125, 4.290705723820655e-24, nan 
-18.625, -75.125, 2.958273994703684e-24, nan 
-18.375, -75.125, 3.491984725469421e-24, nan 
-18.125, -75.125, 2.9226950067533558e-24, nan 
-17.875, -75.125, 2.5423989074897384e-24, nan 
-17.625, -75.125, 2.583826376626256e-24, nan 
-17.375, -75.125, 2.8582805177398626e-24, nan 
-17.125, -75.125, 2.76616453472001e-24, nan 
-16.875, -75.125, 3.0074662934501534e-24, nan 
-16.625, -75.125, 1.2137397723806458e-23, nan 
-16.375, -75.125, 2.0717765390050706e-23, nan 
-16.125, -75.125, 2.588051165014997e-23, nan 
-15.875, -75.125, 2.4211827484227892e-23, nan 
-15.625, -75.125, 2.4454998318330202e-23, nan 
-15.375, -75.125, 1.7160245672053708e-23, nan 
-15.125, -75.125, 4.686778249743568e-24, nan 
-14.875, -75.125, 1.2155882417905008e-23, nan 
-14.625, -75.125, 1.2159755031262667e-23, nan 
-14.375, -75.125, 9.544764202062676e-24, nan 
-14.125, -75.125, 1.2256449461283719e-23, nan 
-13.875, -75.125, 1.4981716629400993e-23, nan 
-13.625, -75.125, 1.336863737542164e-23, nan 
-13.375, -75.125, 6.63799103971866e-24, nan 
-13.125, -75.125, 9.078217622580505e-24, nan 
-12.875, -75.125, 9.74431872004446e-24, nan 
-12.625, -75.125, 8.47390117246344e-24, nan 
-12.375, -75.125, 7.501968210580414e-24, nan 
-12.125, -75.125, 5.213844583282766e-24, nan 
-11.875, -75.125, 3.790624692534747e-24, nan 
-11.625, -75.125, 7.55751027799768e-24, nan 
-11.375, -75.125, 9.451906690505169e-24, nan 
-11.125, -75.125, 4.990074332033739e-24, nan 
-10.875, -75.125, 6.0934919308975084e-24, nan 
-10.625, -75.125, 9.681921605894404e-24, nan 
-10.375, -75.125, 7.863174665281472e-24, nan 
-10.125, -75.125, 9.524155042416876e-24, nan 
-9.875, -75.125, 9.084850524657376e-24, nan 
-9.625, -75.125, 1.0641064760202242e-23, nan 
-9.375, -75.125, 1.0462852648699384e-23, nan 
-9.125, -75.125, 7.544659537094644e-24, nan 
-8.875, -75.125, 7.72486833438101e-24, nan 
-8.625, -75.125, 9.738922735699529e-24, nan 
-8.375, -75.125, 7.599768110241423e-24, nan 
-8.125, -75.125, 4.993537912137026e-24, nan 
-7.875, -75.125, 4.272660755524375e-24, nan 
-7.625, -75.125, 4.395313841408021e-24, nan 
-7.375, -75.125, 5.72418179332225e-24, nan 
-7.125, -75.125, 7.774223885000637e-24, nan 
-6.875, -75.125, 6.999365374869616e-24, nan 
-6.625, -75.125, 7.489837617134426e-24, nan 
-6.375, -75.125, 6.79825697492444e-24, nan 
-6.125, -75.125, 1.0514455362409322e-23, nan 
-5.875, -75.125, 9.036138972943163e-24, nan 
-5.625, -75.125, 6.702524784339273e-24, nan 
-5.375, -75.125, 5.567557979512147e-24, nan 
-5.125, -75.125, 7.280747767659007e-24, nan 
-4.875, -75.125, 6.870417131289844e-24, nan 
-4.625, -75.125, 6.653326434911831e-24, nan 
-4.375, -75.125, 5.090329100930581e-24, nan 
-4.125, -75.125, 8.707626331530862e-24, nan 
-3.875, -75.125, 8.033849145249182e-24, nan 
-3.625, -75.125, 4.827591276591006e-24, nan 
-3.375, -75.125, 3.903742092163699e-24, nan 
-3.125, -75.125, 4.570435631370362e-24, nan 
-2.875, -75.125, 3.2917510396018467e-24, nan 
-2.625, -75.125, 8.127203291765684e-25, nan 
-2.375, -75.125, 1.474160295447091e-24, nan 
-2.125, -75.125, 3.0781938421095865e-24, nan 
-1.875, -75.125, 2.1223980632152585e-24, nan 
-1.625, -75.125, 1.2686479042123194e-24, nan 
-1.375, -75.125, 2.4602069090667453e-24, nan 
-1.125, -75.125, 2.272134637159551e-24, nan 
-0.875, -75.125, 2.0129713296202635e-24, nan 
-0.625, -75.125, 1.8509663387882507e-24, nan 
-0.375, -75.125, 1.957948154361958e-24, nan 
-0.125, -75.125, 1.9937719302963145e-24, nan 
0.125, -75.125, 1.685342185089653e-24, nan 
0.375, -75.125, 1.646658574941277e-24, nan 
0.625, -75.125, 3.31704374664353e-24, nan 
0.875, -75.125, 4.381023087561834e-24, nan 
1.125, -75.125, 5.482466414767756e-24, nan 
1.375, -75.125, 5.554548563411326e-24, nan 
1.625, -75.125, 6.003579631039022e-24, nan 
1.875, -75.125, 8.078791476565676e-24, nan 
2.125, -75.125, 9.584953388132358e-24, nan 
2.375, -75.125, 1.1011520062442645e-23, nan 
2.625, -75.125, 9.426613420041182e-24, nan 
2.875, -75.125, 1.378497799797869e-23, nan 
3.125, -75.125, 1.638383740281836e-23, nan 
3.375, -75.125, 5.053603631690897e-24, nan 
3.625, -75.125, 1.01784347652814e-23, nan 
-48.375, -74.875, 7.291623521718377e-25, nan 
-48.125, -74.875, 1.0463216320359387e-24, nan 
-47.875, -74.875, 9.469353859189563e-25, nan 
-47.625, -74.875, 6.297042707459915e-25, nan 
-47.375, -74.875, 7.891445231370096e-25, nan 
-47.125, -74.875, 6.755203628750294e-25, nan 
-46.875, -74.875, 8.1724714512196325e-25, nan 
-46.625, -74.875, 1.5120517407286087e-24, nan 
-46.375, -74.875, 2.5916908058365556e-24, nan 
-46.125, -74.875, 3.069587472335749e-24, nan 
-45.875, -74.875, 4.495041713406866e-24, nan 
-45.625, -74.875, 4.724537283775385e-24, nan 
-45.375, -74.875, 5.573050332093633e-24, nan 
-45.125, -74.875, 5.669415834903598e-24, nan 
-44.875, -74.875, 1.0164591106417181e-23, nan 
-44.625, -74.875, 1.5047883544155395e-23, nan 
-44.375, -74.875, 1.7316492561772322e-23, nan 
-44.125, -74.875, 9.992557513764226e-24, nan 
-43.875, -74.875, 1.4444116908578352e-23, nan 
-43.625, -74.875, 1.7674153039897797e-23, nan 
-43.375, -74.875, 8.578798755677975e-24, nan 
-43.125, -74.875, 6.4716590618304094e-24, nan 
-42.875, -74.875, 9.726364028489386e-24, nan 
-42.625, -74.875, 7.177917441521744e-24, nan 
-42.375, -74.875, 8.54047245901208e-24, nan 
-42.125, -74.875, 1.1540468537356938e-23, nan 
-41.875, -74.875, 1.1780007712615297e-23, nan 
-41.625, -74.875, 1.5118552917770485e-23, nan 
-41.375, -74.875, 2.1104530388507273e-23, nan 
-41.125, -74.875, 2.030219481432177e-23, nan 
-40.875, -74.875, 1.7557380605033653e-23, nan 
-40.625, -74.875, 1.9728309054530112e-23, nan 
-40.375, -74.875, 1.6362327843344727e-23, nan 
-40.125, -74.875, 1.0855989072030346e-23, nan 
-39.875, -74.875, 3.700622845319338e-24, nan 
-39.625, -74.875, 3.609288979034699e-24, nan 
-39.375, -74.875, 3.0637576481127327e-24, nan 
-39.125, -74.875, 3.0239638047433353e-24, nan 
-38.875, -74.875, 2.7109978499073272e-24, nan 
-38.625, -74.875, 3.01038163228329e-24, nan 
-38.375, -74.875, 3.25589975583234e-24, nan 
-38.125, -74.875, 3.808143330318214e-24, nan 
-37.875, -74.875, 4.1336999577890776e-24, nan 
-37.625, -74.875, 3.501392233916337e-24, nan 
-37.375, -74.875, 1.4785984654665015e-24, nan 
-37.125, -74.875, 2.500998949732115e-24, nan 
-36.875, -74.875, 1.848853192936961e-24, nan 
-36.625, -74.875, 1.5303664880716263e-24, nan 
-36.375, -74.875, 1.7400411438469667e-24, nan 
-36.125, -74.875, 1.6458248334938266e-24, nan 
-35.875, -74.875, 1.3784841945997189e-24, nan 
-35.625, -74.875, 2.0100149499438374e-24, nan 
-35.375, -74.875, 2.2662319303510363e-24, nan 
-35.125, -74.875, 2.4364178471427453e-24, nan 
-34.875, -74.875, 2.799714130764662e-24, nan 
-34.625, -74.875, 2.6835288811102003e-24, nan 
-34.375, -74.875, 2.907132957988513e-24, nan 
-34.125, -74.875, 2.6718020002236364e-24, nan 
-33.875, -74.875, 2.161910455315892e-24, nan 
-33.625, -74.875, 2.637077550064551e-24, nan 
-33.375, -74.875, 2.9507204174404774e-24, nan 
-33.125, -74.875, 2.419221462794639e-24, nan 
-32.875, -74.875, 2.1992307844246953e-24, nan 
-32.625, -74.875, 2.6589134883425308e-24, nan 
-32.375, -74.875, 2.7800737579930483e-24, nan 
-32.125, -74.875, 2.8248669892727488e-24, nan 
-31.875, -74.875, 2.074422842878026e-24, nan 
-31.625, -74.875, 1.815187545265841e-24, nan 
-31.375, -74.875, 2.7759729349417408e-24, nan 
-31.125, -74.875, 3.0505858123370888e-24, nan 
-30.875, -74.875, 4.405116048752016e-24, nan 
-30.625, -74.875, 4.22402238103763e-24, nan 
-30.375, -74.875, 3.9138604447973205e-24, nan 
-30.125, -74.875, 5.772493275903364e-24, nan 
-29.875, -74.875, 6.5887616451974916e-24, nan 
-29.625, -74.875, 7.641816611905025e-24, nan 
-29.375, -74.875, 6.251056277910613e-24, nan 
-29.125, -74.875, 5.845610413278932e-24, nan 
-28.875, -74.875, 5.243887344452717e-24, nan 
-28.625, -74.875, 4.4934262362567855e-24, nan 
-28.375, -74.875, 4.004428941686376e-24, nan 
-28.125, -74.875, 2.4679574122040057e-24, nan 
-27.875, -74.875, 2.096209772151428e-24, nan 
-27.625, -74.875, 3.2178459806638125e-24, nan 
-27.375, -74.875, 2.5171872363124338e-24, nan 
-27.125, -74.875, 2.8547882612722012e-24, nan 
-26.875, -74.875, 1.5895901989059468e-24, nan 
-26.625, -74.875, 2.6612640636605896e-24, nan 
-26.375, -74.875, 6.060395912127161e-24, nan 
-26.125, -74.875, 7.751137047653934e-24, nan 
-25.875, -74.875, 8.741636554426597e-24, nan 
-25.625, -74.875, 9.408316736744708e-24, nan 
-25.375, -74.875, 9.110202472859464e-24, nan 
-25.125, -74.875, 9.840945532114955e-24, nan 
-24.875, -74.875, 1.1399756792811307e-23, nan 
-24.625, -74.875, 1.6470692401486296e-23, nan 
-24.375, -74.875, 8.934953192664615e-24, nan 
-24.125, -74.875, 7.42113693673199e-24, nan 
-23.875, -74.875, 1.3356595524012906e-23, nan 
-23.625, -74.875, 3.517111446186713e-24, nan 
-23.375, -74.875, 3.494366081493799e-24, nan 
-23.125, -74.875, 3.425308932142543e-24, nan 
-22.875, -74.875, 3.771156795913887e-24, nan 
-22.625, -74.875, 3.5103307569719375e-24, nan 
-22.375, -74.875, 3.734330406050887e-24, nan 
-22.125, -74.875, 2.7926498317223044e-24, nan 
-21.875, -74.875, 4.813736225786867e-24, nan 
-21.625, -74.875, 3.319739737887811e-24, nan 
-21.375, -74.875, 1.744396605787762e-24, nan 
-21.125, -74.875, 2.956513286199132e-24, nan 
-20.875, -74.875, 3.3555785286491746e-24, nan 
-20.625, -74.875, 2.572961526379065e-24, nan 
-20.375, -74.875, 3.27935472784104e-24, nan 
-20.125, -74.875, 4.308627424567423e-24, nan 
-19.875, -74.875, 4.011922566809953e-24, nan 
-19.625, -74.875, 3.905404655010892e-24, nan 
-19.375, -74.875, 4.854298819883051e-24, nan 
-19.125, -74.875, 9.677456941995348e-24, nan 
-18.875, -74.875, 5.384933988996942e-24, nan 
-18.625, -74.875, 2.4430217915847016e-24, nan 
-18.375, -74.875, 5.835307846121574e-24, nan 
-18.125, -74.875, 5.009110971955926e-24, nan 
-17.875, -74.875, 4.265789348060688e-24, nan 
-17.625, -74.875, 5.054066596963056e-24, nan 
-17.375, -74.875, 1.4935550276656235e-23, nan 
-17.125, -74.875, 2.6980787994205943e-23, nan 
-16.875, -74.875, 3.209556257072079e-23, nan 
-16.625, -74.875, 2.4552728366933787e-23, nan 
-16.375, -74.875, 3.580972708274107e-23, nan 
-16.125, -74.875, 4.1110980080706736e-23, nan 
-15.875, -74.875, 3.877193757531233e-23, nan 
-15.625, -74.875, 4.146582344158267e-23, nan 
-15.375, -74.875, 2.7474121187145534e-23, nan 
-15.125, -74.875, 3.035463191880589e-23, nan 
-14.875, -74.875, 3.612411551518676e-23, nan 
-14.625, -74.875, 2.4365496578640517e-23, nan 
-14.375, -74.875, 1.2874961994857156e-23, nan 
-14.125, -74.875, 1.6107901503821362e-23, nan 
-13.875, -74.875, 2.1276085654580938e-23, nan 
-13.625, -74.875, 1.5376810892753218e-23, nan 
-13.375, -74.875, 8.901250691378566e-24, nan 
-13.125, -74.875, 1.2696406322168891e-23, nan 
-12.875, -74.875, 1.1268658056233595e-23, nan 
-12.625, -74.875, 7.210915252412584e-24, nan 
-12.375, -74.875, 1.9969723410605183e-24, nan 
-12.125, -74.875, 2.1158895520332577e-24, nan 
-11.875, -74.875, 6.172895399243576e-24, nan 
-11.625, -74.875, 1.1095967813928405e-23, nan 
-11.375, -74.875, 1.0861855660048985e-23, nan 
-11.125, -74.875, 3.757170733106943e-24, nan 
-10.875, -74.875, 1.516873302771941e-23, nan 
-10.625, -74.875, 1.5990157663467174e-23, nan 
-10.375, -74.875, 9.307245509050364e-25, nan 
-10.125, -74.875, 7.946773055634442e-24, nan 
-9.875, -74.875, 8.60316009271052e-24, nan 
-9.625, -74.875, 3.732661315561552e-24, nan 
-9.375, -74.875, 3.282900737549862e-24, nan 
-9.125, -74.875, 3.338139119597055e-24, nan 
-8.875, -74.875, 4.7340466065365216e-24, nan 
-8.625, -74.875, 5.891357581360448e-24, nan 
-8.375, -74.875, 5.800560750676809e-24, nan 
-8.125, -74.875, 5.040431864053031e-24, nan 
-7.875, -74.875, 5.799443678274689e-24, nan 
-7.625, -74.875, 5.404878748983509e-24, nan 
-7.375, -74.875, 4.143212161405362e-24, nan 
-7.125, -74.875, 1.262996440741445e-23, nan 
-6.875, -74.875, 1.1844716956641071e-23, nan 
-6.625, -74.875, 1.2053291898540023e-23, nan 
-6.375, -74.875, 1.0820237414524177e-23, nan 
-6.125, -74.875, 7.21243806933839e-24, nan 
-5.875, -74.875, 9.780135526301526e-24, nan 
-5.625, -74.875, 1.3118358678417785e-23, nan 
-5.375, -74.875, 4.0714141994952475e-24, nan 
-5.125, -74.875, 9.067948831942933e-24, nan 
-4.875, -74.875, 1.1189541234850494e-23, nan 
-4.625, -74.875, 7.129287340815807e-24, nan 
-4.375, -74.875, 7.818731831098165e-24, nan 
-4.125, -74.875, 4.703806455085719e-24, nan 
-3.875, -74.875, 6.481725871736096e-24, nan 
-3.625, -74.875, 3.44796378022743e-24, nan 
-3.375, -74.875, 1.291053019335806e-24, nan 
-3.125, -74.875, 1.4454074384277347e-24, nan 
-2.875, -74.875, 1.271407772115507e-24, nan 
-2.625, -74.875, 1.875528615817676e-24, nan 
-2.375, -74.875, 1.7383496190396756e-24, nan 
-2.125, -74.875, 1.8756642558920134e-24, nan 
-1.875, -74.875, 1.1934438118289448e-24, nan 
-1.625, -74.875, 1.2184794655332184e-24, nan 
-1.375, -74.875, 1.3497073563137818e-24, nan 
-1.125, -74.875, 1.4877414793289142e-24, nan 
-0.875, -74.875, 1.802948326001749e-24, nan 
-0.625, -74.875, 1.906306244019872e-24, nan 
-0.375, -74.875, 2.0539037821924822e-24, nan 
-0.125, -74.875, 2.1319018386127375e-24, nan 
0.125, -74.875, 2.2857033837056442e-24, nan 
0.375, -74.875, 2.9275125451306922e-24, nan 
0.625, -74.875, 3.362716944223189e-24, nan 
0.875, -74.875, 3.6431662705737676e-24, nan 
1.125, -74.875, 4.08297453678793e-24, nan 
1.375, -74.875, 4.0622710428710515e-24, nan 
1.625, -74.875, 8.053849177351456e-24, nan 
1.875, -74.875, 6.85259920922974e-24, nan 
2.125, -74.875, 8.492979464993784e-24, nan 
2.375, -74.875, 1.1617120789850677e-23, nan 
2.625, -74.875, 8.472900423608457e-24, nan 
2.875, -74.875, 6.461927017499038e-24, nan 
3.125, -74.875, 8.063851307993448e-24, nan 
3.375, -74.875, 4.1883744647207846e-24, nan 
3.625, -74.875, 8.701208901571313e-24, nan 
3.875, -74.875, 8.563720853284828e-24, nan 
-47.875, -74.625, 9.839021666604095e-25, nan 
-47.625, -74.625, 9.260688991360091e-25, nan 
-47.375, -74.625, 1.1094257710411523e-24, nan 
-47.125, -74.625, 1.0244065222733772e-24, nan 
-46.875, -74.625, 1.0352790947016987e-24, nan 
-46.625, -74.625, 1.718400735432801e-24, nan 
-46.375, -74.625, 1.1093036505739157e-24, nan 
-46.125, -74.625, 3.2508634024244463e-24, nan 
-45.875, -74.625, 2.5473997041302153e-24, nan 
-45.625, -74.625, 2.2599369475153416e-24, nan 
-45.375, -74.625, 5.227398266670373e-24, nan 
-45.125, -74.625, 6.553964927976722e-24, nan 
-44.875, -74.625, 7.540162141642753e-24, nan 
-44.625, -74.625, 8.828651548023798e-24, nan 
-44.375, -74.625, 1.0483081181593334e-23, nan 
-44.125, -74.625, 6.931066774894039e-24, nan 
-43.875, -74.625, 5.141436810882276e-24, nan 
-43.625, -74.625, 3.0747936314017063e-24, nan 
-43.375, -74.625, 2.0817355011742353e-24, nan 
-43.125, -74.625, 2.2249569612762157e-24, nan 
-42.875, -74.625, 2.4067109880168273e-24, nan 
-42.625, -74.625, 3.0664260617329772e-24, nan 
-42.375, -74.625, 2.6518357020609492e-24, nan 
-42.125, -74.625, 1.9943634752317373e-24, nan 
-41.875, -74.625, 3.224647025931265e-24, nan 
-41.625, -74.625, 4.0560364989018906e-24, nan 
-41.375, -74.625, 4.757022757420359e-24, nan 
-41.125, -74.625, 9.411542852178394e-24, nan 
-40.875, -74.625, 1.6321378828173613e-23, nan 
-40.625, -74.625, 1.6902168831169e-23, nan 
-40.375, -74.625, 1.2036602650413795e-23, nan 
-40.125, -74.625, 1.6945440061545815e-23, nan 
-39.875, -74.625, 1.2623287995118554e-23, nan 
-39.625, -74.625, 4.087545156895331e-24, nan 
-39.375, -74.625, 6.3545291988440855e-24, nan 
-39.125, -74.625, 6.525461883485453e-24, nan 
-38.875, -74.625, 2.3948784798663885e-24, nan 
-38.625, -74.625, 2.5916148894984803e-24, nan 
-38.375, -74.625, 4.208005787928281e-24, nan 
-38.125, -74.625, 4.518325062101491e-24, nan 
-37.875, -74.625, 4.152389282302306e-24, nan 
-37.625, -74.625, 4.124214644060023e-24, nan 
-37.375, -74.625, 3.779438330142543e-24, nan 
-37.125, -74.625, 3.4867152289935025e-24, nan 
-36.875, -74.625, 2.6939766734991213e-24, nan 
-36.625, -74.625, 3.0139880174092514e-24, nan 
-36.375, -74.625, 3.0091790961470862e-24, nan 
-36.125, -74.625, 2.6295265600401134e-24, nan 
-35.875, -74.625, 2.491657515914569e-24, nan 
-35.625, -74.625, 3.11121563478323e-24, nan 
-35.375, -74.625, 2.950309009686366e-24, nan 
-35.125, -74.625, 3.1417008627462247e-24, nan 
-34.875, -74.625, 2.965711461200072e-24, nan 
-34.625, -74.625, 2.7102476505244433e-24, nan 
-34.375, -74.625, 2.3205943158211453e-24, nan 
-34.125, -74.625, 3.1159708342018342e-24, nan 
-33.875, -74.625, 2.2045222719259078e-24, nan 
-33.625, -74.625, 2.0163328253029913e-24, nan 
-33.375, -74.625, 3.550175094861271e-24, nan 
-33.125, -74.625, 3.659565423762021e-24, nan 
-32.875, -74.625, 3.41073307163992e-24, nan 
-32.625, -74.625, 2.7822443192118706e-24, nan 
-32.375, -74.625, 4.244776681866635e-24, nan 
-32.125, -74.625, 3.665153794089235e-24, nan 
-31.875, -74.625, 2.864783940604314e-24, nan 
-31.625, -74.625, 4.7219786134213e-24, nan 
-31.375, -74.625, 1.9633868400993843e-24, nan 
-31.125, -74.625, 3.793954751745459e-24, nan 
-30.875, -74.625, 5.8794670819361115e-24, nan 
-30.625, -74.625, 4.8686333282676924e-24, nan 
-30.375, -74.625, 5.718447048957598e-24, nan 
-30.125, -74.625, 4.4076142106918686e-24, nan 
-29.875, -74.625, 8.08769652494329e-24, nan 
-29.625, -74.625, 9.323325957047617e-24, nan 
-29.375, -74.625, 6.700476080990007e-24, nan 
-29.125, -74.625, 8.355382857286569e-24, nan 
-28.875, -74.625, 8.195948054718546e-24, nan 
-28.625, -74.625, 6.506374595603826e-24, nan 
-28.375, -74.625, 6.757521951483634e-24, nan 
-28.125, -74.625, 5.748585584215583e-24, nan 
-27.875, -74.625, 4.550846453415868e-24, nan 
-27.625, -74.625, 3.890439045454979e-24, nan 
-27.375, -74.625, 3.434942424417954e-24, nan 
-27.125, -74.625, 6.603004721222737e-24, nan 
-26.875, -74.625, 8.370073498341236e-24, nan 
-26.625, -74.625, 8.744709917011748e-24, nan 
-26.375, -74.625, 8.845340130271826e-24, nan 
-26.125, -74.625, 1.0879276297097264e-23, nan 
-25.875, -74.625, 1.1521312330278445e-23, nan 
-25.625, -74.625, 1.0284821980574686e-23, nan 
-25.375, -74.625, 9.24085228963463e-24, nan 
-25.125, -74.625, 6.579896585096842e-24, nan 
-24.875, -74.625, 1.1114655373917733e-23, nan 
-24.625, -74.625, 1.0921217935148335e-23, nan 
-24.375, -74.625, 5.965817703266263e-24, nan 
-24.125, -74.625, 2.450217293563832e-24, nan 
-23.875, -74.625, 4.501853274824408e-24, nan 
-23.625, -74.625, 3.2602901789363587e-24, nan 
-23.375, -74.625, 1.8924564046584193e-24, nan 
-23.125, -74.625, 1.6262289084588251e-24, nan 
-22.875, -74.625, 1.4265390006326626e-24, nan 
-22.625, -74.625, 1.406370792120275e-24, nan 
-22.375, -74.625, 2.001092128071793e-24, nan 
-22.125, -74.625, 1.258318356483333e-24, nan 
-21.875, -74.625, 2.9240589316489145e-24, nan 
-21.625, -74.625, 6.1619330924604746e-24, nan 
-21.375, -74.625, 7.426099191709915e-24, nan 
-21.125, -74.625, 4.669448739215497e-24, nan 
-20.875, -74.625, 4.6280140036015065e-24, nan 
-20.625, -74.625, 4.334246974086697e-24, nan 
-20.375, -74.625, 5.0757124851027004e-24, nan 
-20.125, -74.625, 3.451016430341999e-24, nan 
-19.875, -74.625, 5.5953565563560475e-24, nan 
-19.625, -74.625, 4.1982701315103265e-24, nan 
-19.375, -74.625, 4.8905875538887506e-24, nan 
-19.125, -74.625, 1.181527401582747e-23, nan 
-18.875, -74.625, 4.694184371056721e-24, nan 
-18.625, -74.625, 2.337287256435006e-24, nan 
-18.375, -74.625, 6.008364329579662e-24, nan 
-18.125, -74.625, 3.2068049246762463e-24, nan 
-17.875, -74.625, 4.129636488836721e-24, nan 
-17.625, -74.625, 3.341316603903764e-24, nan 
-17.375, -74.625, 7.392481415060887e-24, nan 
-17.125, -74.625, 3.1792164669841166e-23, nan 
-16.875, -74.625, 3.099892992693714e-23, nan 
-16.625, -74.625, 2.5036770293505507e-23, nan 
-16.375, -74.625, 4.313952537204396e-23, nan 
-16.125, -74.625, 4.49367152099347e-23, nan 
-15.875, -74.625, 4.79811190522995e-23, nan 
-15.625, -74.625, 3.9504829078863715e-23, nan 
-15.375, -74.625, 2.793560796901641e-23, nan 
-15.125, -74.625, 3.29503798153775e-23, nan 
-14.875, -74.625, 2.924223451813802e-23, nan 
-14.625, -74.625, 1.6412411408587673e-23, nan 
-14.375, -74.625, 8.299453925057666e-24, nan 
-14.125, -74.625, 9.037368323857181e-24, nan 
-13.875, -74.625, 1.3045229973082162e-23, nan 
-13.625, -74.625, 1.0232469825770528e-23, nan 
-13.375, -74.625, 8.346497821512736e-24, nan 
-13.125, -74.625, 3.145372529246048e-24, nan 
-12.875, -74.625, 3.627559925760424e-24, nan 
-12.625, -74.625, 4.595693228093861e-24, nan 
-12.375, -74.625, 2.442802665420023e-24, nan 
-12.125, -74.625, 1.8634688686296775e-24, nan 
-11.875, -74.625, 1.2688886985129804e-24, nan 
-11.625, -74.625, 1.3748525571332935e-24, nan 
-11.375, -74.625, 8.533834335069641e-25, nan 
-11.125, -74.625, 1.932322565958263e-24, nan 
-10.875, -74.625, 7.368568319897564e-24, nan 
-10.625, -74.625, 7.731444136670712e-24, nan 
-10.375, -74.625, 3.09972757148575e-24, nan 
-10.125, -74.625, 3.1816653058921298e-24, nan 
-9.875, -74.625, 3.599307202831433e-24, nan 
-9.625, -74.625, 5.774271151630857e-24, nan 
-9.375, -74.625, 6.5450160528153675e-24, nan 
-9.125, -74.625, 8.334374031585846e-24, nan 
-8.875, -74.625, 6.4320771149894505e-24, nan 
-8.625, -74.625, 5.010286756746824e-24, nan 
-8.375, -74.625, 4.1010034326968e-24, nan 
-8.125, -74.625, 3.334254065983038e-24, nan 
-7.875, -74.625, 1.3029427828797822e-23, nan 
-7.625, -74.625, 1.2139674167185809e-23, nan 
-7.375, -74.625, 8.521191061660096e-24, nan 
-7.125, -74.625, 1.5516484458063112e-23, nan 
-6.875, -74.625, 1.2357906049735685e-23, nan 
-6.625, -74.625, 9.08440894827422e-24, nan 
-6.375, -74.625, 8.662077257423545e-24, nan 
-6.125, -74.625, 6.69770101340715e-24, nan 
-5.875, -74.625, 2.708237690527423e-24, nan 
-5.625, -74.625, 4.188516240105156e-24, nan 
-5.375, -74.625, 5.3198669008229755e-24, nan 
-5.125, -74.625, 1.086154043988182e-23, nan 
-4.875, -74.625, 1.4074923406487827e-23, nan 
-4.625, -74.625, 1.0457481503749632e-23, nan 
-4.375, -74.625, 9.983905589852787e-24, nan 
-4.125, -74.625, 1.1717985035785698e-23, nan 
-3.875, -74.625, 1.0113871295519529e-23, nan 
-3.625, -74.625, 3.336411948217655e-24, nan 
-3.375, -74.625, 2.5278499875594574e-24, nan 
-3.125, -74.625, 2.0406297276671056e-24, nan 
-2.875, -74.625, 1.7891963641095426e-24, nan 
-2.625, -74.625, 3.1281031002030808e-24, nan 
-2.375, -74.625, 2.6719594279392608e-24, nan 
-2.125, -74.625, 1.3695158122850547e-24, nan 
-1.875, -74.625, 1.6540562044359765e-24, nan 
-1.625, -74.625, 1.651250206833287e-24, nan 
-1.375, -74.625, 1.7734979261657642e-24, nan 
-1.125, -74.625, 1.8630019331961507e-24, nan 
-0.875, -74.625, 1.7114594113605003e-24, nan 
-0.625, -74.625, 1.8245981204883947e-24, nan 
-0.375, -74.625, 1.9481630832433407e-24, nan 
-0.125, -74.625, 2.218227385135907e-24, nan 
0.125, -74.625, 2.9417447479196093e-24, nan 
0.375, -74.625, 4.795070950830077e-24, nan 
0.625, -74.625, 5.911774390322649e-24, nan 
0.875, -74.625, 1.1534390139964202e-23, nan 
1.125, -74.625, 9.20911593839669e-24, nan 
1.375, -74.625, 1.0937745598954541e-23, nan 
1.625, -74.625, 1.446020747033093e-23, nan 
1.875, -74.625, 1.1287773843618263e-23, nan 
2.125, -74.625, 1.0435378371753018e-23, nan 
2.375, -74.625, 1.4160737994725818e-23, nan 
2.625, -74.625, 1.369727133407846e-23, nan 
2.875, -74.625, 1.1265622353518927e-23, nan 
3.125, -74.625, 1.3842278239415587e-23, nan 
3.375, -74.625, 1.2069915949057631e-23, nan 
3.625, -74.625, 1.1065285800178131e-23, nan 
3.875, -74.625, 9.494128415252204e-24, nan 
4.125, -74.625, 6.866311563650658e-24, nan 
-47.375, -74.375, 1.2426391077570615e-24, nan 
-47.125, -74.375, 1.3635166077902173e-24, nan 
-46.875, -74.375, 9.852852147919002e-25, nan 
-46.625, -74.375, 9.917327830878656e-25, nan 
-46.375, -74.375, 1.1446973586178735e-24, nan 
-46.125, -74.375, 1.4069445976257275e-24, nan 
-45.875, -74.375, 2.0080333567579218e-24, nan 
-45.625, -74.375, 1.884860965459892e-24, nan 
-45.375, -74.375, 4.402133372645418e-24, nan 
-45.125, -74.375, 4.603754576840849e-24, nan 
-44.875, -74.375, 5.5233690524476e-24, nan 
-44.625, -74.375, 1.0054579875039796e-23, nan 
-44.375, -74.375, 6.445629477555644e-24, nan 
-44.125, -74.375, 5.39612771250364e-24, nan 
-43.875, -74.375, 2.9407702300972715e-24, nan 
-43.625, -74.375, 2.642875663975948e-24, nan 
-43.375, -74.375, 2.806217932263393e-24, nan 
-43.125, -74.375, 1.9829237614119567e-24, nan 
-42.875, -74.375, 2.6870576674830106e-24, nan 
-42.625, -74.375, 3.134361267980631e-24, nan 
-42.375, -74.375, 8.048482076171965e-25, nan 
-42.125, -74.375, 1.8957860100562917e-24, nan 
-41.875, -74.375, 2.403108876438189e-24, nan 
-41.625, -74.375, 2.0761054028910362e-24, nan 
-41.375, -74.375, 3.696056415876818e-24, nan 
-41.125, -74.375, 9.409639983849848e-24, nan 
-40.875, -74.375, 1.644098029945945e-23, nan 
-40.625, -74.375, 1.4293412852978136e-23, nan 
-40.375, -74.375, 9.933754862627754e-24, nan 
-40.125, -74.375, 1.5873013660702075e-23, nan 
-39.875, -74.375, 1.4162903348268757e-23, nan 
-39.625, -74.375, 3.2222322024957144e-24, nan 
-39.375, -74.375, 7.355003941946351e-24, nan 
-39.125, -74.375, 1.0874255965234171e-23, nan 
-38.875, -74.375, 3.341433253757766e-24, nan 
-38.625, -74.375, 4.437162091313445e-24, nan 
-38.375, -74.375, 5.835542017968856e-24, nan 
-38.125, -74.375, 4.40004562784378e-24, nan 
-37.875, -74.375, 4.418632876539472e-24, nan 
-37.625, -74.375, 4.787544339459617e-24, nan 
-37.375, -74.375, 4.220217867584445e-24, nan 
-37.125, -74.375, 3.469266898463714e-24, nan 
-36.875, -74.375, 4.1713511901028755e-24, nan 
-36.625, -74.375, 3.885661455667504e-24, nan 
-36.375, -74.375, 3.372643201773225e-24, nan 
-36.125, -74.375, 2.8614350971427057e-24, nan 
-35.875, -74.375, 3.7265350764911214e-24, nan 
-35.625, -74.375, 2.887756735623522e-24, nan 
-35.375, -74.375, 2.2540589834923546e-24, nan 
-35.125, -74.375, 2.4129743525285927e-24, nan 
-34.875, -74.375, 2.3805908766576125e-24, nan 
-34.625, -74.375, 2.5707234882003153e-24, nan 
-34.375, -74.375, 2.9380716361998966e-24, nan 
-34.125, -74.375, 4.400202278120671e-24, nan 
-33.875, -74.375, 4.301752184641151e-24, nan 
-33.625, -74.375, 3.530170421923276e-24, nan 
-33.375, -74.375, 5.760005362738869e-24, nan 
-33.125, -74.375, 6.154934181692435e-24, nan 
-32.875, -74.375, 4.404217941132315e-24, nan 
-32.625, -74.375, 3.806462571484081e-24, nan 
-32.375, -74.375, 5.071919545944137e-24, nan 
-32.125, -74.375, 3.0077091219551922e-24, nan 
-31.875, -74.375, 2.782544914350328e-24, nan 
-31.625, -74.375, 4.563685733537962e-24, nan 
-31.375, -74.375, 3.7827171630669704e-24, nan 
-31.125, -74.375, 5.773980998353296e-24, nan 
-30.875, -74.375, 3.651719869016817e-24, nan 
-30.625, -74.375, 3.671404164090104e-24, nan 
-30.375, -74.375, 7.738186621412049e-24, nan 
-30.125, -74.375, 1.1833199184916289e-23, nan 
-29.875, -74.375, 1.9324605540734707e-23, nan 
-29.625, -74.375, 1.4805258932704434e-23, nan 
-29.375, -74.375, 1.6410017801533828e-23, nan 
-29.125, -74.375, 1.7481909311883547e-23, nan 
-28.875, -74.375, 9.705840921927348e-24, nan 
-28.625, -74.375, 9.526287670418582e-24, nan 
-28.375, -74.375, 1.0702249608118615e-23, nan 
-28.125, -74.375, 8.765400176553167e-24, nan 
-27.875, -74.375, 6.337946665773833e-24, nan 
-27.625, -74.375, 5.3191426473991895e-24, nan 
-27.375, -74.375, 2.5737578874599808e-24, nan 
-27.125, -74.375, 2.5026454366675595e-24, nan 
-26.875, -74.375, 6.872834349932441e-24, nan 
-26.625, -74.375, 5.827377082663615e-24, nan 
-26.375, -74.375, 5.55824284721429e-24, nan 
-26.125, -74.375, 8.545227014326966e-24, nan 
-25.875, -74.375, 8.19639809050606e-24, nan 
-25.625, -74.375, 6.421579194200907e-24, nan 
-25.375, -74.375, 9.269290832796383e-24, nan 
-25.125, -74.375, 1.1486337672169684e-23, nan 
-24.875, -74.375, 1.2027549203511026e-23, nan 
-24.625, -74.375, 7.752851672782928e-24, nan 
-24.375, -74.375, 9.12940816725276e-24, nan 
-24.125, -74.375, 8.805333636806725e-24, nan 
-23.875, -74.375, 3.873088169737525e-24, nan 
-23.625, -74.375, 1.3207806908009234e-24, nan 
-23.375, -74.375, 1.4708653848258177e-24, nan 
-23.125, -74.375, 5.719528224322204e-24, nan 
-22.875, -74.375, 9.165149287353464e-24, nan 
-22.625, -74.375, 1.1191358455342017e-24, nan 
-22.375, -74.375, 4.50412045754952e-24, nan 
-22.125, -74.375, 8.427774143183761e-24, nan 
-21.875, -74.375, 5.4654953748690326e-24, nan 
-21.625, -74.375, 6.890258101430986e-24, nan 
-21.375, -74.375, 1.0934085742764041e-23, nan 
-21.125, -74.375, 6.4461232676288496e-24, nan 
-20.875, -74.375, 3.527594063839062e-24, nan 
-20.625, -74.375, 4.697270524617561e-24, nan 
-20.375, -74.375, 6.892586152501272e-24, nan 
-20.125, -74.375, 1.6139041531106192e-24, nan 
-19.875, -74.375, 8.239073466597299e-25, nan 
-19.625, -74.375, 2.4949363234770614e-24, nan 
-19.375, -74.375, 1.3226683543802525e-24, nan 
-19.125, -74.375, 4.07698914993345e-24, nan 
-18.875, -74.375, 1.4455483964374187e-24, nan 
-18.625, -74.375, 1.1622866568402262e-24, nan 
-18.375, -74.375, 1.596403762617067e-24, nan 
-18.125, -74.375, 1.8288634641369354e-24, nan 
-17.875, -74.375, 3.5331489886888524e-24, nan 
-17.625, -74.375, 4.663126688281121e-24, nan 
-17.375, -74.375, 6.394070538654531e-24, nan 
-17.125, -74.375, 5.443128685361487e-24, nan 
-16.875, -74.375, 5.875828143944581e-24, nan 
-16.625, -74.375, 1.1661262453904999e-23, nan 
-16.375, -74.375, 2.846216379788917e-23, nan 
-16.125, -74.375, 2.887154768241045e-23, nan 
-15.875, -74.375, 2.956135485768851e-23, nan 
-15.625, -74.375, 2.915980279080248e-23, nan 
-15.375, -74.375, 1.7471667680777255e-23, nan 
-15.125, -74.375, 6.022395344453014e-24, nan 
-14.875, -74.375, 5.561590183947124e-24, nan 
-14.625, -74.375, 5.4415058543663785e-24, nan 
-14.375, -74.375, 4.869663076728673e-24, nan 
-14.125, -74.375, 4.611614049100114e-24, nan 
-13.875, -74.375, 4.670134510912357e-24, nan 
-13.625, -74.375, 4.6993755593765555e-24, nan 
-13.375, -74.375, 4.070223641391627e-24, nan 
-13.125, -74.375, 4.451221838837666e-24, nan 
-12.875, -74.375, 4.664134758203827e-24, nan 
-12.625, -74.375, 4.359821924528825e-24, nan 
-12.375, -74.375, 2.6146025311063995e-24, nan 
-12.125, -74.375, 3.0631673662902487e-24, nan 
-11.875, -74.375, 3.684833691189245e-24, nan 
-11.625, -74.375, 4.79254257953856e-24, nan 
-11.375, -74.375, 3.81597459430545e-24, nan 
-11.125, -74.375, 2.1379912159146065e-24, nan 
-10.875, -74.375, 2.8618797532280816e-24, nan 
-10.625, -74.375, 2.8025525022560745e-24, nan 
-10.375, -74.375, 1.3396028601981402e-24, nan 
-10.125, -74.375, 1.8787893052172e-24, nan 
-9.875, -74.375, 3.889546423399142e-24, nan 
-9.625, -74.375, 5.300062121920067e-24, nan 
-9.375, -74.375, 5.325877351012289e-24, nan 
-9.125, -74.375, 7.541010947600009e-24, nan 
-8.875, -74.375, 7.229815100614731e-24, nan 
-8.625, -74.375, 6.0975033080099416e-24, nan 
-8.375, -74.375, 8.583233580957633e-24, nan 
-8.125, -74.375, 9.205397475531396e-24, nan 
-7.875, -74.375, 7.815842056765316e-24, nan 
-7.625, -74.375, 1.0901513480057128e-23, nan 
-7.375, -74.375, 1.0960054746913437e-23, nan 
-7.125, -74.375, 7.511606706248514e-24, nan 
-6.875, -74.375, 9.342632822476943e-24, nan 
-6.625, -74.375, 4.363086431339113e-24, nan 
-6.375, -74.375, 1.142784170102975e-23, nan 
-6.125, -74.375, 1.3458826583007222e-23, nan 
-5.875, -74.375, 6.165190563608226e-24, nan 
-5.625, -74.375, 4.8189414735570765e-24, nan 
-5.375, -74.375, 1.253747335863734e-23, nan 
-5.125, -74.375, 2.1449995032915692e-23, nan 
-4.875, -74.375, 1.8445525834430162e-23, nan 
-4.625, -74.375, 1.1883920270086034e-23, nan 
-4.375, -74.375, 1.6621347287222403e-23, nan 
-4.125, -74.375, 1.6680015606338255e-23, nan 
-3.875, -74.375, 1.432193570696796e-23, nan 
-3.625, -74.375, 1.0025273939447136e-23, nan 
-3.375, -74.375, 2.5800339790310398e-24, nan 
-3.125, -74.375, 2.910441314890551e-24, nan 
-2.875, -74.375, 2.4200494172776206e-24, nan 
-2.625, -74.375, 1.0182122743528173e-24, nan 
-2.375, -74.375, 1.4299731985804967e-24, nan 
-2.125, -74.375, 1.257542099598861e-24, nan 
-1.875, -74.375, 9.602008338079872e-25, nan 
-1.625, -74.375, 1.4415716079464999e-24, nan 
-1.375, -74.375, 1.4424381490180909e-24, nan 
-1.125, -74.375, 1.5532321075607781e-24, nan 
-0.875, -74.375, 1.9555436614225438e-24, nan 
-0.625, -74.375, 1.9341280505996554e-24, nan 
-0.375, -74.375, 1.583625283919785e-24, nan 
-0.125, -74.375, 3.0116235089189942e-24, nan 
0.125, -74.375, 3.5947594061302865e-24, nan 
0.375, -74.375, 8.704719419691556e-24, nan 
0.625, -74.375, 1.2993450510814097e-23, nan 
0.875, -74.375, 1.453995988139797e-23, nan 
1.125, -74.375, 1.3600107297621623e-23, nan 
1.375, -74.375, 1.6856765398618045e-23, nan 
1.625, -74.375, 1.7901186709366493e-23, nan 
1.875, -74.375, 1.3847819470438267e-23, nan 
2.125, -74.375, 1.2172586095648592e-23, nan 
2.375, -74.375, 7.450886363503718e-24, nan 
2.625, -74.375, 8.980022983314874e-24, nan 
2.875, -74.375, 1.6891922746082574e-23, nan 
3.125, -74.375, 1.6860572073106752e-23, nan 
3.375, -74.375, 1.0279946952194452e-23, nan 
3.625, -74.375, 1.3677685689845254e-23, nan 
3.875, -74.375, 1.3401767708056155e-23, nan 
4.125, -74.375, 1.360593453873352e-23, nan 
4.375, -74.375, 1.841320281554871e-23, nan 
-46.875, -74.125, 2.3198116825233274e-24, nan 
-46.625, -74.125, 2.1105126071086215e-24, nan 
-46.375, -74.125, 2.052264677666931e-24, nan 
-46.125, -74.125, 2.564408568194392e-24, nan 
-45.875, -74.125, 1.9617129845229783e-24, nan 
-45.625, -74.125, 3.425565673520701e-24, nan 
-45.375, -74.125, 7.652385756537681e-24, nan 
-45.125, -74.125, 1.9979592083174673e-24, nan 
-44.875, -74.125, 7.63082290175264e-24, nan 
-44.625, -74.125, 1.7235608064811474e-23, nan 
-44.375, -74.125, 8.029657943061666e-24, nan 
-44.125, -74.125, 7.114555384177715e-24, nan 
-43.875, -74.125, 1.2862529851727809e-23, nan 
-43.625, -74.125, 8.974517063356001e-24, nan 
-43.375, -74.125, 5.892645928890355e-24, nan 
-43.125, -74.125, 4.113940302037659e-24, nan 
-42.875, -74.125, 3.6407917245410915e-24, nan 
-42.625, -74.125, 2.9959899146615598e-24, nan 
-42.375, -74.125, 2.3952745487953387e-24, nan 
-42.125, -74.125, 1.722568982645796e-24, nan 
-41.875, -74.125, 1.883424663838491e-24, nan 
-41.625, -74.125, 1.2011059612733552e-23, nan 
-41.375, -74.125, 1.4944816772404572e-23, nan 
-41.125, -74.125, 1.140835428626085e-23, nan 
-40.875, -74.125, 1.52882831804604e-23, nan 
-40.625, -74.125, 1.7656602087494413e-23, nan 
-40.375, -74.125, 1.1732952501942997e-23, nan 
-40.125, -74.125, 5.587217768109855e-24, nan 
-39.875, -74.125, 5.510493238538701e-24, nan 
-39.625, -74.125, 4.938320957720909e-24, nan 
-39.375, -74.125, 4.830328396272727e-24, nan 
-39.125, -74.125, 6.1222682689938315e-24, nan 
-38.875, -74.125, 5.31191407189772e-24, nan 
-38.625, -74.125, 5.501253332415799e-24, nan 
-38.375, -74.125, 4.8348772106064096e-24, nan 
-38.125, -74.125, 4.667855722108917e-24, nan 
-37.875, -74.125, 6.427291945679033e-24, nan 
-37.625, -74.125, 5.587171576664063e-24, nan 
-37.375, -74.125, 6.059506302295928e-24, nan 
-37.125, -74.125, 6.232029148070905e-24, nan 
-36.875, -74.125, 5.853396941216927e-24, nan 
-36.625, -74.125, 5.2439514743524695e-24, nan 
-36.375, -74.125, 4.032962783774631e-24, nan 
-36.125, -74.125, 4.279260680991045e-24, nan 
-35.875, -74.125, 3.735862761347291e-24, nan 
-35.625, -74.125, 3.936361555762495e-24, nan 
-35.375, -74.125, 2.8014878238503126e-24, nan 
-35.125, -74.125, 2.522702810081214e-24, nan 
-34.875, -74.125, 3.581043707704769e-24, nan 
-34.625, -74.125, 2.4942835547305633e-24, nan 
-34.375, -74.125, 3.8097085702842065e-24, nan 
-34.125, -74.125, 7.834336621773218e-24, nan 
-33.875, -74.125, 6.0502421825704825e-24, nan 
-33.625, -74.125, 6.159718819959793e-24, nan 
-33.375, -74.125, 8.617252404640597e-24, nan 
-33.125, -74.125, 7.095898769692985e-24, nan 
-32.875, -74.125, 5.907868989987064e-24, nan 
-32.625, -74.125, 6.015415482837112e-24, nan 
-32.375, -74.125, 7.816518371504858e-24, nan 
-32.125, -74.125, 5.0686884007730124e-24, nan 
-31.875, -74.125, 6.71951396936198e-24, nan 
-31.625, -74.125, 7.547722860570198e-24, nan 
-31.375, -74.125, 5.5552819036648316e-24, nan 
-31.125, -74.125, 7.246519359492731e-24, nan 
-30.875, -74.125, 1.2544951783276993e-23, nan 
-30.625, -74.125, 2.1802770809465433e-23, nan 
-30.375, -74.125, 1.219129587744743e-23, nan 
-30.125, -74.125, 1.3980471352449877e-23, nan 
-29.875, -74.125, 3.1782949288774116e-23, nan 
-29.625, -74.125, 1.991445900548386e-23, nan 
-29.375, -74.125, 1.4322746393108498e-23, nan 
-29.125, -74.125, 1.973202454781677e-23, nan 
-28.875, -74.125, 1.1760277997367356e-23, nan 
-28.625, -74.125, 6.31160030474391e-24, nan 
-28.375, -74.125, 6.036478408110641e-24, nan 
-28.125, -74.125, 4.489560527352412e-24, nan 
-27.875, -74.125, 3.34771688517996e-24, nan 
-27.625, -74.125, 2.9608989673147157e-24, nan 
-27.375, -74.125, 2.5193633650067695e-24, nan 
-27.125, -74.125, 2.484834145790354e-24, nan 
-26.875, -74.125, 2.4858168917072678e-24, nan 
-26.625, -74.125, 5.816193829325018e-24, nan 
-26.375, -74.125, 1.1029144644228367e-23, nan 
-26.125, -74.125, 8.925218555897545e-24, nan 
-25.875, -74.125, 6.987088589821019e-24, nan 
-25.625, -74.125, 6.40703768638142e-24, nan 
-25.375, -74.125, 6.399881243013094e-24, nan 
-25.125, -74.125, 7.620930252255076e-24, nan 
-24.875, -74.125, 8.002892772047777e-24, nan 
-24.625, -74.125, 2.3668887395802913e-24, nan 
-24.375, -74.125, 1.2179660439193214e-24, nan 
-24.125, -74.125, 1.56868846602432e-24, nan 
-23.875, -74.125, 6.95446793010881e-24, nan 
-23.625, -74.125, 1.1560360183579036e-23, nan 
-23.375, -74.125, 4.350986413149048e-24, nan 
-23.125, -74.125, 1.1679456046589678e-23, nan 
-22.875, -74.125, 1.8525730038336996e-23, nan 
-22.625, -74.125, 4.929931605978339e-24, nan 
-22.375, -74.125, 1.0855084684103487e-23, nan 
-22.125, -74.125, 1.3432329244397147e-23, nan 
-21.875, -74.125, 9.85342870278905e-24, nan 
-21.625, -74.125, 8.907700523010571e-24, nan 
-21.375, -74.125, 7.412747513548756e-24, nan 
-21.125, -74.125, 1.2061174725230363e-23, nan 
-20.875, -74.125, 7.088305987488144e-24, nan 
-20.625, -74.125, 6.998422098287654e-24, nan 
-20.375, -74.125, 1.579708785750462e-23, nan 
-20.125, -74.125, 1.5367179186042423e-24, nan 
-19.875, -74.125, 5.5138957556079605e-24, nan 
-19.625, -74.125, 9.738200505677751e-24, nan 
-19.375, -74.125, 1.7220983189155328e-24, nan 
-19.125, -74.125, 7.032788861021759e-25, nan 
-18.875, -74.125, 9.58471667865754e-25, nan 
-18.625, -74.125, 1.822039538311855e-24, nan 
-18.375, -74.125, 2.1994710598824915e-24, nan 
-18.125, -74.125, 3.0840489809120576e-24, nan 
-17.875, -74.125, 2.818058957976486e-24, nan 
-17.625, -74.125, 3.586203517048286e-24, nan 
-17.375, -74.125, 3.959232306462654e-24, nan 
-17.125, -74.125, 5.080174707561058e-24, nan 
-16.875, -74.125, 5.299706745523679e-24, nan 
-16.625, -74.125, 5.420210628724537e-24, nan 
-16.375, -74.125, 6.506311474058408e-24, nan 
-16.125, -74.125, 6.520899116508987e-24, nan 
-15.875, -74.125, 6.068316099517396e-24, nan 
-15.625, -74.125, 5.582155790099358e-24, nan 
-15.375, -74.125, 6.059944319075175e-24, nan 
-15.125, -74.125, 5.273420195758454e-24, nan 
-14.875, -74.125, 4.960207273245523e-24, nan 
-14.625, -74.125, 5.062129299030526e-24, nan 
-14.375, -74.125, 4.16090845084624e-24, nan 
-14.125, -74.125, 4.386306805870049e-24, nan 
-13.875, -74.125, 4.567435495088988e-24, nan 
-13.625, -74.125, 4.197962202320966e-24, nan 
-13.375, -74.125, 2.6768562863592573e-24, nan 
-13.125, -74.125, 2.939721181419973e-24, nan 
-12.875, -74.125, 1.5492448058155747e-24, nan 
-12.625, -74.125, 2.0767792500557977e-24, nan 
-12.375, -74.125, 2.762133007642045e-24, nan 
-12.125, -74.125, 3.1235052700422253e-24, nan 
-11.875, -74.125, 4.172091219747176e-24, nan 
-11.625, -74.125, 5.270299078456731e-24, nan 
-11.375, -74.125, 3.220631049264249e-24, nan 
-11.125, -74.125, 1.6497263396984976e-24, nan 
-10.875, -74.125, 2.1545186576712648e-24, nan 
-10.625, -74.125, 1.391138830994008e-24, nan 
-10.375, -74.125, 2.1339056731750535e-24, nan 
-10.125, -74.125, 3.171273686224892e-24, nan 
-9.875, -74.125, 2.353253379313538e-24, nan 
-9.625, -74.125, 3.247234319263959e-24, nan 
-9.375, -74.125, 3.948384366231508e-24, nan 
-9.125, -74.125, 7.454083411155045e-24, nan 
-8.875, -74.125, 7.694492055881546e-24, nan 
-8.625, -74.125, 2.0804044415265906e-24, nan 
-8.375, -74.125, 4.678671229799342e-24, nan 
-8.125, -74.125, 5.9374790391941855e-24, nan 
-7.875, -74.125, 4.530024543902722e-24, nan 
-7.625, -74.125, 1.0278154145022972e-23, nan 
-7.375, -74.125, 5.830761458426696e-24, nan 
-7.125, -74.125, 4.649305599182532e-24, nan 
-6.875, -74.125, 1.7063302983999112e-23, nan 
-6.625, -74.125, 4.655293866670234e-24, nan 
-6.375, -74.125, 8.935600269178506e-24, nan 
-6.125, -74.125, 1.369370470062935e-23, nan 
-5.875, -74.125, 8.317110617785923e-24, nan 
-5.625, -74.125, 1.349359723682069e-23, nan 
-5.375, -74.125, 1.3218063546063105e-23, nan 
-5.125, -74.125, 1.9665186086651504e-23, nan 
-4.875, -74.125, 3.118912874257012e-23, nan 
-4.625, -74.125, 3.077318478343389e-23, nan 
-4.375, -74.125, 2.0740137843468557e-23, nan 
-4.125, -74.125, 2.519914101766016e-23, nan 
-3.875, -74.125, 3.2280065158838047e-23, nan 
-3.625, -74.125, 2.5274222229049206e-23, nan 
-3.375, -74.125, 1.4896652979949018e-23, nan 
-3.125, -74.125, 1.9583022807652014e-23, nan 
-2.875, -74.125, 1.527883163165755e-23, nan 
-2.625, -74.125, 1.4232662392440461e-24, nan 
-2.375, -74.125, 3.1013650244687012e-24, nan 
-2.125, -74.125, 2.7712529063767357e-24, nan 
-1.875, -74.125, 1.6124867444746907e-24, nan 
-1.625, -74.125, 9.386928247191253e-25, nan 
-1.375, -74.125, 1.0375634655564482e-24, nan 
-1.125, -74.125, 1.4628687690299966e-24, nan 
-0.875, -74.125, 1.2906381958166911e-24, nan 
-0.625, -74.125, 1.5836933128909117e-24, nan 
-0.375, -74.125, 1.8861054463932303e-24, nan 
-0.125, -74.125, 2.2718532456941207e-24, nan 
0.125, -74.125, 2.4277849230546808e-24, nan 
0.375, -74.125, 3.0515159631035397e-24, nan 
0.625, -74.125, 5.734881454760164e-24, nan 
0.875, -74.125, 6.23936393735599e-24, nan 
1.125, -74.125, 8.52570444840841e-24, nan 
1.375, -74.125, 1.2415254028627675e-23, nan 
1.625, -74.125, 1.820398110411282e-23, nan 
1.875, -74.125, 1.616574696313858e-23, nan 
2.125, -74.125, 1.8869959948074662e-23, nan 
2.375, -74.125, 1.8383495230334425e-23, nan 
2.625, -74.125, 1.5461566494969333e-23, nan 
2.875, -74.125, 2.1904401946858174e-23, nan 
3.125, -74.125, 1.1031359108275285e-23, nan 
3.375, -74.125, 2.5539140286641173e-23, nan 
3.625, -74.125, 2.918032473382578e-23, nan 
3.875, -74.125, 2.4843453094912886e-23, nan 
4.125, -74.125, 3.20099387894571e-23, nan 
4.375, -74.125, 4.757420660785059e-23, nan 
4.625, -74.125, 4.29619514883975e-23, nan 
-46.375, -73.875, 2.167975199522076e-24, nan 
-46.125, -73.875, 2.837822117435861e-24, nan 
-45.875, -73.875, 2.1463769451806758e-24, nan 
-45.625, -73.875, 1.8137346155425096e-24, nan 
-45.375, -73.875, 5.29738247835973e-24, nan 
-45.125, -73.875, 2.5645851616470945e-24, nan 
-44.875, -73.875, 3.605407766990866e-24, nan 
-44.625, -73.875, 8.520642885320915e-24, nan 
-44.375, -73.875, 3.760358800957967e-24, nan 
-44.125, -73.875, 4.142831830928166e-24, nan 
-43.875, -73.875, 6.193103916492752e-24, nan 
-43.625, -73.875, 9.503980017639629e-24, nan 
-43.375, -73.875, 8.36217844507558e-24, nan 
-43.125, -73.875, 5.2468362861237765e-24, nan 
-42.875, -73.875, 6.631888617259165e-24, nan 
-42.625, -73.875, 5.6157462956175335e-24, nan 
-42.375, -73.875, 3.858800376253757e-24, nan 
-42.125, -73.875, 6.0389290822343654e-24, nan 
-41.875, -73.875, 3.221136168303149e-24, nan 
-41.625, -73.875, 4.680737760077601e-24, nan 
-41.375, -73.875, 9.050497495144427e-24, nan 
-41.125, -73.875, 5.2003542226620436e-24, nan 
-40.875, -73.875, 5.824376902567496e-24, nan 
-40.625, -73.875, 8.22241137862575e-24, nan 
-40.375, -73.875, 5.735889487797908e-24, nan 
-40.125, -73.875, 4.6484426776188186e-24, nan 
-39.875, -73.875, 7.398143230943026e-24, nan 
-39.625, -73.875, 6.889957445910233e-24, nan 
-39.375, -73.875, 4.159558824156646e-24, nan 
-39.125, -73.875, 4.5068614159384194e-24, nan 
-38.875, -73.875, 4.417685803145751e-24, nan 
-38.625, -73.875, 2.850216393796565e-24, nan 
-38.375, -73.875, 3.611851522553887e-24, nan 
-38.125, -73.875, 4.7409575194818114e-24, nan 
-37.875, -73.875, 4.8808533359351104e-24, nan 
-37.625, -73.875, 5.629931330636713e-24, nan 
-37.375, -73.875, 6.311466025794414e-24, nan 
-37.125, -73.875, 6.463760475876599e-24, nan 
-36.875, -73.875, 5.939627321405563e-24, nan 
-36.625, -73.875, 6.0154788633648126e-24, nan 
-36.375, -73.875, 5.546877475784955e-24, nan 
-36.125, -73.875, 4.792468203033262e-24, nan 
-35.875, -73.875, 4.73764945964321e-24, nan 
-35.625, -73.875, 4.439009484054454e-24, nan 
-35.375, -73.875, 3.402984477503433e-24, nan 
-35.125, -73.875, 2.5761458756006774e-24, nan 
-34.875, -73.875, 2.462341146658564e-24, nan 
-34.625, -73.875, 2.6375656887584396e-24, nan 
-34.375, -73.875, 5.222059684683904e-24, nan 
-34.125, -73.875, 6.3308876251981114e-24, nan 
-33.875, -73.875, 4.5313257785195194e-24, nan 
-33.625, -73.875, 5.23490592584398e-24, nan 
-33.375, -73.875, 6.530925305478011e-24, nan 
-33.125, -73.875, 4.4752407446682946e-24, nan 
-32.875, -73.875, 6.533530736708029e-24, nan 
-32.625, -73.875, 9.784652353533247e-24, nan 
-32.375, -73.875, 7.306507140175798e-24, nan 
-32.125, -73.875, 8.408466322390422e-24, nan 
-31.875, -73.875, 1.0631384391985022e-23, nan 
-31.625, -73.875, 9.466271724726785e-24, nan 
-31.375, -73.875, 8.020681296653944e-24, nan 
-31.125, -73.875, 8.100378155207748e-24, nan 
-30.875, -73.875, 9.798261407645938e-24, nan 
-30.625, -73.875, 1.0212927229858079e-23, nan 
-30.375, -73.875, 8.51219663972771e-24, nan 
-30.125, -73.875, 3.6459901112191756e-24, nan 
-29.875, -73.875, 9.211936994957174e-24, nan 
-29.625, -73.875, 1.3011229578424122e-23, nan 
-29.375, -73.875, 1.1064148283383754e-23, nan 
-29.125, -73.875, 1.5820463820932033e-23, nan 
-28.875, -73.875, 1.3152544249202452e-23, nan 
-28.625, -73.875, 1.2796354567632458e-23, nan 
-28.375, -73.875, 1.2922227025565385e-23, nan 
-28.125, -73.875, 7.218455569966528e-24, nan 
-27.875, -73.875, 3.912141120229273e-24, nan 
-27.625, -73.875, 5.88252571554657e-24, nan 
-27.375, -73.875, 7.982888666184363e-24, nan 
-27.125, -73.875, 1.1758877350141385e-23, nan 
-26.875, -73.875, 7.30746191621304e-24, nan 
-26.625, -73.875, 9.110380499618679e-24, nan 
-26.375, -73.875, 1.9933736191358598e-23, nan 
-26.125, -73.875, 1.4959953378980604e-23, nan 
-25.875, -73.875, 1.0702344018298686e-23, nan 
-25.625, -73.875, 1.4892885423199062e-23, nan 
-25.375, -73.875, 9.290640314232919e-24, nan 
-25.125, -73.875, 1.075668563581453e-23, nan 
-24.875, -73.875, 1.5002437465446294e-23, nan 
-24.625, -73.875, 4.570055819269454e-24, nan 
-24.375, -73.875, 5.084546400617527e-24, nan 
-24.125, -73.875, 9.825312986687057e-24, nan 
-23.875, -73.875, 5.029783536240108e-24, nan 
-23.625, -73.875, 2.6451287953042306e-24, nan 
-23.375, -73.875, 7.614717380670036e-24, nan 
-23.125, -73.875, 1.2513995471469861e-23, nan 
-22.875, -73.875, 1.4697693582277095e-23, nan 
-22.625, -73.875, 1.0458938587696634e-23, nan 
-22.375, -73.875, 1.6652208823197052e-23, nan 
-22.125, -73.875, 1.6972948020577297e-23, nan 
-21.875, -73.875, 1.43593228538956e-23, nan 
-21.625, -73.875, 1.0920686303907582e-23, nan 
-21.375, -73.875, 1.0925564128404496e-23, nan 
-21.125, -73.875, 1.2178838937427616e-23, nan 
-20.875, -73.875, 1.3265240355227555e-23, nan 
-20.625, -73.875, 8.572763372757551e-24, nan 
-20.375, -73.875, 9.868663569527586e-24, nan 
-20.125, -73.875, 8.321878505594958e-24, nan 
-19.875, -73.875, 1.6697043185364095e-24, nan 
-19.625, -73.875, 2.319092557876478e-24, nan 
-19.375, -73.875, 1.5567389492837679e-24, nan 
-19.125, -73.875, 1.5668282094180426e-24, nan 
-18.875, -73.875, 2.4262121585295116e-24, nan 
-18.625, -73.875, 1.6642235370449094e-24, nan 
-18.375, -73.875, 1.6336215942543478e-24, nan 
-18.125, -73.875, 2.9200243780157818e-24, nan 
-17.875, -73.875, 3.2585129079614976e-24, nan 
-17.625, -73.875, 2.9002011165585484e-24, nan 
-17.375, -73.875, 3.0980093334652887e-24, nan 
-17.125, -73.875, 4.950710689650745e-24, nan 
-16.875, -73.875, 4.426536730186145e-24, nan 
-16.625, -73.875, 6.4831128108402796e-24, nan 
-16.375, -73.875, 6.79613553797446e-24, nan 
-16.125, -73.875, 6.844340244744805e-24, nan 
-15.875, -73.875, 5.15388286942757e-24, nan 
-15.625, -73.875, 4.8713889985267316e-24, nan 
-15.375, -73.875, 4.181334951163804e-24, nan 
-15.125, -73.875, 3.799178156302256e-24, nan 
-14.875, -73.875, 4.1481049153570535e-24, nan 
-14.625, -73.875, 2.7834002425221736e-24, nan 
-14.375, -73.875, 3.647299296956516e-24, nan 
-14.125, -73.875, 4.4849426568375815e-24, nan 
-13.875, -73.875, 3.842792558973126e-24, nan 
-13.625, -73.875, 2.6456524572694112e-24, nan 
-13.375, -73.875, 1.0596761597553476e-23, nan 
-13.125, -73.875, 1.1462493402242832e-23, nan 
-12.875, -73.875, 3.356286596026978e-24, nan 
-12.625, -73.875, 1.2030257256609056e-23, nan 
-12.375, -73.875, 7.461580461001188e-24, nan 
-12.125, -73.875, 3.0771153454461063e-24, nan 
-11.875, -73.875, 1.9647067273114782e-24, nan 
-11.625, -73.875, 1.9049733865249e-24, nan 
-11.375, -73.875, 1.2980874795542553e-24, nan 
-11.125, -73.875, 8.411050072818291e-25, nan 
-10.875, -73.875, 1.0961708919060395e-24, nan 
-10.625, -73.875, 1.703692837413887e-24, nan 
-10.375, -73.875, 2.7742405854248377e-24, nan 
-10.125, -73.875, 3.767133410435149e-24, nan 
-9.875, -73.875, 1.0908557815903972e-23, nan 
-9.625, -73.875, 1.0781244188972988e-23, nan 
-9.375, -73.875, 4.002013394507792e-24, nan 
-9.125, -73.875, 1.739484057351853e-23, nan 
-8.875, -73.875, 2.234918223986463e-23, nan 
-8.625, -73.875, 8.081876081827952e-24, nan 
-8.375, -73.875, 1.2529202558546538e-23, nan 
-8.125, -73.875, 1.4729566877148363e-23, nan 
-7.875, -73.875, 7.500453689401458e-24, nan 
-7.625, -73.875, 1.0945853489693114e-23, nan 
-7.375, -73.875, 6.147616206808215e-24, nan 
-7.125, -73.875, 9.999751424343959e-24, nan 
-6.875, -73.875, 1.2195870781612066e-23, nan 
-6.625, -73.875, 7.676247998782336e-24, nan 
-6.375, -73.875, 1.7271013302242167e-23, nan 
-6.125, -73.875, 6.245122648752053e-24, nan 
-5.875, -73.875, 2.21737432899626e-23, nan 
-5.625, -73.875, 3.3711114413071414e-23, nan 
-5.375, -73.875, 2.327755216753611e-23, nan 
-5.125, -73.875, 2.3401672593392714e-23, nan 
-4.875, -73.875, 5.2106187134624743e-23, nan 
-4.625, -73.875, 5.0620786727389854e-23, nan 
-4.375, -73.875, 3.073984452427838e-23, nan 
-4.125, -73.875, 3.1235818454477707e-23, nan 
-3.875, -73.875, 3.341120717879575e-23, nan 
-3.625, -73.875, 2.400453883143967e-23, nan 
-3.375, -73.875, 1.5110411150982255e-24, nan 
-3.125, -73.875, 3.291582919373477e-24, nan 
-2.875, -73.875, 2.3822081819522874e-24, nan 
-2.625, -73.875, 1.201232510692713e-24, nan 
-2.375, -73.875, 1.927435090448197e-24, nan 
-2.125, -73.875, 2.512522392971973e-24, nan 
-1.875, -73.875, 1.7860807890387674e-24, nan 
-1.625, -73.875, 2.4298659269888948e-24, nan 
-1.375, -73.875, 2.8415231047777336e-24, nan 
-1.125, -73.875, 2.4916406941535453e-24, nan 
-0.875, -73.875, 2.2415331753353335e-24, nan 
-0.625, -73.875, 2.0132323634846024e-24, nan 
-0.375, -73.875, 2.3418211978707454e-24, nan 
-0.125, -73.875, 2.2461044078205747e-24, nan 
0.125, -73.875, 2.2303642852577725e-24, nan 
0.375, -73.875, 2.587351540313591e-24, nan 
0.625, -73.875, 2.840760434371898e-24, nan 
0.875, -73.875, 3.772626035243776e-24, nan 
1.125, -73.875, 4.5613486023838225e-24, nan 
1.375, -73.875, 5.292752890485747e-24, nan 
1.625, -73.875, 5.978581483349292e-24, nan 
1.875, -73.875, 7.77227062133408e-24, nan 
2.125, -73.875, 1.2962563108503779e-23, nan 
2.375, -73.875, 2.1927112825031543e-23, nan 
2.625, -73.875, 2.2230105999735773e-23, nan 
2.875, -73.875, 1.814754773602507e-23, nan 
3.125, -73.875, 2.1597187388302256e-23, nan 
3.375, -73.875, 2.5820902421032202e-23, nan 
3.625, -73.875, 1.03221270438979e-23, nan 
3.875, -73.875, 1.0886626686881695e-23, nan 
4.125, -73.875, 2.2002932180112867e-23, nan 
4.375, -73.875, 2.5039090599208227e-23, nan 
4.625, -73.875, 2.586684724657409e-23, nan 
-45.875, -73.625, 2.1018586476598923e-24, nan 
-45.625, -73.625, 8.525126824367396e-25, nan 
-45.375, -73.625, 1.678996648914932e-24, nan 
-45.125, -73.625, 2.4210952447592238e-24, nan 
-44.875, -73.625, 1.3458839423235467e-24, nan 
-44.625, -73.625, 5.3990015406764534e-24, nan 
-44.375, -73.625, 3.1314801740447012e-24, nan 
-44.125, -73.625, 2.5866809180897213e-24, nan 
-43.875, -73.625, 3.1733291427804185e-24, nan 
-43.625, -73.625, 5.093410106892723e-24, nan 
-43.375, -73.625, 4.1009309333977586e-24, nan 
-43.125, -73.625, 2.238529088987095e-24, nan 
-42.875, -73.625, 1.9266489314807416e-24, nan 
-42.625, -73.625, 2.1126618524597692e-24, nan 
-42.375, -73.625, 1.6217479273745112e-24, nan 
-42.125, -73.625, 9.285129504670563e-25, nan 
-41.875, -73.625, 8.1960048653506945e-25, nan 
-41.625, -73.625, 1.669936867070084e-24, nan 
-41.375, -73.625, 3.9223032639730604e-24, nan 
-41.125, -73.625, 3.505149487576167e-24, nan 
-40.875, -73.625, 4.505855842403375e-24, nan 
-40.625, -73.625, 2.79474200735512e-24, nan 
-40.375, -73.625, 3.888095733468875e-24, nan 
-40.125, -73.625, 5.014567178481439e-24, nan 
-39.875, -73.625, 5.316794173848207e-24, nan 
-39.625, -73.625, 5.035544909485259e-24, nan 
-39.375, -73.625, 3.74302434494818e-24, nan 
-39.125, -73.625, 2.6598676025301558e-24, nan 
-38.875, -73.625, 1.9517586433595615e-24, nan 
-38.625, -73.625, 2.899310127091313e-24, nan 
-38.375, -73.625, 4.576752915783471e-24, nan 
-38.125, -73.625, 4.270922987562798e-24, nan 
-37.875, -73.625, 4.600888862446842e-24, nan 
-37.625, -73.625, 4.849038373708332e-24, nan 
-37.375, -73.625, 5.156172664658514e-24, nan 
-37.125, -73.625, 5.775445513997538e-24, nan 
-36.875, -73.625, 5.439599983739111e-24, nan 
-36.625, -73.625, 6.092205109844067e-24, nan 
-36.375, -73.625, 5.48975076374848e-24, nan 
-36.125, -73.625, 5.97635218791826e-24, nan 
-35.875, -73.625, 6.4309246181101974e-24, nan 
-35.625, -73.625, 4.8771418539256534e-24, nan 
-35.375, -73.625, 5.415649195785507e-24, nan 
-35.125, -73.625, 5.384950210460047e-24, nan 
-34.875, -73.625, 6.0371692272802035e-24, nan 
-34.625, -73.625, 5.658992226777064e-24, nan 
-34.375, -73.625, 5.551076541326577e-24, nan 
-34.125, -73.625, 5.7702805838624324e-24, nan 
-33.875, -73.625, 4.35207458468163e-24, nan 
-33.625, -73.625, 3.210157940378271e-24, nan 
-33.375, -73.625, 3.272854513010036e-24, nan 
-33.125, -73.625, 4.9014433949469946e-24, nan 
-32.875, -73.625, 3.499859352192318e-24, nan 
-32.625, -73.625, 5.844873499852328e-24, nan 
-32.375, -73.625, 1.134013322260858e-23, nan 
-32.125, -73.625, 1.1341378682841462e-23, nan 
-31.875, -73.625, 1.0080881563910435e-23, nan 
-31.625, -73.625, 1.3310971644407387e-23, nan 
-31.375, -73.625, 1.35477600356833e-23, nan 
-31.125, -73.625, 1.1098428187019274e-23, nan 
-30.875, -73.625, 1.0567789791495103e-23, nan 
-30.625, -73.625, 1.0137803558697568e-23, nan 
-30.375, -73.625, 1.0476870569024144e-23, nan 
-30.125, -73.625, 1.1052977122351094e-23, nan 
-29.875, -73.625, 1.6220720151795097e-23, nan 
-29.625, -73.625, 1.531701742501178e-23, nan 
-29.375, -73.625, 1.6247683719154548e-23, nan 
-29.125, -73.625, 1.8269081674040558e-23, nan 
-28.875, -73.625, 1.4867879349416188e-23, nan 
-28.625, -73.625, 2.0192858542586414e-23, nan 
-28.375, -73.625, 1.0890909836457162e-23, nan 
-28.125, -73.625, 6.219895564238429e-24, nan 
-27.875, -73.625, 1.0581911306203074e-23, nan 
-27.625, -73.625, 1.0550756629547894e-23, nan 
-27.375, -73.625, 9.681319136399354e-24, nan 
-27.125, -73.625, 8.311875670688486e-24, nan 
-26.875, -73.625, 8.378551602872883e-24, nan 
-26.625, -73.625, 8.457104530019812e-24, nan 
-26.375, -73.625, 9.045134641611605e-24, nan 
-26.125, -73.625, 6.690048439327996e-24, nan 
-25.875, -73.625, 6.654023445717303e-24, nan 
-25.625, -73.625, 4.2126466602406916e-24, nan 
-25.375, -73.625, 1.8185657224987483e-24, nan 
-25.125, -73.625, 6.709175485842529e-24, nan 
-24.875, -73.625, 6.081988592522615e-24, nan 
-24.625, -73.625, 2.034767925531339e-24, nan 
-24.375, -73.625, 3.8123787258938656e-24, nan 
-24.125, -73.625, 5.193741830460139e-24, nan 
-23.875, -73.625, 4.615063382646999e-24, nan 
-23.625, -73.625, 4.729532689969615e-24, nan 
-23.375, -73.625, 3.564915859630273e-24, nan 
-23.125, -73.625, 3.759580086100778e-24, nan 
-22.875, -73.625, 5.000367741752577e-24, nan 
-22.625, -73.625, 5.708845641163623e-24, nan 
-22.375, -73.625, 9.066237299355331e-24, nan 
-22.125, -73.625, 8.81747683255613e-24, nan 
-21.875, -73.625, 9.360699187697406e-24, nan 
-21.625, -73.625, 8.978746751104125e-24, nan 
-21.375, -73.625, 7.84784128091296e-24, nan 
-21.125, -73.625, 7.277740312992555e-24, nan 
-20.875, -73.625, 8.361262936666807e-24, nan 
-20.625, -73.625, 2.3651600337568404e-24, nan 
-20.375, -73.625, 1.838021022357659e-24, nan 
-20.125, -73.625, 2.5175418396201135e-24, nan 
-19.875, -73.625, 3.343963013778903e-24, nan 
-19.625, -73.625, 2.4587236895154223e-24, nan 
-19.375, -73.625, 1.7713175862629795e-24, nan 
-19.125, -73.625, 1.7900591041310155e-24, nan 
-18.875, -73.625, 1.589805146833915e-24, nan 
-18.625, -73.625, 3.5933894393164566e-25, nan 
-18.375, -73.625, 6.6074455951942005e-25, nan 
-18.125, -73.625, 1.8595280052302273e-24, nan 
-17.875, -73.625, 1.7479779900835817e-24, nan 
-17.625, -73.625, 2.492967401259639e-24, nan 
-17.375, -73.625, 7.681689324208344e-24, nan 
-17.125, -73.625, 7.213401307149531e-24, nan 
-16.875, -73.625, 8.536482368589564e-24, nan 
-16.625, -73.625, 7.675936863901732e-24, nan 
-16.375, -73.625, 5.3866543961815076e-24, nan 
-16.125, -73.625, 1.0018754475120552e-23, nan 
-15.875, -73.625, 1.1648132322764831e-23, nan 
-15.625, -73.625, 3.1994530927378296e-24, nan 
-15.375, -73.625, 3.8136678257638404e-24, nan 
-15.125, -73.625, 4.349691699950095e-24, nan 
-14.875, -73.625, 4.205551984803747e-24, nan 
-14.625, -73.625, 4.522931858237037e-24, nan 
-14.375, -73.625, 4.656289361284523e-24, nan 
-14.125, -73.625, 1.3623142945649222e-23, nan 
-13.875, -73.625, 1.376579390150955e-23, nan 
-13.625, -73.625, 9.374755886295684e-24, nan 
-13.375, -73.625, 1.719101692429245e-23, nan 
-13.125, -73.625, 1.8846256889335036e-23, nan 
-12.875, -73.625, 1.0296359066413898e-23, nan 
-12.625, -73.625, 1.9506847313747633e-23, nan 
-12.375, -73.625, 1.4733665076973983e-23, nan 
-12.125, -73.625, 5.713836657984732e-24, nan 
-11.875, -73.625, 1.53651305193206e-23, nan 
-11.625, -73.625, 1.068525742686178e-23, nan 
-11.375, -73.625, 4.385910810161979e-24, nan 
-11.125, -73.625, 1.4494376659611935e-24, nan 
-10.875, -73.625, 1.2518745162389427e-24, nan 
-10.625, -73.625, 1.6094973796301856e-24, nan 
-10.375, -73.625, 6.310191809159005e-24, nan 
-10.125, -73.625, 4.964918948062143e-24, nan 
-9.875, -73.625, 3.3466550293564864e-24, nan 
-9.625, -73.625, 9.67671162058672e-24, nan 
-9.375, -73.625, 8.543808265212932e-24, nan 
-9.125, -73.625, 1.1505542285832373e-23, nan 
-8.875, -73.625, 1.5142664018984246e-23, nan 
-8.625, -73.625, 1.2115991967649825e-23, nan 
-8.375, -73.625, 1.835414925190729e-23, nan 
-8.125, -73.625, 1.563663963067329e-23, nan 
-7.875, -73.625, 1.3446010796167438e-23, nan 
-7.625, -73.625, 1.5458896294838913e-23, nan 
-7.375, -73.625, 4.886933919144049e-24, nan 
-7.125, -73.625, 3.658882862110071e-24, nan 
-6.875, -73.625, 1.4919349185777762e-23, nan 
-6.625, -73.625, 1.8960123568542044e-23, nan 
-6.375, -73.625, 1.889634232818186e-23, nan 
-6.125, -73.625, 1.8845459323040365e-23, nan 
-5.875, -73.625, 2.873728177019496e-23, nan 
-5.625, -73.625, 2.9163956468855335e-23, nan 
-5.375, -73.625, 9.55609977058315e-24, nan 
-5.125, -73.625, 1.689818156855698e-23, nan 
-4.875, -73.625, 2.8475672433814363e-23, nan 
-4.625, -73.625, 2.5926102018474638e-23, nan 
-4.375, -73.625, 2.054740706816971e-23, nan 
-4.125, -73.625, 3.320184022793861e-24, nan 
-3.875, -73.625, 3.442828803233488e-24, nan 
-3.625, -73.625, 2.1040082935308385e-24, nan 
-3.375, -73.625, 3.39598580234428e-24, nan 
-3.125, -73.625, 7.067858164489774e-24, nan 
-2.875, -73.625, 5.073312621643564e-24, nan 
-2.625, -73.625, 4.223509437383384e-24, nan 
-2.375, -73.625, 6.0838247386447834e-24, nan 
-2.125, -73.625, 5.700465013895038e-24, nan 
-1.875, -73.625, 4.078991968996133e-24, nan 
-1.625, -73.625, 2.8414748893744085e-24, nan 
-1.375, -73.625, 3.2080214397152273e-24, nan 
-1.125, -73.625, 2.916350369421228e-24, nan 
-0.875, -73.625, 2.196693168012457e-24, nan 
-0.625, -73.625, 2.0211280966778915e-24, nan 
-0.375, -73.625, 2.103954223523238e-24, nan 
-0.125, -73.625, 2.6852303476536067e-24, nan 
0.125, -73.625, 2.6155720000972278e-24, nan 
0.375, -73.625, 3.1855959457239566e-24, nan 
0.625, -73.625, 3.044017412762316e-24, nan 
0.875, -73.625, 3.2610012513453798e-24, nan 
1.125, -73.625, 4.2618920398755506e-24, nan 
1.375, -73.625, 5.69251087284885e-24, nan 
1.625, -73.625, 3.9614620605950735e-24, nan 
1.875, -73.625, 4.36205315935419e-24, nan 
2.125, -73.625, 6.110706612186094e-24, nan 
2.375, -73.625, 1.0903665442975387e-23, nan 
2.625, -73.625, 1.603313569105061e-23, nan 
2.875, -73.625, 1.490247472367049e-23, nan 
3.125, -73.625, 1.8942871631144988e-23, nan 
3.375, -73.625, 2.169071520283946e-23, nan 
3.625, -73.625, 1.455140355109772e-23, nan 
3.875, -73.625, 1.6650272356955114e-23, nan 
4.125, -73.625, 1.0718558376595866e-23, nan 
4.375, -73.625, 1.2338513550131232e-23, nan 
4.625, -73.625, 1.495743304134716e-23, nan 
4.875, -73.625, 1.4546132545379628e-23, nan 
-45.375, -73.375, 1.753407849513924e-24, nan 
-45.125, -73.375, 2.3464799997112885e-24, nan 
-44.875, -73.375, 1.3546484162785746e-24, nan 
-44.625, -73.375, 1.5977606684256941e-24, nan 
-44.375, -73.375, 1.3444861603688963e-24, nan 
-44.125, -73.375, 1.2685878392499844e-24, nan 
-43.875, -73.375, 8.74150327605373e-25, nan 
-43.625, -73.375, 1.2555818020891328e-24, nan 
-43.375, -73.375, 1.3797073276086652e-24, nan 
-43.125, -73.375, 9.58091489378413e-25, nan 
-42.875, -73.375, 9.858125093064308e-25, nan 
-42.625, -73.375, 1.1080295764110048e-24, nan 
-42.375, -73.375, 7.133993455004826e-25, nan 
-42.125, -73.375, 3.4385880551401583e-25, nan 
-41.875, -73.375, 9.734057471514619e-25, nan 
-41.625, -73.375, 1.307036340747905e-24, nan 
-41.375, -73.375, 6.480439437000879e-25, nan 
-41.125, -73.375, 7.921069827775828e-25, nan 
-40.875, -73.375, 1.4243987124599977e-24, nan 
-40.625, -73.375, 1.2883642080470843e-24, nan 
-40.375, -73.375, 2.6824220469325984e-24, nan 
-40.125, -73.375, 3.726668161844559e-24, nan 
-39.875, -73.375, 2.8206626498413747e-24, nan 
-39.625, -73.375, 3.465190833263821e-24, nan 
-39.375, -73.375, 3.346761527898719e-24, nan 
-39.125, -73.375, 3.133933755680712e-24, nan 
-38.875, -73.375, 2.0913112874519988e-24, nan 
-38.625, -73.375, 4.283896024376654e-24, nan 
-38.375, -73.375, 7.006488477152212e-24, nan 
-38.125, -73.375, 7.328674637992455e-24, nan 
-37.875, -73.375, 5.688419479118984e-24, nan 
-37.625, -73.375, 7.16289071523825e-24, nan 
-37.375, -73.375, 7.560622862123565e-24, nan 
-37.125, -73.375, 4.737986956898184e-24, nan 
-36.875, -73.375, 5.459247202162422e-24, nan 
-36.625, -73.375, 5.42464911710621e-24, nan 
-36.375, -73.375, 7.462144080463954e-24, nan 
-36.125, -73.375, 8.491712384550134e-24, nan 
-35.875, -73.375, 9.143933834171072e-24, nan 
-35.625, -73.375, 1.0336795360941925e-23, nan 
-35.375, -73.375, 1.0200456449042428e-23, nan 
-35.125, -73.375, 1.0439355410264585e-23, nan 
-34.875, -73.375, 9.74470647115951e-24, nan 
-34.625, -73.375, 9.523557807093914e-24, nan 
-34.375, -73.375, 7.24912481970564e-24, nan 
-34.125, -73.375, 1.152757913508379e-23, nan 
-33.875, -73.375, 2.2847837818448e-23, nan 
-33.625, -73.375, 2.173047291548685e-23, nan 
-33.375, -73.375, 1.5693695570854677e-23, nan 
-33.125, -73.375, 1.5691534362990792e-23, nan 
-32.875, -73.375, 1.8492920266949723e-23, nan 
-32.625, -73.375, 1.367953980947706e-23, nan 
-32.375, -73.375, 2.1188080829254195e-23, nan 
-32.125, -73.375, 1.5541306334607642e-23, nan 
-31.875, -73.375, 2.1606555229907647e-23, nan 
-31.625, -73.375, 7.247656774403747e-24, nan 
-31.375, -73.375, 1.003804302124108e-23, nan 
-31.125, -73.375, 9.880840329313398e-24, nan 
-30.875, -73.375, 1.1094067559426434e-23, nan 
-30.625, -73.375, 1.2805033150989539e-23, nan 
-30.375, -73.375, 1.1423508373013284e-23, nan 
-30.125, -73.375, 1.1771021442510865e-23, nan 
-29.875, -73.375, 1.1066125993966744e-23, nan 
-29.625, -73.375, 1.0583375490905413e-23, nan 
-29.375, -73.375, 5.475681133458967e-24, nan 
-29.125, -73.375, 7.08862249049445e-24, nan 
-28.875, -73.375, 9.842166521929503e-24, nan 
-28.625, -73.375, 1.094944333504893e-23, nan 
-28.375, -73.375, 9.434866020453467e-24, nan 
-28.125, -73.375, 7.84784129481276e-24, nan 
-27.875, -73.375, 7.755497067416937e-24, nan 
-27.625, -73.375, 8.672767992847221e-24, nan 
-27.375, -73.375, 7.84619682884203e-24, nan 
-27.125, -73.375, 1.0009489596877328e-23, nan 
-26.875, -73.375, 1.1256120212072423e-23, nan 
-26.625, -73.375, 7.931400746228022e-24, nan 
-26.375, -73.375, 6.649004512855835e-24, nan 
-26.125, -73.375, 8.22336374789558e-24, nan 
-25.875, -73.375, 5.594820585013557e-24, nan 
-25.625, -73.375, 3.650243861607455e-24, nan 
-25.375, -73.375, 4.658471308697592e-24, nan 
-25.125, -73.375, 4.8215440051294736e-24, nan 
-24.875, -73.375, 5.6515089293187354e-24, nan 
-24.625, -73.375, 5.434228870846709e-24, nan 
-24.375, -73.375, 4.271220489072473e-24, nan 
-24.125, -73.375, 7.202967852275051e-24, nan 
-23.875, -73.375, 5.2392862900794975e-24, nan 
-23.625, -73.375, 6.741993510067681e-24, nan 
-23.375, -73.375, 8.583842107973118e-24, nan 
-23.125, -73.375, 8.14616111525958e-24, nan 
-22.875, -73.375, 8.124172017519442e-24, nan 
-22.625, -73.375, 6.840010077949197e-24, nan 
-22.375, -73.375, 1.0505073484095633e-23, nan 
-22.125, -73.375, 9.732353250394787e-24, nan 
-21.875, -73.375, 7.588500221501004e-24, nan 
-21.625, -73.375, 5.059983407352379e-24, nan 
-21.375, -73.375, 5.2231942469018326e-24, nan 
-21.125, -73.375, 6.261598610022905e-24, nan 
-20.875, -73.375, 5.388817548286637e-24, nan 
-20.625, -73.375, 5.5246678169206575e-24, nan 
-20.375, -73.375, 4.994099259641777e-24, nan 
-20.125, -73.375, 8.239759075847361e-24, nan 
-19.875, -73.375, 9.248246589252693e-24, nan 
-19.625, -73.375, 5.931898140987008e-24, nan 
-19.375, -73.375, 5.599603443745579e-24, nan 
-19.125, -73.375, 5.2425997029803655e-24, nan 
-18.875, -73.375, 4.302977849445089e-24, nan 
-18.625, -73.375, 2.347853092787608e-24, nan 
-18.375, -73.375, 3.076043157723564e-24, nan 
-18.125, -73.375, 4.6646436104699436e-24, nan 
-17.875, -73.375, 5.912869520678072e-24, nan 
-17.625, -73.375, 7.862738901855754e-24, nan 
-17.375, -73.375, 6.683363516985525e-24, nan 
-17.125, -73.375, 1.2701925550702997e-23, nan 
-16.875, -73.375, 2.0653480275128696e-23, nan 
-16.625, -73.375, 2.02335002913883e-23, nan 
-16.375, -73.375, 2.2541651887497746e-23, nan 
-16.125, -73.375, 3.0499883295374996e-23, nan 
-15.875, -73.375, 3.120726580632723e-23, nan 
-15.625, -73.375, 3.1132635016449636e-23, nan 
-15.375, -73.375, 1.619224629810603e-23, nan 
-15.125, -73.375, 1.714935000307057e-23, nan 
-14.875, -73.375, 6.664780289323782e-24, nan 
-14.625, -73.375, 9.159001239662783e-24, nan 
-14.375, -73.375, 1.566549617622282e-23, nan 
-14.125, -73.375, 1.4057425472537928e-23, nan 
-13.875, -73.375, 1.3916592678327482e-23, nan 
-13.625, -73.375, 2.1157629188700397e-23, nan 
-13.375, -73.375, 1.7136124112481903e-23, nan 
-13.125, -73.375, 1.947933230643491e-23, nan 
-12.875, -73.375, 2.3072645516229546e-23, nan 
-12.625, -73.375, 1.9385934316100272e-23, nan 
-12.375, -73.375, 1.2632594800690712e-23, nan 
-12.125, -73.375, 1.5610838214118785e-23, nan 
-11.875, -73.375, 1.543296830489535e-23, nan 
-11.625, -73.375, 4.657535124330215e-24, nan 
-11.375, -73.375, 2.2697146522299314e-24, nan 
-11.125, -73.375, 3.2729277395810865e-24, nan 
-10.875, -73.375, 3.253849659131106e-24, nan 
-10.625, -73.375, 9.299869281901842e-24, nan 
-10.375, -73.375, 1.2504646989952806e-23, nan 
-10.125, -73.375, 1.3365159274509737e-23, nan 
-9.875, -73.375, 9.913804138101561e-24, nan 
-9.625, -73.375, 3.934203860662856e-24, nan 
-9.375, -73.375, 6.971706049521634e-24, nan 
-9.125, -73.375, 1.1822392775958598e-23, nan 
-8.875, -73.375, 1.3609032778485578e-23, nan 
-8.625, -73.375, 1.1279760438819394e-23, nan 
-8.375, -73.375, 1.582577864820447e-23, nan 
-8.125, -73.375, 2.483222990859823e-23, nan 
-7.875, -73.375, 2.285634341210467e-23, nan 
-7.625, -73.375, 2.0540822561278772e-23, nan 
-7.375, -73.375, 1.9938820939528823e-23, nan 
-7.125, -73.375, 2.3389135570170625e-23, nan 
-6.875, -73.375, 1.747771944244949e-23, nan 
-6.625, -73.375, 9.523871931307375e-24, nan 
-6.375, -73.375, 3.315014759282671e-24, nan 
-6.125, -73.375, 1.1059372059109047e-23, nan 
-5.875, -73.375, 1.4811521261121743e-23, nan 
-5.625, -73.375, 1.4020110638524968e-23, nan 
-5.375, -73.375, 5.065733581711993e-24, nan 
-5.125, -73.375, 8.521242918300383e-24, nan 
-4.875, -73.375, 3.718464220156567e-24, nan 
-4.625, -73.375, 3.611269688311306e-24, nan 
-4.375, -73.375, 2.353409964638776e-24, nan 
-4.125, -73.375, 2.0875879517397563e-24, nan 
-3.875, -73.375, 1.7287312817430436e-24, nan 
-3.625, -73.375, 1.737433969426779e-24, nan 
-3.375, -73.375, 3.9359214757782696e-24, nan 
-3.125, -73.375, 6.378496626257033e-24, nan 
-2.875, -73.375, 7.830373898996933e-24, nan 
-2.625, -73.375, 5.220722115981345e-24, nan 
-2.375, -73.375, 2.3347849192090112e-23, nan 
-2.125, -73.375, 2.962568941912573e-23, nan 
-1.875, -73.375, 3.244945855266421e-23, nan 
-1.625, -73.375, 1.8230646919339117e-23, nan 
-1.375, -73.375, 2.4650661140956697e-24, nan 
-1.125, -73.375, 1.5027660241973146e-24, nan 
-0.875, -73.375, 1.2644267750519384e-24, nan 
-0.625, -73.375, 1.4333344004826058e-24, nan 
-0.375, -73.375, 1.2543222155600712e-24, nan 
-0.125, -73.375, 1.301458798864643e-24, nan 
0.125, -73.375, 1.4577759893881348e-24, nan 
0.375, -73.375, 1.1159019223164078e-24, nan 
0.625, -73.375, 2.7661189707982198e-24, nan 
0.875, -73.375, 2.1068792409020954e-24, nan 
1.125, -73.375, 3.8605331615520675e-24, nan 
1.375, -73.375, 7.080070217300078e-24, nan 
1.625, -73.375, 3.438470641158477e-24, nan 
1.875, -73.375, 3.793552257882961e-24, nan 
2.125, -73.375, 5.5473256433624934e-24, nan 
2.375, -73.375, 4.964508094582391e-24, nan 
2.625, -73.375, 7.137139317718193e-24, nan 
2.875, -73.375, 9.276395681250022e-24, nan 
3.125, -73.375, 1.163761756067153e-23, nan 
3.375, -73.375, 1.5215693555971227e-23, nan 
3.625, -73.375, 1.230643033367539e-23, nan 
3.875, -73.375, 1.482137239791846e-23, nan 
4.125, -73.375, 9.826627282618505e-24, nan 
4.375, -73.375, 1.55658492458362e-23, nan 
4.625, -73.375, 1.7717115847185897e-23, nan 
4.875, -73.375, 1.4612753421148848e-23, nan 
5.125, -73.375, 1.3100266252615677e-23, nan 
-44.875, -73.125, 8.824599250921616e-25, nan 
-44.625, -73.125, 4.548944017562904e-25, nan 
-44.375, -73.125, 6.319872856731933e-25, nan 
-44.125, -73.125, 5.821763150853342e-25, nan 
-43.875, -73.125, 4.2723795430786795e-25, nan 
-43.625, -73.125, 7.468314797140884e-25, nan 
-43.375, -73.125, 7.122878250721368e-25, nan 
-43.125, -73.125, 9.000590667473121e-25, nan 
-42.875, -73.125, 6.32481650141521e-25, nan 
-42.625, -73.125, 4.192358073250256e-25, nan 
-42.375, -73.125, 6.7827873473597115e-25, nan 
-42.125, -73.125, 4.235212534415503e-25, nan 
-41.875, -73.125, 6.067027153643782e-25, nan 
-41.625, -73.125, 1.2046100063627436e-24, nan 
-41.375, -73.125, 5.574649881477418e-25, nan 
-41.125, -73.125, 4.432453982253153e-25, nan 
-40.875, -73.125, 1.0677890971247729e-24, nan 
-40.625, -73.125, 7.052006477727897e-25, nan 
-40.375, -73.125, 1.4324194031536759e-24, nan 
-40.125, -73.125, 3.0067084393942865e-24, nan 
-39.875, -73.125, 3.1920226186686665e-24, nan 
-39.625, -73.125, 2.2900605124543636e-24, nan 
-39.375, -73.125, 4.197482014919101e-24, nan 
-39.125, -73.125, 3.3532339098634916e-24, nan 
-38.875, -73.125, 2.894114896815901e-24, nan 
-38.625, -73.125, 3.6083677617456464e-24, nan 
-38.375, -73.125, 5.612363195800377e-24, nan 
-38.125, -73.125, 6.244355664711506e-24, nan 
-37.875, -73.125, 5.81909154242183e-24, nan 
-37.625, -73.125, 5.719961077650161e-24, nan 
-37.375, -73.125, 5.300201725884846e-24, nan 
-37.125, -73.125, 4.43451157348669e-24, nan 
-36.875, -73.125, 4.226751655168599e-24, nan 
-36.625, -73.125, 6.291936984560434e-24, nan 
-36.375, -73.125, 5.71888888392447e-24, nan 
-36.125, -73.125, 7.98185154891125e-24, nan 
-35.875, -73.125, 8.265607854613162e-24, nan 
-35.625, -73.125, 9.07944984074037e-24, nan 
-35.375, -73.125, 9.486573579107251e-24, nan 
-35.125, -73.125, 9.51110272967559e-24, nan 
-34.875, -73.125, 1.1109812832202879e-23, nan 
-34.625, -73.125, 2.5466156712094158e-23, nan 
-34.375, -73.125, 3.0774069416726037e-23, nan 
-34.125, -73.125, 2.0044795621120046e-23, nan 
-33.875, -73.125, 3.043291637575303e-23, nan 
-33.625, -73.125, 3.1439952317799785e-23, nan 
-33.375, -73.125, 1.959181657226649e-23, nan 
-33.125, -73.125, 1.981076532246327e-23, nan 
-32.875, -73.125, 2.1105948679367226e-23, nan 
-32.625, -73.125, 1.858308884944414e-23, nan 
-32.375, -73.125, 3.0716977102032975e-23, nan 
-32.125, -73.125, 2.2443758520903165e-23, nan 
-31.875, -73.125, 2.904269177398871e-23, nan 
-31.625, -73.125, 3.005978479141798e-23, nan 
-31.375, -73.125, 2.2486989155468443e-23, nan 
-31.125, -73.125, 2.505274287919811e-23, nan 
-30.875, -73.125, 1.288577400495454e-23, nan 
-30.625, -73.125, 1.2346930798054868e-23, nan 
-30.375, -73.125, 9.114880707125431e-24, nan 
-30.125, -73.125, 7.880805887520896e-24, nan 
-29.875, -73.125, 7.628776570773117e-24, nan 
-29.625, -73.125, 7.408369399381091e-24, nan 
-29.375, -73.125, 5.324580011994821e-24, nan 
-29.125, -73.125, 5.957304998356972e-24, nan 
-28.875, -73.125, 3.0385811613063116e-24, nan 
-28.625, -73.125, 3.444887776565703e-24, nan 
-28.375, -73.125, 3.0977235176445406e-24, nan 
-28.125, -73.125, 7.753484425968537e-24, nan 
-27.875, -73.125, 6.82664282408927e-24, nan 
-27.625, -73.125, 6.676348101947504e-24, nan 
-27.375, -73.125, 8.808264875350419e-24, nan 
-27.125, -73.125, 9.685295294615246e-24, nan 
-26.875, -73.125, 9.451826777570443e-24, nan 
-26.625, -73.125, 7.50041794037542e-24, nan 
-26.375, -73.125, 9.55038851045931e-24, nan 
-26.125, -73.125, 1.356809851236787e-23, nan 
-25.875, -73.125, 1.1332990861079593e-23, nan 
-25.625, -73.125, 8.671359090156792e-24, nan 
-25.375, -73.125, 1.1884848781932717e-23, nan 
-25.125, -73.125, 1.0730229973542937e-23, nan 
-24.875, -73.125, 6.935982373154938e-24, nan 
-24.625, -73.125, 7.103383436045028e-24, nan 
-24.375, -73.125, 6.3596351821390536e-24, nan 
-24.125, -73.125, 4.895468191382793e-24, nan 
-23.875, -73.125, 4.287360086138276e-24, nan 
-23.625, -73.125, 6.765417659618209e-24, nan 
-23.375, -73.125, 8.078119599320736e-24, nan 
-23.125, -73.125, 6.396862598477482e-24, nan 
-22.875, -73.125, 7.924033065015106e-24, nan 
-22.625, -73.125, 7.64101884908591e-24, nan 
-22.375, -73.125, 1.1559204184970826e-23, nan 
-22.125, -73.125, 1.4106773252814576e-23, nan 
-21.875, -73.125, 1.2876928363382095e-23, nan 
-21.625, -73.125, 1.0272985967143863e-23, nan 
-21.375, -73.125, 1.3378801619029233e-23, nan 
-21.125, -73.125, 1.2321343314671797e-23, nan 
-20.875, -73.125, 6.869786255996488e-24, nan 
-20.625, -73.125, 6.636026418618077e-24, nan 
-20.375, -73.125, 5.7458167420467774e-24, nan 
-20.125, -73.125, 6.879128745681621e-24, nan 
-19.875, -73.125, 8.736323844387315e-24, nan 
-19.625, -73.125, 6.92777422462042e-24, nan 
-19.375, -73.125, 6.10032368863313e-24, nan 
-19.125, -73.125, 5.771101981311066e-24, nan 
-18.875, -73.125, 5.036348058282001e-24, nan 
-18.625, -73.125, 3.607798117154486e-24, nan 
-18.375, -73.125, 3.95421682468252e-24, nan 
-18.125, -73.125, 2.5764086738856655e-24, nan 
-17.875, -73.125, 4.021857770618657e-24, nan 
-17.625, -73.125, 5.347833225770809e-24, nan 
-17.375, -73.125, 9.952281653751964e-24, nan 
-17.125, -73.125, 3.1297355227239386e-23, nan 
-16.875, -73.125, 4.072401642073165e-23, nan 
-16.625, -73.125, 3.199889550799904e-23, nan 
-16.375, -73.125, 4.756306480916075e-23, nan 
-16.125, -73.125, 6.194764013787492e-23, nan 
-15.875, -73.125, 6.012756963610607e-23, nan 
-15.625, -73.125, 5.646650591819348e-23, nan 
-15.375, -73.125, 3.0446095061486183e-23, nan 
-15.125, -73.125, 3.973299767064499e-23, nan 
-14.875, -73.125, 3.6772424728494434e-23, nan 
-14.625, -73.125, 1.0957664513854574e-23, nan 
-14.375, -73.125, 7.441351713252163e-24, nan 
-14.125, -73.125, 6.78229350446236e-24, nan 
-13.875, -73.125, 7.189508245540726e-24, nan 
-13.625, -73.125, 1.1694455498226429e-23, nan 
-13.375, -73.125, 1.201493264428939e-23, nan 
-13.125, -73.125, 1.3725316419936757e-23, nan 
-12.875, -73.125, 1.5028490773906224e-23, nan 
-12.625, -73.125, 1.2952488715937706e-23, nan 
-12.375, -73.125, 3.521828092785726e-24, nan 
-12.125, -73.125, 2.4259173825260945e-24, nan 
-11.875, -73.125, 2.426821591993223e-24, nan 
-11.625, -73.125, 2.760053763099996e-24, nan 
-11.375, -73.125, 8.929260368891731e-24, nan 
-11.125, -73.125, 1.1599132244249852e-23, nan 
-10.875, -73.125, 1.0338222728591439e-23, nan 
-10.625, -73.125, 1.3987271972524016e-23, nan 
-10.375, -73.125, 2.1279911922711454e-23, nan 
-10.125, -73.125, 2.0686223055942803e-23, nan 
-9.875, -73.125, 1.418474075436257e-23, nan 
-9.625, -73.125, 1.3457377108142194e-23, nan 
-9.375, -73.125, 1.2215776303611706e-23, nan 
-9.125, -73.125, 1.433023948972583e-23, nan 
-8.875, -73.125, 1.5379262518597642e-23, nan 
-8.625, -73.125, 1.7211724301208744e-23, nan 
-8.375, -73.125, 1.099358513939019e-23, nan 
-8.125, -73.125, 1.407293047187314e-23, nan 
-7.875, -73.125, 1.8807047148432202e-23, nan 
-7.625, -73.125, 2.457987754755984e-23, nan 
-7.375, -73.125, 2.1426956519429754e-23, nan 
-7.125, -73.125, 2.88476625503684e-23, nan 
-6.875, -73.125, 3.466986787428678e-23, nan 
-6.625, -73.125, 2.7196613201945707e-23, nan 
-6.375, -73.125, 3.5240973244723384e-23, nan 
-6.125, -73.125, 3.269502009705293e-23, nan 
-5.875, -73.125, 3.423905270574958e-23, nan 
-5.625, -73.125, 2.89082272646389e-23, nan 
-5.375, -73.125, 2.76416434221388e-23, nan 
-5.125, -73.125, 2.778977926209845e-23, nan 
-4.875, -73.125, 2.7836606642393095e-23, nan 
-4.625, -73.125, 6.489405878859569e-24, nan 
-4.375, -73.125, 5.837761841961922e-24, nan 
-4.125, -73.125, 6.255525836511271e-24, nan 
-3.875, -73.125, 7.872287978502213e-24, nan 
-3.625, -73.125, 2.510647376877908e-23, nan 
-3.375, -73.125, 1.4252119320252963e-23, nan 
-3.125, -73.125, 3.0635621141559525e-23, nan 
-2.875, -73.125, 3.954651053911992e-23, nan 
-2.625, -73.125, 4.9662784495445155e-23, nan 
-2.375, -73.125, 4.279799510375936e-23, nan 
-2.125, -73.125, 6.031982125647013e-23, nan 
-1.875, -73.125, 6.665756442587599e-23, nan 
-1.625, -73.125, 3.492348465185289e-23, nan 
-1.375, -73.125, 4.9700953053388663e-23, nan 
-1.125, -73.125, 4.805336970492198e-23, nan 
-0.875, -73.125, 2.7911468550500854e-23, nan 
-0.625, -73.125, 3.650990364563798e-24, nan 
-0.375, -73.125, 2.655318314651402e-24, nan 
-0.125, -73.125, 1.8960488062898787e-24, nan 
0.125, -73.125, 2.6636135524383446e-24, nan 
0.375, -73.125, 2.795609146248875e-24, nan 
0.625, -73.125, 1.7679794697166877e-24, nan 
0.875, -73.125, 1.3893449007656087e-24, nan 
1.125, -73.125, 2.2627499228086357e-24, nan 
1.375, -73.125, 2.5851277096761645e-24, nan 
1.625, -73.125, 2.2074095095097293e-24, nan 
1.875, -73.125, 2.6284808494642814e-24, nan 
2.125, -73.125, 2.8799444710404733e-24, nan 
2.375, -73.125, 3.01384670091983e-24, nan 
2.625, -73.125, 3.1652335007340095e-24, nan 
2.875, -73.125, 4.3718214440695165e-24, nan 
3.125, -73.125, 8.950703884009595e-24, nan 
3.375, -73.125, 8.958981449910861e-24, nan 
3.625, -73.125, 1.4783225270835357e-23, nan 
3.875, -73.125, 1.42572206984941e-23, nan 
4.125, -73.125, 1.0570670450516451e-23, nan 
4.375, -73.125, 1.7404898073623348e-23, nan 
4.625, -73.125, 1.4734403822786185e-23, nan 
4.875, -73.125, 1.5515851702171982e-23, nan 
5.125, -73.125, 1.921306516246318e-23, nan 
-44.375, -72.875, 3.201947790196473e-25, nan 
-44.125, -72.875, 7.271272299344844e-25, nan 
-43.875, -72.875, 8.806812565790937e-25, nan 
-43.625, -72.875, 7.7312899883058585e-25, nan 
-43.375, -72.875, 8.485408550801054e-25, nan 
-43.125, -72.875, 1.5078346563319097e-24, nan 
-42.875, -72.875, 9.541562336420996e-25, nan 
-42.625, -72.875, 9.81699895476624e-25, nan 
-42.375, -72.875, 1.7584740002600907e-24, nan 
-42.125, -72.875, 6.399090128812902e-25, nan 
-41.875, -72.875, 1.687711566884974e-24, nan 
-41.625, -72.875, 1.838284979936041e-24, nan 
-41.375, -72.875, 8.384389935426107e-25, nan 
-41.125, -72.875, 1.0009098289566707e-24, nan 
-40.875, -72.875, 1.4163741071682669e-24, nan 
-40.625, -72.875, 1.5847273797489033e-24, nan 
-40.375, -72.875, 2.1156689845577836e-24, nan 
-40.125, -72.875, 2.0644284336446542e-24, nan 
-39.875, -72.875, 3.339326714375739e-24, nan 
-39.625, -72.875, 2.9875037781411306e-24, nan 
-39.375, -72.875, 2.594726430295853e-24, nan 
-39.125, -72.875, 3.36220891770707e-24, nan 
-38.875, -72.875, 5.065626019123091e-24, nan 
-38.625, -72.875, 7.06301828298635e-24, nan 
-38.375, -72.875, 6.057196988246318e-24, nan 
-38.125, -72.875, 5.963003398866638e-24, nan 
-37.875, -72.875, 8.376040839920383e-24, nan 
-37.625, -72.875, 5.349589711071444e-24, nan 
-37.375, -72.875, 4.9245855794625285e-24, nan 
-37.125, -72.875, 5.9696499869728115e-24, nan 
-36.875, -72.875, 7.510652536410624e-24, nan 
-36.625, -72.875, 8.062624183099686e-24, nan 
-36.375, -72.875, 7.778296969601716e-24, nan 
-36.125, -72.875, 9.135545435235815e-24, nan 
-35.875, -72.875, 7.457579342755738e-24, nan 
-35.625, -72.875, 8.154990849175864e-24, nan 
-35.375, -72.875, 1.9517143558927766e-23, nan 
-35.125, -72.875, 2.2239244658904952e-23, nan 
-34.875, -72.875, 1.7395980866338578e-23, nan 
-34.625, -72.875, 2.546396811978554e-23, nan 
-34.375, -72.875, 3.012302211283953e-23, nan 
-34.125, -72.875, 1.984109077674725e-23, nan 
-33.875, -72.875, 2.2902381108660657e-24, nan 
-33.625, -72.875, 2.8393428338110558e-24, nan 
-33.375, -72.875, 8.585360203600849e-24, nan 
-33.125, -72.875, 8.576194109452122e-24, nan 
-32.875, -72.875, 4.704884261601776e-24, nan 
-32.625, -72.875, 1.0030143051189773e-23, nan 
-32.375, -72.875, 3.150018602233465e-24, nan 
-32.125, -72.875, 1.2639176455284672e-23, nan 
-31.875, -72.875, 6.4221575780102254e-24, nan 
-31.625, -72.875, 2.3155986690700476e-23, nan 
-31.375, -72.875, 2.432277796604991e-23, nan 
-31.125, -72.875, 2.2900641683259844e-23, nan 
-30.875, -72.875, 1.9080164254121322e-23, nan 
-30.625, -72.875, 1.666952161480172e-23, nan 
-30.375, -72.875, 1.572004214829542e-23, nan 
-30.125, -72.875, 1.3995202254304188e-23, nan 
-29.875, -72.875, 4.946092770492789e-24, nan 
-29.625, -72.875, 5.682498841162237e-24, nan 
-29.375, -72.875, 4.957801879102199e-24, nan 
-29.125, -72.875, 3.5769517117484324e-24, nan 
-28.875, -72.875, 3.480522028528839e-24, nan 
-28.625, -72.875, 3.378901537182549e-24, nan 
-28.375, -72.875, 3.5557685440545514e-24, nan 
-28.125, -72.875, 4.20857864621297e-24, nan 
-27.875, -72.875, 5.242426155082676e-24, nan 
-27.625, -72.875, 6.3689280069135355e-24, nan 
-27.375, -72.875, 9.381273563421718e-24, nan 
-27.125, -72.875, 5.603600667690869e-24, nan 
-26.875, -72.875, 6.713572684716406e-24, nan 
-26.625, -72.875, 1.0961901235648281e-23, nan 
-26.375, -72.875, 5.708112817602673e-24, nan 
-26.125, -72.875, 9.108148596517627e-24, nan 
-25.875, -72.875, 1.0140100643136579e-23, nan 
-25.625, -72.875, 4.4403279288179334e-24, nan 
-25.375, -72.875, 4.615570284392613e-24, nan 
-25.125, -72.875, 5.845484339231807e-24, nan 
-24.875, -72.875, 6.904463521577493e-24, nan 
-24.625, -72.875, 6.952960623514184e-24, nan 
-24.375, -72.875, 6.278728991993277e-24, nan 
-24.125, -72.875, 6.566428130454352e-24, nan 
-23.875, -72.875, 5.482046216718013e-24, nan 
-23.625, -72.875, 5.070118187823429e-24, nan 
-23.375, -72.875, 5.455017906205905e-24, nan 
-23.125, -72.875, 1.661513572151742e-24, nan 
-22.875, -72.875, 3.2340458146942084e-24, nan 
-22.625, -72.875, 3.782550351279051e-24, nan 
-22.375, -72.875, 2.514343272195284e-24, nan 
-22.125, -72.875, 4.786068380783051e-24, nan 
-21.875, -72.875, 1.5250298606487503e-23, nan 
-21.625, -72.875, 1.6655374840218314e-23, nan 
-21.375, -72.875, 1.6070224506478253e-23, nan 
-21.125, -72.875, 1.5871981378547832e-23, nan 
-20.875, -72.875, 1.6888644928752453e-23, nan 
-20.625, -72.875, 1.7487652353930298e-23, nan 
-20.375, -72.875, 8.760442524984968e-24, nan 
-20.125, -72.875, 4.798978149108992e-24, nan 
-19.875, -72.875, 4.791499141317148e-24, nan 
-19.625, -72.875, 4.824061774598818e-24, nan 
-19.375, -72.875, 5.4217500198876405e-24, nan 
-19.125, -72.875, 7.281469536177942e-24, nan 
-18.875, -72.875, 1.0200030511791358e-23, nan 
-18.625, -72.875, 7.388688765738276e-24, nan 
-18.375, -72.875, 5.1210898981158734e-24, nan 
-18.125, -72.875, 2.0719359405726166e-24, nan 
-17.875, -72.875, 1.858496843991632e-24, nan 
-17.625, -72.875, 3.0527815175801986e-24, nan 
-17.375, -72.875, 2.5128145929597477e-24, nan 
-17.125, -72.875, 3.3139600046664555e-24, nan 
-16.875, -72.875, 5.541293597000776e-24, nan 
-16.625, -72.875, 1.0139431390534808e-23, nan 
-16.375, -72.875, 2.835055092580163e-23, nan 
-16.125, -72.875, 3.3045100123726336e-23, nan 
-15.875, -72.875, 3.575551713052347e-23, nan 
-15.625, -72.875, 3.4474991879900694e-23, nan 
-15.375, -72.875, 9.042283985839154e-24, nan 
-15.125, -72.875, 6.427723717321422e-24, nan 
-14.875, -72.875, 5.837969106974402e-24, nan 
-14.625, -72.875, 5.8707822717153856e-24, nan 
-14.375, -72.875, 4.435722777244559e-24, nan 
-14.125, -72.875, 2.805267777218355e-24, nan 
-13.875, -72.875, 1.9220342497752667e-24, nan 
-13.625, -72.875, 2.416796761948977e-24, nan 
-13.375, -72.875, 3.1411191267662775e-24, nan 
-13.125, -72.875, 3.1602305837017557e-24, nan 
-12.875, -72.875, 8.02593887312286e-24, nan 
-12.625, -72.875, 1.0057049077544332e-23, nan 
-12.375, -72.875, 1.9161923485499613e-24, nan 
-12.125, -72.875, 4.875487534270098e-24, nan 
-11.875, -72.875, 8.180002490699877e-24, nan 
-11.625, -72.875, 7.661535730345439e-24, nan 
-11.375, -72.875, 7.574348401714361e-24, nan 
-11.125, -72.875, 4.108143118312373e-24, nan 
-10.875, -72.875, 1.6385214211943008e-24, nan 
-10.625, -72.875, 7.232623127869287e-24, nan 
-10.375, -72.875, 9.676795886536314e-24, nan 
-10.125, -72.875, 9.527556653159941e-24, nan 
-9.875, -72.875, 1.1211544749839167e-23, nan 
-9.625, -72.875, 6.657970841752657e-24, nan 
-9.375, -72.875, 3.85323959306899e-24, nan 
-9.125, -72.875, 1.8357268571029873e-23, nan 
-8.875, -72.875, 1.6816158933860873e-23, nan 
-8.625, -72.875, 3.3274130054411664e-23, nan 
-8.375, -72.875, 2.4400609444198978e-23, nan 
-8.125, -72.875, 2.2460524664284887e-23, nan 
-7.875, -72.875, 3.3207405311486024e-23, nan 
-7.625, -72.875, 2.2057683246940928e-23, nan 
-7.375, -72.875, 1.965908018124005e-23, nan 
-7.125, -72.875, 1.364094935139763e-23, nan 
-6.875, -72.875, 3.112160551891622e-23, nan 
-6.625, -72.875, 2.5801007386548464e-23, nan 
-6.375, -72.875, 3.31072940886182e-23, nan 
-6.125, -72.875, 3.547611161819471e-23, nan 
-5.875, -72.875, 3.6224171910303e-23, nan 
-5.625, -72.875, 3.0868421357530115e-23, nan 
-5.375, -72.875, 4.094321169264957e-23, nan 
-5.125, -72.875, 4.248648205764501e-23, nan 
-4.875, -72.875, 4.30212605646377e-23, nan 
-4.625, -72.875, 4.143799754701336e-23, nan 
-4.375, -72.875, 5.161952864151874e-23, nan 
-4.125, -72.875, 3.647341717628385e-23, nan 
-3.875, -72.875, 6.544988821160438e-24, nan 
-3.625, -72.875, 4.43370015557731e-23, nan 
-3.375, -72.875, 3.1725823774260035e-23, nan 
-3.125, -72.875, 5.873842089451102e-23, nan 
-2.875, -72.875, 5.391358283911276e-23, nan 
-2.625, -72.875, 4.096866090915507e-23, nan 
-2.375, -72.875, 5.008555687594099e-23, nan 
-2.125, -72.875, 4.299703707858532e-23, nan 
-1.875, -72.875, 2.3913039939911144e-23, nan 
-1.625, -72.875, 3.428997448832294e-23, nan 
-1.375, -72.875, 5.674986639267517e-23, nan 
-1.125, -72.875, 4.8716696180019815e-23, nan 
-0.875, -72.875, 3.81700858461358e-23, nan 
-0.625, -72.875, 4.33503273354178e-23, nan 
-0.375, -72.875, 3.595745194023011e-23, nan 
-0.125, -72.875, 2.2827929571331239e-23, nan 
0.125, -72.875, 5.46506497501003e-24, nan 
0.375, -72.875, 3.404102896215685e-24, nan 
0.625, -72.875, 2.437694629115819e-24, nan 
0.875, -72.875, 1.4640668657540473e-24, nan 
1.125, -72.875, 1.0619003346858406e-24, nan 
1.375, -72.875, 1.0976870271795593e-24, nan 
1.625, -72.875, 7.467941202936118e-25, nan 
1.875, -72.875, 1.4679219438093878e-24, nan 
2.125, -72.875, 2.182996254062562e-24, nan 
2.375, -72.875, 2.397452324392483e-24, nan 
2.625, -72.875, 2.745397153875864e-24, nan 
2.875, -72.875, 3.363608627449123e-24, nan 
3.125, -72.875, 4.651869287386532e-24, nan 
3.375, -72.875, 8.572624500319589e-24, nan 
3.625, -72.875, 1.158691963551567e-23, nan 
3.875, -72.875, 1.679529317735397e-23, nan 
4.125, -72.875, 1.9252913268409914e-23, nan 
4.375, -72.875, 1.9891175263526434e-23, nan 
4.625, -72.875, 1.625993901031117e-23, nan 
4.875, -72.875, 2.3928082352179483e-23, nan 
5.125, -72.875, 2.2211065635716672e-23, nan 
5.375, -72.875, 1.6290091220379117e-23, nan 
-43.875, -72.625, 8.44222743744702e-25, nan 
-43.625, -72.625, 7.906659849728864e-25, nan 
-43.375, -72.625, 6.185359659546609e-25, nan 
-43.125, -72.625, 1.885297618753717e-24, nan 
-42.875, -72.625, 9.23818601600892e-25, nan 
-42.625, -72.625, 1.0525847448055727e-24, nan 
-42.375, -72.625, 3.330521785322796e-24, nan 
-42.125, -72.625, 4.950407446376171e-24, nan 
-41.875, -72.625, 3.566567223274349e-24, nan 
-41.625, -72.625, 2.6257290618330965e-24, nan 
-41.375, -72.625, 2.648623653267968e-24, nan 
-41.125, -72.625, 4.449941731460304e-24, nan 
-40.875, -72.625, 3.747150154723613e-24, nan 
-40.625, -72.625, 5.791660755293272e-24, nan 
-40.375, -72.625, 4.453760632914728e-24, nan 
-40.125, -72.625, 3.5908889820155534e-24, nan 
-39.875, -72.625, 4.5019259839900606e-24, nan 
-39.625, -72.625, 3.554766585051542e-24, nan 
-39.375, -72.625, 4.0910368198637285e-24, nan 
-39.125, -72.625, 5.0555687924293335e-24, nan 
-38.875, -72.625, 4.5390167584035684e-24, nan 
-38.625, -72.625, 4.0583848517018005e-24, nan 
-38.375, -72.625, 6.119825118526256e-24, nan 
-38.125, -72.625, 6.0267556018400435e-24, nan 
-37.875, -72.625, 6.4938594193855085e-24, nan 
-37.625, -72.625, 6.2689455977925796e-24, nan 
-37.375, -72.625, 6.703517354257805e-24, nan 
-37.125, -72.625, 9.009312121894522e-24, nan 
-36.875, -72.625, 1.174461306071392e-23, nan 
-36.625, -72.625, 7.7772240973494e-24, nan 
-36.375, -72.625, 1.0210431721912052e-23, nan 
-36.125, -72.625, 1.4850167139843217e-23, nan 
-35.875, -72.625, 1.2285472477472717e-23, nan 
-35.625, -72.625, 1.6957987809797243e-23, nan 
-35.375, -72.625, 1.7893650261520673e-23, nan 
-35.125, -72.625, 1.486436629375643e-23, nan 
-34.875, -72.625, 1.8023753020809764e-23, nan 
-34.625, -72.625, 1.748873701434983e-23, nan 
-34.375, -72.625, 7.988347432375729e-24, nan 
-34.125, -72.625, 2.030709923019847e-24, nan 
-33.875, -72.625, 2.7841336727378123e-24, nan 
-33.625, -72.625, 2.885222487341157e-24, nan 
-33.375, -72.625, 2.2094431057514974e-24, nan 
-33.125, -72.625, 2.2528940342287245e-24, nan 
-32.875, -72.625, 1.8330225408137507e-24, nan 
-32.625, -72.625, 1.5506491122706415e-24, nan 
-32.375, -72.625, 1.3594123143149959e-24, nan 
-32.125, -72.625, 1.8942727627972224e-24, nan 
-31.875, -72.625, 1.3832811489734896e-24, nan 
-31.625, -72.625, 5.003047148783085e-24, nan 
-31.375, -72.625, 1.416726381915964e-23, nan 
-31.125, -72.625, 2.1079648169123948e-23, nan 
-30.875, -72.625, 1.9915624576864983e-23, nan 
-30.625, -72.625, 1.9876709394491332e-23, nan 
-30.375, -72.625, 2.1952529439105967e-23, nan 
-30.125, -72.625, 1.926038091862483e-23, nan 
-29.875, -72.625, 9.729972041800557e-24, nan 
-29.625, -72.625, 2.4318394346856168e-24, nan 
-29.375, -72.625, 3.3462047234202495e-24, nan 
-29.125, -72.625, 3.0343221415875335e-24, nan 
-28.875, -72.625, 3.657142549380348e-24, nan 
-28.625, -72.625, 4.69071404820141e-24, nan 
-28.375, -72.625, 3.676496689899265e-24, nan 
-28.125, -72.625, 4.821421623932004e-24, nan 
-27.875, -72.625, 6.317927208169385e-24, nan 
-27.625, -72.625, 5.213906529533924e-24, nan 
-27.375, -72.625, 5.248433239536861e-24, nan 
-27.125, -72.625, 4.549377896686225e-24, nan 
-26.875, -72.625, 9.527559928535765e-24, nan 
-26.625, -72.625, 1.1338683419625574e-23, nan 
-26.375, -72.625, 9.946922883810181e-24, nan 
-26.125, -72.625, 1.1011541969907372e-23, nan 
-25.875, -72.625, 1.2058322297059584e-23, nan 
-25.625, -72.625, 6.040060164888503e-24, nan 
-25.375, -72.625, 5.803738073455586e-24, nan 
-25.125, -72.625, 5.664884666916954e-24, nan 
-24.875, -72.625, 6.0096540036460594e-24, nan 
-24.625, -72.625, 6.643394474577024e-24, nan 
-24.375, -72.625, 4.7350488937134964e-24, nan 
-24.125, -72.625, 3.9872118969650765e-24, nan 
-23.875, -72.625, 3.78820913731807e-24, nan 
-23.625, -72.625, 4.858247873200165e-24, nan 
-23.375, -72.625, 4.2861198409407604e-24, nan 
-23.125, -72.625, 4.05477505595061e-24, nan 
-22.875, -72.625, 3.469463070049136e-24, nan 
-22.625, -72.625, 3.2495933596287755e-24, nan 
-22.375, -72.625, 3.671531585468795e-24, nan 
-22.125, -72.625, 4.2271717438044746e-24, nan 
-21.875, -72.625, 7.01781113996104e-24, nan 
-21.625, -72.625, 1.9639913450306665e-23, nan 
-21.375, -72.625, 2.3024810945987848e-23, nan 
-21.125, -72.625, 2.1073747133911082e-23, nan 
-20.875, -72.625, 2.0995470334548355e-23, nan 
-20.625, -72.625, 2.6238876054775776e-23, nan 
-20.375, -72.625, 1.9898313163402878e-23, nan 
-20.125, -72.625, 5.4107980154350945e-24, nan 
-19.875, -72.625, 1.1102835199192824e-23, nan 
-19.625, -72.625, 9.875787707225613e-24, nan 
-19.375, -72.625, 7.142547938233653e-24, nan 
-19.125, -72.625, 9.134423208705995e-24, nan 
-18.875, -72.625, 1.495737472799343e-23, nan 
-18.625, -72.625, 9.606683070521996e-24, nan 
-18.375, -72.625, 8.39440987492503e-24, nan 
-18.125, -72.625, 1.1285913493063724e-23, nan 
-17.875, -72.625, 7.17715894649412e-24, nan 
-17.625, -72.625, 5.369228607593938e-24, nan 
-17.375, -72.625, 3.1497058370273513e-24, nan 
-17.125, -72.625, 3.426300808422325e-24, nan 
-16.875, -72.625, 5.87900763811479e-24, nan 
-16.625, -72.625, 4.170701060074553e-24, nan 
-16.375, -72.625, 4.034555283356717e-24, nan 
-16.125, -72.625, 3.0660335229957686e-24, nan 
-15.875, -72.625, 4.375040537414414e-24, nan 
-15.625, -72.625, 3.8606760244322224e-24, nan 
-15.375, -72.625, 3.746729613752395e-24, nan 
-15.125, -72.625, 3.700891105421852e-24, nan 
-14.875, -72.625, 2.5098912466700618e-24, nan 
-14.625, -72.625, 2.394125724108679e-24, nan 
-14.375, -72.625, 2.106415559673214e-24, nan 
-14.125, -72.625, 4.2459933525911666e-24, nan 
-13.875, -72.625, 2.586430102785946e-24, nan 
-13.625, -72.625, 8.230038072750943e-24, nan 
-13.375, -72.625, 9.309847889383427e-24, nan 
-13.125, -72.625, 4.233441566101144e-24, nan 
-12.875, -72.625, 1.4058841412190593e-23, nan 
-12.625, -72.625, 1.5361350317289403e-23, nan 
-12.375, -72.625, 9.220791583838246e-24, nan 
-12.125, -72.625, 7.174616896545971e-24, nan 
-11.875, -72.625, 1.1519757257053779e-23, nan 
-11.625, -72.625, 1.614852690479598e-23, nan 
-11.375, -72.625, 1.332183513517011e-23, nan 
-11.125, -72.625, 9.872875330406338e-24, nan 
-10.875, -72.625, 9.657749168526994e-24, nan 
-10.625, -72.625, 9.078809492360996e-24, nan 
-10.375, -72.625, 5.634648832631999e-24, nan 
-10.125, -72.625, 3.3340627796634504e-24, nan 
-9.875, -72.625, 8.576728084868524e-24, nan 
-9.625, -72.625, 9.703321260988895e-24, nan 
-9.375, -72.625, 1.3499104929307198e-23, nan 
-9.125, -72.625, 2.1704383344471637e-23, nan 
-8.875, -72.625, 3.3027083417578314e-23, nan 
-8.625, -72.625, 3.136844161834043e-23, nan 
-8.375, -72.625, 2.2830481791787545e-23, nan 
-8.125, -72.625, 2.7144076064980524e-23, nan 
-7.875, -72.625, 2.2542194539183174e-23, nan 
-7.625, -72.625, 1.6872518000672748e-23, nan 
-7.375, -72.625, 2.629861793813965e-24, nan 
-7.125, -72.625, 2.5447665958533216e-24, nan 
-6.875, -72.625, 3.499382427162957e-24, nan 
-6.625, -72.625, 3.3832077493354404e-24, nan 
-6.375, -72.625, 2.9778887771514968e-24, nan 
-6.125, -72.625, 4.208338621702899e-24, nan 
-5.875, -72.625, 4.757557723136833e-24, nan 
-5.625, -72.625, 1.5134063885110642e-24, nan 
-5.375, -72.625, 2.0566498658707315e-24, nan 
-5.125, -72.625, 1.72940290491512e-24, nan 
-4.875, -72.625, 3.234560152359635e-23, nan 
-4.625, -72.625, 4.674697800444011e-23, nan 
-4.375, -72.625, 4.7966451868735283e-23, nan 
-4.125, -72.625, 5.323372681154146e-23, nan 
-3.875, -72.625, 6.522914528555616e-23, nan 
-3.625, -72.625, 6.062593984971178e-23, nan 
-3.375, -72.625, 4.808016765679435e-23, nan 
-3.125, -72.625, 7.134199916062026e-23, nan 
-2.875, -72.625, 6.8926419992338e-23, nan 
-2.625, -72.625, 4.5378083826727916e-23, nan 
-2.375, -72.625, 3.609094851641788e-23, nan 
-2.125, -72.625, 1.695144077809797e-23, nan 
-1.875, -72.625, 2.1991564537599087e-23, nan 
-1.625, -72.625, 2.2939871797574776e-23, nan 
-1.375, -72.625, 3.056446922875602e-23, nan 
-1.125, -72.625, 3.042886940899561e-23, nan 
-0.875, -72.625, 2.896578267562232e-23, nan 
-0.625, -72.625, 2.972646664462893e-23, nan 
-0.375, -72.625, 2.3049597164427858e-23, nan 
-0.125, -72.625, 2.7401133070172084e-23, nan 
0.125, -72.625, 1.6218336056561495e-23, nan 
0.375, -72.625, 8.949605301897076e-24, nan 
0.625, -72.625, 5.243762694106394e-24, nan 
0.875, -72.625, 4.5373675709690785e-24, nan 
1.125, -72.625, 2.1996146679041557e-24, nan 
1.375, -72.625, 2.3925010563486403e-24, nan 
1.625, -72.625, 4.04445212263591e-24, nan 
1.875, -72.625, 1.778965343257599e-24, nan 
2.125, -72.625, 2.6940405475257578e-24, nan 
2.375, -72.625, 2.931356899678432e-24, nan 
2.625, -72.625, 2.9285956451183647e-24, nan 
2.875, -72.625, 3.1508055315817e-24, nan 
3.125, -72.625, 3.8417642215862276e-24, nan 
3.375, -72.625, 4.274035797586205e-24, nan 
3.625, -72.625, 4.9680918062992424e-24, nan 
3.875, -72.625, 1.5446521217839935e-23, nan 
4.125, -72.625, 1.8435627563227248e-23, nan 
4.375, -72.625, 2.0909448638386958e-23, nan 
4.625, -72.625, 2.5061961678880105e-23, nan 
4.875, -72.625, 2.819192031413068e-23, nan 
5.125, -72.625, 2.8095525889237774e-23, nan 
5.375, -72.625, 2.030606454097476e-23, nan 
-43.375, -72.375, 1.3423447427732057e-24, nan 
-43.125, -72.375, 3.3066809659308835e-24, nan 
-42.875, -72.375, 5.3883976891814115e-24, nan 
-42.625, -72.375, 2.4777499492606157e-24, nan 
-42.375, -72.375, 4.441740278929476e-24, nan 
-42.125, -72.375, 8.599231173465469e-24, nan 
-41.875, -72.375, 7.027689662411001e-24, nan 
-41.625, -72.375, 8.527197287193048e-24, nan 
-41.375, -72.375, 9.774355902405364e-24, nan 
-41.125, -72.375, 9.000075023983991e-24, nan 
-40.875, -72.375, 9.131080112445141e-24, nan 
-40.625, -72.375, 7.678930674797619e-24, nan 
-40.375, -72.375, 5.515139499241945e-24, nan 
-40.125, -72.375, 6.3109861842611985e-24, nan 
-39.875, -72.375, 6.5302564675408544e-24, nan 
-39.625, -72.375, 5.0670505836016e-24, nan 
-39.375, -72.375, 6.556460162041325e-24, nan 
-39.125, -72.375, 7.462209944094874e-24, nan 
-38.875, -72.375, 5.225111554065329e-24, nan 
-38.625, -72.375, 9.545334637754969e-24, nan 
-38.375, -72.375, 1.0693596861146406e-23, nan 
-38.125, -72.375, 5.9695413841725345e-24, nan 
-37.875, -72.375, 7.52551267135073e-24, nan 
-37.625, -72.375, 7.600729451999881e-24, nan 
-37.375, -72.375, 4.8342179154132014e-24, nan 
-37.125, -72.375, 7.149256068642987e-24, nan 
-36.875, -72.375, 6.628954774077487e-24, nan 
-36.625, -72.375, 5.315954912908509e-24, nan 
-36.375, -72.375, 7.289400352829595e-24, nan 
-36.125, -72.375, 1.1423834234538234e-23, nan 
-35.875, -72.375, 7.651004457169428e-24, nan 
-35.625, -72.375, 1.146790507168041e-23, nan 
-35.375, -72.375, 1.4703395199364553e-23, nan 
-35.125, -72.375, 8.952082033794275e-24, nan 
-34.875, -72.375, 1.0213302775872941e-23, nan 
-34.625, -72.375, 1.3374306073349296e-23, nan 
-34.375, -72.375, 9.527093073410852e-24, nan 
-34.125, -72.375, 4.884077848264766e-24, nan 
-33.875, -72.375, 4.242085877603547e-24, nan 
-33.625, -72.375, 3.2294467663696703e-24, nan 
-33.375, -72.375, 2.343795581307803e-24, nan 
-33.125, -72.375, 1.8702476886736943e-24, nan 
-32.875, -72.375, 2.2270270576635155e-24, nan 
-32.625, -72.375, 4.587589061516236e-24, nan 
-32.375, -72.375, 2.7617037809565348e-24, nan 
-32.125, -72.375, 2.9330222049214946e-24, nan 
-31.875, -72.375, 3.610442894711864e-24, nan 
-31.625, -72.375, 4.518234347002901e-24, nan 
-31.375, -72.375, 3.042827937082357e-24, nan 
-31.125, -72.375, 1.2329174972805754e-23, nan 
-30.875, -72.375, 1.8637190751761895e-23, nan 
-30.625, -72.375, 2.872891694317136e-23, nan 
-30.375, -72.375, 2.017645849707319e-23, nan 
-30.125, -72.375, 1.9851334166187133e-23, nan 
-29.875, -72.375, 2.1613196794626965e-23, nan 
-29.625, -72.375, 1.3363422986353744e-23, nan 
-29.375, -72.375, 7.75913443172664e-24, nan 
-29.125, -72.375, 1.0258481195657152e-23, nan 
-28.875, -72.375, 5.403110125485376e-24, nan 
-28.625, -72.375, 4.009089549522463e-24, nan 
-28.375, -72.375, 2.0835667004314915e-24, nan 
-28.125, -72.375, 1.3511630356242892e-24, nan 
-27.875, -72.375, 2.4292331333752115e-24, nan 
-27.625, -72.375, 1.5519638397036448e-24, nan 
-27.375, -72.375, 4.208999945521577e-24, nan 
-27.125, -72.375, 6.91622726012681e-24, nan 
-26.875, -72.375, 2.2445799912520017e-24, nan 
-26.625, -72.375, 1.4018747886905182e-23, nan 
-26.375, -72.375, 2.0230293973746066e-23, nan 
-26.125, -72.375, 1.2763531250172851e-23, nan 
-25.875, -72.375, 2.2005361881641648e-23, nan 
-25.625, -72.375, 2.0414888762169227e-23, nan 
-25.375, -72.375, 1.1636183501478162e-23, nan 
-25.125, -72.375, 4.584533657919372e-24, nan 
-24.875, -72.375, 5.5151595676404e-24, nan 
-24.625, -72.375, 4.6699738454845136e-24, nan 
-24.375, -72.375, 6.119836464387444e-24, nan 
-24.125, -72.375, 7.990367911243636e-24, nan 
-23.875, -72.375, 7.644291437967391e-24, nan 
-23.625, -72.375, 4.895099082087829e-24, nan 
-23.375, -72.375, 4.464945200452296e-24, nan 
-23.125, -72.375, 5.020010544604837e-24, nan 
-22.875, -72.375, 3.860460500023528e-24, nan 
-22.625, -72.375, 3.700541567522244e-24, nan 
-22.375, -72.375, 6.949796294252272e-24, nan 
-22.125, -72.375, 1.1451093148355426e-23, nan 
-21.875, -72.375, 2.4142295419490526e-23, nan 
-21.625, -72.375, 3.021602641394382e-23, nan 
-21.375, -72.375, 2.8584188323207455e-23, nan 
-21.125, -72.375, 2.020080385526535e-23, nan 
-20.875, -72.375, 2.5053001986926998e-23, nan 
-20.625, -72.375, 2.1970613536742198e-23, nan 
-20.375, -72.375, 7.477657779137892e-24, nan 
-20.125, -72.375, 1.2001657772366805e-23, nan 
-19.875, -72.375, 1.0657031457804104e-23, nan 
-19.625, -72.375, 8.368443558467e-24, nan 
-19.375, -72.375, 9.197173165455667e-24, nan 
-19.125, -72.375, 6.949409137704407e-24, nan 
-18.875, -72.375, 8.163660403408752e-24, nan 
-18.625, -72.375, 1.0336919235715592e-23, nan 
-18.375, -72.375, 1.0077752703988883e-23, nan 
-18.125, -72.375, 1.1162114811106025e-23, nan 
-17.875, -72.375, 9.517886025296051e-24, nan 
-17.625, -72.375, 8.569468366456452e-24, nan 
-17.375, -72.375, 7.328787199221943e-24, nan 
-17.125, -72.375, 3.928107465630749e-24, nan 
-16.875, -72.375, 3.61971616266365e-24, nan 
-16.625, -72.375, 2.2269611223042534e-24, nan 
-16.375, -72.375, 1.497257859947412e-24, nan 
-16.125, -72.375, 1.6743898985913942e-24, nan 
-15.875, -72.375, 1.9012773503202045e-24, nan 
-15.625, -72.375, 1.67225581438521e-24, nan 
-15.375, -72.375, 1.1898534048380804e-24, nan 
-15.125, -72.375, 1.3349923538940951e-24, nan 
-14.875, -72.375, 1.1941307797463759e-24, nan 
-14.625, -72.375, 1.3277478604457623e-24, nan 
-14.375, -72.375, 1.6505383641002826e-24, nan 
-14.125, -72.375, 1.7466820791471297e-24, nan 
-13.875, -72.375, 1.6627996159617246e-24, nan 
-13.625, -72.375, 1.668095448147381e-24, nan 
-13.375, -72.375, 3.962766894058029e-24, nan 
-13.125, -72.375, 2.3765115920503193e-24, nan 
-12.875, -72.375, 1.1863370401573887e-23, nan 
-12.625, -72.375, 1.501085476493616e-23, nan 
-12.375, -72.375, 1.6171696746594067e-23, nan 
-12.125, -72.375, 1.54692541574817e-23, nan 
-11.875, -72.375, 1.1592183738517215e-23, nan 
-11.625, -72.375, 2.218681342799217e-23, nan 
-11.375, -72.375, 1.9949028305700327e-23, nan 
-11.125, -72.375, 1.3099841057469763e-23, nan 
-10.875, -72.375, 1.809555229496194e-23, nan 
-10.625, -72.375, 1.7277911289668228e-23, nan 
-10.375, -72.375, 9.65764827522277e-24, nan 
-10.125, -72.375, 1.41701920775285e-23, nan 
-9.875, -72.375, 2.69829596033128e-23, nan 
-9.625, -72.375, 2.8419272972638883e-23, nan 
-9.375, -72.375, 2.747759300220069e-23, nan 
-9.125, -72.375, 3.9599835648215706e-23, nan 
-8.875, -72.375, 3.6759064645000956e-23, nan 
-8.625, -72.375, 2.694117440618102e-23, nan 
-8.375, -72.375, 1.407205613359945e-23, nan 
-8.125, -72.375, 2.494558345759933e-24, nan 
-7.875, -72.375, 3.584188999840425e-24, nan 
-7.625, -72.375, 3.927939752068019e-24, nan 
-7.375, -72.375, 3.232848792535154e-24, nan 
-7.125, -72.375, 2.170197478190553e-24, nan 
-6.875, -72.375, 3.078344221794401e-24, nan 
-6.625, -72.375, 3.0682808207173728e-24, nan 
-6.375, -72.375, 1.626593025689724e-24, nan 
-6.125, -72.375, 1.34702314095879e-24, nan 
-5.875, -72.375, 2.5297170375502423e-24, nan 
-5.625, -72.375, 3.7358415724901935e-24, nan 
-5.375, -72.375, 1.2844300621476839e-23, nan 
-5.125, -72.375, 4.2384577732487995e-23, nan 
-4.875, -72.375, 4.0376835555758464e-23, nan 
-4.625, -72.375, 3.855459799503416e-23, nan 
-4.375, -72.375, 4.7761809236658725e-23, nan 
-4.125, -72.375, 5.641002045698734e-23, nan 
-3.875, -72.375, 5.390243469607352e-23, nan 
-3.625, -72.375, 3.6172969310998764e-23, nan 
-3.375, -72.375, 4.661187869156298e-23, nan 
-3.125, -72.375, 5.1388326053883456e-23, nan 
-2.875, -72.375, 5.0695932296717674e-23, nan 
-2.625, -72.375, 5.395062769695046e-23, nan 
-2.375, -72.375, 4.829494901213918e-23, nan 
-2.125, -72.375, 4.443845908638516e-23, nan 
-1.875, -72.375, 4.648159181502244e-23, nan 
-1.625, -72.375, 3.7218334459728913e-23, nan 
-1.375, -72.375, 3.282713096202921e-23, nan 
-1.125, -72.375, 3.899324379041304e-23, nan 
-0.875, -72.375, 3.6066532509585163e-23, nan 
-0.625, -72.375, 1.509641115480222e-23, nan 
-0.375, -72.375, 1.433519296988191e-23, nan 
-0.125, -72.375, 3.4431021054942014e-23, nan 
0.125, -72.375, 1.5112158438104556e-23, nan 
0.375, -72.375, 1.5388601038347366e-23, nan 
0.625, -72.375, 4.308457924580827e-23, nan 
0.875, -72.375, 3.404950250982221e-23, nan 
1.125, -72.375, 4.274552297373181e-23, nan 
1.375, -72.375, 5.458137687841601e-23, nan 
1.625, -72.375, 5.133781076245212e-23, nan 
1.875, -72.375, 5.832798031292991e-23, nan 
2.125, -72.375, 2.2918188644765382e-23, nan 
2.375, -72.375, 6.2610291782108e-24, nan 
2.625, -72.375, 7.611233551199427e-24, nan 
2.875, -72.375, 2.4066004478945785e-23, nan 
3.125, -72.375, 1.6983997363847407e-23, nan 
3.375, -72.375, 5.04396312908057e-23, nan 
3.625, -72.375, 1.8176687323959495e-23, nan 
3.875, -72.375, 8.474425011885816e-24, nan 
4.125, -72.375, 8.176597484311207e-24, nan 
4.375, -72.375, 7.713797617578597e-24, nan 
4.625, -72.375, 2.264931346669219e-23, nan 
4.875, -72.375, 2.3512999945935526e-23, nan 
5.125, -72.375, 2.4167004976234677e-23, nan 
5.375, -72.375, 2.267361958356595e-23, nan 
5.625, -72.375, 2.9734850955578427e-23, nan 
-42.875, -72.125, 7.657073980554045e-24, nan 
-42.625, -72.125, 8.995193090565641e-24, nan 
-42.375, -72.125, 7.795020437175132e-24, nan 
-42.125, -72.125, 1.018718883583512e-23, nan 
-41.875, -72.125, 1.1301660576185491e-23, nan 
-41.625, -72.125, 1.1501127531091427e-23, nan 
-41.375, -72.125, 1.0177358242197675e-23, nan 
-41.125, -72.125, 1.1198601882123156e-23, nan 
-40.875, -72.125, 1.090806067270094e-23, nan 
-40.625, -72.125, 5.1557925186777916e-24, nan 
-40.375, -72.125, 7.200018268339477e-24, nan 
-40.125, -72.125, 8.031572512464633e-24, nan 
-39.875, -72.125, 5.678615475181723e-24, nan 
-39.625, -72.125, 4.3946832313004516e-24, nan 
-39.375, -72.125, 3.3804273228219486e-24, nan 
-39.125, -72.125, 4.0941742090259064e-24, nan 
-38.875, -72.125, 4.6579016687091756e-24, nan 
-38.625, -72.125, 7.683310050315573e-24, nan 
-38.375, -72.125, 8.580070205306637e-24, nan 
-38.125, -72.125, 4.689065063202095e-24, nan 
-37.875, -72.125, 5.52370088867305e-24, nan 
-37.625, -72.125, 6.129902287475501e-24, nan 
-37.375, -72.125, 4.614358915787258e-24, nan 
-37.125, -72.125, 6.740160613070284e-24, nan 
-36.875, -72.125, 7.492252168833468e-24, nan 
-36.625, -72.125, 7.146290972164024e-24, nan 
-36.375, -72.125, 5.3633420754367095e-24, nan 
-36.125, -72.125, 5.9115403210241936e-24, nan 
-35.875, -72.125, 4.988418436077983e-24, nan 
-35.625, -72.125, 4.247806617494047e-24, nan 
-35.375, -72.125, 6.94202752098366e-24, nan 
-35.125, -72.125, 6.470838138117766e-24, nan 
-34.875, -72.125, 7.393598043541898e-24, nan 
-34.625, -72.125, 8.721787054053143e-24, nan 
-34.375, -72.125, 9.21195810157921e-24, nan 
-34.125, -72.125, 8.776859207785959e-24, nan 
-33.875, -72.125, 5.535001426132562e-24, nan 
-33.625, -72.125, 4.376833555477295e-24, nan 
-33.375, -72.125, 3.531778719344456e-24, nan 
-33.125, -72.125, 4.7481084511773034e-24, nan 
-32.875, -72.125, 4.738342608133922e-24, nan 
-32.625, -72.125, 6.859238419240648e-24, nan 
-32.375, -72.125, 5.5426031160883675e-24, nan 
-32.125, -72.125, 7.040577968983563e-24, nan 
-31.875, -72.125, 5.7105838363995115e-24, nan 
-31.625, -72.125, 8.400380810407599e-24, nan 
-31.375, -72.125, 2.3866757063885148e-23, nan 
-31.125, -72.125, 2.3736347060687053e-23, nan 
-30.875, -72.125, 2.263363434986486e-23, nan 
-30.625, -72.125, 3.443029006133404e-23, nan 
-30.375, -72.125, 2.739660321572493e-23, nan 
-30.125, -72.125, 2.2415968593583872e-23, nan 
-29.875, -72.125, 1.3844875997352825e-23, nan 
-29.625, -72.125, 1.6756478310238514e-23, nan 
-29.375, -72.125, 2.7834150756626814e-24, nan 
-29.125, -72.125, 1.5301263980970396e-23, nan 
-28.875, -72.125, 1.3529816153262558e-23, nan 
-28.625, -72.125, 2.7040097463823545e-24, nan 
-28.375, -72.125, 8.214777931858483e-24, nan 
-28.125, -72.125, 9.026215796505471e-24, nan 
-27.875, -72.125, 1.3485733753749685e-24, nan 
-27.625, -72.125, 2.2635989698923365e-24, nan 
-27.375, -72.125, 3.0883455020493424e-24, nan 
-27.125, -72.125, 3.000159569099422e-24, nan 
-26.875, -72.125, 6.033609392238877e-24, nan 
-26.625, -72.125, 7.886511397352138e-24, nan 
-26.375, -72.125, 5.375267566802727e-24, nan 
-26.125, -72.125, 1.3581340587528197e-23, nan 
-25.875, -72.125, 2.4210225471376172e-23, nan 
-25.625, -72.125, 1.7806509765468224e-23, nan 
-25.375, -72.125, 2.2184760021330022e-23, nan 
-25.125, -72.125, 2.67467917032684e-23, nan 
-24.875, -72.125, 2.0316357273260102e-23, nan 
-24.625, -72.125, 1.756581777239696e-23, nan 
-24.375, -72.125, 1.2502674579507385e-23, nan 
-24.125, -72.125, 1.0461141396855601e-23, nan 
-23.875, -72.125, 7.955448501399129e-24, nan 
-23.625, -72.125, 6.644096366721016e-24, nan 
-23.375, -72.125, 1.1583223380623995e-23, nan 
-23.125, -72.125, 1.565490204802866e-23, nan 
-22.875, -72.125, 1.2924812618863237e-23, nan 
-22.625, -72.125, 3.11281378183024e-23, nan 
-22.375, -72.125, 3.0740295333258967e-23, nan 
-22.125, -72.125, 2.8602153206898076e-23, nan 
-21.875, -72.125, 2.9474698576403117e-23, nan 
-21.625, -72.125, 3.143807469938993e-23, nan 
-21.375, -72.125, 2.981570119684256e-23, nan 
-21.125, -72.125, 9.192149004109649e-24, nan 
-20.875, -72.125, 4.384048100195989e-24, nan 
-20.625, -72.125, 7.5082507646472e-24, nan 
-20.375, -72.125, 5.689852396084212e-24, nan 
-20.125, -72.125, 5.7911018515159865e-24, nan 
-19.875, -72.125, 5.831443023461098e-24, nan 
-19.625, -72.125, 3.638239788445365e-24, nan 
-19.375, -72.125, 3.2615688648930357e-24, nan 
-19.125, -72.125, 7.641276806700259e-24, nan 
-18.875, -72.125, 8.939469200292733e-24, nan 
-18.625, -72.125, 1.1474197551734749e-23, nan 
-18.375, -72.125, 1.2279038484453685e-23, nan 
-18.125, -72.125, 1.2599392816022606e-23, nan 
-17.875, -72.125, 1.2863857198356587e-23, nan 
-17.625, -72.125, 1.1519279124947382e-23, nan 
-17.375, -72.125, 1.1424226832777701e-23, nan 
-17.125, -72.125, 9.197269058291121e-24, nan 
-16.875, -72.125, 7.64948688163736e-24, nan 
-16.625, -72.125, 5.242090822451631e-24, nan 
-16.375, -72.125, 2.4314036271268447e-24, nan 
-16.125, -72.125, 1.986426708707986e-24, nan 
-15.875, -72.125, 2.67700869618278e-24, nan 
-15.625, -72.125, 1.6687586281571508e-24, nan 
-15.375, -72.125, 1.1600112830333544e-24, nan 
-15.125, -72.125, 2.1661246445273016e-24, nan 
-14.875, -72.125, 1.8690068827756033e-24, nan 
-14.625, -72.125, 1.721993622423325e-24, nan 
-14.375, -72.125, 1.9920023215061277e-24, nan 
-14.125, -72.125, 2.0250555192126995e-24, nan 
-13.875, -72.125, 1.5427604777928491e-24, nan 
-13.625, -72.125, 1.1920690694667937e-24, nan 
-13.375, -72.125, 7.540133400963227e-24, nan 
-13.125, -72.125, 5.158235142166912e-24, nan 
-12.875, -72.125, 2.6127852780838736e-23, nan 
-12.625, -72.125, 1.8600970068500876e-23, nan 
-12.375, -72.125, 2.3920534294985947e-23, nan 
-12.125, -72.125, 2.1915240939873992e-23, nan 
-11.875, -72.125, 1.1112628768627666e-23, nan 
-11.625, -72.125, 1.7478999668646032e-23, nan 
-11.375, -72.125, 1.9290648229154287e-23, nan 
-11.125, -72.125, 1.87085859832607e-23, nan 
-10.875, -72.125, 1.8643231809316348e-23, nan 
-10.625, -72.125, 2.209986078097668e-23, nan 
-10.375, -72.125, 1.8112128148800542e-23, nan 
-10.125, -72.125, 2.194405653216649e-23, nan 
-9.875, -72.125, 7.698249479483324e-24, nan 
-9.625, -72.125, 2.5024782904333635e-23, nan 
-9.375, -72.125, 3.207493523843813e-23, nan 
-9.125, -72.125, 4.4195439583381855e-23, nan 
-8.875, -72.125, 2.9433528709798736e-23, nan 
-8.625, -72.125, 2.8684270193807904e-23, nan 
-8.375, -72.125, 3.3076661567839816e-23, nan 
-8.125, -72.125, 1.627882683991987e-23, nan 
-7.875, -72.125, 1.549284047848463e-23, nan 
-7.625, -72.125, 1.752469871657362e-23, nan 
-7.375, -72.125, 1.3653546504167903e-23, nan 
-7.125, -72.125, 7.219107974968395e-24, nan 
-6.875, -72.125, 6.153028142369949e-24, nan 
-6.625, -72.125, 7.522181541388137e-24, nan 
-6.375, -72.125, 6.985506867379532e-24, nan 
-6.125, -72.125, 3.3506984321185046e-23, nan 
-5.875, -72.125, 5.58315595189936e-23, nan 
-5.625, -72.125, 6.103376249594534e-23, nan 
-5.375, -72.125, 6.317679959058549e-23, nan 
-5.125, -72.125, 6.785323264248345e-23, nan 
-4.875, -72.125, 6.494303665921258e-23, nan 
-4.625, -72.125, 5.183421643572101e-23, nan 
-4.375, -72.125, 4.5806093740789255e-23, nan 
-4.125, -72.125, 3.637016931432266e-23, nan 
-3.875, -72.125, 3.5128606195013777e-23, nan 
-3.625, -72.125, 2.276401950822208e-23, nan 
-3.375, -72.125, 6.714264082149155e-24, nan 
-3.125, -72.125, 7.142985303714034e-24, nan 
-2.875, -72.125, 1.890201441717683e-24, nan 
-2.625, -72.125, 2.9571467983789587e-24, nan 
-2.375, -72.125, 2.7835400181210035e-23, nan 
-2.125, -72.125, 5.66586692655274e-23, nan 
-1.875, -72.125, 6.291186445534806e-23, nan 
-1.625, -72.125, 3.723603832363479e-23, nan 
-1.375, -72.125, 7.888536709976731e-23, nan 
-1.125, -72.125, 9.379251536577679e-23, nan 
-0.875, -72.125, 4.645011393784807e-23, nan 
-0.625, -72.125, 4.1349131059788713e-23, nan 
-0.375, -72.125, 4.989400914078116e-23, nan 
-0.125, -72.125, 4.1342696890846034e-23, nan 
0.125, -72.125, 1.840241344027433e-23, nan 
0.375, -72.125, 3.285844454152006e-23, nan 
0.625, -72.125, 5.819878304616249e-23, nan 
0.875, -72.125, 5.368485964046367e-23, nan 
1.125, -72.125, 7.093907429169634e-23, nan 
1.375, -72.125, 8.629557301148799e-23, nan 
1.625, -72.125, 9.477265000910591e-23, nan 
1.875, -72.125, 1.0106383152097478e-22, nan 
2.125, -72.125, 4.596131210709916e-23, nan 
2.375, -72.125, 5.735947357952367e-23, nan 
2.625, -72.125, 8.058844518943047e-23, nan 
2.875, -72.125, 3.1939883648882107e-23, nan 
3.125, -72.125, 2.8670779429765345e-23, nan 
3.375, -72.125, 1.06482318301103e-22, nan 
3.625, -72.125, 2.711893821129869e-23, nan 
3.875, -72.125, 1.2522384119376335e-23, nan 
4.125, -72.125, 5.2890044658715614e-23, nan 
4.375, -72.125, 1.5950075553291562e-23, nan 
4.625, -72.125, 3.626170769437249e-24, nan 
4.875, -72.125, 5.284047821582965e-24, nan 
5.125, -72.125, 5.732611362188611e-24, nan 
5.375, -72.125, 5.7036809335157514e-24, nan 
5.625, -72.125, 3.5440119037924775e-24, nan 
-42.625, -71.875, 8.125169964240786e-24, nan 
-42.375, -71.875, 1.3225778642505413e-23, nan 
-42.125, -71.875, 7.015874133244735e-24, nan 
-41.875, -71.875, 1.0943975933134076e-23, nan 
-41.625, -71.875, 1.782139452169656e-23, nan 
-41.375, -71.875, 9.669778485037875e-24, nan 
-41.125, -71.875, 1.0633403869239753e-23, nan 
-40.875, -71.875, 1.3518744454958334e-23, nan 
-40.625, -71.875, 1.0827372379954286e-23, nan 
-40.375, -71.875, 1.1645716045310093e-23, nan 
-40.125, -71.875, 1.0436702156490353e-23, nan 
-39.875, -71.875, 2.9187517297106553e-24, nan 
-39.625, -71.875, 4.140758783314992e-24, nan 
-39.375, -71.875, 5.584676405319435e-24, nan 
-39.125, -71.875, 5.1260696120250904e-24, nan 
-38.875, -71.875, 5.694751257591718e-24, nan 
-38.625, -71.875, 4.023354904921365e-24, nan 
-38.375, -71.875, 3.2757623414314973e-24, nan 
-38.125, -71.875, 2.7268619649624264e-24, nan 
-37.875, -71.875, 3.0242598875168483e-24, nan 
-37.625, -71.875, 2.131627097253874e-24, nan 
-37.375, -71.875, 3.436774057865913e-24, nan 
-37.125, -71.875, 4.3723836962959834e-24, nan 
-36.875, -71.875, 4.0540874292185514e-24, nan 
-36.625, -71.875, 5.172299831121966e-24, nan 
-36.375, -71.875, 6.2017103757727726e-24, nan 
-36.125, -71.875, 8.549820160171213e-24, nan 
-35.875, -71.875, 1.1372282268450756e-23, nan 
-35.625, -71.875, 1.7067849735788344e-23, nan 
-35.375, -71.875, 1.883192275278692e-23, nan 
-35.125, -71.875, 9.859740884649575e-24, nan 
-34.875, -71.875, 1.1311222190640453e-23, nan 
-34.625, -71.875, 1.0307572909202899e-23, nan 
-34.375, -71.875, 1.0547722514329664e-23, nan 
-34.125, -71.875, 1.1517471743454166e-23, nan 
-33.875, -71.875, 8.9380574575768e-24, nan 
-33.625, -71.875, 1.0416950402449925e-23, nan 
-33.375, -71.875, 1.3678878439339768e-23, nan 
-33.125, -71.875, 9.497857012671279e-24, nan 
-32.875, -71.875, 7.553131678629227e-24, nan 
-32.625, -71.875, 4.812574780806127e-24, nan 
-32.375, -71.875, 9.226457320834214e-24, nan 
-32.125, -71.875, 1.2892951373494512e-23, nan 
-31.875, -71.875, 8.314663392444672e-24, nan 
-31.625, -71.875, 8.70650770308524e-24, nan 
-31.375, -71.875, 1.010784789772569e-23, nan 
-31.125, -71.875, 3.014087017214168e-23, nan 
-30.875, -71.875, 3.241726356284045e-23, nan 
-30.625, -71.875, 3.4953028203823033e-23, nan 
-30.375, -71.875, 3.0967055647559613e-23, nan 
-30.125, -71.875, 3.31911733321412e-23, nan 
-29.875, -71.875, 3.376518634643961e-23, nan 
-29.625, -71.875, 1.673142960708805e-23, nan 
-29.375, -71.875, 2.1551188878020483e-23, nan 
-29.125, -71.875, 2.4407758169754732e-23, nan 
-28.875, -71.875, 2.7133217129316624e-23, nan 
-28.625, -71.875, 2.816162581710988e-23, nan 
-28.375, -71.875, 2.786059974349349e-23, nan 
-28.125, -71.875, 2.6769360963537164e-23, nan 
-27.875, -71.875, 3.1276300396583307e-23, nan 
-27.625, -71.875, 2.9881353311765225e-23, nan 
-27.375, -71.875, 2.708980034744102e-23, nan 
-27.125, -71.875, 1.4721030029931893e-23, nan 
-26.875, -71.875, 7.683655813641916e-24, nan 
-26.625, -71.875, 8.48155803145274e-24, nan 
-26.375, -71.875, 8.364342633048718e-24, nan 
-26.125, -71.875, 8.997780862214694e-24, nan 
-25.875, -71.875, 1.0334174290117781e-23, nan 
-25.625, -71.875, 9.235034127735517e-24, nan 
-25.375, -71.875, 2.136121440838622e-23, nan 
-25.125, -71.875, 2.862066622501672e-23, nan 
-24.875, -71.875, 2.1150839448821146e-23, nan 
-24.625, -71.875, 2.2993468885677814e-23, nan 
-24.375, -71.875, 2.2452418465256763e-23, nan 
-24.125, -71.875, 2.1021947695642044e-23, nan 
-23.875, -71.875, 2.441009101711822e-23, nan 
-23.625, -71.875, 1.990925384852261e-23, nan 
-23.375, -71.875, 2.1553919540922977e-23, nan 
-23.125, -71.875, 2.200845454433603e-23, nan 
-22.875, -71.875, 2.1002199142457514e-23, nan 
-22.625, -71.875, 2.928338711056553e-23, nan 
-22.375, -71.875, 2.357039631770827e-23, nan 
-22.125, -71.875, 2.157641415320938e-23, nan 
-21.875, -71.875, 1.166160932889679e-23, nan 
-21.625, -71.875, 1.1313188737867226e-23, nan 
-21.375, -71.875, 6.163281063078647e-24, nan 
-21.125, -71.875, 6.91894350039329e-24, nan 
-20.875, -71.875, 8.798027166977403e-24, nan 
-20.625, -71.875, 6.539768744272648e-24, nan 
-20.375, -71.875, 5.3465797667510276e-24, nan 
-20.125, -71.875, 2.247281832634086e-24, nan 
-19.875, -71.875, 5.434426429239453e-24, nan 
-19.625, -71.875, 7.031574949317556e-24, nan 
-19.375, -71.875, 8.707713134680538e-24, nan 
-19.125, -71.875, 5.634314996743319e-24, nan 
-18.875, -71.875, 7.165656848237252e-24, nan 
-18.625, -71.875, 8.642020964349515e-24, nan 
-18.375, -71.875, 9.178905206735712e-24, nan 
-18.125, -71.875, 8.588024037740069e-24, nan 
-17.875, -71.875, 1.048425288751333e-23, nan 
-17.625, -71.875, 1.0802880017940878e-23, nan 
-17.375, -71.875, 1.1486797387667598e-23, nan 
-17.125, -71.875, 1.0864417728015171e-23, nan 
-16.875, -71.875, 8.949737067630069e-24, nan 
-16.625, -71.875, 8.178685252466872e-24, nan 
-16.375, -71.875, 7.772312213890923e-24, nan 
-16.125, -71.875, 5.223204415734214e-24, nan 
-15.875, -71.875, 3.0322428228175875e-24, nan 
-15.625, -71.875, 1.5099642661110503e-24, nan 
-15.375, -71.875, 2.4469134860154625e-24, nan 
-15.125, -71.875, 2.6072921690343053e-24, nan 
-14.875, -71.875, 2.894735878299904e-24, nan 
-14.625, -71.875, 2.0317611178839683e-24, nan 
-14.375, -71.875, 2.0530852077291642e-24, nan 
-14.125, -71.875, 2.5623285990422533e-24, nan 
-13.875, -71.875, 2.162521987553002e-24, nan 
-13.625, -71.875, 2.0909037717317485e-23, nan 
-13.375, -71.875, 2.2474344458359922e-23, nan 
-13.125, -71.875, 2.3975880699745973e-23, nan 
-12.875, -71.875, 3.115177136975316e-23, nan 
-12.625, -71.875, 2.7117195798702926e-23, nan 
-12.375, -71.875, 3.0247069124909995e-23, nan 
-12.125, -71.875, 2.9276053650794128e-24, nan 
-11.875, -71.875, 8.390803932892016e-24, nan 
-11.625, -71.875, 1.027703873794737e-23, nan 
-11.375, -71.875, 1.0061343708671614e-23, nan 
-11.125, -71.875, 1.162994918475965e-23, nan 
-10.875, -71.875, 1.2460033762248399e-23, nan 
-10.625, -71.875, 2.0332019163362854e-23, nan 
-10.375, -71.875, 1.4944512535727586e-23, nan 
-10.125, -71.875, 2.544433770423855e-23, nan 
-9.875, -71.875, 2.1848435830196585e-23, nan 
-9.625, -71.875, 2.250611318369498e-23, nan 
-9.375, -71.875, 1.9582384312329555e-23, nan 
-9.125, -71.875, 3.284428318591918e-23, nan 
-8.875, -71.875, 2.8785396134735426e-23, nan 
-8.625, -71.875, 3.1007770045838725e-23, nan 
-8.375, -71.875, 3.3209320738313055e-23, nan 
-8.125, -71.875, 2.2480524145056928e-23, nan 
-7.875, -71.875, 2.84285138583288e-23, nan 
-7.625, -71.875, 3.3929337435131535e-23, nan 
-7.375, -71.875, 2.2887782842598133e-23, nan 
-7.125, -71.875, 2.1065997918885604e-23, nan 
-6.875, -71.875, 4.2847602977774236e-23, nan 
-6.625, -71.875, 4.1975939862065537e-23, nan 
-6.375, -71.875, 4.865743490283404e-23, nan 
-6.125, -71.875, 5.883324679542178e-23, nan 
-5.875, -71.875, 5.10951840695769e-23, nan 
-5.625, -71.875, 6.44236552916869e-23, nan 
-5.375, -71.875, 9.062071585223353e-23, nan 
-5.125, -71.875, 4.1008278890130477e-23, nan 
-4.875, -71.875, 5.015258625236268e-23, nan 
-4.625, -71.875, 5.762240383977278e-23, nan 
-4.375, -71.875, 7.055925127808995e-23, nan 
-4.125, -71.875, 3.5782061819044796e-23, nan 
-3.875, -71.875, 5.169790725133108e-23, nan 
-3.625, -71.875, 7.259902905812402e-23, nan 
-3.375, -71.875, 7.788920805876683e-24, nan 
-3.125, -71.875, 2.0682395277346495e-23, nan 
-2.875, -71.875, 2.7373005138686425e-23, nan 
-2.625, -71.875, 6.769663612428578e-24, nan 
-2.375, -71.875, 5.1808225968111934e-24, nan 
-2.125, -71.875, 5.0934157329269445e-24, nan 
-1.875, -71.875, 4.1597653758380285e-24, nan 
-1.625, -71.875, 2.5014796076344838e-23, nan 
-1.375, -71.875, 4.429347992207017e-23, nan 
-1.125, -71.875, 5.0948533511414435e-23, nan 
-0.875, -71.875, 4.60253039738573e-23, nan 
-0.625, -71.875, 2.3818047799744808e-24, nan 
-0.375, -71.875, 5.615333341258479e-23, nan 
-0.125, -71.875, 5.946802909734257e-23, nan 
0.125, -71.875, 6.320668046416874e-23, nan 
0.375, -71.875, 6.157574509445299e-23, nan 
0.625, -71.875, 6.682266162950096e-23, nan 
0.875, -71.875, 6.113633445037843e-23, nan 
1.125, -71.875, 4.697296268839688e-23, nan 
1.375, -71.875, 5.539869231694574e-23, nan 
1.625, -71.875, 6.827191040235869e-23, nan 
1.875, -71.875, 8.246472223206458e-23, nan 
2.125, -71.875, 5.326371754223091e-23, nan 
2.375, -71.875, 4.433828277089982e-23, nan 
2.625, -71.875, 4.3519153667476476e-24, nan 
2.875, -71.875, 2.0052814362829756e-23, nan 
3.125, -71.875, 1.2360051407220347e-23, nan 
3.375, -71.875, 5.446592344046508e-23, nan 
3.625, -71.875, 1.5066028745391777e-23, nan 
3.875, -71.875, 3.2040550362695943e-24, nan 
4.125, -71.875, 3.835377797037278e-24, nan 
4.375, -71.875, 2.572189374494472e-24, nan 
4.625, -71.875, 4.2875636081282155e-24, nan 
4.875, -71.875, 4.8901340783688544e-24, nan 
5.125, -71.875, 4.44582301281453e-24, nan 
5.375, -71.875, 3.647281095986158e-24, nan 
5.625, -71.875, 4.708074306401094e-24, nan 
5.875, -71.875, 4.0635986973424364e-24, nan 
-42.125, -71.625, 5.09500036452606e-24, nan 
-41.875, -71.625, 8.88159571093609e-24, nan 
-41.625, -71.625, 1.3125488152449691e-23, nan 
-41.375, -71.625, 1.5807007050240776e-23, nan 
-41.125, -71.625, 2.068909798567295e-23, nan 
-40.875, -71.625, 1.621645563767414e-23, nan 
-40.625, -71.625, 1.7848653260824696e-23, nan 
-40.375, -71.625, 1.7677644045825665e-23, nan 
-40.125, -71.625, 9.04859201950922e-24, nan 
-39.875, -71.625, 1.0762818510490843e-23, nan 
-39.625, -71.625, 1.1164558303805538e-23, nan 
-39.375, -71.625, 7.36123659450966e-24, nan 
-39.125, -71.625, 5.9261896387166696e-24, nan 
-38.875, -71.625, 6.809411142132087e-24, nan 
-38.625, -71.625, 4.870531138419568e-24, nan 
-38.375, -71.625, 4.579562517967447e-24, nan 
-38.125, -71.625, 4.482308314822815e-24, nan 
-37.875, -71.625, 4.266768048088407e-24, nan 
-37.625, -71.625, 2.9431964287885034e-24, nan 
-37.375, -71.625, 3.210008075112587e-24, nan 
-37.125, -71.625, 3.9407340781230944e-24, nan 
-36.875, -71.625, 8.997056801113627e-24, nan 
-36.625, -71.625, 1.4356571742918373e-23, nan 
-36.375, -71.625, 2.4163517457599226e-23, nan 
-36.125, -71.625, 3.283733204873331e-23, nan 
-35.875, -71.625, 2.678795781147919e-23, nan 
-35.625, -71.625, 5.2438405284076265e-23, nan 
-35.375, -71.625, 5.55956291398565e-23, nan 
-35.125, -71.625, 2.7321623827281863e-23, nan 
-34.875, -71.625, 3.361236345777708e-23, nan 
-34.625, -71.625, 2.997829664015942e-23, nan 
-34.375, -71.625, 1.735605593271259e-23, nan 
-34.125, -71.625, 5.997369162102299e-24, nan 
-33.875, -71.625, 7.563008124321546e-24, nan 
-33.625, -71.625, 8.381851289203222e-24, nan 
-33.375, -71.625, 1.833735480487112e-23, nan 
-33.125, -71.625, 2.051679450076087e-23, nan 
-32.875, -71.625, 1.8563520931259745e-23, nan 
-32.625, -71.625, 2.0248341449201536e-23, nan 
-32.375, -71.625, 2.5805357573994456e-23, nan 
-32.125, -71.625, 2.678802167481532e-23, nan 
-31.875, -71.625, 2.4503688043806326e-23, nan 
-31.625, -71.625, 2.602003891788524e-23, nan 
-31.375, -71.625, 2.6658821658617125e-23, nan 
-31.125, -71.625, 4.2222858213417776e-23, nan 
-30.875, -71.625, 4.8073807763354494e-23, nan 
-30.625, -71.625, 4.9399841458340924e-23, nan 
-30.375, -71.625, 3.43807709087898e-23, nan 
-30.125, -71.625, 4.766761876181049e-23, nan 
-29.875, -71.625, 5.212463705777896e-23, nan 
-29.625, -71.625, 4.74360409430258e-23, nan 
-29.375, -71.625, 3.9462710082608984e-23, nan 
-29.125, -71.625, 4.361404873008102e-23, nan 
-28.875, -71.625, 4.507811042406924e-23, nan 
-28.625, -71.625, 3.153927644009495e-23, nan 
-28.375, -71.625, 2.966844456295976e-23, nan 
-28.125, -71.625, 2.709114088500938e-23, nan 
-27.875, -71.625, 3.8760046968018736e-23, nan 
-27.625, -71.625, 4.533292211044346e-23, nan 
-27.375, -71.625, 4.528113323455009e-23, nan 
-27.125, -71.625, 3.646669479335758e-23, nan 
-26.875, -71.625, 3.701638201938612e-23, nan 
-26.625, -71.625, 4.1112947202496404e-23, nan 
-26.375, -71.625, 2.984441712993367e-23, nan 
-26.125, -71.625, 2.1144511575064833e-23, nan 
-25.875, -71.625, 1.0760667559225496e-23, nan 
-25.625, -71.625, 8.920790157960048e-24, nan 
-25.375, -71.625, 1.3246098211367896e-23, nan 
-25.125, -71.625, 1.572557250400802e-23, nan 
-24.875, -71.625, 1.1805325257485617e-23, nan 
-24.625, -71.625, 7.04056576073308e-24, nan 
-24.375, -71.625, 1.7636975527415373e-23, nan 
-24.125, -71.625, 2.1524996720580894e-23, nan 
-23.875, -71.625, 1.9486948731620237e-23, nan 
-23.625, -71.625, 1.72004793580983e-23, nan 
-23.375, -71.625, 1.1916684950823194e-23, nan 
-23.125, -71.625, 7.318237595961574e-24, nan 
-22.875, -71.625, 1.1567210828929492e-23, nan 
-22.625, -71.625, 2.7908269370203017e-24, nan 
-22.375, -71.625, 2.8977874746649168e-24, nan 
-22.125, -71.625, 3.7265285862901326e-24, nan 
-21.875, -71.625, 5.6214210444324505e-24, nan 
-21.625, -71.625, 9.084792855410985e-24, nan 
-21.375, -71.625, 9.100689945625406e-24, nan 
-21.125, -71.625, 1.1547373815563992e-23, nan 
-20.875, -71.625, 8.454832930087095e-24, nan 
-20.625, -71.625, 8.38074037193776e-24, nan 
-20.375, -71.625, 9.94023909882102e-24, nan 
-20.125, -71.625, 1.8920604905936484e-23, nan 
-19.875, -71.625, 2.322941549040624e-23, nan 
-19.625, -71.625, 2.607167780798672e-23, nan 
-19.375, -71.625, 2.9616262856304703e-23, nan 
-19.125, -71.625, 1.3342209833770768e-23, nan 
-18.875, -71.625, 9.892699196576138e-24, nan 
-18.625, -71.625, 1.2531712703737192e-23, nan 
-18.375, -71.625, 8.799284373146647e-24, nan 
-18.125, -71.625, 6.318079508360802e-24, nan 
-17.875, -71.625, 9.43364104240848e-24, nan 
-17.625, -71.625, 1.2308512226713034e-23, nan 
-17.375, -71.625, 1.1346415016194749e-23, nan 
-17.125, -71.625, 1.1150847953878272e-23, nan 
-16.875, -71.625, 1.1501916112711082e-23, nan 
-16.625, -71.625, 1.455577115112256e-23, nan 
-16.375, -71.625, 1.3687192348771406e-23, nan 
-16.125, -71.625, 1.3471693913052755e-23, nan 
-15.875, -71.625, 6.13098744871046e-24, nan 
-15.625, -71.625, 4.4020619566429004e-24, nan 
-15.375, -71.625, 4.272084170988493e-24, nan 
-15.125, -71.625, 2.73720204435733e-24, nan 
-14.875, -71.625, 2.451619782323354e-24, nan 
-14.625, -71.625, 1.4593796910411223e-24, nan 
-14.375, -71.625, 1.1250582480275244e-24, nan 
-14.125, -71.625, 3.341823995924045e-24, nan 
-13.875, -71.625, 6.092336820190838e-24, nan 
-13.625, -71.625, 1.1276937734166328e-23, nan 
-13.375, -71.625, 2.4082667837147453e-23, nan 
-13.125, -71.625, 2.3408364904457225e-23, nan 
-12.875, -71.625, 2.384917197347597e-23, nan 
-12.625, -71.625, 3.201614097220063e-23, nan 
-12.375, -71.625, 3.165614107697081e-23, nan 
-12.125, -71.625, 2.548325579765405e-23, nan 
-11.875, -71.625, 2.0920907293637087e-23, nan 
-11.625, -71.625, 2.338365569063998e-23, nan 
-11.375, -71.625, 2.4637988599301883e-23, nan 
-11.125, -71.625, 1.928031331435415e-23, nan 
-10.875, -71.625, 1.7239308861867836e-23, nan 
-10.625, -71.625, 3.139781599944162e-23, nan 
-10.375, -71.625, 2.6064933881144408e-23, nan 
-10.125, -71.625, 2.711502167137634e-23, nan 
-9.875, -71.625, 1.3778883959527367e-23, nan 
-9.625, -71.625, 1.8847777118047842e-23, nan 
-9.375, -71.625, 1.697518219221969e-23, nan 
-9.125, -71.625, 1.5180480620888055e-23, nan 
-8.875, -71.625, 2.42523303289498e-23, nan 
-8.625, -71.625, 2.6230873359001274e-23, nan 
-8.375, -71.625, 2.8130397297898855e-23, nan 
-8.125, -71.625, 2.250054453540444e-23, nan 
-7.875, -71.625, 1.8991896909982551e-23, nan 
-7.625, -71.625, 7.679799332300895e-24, nan 
-7.375, -71.625, 1.3802009238353032e-23, nan 
-7.125, -71.625, 2.977071312526239e-23, nan 
-6.875, -71.625, 2.8777859296294644e-23, nan 
-6.625, -71.625, 3.0447774723747745e-23, nan 
-6.375, -71.625, 3.354562662676629e-23, nan 
-6.125, -71.625, 2.0780400974865612e-24, nan 
-5.875, -71.625, 6.200388619060447e-25, nan 
-5.625, -71.625, 1.4235941232889377e-23, nan 
-5.375, -71.625, 4.78021118103786e-23, nan 
-5.125, -71.625, 3.0730852015064596e-23, nan 
-4.875, -71.625, 3.017174591605205e-23, nan 
-4.625, -71.625, 2.3917092068204927e-23, nan 
-4.375, -71.625, 3.2825570465450606e-23, nan 
-4.125, -71.625, 5.611153835578051e-24, nan 
-3.875, -71.625, 1.7347883039367148e-23, nan 
-3.625, -71.625, 2.4749770068177305e-23, nan 
-3.375, -71.625, 2.660764404541679e-24, nan 
-3.125, -71.625, 3.449165684749857e-24, nan 
-2.875, -71.625, 4.831014408791199e-24, nan 
-2.625, -71.625, 4.897854899572741e-24, nan 
-2.375, -71.625, 3.735164709588695e-24, nan 
-2.125, -71.625, 8.839070383001879e-24, nan 
-1.875, -71.625, 5.791315192943379e-24, nan 
-1.625, -71.625, 4.3582197851581823e-23, nan 
-1.375, -71.625, 3.9376515537966585e-24, nan 
-1.125, -71.625, 6.837233536420326e-23, nan 
-0.875, -71.625, 7.376354670857375e-23, nan 
-0.625, -71.625, 9.746166105719844e-23, nan 
-0.375, -71.625, 9.885636230323558e-23, nan 
-0.125, -71.625, 7.464959721245952e-23, nan 
0.125, -71.625, 1.1091694588901298e-22, nan 
0.375, -71.625, 8.130501548331018e-23, nan 
0.625, -71.625, 9.491470220221585e-23, nan 
0.875, -71.625, 6.974698812312368e-23, nan 
1.125, -71.625, 6.329561687328864e-23, nan 
1.375, -71.625, 8.59288252659392e-23, nan 
1.625, -71.625, 6.07497792918601e-23, nan 
1.875, -71.625, 9.967403956334105e-23, nan 
2.125, -71.625, 9.014530443315555e-23, nan 
2.375, -71.625, 6.775824627083564e-23, nan 
2.625, -71.625, 8.823087839902485e-23, nan 
2.875, -71.625, 9.121232336378077e-23, nan 
3.125, -71.625, 5.06072770777863e-23, nan 
3.375, -71.625, 6.301933602374836e-24, nan 
3.625, -71.625, 4.527993575777671e-24, nan 
3.875, -71.625, 4.214164422428387e-24, nan 
4.125, -71.625, 1.2253379625366349e-23, nan 
4.375, -71.625, 5.844130731836318e-24, nan 
4.625, -71.625, 4.962160013636227e-24, nan 
4.875, -71.625, 3.744935014006665e-24, nan 
5.125, -71.625, 3.8837268188824626e-24, nan 
5.375, -71.625, 4.103539805198873e-24, nan 
5.625, -71.625, 2.921295731950366e-24, nan 
5.875, -71.625, 4.376593039295047e-24, nan 
-41.625, -71.375, 2.4276471896706012e-23, nan 
-41.375, -71.375, 1.762824570727335e-23, nan 
-41.125, -71.375, 2.7152057389478684e-23, nan 
-40.875, -71.375, 2.7927158427597226e-23, nan 
-40.625, -71.375, 1.2327233449493788e-23, nan 
-40.375, -71.375, 4.387382546286981e-24, nan 
-40.125, -71.375, 6.268744685010907e-24, nan 
-39.875, -71.375, 8.924852958993785e-24, nan 
-39.625, -71.375, 8.935767214920859e-24, nan 
-39.375, -71.375, 8.279631492471496e-24, nan 
-39.125, -71.375, 6.903282364894393e-24, nan 
-38.875, -71.375, 6.873572669526481e-24, nan 
-38.625, -71.375, 7.179409300475395e-24, nan 
-38.375, -71.375, 6.346021508734403e-24, nan 
-38.125, -71.375, 4.842559577017073e-24, nan 
-37.875, -71.375, 3.1495589171216686e-24, nan 
-37.625, -71.375, 3.577759200542186e-24, nan 
-37.375, -71.375, 2.245736488638274e-24, nan 
-37.125, -71.375, 4.294825125254577e-24, nan 
-36.875, -71.375, 5.4046668471116526e-24, nan 
-36.625, -71.375, 6.5298388051770615e-24, nan 
-36.375, -71.375, 8.29445596196572e-24, nan 
-36.125, -71.375, 6.997612403251358e-24, nan 
-35.875, -71.375, 2.169356150801749e-23, nan 
-35.625, -71.375, 3.241230614087704e-23, nan 
-35.375, -71.375, 3.228592452671033e-23, nan 
-35.125, -71.375, 2.120672508999793e-23, nan 
-34.875, -71.375, 5.4139664681010264e-24, nan 
-34.625, -71.375, 4.5972567617026316e-24, nan 
-34.375, -71.375, 4.773413438594662e-24, nan 
-34.125, -71.375, 5.5027769149657136e-24, nan 
-33.875, -71.375, 3.784957793269888e-24, nan 
-33.625, -71.375, 2.8858203671080487e-24, nan 
-33.375, -71.375, 9.910259773953227e-24, nan 
-33.125, -71.375, 7.45057783048598e-24, nan 
-32.875, -71.375, 2.3140993106288887e-24, nan 
-32.625, -71.375, 1.2760537630925117e-23, nan 
-32.375, -71.375, 1.7322199651428623e-23, nan 
-32.125, -71.375, 1.8668335611417377e-23, nan 
-31.875, -71.375, 2.3832635449126107e-23, nan 
-31.625, -71.375, 2.847736796886519e-23, nan 
-31.375, -71.375, 3.0774531144032114e-23, nan 
-31.125, -71.375, 3.185000020110253e-23, nan 
-30.875, -71.375, 3.6249403157533224e-23, nan 
-30.625, -71.375, 4.116457668628297e-23, nan 
-30.375, -71.375, 4.4730671349223686e-23, nan 
-30.125, -71.375, 5.93761310691018e-23, nan 
-29.875, -71.375, 4.743724936585997e-23, nan 
-29.625, -71.375, 4.832855162973284e-23, nan 
-29.375, -71.375, 4.8140313064561106e-23, nan 
-29.125, -71.375, 3.1035722615678696e-23, nan 
-28.875, -71.375, 7.521440678556674e-24, nan 
-28.625, -71.375, 5.3877189896452976e-24, nan 
-28.375, -71.375, 3.392811654197019e-24, nan 
-28.125, -71.375, 3.8868484369076696e-24, nan 
-27.875, -71.375, 1.2320920223834591e-23, nan 
-27.625, -71.375, 3.045188112164375e-23, nan 
-27.375, -71.375, 2.762473800340235e-23, nan 
-27.125, -71.375, 2.8071749434705183e-23, nan 
-26.875, -71.375, 3.6212060929697774e-23, nan 
-26.625, -71.375, 4.1933752222343137e-23, nan 
-26.375, -71.375, 3.1200425685097146e-23, nan 
-26.125, -71.375, 1.9104379603765377e-23, nan 
-25.875, -71.375, 1.8348282529950852e-23, nan 
-25.625, -71.375, 1.1913002279855104e-23, nan 
-25.375, -71.375, 9.440873330993473e-24, nan 
-25.125, -71.375, 7.717213763746496e-24, nan 
-24.875, -71.375, 5.829727634196122e-24, nan 
-24.625, -71.375, 5.6452455166718616e-24, nan 
-24.375, -71.375, 1.2539336023092467e-23, nan 
-24.125, -71.375, 1.295713769237054e-23, nan 
-23.875, -71.375, 9.848257263892257e-24, nan 
-23.625, -71.375, 8.135081295976114e-24, nan 
-23.375, -71.375, 8.510151144902634e-24, nan 
-23.125, -71.375, 7.553171938074239e-24, nan 
-22.875, -71.375, 3.371276164114568e-24, nan 
-22.625, -71.375, 2.8497705853221238e-24, nan 
-22.375, -71.375, 7.558204856041331e-24, nan 
-22.125, -71.375, 7.298226813653724e-24, nan 
-21.875, -71.375, 7.828491559276948e-24, nan 
-21.625, -71.375, 1.0976942121660954e-23, nan 
-21.375, -71.375, 1.2431893923943287e-23, nan 
-21.125, -71.375, 1.5969425447419755e-23, nan 
-20.875, -71.375, 1.517647396183372e-23, nan 
-20.625, -71.375, 2.2576977936374004e-23, nan 
-20.375, -71.375, 2.768566548327834e-23, nan 
-20.125, -71.375, 2.7392762274176064e-23, nan 
-19.875, -71.375, 3.2694102732937954e-23, nan 
-19.625, -71.375, 4.658429559729358e-23, nan 
-19.375, -71.375, 4.7886771989108486e-23, nan 
-19.125, -71.375, 2.6568123669064994e-23, nan 
-18.875, -71.375, 3.4565513541812e-23, nan 
-18.625, -71.375, 3.842585157166231e-23, nan 
-18.375, -71.375, 1.769100003452685e-23, nan 
-18.125, -71.375, 8.87316555464179e-24, nan 
-17.875, -71.375, 8.986551261424926e-24, nan 
-17.625, -71.375, 1.0130470281363521e-23, nan 
-17.375, -71.375, 6.830853248889693e-24, nan 
-17.125, -71.375, 8.580905976299574e-24, nan 
-16.875, -71.375, 1.1213361470835205e-23, nan 
-16.625, -71.375, 2.0814358718585404e-23, nan 
-16.375, -71.375, 2.1998931395780723e-23, nan 
-16.125, -71.375, 2.1840971895607855e-23, nan 
-15.875, -71.375, 2.0628793220239558e-23, nan 
-15.625, -71.375, 1.8832133726239522e-23, nan 
-15.375, -71.375, 1.919591211471161e-23, nan 
-15.125, -71.375, 5.614210778666955e-24, nan 
-14.875, -71.375, 3.015679075161825e-24, nan 
-14.625, -71.375, 2.525561195276223e-24, nan 
-14.375, -71.375, 6.526363781267154e-24, nan 
-14.125, -71.375, 9.403395893121388e-24, nan 
-13.875, -71.375, 8.241725834974737e-24, nan 
-13.625, -71.375, 1.0721104402171413e-23, nan 
-13.375, -71.375, 1.3870874140333103e-23, nan 
-13.125, -71.375, 1.330765497167232e-23, nan 
-12.875, -71.375, 8.116585748481798e-24, nan 
-12.625, -71.375, 2.3688201776337552e-23, nan 
-12.375, -71.375, 2.4116118409873672e-23, nan 
-12.125, -71.375, 2.5465041567707304e-23, nan 
-11.875, -71.375, 2.958869172598745e-23, nan 
-11.625, -71.375, 3.0361409993060504e-23, nan 
-11.375, -71.375, 1.69042304081728e-23, nan 
-11.125, -71.375, 2.5190226498052445e-23, nan 
-10.875, -71.375, 2.141196053786277e-23, nan 
-10.625, -71.375, 1.3267220776073025e-23, nan 
-10.375, -71.375, 1.7606308425142945e-23, nan 
-10.125, -71.375, 1.356356740411341e-23, nan 
-9.875, -71.375, 2.0702069951161218e-24, nan 
-9.625, -71.375, 6.4529003076434966e-24, nan 
-9.375, -71.375, 6.958573391954807e-24, nan 
-9.125, -71.375, 2.6431167507850745e-24, nan 
-8.875, -71.375, 3.0651804583999782e-24, nan 
-8.625, -71.375, 3.2959949286185072e-24, nan 
-8.375, -71.375, 4.183845255983285e-24, nan 
-8.125, -71.375, 4.168680905069948e-24, nan 
-7.875, -71.375, 2.435693428375294e-24, nan 
-7.625, -71.375, 2.4687840790397607e-24, nan 
-7.375, -71.375, 5.2026632516732385e-24, nan 
-7.125, -71.375, 1.6786049246566037e-23, nan 
-6.875, -71.375, 2.2836305337357088e-24, nan 
-6.625, -71.375, 9.96651620655168e-25, nan 
-6.375, -71.375, 9.203800590369221e-25, nan 
-6.125, -71.375, 1.1104250659954215e-24, nan 
-5.875, -71.375, 1.4160279929433452e-24, nan 
-5.625, -71.375, 1.2965521147045744e-24, nan 
-5.375, -71.375, 1.2197639446726868e-24, nan 
-5.125, -71.375, 1.6984402359870187e-24, nan 
-4.875, -71.375, 4.920235901062275e-24, nan 
-4.625, -71.375, 1.867699263013601e-24, nan 
-4.375, -71.375, 2.2920091540118192e-24, nan 
-4.125, -71.375, 3.6530336028026614e-24, nan 
-3.875, -71.375, 3.1854062615747185e-24, nan 
-3.625, -71.375, 4.355940338311684e-24, nan 
-3.375, -71.375, 4.995304890554058e-24, nan 
-3.125, -71.375, 4.125410290086529e-24, nan 
-2.875, -71.375, 1.3142803640796359e-23, nan 
-2.625, -71.375, 9.979892732988143e-24, nan 
-2.375, -71.375, 5.938657287906104e-24, nan 
-2.125, -71.375, 1.9261379572143138e-23, nan 
-1.875, -71.375, 1.440228094743655e-23, nan 
-1.625, -71.375, 1.5760309099396135e-23, nan 
-1.375, -71.375, 6.675729392224061e-23, nan 
-1.125, -71.375, 7.525408732560818e-23, nan 
-0.875, -71.375, 7.562457332687125e-23, nan 
-0.625, -71.375, 1.0843712470797623e-22, nan 
-0.375, -71.375, 8.651104999627852e-23, nan 
-0.125, -71.375, 6.875066986606578e-23, nan 
0.125, -71.375, 1.9786155180109664e-23, nan 
0.375, -71.375, 3.322468771773403e-23, nan 
0.625, -71.375, 3.6001101712481395e-23, nan 
0.875, -71.375, 5.993173400433236e-23, nan 
1.125, -71.375, 6.072768470776823e-23, nan 
1.375, -71.375, 6.495040526012692e-23, nan 
1.625, -71.375, 1.2305682264762228e-22, nan 
1.875, -71.375, 1.3747603324077283e-22, nan 
2.125, -71.375, 5.339459192238844e-23, nan 
2.375, -71.375, 7.147971641040378e-23, nan 
2.625, -71.375, 1.323214125329675e-22, nan 
2.875, -71.375, 1.2164763991723864e-22, nan 
3.125, -71.375, 6.14167305379989e-23, nan 
3.375, -71.375, 7.710529647942221e-23, nan 
3.625, -71.375, 8.196030052656437e-23, nan 
3.875, -71.375, 1.3179097825381853e-23, nan 
4.125, -71.375, 2.2019406124273046e-23, nan 
4.375, -71.375, 8.293116092147365e-24, nan 
4.625, -71.375, 6.0930834546008265e-24, nan 
4.875, -71.375, 1.0843214445680621e-23, nan 
5.125, -71.375, 5.0976890791606795e-24, nan 
5.375, -71.375, 5.255659604108887e-24, nan 
5.625, -71.375, 6.292838593812309e-24, nan 
5.875, -71.375, 9.365565502410583e-24, nan 
6.125, -71.375, 8.166310453342543e-24, nan 
-41.125, -71.125, 3.127223151259034e-23, nan 
-40.875, -71.125, 3.118079131432393e-23, nan 
-40.625, -71.125, 1.4218797244289343e-23, nan 
-40.375, -71.125, 5.977060190831251e-24, nan 
-40.125, -71.125, 7.993846636220819e-24, nan 
-39.875, -71.125, 6.4686886285825706e-24, nan 
-39.625, -71.125, 4.949297843471093e-24, nan 
-39.375, -71.125, 4.938041631638671e-24, nan 
-39.125, -71.125, 4.200864040585296e-24, nan 
-38.875, -71.125, 7.284853833308695e-24, nan 
-38.625, -71.125, 8.172125807663496e-24, nan 
-38.375, -71.125, 5.216771477112843e-24, nan 
-38.125, -71.125, 6.3468389985489164e-24, nan 
-37.875, -71.125, 5.406411382660224e-24, nan 
-37.625, -71.125, 4.541289852402831e-24, nan 
-37.375, -71.125, 3.4377708323541885e-24, nan 
-37.125, -71.125, 5.33531417954143e-24, nan 
-36.875, -71.125, 4.4819014421530635e-24, nan 
-36.625, -71.125, 5.684877090732431e-24, nan 
-36.375, -71.125, 5.064824345839148e-24, nan 
-36.125, -71.125, 4.528399466661118e-24, nan 
-35.875, -71.125, 4.764117059365524e-24, nan 
-35.625, -71.125, 4.686484670857653e-24, nan 
-35.375, -71.125, 4.590708662535443e-24, nan 
-35.125, -71.125, 5.5002863893496804e-24, nan 
-34.875, -71.125, 4.316057296479902e-24, nan 
-34.625, -71.125, 5.229624008617326e-24, nan 
-34.375, -71.125, 7.23968837234557e-24, nan 
-34.125, -71.125, 5.558298640650044e-24, nan 
-33.875, -71.125, 3.9936440305330415e-24, nan 
-33.625, -71.125, 2.1967068541914116e-24, nan 
-33.375, -71.125, 8.159028132153841e-24, nan 
-33.125, -71.125, 6.302268717989183e-24, nan 
-32.875, -71.125, 2.983433042748556e-24, nan 
-32.625, -71.125, 3.3989356974756786e-24, nan 
-32.375, -71.125, 4.105028547078416e-24, nan 
-32.125, -71.125, 4.465147015425951e-24, nan 
-31.875, -71.125, 6.836799004341444e-24, nan 
-31.625, -71.125, 1.0712590861096539e-23, nan 
-31.375, -71.125, 1.245064695174202e-23, nan 
-31.125, -71.125, 8.253122681617166e-24, nan 
-30.875, -71.125, 3.1973629298077024e-23, nan 
-30.625, -71.125, 4.419324860001722e-23, nan 
-30.375, -71.125, 3.508258302929097e-23, nan 
-30.125, -71.125, 6.176636699381083e-23, nan 
-29.875, -71.125, 6.986347608945247e-23, nan 
-29.625, -71.125, 4.872119563618129e-23, nan 
-29.375, -71.125, 4.304888843366961e-23, nan 
-29.125, -71.125, 4.0761968717968445e-23, nan 
-28.875, -71.125, 3.9614187535263843e-23, nan 
-28.625, -71.125, 3.8435503779812434e-23, nan 
-28.375, -71.125, 3.1876810393018653e-23, nan 
-28.125, -71.125, 3.2387254645374105e-23, nan 
-27.875, -71.125, 4.095975099810833e-23, nan 
-27.625, -71.125, 6.486899113221706e-23, nan 
-27.375, -71.125, 6.263198469008171e-23, nan 
-27.125, -71.125, 4.7009402685077436e-23, nan 
-26.875, -71.125, 5.364400074513382e-23, nan 
-26.625, -71.125, 5.609656705458367e-23, nan 
-26.375, -71.125, 4.034875381543144e-23, nan 
-26.125, -71.125, 1.2081644990222704e-23, nan 
-25.875, -71.125, 7.756630902543595e-24, nan 
-25.625, -71.125, 1.1794751416236783e-23, nan 
-25.375, -71.125, 1.053227745359456e-23, nan 
-25.125, -71.125, 8.664177627621728e-24, nan 
-24.875, -71.125, 8.623789775604481e-24, nan 
-24.625, -71.125, 7.030465752536202e-24, nan 
-24.375, -71.125, 6.5782673837099144e-24, nan 
-24.125, -71.125, 7.488440903922448e-24, nan 
-23.875, -71.125, 5.975050917106164e-24, nan 
-23.625, -71.125, 4.295596482547386e-24, nan 
-23.375, -71.125, 7.222465377692445e-24, nan 
-23.125, -71.125, 5.5239214791757355e-24, nan 
-22.875, -71.125, 4.4469163263141616e-24, nan 
-22.625, -71.125, 4.5183366565288546e-24, nan 
-22.375, -71.125, 8.614373772293423e-24, nan 
-22.125, -71.125, 9.650104486715124e-24, nan 
-21.875, -71.125, 8.962072717692963e-24, nan 
-21.625, -71.125, 6.236470493825053e-24, nan 
-21.375, -71.125, 1.1242194649635715e-23, nan 
-21.125, -71.125, 1.065732056150371e-23, nan 
-20.875, -71.125, 7.155664485079617e-24, nan 
-20.625, -71.125, 1.5781684518583225e-23, nan 
-20.375, -71.125, 2.864354052828604e-23, nan 
-20.125, -71.125, 3.048885572660786e-23, nan 
-19.875, -71.125, 1.587848343792436e-23, nan 
-19.625, -71.125, 3.517474980516766e-23, nan 
-19.375, -71.125, 4.4019786912054605e-23, nan 
-19.125, -71.125, 3.0966044744344726e-23, nan 
-18.875, -71.125, 2.988234289278127e-23, nan 
-18.625, -71.125, 3.6419303093371324e-23, nan 
-18.375, -71.125, 3.017000436934513e-23, nan 
-18.125, -71.125, 3.5708745462632256e-23, nan 
-17.875, -71.125, 3.526911662362584e-23, nan 
-17.625, -71.125, 1.0404153400320803e-23, nan 
-17.375, -71.125, 7.716200999384695e-24, nan 
-17.125, -71.125, 6.655456911985394e-24, nan 
-16.875, -71.125, 5.307766786125561e-23, nan 
-16.625, -71.125, 5.525290590181669e-23, nan 
-16.375, -71.125, 5.631083276596853e-23, nan 
-16.125, -71.125, 3.129501830347005e-23, nan 
-15.875, -71.125, 3.190359060260353e-23, nan 
-15.625, -71.125, 2.83367279292188e-23, nan 
-15.375, -71.125, 2.5519019290118853e-23, nan 
-15.125, -71.125, 2.0062802516690696e-23, nan 
-14.875, -71.125, 1.1632705545609863e-23, nan 
-14.625, -71.125, 9.581612652454085e-24, nan 
-14.375, -71.125, 7.398976496399305e-24, nan 
-14.125, -71.125, 9.770037145094092e-24, nan 
-13.875, -71.125, 5.2018688804103696e-24, nan 
-13.625, -71.125, 6.3153833767593294e-24, nan 
-13.375, -71.125, 1.0069337928299456e-23, nan 
-13.125, -71.125, 1.1337216820140874e-23, nan 
-12.875, -71.125, 2.1604429809227574e-23, nan 
-12.625, -71.125, 1.0859335589250638e-23, nan 
-12.375, -71.125, 1.172676888917211e-23, nan 
-12.125, -71.125, 3.083372421435259e-23, nan 
-11.875, -71.125, 1.956620711346821e-23, nan 
-11.625, -71.125, 1.9052867394420746e-23, nan 
-11.375, -71.125, 1.7861622069443067e-23, nan 
-11.125, -71.125, 2.5185229972704325e-23, nan 
-10.875, -71.125, 2.0701880912475378e-23, nan 
-10.625, -71.125, 8.347583842298025e-24, nan 
-10.375, -71.125, 1.2002136106166757e-23, nan 
-10.125, -71.125, 1.0291162412610835e-23, nan 
-9.875, -71.125, 2.2703143423942833e-24, nan 
-9.625, -71.125, 1.5318885907136e-24, nan 
-9.375, -71.125, 1.91595013302826e-24, nan 
-9.125, -71.125, 1.8243062545546445e-24, nan 
-8.875, -71.125, 2.7444615894183406e-24, nan 
-8.625, -71.125, 4.453854505535981e-24, nan 
-8.375, -71.125, 4.771267885677808e-24, nan 
-8.125, -71.125, 5.9681684380649264e-24, nan 
-7.875, -71.125, 4.324816978832015e-24, nan 
-7.625, -71.125, 5.373211575455456e-24, nan 
-7.375, -71.125, 1.9431457026825595e-23, nan 
-7.125, -71.125, 6.0139053660699104e-24, nan 
-6.875, -71.125, 2.2054298468443413e-24, nan 
-6.625, -71.125, 1.7297009217065872e-24, nan 
-6.375, -71.125, 1.9652238648032194e-24, nan 
-6.125, -71.125, 2.2823083607622947e-24, nan 
-5.875, -71.125, 2.492901981891947e-24, nan 
-5.625, -71.125, 4.0450981041221904e-24, nan 
-5.375, -71.125, 4.46116692130876e-24, nan 
-5.125, -71.125, 6.260034474284456e-24, nan 
-4.875, -71.125, 4.946842107830027e-24, nan 
-4.625, -71.125, 3.982305506458957e-24, nan 
-4.375, -71.125, 3.3766766360711874e-24, nan 
-4.125, -71.125, 6.927649391900214e-24, nan 
-3.875, -71.125, 7.629587825348589e-24, nan 
-3.625, -71.125, 6.232431621805456e-23, nan 
-3.375, -71.125, 1.7285133434048495e-23, nan 
-3.125, -71.125, 2.9204280949626736e-23, nan 
-2.875, -71.125, 1.9095769797415583e-23, nan 
-2.625, -71.125, 4.4530874922736826e-23, nan 
-2.375, -71.125, 4.25228328946719e-23, nan 
-2.125, -71.125, 2.431465996849816e-23, nan 
-1.875, -71.125, 1.601352437489051e-23, nan 
-1.625, -71.125, 8.13611043595687e-24, nan 
-1.375, -71.125, 2.5496613998391208e-23, nan 
-1.125, -71.125, 4.652085567746462e-23, nan 
-0.875, -71.125, 1.003276575907182e-22, nan 
-0.625, -71.125, 1.0526739678012051e-22, nan 
-0.375, -71.125, 9.189099202663907e-23, nan 
-0.125, -71.125, 1.1702082963124393e-22, nan 
0.125, -71.125, 8.832016233156399e-23, nan 
0.375, -71.125, 6.740184143591349e-23, nan 
0.625, -71.125, 4.1078120932392237e-23, nan 
0.875, -71.125, 2.983487993931598e-23, nan 
1.125, -71.125, 5.299249038110736e-23, nan 
1.375, -71.125, 1.2727372696209054e-22, nan 
1.625, -71.125, 1.6580711866355517e-22, nan 
1.875, -71.125, 1.3016593758196203e-22, nan 
2.125, -71.125, 6.99168239403537e-23, nan 
2.375, -71.125, 9.889801067234085e-23, nan 
2.625, -71.125, 8.128772702864522e-23, nan 
2.875, -71.125, 8.234486510109831e-23, nan 
3.125, -71.125, 6.916747838309214e-23, nan 
3.375, -71.125, 8.975617329518004e-23, nan 
3.625, -71.125, 1.0074446658538196e-22, nan 
3.875, -71.125, 9.785280486110552e-23, nan 
4.125, -71.125, 7.711124249593392e-23, nan 
4.375, -71.125, 6.408771696148485e-24, nan 
4.625, -71.125, 6.923170314027682e-24, nan 
4.875, -71.125, 6.026448760545793e-24, nan 
5.125, -71.125, 9.177654210274153e-24, nan 
5.375, -71.125, 1.1748954196916646e-23, nan 
5.625, -71.125, 1.2482835141113507e-23, nan 
5.875, -71.125, 1.3887674601266391e-23, nan 
6.125, -71.125, 1.9026880311924974e-23, nan 
-40.875, -70.875, 2.872520998539965e-23, nan 
-40.625, -70.875, 1.1145318522799511e-23, nan 
-40.375, -70.875, 7.931720606850087e-24, nan 
-40.125, -70.875, 1.3462139779088534e-23, nan 
-39.875, -70.875, 1.0985005177477321e-23, nan 
-39.625, -70.875, 6.1963378916632675e-24, nan 
-39.375, -70.875, 4.4383121218396126e-24, nan 
-39.125, -70.875, 5.870026809277772e-24, nan 
-38.875, -70.875, 7.436877070770645e-24, nan 
-38.625, -70.875, 8.823013988291781e-24, nan 
-38.375, -70.875, 6.2218565287914325e-24, nan 
-38.125, -70.875, 9.42042678716501e-24, nan 
-37.875, -70.875, 9.372897002400877e-24, nan 
-37.625, -70.875, 5.3742951108655735e-24, nan 
-37.375, -70.875, 5.7557509738529025e-24, nan 
-37.125, -70.875, 9.380646887975736e-24, nan 
-36.875, -70.875, 7.198488980141087e-24, nan 
-36.625, -70.875, 6.315486070918304e-24, nan 
-36.375, -70.875, 9.676436549603435e-24, nan 
-36.125, -70.875, 7.259909406291602e-24, nan 
-35.875, -70.875, 1.8678020623649257e-24, nan 
-35.625, -70.875, 3.4017670460089126e-24, nan 
-35.375, -70.875, 2.212724631665671e-24, nan 
-35.125, -70.875, 2.2187318800322622e-24, nan 
-34.875, -70.875, 1.0233212423955073e-24, nan 
-34.625, -70.875, 2.7848357478690235e-24, nan 
-34.375, -70.875, 7.933033437396112e-24, nan 
-34.125, -70.875, 1.1015837577415785e-23, nan 
-33.875, -70.875, 7.213425001634954e-24, nan 
-33.625, -70.875, 5.871916418441046e-24, nan 
-33.375, -70.875, 1.1587357683702332e-23, nan 
-33.125, -70.875, 7.669415367242123e-24, nan 
-32.875, -70.875, 4.6679334480077445e-24, nan 
-32.625, -70.875, 4.3007150754873765e-24, nan 
-32.375, -70.875, 4.5807842793335126e-24, nan 
-32.125, -70.875, 4.423490761213186e-24, nan 
-31.875, -70.875, 7.418218986446145e-24, nan 
-31.625, -70.875, 9.41627843328824e-24, nan 
-31.375, -70.875, 1.1437037990097663e-23, nan 
-31.125, -70.875, 1.3479166145653585e-23, nan 
-30.875, -70.875, 1.1615694202315595e-23, nan 
-30.625, -70.875, 1.2963765313353601e-23, nan 
-30.375, -70.875, 2.135739490004796e-23, nan 
-30.125, -70.875, 3.3491565141744746e-23, nan 
-29.875, -70.875, 4.823031837854301e-23, nan 
-29.625, -70.875, 5.1198305390733886e-23, nan 
-29.375, -70.875, 3.710445970352888e-23, nan 
-29.125, -70.875, 4.5703609854257954e-23, nan 
-28.875, -70.875, 4.403155521201262e-23, nan 
-28.625, -70.875, 4.1248774782872965e-23, nan 
-28.375, -70.875, 3.971172344542454e-23, nan 
-28.125, -70.875, 3.687803705031143e-23, nan 
-27.875, -70.875, 4.139085096632073e-23, nan 
-27.625, -70.875, 4.6096769479604805e-23, nan 
-27.375, -70.875, 4.2752000143870513e-23, nan 
-27.125, -70.875, 3.13292919322482e-23, nan 
-26.875, -70.875, 1.240335009778593e-23, nan 
-26.625, -70.875, 1.3991471220604734e-23, nan 
-26.375, -70.875, 1.658065239388732e-23, nan 
-26.125, -70.875, 1.0488689016609824e-23, nan 
-25.875, -70.875, 4.7075747277764824e-24, nan 
-25.625, -70.875, 5.297976364488916e-24, nan 
-25.375, -70.875, 4.788854388177083e-24, nan 
-25.125, -70.875, 3.8437132307245834e-24, nan 
-24.875, -70.875, 5.87620394387934e-24, nan 
-24.625, -70.875, 3.720389050354965e-24, nan 
-24.375, -70.875, 4.518434017125629e-24, nan 
-24.125, -70.875, 6.851061948577092e-24, nan 
-23.875, -70.875, 3.744115570878307e-24, nan 
-23.625, -70.875, 7.23005757786364e-24, nan 
-23.375, -70.875, 9.654787745728468e-24, nan 
-23.125, -70.875, 1.0563997237919386e-23, nan 
-22.875, -70.875, 7.157707773585871e-24, nan 
-22.625, -70.875, 9.134124995063558e-24, nan 
-22.375, -70.875, 1.215527992358496e-23, nan 
-22.125, -70.875, 9.477340442861342e-24, nan 
-21.875, -70.875, 8.069781725675177e-24, nan 
-21.625, -70.875, 2.7352631990696993e-24, nan 
-21.375, -70.875, 1.4937022636779498e-23, nan 
-21.125, -70.875, 1.5612357486624992e-23, nan 
-20.875, -70.875, 1.398404594417902e-23, nan 
-20.625, -70.875, 1.78474075890115e-23, nan 
-20.375, -70.875, 1.5455463064612086e-23, nan 
-20.125, -70.875, 2.0763930094990053e-23, nan 
-19.875, -70.875, 1.8546021032555545e-23, nan 
-19.625, -70.875, 2.1408697792038603e-23, nan 
-19.375, -70.875, 4.0836643146931036e-23, nan 
-19.125, -70.875, 5.641818325214704e-23, nan 
-18.875, -70.875, 8.071856482634807e-23, nan 
-18.625, -70.875, 8.437583345430801e-23, nan 
-18.375, -70.875, 6.380316409598417e-23, nan 
-18.125, -70.875, 7.03635423609069e-23, nan 
-17.875, -70.875, 6.603709293501065e-23, nan 
-17.625, -70.875, 7.580747305658752e-23, nan 
-17.375, -70.875, 7.554288662544537e-23, nan 
-17.125, -70.875, 9.272829000594604e-23, nan 
-16.875, -70.875, 9.212599360388737e-23, nan 
-16.625, -70.875, 8.946271444354369e-23, nan 
-16.375, -70.875, 9.044731129069199e-23, nan 
-16.125, -70.875, 5.453709598940867e-23, nan 
-15.875, -70.875, 3.447278689222292e-23, nan 
-15.625, -70.875, 3.000274445902043e-23, nan 
-15.375, -70.875, 2.3850736593528856e-23, nan 
-15.125, -70.875, 1.8623295993114567e-23, nan 
-14.875, -70.875, 2.1041217775992654e-23, nan 
-14.625, -70.875, 2.4881995986305467e-23, nan 
-14.375, -70.875, 1.7058664518898816e-23, nan 
-14.125, -70.875, 2.0968456517429954e-23, nan 
-13.875, -70.875, 1.2779414581782275e-23, nan 
-13.625, -70.875, 8.955950005208562e-24, nan 
-13.375, -70.875, 7.46154372570416e-24, nan 
-13.125, -70.875, 4.62899676776326e-24, nan 
-12.875, -70.875, 2.2855169032989413e-24, nan 
-12.625, -70.875, 4.752418352054298e-24, nan 
-12.375, -70.875, 5.21479867836209e-24, nan 
-12.125, -70.875, 2.3116920029989786e-23, nan 
-11.875, -70.875, 1.229213021769093e-23, nan 
-11.625, -70.875, 1.3623569502149147e-23, nan 
-11.375, -70.875, 2.089920689283837e-23, nan 
-11.125, -70.875, 2.2122040580040313e-23, nan 
-10.875, -70.875, 2.0357235745845098e-23, nan 
-10.625, -70.875, 1.2264617522652662e-23, nan 
-10.375, -70.875, 9.540953137556005e-24, nan 
-10.125, -70.875, 1.4038527039108205e-23, nan 
-9.875, -70.875, 1.887769885946491e-23, nan 
-9.625, -70.875, 1.3388522649742475e-23, nan 
-9.375, -70.875, 8.886909070769589e-24, nan 
-9.125, -70.875, 3.16722664188149e-24, nan 
-8.875, -70.875, 7.692976327640315e-24, nan 
-8.625, -70.875, 1.3856148249029828e-23, nan 
-8.375, -70.875, 1.56917321481935e-23, nan 
-8.125, -70.875, 3.3521509936926947e-23, nan 
-7.875, -70.875, 2.914796912348034e-23, nan 
-7.625, -70.875, 1.491583991947948e-23, nan 
-7.375, -70.875, 4.346365495789852e-23, nan 
-7.125, -70.875, 1.2233914163134953e-23, nan 
-6.875, -70.875, 2.1680180696412875e-23, nan 
-6.625, -70.875, 3.831424510274797e-23, nan 
-6.375, -70.875, 2.9131692159531635e-23, nan 
-6.125, -70.875, 3.182333734848077e-23, nan 
-5.875, -70.875, 3.496146099292754e-23, nan 
-5.625, -70.875, 3.359765419534397e-23, nan 
-5.375, -70.875, 3.022902864189049e-23, nan 
-5.125, -70.875, 2.5138157485896219e-23, nan 
-4.875, -70.875, 1.3019936546054127e-23, nan 
-4.625, -70.875, 1.5799814303878686e-23, nan 
-4.375, -70.875, 7.751435936000184e-23, nan 
-4.125, -70.875, 2.4138361087042662e-23, nan 
-3.875, -70.875, 3.8996498409041086e-23, nan 
-3.625, -70.875, 1.3944095310248193e-22, nan 
-3.375, -70.875, 4.412393665054504e-23, nan 
-3.125, -70.875, 4.686050601852794e-23, nan 
-2.875, -70.875, 8.135842829630321e-23, nan 
-2.625, -70.875, 8.7711521826819e-23, nan 
-2.375, -70.875, 8.987026909744322e-23, nan 
-2.125, -70.875, 4.3597360872583575e-23, nan 
-1.875, -70.875, 4.94474322118173e-23, nan 
-1.625, -70.875, 6.105526920143138e-23, nan 
-1.375, -70.875, 2.901010022243534e-23, nan 
-1.125, -70.875, 2.7278756131423714e-23, nan 
-0.875, -70.875, 4.217871074734429e-23, nan 
-0.625, -70.875, 9.422183545483219e-23, nan 
-0.375, -70.875, 1.1078713156719757e-22, nan 
-0.125, -70.875, 1.2481007072448887e-22, nan 
0.125, -70.875, 1.0840111626210965e-22, nan 
0.375, -70.875, 1.2233776724981313e-22, nan 
0.625, -70.875, 1.6914070556614802e-22, nan 
0.875, -70.875, 1.3094758558530376e-22, nan 
1.125, -70.875, 6.703107825068921e-23, nan 
1.375, -70.875, 2.118945157816341e-22, nan 
1.625, -70.875, 2.172766203606725e-22, nan 
1.875, -70.875, 1.0344256569145253e-22, nan 
2.125, -70.875, 1.3683578510560124e-22, nan 
2.375, -70.875, 1.757368080849149e-22, nan 
2.625, -70.875, 6.178709903942537e-23, nan 
2.875, -70.875, 8.169758439158565e-23, nan 
3.125, -70.875, 7.894915501192271e-23, nan 
3.375, -70.875, 8.717328870506761e-23, nan 
3.625, -70.875, 1.3417272431154492e-22, nan 
3.875, -70.875, 1.4344222368701864e-22, nan 
4.125, -70.875, 1.2298215299974837e-22, nan 
4.375, -70.875, 9.308873517281987e-23, nan 
4.625, -70.875, 1.0047069799889289e-22, nan 
4.875, -70.875, 8.417930116301231e-23, nan 
5.125, -70.875, 1.6964020580424567e-23, nan 
5.375, -70.875, 2.114606045212216e-23, nan 
5.625, -70.875, 1.8597690648188638e-23, nan 
5.875, -70.875, 1.6163964632533792e-23, nan 
6.125, -70.875, 1.881176977323474e-23, nan 
-40.375, -70.625, 9.071810209230262e-24, nan 
-40.125, -70.625, 9.323166746336339e-24, nan 
-39.875, -70.625, 1.1850284928760251e-23, nan 
-39.625, -70.625, 9.840052995060826e-24, nan 
-39.375, -70.625, 1.0323335400582953e-23, nan 
-39.125, -70.625, 1.0183651748370437e-23, nan 
-38.875, -70.625, 7.254273690108233e-24, nan 
-38.625, -70.625, 4.711449815956764e-24, nan 
-38.375, -70.625, 7.928957090465e-24, nan 
-38.125, -70.625, 1.0688507025773323e-23, nan 
-37.875, -70.625, 7.93674340260129e-24, nan 
-37.625, -70.625, 8.271286607837354e-24, nan 
-37.375, -70.625, 1.3221685714768289e-23, nan 
-37.125, -70.625, 9.780134370891168e-24, nan 
-36.875, -70.625, 6.167613198917162e-24, nan 
-36.625, -70.625, 4.6927492031295056e-24, nan 
-36.375, -70.625, 8.001985603674765e-24, nan 
-36.125, -70.625, 5.495640700343745e-24, nan 
-35.875, -70.625, 3.372545807287196e-24, nan 
-35.625, -70.625, 1.786234228679325e-24, nan 
-35.375, -70.625, 3.573434389693537e-24, nan 
-35.125, -70.625, 5.5100618146668395e-24, nan 
-34.875, -70.625, 4.015836491019058e-24, nan 
-34.625, -70.625, 3.5746774207928404e-24, nan 
-34.375, -70.625, 6.228463025161245e-24, nan 
-34.125, -70.625, 5.7918681566255165e-24, nan 
-33.875, -70.625, 5.3870736684343515e-24, nan 
-33.625, -70.625, 2.783645784796251e-24, nan 
-33.375, -70.625, 5.317468770359182e-24, nan 
-33.125, -70.625, 5.766857234103167e-24, nan 
-32.875, -70.625, 2.3147099334173464e-24, nan 
-32.625, -70.625, 1.6808064516074205e-24, nan 
-32.375, -70.625, 4.415991726404983e-24, nan 
-32.125, -70.625, 4.1734112260726966e-24, nan 
-31.875, -70.625, 2.7747987549992463e-24, nan 
-31.625, -70.625, 5.116629726849608e-24, nan 
-31.375, -70.625, 8.095732745607079e-24, nan 
-31.125, -70.625, 8.694984085600835e-24, nan 
-30.875, -70.625, 8.76127489413085e-24, nan 
-30.625, -70.625, 1.8663763944560503e-23, nan 
-30.375, -70.625, 1.5364097835259495e-23, nan 
-30.125, -70.625, 1.494989619888568e-23, nan 
-29.875, -70.625, 4.4900597108013734e-23, nan 
-29.625, -70.625, 3.8655752080366307e-23, nan 
-29.375, -70.625, 1.845452675436095e-23, nan 
-29.125, -70.625, 3.2755078233822556e-23, nan 
-28.875, -70.625, 2.768035874437859e-23, nan 
-28.625, -70.625, 1.7949373934444044e-23, nan 
-28.375, -70.625, 1.1208159923059454e-23, nan 
-28.125, -70.625, 1.3454015151913755e-23, nan 
-27.875, -70.625, 1.750588031876361e-23, nan 
-27.625, -70.625, 1.5071246218831627e-23, nan 
-27.375, -70.625, 1.7319332655279623e-23, nan 
-27.125, -70.625, 1.9722028583158445e-23, nan 
-26.875, -70.625, 1.6740139442141885e-23, nan 
-26.625, -70.625, 1.8710127462056318e-23, nan 
-26.375, -70.625, 2.6476473654480635e-23, nan 
-26.125, -70.625, 2.2602929790370135e-23, nan 
-25.875, -70.625, 2.363083868112145e-23, nan 
-25.625, -70.625, 2.3644390731973193e-23, nan 
-25.375, -70.625, 2.221454509705204e-23, nan 
-25.125, -70.625, 1.7614962149401074e-23, nan 
-24.875, -70.625, 1.6543457653977637e-23, nan 
-24.625, -70.625, 1.134240318350593e-23, nan 
-24.375, -70.625, 1.0555942488973885e-23, nan 
-24.125, -70.625, 1.0681824444623582e-23, nan 
-23.875, -70.625, 1.125077652883234e-23, nan 
-23.625, -70.625, 1.6854086772735074e-23, nan 
-23.375, -70.625, 1.7533064331982095e-23, nan 
-23.125, -70.625, 1.4773809545324002e-23, nan 
-22.875, -70.625, 1.6389095924197853e-23, nan 
-22.625, -70.625, 1.571160351230891e-23, nan 
-22.375, -70.625, 1.7683959796157825e-23, nan 
-22.125, -70.625, 1.9373701162125978e-23, nan 
-21.875, -70.625, 1.2841624389255744e-23, nan 
-21.625, -70.625, 2.5699041364525617e-23, nan 
-21.375, -70.625, 1.931804384761382e-23, nan 
-21.125, -70.625, 1.8449464661658363e-23, nan 
-20.875, -70.625, 2.3432333794708417e-23, nan 
-20.625, -70.625, 2.314285924888142e-23, nan 
-20.375, -70.625, 1.8436066910628686e-23, nan 
-20.125, -70.625, 1.5366075433475228e-23, nan 
-19.875, -70.625, 3.018887201291467e-23, nan 
-19.625, -70.625, 5.976098310536287e-23, nan 
-19.375, -70.625, 7.302976988683911e-23, nan 
-19.125, -70.625, 7.219902382691648e-23, nan 
-18.875, -70.625, 9.007731089320702e-23, nan 
-18.625, -70.625, 9.564916164318522e-23, nan 
-18.375, -70.625, 7.484811266492937e-23, nan 
-18.125, -70.625, 2.8848990140446306e-23, nan 
-17.875, -70.625, 3.230182581766591e-23, nan 
-17.625, -70.625, 6.794901189277388e-23, nan 
-17.375, -70.625, 6.243155178110626e-23, nan 
-17.125, -70.625, 9.125810982549553e-23, nan 
-16.875, -70.625, 8.105829917862684e-23, nan 
-16.625, -70.625, 8.174830918001476e-23, nan 
-16.375, -70.625, 8.584271337662436e-23, nan 
-16.125, -70.625, 7.153757566618652e-23, nan 
-15.875, -70.625, 4.8290159027665845e-23, nan 
-15.625, -70.625, 5.549915578691193e-23, nan 
-15.375, -70.625, 4.407034636999333e-23, nan 
-15.125, -70.625, 5.447096239641117e-23, nan 
-14.875, -70.625, 2.648024048653657e-23, nan 
-14.625, -70.625, 3.906810509502461e-23, nan 
-14.375, -70.625, 2.3223854232496965e-23, nan 
-14.125, -70.625, 3.2546414290663247e-23, nan 
-13.875, -70.625, 2.393723687853007e-23, nan 
-13.625, -70.625, 2.248931779136221e-23, nan 
-13.375, -70.625, 3.806049657797343e-23, nan 
-13.125, -70.625, 2.4514134474794517e-23, nan 
-12.875, -70.625, 9.744582014059805e-24, nan 
-12.625, -70.625, 8.090870781485269e-24, nan 
-12.375, -70.625, 2.7415393393133916e-24, nan 
-12.125, -70.625, 2.3856391323539736e-24, nan 
-11.875, -70.625, 6.117843222331777e-24, nan 
-11.625, -70.625, 4.8314493241427165e-24, nan 
-11.375, -70.625, 6.629063114348229e-24, nan 
-11.125, -70.625, 9.466182683422186e-24, nan 
-10.875, -70.625, 1.2546296008737806e-23, nan 
-10.625, -70.625, 1.3904536630208282e-23, nan 
-10.375, -70.625, 1.2054060696843857e-23, nan 
-10.125, -70.625, 1.9693087544161978e-23, nan 
-9.875, -70.625, 3.728635145495608e-23, nan 
-9.625, -70.625, 2.1132938617664308e-23, nan 
-9.375, -70.625, 1.4211430625521024e-23, nan 
-9.125, -70.625, 3.3448965529876153e-23, nan 
-8.875, -70.625, 2.982708527976151e-23, nan 
-8.625, -70.625, 2.776495824082395e-23, nan 
-8.375, -70.625, 2.753848468335349e-23, nan 
-8.125, -70.625, 5.555859155164812e-23, nan 
-7.875, -70.625, 6.368683316703143e-23, nan 
-7.625, -70.625, 3.6742038087927236e-23, nan 
-7.375, -70.625, 5.951138981105739e-23, nan 
-7.125, -70.625, 5.51342722854548e-23, nan 
-6.875, -70.625, 6.572146864886116e-23, nan 
-6.625, -70.625, 7.421416077457584e-23, nan 
-6.375, -70.625, 6.971860564534438e-23, nan 
-6.125, -70.625, 6.804114881406166e-23, nan 
-5.875, -70.625, 7.429946652032859e-23, nan 
-5.625, -70.625, 7.490621178605852e-23, nan 
-5.375, -70.625, 7.867394458060569e-23, nan 
-5.125, -70.625, 6.766336891251043e-23, nan 
-4.875, -70.625, 5.335679873484511e-23, nan 
-4.625, -70.625, 5.427870868245696e-23, nan 
-4.375, -70.625, 5.52713848385217e-23, nan 
-4.125, -70.625, 5.720775271081914e-23, nan 
-3.875, -70.625, 7.539167357808315e-23, nan 
-3.625, -70.625, 1.2024600501098245e-22, nan 
-3.375, -70.625, 1.2108220437166274e-22, nan 
-3.125, -70.625, 1.3931039336158225e-22, nan 
-2.875, -70.625, 1.4039729905128883e-22, nan 
-2.625, -70.625, 1.907133145105959e-22, nan 
-2.375, -70.625, 2.0842463489910988e-22, nan 
-2.125, -70.625, 1.0591920603744043e-22, nan 
-1.875, -70.625, 9.996356953626265e-23, nan 
-1.625, -70.625, 1.1663965942966063e-22, nan 
-1.375, -70.625, 1.0181817165698637e-22, nan 
-1.125, -70.625, 6.632383529216301e-23, nan 
-0.875, -70.625, 6.305974683966324e-23, nan 
-0.625, -70.625, 1.0077238879521209e-22, nan 
-0.375, -70.625, 1.0714223666410765e-22, nan 
-0.125, -70.625, 7.219265290721201e-23, nan 
0.125, -70.625, 6.541060855919081e-23, nan 
0.375, -70.625, 6.809295786901456e-23, nan 
0.625, -70.625, 9.70496640704861e-23, nan 
0.875, -70.625, 1.247971893880627e-22, nan 
1.125, -70.625, 7.990926850667217e-23, nan 
1.375, -70.625, 9.130259435237588e-23, nan 
1.625, -70.625, 7.980784530307704e-23, nan 
1.875, -70.625, 7.667056118316015e-23, nan 
2.125, -70.625, 1.023012478586872e-22, nan 
2.375, -70.625, 1.5039588957916673e-22, nan 
2.625, -70.625, 1.2289271777060805e-22, nan 
2.875, -70.625, 1.4699912811478505e-22, nan 
3.125, -70.625, 1.7144266014366898e-22, nan 
3.375, -70.625, 1.271583228128887e-22, nan 
3.625, -70.625, 1.6041034269034648e-22, nan 
3.875, -70.625, 1.5671437125293176e-22, nan 
4.125, -70.625, 1.1546629526052076e-22, nan 
4.375, -70.625, 1.1843186492105426e-22, nan 
4.625, -70.625, 1.2074373357333006e-22, nan 
4.875, -70.625, 8.281095090468854e-23, nan 
5.125, -70.625, 2.256244172135389e-23, nan 
5.375, -70.625, 2.3333189656640842e-23, nan 
5.625, -70.625, 1.6301332241446743e-23, nan 
5.875, -70.625, 2.7216151782764844e-23, nan 
6.125, -70.625, 4.7815775149101636e-23, nan 
-39.875, -70.375, 9.563243946600684e-24, nan 
-39.625, -70.375, 1.1768516671966267e-23, nan 
-39.375, -70.375, 1.0387313002381324e-23, nan 
-39.125, -70.375, 9.135211624478749e-24, nan 
-38.875, -70.375, 1.0702996888248743e-23, nan 
-38.625, -70.375, 1.0091947867949264e-23, nan 
-38.375, -70.375, 6.721768430963106e-24, nan 
-38.125, -70.375, 3.0061870302044732e-24, nan 
-37.875, -70.375, 7.891553210265163e-24, nan 
-37.625, -70.375, 7.692832432987682e-24, nan 
-37.375, -70.375, 1.119381482052823e-23, nan 
-37.125, -70.375, 6.0858791375531206e-24, nan 
-36.875, -70.375, 4.3980618402904536e-24, nan 
-36.625, -70.375, 7.707197909727774e-24, nan 
-36.375, -70.375, 4.82309105557536e-24, nan 
-36.125, -70.375, 4.6037858302409514e-24, nan 
-35.875, -70.375, 7.291304528900042e-24, nan 
-35.625, -70.375, 5.875406921346787e-24, nan 
-35.375, -70.375, 3.773857794017783e-24, nan 
-35.125, -70.375, 6.2250450336088275e-24, nan 
-34.875, -70.375, 6.7956532675638e-24, nan 
-34.625, -70.375, 4.57415655206351e-24, nan 
-34.375, -70.375, 7.03856335321382e-24, nan 
-34.125, -70.375, 6.366710181816286e-24, nan 
-33.875, -70.375, 4.568259748586954e-24, nan 
-33.625, -70.375, 8.905290598970671e-25, nan 
-33.375, -70.375, 3.5069259045173165e-24, nan 
-33.125, -70.375, 3.592051011876009e-24, nan 
-32.875, -70.375, 4.686008120916989e-24, nan 
-32.625, -70.375, 5.099051956492886e-24, nan 
-32.375, -70.375, 4.37956412771711e-24, nan 
-32.125, -70.375, 5.6076740339916455e-24, nan 
-31.875, -70.375, 6.503455689234351e-24, nan 
-31.625, -70.375, 1.2743317192657029e-23, nan 
-31.375, -70.375, 2.305363292131237e-23, nan 
-31.125, -70.375, 2.6546583949839146e-23, nan 
-30.875, -70.375, 6.466437464680531e-24, nan 
-30.625, -70.375, 7.777233120180385e-24, nan 
-30.375, -70.375, 4.885274381321107e-24, nan 
-30.125, -70.375, 4.618212382135448e-24, nan 
-29.875, -70.375, 1.947198838301052e-23, nan 
-29.625, -70.375, 1.5479341090734647e-23, nan 
-29.375, -70.375, 1.4777946791271415e-23, nan 
-29.125, -70.375, 1.4120405799495314e-23, nan 
-28.875, -70.375, 1.5039710087494794e-23, nan 
-28.625, -70.375, 1.6237685783403165e-23, nan 
-28.375, -70.375, 5.9918649529492585e-24, nan 
-28.125, -70.375, 9.795428568785886e-24, nan 
-27.875, -70.375, 1.3650723871721247e-23, nan 
-27.625, -70.375, 1.5210985896150807e-23, nan 
-27.375, -70.375, 1.4400817470949027e-23, nan 
-27.125, -70.375, 1.8603743546372747e-23, nan 
-26.875, -70.375, 2.572447771843942e-23, nan 
-26.625, -70.375, 2.7371801484420586e-23, nan 
-26.375, -70.375, 2.581869646487234e-23, nan 
-26.125, -70.375, 2.6186028331857723e-23, nan 
-25.875, -70.375, 3.0259168505765796e-23, nan 
-25.625, -70.375, 2.739573507900353e-23, nan 
-25.375, -70.375, 2.779988253504872e-23, nan 
-25.125, -70.375, 2.4719152888455376e-23, nan 
-24.875, -70.375, 2.6531320140463055e-23, nan 
-24.625, -70.375, 2.704593711988767e-23, nan 
-24.375, -70.375, 2.7330890122613295e-23, nan 
-24.125, -70.375, 2.448927446073103e-23, nan 
-23.875, -70.375, 2.548792319992566e-23, nan 
-23.625, -70.375, 2.3647780663708663e-23, nan 
-23.375, -70.375, 2.2787506742290056e-23, nan 
-23.125, -70.375, 2.0320283394146376e-23, nan 
-22.875, -70.375, 2.2549240886910372e-23, nan 
-22.625, -70.375, 2.621421855229872e-23, nan 
-22.375, -70.375, 2.4368085193188327e-23, nan 
-22.125, -70.375, 2.3564878403647943e-23, nan 
-21.875, -70.375, 2.262092745661483e-23, nan 
-21.625, -70.375, 2.8087935569213086e-23, nan 
-21.375, -70.375, 1.8233451486642556e-23, nan 
-21.125, -70.375, 1.736914560983128e-23, nan 
-20.875, -70.375, 1.630452171719877e-23, nan 
-20.625, -70.375, 2.147670058492719e-23, nan 
-20.375, -70.375, 2.0499227990720102e-23, nan 
-20.125, -70.375, 2.3447604254650282e-23, nan 
-19.875, -70.375, 2.907275757574959e-23, nan 
-19.625, -70.375, 5.311792060490325e-23, nan 
-19.375, -70.375, 6.098583906799006e-23, nan 
-19.125, -70.375, 5.855622783636321e-23, nan 
-18.875, -70.375, 6.485034774780846e-23, nan 
-18.625, -70.375, 8.068009898523633e-23, nan 
-18.375, -70.375, 6.823520212856238e-23, nan 
-18.125, -70.375, 1.9603605564217905e-23, nan 
-17.875, -70.375, 1.1659456686783925e-23, nan 
-17.625, -70.375, 1.6599487335350994e-23, nan 
-17.375, -70.375, 1.539385269939992e-23, nan 
-17.125, -70.375, 3.7483018297480254e-23, nan 
-16.875, -70.375, 5.962231642459862e-23, nan 
-16.625, -70.375, 5.276469933751522e-23, nan 
-16.375, -70.375, 6.850481798501378e-23, nan 
-16.125, -70.375, 7.003965267940921e-23, nan 
-15.875, -70.375, 7.534821967602699e-23, nan 
-15.625, -70.375, 2.749908704454774e-23, nan 
-15.375, -70.375, 5.445612953034669e-23, nan 
-15.125, -70.375, 1.0388038645157267e-22, nan 
-14.875, -70.375, 3.298688994514418e-23, nan 
-14.625, -70.375, 4.6983044776122454e-23, nan 
-14.375, -70.375, 6.30659727295391e-23, nan 
-14.125, -70.375, 4.973050103790614e-23, nan 
-13.875, -70.375, 8.578753819881106e-23, nan 
-13.625, -70.375, 7.554905310453411e-23, nan 
-13.375, -70.375, 7.21581848629459e-23, nan 
-13.125, -70.375, 5.844571099100175e-23, nan 
-12.875, -70.375, 4.700503740585836e-23, nan 
-12.625, -70.375, 4.5074968488621205e-23, nan 
-12.375, -70.375, 2.40489165576011e-23, nan 
-12.125, -70.375, 7.389892302372487e-24, nan 
-11.875, -70.375, 1.8319416660306772e-23, nan 
-11.625, -70.375, 1.5902383226351e-23, nan 
-11.375, -70.375, 1.7065560097549887e-23, nan 
-11.125, -70.375, 1.8089512181308653e-23, nan 
-10.875, -70.375, 9.43983613529872e-24, nan 
-10.625, -70.375, 1.6813106119248019e-23, nan 
-10.375, -70.375, 1.735761213074553e-23, nan 
-10.125, -70.375, 1.2053348553685783e-23, nan 
-9.875, -70.375, 1.8464868279617292e-23, nan 
-9.625, -70.375, 1.9821862275470565e-23, nan 
-9.375, -70.375, 2.717375006601588e-23, nan 
-9.125, -70.375, 2.828315399908637e-23, nan 
-8.875, -70.375, 1.3550588948218693e-23, nan 
-8.625, -70.375, 8.599955373027206e-24, nan 
-8.375, -70.375, 1.5279576572610125e-23, nan 
-8.125, -70.375, 2.5957715496953943e-23, nan 
-7.875, -70.375, 3.1355681559601184e-23, nan 
-7.625, -70.375, 2.1192033884398846e-23, nan 
-7.375, -70.375, 3.682844012933329e-23, nan 
-7.125, -70.375, 3.096897243409377e-23, nan 
-6.875, -70.375, 6.13746320617871e-23, nan 
-6.625, -70.375, 7.38583542444123e-23, nan 
-6.375, -70.375, 6.865204961063253e-23, nan 
-6.125, -70.375, 7.204205359982602e-23, nan 
-5.875, -70.375, 7.396559140640993e-23, nan 
-5.625, -70.375, 7.1693463957293e-23, nan 
-5.375, -70.375, 6.649650841574669e-23, nan 
-5.125, -70.375, 5.831395900453495e-23, nan 
-4.875, -70.375, 4.9161112659127533e-23, nan 
-4.625, -70.375, 2.6913827688961587e-23, nan 
-4.375, -70.375, 8.058812895121085e-24, nan 
-4.125, -70.375, 1.2146361819961225e-23, nan 
-3.875, -70.375, 6.0442675798734616e-24, nan 
-3.625, -70.375, 3.9814714055458567e-23, nan 
-3.375, -70.375, 7.326263324432954e-23, nan 
-3.125, -70.375, 7.877824423972081e-23, nan 
-2.875, -70.375, 1.2414575087899598e-22, nan 
-2.625, -70.375, 1.712898720681424e-22, nan 
-2.375, -70.375, 1.852581390312137e-22, nan 
-2.125, -70.375, 1.0616289594934781e-22, nan 
-1.875, -70.375, 5.738558086824816e-23, nan 
-1.625, -70.375, 4.2660294229589917e-23, nan 
-1.375, -70.375, 4.8610484061860965e-23, nan 
-1.125, -70.375, 6.799311266605252e-23, nan 
-0.875, -70.375, 6.88052134262752e-23, nan 
-0.625, -70.375, 1.3694210752483408e-22, nan 
-0.375, -70.375, 1.9403893969566923e-22, nan 
-0.125, -70.375, 1.5694256028437195e-22, nan 
0.125, -70.375, 2.08400324743787e-22, nan 
0.375, -70.375, 2.0214512556875891e-22, nan 
0.625, -70.375, 1.3896188656820699e-22, nan 
0.875, -70.375, 1.7751681635044543e-22, nan 
1.125, -70.375, 2.1370483708465604e-22, nan 
1.375, -70.375, 1.4062189316345502e-22, nan 
1.625, -70.375, 1.5805789436843659e-22, nan 
1.875, -70.375, 2.6686797855872373e-22, nan 
2.125, -70.375, 1.9886331108968702e-22, nan 
2.375, -70.375, 8.435851673785696e-23, nan 
2.625, -70.375, 1.8715977827285292e-22, nan 
2.875, -70.375, 1.7498007198670439e-22, nan 
3.125, -70.375, 1.5064084032514849e-22, nan 
3.375, -70.375, 1.4498227651561098e-22, nan 
3.625, -70.375, 1.555673793137379e-22, nan 
3.875, -70.375, 1.4711603132101595e-22, nan 
4.125, -70.375, 1.0445113543776069e-22, nan 
4.375, -70.375, 5.056065341174584e-24, nan 
4.625, -70.375, 1.6706331177884501e-23, nan 
4.875, -70.375, 5.54830934346597e-23, nan 
5.125, -70.375, 1.4679538312691124e-23, nan 
5.375, -70.375, 2.5358716551001972e-23, nan 
5.625, -70.375, 5.455574549627474e-23, nan 
5.875, -70.375, 5.469272033836521e-23, nan 
6.125, -70.375, 6.89517208665044e-23, nan 
-39.375, -70.125, 6.4972397915129614e-24, nan 
-39.125, -70.125, 5.870562480288712e-24, nan 
-38.875, -70.125, 7.292012229247733e-24, nan 
-38.625, -70.125, 6.677084803566437e-24, nan 
-38.375, -70.125, 6.4182442360191345e-24, nan 
-38.125, -70.125, 7.224645610855996e-24, nan 
-37.875, -70.125, 8.349025021290622e-24, nan 
-37.625, -70.125, 7.668496687864628e-24, nan 
-37.375, -70.125, 5.633341286579841e-24, nan 
-37.125, -70.125, 6.353224781119156e-24, nan 
-36.875, -70.125, 7.89404280048089e-24, nan 
-36.625, -70.125, 1.1150042164184495e-23, nan 
-36.375, -70.125, 8.166063857829586e-24, nan 
-36.125, -70.125, 6.525027069920017e-24, nan 
-35.875, -70.125, 1.201516260402053e-23, nan 
-35.625, -70.125, 1.044070318275964e-23, nan 
-35.375, -70.125, 7.73961626893516e-24, nan 
-35.125, -70.125, 6.970231204361642e-24, nan 
-34.875, -70.125, 7.601597385344983e-24, nan 
-34.625, -70.125, 7.13269844923383e-24, nan 
-34.375, -70.125, 5.9338508586810784e-24, nan 
-34.125, -70.125, 4.04837680536283e-24, nan 
-33.875, -70.125, 2.88648952160897e-24, nan 
-33.625, -70.125, 5.4251936527540234e-24, nan 
-33.375, -70.125, 3.823547464827887e-24, nan 
-33.125, -70.125, 4.1238607542236115e-24, nan 
-32.875, -70.125, 5.8485151470486585e-24, nan 
-32.625, -70.125, 5.861656493840619e-24, nan 
-32.375, -70.125, 1.5422038487753884e-23, nan 
-32.125, -70.125, 2.953016475188781e-23, nan 
-31.875, -70.125, 3.0532376764877037e-23, nan 
-31.625, -70.125, 2.9400944050683084e-23, nan 
-31.375, -70.125, 5.413241774979513e-23, nan 
-31.125, -70.125, 5.403360778656263e-23, nan 
-30.875, -70.125, 2.0570981172428092e-23, nan 
-30.625, -70.125, 3.0131572746978807e-23, nan 
-30.375, -70.125, 3.085394586902944e-23, nan 
-30.125, -70.125, 5.677998360511667e-24, nan 
-29.875, -70.125, 5.488653066411048e-24, nan 
-29.625, -70.125, 5.754637924078071e-24, nan 
-29.375, -70.125, 7.916379463466763e-24, nan 
-29.125, -70.125, 1.1779931395830008e-23, nan 
-28.875, -70.125, 1.2052253390565793e-23, nan 
-28.625, -70.125, 1.2405519256701082e-23, nan 
-28.375, -70.125, 1.3401231139616405e-23, nan 
-28.125, -70.125, 9.072919758972198e-24, nan 
-27.875, -70.125, 4.82170139741232e-24, nan 
-27.625, -70.125, 7.63556988866432e-24, nan 
-27.375, -70.125, 1.0936293163443659e-23, nan 
-27.125, -70.125, 1.7512260524310442e-23, nan 
-26.875, -70.125, 2.3140871306088155e-23, nan 
-26.625, -70.125, 2.0508108704233695e-23, nan 
-26.375, -70.125, 1.2470697452322675e-23, nan 
-26.125, -70.125, 1.477531352276665e-23, nan 
-25.875, -70.125, 9.782747704707842e-24, nan 
-25.625, -70.125, 1.068209389634896e-23, nan 
-25.375, -70.125, 1.352768942199974e-23, nan 
-25.125, -70.125, 2.0051443453341604e-23, nan 
-24.875, -70.125, 2.2243125822195358e-23, nan 
-24.625, -70.125, 2.552690924787591e-23, nan 
-24.375, -70.125, 2.9126669929235026e-23, nan 
-24.125, -70.125, 2.860140048754721e-23, nan 
-23.875, -70.125, 2.792824957271029e-23, nan 
-23.625, -70.125, 2.3677070344085465e-23, nan 
-23.375, -70.125, 2.2772959132379998e-23, nan 
-23.125, -70.125, 2.8603292592277596e-23, nan 
-22.875, -70.125, 2.8573640446970653e-23, nan 
-22.625, -70.125, 2.962996211314874e-23, nan 
-22.375, -70.125, 2.610408696431092e-23, nan 
-22.125, -70.125, 2.248551476222603e-23, nan 
-21.875, -70.125, 2.7069547801202993e-23, nan 
-21.625, -70.125, 2.1894552108799328e-23, nan 
-21.375, -70.125, 2.3313329701426385e-23, nan 
-21.125, -70.125, 2.1515074154492745e-23, nan 
-20.875, -70.125, 1.558954163179057e-23, nan 
-20.625, -70.125, 1.2740149128229012e-23, nan 
-20.375, -70.125, 1.658112417079431e-23, nan 
-20.125, -70.125, 2.4334932581389265e-23, nan 
-19.875, -70.125, 2.6108319961014638e-23, nan 
-19.625, -70.125, 2.743698041699959e-23, nan 
-19.375, -70.125, 2.6953356666605025e-23, nan 
-19.125, -70.125, 3.8589043418071983e-23, nan 
-18.875, -70.125, 6.871808908834525e-23, nan 
-18.625, -70.125, 8.163583700559553e-23, nan 
-18.375, -70.125, 5.314107963992744e-23, nan 
-18.125, -70.125, 5.600608597226591e-23, nan 
-17.875, -70.125, 5.62186786980428e-23, nan 
-17.625, -70.125, 3.153726933716526e-23, nan 
-17.375, -70.125, 1.029348754826818e-23, nan 
-17.125, -70.125, 1.291884201135914e-23, nan 
-16.875, -70.125, 1.6891158235326313e-23, nan 
-16.625, -70.125, 1.935458895727557e-23, nan 
-16.375, -70.125, 2.4028623415110384e-23, nan 
-16.125, -70.125, 4.822578010932064e-23, nan 
-15.875, -70.125, 5.501873244632174e-23, nan 
-15.625, -70.125, 3.765336212959864e-23, nan 
-15.375, -70.125, 6.589536014081925e-23, nan 
-15.125, -70.125, 6.417070132772789e-23, nan 
-14.875, -70.125, 4.099265243470657e-23, nan 
-14.625, -70.125, 4.68756992467067e-23, nan 
-14.375, -70.125, 5.664687426483545e-23, nan 
-14.125, -70.125, 6.387490508026155e-23, nan 
-13.875, -70.125, 1.143772372991574e-22, nan 
-13.625, -70.125, 1.1146347383938034e-22, nan 
-13.375, -70.125, 1.0571976721708822e-22, nan 
-13.125, -70.125, 9.786188533906146e-23, nan 
-12.875, -70.125, 9.202825507133121e-23, nan 
-12.625, -70.125, 8.926329089678686e-23, nan 
-12.375, -70.125, 7.557678066073007e-23, nan 
-12.125, -70.125, 3.7912713180714754e-23, nan 
-11.875, -70.125, 6.903603544811903e-24, nan 
-11.625, -70.125, 2.7540755103988784e-23, nan 
-11.375, -70.125, 1.2658195968883089e-23, nan 
-11.125, -70.125, 1.4507725237727946e-23, nan 
-10.875, -70.125, 1.4400733520842166e-23, nan 
-10.625, -70.125, 1.8077341882018748e-23, nan 
-10.375, -70.125, 2.717259507108454e-23, nan 
-10.125, -70.125, 2.213790554032294e-23, nan 
-9.875, -70.125, 2.0763855537957473e-23, nan 
-9.625, -70.125, 3.3233290192314875e-23, nan 
-9.375, -70.125, 4.1319281561412825e-23, nan 
-9.125, -70.125, 3.6730497397205444e-23, nan 
-8.875, -70.125, 3.760583749509679e-23, nan 
-8.625, -70.125, 4.663039656190363e-23, nan 
-8.375, -70.125, 3.3262826223210867e-23, nan 
-8.125, -70.125, 2.7621388956859564e-23, nan 
-7.875, -70.125, 3.8913657493983594e-23, nan 
-7.625, -70.125, 3.919328196714996e-23, nan 
-7.375, -70.125, 7.162276787024919e-23, nan 
-7.125, -70.125, 4.763588746445959e-23, nan 
-6.875, -70.125, 3.344999380912223e-23, nan 
-6.625, -70.125, 4.855565721374046e-23, nan 
-6.375, -70.125, 4.524294677343734e-23, nan 
-6.125, -70.125, 4.323321212780198e-23, nan 
-5.875, -70.125, 4.0938168474384294e-23, nan 
-5.625, -70.125, 4.7421567546659013e-23, nan 
-5.375, -70.125, 5.47834126964942e-23, nan 
-5.125, -70.125, 4.586232203665877e-23, nan 
-4.875, -70.125, 6.548824283106904e-23, nan 
-4.625, -70.125, 5.672355758172764e-23, nan 
-4.375, -70.125, 2.9515864711465686e-23, nan 
-4.125, -70.125, 3.5771394436035874e-23, nan 
-3.875, -70.125, 4.9655031879326845e-23, nan 
-3.625, -70.125, 6.011908333002564e-23, nan 
-3.375, -70.125, 5.914377596044792e-23, nan 
-3.125, -70.125, 3.107875845237026e-23, nan 
-2.875, -70.125, 1.7631496245086197e-23, nan 
-2.625, -70.125, 3.314380929014721e-23, nan 
-2.375, -70.125, 4.792046534871776e-23, nan 
-2.125, -70.125, 2.881773556147776e-23, nan 
-1.875, -70.125, 3.805290114544204e-23, nan 
-1.625, -70.125, 4.945980404908696e-23, nan 
-1.375, -70.125, 5.522651135528489e-23, nan 
-1.125, -70.125, 4.054416644354089e-23, nan 
-0.875, -70.125, 5.345517718407497e-23, nan 
-0.625, -70.125, 7.135437377267164e-23, nan 
-0.375, -70.125, 1.6230172802919933e-22, nan 
-0.125, -70.125, 2.7312387737995635e-22, nan 
0.125, -70.125, 2.181802401680917e-22, nan 
0.375, -70.125, 2.2842408258847606e-22, nan 
0.625, -70.125, 3.3140215184766e-22, nan 
0.875, -70.125, 7.242291876422774e-23, nan 
1.125, -70.125, 8.378610170897233e-23, nan 
1.375, -70.125, 1.562144924874349e-22, nan 
1.625, -70.125, 1.1728947353430556e-22, nan 
1.875, -70.125, 2.0108110439036415e-22, nan 
2.125, -70.125, 1.7290672658389258e-22, nan 
2.375, -70.125, 3.6605884213730244e-23, nan 
2.625, -70.125, 4.405166228595824e-23, nan 
2.875, -70.125, 3.007768151417725e-23, nan 
3.125, -70.125, 2.4760329930878325e-23, nan 
3.375, -70.125, 3.7570826791724625e-23, nan 
3.625, -70.125, 4.5521644119680016e-23, nan 
3.875, -70.125, 4.3233619323134743e-23, nan 
4.125, -70.125, 8.673066053443816e-23, nan 
4.375, -70.125, 3.739293470758587e-23, nan 
4.625, -70.125, 4.843082975639029e-23, nan 
4.875, -70.125, 1.2186730632093566e-22, nan 
5.125, -70.125, 6.283799686808168e-23, nan 
5.375, -70.125, 5.720811809794642e-23, nan 
5.625, -70.125, 1.1476333857966182e-22, nan 
5.875, -70.125, 3.7052483920486765e-23, nan 
6.125, -70.125, 2.5988966617120148e-23, nan 
6.375, -70.125, 7.082257660797479e-23, nan 
-39.125, -69.875, 3.497647831361779e-24, nan 
-38.875, -69.875, 5.42305774211123e-24, nan 
-38.625, -69.875, 5.755759584920021e-24, nan 
-38.375, -69.875, 1.1723804869817646e-23, nan 
-38.125, -69.875, 8.925092989890487e-24, nan 
-37.875, -69.875, 7.734815557423653e-24, nan 
-37.625, -69.875, 7.178818625490377e-24, nan 
-37.375, -69.875, 6.892274117239408e-24, nan 
-37.125, -69.875, 7.593834164431797e-24, nan 
-36.875, -69.875, 8.19146304771487e-24, nan 
-36.625, -69.875, 7.794963948149883e-24, nan 
-36.375, -69.875, 7.409807962615444e-24, nan 
-36.125, -69.875, 6.195232968708214e-24, nan 
-35.875, -69.875, 9.87753161495089e-24, nan 
-35.625, -69.875, 8.728328159216691e-24, nan 
-35.375, -69.875, 7.236763367829742e-24, nan 
-35.125, -69.875, 9.629959708772034e-24, nan 
-34.875, -69.875, 8.499250763931637e-24, nan 
-34.625, -69.875, 6.124592180505934e-24, nan 
-34.375, -69.875, 4.521523548451722e-24, nan 
-34.125, -69.875, 3.3254594057028194e-24, nan 
-33.875, -69.875, 4.4950583929010006e-24, nan 
-33.625, -69.875, 7.838158944788579e-24, nan 
-33.375, -69.875, 1.0487962064090519e-23, nan 
-33.125, -69.875, 9.217186562562607e-24, nan 
-32.875, -69.875, 2.86747740072672e-24, nan 
-32.625, -69.875, 3.1193975754600403e-24, nan 
-32.375, -69.875, 6.237033184739416e-24, nan 
-32.125, -69.875, 4.6855147990992816e-24, nan 
-31.875, -69.875, 1.2013705591773846e-23, nan 
-31.625, -69.875, 1.6750481818975888e-23, nan 
-31.375, -69.875, 2.760552588380187e-23, nan 
-31.125, -69.875, 2.647895894849483e-23, nan 
-30.875, -69.875, 1.10585697669006e-23, nan 
-30.625, -69.875, 5.369675098327782e-24, nan 
-30.375, -69.875, 1.0018257531532997e-23, nan 
-30.125, -69.875, 1.0968134575973747e-23, nan 
-29.875, -69.875, 9.618720153858517e-24, nan 
-29.625, -69.875, 1.0740752185750356e-23, nan 
-29.375, -69.875, 1.2322830108255587e-23, nan 
-29.125, -69.875, 1.3008659033121947e-23, nan 
-28.875, -69.875, 5.436485258139602e-24, nan 
-28.625, -69.875, 7.601679035891298e-24, nan 
-28.375, -69.875, 1.3883452278555348e-23, nan 
-28.125, -69.875, 9.486000707313034e-24, nan 
-27.875, -69.875, 3.4337890588236185e-24, nan 
-27.625, -69.875, 5.2694635539143625e-24, nan 
-27.375, -69.875, 2.2924203402220047e-23, nan 
-27.125, -69.875, 5.081990437383066e-23, nan 
-26.875, -69.875, 5.677623953334119e-23, nan 
-26.625, -69.875, 5.530549258402566e-23, nan 
-26.375, -69.875, 5.2271934008610724e-23, nan 
-26.125, -69.875, 1.6146576236824476e-23, nan 
-25.875, -69.875, 2.5749994863721296e-23, nan 
-25.625, -69.875, 1.945989108123052e-23, nan 
-25.375, -69.875, 2.0466853829670292e-23, nan 
-25.125, -69.875, 2.3214959162949297e-23, nan 
-24.875, -69.875, 2.626267674333029e-23, nan 
-24.625, -69.875, 2.860206040168913e-23, nan 
-24.375, -69.875, 2.559264895827219e-23, nan 
-24.125, -69.875, 2.5937026846460458e-23, nan 
-23.875, -69.875, 2.0744142541900864e-23, nan 
-23.625, -69.875, 2.457030037388841e-23, nan 
-23.375, -69.875, 2.634481053974243e-23, nan 
-23.125, -69.875, 3.4183281014463417e-23, nan 
-22.875, -69.875, 3.2854818335807216e-23, nan 
-22.625, -69.875, 3.082434334434919e-23, nan 
-22.375, -69.875, 2.7515903756982076e-23, nan 
-22.125, -69.875, 1.9156319631547588e-23, nan 
-21.875, -69.875, 2.1177318190311055e-23, nan 
-21.625, -69.875, 1.7009311421603122e-23, nan 
-21.375, -69.875, 2.3787702187788189e-23, nan 
-21.125, -69.875, 1.940469540372192e-23, nan 
-20.875, -69.875, 1.4793387504594327e-23, nan 
-20.625, -69.875, 1.3294296783817333e-23, nan 
-20.375, -69.875, 1.3897233157418523e-23, nan 
-20.125, -69.875, 1.9190197065237934e-23, nan 
-19.875, -69.875, 2.4854093445331603e-23, nan 
-19.625, -69.875, 2.5059189161440634e-23, nan 
-19.375, -69.875, 4.1164086896348884e-23, nan 
-19.125, -69.875, 4.331293134776613e-23, nan 
-18.875, -69.875, 4.9801535666199624e-23, nan 
-18.625, -69.875, 6.872762249481739e-23, nan 
-18.375, -69.875, 5.979524052345797e-23, nan 
-18.125, -69.875, 8.887745907768936e-23, nan 
-17.875, -69.875, 6.643477426241641e-23, nan 
-17.625, -69.875, 4.470944742118517e-23, nan 
-17.375, -69.875, 5.903220519696583e-24, nan 
-17.125, -69.875, 7.812747071770273e-24, nan 
-16.875, -69.875, 7.819074722836172e-24, nan 
-16.625, -69.875, 8.433604886349172e-24, nan 
-16.375, -69.875, 5.662083132189755e-23, nan 
-16.125, -69.875, 6.540263965296284e-23, nan 
-15.875, -69.875, 7.339349788025014e-23, nan 
-15.625, -69.875, 8.858928286904109e-23, nan 
-15.375, -69.875, 1.1684930839322765e-22, nan 
-15.125, -69.875, 1.2448016849370596e-22, nan 
-14.875, -69.875, 1.0420188897658586e-22, nan 
-14.625, -69.875, 1.1884559900544586e-22, nan 
-14.375, -69.875, 1.1315285608898172e-22, nan 
-14.125, -69.875, 7.842574198021032e-23, nan 
-13.875, -69.875, 6.342119356110326e-23, nan 
-13.625, -69.875, 1.0199297843743121e-22, nan 
-13.375, -69.875, 1.3058449162839863e-22, nan 
-13.125, -69.875, 1.6221557463645494e-22, nan 
-12.875, -69.875, 1.2924882237178898e-22, nan 
-12.625, -69.875, 1.2850828780774653e-22, nan 
-12.375, -69.875, 1.3859456347662179e-22, nan 
-12.125, -69.875, 9.143530782576088e-23, nan 
-11.875, -69.875, 3.547430841771418e-23, nan 
-11.625, -69.875, 2.5847772161970607e-23, nan 
-11.375, -69.875, 7.757375102807381e-24, nan 
-11.125, -69.875, 1.326658295767701e-23, nan 
-10.875, -69.875, 1.1772274156937709e-23, nan 
-10.625, -69.875, 1.8741319118494252e-23, nan 
-10.375, -69.875, 2.7184503509397225e-23, nan 
-10.125, -69.875, 2.7923761651250126e-23, nan 
-9.875, -69.875, 2.759884549608736e-23, nan 
-9.625, -69.875, 2.270070079723193e-23, nan 
-9.375, -69.875, 2.7871177375878733e-23, nan 
-9.125, -69.875, 2.7380655530108214e-23, nan 
-8.875, -69.875, 4.9894344520973035e-23, nan 
-8.625, -69.875, 5.646029003673728e-23, nan 
-8.375, -69.875, 4.875624216190605e-23, nan 
-8.125, -69.875, 9.2440307749876e-23, nan 
-7.875, -69.875, 6.117104888448147e-23, nan 
-7.625, -69.875, 5.453734571819064e-23, nan 
-7.375, -69.875, 1.1377641903298954e-22, nan 
-7.125, -69.875, 6.415785106675849e-23, nan 
-6.875, -69.875, 4.629316651728327e-23, nan 
-6.625, -69.875, 4.995192633352283e-23, nan 
-6.375, -69.875, 5.118766317507686e-23, nan 
-6.125, -69.875, 4.2637575481609637e-23, nan 
-5.875, -69.875, 6.279151066722735e-23, nan 
-5.625, -69.875, 8.072050649355174e-23, nan 
-5.375, -69.875, 6.61517543912334e-23, nan 
-5.125, -69.875, 7.223798809684217e-23, nan 
-4.875, -69.875, 1.1626502701060105e-22, nan 
-4.625, -69.875, 4.9143259098527934e-23, nan 
-4.375, -69.875, 7.344579199764398e-23, nan 
-4.125, -69.875, 1.4756591289868698e-22, nan 
-3.875, -69.875, 8.423296627742608e-23, nan 
-3.625, -69.875, 9.539717768030109e-23, nan 
-3.375, -69.875, 1.0147298361607451e-22, nan 
-3.125, -69.875, 6.78790293037107e-23, nan 
-2.875, -69.875, 6.672723511286843e-23, nan 
-2.625, -69.875, 7.848109020763748e-23, nan 
-2.375, -69.875, 9.620647274633811e-23, nan 
-2.125, -69.875, 7.976845388872202e-23, nan 
-1.875, -69.875, 7.053368629558909e-23, nan 
-1.625, -69.875, 9.253342800842636e-23, nan 
-1.375, -69.875, 9.211893101933974e-23, nan 
-1.125, -69.875, 8.240726197891745e-23, nan 
-0.875, -69.875, 4.9465846983223947e-23, nan 
-0.625, -69.875, 5.108038459282785e-23, nan 
-0.375, -69.875, 7.409056250914839e-23, nan 
-0.125, -69.875, 8.860902038540338e-23, nan 
0.125, -69.875, 8.524322097045145e-23, nan 
0.375, -69.875, 1.7776937703832937e-22, nan 
0.625, -69.875, 2.4495677210529337e-22, nan 
0.875, -69.875, 1.2069062704306522e-22, nan 
1.125, -69.875, 7.851056255761546e-23, nan 
1.375, -69.875, 4.126549054720033e-23, nan 
1.625, -69.875, 2.83412863493905e-23, nan 
1.875, -69.875, 7.676839416081907e-23, nan 
2.125, -69.875, 9.851443555773454e-23, nan 
2.375, -69.875, 7.134504901997632e-23, nan 
2.625, -69.875, 7.491241470056137e-23, nan 
2.875, -69.875, 9.915160450646158e-23, nan 
3.125, -69.875, 1.0578992984749186e-22, nan 
3.375, -69.875, 9.333669782450039e-23, nan 
3.625, -69.875, 1.2481701470492663e-22, nan 
3.875, -69.875, 1.792880115356022e-22, nan 
4.125, -69.875, 1.325717078143236e-22, nan 
4.375, -69.875, 1.1358935564124157e-22, nan 
4.625, -69.875, 1.622464088523534e-22, nan 
4.875, -69.875, 1.280413704908791e-22, nan 
5.125, -69.875, 1.4660794810801605e-22, nan 
5.375, -69.875, 1.6551604666572855e-22, nan 
5.625, -69.875, 2.1314068551257063e-22, nan 
5.875, -69.875, 9.280595338600079e-23, nan 
6.125, -69.875, 6.790032231261345e-23, nan 
6.375, -69.875, 1.8703860063322333e-22, nan 
-38.625, -69.625, 1.6431695229154387e-23, nan 
-38.375, -69.625, 1.6221313996052493e-23, nan 
-38.125, -69.625, 1.3162078187089283e-23, nan 
-37.875, -69.625, 7.60450348075448e-24, nan 
-37.625, -69.625, 8.88976692964681e-24, nan 
-37.375, -69.625, 4.50850932190335e-24, nan 
-37.125, -69.625, 6.385272716257988e-24, nan 
-36.875, -69.625, 6.503214564357832e-24, nan 
-36.625, -69.625, 5.4190479066044326e-24, nan 
-36.375, -69.625, 7.965428627526327e-24, nan 
-36.125, -69.625, 8.163679851519967e-24, nan 
-35.875, -69.625, 6.590502290098916e-24, nan 
-35.625, -69.625, 8.275572893550097e-24, nan 
-35.375, -69.625, 9.485389667718761e-24, nan 
-35.125, -69.625, 9.13791561623977e-24, nan 
-34.875, -69.625, 6.510647581717548e-24, nan 
-34.625, -69.625, 6.045859674691813e-24, nan 
-34.375, -69.625, 8.013571972042599e-24, nan 
-34.125, -69.625, 6.980832834713613e-24, nan 
-33.875, -69.625, 6.335580896151033e-24, nan 
-33.625, -69.625, 1.0725706269961913e-23, nan 
-33.375, -69.625, 1.3987294146400566e-23, nan 
-33.125, -69.625, 1.0669544681330214e-23, nan 
-32.875, -69.625, 6.278686789186579e-24, nan 
-32.625, -69.625, 8.468761575074201e-24, nan 
-32.375, -69.625, 6.335178415512929e-24, nan 
-32.125, -69.625, 3.851120296220441e-24, nan 
-31.875, -69.625, 6.07522176479635e-24, nan 
-31.625, -69.625, 7.973756201556954e-24, nan 
-31.375, -69.625, 4.537763096268463e-24, nan 
-31.125, -69.625, 1.2488833216143516e-23, nan 
-30.875, -69.625, 1.3295070416461226e-23, nan 
-30.625, -69.625, 8.273749567613646e-24, nan 
-30.375, -69.625, 8.332145263615783e-24, nan 
-30.125, -69.625, 1.752069104274301e-23, nan 
-29.875, -69.625, 3.301297396991624e-23, nan 
-29.625, -69.625, 4.504603929847781e-23, nan 
-29.375, -69.625, 4.764837112102599e-23, nan 
-29.125, -69.625, 5.752414803814724e-23, nan 
-28.875, -69.625, 4.171289021807354e-23, nan 
-28.625, -69.625, 1.404886480260564e-23, nan 
-28.375, -69.625, 1.9093358411350457e-23, nan 
-28.125, -69.625, 2.307279613398537e-23, nan 
-27.875, -69.625, 5.787877524971238e-23, nan 
-27.625, -69.625, 6.843994594617586e-23, nan 
-27.375, -69.625, 4.8329990956136065e-23, nan 
-27.125, -69.625, 7.876898368484029e-23, nan 
-26.875, -69.625, 9.524576736269724e-23, nan 
-26.625, -69.625, 9.162824524009869e-23, nan 
-26.375, -69.625, 7.850774230461153e-23, nan 
-26.125, -69.625, 5.994155171244586e-23, nan 
-25.875, -69.625, 8.607794681913254e-23, nan 
-25.625, -69.625, 6.405805726431831e-23, nan 
-25.375, -69.625, 2.6431120219598055e-23, nan 
-25.125, -69.625, 2.443249902695638e-23, nan 
-24.875, -69.625, 2.653734463034669e-23, nan 
-24.625, -69.625, 3.052189457607831e-23, nan 
-24.375, -69.625, 2.9455833214949846e-23, nan 
-24.125, -69.625, 3.092329415569965e-23, nan 
-23.875, -69.625, 2.8497523591074685e-23, nan 
-23.625, -69.625, 3.478862247706401e-23, nan 
-23.375, -69.625, 3.187935655338837e-23, nan 
-23.125, -69.625, 4.026094542709669e-23, nan 
-22.875, -69.625, 4.28670907350858e-23, nan 
-22.625, -69.625, 4.060640751852204e-23, nan 
-22.375, -69.625, 4.1275763639053055e-23, nan 
-22.125, -69.625, 4.0884477358396704e-23, nan 
-21.875, -69.625, 3.771154708687025e-23, nan 
-21.625, -69.625, 3.6382544124445737e-23, nan 
-21.375, -69.625, 2.1150197953562214e-23, nan 
-21.125, -69.625, 1.1686852381795997e-23, nan 
-20.875, -69.625, 1.2880901397074274e-23, nan 
-20.625, -69.625, 1.2162493502719162e-23, nan 
-20.375, -69.625, 1.5533846438232357e-23, nan 
-20.125, -69.625, 2.495192431503107e-23, nan 
-19.875, -69.625, 1.7674395513601223e-23, nan 
-19.625, -69.625, 1.9603856304241007e-23, nan 
-19.375, -69.625, 4.8738157759428174e-23, nan 
-19.125, -69.625, 5.89117649999001e-23, nan 
-18.875, -69.625, 3.227684195903878e-23, nan 
-18.625, -69.625, 7.670185452909368e-23, nan 
-18.375, -69.625, 1.1754215836679439e-22, nan 
-18.125, -69.625, 1.2387385159506814e-22, nan 
-17.875, -69.625, 1.2962933507307888e-22, nan 
-17.625, -69.625, 1.0282804437704017e-22, nan 
-17.375, -69.625, 9.694553115980278e-23, nan 
-17.125, -69.625, 6.05023281600962e-23, nan 
-16.875, -69.625, 6.455123987845916e-23, nan 
-16.625, -69.625, 1.2249057195632526e-22, nan 
-16.375, -69.625, 1.1442815592721754e-22, nan 
-16.125, -69.625, 1.2976916696143334e-22, nan 
-15.875, -69.625, 1.395453104905799e-22, nan 
-15.625, -69.625, 1.1873552632180473e-22, nan 
-15.375, -69.625, 1.312083135272377e-22, nan 
-15.125, -69.625, 1.3181111532019895e-22, nan 
-14.875, -69.625, 1.1332719601409555e-22, nan 
-14.625, -69.625, 1.1918919003882512e-22, nan 
-14.375, -69.625, 1.195730271938944e-22, nan 
-14.125, -69.625, 2.0724684665806444e-22, nan 
-13.875, -69.625, 2.2620183828352277e-22, nan 
-13.625, -69.625, 2.0986282437100352e-22, nan 
-13.375, -69.625, 1.77938780762761e-22, nan 
-13.125, -69.625, 2.0439991933856053e-22, nan 
-12.875, -69.625, 1.868012102585369e-22, nan 
-12.625, -69.625, 1.5478915040580602e-22, nan 
-12.375, -69.625, 6.546302007817975e-23, nan 
-12.125, -69.625, 5.257786731919115e-23, nan 
-11.875, -69.625, 2.4832033324097057e-23, nan 
-11.625, -69.625, 1.6392573066171924e-23, nan 
-11.375, -69.625, 1.4761711209676826e-23, nan 
-11.125, -69.625, 1.821113207420929e-23, nan 
-10.875, -69.625, 1.8411667358639878e-23, nan 
-10.625, -69.625, 2.1532086916085175e-23, nan 
-10.375, -69.625, 2.6732044591431047e-23, nan 
-10.125, -69.625, 3.249038796217666e-23, nan 
-9.875, -69.625, 3.6581412711459077e-23, nan 
-9.625, -69.625, 4.407508987468713e-23, nan 
-9.375, -69.625, 5.500942061933674e-23, nan 
-9.125, -69.625, 5.20565579220178e-23, nan 
-8.875, -69.625, 5.04107107135662e-23, nan 
-8.625, -69.625, 3.997574126375499e-23, nan 
-8.375, -69.625, 5.522525868661672e-23, nan 
-8.125, -69.625, 7.89963453628164e-23, nan 
-7.875, -69.625, 5.306586245178111e-23, nan 
-7.625, -69.625, 5.2804696760328767e-23, nan 
-7.375, -69.625, 3.245854105819755e-23, nan 
-7.125, -69.625, 5.244165611713427e-23, nan 
-6.875, -69.625, 4.530925039950379e-23, nan 
-6.625, -69.625, 3.373238802546873e-23, nan 
-6.375, -69.625, 2.7923293906294e-23, nan 
-6.125, -69.625, 3.266081085456819e-23, nan 
-5.875, -69.625, 5.765695285364925e-23, nan 
-5.625, -69.625, 7.038141359949672e-23, nan 
-5.375, -69.625, 5.605021348285731e-23, nan 
-5.125, -69.625, 5.540960657274269e-23, nan 
-4.875, -69.625, 1.5478907635855314e-23, nan 
-4.625, -69.625, 3.831072099562156e-23, nan 
-4.375, -69.625, 8.070180550895652e-23, nan 
-4.125, -69.625, 1.4029857975353507e-22, nan 
-3.875, -69.625, 9.16138018127002e-23, nan 
-3.625, -69.625, 7.575776869885412e-23, nan 
-3.375, -69.625, 8.54525619494674e-23, nan 
-3.125, -69.625, 1.0666962777005801e-22, nan 
-2.875, -69.625, 1.13226487261455e-22, nan 
-2.625, -69.625, 1.0774638110949422e-22, nan 
-2.375, -69.625, 9.553898189952165e-23, nan 
-2.125, -69.625, 1.058791237324981e-22, nan 
-1.875, -69.625, 8.238360518615778e-23, nan 
-1.625, -69.625, 9.035859007252151e-23, nan 
-1.375, -69.625, 6.330544525092397e-23, nan 
-1.125, -69.625, 6.821847539272107e-23, nan 
-0.875, -69.625, 6.580887407283473e-23, nan 
-0.625, -69.625, 4.805782713907945e-23, nan 
-0.375, -69.625, 7.902064014880339e-23, nan 
-0.125, -69.625, 8.318744258248283e-23, nan 
0.125, -69.625, 1.0278967906189476e-22, nan 
0.375, -69.625, 6.566183030598589e-23, nan 
0.625, -69.625, 8.354139450964206e-23, nan 
0.875, -69.625, 2.602374191450165e-22, nan 
1.125, -69.625, 1.3438853041373289e-22, nan 
1.375, -69.625, 5.230525296382611e-23, nan 
1.625, -69.625, 1.35147655639066e-22, nan 
1.875, -69.625, 9.897805133105148e-23, nan 
2.125, -69.625, 5.389375933605347e-23, nan 
2.375, -69.625, 8.424606472475504e-23, nan 
2.625, -69.625, 1.1773303121943452e-22, nan 
2.875, -69.625, 1.1293267188319453e-22, nan 
3.125, -69.625, 1.784417339546663e-22, nan 
3.375, -69.625, 1.4715186959868713e-22, nan 
3.625, -69.625, 1.528095009309577e-22, nan 
3.875, -69.625, 2.072784290879681e-22, nan 
4.125, -69.625, 1.9255173705930552e-22, nan 
4.375, -69.625, 2.343881741045528e-22, nan 
4.625, -69.625, 2.2985748990248106e-22, nan 
4.875, -69.625, 2.309332240732616e-22, nan 
5.125, -69.625, 1.7354498507061989e-22, nan 
5.375, -69.625, 1.641834015934559e-22, nan 
5.625, -69.625, 1.7110826052895792e-22, nan 
5.875, -69.625, 8.954373634870007e-23, nan 
6.125, -69.625, 3.1939590379575645e-23, nan 
6.375, -69.625, 1.426368414979574e-22, nan 
-38.375, -69.375, 2.8486813935923e-23, nan 
-38.125, -69.375, 2.4563592224122123e-23, nan 
-37.875, -69.375, 1.5583889001166676e-23, nan 
-37.625, -69.375, 1.3190309442735608e-23, nan 
-37.375, -69.375, 1.3224993234872039e-23, nan 
-37.125, -69.375, 6.846406998827441e-24, nan 
-36.875, -69.375, 3.07718252691895e-24, nan 
-36.625, -69.375, 4.576207748526656e-24, nan 
-36.375, -69.375, 2.5466315305051546e-24, nan 
-36.125, -69.375, 5.7564970532860405e-24, nan 
-35.875, -69.375, 7.22525620076505e-24, nan 
-35.625, -69.375, 1.1350555838109708e-23, nan 
-35.375, -69.375, 1.1941202050022079e-23, nan 
-35.125, -69.375, 9.655464437303435e-24, nan 
-34.875, -69.375, 1.0820097066496409e-23, nan 
-34.625, -69.375, 1.223601767780239e-23, nan 
-34.375, -69.375, 8.881374785267547e-24, nan 
-34.125, -69.375, 7.581008635006028e-24, nan 
-33.875, -69.375, 7.312742995200952e-24, nan 
-33.625, -69.375, 7.394529302605409e-24, nan 
-33.375, -69.375, 1.1812100273452887e-23, nan 
-33.125, -69.375, 8.773721145249205e-24, nan 
-32.875, -69.375, 6.874341692486318e-24, nan 
-32.625, -69.375, 1.1252513181472158e-23, nan 
-32.375, -69.375, 3.135233019816012e-23, nan 
-32.125, -69.375, 2.9379612188075914e-23, nan 
-31.875, -69.375, 1.3939630264702398e-23, nan 
-31.625, -69.375, 5.430294099329307e-24, nan 
-31.375, -69.375, 5.0573413309591676e-24, nan 
-31.125, -69.375, 1.494361164213635e-23, nan 
-30.875, -69.375, 2.4868881217915258e-23, nan 
-30.625, -69.375, 3.92345538392555e-23, nan 
-30.375, -69.375, 5.305947482653974e-23, nan 
-30.125, -69.375, 6.234525013770017e-23, nan 
-29.875, -69.375, 6.422204989196973e-23, nan 
-29.625, -69.375, 7.869171367976972e-23, nan 
-29.375, -69.375, 9.97637146821334e-23, nan 
-29.125, -69.375, 9.929995244236631e-23, nan 
-28.875, -69.375, 5.83059555558731e-23, nan 
-28.625, -69.375, 5.0986664814905517e-23, nan 
-28.375, -69.375, 5.1159292584084706e-23, nan 
-28.125, -69.375, 4.496859900398727e-23, nan 
-27.875, -69.375, 4.3154869067861334e-23, nan 
-27.625, -69.375, 4.9984717908997196e-23, nan 
-27.375, -69.375, 4.2616115168579686e-23, nan 
-27.125, -69.375, 3.6242157629671157e-23, nan 
-26.875, -69.375, 3.6250928857548814e-23, nan 
-26.625, -69.375, 3.4530725972324497e-23, nan 
-26.375, -69.375, 7.67550011962737e-23, nan 
-26.125, -69.375, 7.5908441269937e-23, nan 
-25.875, -69.375, 7.691587639335757e-23, nan 
-25.625, -69.375, 8.009860169813542e-23, nan 
-25.375, -69.375, 6.886364103207815e-23, nan 
-25.125, -69.375, 5.1404975760251434e-23, nan 
-24.875, -69.375, 1.2132431158040092e-23, nan 
-24.625, -69.375, 1.438919861979349e-23, nan 
-24.375, -69.375, 2.275219175785057e-23, nan 
-24.125, -69.375, 2.3744699199155778e-23, nan 
-23.875, -69.375, 2.6694345849049587e-23, nan 
-23.625, -69.375, 3.2314000510312503e-23, nan 
-23.375, -69.375, 2.9194176236369034e-23, nan 
-23.125, -69.375, 3.342692016693815e-23, nan 
-22.875, -69.375, 3.393930881782306e-23, nan 
-22.625, -69.375, 3.779397517967586e-23, nan 
-22.375, -69.375, 4.0809262723044004e-23, nan 
-22.125, -69.375, 4.8007018348899967e-23, nan 
-21.875, -69.375, 4.9020305208703e-23, nan 
-21.625, -69.375, 4.8247271057215825e-23, nan 
-21.375, -69.375, 3.084425523707551e-23, nan 
-21.125, -69.375, 3.990016909378764e-23, nan 
-20.875, -69.375, 4.458542743015566e-23, nan 
-20.625, -69.375, 3.4982489185908606e-23, nan 
-20.375, -69.375, 3.069315404404631e-23, nan 
-20.125, -69.375, 2.709873145122082e-23, nan 
-19.875, -69.375, 2.6260479808494214e-23, nan 
-19.625, -69.375, 3.472435478795233e-23, nan 
-19.375, -69.375, 4.71140299612564e-23, nan 
-19.125, -69.375, 4.390162999096206e-23, nan 
-18.875, -69.375, 3.4978936960986293e-23, nan 
-18.625, -69.375, 3.0692288273387535e-23, nan 
-18.375, -69.375, 1.231993216929382e-22, nan 
-18.125, -69.375, 1.7311116173321083e-22, nan 
-17.875, -69.375, 1.9800574796174082e-22, nan 
-17.625, -69.375, 1.9836409653184577e-22, nan 
-17.375, -69.375, 2.9303772702732125e-22, nan 
-17.125, -69.375, 2.556196972075215e-22, nan 
-16.875, -69.375, 1.5085697818461048e-22, nan 
-16.625, -69.375, 1.8359388841020718e-22, nan 
-16.375, -69.375, 2.0071744692382415e-22, nan 
-16.125, -69.375, 2.6537547357784176e-22, nan 
-15.875, -69.375, 1.8545791399479695e-22, nan 
-15.625, -69.375, 1.5873114663330636e-22, nan 
-15.375, -69.375, 2.0527742346411922e-22, nan 
-15.125, -69.375, 2.1569566027288653e-22, nan 
-14.875, -69.375, 2.6628099880892936e-22, nan 
-14.625, -69.375, 2.7107635280368084e-22, nan 
-14.375, -69.375, 2.576898352652936e-22, nan 
-14.125, -69.375, 2.8925081363529654e-22, nan 
-13.875, -69.375, 2.801619923811173e-22, nan 
-13.625, -69.375, 2.5245958856898367e-22, nan 
-13.375, -69.375, 1.9806655931738145e-22, nan 
-13.125, -69.375, 1.4079375499785928e-22, nan 
-12.875, -69.375, 1.364453337770387e-22, nan 
-12.625, -69.375, 1.4184185081635112e-22, nan 
-12.375, -69.375, 1.3093097275727702e-22, nan 
-12.125, -69.375, 4.851368948778436e-23, nan 
-11.875, -69.375, 7.790020834100054e-23, nan 
-11.625, -69.375, 8.892966221061357e-23, nan 
-11.375, -69.375, 6.335870509707357e-23, nan 
-11.125, -69.375, 5.213664434347071e-23, nan 
-10.875, -69.375, 7.83521340071683e-23, nan 
-10.625, -69.375, 6.426498200742109e-23, nan 
-10.375, -69.375, 5.801680151759588e-23, nan 
-10.125, -69.375, 7.667107228427767e-23, nan 
-9.875, -69.375, 7.293179518658095e-23, nan 
-9.625, -69.375, 7.474357823852981e-23, nan 
-9.375, -69.375, 9.481873402061224e-23, nan 
-9.125, -69.375, 8.057649615107421e-23, nan 
-8.875, -69.375, 5.724005938883344e-23, nan 
-8.625, -69.375, 5.343452626780777e-23, nan 
-8.375, -69.375, 1.0124658033210555e-22, nan 
-8.125, -69.375, 1.0771928224536422e-22, nan 
-7.875, -69.375, 7.468204251317064e-23, nan 
-7.625, -69.375, 2.686221466896518e-23, nan 
-7.375, -69.375, 3.498410055618953e-23, nan 
-7.125, -69.375, 3.7168252949735727e-23, nan 
-6.875, -69.375, 2.666792337370354e-23, nan 
-6.625, -69.375, 2.688226804278264e-23, nan 
-6.375, -69.375, 3.4008607306073126e-23, nan 
-6.125, -69.375, 2.7681795488465693e-23, nan 
-5.875, -69.375, 4.011986885586606e-23, nan 
-5.625, -69.375, 3.3895672940501304e-23, nan 
-5.375, -69.375, 2.5245433709148226e-23, nan 
-5.125, -69.375, 4.1175904466456195e-23, nan 
-4.875, -69.375, 4.586844438823553e-23, nan 
-4.625, -69.375, 7.842569512081564e-23, nan 
-4.375, -69.375, 9.814190673348263e-23, nan 
-4.125, -69.375, 9.461938860186152e-23, nan 
-3.875, -69.375, 1.401437006159508e-22, nan 
-3.625, -69.375, 2.2934203713177347e-22, nan 
-3.375, -69.375, 1.6710103566602248e-22, nan 
-3.125, -69.375, 1.7980537062212198e-22, nan 
-2.875, -69.375, 2.4179379210748884e-22, nan 
-2.625, -69.375, 1.576722234282412e-22, nan 
-2.375, -69.375, 1.2572979376187802e-22, nan 
-2.125, -69.375, 1.0018740715051854e-22, nan 
-1.875, -69.375, 9.41297128038915e-23, nan 
-1.625, -69.375, 8.573929055644455e-23, nan 
-1.375, -69.375, 9.604122255569313e-23, nan 
-1.125, -69.375, 8.36026557470775e-23, nan 
-0.875, -69.375, 9.55951226997196e-23, nan 
-0.625, -69.375, 9.285724787328043e-23, nan 
-0.375, -69.375, 8.441454761717446e-23, nan 
-0.125, -69.375, 1.0066365763003666e-22, nan 
0.125, -69.375, 1.1961851224285697e-22, nan 
0.375, -69.375, 1.0839023934018563e-22, nan 
0.625, -69.375, 1.554214341849333e-22, nan 
0.875, -69.375, 2.7819792931854405e-22, nan 
1.125, -69.375, 1.65711196217243e-22, nan 
1.375, -69.375, 6.285727295249838e-23, nan 
1.625, -69.375, 9.055045890592725e-23, nan 
1.875, -69.375, 8.5597348977168e-23, nan 
2.125, -69.375, 6.301842743882345e-23, nan 
2.375, -69.375, 1.538275755201925e-22, nan 
2.625, -69.375, 1.7004697430710657e-22, nan 
2.875, -69.375, 1.786833866440681e-22, nan 
3.125, -69.375, 3.3979345064845538e-22, nan 
3.375, -69.375, 1.6434010533229365e-22, nan 
3.625, -69.375, 3.7529462820677744e-22, nan 
3.875, -69.375, 5.301017022079444e-22, nan 
4.125, -69.375, 3.3831423662258043e-22, nan 
4.375, -69.375, 5.108656053243321e-22, nan 
4.625, -69.375, 5.470836355657785e-22, nan 
4.875, -69.375, 4.2815464152980985e-22, nan 
5.125, -69.375, 4.506839647630221e-22, nan 
5.375, -69.375, 4.0254166871398835e-22, nan 
5.625, -69.375, 3.2182404569768904e-22, nan 
5.875, -69.375, 2.438445018080463e-22, nan 
6.125, -69.375, 2.1826544264216143e-22, nan 
6.375, -69.375, 2.269864366463753e-22, nan 
-37.875, -69.125, 1.1696457942814473e-23, nan 
-37.625, -69.125, 9.655313357701023e-24, nan 
-37.375, -69.125, 7.636570836208464e-24, nan 
-37.125, -69.125, 1.046169345105977e-23, nan 
-36.875, -69.125, 1.639540776172312e-23, nan 
-36.625, -69.125, 1.8903259708774022e-23, nan 
-36.375, -69.125, 2.978913657479629e-23, nan 
-36.125, -69.125, 1.2302589713115926e-23, nan 
-35.875, -69.125, 1.4104297263321057e-23, nan 
-35.625, -69.125, 1.5994241805127223e-23, nan 
-35.375, -69.125, 1.2647762714416575e-23, nan 
-35.125, -69.125, 1.2937328322208948e-23, nan 
-34.875, -69.125, 1.408513827907148e-23, nan 
-34.625, -69.125, 2.1697200628830967e-23, nan 
-34.375, -69.125, 2.6958796603380386e-23, nan 
-34.125, -69.125, 1.859362247753564e-23, nan 
-33.875, -69.125, 1.3409455933652963e-23, nan 
-33.625, -69.125, 7.31846212347077e-24, nan 
-33.375, -69.125, 6.3177151376198374e-24, nan 
-33.125, -69.125, 2.0426526935922018e-23, nan 
-32.875, -69.125, 2.411557986085741e-23, nan 
-32.625, -69.125, 1.393182907203189e-23, nan 
-32.375, -69.125, 5.0531731219753083e-23, nan 
-32.125, -69.125, 4.817220521928916e-23, nan 
-31.875, -69.125, 1.814326429110883e-23, nan 
-31.625, -69.125, 3.5482740052509615e-23, nan 
-31.375, -69.125, 4.3956518608443234e-23, nan 
-31.125, -69.125, 3.0419170587924447e-23, nan 
-30.875, -69.125, 2.892020685365978e-23, nan 
-30.625, -69.125, 2.832879176051995e-23, nan 
-30.375, -69.125, 2.4506267591091516e-23, nan 
-30.125, -69.125, 2.0647162724137347e-23, nan 
-29.875, -69.125, 3.1339697517250574e-23, nan 
-29.625, -69.125, 3.867087611799746e-23, nan 
-29.375, -69.125, 4.496917138017826e-23, nan 
-29.125, -69.125, 5.804571566706783e-23, nan 
-28.875, -69.125, 3.13663100601852e-23, nan 
-28.625, -69.125, 1.8317064063751306e-23, nan 
-28.375, -69.125, 1.5736063930154278e-23, nan 
-28.125, -69.125, 5.055033591893112e-23, nan 
-27.875, -69.125, 4.57427770356847e-23, nan 
-27.625, -69.125, 4.275022052164282e-23, nan 
-27.375, -69.125, 7.833465902586397e-23, nan 
-27.125, -69.125, 8.822847525353719e-23, nan 
-26.875, -69.125, 8.948101994312647e-23, nan 
-26.625, -69.125, 6.860322900146997e-23, nan 
-26.375, -69.125, 9.537654252887477e-23, nan 
-26.125, -69.125, 9.062643619640689e-23, nan 
-25.875, -69.125, 7.886155878536856e-23, nan 
-25.625, -69.125, 9.212348050029554e-23, nan 
-25.375, -69.125, 8.46595011761687e-23, nan 
-25.125, -69.125, 4.919233322054768e-23, nan 
-24.875, -69.125, 1.82959478942174e-23, nan 
-24.625, -69.125, 1.6959646697385242e-23, nan 
-24.375, -69.125, 2.4888772918760089e-23, nan 
-24.125, -69.125, 1.6196014014158832e-23, nan 
-23.875, -69.125, 2.040494832302226e-23, nan 
-23.625, -69.125, 2.55692769046892e-23, nan 
-23.375, -69.125, 2.3643761715438244e-23, nan 
-23.125, -69.125, 2.0441376804573264e-23, nan 
-22.875, -69.125, 1.882747214140792e-23, nan 
-22.625, -69.125, 2.1365817593429246e-23, nan 
-22.375, -69.125, 1.8059484252176756e-23, nan 
-22.125, -69.125, 2.6364848434378322e-23, nan 
-21.875, -69.125, 2.2264949581622518e-23, nan 
-21.625, -69.125, 2.600086821371073e-23, nan 
-21.375, -69.125, 2.462562341020475e-23, nan 
-21.125, -69.125, 3.339722918575445e-23, nan 
-20.875, -69.125, 4.406211922924438e-23, nan 
-20.625, -69.125, 3.781974959447956e-23, nan 
-20.375, -69.125, 3.2849428496450544e-23, nan 
-20.125, -69.125, 3.030340604886218e-23, nan 
-19.875, -69.125, 3.0987840890461434e-23, nan 
-19.625, -69.125, 3.307030701441691e-23, nan 
-19.375, -69.125, 3.255812326725077e-23, nan 
-19.125, -69.125, 2.538189147806674e-23, nan 
-18.875, -69.125, 2.6447369177514578e-23, nan 
-18.625, -69.125, 1.9524913352024604e-23, nan 
-18.375, -69.125, 2.504828444395901e-23, nan 
-18.125, -69.125, 5.501365920242128e-23, nan 
-17.875, -69.125, 7.790318206912806e-23, nan 
-17.625, -69.125, 2.3769848783882167e-22, nan 
-17.375, -69.125, 2.8640651982129417e-22, nan 
-17.125, -69.125, 2.189959865209328e-22, nan 
-16.875, -69.125, 1.983829990620381e-22, nan 
-16.625, -69.125, 2.7831326422989924e-22, nan 
-16.375, -69.125, 3.0200879102146765e-22, nan 
-16.125, -69.125, 2.604180508171599e-22, nan 
-15.875, -69.125, 2.6304906459231044e-22, nan 
-15.625, -69.125, 2.1406656534156628e-22, nan 
-15.375, -69.125, 3.025381413607884e-22, nan 
-15.125, -69.125, 3.2151245448483705e-22, nan 
-14.875, -69.125, 3.3128856734205155e-22, nan 
-14.625, -69.125, 3.185352639965032e-22, nan 
-14.375, -69.125, 2.9943400537986045e-22, nan 
-14.125, -69.125, 1.8636463595381134e-22, nan 
-13.875, -69.125, 1.2329142238364242e-22, nan 
-13.625, -69.125, 1.246378845732248e-22, nan 
-13.375, -69.125, 2.2264057467971235e-22, nan 
-13.125, -69.125, 1.777628779624439e-22, nan 
-12.875, -69.125, 1.2700378146304946e-22, nan 
-12.625, -69.125, 5.969734299049666e-23, nan 
-12.375, -69.125, 6.978700625797434e-23, nan 
-12.125, -69.125, 4.6123537535496577e-23, nan 
-11.875, -69.125, 8.472990331961228e-23, nan 
-11.625, -69.125, 8.720189879793394e-23, nan 
-11.375, -69.125, 7.842552739598191e-23, nan 
-11.125, -69.125, 1.027224664532542e-22, nan 
-10.875, -69.125, 1.1728784780364647e-22, nan 
-10.625, -69.125, 8.355712620448117e-23, nan 
-10.375, -69.125, 8.489358418650257e-23, nan 
-10.125, -69.125, 8.038128253367925e-23, nan 
-9.875, -69.125, 6.548202750095537e-23, nan 
-9.625, -69.125, 8.747779449352298e-23, nan 
-9.375, -69.125, 8.183740218156387e-23, nan 
-9.125, -69.125, 1.1241850311332547e-22, nan 
-8.875, -69.125, 9.48764910215476e-23, nan 
-8.625, -69.125, 1.0703158515626468e-22, nan 
-8.375, -69.125, 2.483341606102247e-22, nan 
-8.125, -69.125, 2.9428659055664086e-22, nan 
-7.875, -69.125, 2.140151913371987e-22, nan 
-7.625, -69.125, 1.8391463531646408e-22, nan 
-7.375, -69.125, 1.859480223198376e-22, nan 
-7.125, -69.125, 1.3320456441051924e-22, nan 
-6.875, -69.125, 7.174381988856936e-23, nan 
-6.625, -69.125, 6.24391198616593e-23, nan 
-6.375, -69.125, 1.003438932755647e-22, nan 
-6.125, -69.125, 1.1889975160488037e-22, nan 
-5.875, -69.125, 9.946458937224248e-23, nan 
-5.625, -69.125, 1.211910741327807e-22, nan 
-5.375, -69.125, 1.091720827316735e-22, nan 
-5.125, -69.125, 1.2402949851794953e-22, nan 
-4.875, -69.125, 1.3065503484718418e-22, nan 
-4.625, -69.125, 2.3864621275704703e-22, nan 
-4.375, -69.125, 2.7881148881305996e-22, nan 
-4.125, -69.125, 1.391299674195973e-22, nan 
-3.875, -69.125, 2.290913399544658e-22, nan 
-3.625, -69.125, 3.5069047827899855e-22, nan 
-3.375, -69.125, 3.9804674612034036e-22, nan 
-3.125, -69.125, 2.899729572803989e-22, nan 
-2.875, -69.125, 2.7599378729059864e-22, nan 
-2.625, -69.125, 3.93039686365521e-22, nan 
-2.375, -69.125, 2.991319561495658e-22, nan 
-2.125, -69.125, 2.089997529294639e-22, nan 
-1.875, -69.125, 1.7175546026315133e-22, nan 
-1.625, -69.125, 1.6605823426647405e-22, nan 
-1.375, -69.125, 1.503284903245972e-22, nan 
-1.125, -69.125, 1.3449044203789967e-22, nan 
-0.875, -69.125, 1.4094725922137556e-22, nan 
-0.625, -69.125, 1.5531942234470802e-22, nan 
-0.375, -69.125, 6.44797174155713e-23, nan 
-0.125, -69.125, 1.0541595324435518e-22, nan 
0.125, -69.125, 2.276340349979384e-22, nan 
0.375, -69.125, 1.4150887082501228e-22, nan 
0.625, -69.125, 3.681188445891712e-22, nan 
0.875, -69.125, 3.52024560176809e-22, nan 
1.125, -69.125, 2.143890971968635e-22, nan 
1.375, -69.125, 3.4215950523839146e-22, nan 
1.625, -69.125, 1.4604246660358475e-22, nan 
1.875, -69.125, 1.447407984037549e-22, nan 
2.125, -69.125, 1.6166322548535567e-22, nan 
2.375, -69.125, 1.944023549846169e-22, nan 
2.625, -69.125, 1.5206159626634604e-22, nan 
2.875, -69.125, 1.3653310471345402e-22, nan 
3.125, -69.125, 1.447065448780544e-22, nan 
3.375, -69.125, 1.2301188221499754e-22, nan 
3.625, -69.125, 3.7034631354022706e-22, nan 
3.875, -69.125, 4.74491470304351e-22, nan 
4.125, -69.125, 3.234451195193958e-22, nan 
4.375, -69.125, 1.274388627575864e-22, nan 
4.625, -69.125, 2.508331481364126e-22, nan 
4.875, -69.125, 9.941072122729854e-22, nan 
5.125, -69.125, 2.264712907023001e-21, nan 
5.375, -69.125, 1.5145065611003305e-21, nan 
5.625, -69.125, 4.468298484485881e-22, nan 
5.875, -69.125, 3.1324043253997435e-22, nan 
6.125, -69.125, 2.815666901545335e-22, nan 
6.375, -69.125, 3.1302093929288173e-22, nan 
-37.375, -68.875, 2.6772684844809175e-23, nan 
-37.125, -68.875, 5.779981394225791e-23, nan 
-36.875, -68.875, 9.730820338479952e-23, nan 
-36.625, -68.875, 6.995537503479513e-23, nan 
-36.375, -68.875, 6.907871994260055e-23, nan 
-36.125, -68.875, 8.113009818625896e-23, nan 
-35.875, -68.875, 8.556823211852078e-23, nan 
-35.625, -68.875, 5.409411129611804e-23, nan 
-35.375, -68.875, 3.834902028124664e-23, nan 
-35.125, -68.875, 4.454851236186719e-23, nan 
-34.875, -68.875, 3.520848092177211e-23, nan 
-34.625, -68.875, 3.4759875156355025e-23, nan 
-34.375, -68.875, 5.05152461337708e-23, nan 
-34.125, -68.875, 3.399488288757224e-23, nan 
-33.875, -68.875, 1.5585123622595175e-23, nan 
-33.625, -68.875, 2.1374825943193165e-23, nan 
-33.375, -68.875, 1.1901860742350891e-23, nan 
-33.125, -68.875, 9.571597384870218e-24, nan 
-32.875, -68.875, 1.741088194385899e-23, nan 
-32.625, -68.875, 1.0261546651364973e-23, nan 
-32.375, -68.875, 1.7818853482498883e-23, nan 
-32.125, -68.875, 1.8553202995968794e-23, nan 
-31.875, -68.875, 2.0443994414561988e-23, nan 
-31.625, -68.875, 2.9975973965058027e-23, nan 
-31.375, -68.875, 3.104722838308182e-23, nan 
-31.125, -68.875, 2.8896046029403604e-23, nan 
-30.875, -68.875, 1.5235918359365536e-23, nan 
-30.625, -68.875, 4.073617232528116e-23, nan 
-30.375, -68.875, 5.785885236751207e-23, nan 
-30.125, -68.875, 6.546394734387973e-23, nan 
-29.875, -68.875, 6.151398081119105e-23, nan 
-29.625, -68.875, 5.375702893579091e-23, nan 
-29.375, -68.875, 1.8914348039554243e-23, nan 
-29.125, -68.875, 1.7843469746461967e-23, nan 
-28.875, -68.875, 1.9966143335482588e-23, nan 
-28.625, -68.875, 2.2161929159556567e-23, nan 
-28.375, -68.875, 1.5180282696075984e-23, nan 
-28.125, -68.875, 2.1826287988271943e-23, nan 
-27.875, -68.875, 3.1590741012561737e-23, nan 
-27.625, -68.875, 2.6880624074245127e-23, nan 
-27.375, -68.875, 6.555391552851968e-23, nan 
-27.125, -68.875, 1.0470553645174337e-22, nan 
-26.875, -68.875, 1.1650228396332605e-22, nan 
-26.625, -68.875, 9.126147303302804e-23, nan 
-26.375, -68.875, 9.400661833671615e-23, nan 
-26.125, -68.875, 1.0960656579742186e-22, nan 
-25.875, -68.875, 1.2420249419072938e-22, nan 
-25.625, -68.875, 9.473049471702846e-23, nan 
-25.375, -68.875, 1.2552302717410315e-22, nan 
-25.125, -68.875, 6.837493712762207e-23, nan 
-24.875, -68.875, 2.636796062431157e-23, nan 
-24.625, -68.875, 1.601477397781807e-23, nan 
-24.375, -68.875, 2.1300486466710243e-23, nan 
-24.125, -68.875, 2.7401069578551223e-23, nan 
-23.875, -68.875, 2.548904072146776e-23, nan 
-23.625, -68.875, 2.368639072170321e-23, nan 
-23.375, -68.875, 3.4828327108054356e-23, nan 
-23.125, -68.875, 3.0698542725165974e-23, nan 
-22.875, -68.875, 2.1793290000542784e-23, nan 
-22.625, -68.875, 1.5913879771893892e-23, nan 
-22.375, -68.875, 2.3611274751956576e-23, nan 
-22.125, -68.875, 3.0562057402637214e-23, nan 
-21.875, -68.875, 3.8057966911272006e-23, nan 
-21.625, -68.875, 3.761789597333323e-23, nan 
-21.375, -68.875, 2.9407907710350335e-23, nan 
-21.125, -68.875, 3.532301334391248e-23, nan 
-20.875, -68.875, 3.800929190488245e-23, nan 
-20.625, -68.875, 1.9524095729800096e-23, nan 
-20.375, -68.875, 2.1030792957666178e-23, nan 
-20.125, -68.875, 1.9632438571748444e-23, nan 
-19.875, -68.875, 1.658162303937313e-23, nan 
-19.625, -68.875, 8.621506583493971e-24, nan 
-19.375, -68.875, 2.2239748092410426e-23, nan 
-19.125, -68.875, 1.643200548575064e-23, nan 
-18.875, -68.875, 2.7142919488903335e-23, nan 
-18.625, -68.875, 3.4842029476939986e-23, nan 
-18.375, -68.875, 4.947791172922198e-23, nan 
-18.125, -68.875, 6.980072070151151e-23, nan 
-17.875, -68.875, 7.443007916522783e-23, nan 
-17.625, -68.875, 8.48569768955488e-23, nan 
-17.375, -68.875, 8.078790784501397e-23, nan 
-17.125, -68.875, 5.311576874920412e-23, nan 
-16.875, -68.875, 1.3764737739904036e-22, nan 
-16.625, -68.875, 1.7074112634857994e-22, nan 
-16.375, -68.875, 2.4231478266318843e-22, nan 
-16.125, -68.875, 1.9421306437053698e-22, nan 
-15.875, -68.875, 2.335606832518289e-22, nan 
-15.625, -68.875, 2.9120342045572833e-22, nan 
-15.375, -68.875, 2.569739913161315e-22, nan 
-15.125, -68.875, 3.5149697807614774e-22, nan 
-14.875, -68.875, 4.3874934175057045e-22, nan 
-14.625, -68.875, 3.7409965640552173e-22, nan 
-14.375, -68.875, 2.782421554158168e-22, nan 
-14.125, -68.875, 3.7124444367096493e-22, nan 
-13.875, -68.875, 3.5645909711553903e-22, nan 
-13.625, -68.875, 2.843413600317748e-22, nan 
-13.375, -68.875, 3.057188802808998e-22, nan 
-13.125, -68.875, 3.857683446560975e-22, nan 
-12.875, -68.875, 4.24250721899798e-22, nan 
-12.625, -68.875, 2.8576202933523185e-22, nan 
-12.375, -68.875, 1.605938289080925e-22, nan 
-12.125, -68.875, 1.5403895153902638e-22, nan 
-11.875, -68.875, 1.2260114903595163e-22, nan 
-11.625, -68.875, 1.5808548644733698e-22, nan 
-11.375, -68.875, 6.443638081912196e-23, nan 
-11.125, -68.875, 1.1642973245011288e-22, nan 
-10.875, -68.875, 1.464698761194959e-22, nan 
-10.625, -68.875, 9.366852155220087e-23, nan 
-10.375, -68.875, 1.0128991523755793e-22, nan 
-10.125, -68.875, 1.2109587543558551e-22, nan 
-9.875, -68.875, 1.0358341350925451e-22, nan 
-9.625, -68.875, 1.020402316263048e-22, nan 
-9.375, -68.875, 1.8559868992598683e-22, nan 
-9.125, -68.875, 1.4214129284947673e-22, nan 
-8.875, -68.875, 2.2634410485609067e-22, nan 
-8.625, -68.875, 4.817025660151642e-22, nan 
-8.375, -68.875, 3.130332880568796e-22, nan 
-8.125, -68.875, 3.2177733891127105e-22, nan 
-7.875, -68.875, 4.515741466607852e-22, nan 
-7.625, -68.875, 2.4540111074601396e-22, nan 
-7.375, -68.875, 1.1794836020142442e-22, nan 
-7.125, -68.875, 1.4175180475166144e-22, nan 
-6.875, -68.875, 1.5102263607979516e-22, nan 
-6.625, -68.875, 1.2460943755818597e-22, nan 
-6.375, -68.875, 1.8715414176820571e-22, nan 
-6.125, -68.875, 2.564986781167834e-22, nan 
-5.875, -68.875, 2.9571178392640816e-22, nan 
-5.625, -68.875, 2.854348660704154e-22, nan 
-5.375, -68.875, 3.086930040735248e-22, nan 
-5.125, -68.875, 2.55897454756876e-22, nan 
-4.875, -68.875, 3.6359583622893446e-22, nan 
-4.625, -68.875, 4.421675657367507e-22, nan 
-4.375, -68.875, 4.27806349003403e-22, nan 
-4.125, -68.875, 3.1391809510496426e-22, nan 
-3.875, -68.875, 3.900077023601303e-22, nan 
-3.625, -68.875, 4.996247297827949e-22, nan 
-3.375, -68.875, 6.262740020830853e-22, nan 
-3.125, -68.875, 5.755390782830441e-22, nan 
-2.875, -68.875, 4.401299093485702e-22, nan 
-2.625, -68.875, 5.392826637381024e-22, nan 
-2.375, -68.875, 5.169323090547537e-22, nan 
-2.125, -68.875, 4.0582665404410035e-22, nan 
-1.875, -68.875, 3.5705392877497256e-22, nan 
-1.625, -68.875, 3.011399435988713e-22, nan 
-1.375, -68.875, 2.9331700858363416e-22, nan 
-1.125, -68.875, 3.233363911409269e-22, nan 
-0.875, -68.875, 2.75952946353494e-22, nan 
-0.625, -68.875, 3.245680786960406e-22, nan 
-0.375, -68.875, 3.1197012906965728e-22, nan 
-0.125, -68.875, 3.6406322909314214e-22, nan 
0.125, -68.875, 3.8047994339744947e-22, nan 
0.375, -68.875, 4.6715497822185e-22, nan 
0.625, -68.875, 7.363442610007577e-22, nan 
0.875, -68.875, 1.3692993980427379e-21, nan 
1.125, -68.875, 9.181709254538606e-22, nan 
1.375, -68.875, 9.459721808885812e-22, nan 
1.625, -68.875, 8.250866277631462e-22, nan 
1.875, -68.875, 5.997175392165513e-22, nan 
2.125, -68.875, 3.634475070078821e-22, nan 
2.375, -68.875, 4.34570407085542e-22, nan 
2.625, -68.875, 2.804843835879117e-22, nan 
2.875, -68.875, 3.930938762192721e-22, nan 
3.125, -68.875, 3.4782808687414318e-22, nan 
3.375, -68.875, 1.576666552623327e-22, nan 
3.625, -68.875, 2.4633020014005584e-22, nan 
3.875, -68.875, 3.6377402399971886e-22, nan 
4.125, -68.875, 1.5053422703097298e-21, nan 
4.375, -68.875, 3.160698435580042e-21, nan 
4.625, -68.875, 1.9445180873870986e-21, nan 
4.875, -68.875, 2.3508495863225566e-21, nan 
5.125, -68.875, 4.998360853146805e-21, nan 
5.375, -68.875, 3.7455209507373994e-21, nan 
5.625, -68.875, 1.5984166199659667e-21, nan 
5.875, -68.875, 5.748574305278852e-21, nan 
6.125, -68.875, 3.0334660504836146e-21, nan 
6.375, -68.875, 5.007261319682012e-22, nan 
-37.125, -68.625, 7.448441738037334e-23, nan 
-36.875, -68.625, 1.579593408371763e-22, nan 
-36.625, -68.625, 1.3314009086315663e-22, nan 
-36.375, -68.625, 6.659794985042183e-23, nan 
-36.125, -68.625, 1.327251981001442e-22, nan 
-35.875, -68.625, 1.3812791744007824e-22, nan 
-35.625, -68.625, 6.25866419086537e-23, nan 
-35.375, -68.625, 1.213095717623994e-22, nan 
-35.125, -68.625, 9.475245114367164e-23, nan 
-34.875, -68.625, 2.91317064841261e-23, nan 
-34.625, -68.625, 6.321033944805984e-23, nan 
-34.375, -68.625, 5.940638042096e-23, nan 
-34.125, -68.625, 3.414326437565254e-23, nan 
-33.875, -68.625, 1.7708636049247095e-23, nan 
-33.625, -68.625, 2.3429851080671394e-23, nan 
-33.375, -68.625, 5.078123901870649e-24, nan 
-33.125, -68.625, 8.379122577146355e-24, nan 
-32.875, -68.625, 1.709844594442515e-23, nan 
-32.625, -68.625, 1.601555214847959e-23, nan 
-32.375, -68.625, 1.744909661543788e-23, nan 
-32.125, -68.625, 1.6761562697600725e-23, nan 
-31.875, -68.625, 2.4832201408038548e-23, nan 
-31.625, -68.625, 3.54303344844984e-23, nan 
-31.375, -68.625, 3.398452393359233e-23, nan 
-31.125, -68.625, 7.012512189543703e-23, nan 
-30.875, -68.625, 7.994654492480817e-23, nan 
-30.625, -68.625, 7.461436217098188e-23, nan 
-30.375, -68.625, 1.1065672202792499e-22, nan 
-30.125, -68.625, 1.3852820111189803e-22, nan 
-29.875, -68.625, 1.2231982205836075e-22, nan 
-29.625, -68.625, 9.988940124321966e-23, nan 
-29.375, -68.625, 6.171511371594476e-23, nan 
-29.125, -68.625, 7.543350836278749e-23, nan 
-28.875, -68.625, 5.807665110752674e-23, nan 
-28.625, -68.625, 1.806858252463692e-23, nan 
-28.375, -68.625, 2.1125937399013817e-23, nan 
-28.125, -68.625, 2.7432792352047007e-23, nan 
-27.875, -68.625, 2.0416926823061924e-23, nan 
-27.625, -68.625, 5.954654971380488e-23, nan 
-27.375, -68.625, 7.656475405924517e-23, nan 
-27.125, -68.625, 8.451350556291734e-23, nan 
-26.875, -68.625, 1.1693999474443376e-22, nan 
-26.625, -68.625, 1.0731069853227548e-22, nan 
-26.375, -68.625, 9.4186561522342e-23, nan 
-26.125, -68.625, 9.414539511095741e-23, nan 
-25.875, -68.625, 1.3207272679657753e-22, nan 
-25.625, -68.625, 1.3347889827411193e-22, nan 
-25.375, -68.625, 1.5642381872959715e-22, nan 
-25.125, -68.625, 1.152101601795754e-22, nan 
-24.875, -68.625, 1.102647404124029e-22, nan 
-24.625, -68.625, 1.1347764157076755e-22, nan 
-24.375, -68.625, 8.239487808846593e-23, nan 
-24.125, -68.625, 4.285328752515723e-23, nan 
-23.875, -68.625, 4.991113520336681e-23, nan 
-23.625, -68.625, 6.081653414361099e-23, nan 
-23.375, -68.625, 8.580338332105295e-23, nan 
-23.125, -68.625, 9.356257650827952e-23, nan 
-22.875, -68.625, 8.038447347950535e-23, nan 
-22.625, -68.625, 7.331148153718934e-23, nan 
-22.375, -68.625, 3.694919555546225e-23, nan 
-22.125, -68.625, 4.31214588641587e-23, nan 
-21.875, -68.625, 4.1692336391388785e-23, nan 
-21.625, -68.625, 3.9901537735974203e-23, nan 
-21.375, -68.625, 4.7391737797553223e-23, nan 
-21.125, -68.625, 4.935046220318856e-23, nan 
-20.875, -68.625, 4.6938581404767454e-23, nan 
-20.625, -68.625, 3.908858012031841e-23, nan 
-20.375, -68.625, 5.314031810230634e-23, nan 
-20.125, -68.625, 5.2448622798263087e-23, nan 
-19.875, -68.625, 4.818427126090197e-23, nan 
-19.625, -68.625, 4.081067707436465e-23, nan 
-19.375, -68.625, 5.1705499523239546e-23, nan 
-19.125, -68.625, 4.189195454880727e-23, nan 
-18.875, -68.625, 4.8036309273253834e-23, nan 
-18.625, -68.625, 2.696635765200445e-23, nan 
-18.375, -68.625, 5.58837174709158e-23, nan 
-18.125, -68.625, 4.2617205465151457e-23, nan 
-17.875, -68.625, 3.359264395569132e-23, nan 
-17.625, -68.625, 5.442025362058712e-23, nan 
-17.375, -68.625, 4.945235702594528e-23, nan 
-17.125, -68.625, 6.342137118067058e-23, nan 
-16.875, -68.625, 8.137254280767715e-23, nan 
-16.625, -68.625, 1.0402944718678215e-22, nan 
-16.375, -68.625, 1.2429608936649067e-22, nan 
-16.125, -68.625, 1.3721801831096033e-22, nan 
-15.875, -68.625, 2.000988333246583e-22, nan 
-15.625, -68.625, 4.971503996623547e-22, nan 
-15.375, -68.625, 5.872988720053493e-22, nan 
-15.125, -68.625, 3.335838791368391e-22, nan 
-14.875, -68.625, 5.395112145506113e-22, nan 
-14.625, -68.625, 7.149325420281027e-22, nan 
-14.375, -68.625, 3.235136726998196e-22, nan 
-14.125, -68.625, 1.4782990463552268e-22, nan 
-13.875, -68.625, 4.11375727623646e-23, nan 
-13.625, -68.625, 3.174658469052025e-22, nan 
-13.375, -68.625, 5.845731668657418e-22, nan 
-13.125, -68.625, 6.3847453328008635e-22, nan 
-12.875, -68.625, 5.474207267902396e-22, nan 
-12.625, -68.625, 6.660635200489452e-22, nan 
-12.375, -68.625, 6.005930503849209e-22, nan 
-12.125, -68.625, 2.8239858557516932e-22, nan 
-11.875, -68.625, 2.390973607108546e-22, nan 
-11.625, -68.625, 1.990902712670431e-22, nan 
-11.375, -68.625, 8.97736833935928e-23, nan 
-11.125, -68.625, 1.1780200794780245e-22, nan 
-10.875, -68.625, 1.8017369335183944e-22, nan 
-10.625, -68.625, 1.1342967206750828e-22, nan 
-10.375, -68.625, 1.869876131710643e-22, nan 
-10.125, -68.625, 1.5573122392472907e-22, nan 
-9.875, -68.625, 1.5591316552230744e-22, nan 
-9.625, -68.625, 1.7031126596155287e-22, nan 
-9.375, -68.625, 1.9047199596076058e-22, nan 
-9.125, -68.625, 1.7390830062017802e-22, nan 
-8.875, -68.625, 3.0816043697664475e-22, nan 
-8.625, -68.625, 5.618648161160703e-22, nan 
-8.375, -68.625, 4.0282405446201293e-22, nan 
-8.125, -68.625, 2.7253438458294193e-22, nan 
-7.875, -68.625, 3.201647423699002e-22, nan 
-7.625, -68.625, 2.2161484088074775e-22, nan 
-7.375, -68.625, 3.233018812904656e-22, nan 
-7.125, -68.625, 4.032483609742079e-22, nan 
-6.875, -68.625, 2.7514740034850756e-22, nan 
-6.625, -68.625, 3.901802156491426e-22, nan 
-6.375, -68.625, 1.9446795527626603e-22, nan 
-6.125, -68.625, 3.46747531260407e-22, nan 
-5.875, -68.625, 9.250109237971999e-22, nan 
-5.625, -68.625, 7.946787504103679e-22, nan 
-5.375, -68.625, 9.386891930964819e-22, nan 
-5.125, -68.625, 6.977377932921958e-22, nan 
-4.875, -68.625, 7.757694588887476e-22, nan 
-4.625, -68.625, 8.10882443632398e-22, nan 
-4.375, -68.625, 5.757495726433505e-22, nan 
-4.125, -68.625, 9.3460071938741e-22, nan 
-3.875, -68.625, 1.3149471825763757e-21, nan 
-3.625, -68.625, 7.815354623283143e-22, nan 
-3.375, -68.625, 1.1560878354232825e-21, nan 
-3.125, -68.625, 1.235586327127735e-21, nan 
-2.875, -68.625, 9.101375454366129e-22, nan 
-2.625, -68.625, 1.0244937696845928e-21, nan 
-2.375, -68.625, 1.0335452437315561e-21, nan 
-2.125, -68.625, 9.054790751018083e-22, nan 
-1.875, -68.625, 8.056385627185441e-22, nan 
-1.625, -68.625, 9.823030086276542e-22, nan 
-1.375, -68.625, 6.88607840543002e-22, nan 
-1.125, -68.625, 5.712447355423668e-22, nan 
-0.875, -68.625, 6.300004927297306e-22, nan 
-0.625, -68.625, 8.962815896311224e-22, nan 
-0.375, -68.625, 9.274156220319147e-22, nan 
-0.125, -68.625, 9.108785779654114e-22, nan 
0.125, -68.625, 2.0247244415587844e-21, nan 
0.375, -68.625, 2.447605321091566e-21, nan 
0.625, -68.625, 3.332168592946412e-21, nan 
0.875, -68.625, 3.394942027570966e-21, nan 
1.125, -68.625, 3.256524542525692e-21, nan 
1.375, -68.625, 9.244061946264632e-21, nan 
1.625, -68.625, 5.740615481491409e-21, nan 
1.875, -68.625, 7.516575040742493e-22, nan 
2.125, -68.625, 8.347781592211459e-22, nan 
2.375, -68.625, 6.070961180567413e-22, nan 
2.625, -68.625, 1.520017002078644e-22, nan 
2.875, -68.625, 1.59499971661744e-21, nan 
3.125, -68.625, 7.932694101537352e-22, nan 
3.375, -68.625, 5.568836872242888e-22, nan 
3.625, -68.625, 7.927712026017119e-22, nan 
3.875, -68.625, 2.964776863290957e-21, nan 
4.125, -68.625, 3.709851719662087e-21, nan 
4.375, -68.625, 5.1396081179913345e-21, nan 
4.625, -68.625, 2.983360155629733e-21, nan 
4.875, -68.625, 7.180914693952244e-21, nan 
5.125, -68.625, 1.6003488738116184e-20, nan 
5.375, -68.625, 6.683317387508047e-21, nan 
5.625, -68.625, 5.402157569656493e-21, nan 
5.875, -68.625, 8.49115371194227e-21, nan 
6.125, -68.625, 3.3470001926619417e-21, nan 
6.375, -68.625, 3.5624496257174963e-22, nan 
-36.625, -68.375, 9.174193107606594e-23, nan 
-36.375, -68.375, 1.0551188593496103e-22, nan 
-36.125, -68.375, 1.198370439664327e-22, nan 
-35.875, -68.375, 9.641830584993745e-23, nan 
-35.625, -68.375, 7.128987626342607e-23, nan 
-35.375, -68.375, 7.168531775128435e-23, nan 
-35.125, -68.375, 1.5696782605392288e-23, nan 
-34.875, -68.375, 2.0383450694608337e-23, nan 
-34.625, -68.375, 4.011100878795658e-23, nan 
-34.375, -68.375, 4.048146501261649e-23, nan 
-34.125, -68.375, 3.00247054255417e-23, nan 
-33.875, -68.375, 2.9342558662453114e-23, nan 
-33.625, -68.375, 2.1505696731139634e-23, nan 
-33.375, -68.375, 1.6210951338487773e-23, nan 
-33.125, -68.375, 2.087804622300537e-23, nan 
-32.875, -68.375, 2.2166213714341202e-23, nan 
-32.625, -68.375, 2.4314992187099785e-23, nan 
-32.375, -68.375, 2.297016992706125e-23, nan 
-32.125, -68.375, 2.313167635577975e-23, nan 
-31.875, -68.375, 2.4314405502272148e-23, nan 
-31.625, -68.375, 2.4979730740768757e-23, nan 
-31.375, -68.375, 1.7381786886481734e-23, nan 
-31.125, -68.375, 1.9513120628155006e-23, nan 
-30.875, -68.375, 2.733618776844951e-23, nan 
-30.625, -68.375, 4.551578890456987e-23, nan 
-30.375, -68.375, 6.112177656029768e-23, nan 
-30.125, -68.375, 7.615512597506821e-23, nan 
-29.875, -68.375, 8.179568924671811e-23, nan 
-29.625, -68.375, 7.192242708418371e-23, nan 
-29.375, -68.375, 1.5982737946200338e-23, nan 
-29.125, -68.375, 1.4497062423720257e-23, nan 
-28.875, -68.375, 2.2003507750261353e-23, nan 
-28.625, -68.375, 2.3455662817180235e-23, nan 
-28.375, -68.375, 2.676010690730972e-23, nan 
-28.125, -68.375, 3.065597735205367e-23, nan 
-27.875, -68.375, 2.2265546185556183e-23, nan 
-27.625, -68.375, 2.764534604456008e-23, nan 
-27.375, -68.375, 5.350071285073497e-23, nan 
-27.125, -68.375, 1.0270852601686224e-22, nan 
-26.875, -68.375, 1.042630674203026e-22, nan 
-26.625, -68.375, 9.80431714779345e-23, nan 
-26.375, -68.375, 1.6405159945392249e-22, nan 
-26.125, -68.375, 1.6404268726663713e-22, nan 
-25.875, -68.375, 1.6698318614098272e-22, nan 
-25.625, -68.375, 1.9589798758339577e-22, nan 
-25.375, -68.375, 1.9595089003817085e-22, nan 
-25.125, -68.375, 1.5898874342343506e-22, nan 
-24.875, -68.375, 1.5066153754235628e-22, nan 
-24.625, -68.375, 1.3847147163531527e-22, nan 
-24.375, -68.375, 8.38274887123937e-23, nan 
-24.125, -68.375, 4.1625863604036035e-23, nan 
-23.875, -68.375, 5.687570793029637e-23, nan 
-23.625, -68.375, 6.88396883047207e-23, nan 
-23.375, -68.375, 1.0124143019137868e-22, nan 
-23.125, -68.375, 1.5457299944445649e-22, nan 
-22.875, -68.375, 1.272810627727806e-22, nan 
-22.625, -68.375, 1.092092712019028e-22, nan 
-22.375, -68.375, 1.3566383186509528e-22, nan 
-22.125, -68.375, 1.0860132003451266e-22, nan 
-21.875, -68.375, 8.069027448855932e-23, nan 
-21.625, -68.375, 4.9807012606596824e-23, nan 
-21.375, -68.375, 4.623724961440075e-23, nan 
-21.125, -68.375, 3.386693314259011e-23, nan 
-20.875, -68.375, 4.4166167959698814e-23, nan 
-20.625, -68.375, 4.860100237132532e-23, nan 
-20.375, -68.375, 8.356383556256428e-23, nan 
-20.125, -68.375, 7.179094334426173e-23, nan 
-19.875, -68.375, 6.377658580745194e-23, nan 
-19.625, -68.375, 7.917732142534228e-23, nan 
-19.375, -68.375, 8.422790236781652e-23, nan 
-19.125, -68.375, 6.050928946753792e-23, nan 
-18.875, -68.375, 6.783387918125523e-23, nan 
-18.625, -68.375, 6.833326217727903e-23, nan 
-18.375, -68.375, 9.620392535306507e-23, nan 
-18.125, -68.375, 8.296515345786057e-23, nan 
-17.875, -68.375, 8.192766852140744e-23, nan 
-17.625, -68.375, 1.1938938511630187e-22, nan 
-17.375, -68.375, 8.989282981615602e-23, nan 
-17.125, -68.375, 6.582571928868614e-23, nan 
-16.875, -68.375, 9.037256614412463e-23, nan 
-16.625, -68.375, 1.383890985642391e-22, nan 
-16.375, -68.375, 1.1854039384845888e-22, nan 
-16.125, -68.375, 1.0749932603039157e-22, nan 
-15.875, -68.375, 2.951055801438348e-22, nan 
-15.625, -68.375, 4.258386996281493e-22, nan 
-15.375, -68.375, 6.470002554419131e-22, nan 
-15.125, -68.375, 7.14748637300295e-22, nan 
-14.875, -68.375, 9.230523465709963e-22, nan 
-14.625, -68.375, 1.2658823567861891e-21, nan 
-14.375, -68.375, 8.344985044713033e-22, nan 
-14.125, -68.375, 5.112999585004683e-22, nan 
-13.875, -68.375, 5.28852422178765e-22, nan 
-13.625, -68.375, 8.414657155351537e-22, nan 
-13.375, -68.375, 1.052254698891824e-21, nan 
-13.125, -68.375, 8.46670894785794e-22, nan 
-12.875, -68.375, 9.305995074273879e-22, nan 
-12.625, -68.375, 8.569349724949674e-22, nan 
-12.375, -68.375, 6.142220349046431e-22, nan 
-12.125, -68.375, 1.793545064502986e-22, nan 
-11.875, -68.375, 1.5108050077478096e-22, nan 
-11.625, -68.375, 1.8829983918230486e-22, nan 
-11.375, -68.375, 1.696988590208719e-22, nan 
-11.125, -68.375, 4.518131077834737e-22, nan 
-10.875, -68.375, 4.686520104602629e-22, nan 
-10.625, -68.375, 3.4855493089352855e-22, nan 
-10.375, -68.375, 4.965952410649427e-22, nan 
-10.125, -68.375, 4.269361008352103e-22, nan 
-9.875, -68.375, 4.656800120903635e-22, nan 
-9.625, -68.375, 3.359604935511111e-22, nan 
-9.375, -68.375, 3.2895573779517546e-22, nan 
-9.125, -68.375, 4.649737264963931e-22, nan 
-8.875, -68.375, 3.739027070283994e-22, nan 
-8.625, -68.375, 5.269080293259757e-22, nan 
-8.375, -68.375, 6.366323652303502e-22, nan 
-8.125, -68.375, 8.912031598512626e-22, nan 
-7.875, -68.375, 9.959695670699237e-22, nan 
-7.625, -68.375, 9.359037479098355e-22, nan 
-7.375, -68.375, 8.184807812873956e-22, nan 
-7.125, -68.375, 9.636816416009337e-22, nan 
-6.875, -68.375, 8.85263685410635e-22, nan 
-6.625, -68.375, 1.6269807460300477e-21, nan 
-6.375, -68.375, 1.4797261741739954e-21, nan 
-6.125, -68.375, 1.7470825649863816e-21, nan 
-5.875, -68.375, 2.6579896868822645e-21, nan 
-5.625, -68.375, 2.7994475032989903e-21, nan 
-5.375, -68.375, 3.251632866912162e-21, nan 
-5.125, -68.375, 2.9368256856976616e-21, nan 
-4.875, -68.375, 3.179784331765037e-21, nan 
-4.625, -68.375, 3.3673102873006152e-21, nan 
-4.375, -68.375, 2.9234454422275565e-21, nan 
-4.125, -68.375, 4.737035135691228e-21, nan 
-3.875, -68.375, 6.7613864807872425e-21, nan 
-3.625, -68.375, 2.197778350330663e-21, nan 
-3.375, -68.375, 4.088422569158539e-21, nan 
-3.125, -68.375, 5.957697115578113e-21, nan 
-2.875, -68.375, 2.033510058704835e-21, nan 
-2.625, -68.375, 3.8112949058127956e-21, nan 
-2.375, -68.375, 2.833083702795148e-21, nan 
-2.125, -68.375, 3.0064449390553388e-21, nan 
-1.875, -68.375, 3.2722034134986053e-21, nan 
-1.625, -68.375, 2.664148738869477e-21, nan 
-1.375, -68.375, 2.736978625269672e-21, nan 
-1.125, -68.375, 1.7446197887922946e-21, nan 
-0.875, -68.375, 1.4041117987971634e-21, nan 
-0.625, -68.375, 2.1343553663465436e-21, nan 
-0.375, -68.375, 2.310816638194677e-21, nan 
-0.125, -68.375, 4.391832298944894e-21, nan 
0.125, -68.375, 6.7636707200925515e-21, nan 
0.375, -68.375, 7.900032670122834e-21, nan 
0.625, -68.375, 1.5540592875664366e-20, nan 
0.875, -68.375, 1.0664709229073288e-20, nan 
1.125, -68.375, 7.679605074127185e-21, nan 
1.375, -68.375, 2.115431171928037e-20, nan 
1.625, -68.375, 1.4392308141520812e-20, nan 
1.875, -68.375, 9.277651162456437e-22, nan 
2.125, -68.375, 7.262996575570061e-21, nan 
2.375, -68.375, 5.515207137925299e-21, nan 
2.625, -68.375, 1.5760167741539375e-21, nan 
2.875, -68.375, 6.520747831665174e-21, nan 
3.125, -68.375, 1.7648819267105676e-21, nan 
3.375, -68.375, 4.1817817702248825e-22, nan 
3.625, -68.375, 3.1168858539026206e-21, nan 
3.875, -68.375, 4.632243194754753e-21, nan 
4.125, -68.375, 4.333862225482317e-21, nan 
4.375, -68.375, 2.0590774363614938e-21, nan 
4.625, -68.375, 9.435814160492148e-21, nan 
4.875, -68.375, 1.1974804543107469e-20, nan 
5.125, -68.375, 2.0273847968638716e-20, nan 
5.375, -68.375, 7.948753959748324e-21, nan 
5.625, -68.375, 3.543487990232119e-21, nan 
5.875, -68.375, 2.3114273188723508e-21, nan 
6.125, -68.375, 7.840791538243502e-22, nan 
6.375, -68.375, 3.875899392411602e-22, nan 
-36.375, -68.125, 6.809328747770123e-23, nan 
-36.125, -68.125, 8.5846512725906e-23, nan 
-35.875, -68.125, 3.254114103119119e-23, nan 
-35.625, -68.125, 2.832350903001152e-23, nan 
-35.375, -68.125, 2.413010531759782e-23, nan 
-35.125, -68.125, 2.3156980226078095e-23, nan 
-34.875, -68.125, 2.386327493928514e-23, nan 
-34.625, -68.125, 2.0678609631483402e-23, nan 
-34.375, -68.125, 2.3315573360042115e-23, nan 
-34.125, -68.125, 2.0375581545829557e-23, nan 
-33.875, -68.125, 2.2551629806511533e-23, nan 
-33.625, -68.125, 1.665554703649533e-23, nan 
-33.375, -68.125, 1.8978268123824386e-23, nan 
-33.125, -68.125, 1.9066434725569505e-23, nan 
-32.875, -68.125, 2.0453608206275642e-23, nan 
-32.625, -68.125, 2.071185515610518e-23, nan 
-32.375, -68.125, 2.0175459428106152e-23, nan 
-32.125, -68.125, 1.828032175584535e-23, nan 
-31.875, -68.125, 1.7879989447931398e-23, nan 
-31.625, -68.125, 1.6437637925259912e-23, nan 
-31.375, -68.125, 1.3359181053216958e-23, nan 
-31.125, -68.125, 1.197798272326227e-23, nan 
-30.875, -68.125, 2.1506547623674037e-23, nan 
-30.625, -68.125, 1.869856926401729e-23, nan 
-30.375, -68.125, 7.831288557636537e-24, nan 
-30.125, -68.125, 9.957554578293067e-24, nan 
-29.875, -68.125, 1.4400344631537074e-23, nan 
-29.625, -68.125, 1.641102880566377e-23, nan 
-29.375, -68.125, 1.357946164139278e-23, nan 
-29.125, -68.125, 1.4899657307265786e-23, nan 
-28.875, -68.125, 2.672796641608879e-23, nan 
-28.625, -68.125, 2.2552448376096426e-23, nan 
-28.375, -68.125, 1.63650997902588e-23, nan 
-28.125, -68.125, 1.2987127999577343e-23, nan 
-27.875, -68.125, 2.6231109651114693e-23, nan 
-27.625, -68.125, 2.2880212756838975e-23, nan 
-27.375, -68.125, 2.0130388938504156e-23, nan 
-27.125, -68.125, 2.702729498895792e-23, nan 
-26.875, -68.125, 3.032012209981452e-23, nan 
-26.625, -68.125, 6.555604328318035e-23, nan 
-26.375, -68.125, 1.461247823361022e-22, nan 
-26.125, -68.125, 1.6998166133041233e-22, nan 
-25.875, -68.125, 1.8442379585986974e-22, nan 
-25.625, -68.125, 1.8646548758160773e-22, nan 
-25.375, -68.125, 1.957268577197505e-22, nan 
-25.125, -68.125, 1.7324043108078434e-22, nan 
-24.875, -68.125, 7.056701099790537e-23, nan 
-24.625, -68.125, 4.840147813137463e-23, nan 
-24.375, -68.125, 6.317323837421189e-23, nan 
-24.125, -68.125, 7.783724024835015e-23, nan 
-23.875, -68.125, 1.14776177959835e-22, nan 
-23.625, -68.125, 3.7938234400326753e-23, nan 
-23.375, -68.125, 9.261547679122535e-23, nan 
-23.125, -68.125, 2.097582964449627e-22, nan 
-22.875, -68.125, 1.283694492685779e-22, nan 
-22.625, -68.125, 1.1833392878234307e-22, nan 
-22.375, -68.125, 2.1057052333817964e-22, nan 
-22.125, -68.125, 1.4167469774362792e-22, nan 
-21.875, -68.125, 1.1558810919568735e-22, nan 
-21.625, -68.125, 1.2434832025276105e-22, nan 
-21.375, -68.125, 7.188245859605145e-23, nan 
-21.125, -68.125, 5.317122485500393e-23, nan 
-20.875, -68.125, 6.82841009513125e-23, nan 
-20.625, -68.125, 8.233074018292443e-23, nan 
-20.375, -68.125, 8.128168158316427e-23, nan 
-20.125, -68.125, 5.283970257556931e-23, nan 
-19.875, -68.125, 5.343424463283401e-23, nan 
-19.625, -68.125, 9.937528768106348e-23, nan 
-19.375, -68.125, 9.77769583431652e-23, nan 
-19.125, -68.125, 9.291956476012265e-23, nan 
-18.875, -68.125, 8.633676282656501e-23, nan 
-18.625, -68.125, 1.216907608524136e-22, nan 
-18.375, -68.125, 1.0167162262853895e-22, nan 
-18.125, -68.125, 1.2212316683072584e-22, nan 
-17.875, -68.125, 1.5065635087506811e-22, nan 
-17.625, -68.125, 1.4881847145108197e-22, nan 
-17.375, -68.125, 1.3927721713084263e-22, nan 
-17.125, -68.125, 1.896679225412179e-22, nan 
-16.875, -68.125, 2.0699967640286586e-22, nan 
-16.625, -68.125, 1.9409479564610841e-22, nan 
-16.375, -68.125, 2.036369891451365e-22, nan 
-16.125, -68.125, 1.3191674453778903e-22, nan 
-15.875, -68.125, 1.2661819311723835e-22, nan 
-15.625, -68.125, 2.1356208293195544e-22, nan 
-15.375, -68.125, 1.3843468433581181e-22, nan 
-15.125, -68.125, 7.012295943552619e-22, nan 
-14.875, -68.125, 1.3272106275779074e-21, nan 
-14.625, -68.125, 1.5897571560754627e-21, nan 
-14.375, -68.125, 1.3214413139791238e-21, nan 
-14.125, -68.125, 1.5033552615432732e-21, nan 
-13.875, -68.125, 1.4482414723989053e-21, nan 
-13.625, -68.125, 1.2216776924836937e-21, nan 
-13.375, -68.125, 1.7335097579596435e-21, nan 
-13.125, -68.125, 1.5704028025482366e-21, nan 
-12.875, -68.125, 4.780134516548813e-22, nan 
-12.625, -68.125, 3.7843254907641755e-22, nan 
-12.375, -68.125, 4.1009138685113136e-22, nan 
-12.125, -68.125, 1.678242004048048e-22, nan 
-11.875, -68.125, 2.617121689968052e-22, nan 
-11.625, -68.125, 6.015506837057073e-22, nan 
-11.375, -68.125, 7.690554616694524e-22, nan 
-11.125, -68.125, 9.506741379068194e-22, nan 
-10.875, -68.125, 1.0985898527523276e-21, nan 
-10.625, -68.125, 9.99778505892682e-22, nan 
-10.375, -68.125, 7.540409085461396e-22, nan 
-10.125, -68.125, 6.12243892912116e-22, nan 
-9.875, -68.125, 5.4559371520728585e-22, nan 
-9.625, -68.125, 5.142807799161913e-22, nan 
-9.375, -68.125, 6.615519746994779e-22, nan 
-9.125, -68.125, 1.3849842199335214e-21, nan 
-8.875, -68.125, 1.6193466952968883e-21, nan 
-8.625, -68.125, 1.7879977414551337e-21, nan 
-8.375, -68.125, 2.4946037385559036e-21, nan 
-8.125, -68.125, 2.929206667611592e-21, nan 
-7.875, -68.125, 2.8010783504479344e-21, nan 
-7.625, -68.125, 3.4218348221081994e-21, nan 
-7.375, -68.125, 2.119299496608597e-21, nan 
-7.125, -68.125, 8.994144898330745e-22, nan 
-6.875, -68.125, 3.543120502269536e-21, nan 
-6.625, -68.125, 4.449538330403557e-21, nan 
-6.375, -68.125, 6.629827467557507e-21, nan 
-6.125, -68.125, 7.145449792224008e-21, nan 
-5.875, -68.125, 4.079004389219337e-21, nan 
-5.625, -68.125, 2.211382319038344e-21, nan 
-5.375, -68.125, 4.3393406266527095e-21, nan 
-5.125, -68.125, 9.988904793623715e-21, nan 
-4.875, -68.125, 1.0908321987180975e-20, nan 
-4.625, -68.125, 1.2734708942534842e-20, nan 
-4.375, -68.125, 1.5325363521706988e-20, nan 
-4.125, -68.125, 1.6589056771254998e-20, nan 
-3.875, -68.125, 2.022340766060148e-20, nan 
-3.625, -68.125, 9.18314579757163e-21, nan 
-3.375, -68.125, 1.4978121616190624e-20, nan 
-3.125, -68.125, 1.0214049863591362e-20, nan 
-2.875, -68.125, 5.311642251288456e-21, nan 
-2.625, -68.125, 1.0035198863290466e-20, nan 
-2.375, -68.125, 6.1677588430466755e-21, nan 
-2.125, -68.125, 4.9893618843946705e-21, nan 
-1.875, -68.125, 3.197807882130129e-21, nan 
-1.625, -68.125, 2.7618840967381832e-21, nan 
-1.375, -68.125, 2.157958656861518e-21, nan 
-1.125, -68.125, 2.7976529988992895e-21, nan 
-0.875, -68.125, 2.748939270157529e-21, nan 
-0.625, -68.125, 1.968459986425342e-21, nan 
-0.375, -68.125, 1.6632218074134543e-21, nan 
-0.125, -68.125, 4.292215984433888e-21, nan 
0.125, -68.125, 4.168377546993262e-21, nan 
0.375, -68.125, 8.795942682432811e-21, nan 
0.625, -68.125, 1.0622869802168836e-20, nan 
0.875, -68.125, 5.154638156988157e-21, nan 
1.125, -68.125, 8.660004180127105e-21, nan 
1.375, -68.125, 8.984378147099951e-21, nan 
1.625, -68.125, 6.189144769354186e-21, nan 
1.875, -68.125, 5.085115114970142e-21, nan 
2.125, -68.125, 6.003680189385495e-21, nan 
2.375, -68.125, 2.7389417703934144e-21, nan 
2.625, -68.125, 3.6683856083033715e-21, nan 
2.875, -68.125, 4.912102148106853e-21, nan 
3.125, -68.125, 1.2451375315902093e-21, nan 
3.375, -68.125, 1.8056318615882044e-21, nan 
3.625, -68.125, 7.996556010641736e-22, nan 
3.875, -68.125, 8.089831550465828e-22, nan 
4.125, -68.125, 6.17289977306449e-22, nan 
4.375, -68.125, 6.453710040796874e-22, nan 
4.625, -68.125, 6.5618975965311304e-21, nan 
4.875, -68.125, 5.247362327582701e-21, nan 
5.125, -68.125, 2.8146056624406676e-21, nan 
5.375, -68.125, 8.834447282486999e-22, nan 
5.625, -68.125, 4.041119753135847e-22, nan 
5.875, -68.125, 5.333104695248531e-22, nan 
6.125, -68.125, 6.624482532317108e-22, nan 
6.375, -68.125, 4.309355993127647e-22, nan 
-35.875, -67.875, 2.9311624655242786e-23, nan 
-35.625, -67.875, 2.499877865134198e-23, nan 
-35.375, -67.875, 1.770885247612827e-23, nan 
-35.125, -67.875, 1.7382844413989078e-23, nan 
-34.875, -67.875, 1.5767391545404976e-23, nan 
-34.625, -67.875, 1.842698793608352e-23, nan 
-34.375, -67.875, 1.7153459436850517e-23, nan 
-34.125, -67.875, 2.3323597449816268e-23, nan 
-33.875, -67.875, 2.274819975509494e-23, nan 
-33.625, -67.875, 1.9376997449348092e-23, nan 
-33.375, -67.875, 2.3852680525755225e-23, nan 
-33.125, -67.875, 1.8695162707599337e-23, nan 
-32.875, -67.875, 1.8673014719997358e-23, nan 
-32.625, -67.875, 1.3083931700351211e-23, nan 
-32.375, -67.875, 1.2017824724044263e-23, nan 
-32.125, -67.875, 1.4512432495716865e-23, nan 
-31.875, -67.875, 1.522670379313137e-23, nan 
-31.625, -67.875, 1.6997928217276073e-23, nan 
-31.375, -67.875, 1.5338556631460307e-23, nan 
-31.125, -67.875, 1.5430048231641113e-23, nan 
-30.875, -67.875, 1.8109192647674032e-23, nan 
-30.625, -67.875, 1.8342712237724572e-23, nan 
-30.375, -67.875, 1.511915197609812e-23, nan 
-30.125, -67.875, 1.4871270152107113e-23, nan 
-29.875, -67.875, 1.5955087893220852e-23, nan 
-29.625, -67.875, 1.2827026397047464e-23, nan 
-29.375, -67.875, 7.021922988096207e-24, nan 
-29.125, -67.875, 8.503939092994492e-24, nan 
-28.875, -67.875, 1.4563649615967966e-23, nan 
-28.625, -67.875, 3.216996996206873e-23, nan 
-28.375, -67.875, 1.8716765253170036e-23, nan 
-28.125, -67.875, 2.487549511060118e-23, nan 
-27.875, -67.875, 3.2027925119425306e-23, nan 
-27.625, -67.875, 2.7752687274648275e-23, nan 
-27.375, -67.875, 3.4369886533804615e-23, nan 
-27.125, -67.875, 2.5838830807650047e-23, nan 
-26.875, -67.875, 5.1157447177052275e-23, nan 
-26.625, -67.875, 6.149685982832079e-23, nan 
-26.375, -67.875, 7.979445536958997e-23, nan 
-26.125, -67.875, 8.78983919356682e-23, nan 
-25.875, -67.875, 9.527259278773281e-23, nan 
-25.625, -67.875, 9.665810194296846e-23, nan 
-25.375, -67.875, 5.263744151629331e-23, nan 
-25.125, -67.875, 3.1609643592946534e-23, nan 
-24.875, -67.875, 5.792668329325638e-23, nan 
-24.625, -67.875, 6.93722123879906e-23, nan 
-24.375, -67.875, 9.024930698288245e-23, nan 
-24.125, -67.875, 1.0044941783272229e-22, nan 
-23.875, -67.875, 1.2456308628891332e-22, nan 
-23.625, -67.875, 1.5346705851795257e-22, nan 
-23.375, -67.875, 1.779014207431244e-22, nan 
-23.125, -67.875, 3.3781174163489684e-22, nan 
-22.875, -67.875, 2.485810269882363e-22, nan 
-22.625, -67.875, 2.0253627702622644e-22, nan 
-22.375, -67.875, 2.5704818741781803e-22, nan 
-22.125, -67.875, 1.504657319110897e-22, nan 
-21.875, -67.875, 1.2063377559548906e-22, nan 
-21.625, -67.875, 6.517912621784515e-23, nan 
-21.375, -67.875, 7.157935187213105e-23, nan 
-21.125, -67.875, 1.030069899354424e-22, nan 
-20.875, -67.875, 1.325738798586647e-22, nan 
-20.625, -67.875, 1.162019059250791e-22, nan 
-20.375, -67.875, 9.236143170538943e-23, nan 
-20.125, -67.875, 9.192526806050539e-23, nan 
-19.875, -67.875, 6.240258302152762e-23, nan 
-19.625, -67.875, 1.426426004959272e-22, nan 
-19.375, -67.875, 1.5270711435242072e-22, nan 
-19.125, -67.875, 2.6018441599453377e-22, nan 
-18.875, -67.875, 1.1870747989918943e-22, nan 
-18.625, -67.875, 1.6645347746973765e-22, nan 
-18.375, -67.875, 1.6411191347621386e-22, nan 
-18.125, -67.875, 1.796251188216158e-22, nan 
-17.875, -67.875, 1.6178028380399258e-22, nan 
-17.625, -67.875, 1.622006200261556e-22, nan 
-17.375, -67.875, 2.202691304666421e-22, nan 
-17.125, -67.875, 3.423862567769562e-22, nan 
-16.875, -67.875, 3.5922129982058637e-22, nan 
-16.625, -67.875, 3.2396202940691925e-22, nan 
-16.375, -67.875, 3.0245295638675525e-22, nan 
-16.125, -67.875, 3.8072129066347742e-22, nan 
-15.875, -67.875, 3.1741163965645436e-22, nan 
-15.625, -67.875, 2.735663197891089e-22, nan 
-15.375, -67.875, 3.265510189637635e-22, nan 
-15.125, -67.875, 2.9820283497692484e-22, nan 
-14.875, -67.875, 4.994808564130785e-22, nan 
-14.625, -67.875, 5.365554397881974e-22, nan 
-14.375, -67.875, 9.410093052049916e-22, nan 
-14.125, -67.875, 1.548516498814891e-21, nan 
-13.875, -67.875, 1.1987995617401667e-21, nan 
-13.625, -67.875, 9.60258272359422e-22, nan 
-13.375, -67.875, 3.425144149950832e-22, nan 
-13.125, -67.875, 6.819306972618885e-22, nan 
-12.875, -67.875, 2.2362359384012967e-22, nan 
-12.625, -67.875, 5.525293503186513e-22, nan 
-12.375, -67.875, 1.2441482930801585e-21, nan 
-12.125, -67.875, 1.6640227234327027e-21, nan 
-11.875, -67.875, 2.7987562461803675e-21, nan 
-11.625, -67.875, 2.950199202821563e-21, nan 
-11.375, -67.875, 2.6986170235914845e-21, nan 
-11.125, -67.875, 3.49023059477807e-21, nan 
-10.875, -67.875, 3.1177236912184923e-21, nan 
-10.625, -67.875, 2.4499959323702107e-21, nan 
-10.375, -67.875, 2.8328357629600005e-21, nan 
-10.125, -67.875, 3.810611574181352e-21, nan 
-9.875, -67.875, 3.384364798416429e-21, nan 
-9.625, -67.875, 5.368081332348265e-21, nan 
-9.375, -67.875, 5.7956833925512366e-21, nan 
-9.125, -67.875, 3.4620521191630126e-21, nan 
-8.875, -67.875, 1.2118437136860818e-20, nan 
-8.625, -67.875, 2.3981774698378802e-20, nan 
-8.375, -67.875, 2.0689119498948403e-20, nan 
-8.125, -67.875, 1.6893773836146766e-20, nan 
-7.875, -67.875, 2.5650192747996627e-20, nan 
-7.625, -67.875, 2.4685662918346867e-20, nan 
-7.375, -67.875, 1.7228041805393857e-20, nan 
-7.125, -67.875, 2.1627651630976602e-20, nan 
-6.875, -67.875, 2.8135707228569754e-20, nan 
-6.625, -67.875, 1.4308580276405518e-20, nan 
-6.375, -67.875, 3.630473774283396e-20, nan 
-6.125, -67.875, 2.99335751139697e-20, nan 
-5.875, -67.875, 1.6294612462675937e-20, nan 
-5.625, -67.875, 9.733673699285817e-21, nan 
-5.375, -67.875, 9.952998399742306e-21, nan 
-5.125, -67.875, 1.020303951542936e-20, nan 
-4.875, -67.875, 4.764638611895321e-21, nan 
-4.625, -67.875, 1.4967972743647898e-20, nan 
-4.375, -67.875, 1.7014325679023907e-20, nan 
-4.125, -67.875, 1.6733672059309497e-20, nan 
-3.875, -67.875, 2.0170755610391418e-20, nan 
-3.625, -67.875, 1.1521190706780288e-20, nan 
-3.375, -67.875, 1.1347403120441941e-20, nan 
-3.125, -67.875, 7.720952882233775e-21, nan 
-2.875, -67.875, 3.832479071771493e-21, nan 
-2.625, -67.875, 6.998016846877354e-21, nan 
-2.375, -67.875, 3.281866780424241e-21, nan 
-2.125, -67.875, 2.886098866358524e-21, nan 
-1.875, -67.875, 4.5397891088492155e-21, nan 
-1.625, -67.875, 2.817051262148525e-21, nan 
-1.375, -67.875, 1.317249398353698e-21, nan 
-1.125, -67.875, 1.4701275582299715e-21, nan 
-0.875, -67.875, 2.754930223954109e-21, nan 
-0.625, -67.875, 2.831213530575178e-21, nan 
-0.375, -67.875, 2.630472310589648e-21, nan 
-0.125, -67.875, 2.6702802234063985e-21, nan 
0.125, -67.875, 2.134871762435611e-21, nan 
0.375, -67.875, 2.4463650792645213e-21, nan 
0.625, -67.875, 2.1421777455210844e-21, nan 
0.875, -67.875, 2.713313550476478e-21, nan 
1.125, -67.875, 4.367852843924532e-21, nan 
1.375, -67.875, 5.577552765319434e-21, nan 
1.625, -67.875, 3.913167323927453e-21, nan 
1.875, -67.875, 3.5373153084041486e-21, nan 
2.125, -67.875, 4.146785185060248e-21, nan 
2.375, -67.875, 2.540319514302448e-21, nan 
2.625, -67.875, 2.4629665623842906e-21, nan 
2.875, -67.875, 2.8325947888801186e-21, nan 
3.125, -67.875, 1.3709239463776102e-21, nan 
3.375, -67.875, 4.884372226971543e-22, nan 
3.625, -67.875, 3.928997602764165e-22, nan 
3.875, -67.875, 2.6212539750712653e-22, nan 
4.125, -67.875, 2.313947794941111e-22, nan 
4.375, -67.875, 3.1971450705304694e-22, nan 
4.625, -67.875, 2.792823887864831e-22, nan 
4.875, -67.875, 2.3612792470527494e-22, nan 
5.125, -67.875, 3.2539529688758545e-22, nan 
5.375, -67.875, 2.948708194528977e-22, nan 
5.625, -67.875, 3.8586291946105224e-22, nan 
5.875, -67.875, 5.441220778837001e-22, nan 
6.125, -67.875, 6.144681408599451e-22, nan 
6.375, -67.875, 3.6907376479328962e-22, nan 
-35.375, -67.625, 1.7658690114909998e-23, nan 
-35.125, -67.625, 1.967612914074044e-23, nan 
-34.875, -67.625, 2.731804408969303e-23, nan 
-34.625, -67.625, 3.00240313335291e-23, nan 
-34.375, -67.625, 1.952303812004018e-23, nan 
-34.125, -67.625, 2.675335833056414e-23, nan 
-33.875, -67.625, 2.537874311907505e-23, nan 
-33.625, -67.625, 2.177861747915512e-23, nan 
-33.375, -67.625, 2.3061512959410676e-23, nan 
-33.125, -67.625, 1.889214322518073e-23, nan 
-32.875, -67.625, 1.4426546931799522e-23, nan 
-32.625, -67.625, 1.1708345218582138e-23, nan 
-32.375, -67.625, 1.941289093286908e-23, nan 
-32.125, -67.625, 1.8958521246847883e-23, nan 
-31.875, -67.625, 2.0235310246573966e-23, nan 
-31.625, -67.625, 1.7416165657866647e-23, nan 
-31.375, -67.625, 2.0689314362071156e-23, nan 
-31.125, -67.625, 2.4121429934740892e-23, nan 
-30.875, -67.625, 1.5221464471374655e-23, nan 
-30.625, -67.625, 1.7800761292541375e-23, nan 
-30.375, -67.625, 2.1385119667890324e-23, nan 
-30.125, -67.625, 1.8775371734761504e-23, nan 
-29.875, -67.625, 2.3462770612608683e-23, nan 
-29.625, -67.625, 1.5667940567925685e-23, nan 
-29.375, -67.625, 1.9022929355952943e-23, nan 
-29.125, -67.625, 2.023063484438939e-23, nan 
-28.875, -67.625, 2.4894348774507653e-23, nan 
-28.625, -67.625, 3.4041635593291585e-23, nan 
-28.375, -67.625, 3.690965393080297e-23, nan 
-28.125, -67.625, 4.1717292063394996e-23, nan 
-27.875, -67.625, 3.796601152691755e-23, nan 
-27.625, -67.625, 3.75445222540206e-23, nan 
-27.375, -67.625, 4.404687933969385e-23, nan 
-27.125, -67.625, 4.641657022660871e-23, nan 
-26.875, -67.625, 4.2688418270984097e-23, nan 
-26.625, -67.625, 3.9464096938651905e-23, nan 
-26.375, -67.625, 6.309739505446666e-23, nan 
-26.125, -67.625, 7.185643568031152e-23, nan 
-25.875, -67.625, 7.416813173224458e-23, nan 
-25.625, -67.625, 8.546166101827166e-23, nan 
-25.375, -67.625, 7.674019931108876e-23, nan 
-25.125, -67.625, 6.912541149078902e-23, nan 
-24.875, -67.625, 7.151896097434653e-23, nan 
-24.625, -67.625, 5.47003379373406e-23, nan 
-24.375, -67.625, 5.865305472977234e-23, nan 
-24.125, -67.625, 9.890844684378889e-23, nan 
-23.875, -67.625, 1.1700959280877657e-22, nan 
-23.625, -67.625, 1.9371450561575013e-22, nan 
-23.375, -67.625, 2.1184171293209565e-22, nan 
-23.125, -67.625, 3.26101186369516e-22, nan 
-22.875, -67.625, 3.2281623175201744e-22, nan 
-22.625, -67.625, 2.525619304311124e-22, nan 
-22.375, -67.625, 7.650767681005347e-23, nan 
-22.125, -67.625, 8.433322255995075e-23, nan 
-21.875, -67.625, 6.13338008534573e-23, nan 
-21.625, -67.625, 5.477959555100015e-23, nan 
-21.375, -67.625, 4.037325696503067e-23, nan 
-21.125, -67.625, 1.4093465011865264e-22, nan 
-20.875, -67.625, 1.9986908544277076e-22, nan 
-20.625, -67.625, 1.5468159027573193e-22, nan 
-20.375, -67.625, 2.5811038824989374e-22, nan 
-20.125, -67.625, 4.0844309388637187e-22, nan 
-19.875, -67.625, 4.990378240180857e-22, nan 
-19.625, -67.625, 4.192694470347191e-22, nan 
-19.375, -67.625, 4.402692942035206e-22, nan 
-19.125, -67.625, 5.22340645591716e-22, nan 
-18.875, -67.625, 6.945737011909393e-23, nan 
-18.625, -67.625, 1.0578348450703932e-22, nan 
-18.375, -67.625, 3.820156975784829e-22, nan 
-18.125, -67.625, 7.374454145309152e-23, nan 
-17.875, -67.625, 2.1033808300507385e-22, nan 
-17.625, -67.625, 1.8266939422299954e-22, nan 
-17.375, -67.625, 2.7380053624318786e-22, nan 
-17.125, -67.625, 5.815455540941668e-22, nan 
-16.875, -67.625, 5.049282845103617e-22, nan 
-16.625, -67.625, 5.840804304938643e-22, nan 
-16.375, -67.625, 6.240646956256464e-22, nan 
-16.125, -67.625, 9.125088699207872e-22, nan 
-15.875, -67.625, 9.711791684617836e-22, nan 
-15.625, -67.625, 9.214456457544102e-22, nan 
-15.375, -67.625, 9.723568989363955e-22, nan 
-15.125, -67.625, 1.5436267183679606e-21, nan 
-14.875, -67.625, 1.4754692005751365e-21, nan 
-14.625, -67.625, 1.4578873101211084e-21, nan 
-14.375, -67.625, 1.3352148809168407e-21, nan 
-14.125, -67.625, 1.5972339888216022e-21, nan 
-13.875, -67.625, 1.3048409267893035e-21, nan 
-13.625, -67.625, 1.2914966312513532e-21, nan 
-13.375, -67.625, 3.215752636380895e-21, nan 
-13.125, -67.625, 4.793008980167849e-21, nan 
-12.875, -67.625, 5.825186480258737e-21, nan 
-12.625, -67.625, 6.6401010042113575e-21, nan 
-12.375, -67.625, 1.0312327198461052e-20, nan 
-12.125, -67.625, 1.3335015516689152e-20, nan 
-11.875, -67.625, 1.559546032148473e-20, nan 
-11.625, -67.625, 1.6218546508094923e-20, nan 
-11.375, -67.625, 1.4399022832825385e-20, nan 
-11.125, -67.625, 1.384561567477351e-20, nan 
-10.875, -67.625, 2.1479883651136916e-20, nan 
-10.625, -67.625, 2.965194294960195e-20, nan 
-10.375, -67.625, 3.363245580857639e-20, nan 
-10.125, -67.625, 1.197605623936693e-19, nan 
-9.875, -67.625, 7.052923458641504e-20, nan 
-9.625, -67.625, 9.67146174335142e-20, nan 
-9.375, -67.625, 1.4069335595276298e-19, nan 
-9.125, -67.625, 1.3645166322586322e-19, nan 
-8.875, -67.625, 9.525163307168605e-20, nan 
-8.625, -67.625, 1.3857233134425197e-19, nan 
-8.375, -67.625, 9.33111792876056e-20, nan 
-8.125, -67.625, 3.4703122129406575e-20, nan 
-7.875, -67.625, 1.8949215044604405e-20, nan 
-7.625, -67.625, 1.8540695000139968e-20, nan 
-7.375, -67.625, 2.983881652876856e-20, nan 
-7.125, -67.625, 8.922814506055238e-21, nan 
-6.875, -67.625, 1.2269481103336759e-20, nan 
-6.625, -67.625, 8.343839368881693e-21, nan 
-6.375, -67.625, 6.806479478954975e-21, nan 
-6.125, -67.625, 7.372197363114262e-21, nan 
-5.875, -67.625, 4.9530686367829755e-21, nan 
-5.625, -67.625, 2.2232742484950475e-21, nan 
-5.375, -67.625, 3.0961154128623573e-21, nan 
-5.125, -67.625, 4.405982190764961e-21, nan 
-4.875, -67.625, 6.544022427804263e-21, nan 
-4.625, -67.625, 9.571510593771742e-22, nan 
-4.375, -67.625, 5.045113654535624e-21, nan 
-4.125, -67.625, 8.919568383592056e-21, nan 
-3.875, -67.625, 5.2997752791431e-21, nan 
-3.625, -67.625, 2.4446320088439373e-21, nan 
-3.375, -67.625, 1.5880515088397607e-21, nan 
-3.125, -67.625, 4.334295539446414e-21, nan 
-2.875, -67.625, 2.0398440581272237e-21, nan 
-2.625, -67.625, 2.4045859592941377e-21, nan 
-2.375, -67.625, 2.6779273825583916e-21, nan 
-2.125, -67.625, 2.3912524364596707e-21, nan 
-1.875, -67.625, 1.6684874509858728e-21, nan 
-1.625, -67.625, 1.6238932617277352e-21, nan 
-1.375, -67.625, 1.0174420048295948e-21, nan 
-1.125, -67.625, 8.812567401005522e-22, nan 
-0.875, -67.625, 1.218319295310411e-21, nan 
-0.625, -67.625, 1.0900129953506078e-21, nan 
-0.375, -67.625, 1.1023411459479477e-21, nan 
-0.125, -67.625, 1.0440237723060988e-21, nan 
0.125, -67.625, 1.0055841293215251e-21, nan 
0.375, -67.625, 1.042966857070227e-21, nan 
0.625, -67.625, 1.2776841848207778e-21, nan 
0.875, -67.625, 1.202154897643854e-21, nan 
1.125, -67.625, 9.962388274676573e-22, nan 
1.375, -67.625, 1.066823157285447e-21, nan 
1.625, -67.625, 1.2460992332847866e-21, nan 
1.875, -67.625, 1.385272238976994e-21, nan 
2.125, -67.625, 1.242378034677026e-21, nan 
2.375, -67.625, 1.0449181276872463e-21, nan 
2.625, -67.625, 1.0074705668641474e-21, nan 
2.875, -67.625, 6.534381650140721e-22, nan 
3.125, -67.625, 2.682012104365377e-22, nan 
3.375, -67.625, 1.5292891359603198e-22, nan 
3.625, -67.625, 1.4009684769110277e-22, nan 
3.875, -67.625, 9.526766465631709e-23, nan 
4.125, -67.625, 1.7487398511004769e-22, nan 
4.375, -67.625, 2.285821222891963e-22, nan 
4.625, -67.625, 1.3258442618819442e-22, nan 
4.875, -67.625, 1.6675297600269071e-22, nan 
5.125, -67.625, 2.7836760794996434e-22, nan 
5.375, -67.625, 2.824239543361148e-22, nan 
5.625, -67.625, 3.544098735607977e-22, nan 
5.875, -67.625, 2.2806109874763065e-22, nan 
6.125, -67.625, 5.923163399614419e-22, nan 
6.375, -67.625, 2.137788494411324e-22, nan 
-35.125, -67.375, 1.8314378295703844e-23, nan 
-34.875, -67.375, 2.4988191837660066e-23, nan 
-34.625, -67.375, 2.358969748491247e-23, nan 
-34.375, -67.375, 1.0151123668104317e-23, nan 
-34.125, -67.375, 1.039888815311203e-23, nan 
-33.875, -67.375, 7.925054847421605e-24, nan 
-33.625, -67.375, 1.8805232101936333e-23, nan 
-33.375, -67.375, 2.1817611955420587e-23, nan 
-33.125, -67.375, 1.9919135634996895e-23, nan 
-32.875, -67.375, 2.0180982087202016e-23, nan 
-32.625, -67.375, 2.1507244657769246e-23, nan 
-32.375, -67.375, 2.3181654670862826e-23, nan 
-32.125, -67.375, 2.144349222389692e-23, nan 
-31.875, -67.375, 1.923250549266554e-23, nan 
-31.625, -67.375, 1.9073451445274455e-23, nan 
-31.375, -67.375, 2.4503565550045517e-23, nan 
-31.125, -67.375, 2.678845420547982e-23, nan 
-30.875, -67.375, 2.26393258130871e-23, nan 
-30.625, -67.375, 2.8649424051790463e-23, nan 
-30.375, -67.375, 3.183494623040954e-23, nan 
-30.125, -67.375, 3.2035341451674807e-23, nan 
-29.875, -67.375, 3.497350912312961e-23, nan 
-29.625, -67.375, 2.303245209855126e-23, nan 
-29.375, -67.375, 2.672745634608633e-23, nan 
-29.125, -67.375, 3.304657769028759e-23, nan 
-28.875, -67.375, 3.0509161157621674e-23, nan 
-28.625, -67.375, 3.132041602026394e-23, nan 
-28.375, -67.375, 3.778960920689613e-23, nan 
-28.125, -67.375, 4.484756816315426e-23, nan 
-27.875, -67.375, 6.584503044705597e-23, nan 
-27.625, -67.375, 6.24797568490218e-23, nan 
-27.375, -67.375, 5.366433852731707e-23, nan 
-27.125, -67.375, 6.925631635569983e-23, nan 
-26.875, -67.375, 7.074060629130237e-23, nan 
-26.625, -67.375, 5.926116368098733e-23, nan 
-26.375, -67.375, 6.463109051932866e-23, nan 
-26.125, -67.375, 6.625918601192153e-23, nan 
-25.875, -67.375, 6.546028576945937e-23, nan 
-25.625, -67.375, 6.276686098680714e-23, nan 
-25.375, -67.375, 8.386083983358678e-23, nan 
-25.125, -67.375, 8.796026184724908e-23, nan 
-24.875, -67.375, 1.2433904951843473e-22, nan 
-24.625, -67.375, 6.461829947185323e-23, nan 
-24.375, -67.375, 6.777716127253606e-23, nan 
-24.125, -67.375, 9.397391302594766e-23, nan 
-23.875, -67.375, 9.474610373733307e-23, nan 
-23.625, -67.375, 1.52454558989353e-22, nan 
-23.375, -67.375, 1.4281398865142919e-22, nan 
-23.125, -67.375, 1.174534710024151e-22, nan 
-22.875, -67.375, 1.807458370920955e-22, nan 
-22.625, -67.375, 1.7465577164192e-22, nan 
-22.375, -67.375, 1.2629941098130542e-22, nan 
-22.125, -67.375, 9.407894555840194e-23, nan 
-21.875, -67.375, 1.0889062072947065e-22, nan 
-21.625, -67.375, 1.182371683621602e-22, nan 
-21.375, -67.375, 1.8038447428162805e-22, nan 
-21.125, -67.375, 4.433498246276267e-22, nan 
-20.875, -67.375, 6.1720513947854485e-22, nan 
-20.625, -67.375, 5.64526355913802e-22, nan 
-20.375, -67.375, 7.138338734147074e-22, nan 
-20.125, -67.375, 9.166369532037968e-22, nan 
-19.875, -67.375, 9.491713152327666e-22, nan 
-19.625, -67.375, 8.25748639527331e-22, nan 
-19.375, -67.375, 8.886252245156447e-22, nan 
-19.125, -67.375, 6.27118807054782e-22, nan 
-18.875, -67.375, 6.901830826010352e-22, nan 
-18.625, -67.375, 8.901865731009001e-22, nan 
-18.375, -67.375, 6.859023941760421e-22, nan 
-18.125, -67.375, 2.0305199934417105e-22, nan 
-17.875, -67.375, 2.7872915435298588e-22, nan 
-17.625, -67.375, 5.132547073248354e-22, nan 
-17.375, -67.375, 6.973763002852597e-22, nan 
-17.125, -67.375, 1.0156422929474289e-21, nan 
-16.875, -67.375, 1.2283632543298958e-21, nan 
-16.625, -67.375, 1.67862151962679e-21, nan 
-16.375, -67.375, 1.8999486701536023e-21, nan 
-16.125, -67.375, 2.241401205804758e-21, nan 
-15.875, -67.375, 3.4310486632480445e-21, nan 
-15.625, -67.375, 6.973478356843217e-21, nan 
-15.375, -67.375, 7.408993262866643e-21, nan 
-15.125, -67.375, 6.015827764408087e-21, nan 
-14.875, -67.375, 6.940955053749234e-21, nan 
-14.625, -67.375, 1.1608353747636124e-20, nan 
-14.375, -67.375, 1.3827830582293832e-20, nan 
-14.125, -67.375, 1.851309420874586e-20, nan 
-13.875, -67.375, 2.2827236607270682e-20, nan 
-13.625, -67.375, 2.981851154629706e-20, nan 
-13.375, -67.375, 5.776381263293721e-20, nan 
-13.125, -67.375, 7.963898304908823e-20, nan 
-12.875, -67.375, 1.1574682952607915e-19, nan 
-12.625, -67.375, 1.3739004123333105e-19, nan 
-12.375, -67.375, 2.518338940875509e-19, nan 
-12.125, -67.375, 7.732351993341213e-19, nan 
-11.875, -67.375, 1.3651357362620453e-18, nan 
-11.625, -67.375, 1.6221361726313678e-18, nan 
-11.375, -67.375, 1.1214191018492364e-18, nan 
-11.125, -67.375, 4.356724727607531e-19, nan 
-10.875, -67.375, 3.1871512936328054e-19, nan 
-10.625, -67.375, 1.3788983813524077e-19, nan 
-10.375, -67.375, 6.276159657447503e-20, nan 
-10.125, -67.375, 1.4797617852667937e-19, nan 
-9.875, -67.375, 3.288770104290101e-20, nan 
-9.625, -67.375, 1.421286769309602e-20, nan 
-9.375, -67.375, 3.397139932524681e-20, nan 
-9.125, -67.375, 9.837231081098075e-21, nan 
-8.875, -67.375, 6.480524550785106e-21, nan 
-8.625, -67.375, 4.421237602065342e-21, nan 
-8.375, -67.375, 4.2098181736730574e-21, nan 
-8.125, -67.375, 3.888028997599491e-21, nan 
-7.875, -67.375, 2.6900023767283467e-21, nan 
-7.625, -67.375, 1.470441973554808e-21, nan 
-7.375, -67.375, 3.768719761315268e-21, nan 
-7.125, -67.375, 1.1422167178097368e-21, nan 
-6.875, -67.375, 1.5173276841496638e-21, nan 
-6.625, -67.375, 1.4489806963405016e-21, nan 
-6.375, -67.375, 8.662362689321072e-22, nan 
-6.125, -67.375, 1.3379473591908656e-21, nan 
-5.875, -67.375, 1.2216678794626233e-21, nan 
-5.625, -67.375, 3.9130476365774415e-22, nan 
-5.375, -67.375, 5.402243790968963e-22, nan 
-5.125, -67.375, 7.522878726838966e-22, nan 
-4.875, -67.375, 5.723987721812588e-22, nan 
-4.625, -67.375, 5.053429327863069e-22, nan 
-4.375, -67.375, 1.577239103412561e-21, nan 
-4.125, -67.375, 2.6714685784920674e-21, nan 
-3.875, -67.375, 1.4550110294307505e-21, nan 
-3.625, -67.375, 1.111147795424942e-21, nan 
-3.375, -67.375, 1.9270846475847664e-21, nan 
-3.125, -67.375, 1.881809395596902e-21, nan 
-2.875, -67.375, 1.644088271908253e-21, nan 
-2.625, -67.375, 1.0935103271511122e-21, nan 
-2.375, -67.375, 1.3088253490943111e-21, nan 
-2.125, -67.375, 1.3775142546819878e-21, nan 
-1.875, -67.375, 9.824750511194793e-22, nan 
-1.625, -67.375, 8.58915490705219e-22, nan 
-1.375, -67.375, 6.784728708257664e-22, nan 
-1.125, -67.375, 1.1078083561995101e-21, nan 
-0.875, -67.375, 8.589423089441703e-22, nan 
-0.625, -67.375, 4.893915636567089e-22, nan 
-0.375, -67.375, 4.0648022631029193e-22, nan 
-0.125, -67.375, 5.224765854156661e-22, nan 
0.125, -67.375, 5.67449351526635e-22, nan 
0.375, -67.375, 5.690399491200663e-22, nan 
0.625, -67.375, 5.550439320430574e-22, nan 
0.875, -67.375, 5.497330571628821e-22, nan 
1.125, -67.375, 4.6907396256598715e-22, nan 
1.375, -67.375, 3.282047685426237e-22, nan 
1.625, -67.375, 3.5288703796245776e-22, nan 
1.875, -67.375, 4.314850991847514e-22, nan 
2.125, -67.375, 4.113841713817617e-22, nan 
2.375, -67.375, 2.3997417704720825e-22, nan 
2.625, -67.375, 1.9969004323544798e-22, nan 
2.875, -67.375, 2.911586203336465e-22, nan 
3.125, -67.375, 1.475268613166835e-22, nan 
3.375, -67.375, 1.2224471383979028e-22, nan 
3.625, -67.375, 6.853091403817975e-23, nan 
3.875, -67.375, 1.16889783009898e-22, nan 
4.125, -67.375, 1.7148499259087045e-22, nan 
4.375, -67.375, 2.0254003728554823e-22, nan 
4.625, -67.375, 2.5168631725267383e-22, nan 
4.875, -67.375, 3.5887076163374926e-22, nan 
5.125, -67.375, 3.0435398440244386e-22, nan 
5.375, -67.375, 2.3294525845795157e-22, nan 
5.625, -67.375, 4.133676033124129e-22, nan 
5.875, -67.375, 2.778176173124061e-22, nan 
6.125, -67.375, 2.872093105788604e-22, nan 
6.375, -67.375, 2.690429171187015e-22, nan 
-34.625, -67.125, 1.4681174037260106e-23, nan 
-34.375, -67.125, 2.0663289777633663e-23, nan 
-34.125, -67.125, 2.2768088431015587e-23, nan 
-33.875, -67.125, 2.2434272587284278e-23, nan 
-33.625, -67.125, 2.2122069266206735e-23, nan 
-33.375, -67.125, 3.5532456478913703e-23, nan 
-33.125, -67.125, 3.160176183376807e-23, nan 
-32.875, -67.125, 3.605599670725113e-23, nan 
-32.625, -67.125, 2.884157369277202e-23, nan 
-32.375, -67.125, 2.0602238419679594e-23, nan 
-32.125, -67.125, 3.160642606202167e-23, nan 
-31.875, -67.125, 2.545890026552487e-23, nan 
-31.625, -67.125, 1.938730499731221e-23, nan 
-31.375, -67.125, 3.710297755226836e-23, nan 
-31.125, -67.125, 4.6477006632514137e-23, nan 
-30.875, -67.125, 3.968582720024939e-23, nan 
-30.625, -67.125, 3.952913678658329e-23, nan 
-30.375, -67.125, 5.0175072648912144e-23, nan 
-30.125, -67.125, 4.7589796854474444e-23, nan 
-29.875, -67.125, 2.381830713140775e-23, nan 
-29.625, -67.125, 1.6551111185983258e-23, nan 
-29.375, -67.125, 2.014363733879098e-23, nan 
-29.125, -67.125, 5.100905747138023e-23, nan 
-28.875, -67.125, 7.700858824484733e-23, nan 
-28.625, -67.125, 8.370086704126437e-23, nan 
-28.375, -67.125, 7.394212695261628e-23, nan 
-28.125, -67.125, 8.470906078188231e-23, nan 
-27.875, -67.125, 9.027728076661013e-23, nan 
-27.625, -67.125, 7.924683760360228e-23, nan 
-27.375, -67.125, 7.206321718867069e-23, nan 
-27.125, -67.125, 6.271050824655404e-23, nan 
-26.875, -67.125, 5.909228352147755e-23, nan 
-26.625, -67.125, 7.877140217731126e-23, nan 
-26.375, -67.125, 9.547132105655096e-23, nan 
-26.125, -67.125, 9.809718698209811e-23, nan 
-25.875, -67.125, 1.0856291816080433e-22, nan 
-25.625, -67.125, 1.1823327228923017e-22, nan 
-25.375, -67.125, 1.357309580655826e-22, nan 
-25.125, -67.125, 1.4846212028413999e-22, nan 
-24.875, -67.125, 1.5980400140355438e-22, nan 
-24.625, -67.125, 7.199647043710326e-23, nan 
-24.375, -67.125, 6.517423823910161e-23, nan 
-24.125, -67.125, 1.3028151375983516e-22, nan 
-23.875, -67.125, 1.4652453458714183e-22, nan 
-23.625, -67.125, 2.3730210842896006e-22, nan 
-23.375, -67.125, 2.3225178712099797e-22, nan 
-23.125, -67.125, 2.562895269843047e-22, nan 
-22.875, -67.125, 2.1825494703881564e-22, nan 
-22.625, -67.125, 2.5618443077860823e-22, nan 
-22.375, -67.125, 3.6857803779293883e-22, nan 
-22.125, -67.125, 2.616177822315391e-22, nan 
-21.875, -67.125, 2.85812478736457e-22, nan 
-21.625, -67.125, 2.9554693104067713e-22, nan 
-21.375, -67.125, 3.44933232076992e-22, nan 
-21.125, -67.125, 1.1199302696947494e-21, nan 
-20.875, -67.125, 1.3876512285793165e-21, nan 
-20.625, -67.125, 1.2270522764282575e-21, nan 
-20.375, -67.125, 2.3765979865303845e-21, nan 
-20.125, -67.125, 2.652135556863506e-21, nan 
-19.875, -67.125, 1.7417964952231026e-21, nan 
-19.625, -67.125, 1.4523758309920146e-21, nan 
-19.375, -67.125, 1.3404237477465564e-21, nan 
-19.125, -67.125, 1.4993662212315557e-21, nan 
-18.875, -67.125, 1.3360433289041653e-21, nan 
-18.625, -67.125, 1.3842902734210553e-21, nan 
-18.375, -67.125, 1.6055667773846026e-21, nan 
-18.125, -67.125, 1.3783269708787474e-21, nan 
-17.875, -67.125, 1.239642750724285e-21, nan 
-17.625, -67.125, 1.2971410241241747e-21, nan 
-17.375, -67.125, 2.157451458780795e-21, nan 
-17.125, -67.125, 2.5253462072143866e-21, nan 
-16.875, -67.125, 3.439782640478805e-21, nan 
-16.625, -67.125, 5.517641107939098e-21, nan 
-16.375, -67.125, 1.221126133421716e-20, nan 
-16.125, -67.125, 1.454533957267938e-20, nan 
-15.875, -67.125, 1.993783263981721e-20, nan 
-15.625, -67.125, 2.649223490631024e-20, nan 
-15.375, -67.125, 3.3003844097113034e-20, nan 
-15.125, -67.125, 4.5964411982431245e-20, nan 
-14.875, -67.125, 5.856914566564652e-20, nan 
-14.625, -67.125, 7.693237272316791e-20, nan 
-14.375, -67.125, 1.7884049077423725e-19, nan 
-14.125, -67.125, 4.607230794726952e-19, nan 
-13.875, -67.125, 1.793299501079462e-18, nan 
-13.625, -67.125, 3.3539810553714743e-18, nan 
-13.375, -67.125, 1.121993103927869e-18, nan 
-13.125, -67.125, 3.7249621322752507e-19, nan 
-12.875, -67.125, 2.0640910553658365e-19, nan 
-12.625, -67.125, 1.0556473904369256e-19, nan 
-12.375, -67.125, 4.511358203716194e-20, nan 
-12.125, -67.125, 1.946050359294155e-20, nan 
-11.875, -67.125, 1.1631895055502311e-20, nan 
-11.625, -67.125, 1.0709793872353566e-20, nan 
-11.375, -67.125, 6.2956598755780355e-21, nan 
-11.125, -67.125, 4.181511377743259e-21, nan 
-10.875, -67.125, 3.522010393771804e-21, nan 
-10.625, -67.125, 2.367475716104634e-21, nan 
-10.375, -67.125, 1.961680906302265e-21, nan 
-10.125, -67.125, 5.247309483594324e-21, nan 
-9.875, -67.125, 2.6441820771568564e-21, nan 
-9.625, -67.125, 1.5195982647818907e-21, nan 
-9.375, -67.125, 1.58877720055625e-21, nan 
-9.125, -67.125, 1.783545974264099e-21, nan 
-8.875, -67.125, 1.945247710007012e-21, nan 
-8.625, -67.125, 1.3568721393754931e-21, nan 
-8.375, -67.125, 8.016952765124649e-22, nan 
-8.125, -67.125, 9.157202729742463e-22, nan 
-7.875, -67.125, 7.332172252139792e-22, nan 
-7.625, -67.125, 2.782233813444012e-22, nan 
-7.375, -67.125, 1.50094922048411e-22, nan 
-7.125, -67.125, 2.2936640824279696e-22, nan 
-6.875, -67.125, 1.817163977987028e-22, nan 
-6.625, -67.125, 2.190763734919763e-22, nan 
-6.375, -67.125, 3.389678707985114e-22, nan 
-6.125, -67.125, 2.5007195297288854e-22, nan 
-5.875, -67.125, 2.9676507772302825e-22, nan 
-5.625, -67.125, 2.6072286549066342e-22, nan 
-5.375, -67.125, 1.4039878861401786e-22, nan 
-5.125, -67.125, 2.0324252665049422e-22, nan 
-4.875, -67.125, 2.5947865655008235e-22, nan 
-4.625, -67.125, 2.1566635556561475e-22, nan 
-4.375, -67.125, 1.5482028166099224e-22, nan 
-4.125, -67.125, 1.2088674936946872e-22, nan 
-3.875, -67.125, 4.261521233239222e-22, nan 
-3.625, -67.125, 3.402039169247627e-22, nan 
-3.375, -67.125, 5.975765157871791e-22, nan 
-3.125, -67.125, 8.590649937916366e-22, nan 
-2.875, -67.125, 5.661321745947225e-22, nan 
-2.625, -67.125, 3.613489524800462e-22, nan 
-2.375, -67.125, 4.914057652829433e-22, nan 
-2.125, -67.125, 2.5219782601625233e-22, nan 
-1.875, -67.125, 1.0705185639003174e-22, nan 
-1.625, -67.125, 3.107231504516123e-22, nan 
-1.375, -67.125, 2.821811238487121e-22, nan 
-1.125, -67.125, 4.510454459969493e-22, nan 
-0.875, -67.125, 3.7559868460803404e-22, nan 
-0.625, -67.125, 2.649274533790175e-22, nan 
-0.375, -67.125, 2.1784298493696186e-22, nan 
-0.125, -67.125, 1.9821786672321407e-22, nan 
0.125, -67.125, 2.431883627350608e-22, nan 
0.375, -67.125, 2.2871368642193833e-22, nan 
0.625, -67.125, 1.3189960638905884e-22, nan 
0.875, -67.125, 9.736571497727215e-23, nan 
1.125, -67.125, 1.189497368419598e-22, nan 
1.375, -67.125, 1.7329349266617942e-22, nan 
1.625, -67.125, 1.73671170774351e-22, nan 
1.875, -67.125, 2.305927213714441e-22, nan 
2.125, -67.125, 2.9404857882107213e-22, nan 
2.375, -67.125, 1.7123906213026332e-22, nan 
2.625, -67.125, 1.2352825948850437e-22, nan 
2.875, -67.125, 9.186178787336327e-23, nan 
3.125, -67.125, 1.270740749094314e-22, nan 
3.375, -67.125, 1.5747479356959035e-22, nan 
3.625, -67.125, 1.5038858763463103e-22, nan 
3.875, -67.125, 2.1033250390801678e-22, nan 
4.125, -67.125, 1.8625989864176059e-22, nan 
4.375, -67.125, 1.7161523972481897e-22, nan 
4.625, -67.125, 1.8564327722183913e-22, nan 
4.875, -67.125, 2.4769214707938865e-22, nan 
5.125, -67.125, 2.301997630945815e-22, nan 
5.375, -67.125, 2.419630078821624e-22, nan 
5.625, -67.125, 1.8886924817428562e-22, nan 
5.875, -67.125, 2.2571020543664603e-22, nan 
6.125, -67.125, 2.1121436181378615e-22, nan 
-34.375, -66.875, 2.898871787347724e-23, nan 
-34.125, -66.875, 3.2503373525775623e-23, nan 
-33.875, -66.875, 3.723252479237793e-23, nan 
-33.625, -66.875, 4.3901272058093654e-23, nan 
-33.375, -66.875, 3.6840966730900774e-23, nan 
-33.125, -66.875, 3.877955797980825e-23, nan 
-32.875, -66.875, 3.909630204949356e-23, nan 
-32.625, -66.875, 1.559299818078195e-23, nan 
-32.375, -66.875, 3.2268710790417606e-23, nan 
-32.125, -66.875, 3.25607775771543e-23, nan 
-31.875, -66.875, 2.1985660385913115e-23, nan 
-31.625, -66.875, 2.9774355194355364e-23, nan 
-31.375, -66.875, 5.07558531040597e-23, nan 
-31.125, -66.875, 4.534292492982911e-23, nan 
-30.875, -66.875, 3.42432346114925e-23, nan 
-30.625, -66.875, 4.475731134449281e-23, nan 
-30.375, -66.875, 4.6124645629839413e-23, nan 
-30.125, -66.875, 4.293772282513937e-23, nan 
-29.875, -66.875, 5.454288173842126e-23, nan 
-29.625, -66.875, 6.41528269895726e-23, nan 
-29.375, -66.875, 8.336274641960666e-23, nan 
-29.125, -66.875, 7.915125100437334e-23, nan 
-28.875, -66.875, 2.58509496611668e-22, nan 
-28.625, -66.875, 1.272686533105237e-22, nan 
-28.375, -66.875, 9.499823621519696e-23, nan 
-28.125, -66.875, 1.9856570500097965e-22, nan 
-27.875, -66.875, 9.397083036426007e-23, nan 
-27.625, -66.875, 1.1294376692137606e-22, nan 
-27.375, -66.875, 1.0437160255304666e-22, nan 
-27.125, -66.875, 8.671988869972038e-23, nan 
-26.875, -66.875, 6.865511033725118e-23, nan 
-26.625, -66.875, 8.429924154116015e-23, nan 
-26.375, -66.875, 8.853173488798804e-23, nan 
-26.125, -66.875, 1.3639830378955622e-22, nan 
-25.875, -66.875, 1.488705139586699e-22, nan 
-25.625, -66.875, 1.3422101224241264e-22, nan 
-25.375, -66.875, 1.5819356370480127e-22, nan 
-25.125, -66.875, 1.7615897163334846e-22, nan 
-24.875, -66.875, 1.777470109065862e-22, nan 
-24.625, -66.875, 2.566858212887885e-22, nan 
-24.375, -66.875, 1.847046353438674e-22, nan 
-24.125, -66.875, 4.698646897240933e-22, nan 
-23.875, -66.875, 4.967009184544556e-22, nan 
-23.625, -66.875, 5.172186702314743e-22, nan 
-23.375, -66.875, 5.603693956716198e-22, nan 
-23.125, -66.875, 7.115611958119326e-22, nan 
-22.875, -66.875, 7.41016288270718e-22, nan 
-22.625, -66.875, 7.945935949707607e-22, nan 
-22.375, -66.875, 1.4147410692895302e-21, nan 
-22.125, -66.875, 1.2048759896154098e-21, nan 
-21.875, -66.875, 7.669104860277673e-22, nan 
-21.625, -66.875, 8.368948509503279e-22, nan 
-21.375, -66.875, 8.64893907522776e-22, nan 
-21.125, -66.875, 8.53754256541366e-22, nan 
-20.875, -66.875, 8.083363720326907e-22, nan 
-20.625, -66.875, 2.0279936649091728e-21, nan 
-20.375, -66.875, 3.586227446723137e-21, nan 
-20.125, -66.875, 3.855982543393734e-21, nan 
-19.875, -66.875, 4.632606852076383e-21, nan 
-19.625, -66.875, 3.6382853439916785e-21, nan 
-19.375, -66.875, 2.7238876077803946e-21, nan 
-19.125, -66.875, 3.147312264419084e-21, nan 
-18.875, -66.875, 1.2099017067512684e-21, nan 
-18.625, -66.875, 1.9261764744647024e-21, nan 
-18.375, -66.875, 2.0412956315361005e-21, nan 
-18.125, -66.875, 3.906210105367799e-21, nan 
-17.875, -66.875, 8.437601966378811e-21, nan 
-17.625, -66.875, 9.618889315217036e-21, nan 
-17.375, -66.875, 1.013437917313453e-20, nan 
-17.125, -66.875, 1.8169773033416914e-20, nan 
-16.875, -66.875, 2.689894248289086e-20, nan 
-16.625, -66.875, 1.136073775398908e-19, nan 
-16.375, -66.875, 2.3059321327436276e-19, nan 
-16.125, -66.875, 3.026573137710583e-19, nan 
-15.875, -66.875, 1.726711783245398e-19, nan 
-15.625, -66.875, 1.6407219416869309e-19, nan 
-15.375, -66.875, 1.3828697054674603e-19, nan 
-15.125, -66.875, 1.6371997917964057e-19, nan 
-14.875, -66.875, 2.354395628388317e-19, nan 
-14.625, -66.875, 3.4117596479742456e-19, nan 
-14.375, -66.875, 3.467065765222593e-19, nan 
-14.125, -66.875, 3.957088246763388e-19, nan 
-13.875, -66.875, 2.3028101737483417e-19, nan 
-13.625, -66.875, 5.625287274988848e-20, nan 
-13.375, -66.875, 1.0693005637821119e-20, nan 
-13.125, -66.875, 8.14313806976946e-21, nan 
-12.875, -66.875, 5.187039502424119e-21, nan 
-12.625, -66.875, 4.7798462014985216e-21, nan 
-12.375, -66.875, 3.913315209474778e-21, nan 
-12.125, -66.875, 2.2818593990319346e-21, nan 
-11.875, -66.875, 1.873194755602552e-21, nan 
-11.625, -66.875, 1.4620336881473483e-21, nan 
-11.375, -66.875, 8.638765217387107e-22, nan 
-11.125, -66.875, 7.601542641807335e-22, nan 
-10.875, -66.875, 3.2963559480280985e-22, nan 
-10.625, -66.875, 2.316137293405831e-22, nan 
-10.375, -66.875, 4.1620115194287144e-22, nan 
-10.125, -66.875, 3.2039726815619983e-22, nan 
-9.875, -66.875, 1.630822150657526e-22, nan 
-9.625, -66.875, 2.7530881125925057e-22, nan 
-9.375, -66.875, 4.0281343286188516e-22, nan 
-9.125, -66.875, 4.012356734275409e-22, nan 
-8.875, -66.875, 4.459714453306428e-22, nan 
-8.625, -66.875, 3.6487394828964934e-22, nan 
-8.375, -66.875, 2.3508156090153767e-22, nan 
-8.125, -66.875, 1.2159320084319017e-22, nan 
-7.875, -66.875, 1.756665671230997e-22, nan 
-7.625, -66.875, 1.2216876360330528e-22, nan 
-7.375, -66.875, 6.541823537133634e-23, nan 
-7.125, -66.875, 5.566555478824208e-23, nan 
-6.875, -66.875, 8.485051993239575e-23, nan 
-6.625, -66.875, 9.615923639907614e-23, nan 
-6.375, -66.875, 1.1324434455345203e-22, nan 
-6.125, -66.875, 5.187961401719128e-23, nan 
-5.875, -66.875, 6.1987323014276e-23, nan 
-5.625, -66.875, 1.3229170047686546e-22, nan 
-5.375, -66.875, 1.4538801381536213e-22, nan 
-5.125, -66.875, 7.35021927847552e-23, nan 
-4.875, -66.875, 1.2120218352555969e-22, nan 
-4.625, -66.875, 1.6063571903971744e-22, nan 
-4.375, -66.875, 9.733167549717705e-23, nan 
-4.125, -66.875, 6.060745786728676e-23, nan 
-3.875, -66.875, 6.562728447689014e-23, nan 
-3.625, -66.875, 1.2236254711320405e-22, nan 
-3.375, -66.875, 1.5480837098256043e-22, nan 
-3.125, -66.875, 7.47803654123421e-22, nan 
-2.875, -66.875, 5.359909333322764e-22, nan 
-2.625, -66.875, 3.1862216252507633e-22, nan 
-2.375, -66.875, 6.237685568799863e-23, nan 
-2.125, -66.875, 6.246378890977183e-23, nan 
-1.875, -66.875, 1.6284634121024626e-23, nan 
-1.625, -66.875, 7.8004025119968e-23, nan 
-1.375, -66.875, 9.615291756229872e-23, nan 
-1.125, -66.875, 8.727455370665252e-23, nan 
-0.875, -66.875, 1.1209745502721268e-22, nan 
-0.625, -66.875, 1.2260547280407277e-22, nan 
-0.375, -66.875, 1.1378223241212157e-22, nan 
-0.125, -66.875, 8.126530690785043e-23, nan 
0.125, -66.875, 1.1033660231212e-22, nan 
0.375, -66.875, 1.203549728104716e-22, nan 
0.625, -66.875, 1.3615350320822676e-22, nan 
0.875, -66.875, 1.6697316526831357e-22, nan 
1.125, -66.875, 1.27778044338784e-22, nan 
1.375, -66.875, 3.11758405341786e-23, nan 
1.625, -66.875, 1.0220222086561467e-22, nan 
1.875, -66.875, 2.015626517766271e-22, nan 
2.125, -66.875, 1.8399973575340846e-22, nan 
2.375, -66.875, 1.1556161864634677e-22, nan 
2.625, -66.875, 1.5880740549881662e-22, nan 
2.875, -66.875, 1.341380609151196e-22, nan 
3.125, -66.875, 6.489795999129497e-23, nan 
3.375, -66.875, 5.314434063632655e-23, nan 
3.625, -66.875, 9.487204977335443e-23, nan 
3.875, -66.875, 1.227273361282271e-22, nan 
4.125, -66.875, 8.597009193202947e-23, nan 
4.375, -66.875, 1.0748698092045687e-22, nan 
4.625, -66.875, 1.1792935254599732e-22, nan 
4.875, -66.875, 9.362587162508373e-23, nan 
5.125, -66.875, 8.34726313640263e-23, nan 
5.375, -66.875, 1.1649806255165725e-22, nan 
5.625, -66.875, 1.094476320586362e-22, nan 
5.875, -66.875, 7.513089194687397e-23, nan 
6.125, -66.875, 6.354508880513799e-23, nan 
-33.875, -66.625, 4.345079085474568e-23, nan 
-33.625, -66.625, 4.324624357001758e-23, nan 
-33.375, -66.625, 2.5013882981220834e-23, nan 
-33.125, -66.625, 1.4539381050260103e-23, nan 
-32.875, -66.625, 2.829288209320322e-23, nan 
-32.625, -66.625, 1.8206271076927967e-23, nan 
-32.375, -66.625, 2.682575976827073e-23, nan 
-32.125, -66.625, 2.808363964862583e-23, nan 
-31.875, -66.625, 2.9140832199177047e-23, nan 
-31.625, -66.625, 1.3785668752019082e-23, nan 
-31.375, -66.625, 3.831990733383796e-23, nan 
-31.125, -66.625, 6.41846320038874e-23, nan 
-30.875, -66.625, 5.0456235781089725e-23, nan 
-30.625, -66.625, 3.9002737717865917e-23, nan 
-30.375, -66.625, 7.173570469144122e-23, nan 
-30.125, -66.625, 7.703487055257696e-23, nan 
-29.875, -66.625, 8.190111405472422e-23, nan 
-29.625, -66.625, 1.0196739245075672e-22, nan 
-29.375, -66.625, 1.117510325243759e-22, nan 
-29.125, -66.625, 1.1256945383153563e-22, nan 
-28.875, -66.625, 3.165593376223288e-22, nan 
-28.625, -66.625, 3.4030187563179156e-22, nan 
-28.375, -66.625, 3.3945581848166907e-22, nan 
-28.125, -66.625, 3.2603811681714957e-22, nan 
-27.875, -66.625, 1.9748192968795003e-22, nan 
-27.625, -66.625, 1.6683094709893636e-22, nan 
-27.375, -66.625, 1.489418659941097e-22, nan 
-27.125, -66.625, 1.0805888473576957e-22, nan 
-26.875, -66.625, 1.0706884203276826e-22, nan 
-26.625, -66.625, 1.1801484833615465e-22, nan 
-26.375, -66.625, 1.1733524435726155e-22, nan 
-26.125, -66.625, 1.5545202931430907e-22, nan 
-25.875, -66.625, 2.191704212583248e-22, nan 
-25.625, -66.625, 2.569579486872384e-22, nan 
-25.375, -66.625, 2.338479874381566e-22, nan 
-25.125, -66.625, 2.81608163393908e-22, nan 
-24.875, -66.625, 6.783331893545228e-22, nan 
-24.625, -66.625, 1.0872829531291215e-21, nan 
-24.375, -66.625, 7.09291866111219e-22, nan 
-24.125, -66.625, 1.0173809696878392e-21, nan 
-23.875, -66.625, 1.3492467637320846e-21, nan 
-23.625, -66.625, 8.213634414835339e-22, nan 
-23.375, -66.625, 7.805277699410186e-22, nan 
-23.125, -66.625, 9.228419367957332e-22, nan 
-22.875, -66.625, 1.1970638539002422e-21, nan 
-22.625, -66.625, 1.7246744158332007e-21, nan 
-22.375, -66.625, 2.198902944337131e-21, nan 
-22.125, -66.625, 2.338030678840804e-21, nan 
-21.875, -66.625, 2.529114025957627e-21, nan 
-21.625, -66.625, 2.6179804856803235e-21, nan 
-21.375, -66.625, 2.8791589778297687e-21, nan 
-21.125, -66.625, 2.5716207675433852e-21, nan 
-20.875, -66.625, 2.2824964163418634e-21, nan 
-20.625, -66.625, 3.030350828718782e-21, nan 
-20.375, -66.625, 3.193361685601847e-21, nan 
-20.125, -66.625, 3.282066187778643e-21, nan 
-19.875, -66.625, 8.989460943761719e-21, nan 
-19.625, -66.625, 2.9521027710882956e-21, nan 
-19.375, -66.625, 2.6420699141670733e-21, nan 
-19.125, -66.625, 2.763906734533287e-21, nan 
-18.875, -66.625, 4.64734212214997e-21, nan 
-18.625, -66.625, 3.357875388310045e-21, nan 
-18.375, -66.625, 9.257150227064667e-21, nan 
-18.125, -66.625, 1.5180246601879846e-20, nan 
-17.875, -66.625, 3.3537809195799955e-20, nan 
-17.625, -66.625, 5.523941165983276e-20, nan 
-17.375, -66.625, 7.87891859878244e-20, nan 
-17.125, -66.625, 5.531117309191114e-20, nan 
-16.875, -66.625, 7.964298914533985e-20, nan 
-16.625, -66.625, 8.171194051785965e-20, nan 
-16.375, -66.625, 6.071132385201739e-20, nan 
-16.125, -66.625, 4.834684815827968e-20, nan 
-15.875, -66.625, 3.7578814313338635e-20, nan 
-15.625, -66.625, 2.983766990156551e-20, nan 
-15.375, -66.625, 2.4460920832315467e-20, nan 
-15.125, -66.625, 2.0942528879103074e-20, nan 
-14.875, -66.625, 4.1458295921117814e-20, nan 
-14.625, -66.625, 3.7017882832518956e-20, nan 
-14.375, -66.625, 2.95742763552207e-20, nan 
-14.125, -66.625, 1.936528168062144e-20, nan 
-13.875, -66.625, 1.7118429701247567e-20, nan 
-13.625, -66.625, 1.1664882432406701e-20, nan 
-13.375, -66.625, 2.1490693098597874e-21, nan 
-13.125, -66.625, 1.4089535688597203e-21, nan 
-12.875, -66.625, 1.1288500820046516e-21, nan 
-12.625, -66.625, 1.0354939819485017e-21, nan 
-12.375, -66.625, 9.32395906271193e-22, nan 
-12.125, -66.625, 7.224314183406159e-22, nan 
-11.875, -66.625, 5.0817264067679825e-22, nan 
-11.625, -66.625, 3.8016397903006235e-22, nan 
-11.375, -66.625, 2.6745791541282246e-22, nan 
-11.125, -66.625, 1.8088203081295203e-22, nan 
-10.875, -66.625, 7.597498385392182e-23, nan 
-10.625, -66.625, 6.47769516069274e-23, nan 
-10.375, -66.625, 8.841618790220209e-23, nan 
-10.125, -66.625, 1.0330098982181601e-22, nan 
-9.875, -66.625, 5.257476823964075e-23, nan 
-9.625, -66.625, 6.053239911407452e-23, nan 
-9.375, -66.625, 8.468515461192332e-23, nan 
-9.125, -66.625, 6.284630925124438e-23, nan 
-8.875, -66.625, 6.939689235144624e-23, nan 
-8.625, -66.625, 5.645586744549268e-23, nan 
-8.375, -66.625, 2.599277776686708e-23, nan 
-8.125, -66.625, 1.764144798715687e-23, nan 
-7.875, -66.625, 6.622519596846023e-23, nan 
-7.625, -66.625, 6.338422941047986e-23, nan 
-7.375, -66.625, 6.759891270191e-23, nan 
-7.125, -66.625, 5.119648668328259e-23, nan 
-6.875, -66.625, 4.0714985993595776e-23, nan 
-6.625, -66.625, 9.833559852251708e-23, nan 
-6.375, -66.625, 5.797020659284045e-23, nan 
-6.125, -66.625, 1.6165191682122212e-23, nan 
-5.875, -66.625, 5.962383980708538e-23, nan 
-5.625, -66.625, 3.730885631426277e-23, nan 
-5.375, -66.625, 3.764708743106737e-23, nan 
-5.125, -66.625, 5.483623899531872e-23, nan 
-4.875, -66.625, 3.81938257081364e-23, nan 
-4.625, -66.625, 5.260667557352886e-23, nan 
-4.375, -66.625, 4.510419682065338e-23, nan 
-4.125, -66.625, 4.327604097285297e-23, nan 
-3.875, -66.625, 4.460591789264909e-22, nan 
-3.625, -66.625, 3.020587297730049e-22, nan 
-3.375, -66.625, 1.854896395461503e-22, nan 
-3.125, -66.625, 7.283996390580662e-22, nan 
-2.875, -66.625, 6.888422672442318e-22, nan 
-2.625, -66.625, 3.5105802551022463e-22, nan 
-2.375, -66.625, 3.664613699875787e-22, nan 
-2.125, -66.625, 2.8246998973419996e-22, nan 
-1.875, -66.625, 1.6824735810253425e-22, nan 
-1.625, -66.625, 1.813024792931996e-23, nan 
-1.375, -66.625, 3.756720789438708e-23, nan 
-1.125, -66.625, 3.8860378596303056e-23, nan 
-0.875, -66.625, 3.5941407962357835e-23, nan 
-0.625, -66.625, 4.8672748549172477e-23, nan 
-0.375, -66.625, 4.618487781823241e-23, nan 
-0.125, -66.625, 5.075878118873248e-23, nan 
0.125, -66.625, 6.070609352683015e-23, nan 
0.375, -66.625, 2.7821113447542393e-23, nan 
0.625, -66.625, 1.1078720097561785e-22, nan 
0.875, -66.625, 1.4982875775468924e-22, nan 
1.125, -66.625, 9.124974584587801e-23, nan 
1.375, -66.625, 8.436122096373758e-23, nan 
1.625, -66.625, 1.5973424704350804e-22, nan 
1.875, -66.625, 1.400485513940581e-22, nan 
2.125, -66.625, 7.802254940602012e-23, nan 
2.375, -66.625, 9.199705004359444e-23, nan 
2.625, -66.625, 9.231552737055497e-23, nan 
2.875, -66.625, 6.008684825644846e-23, nan 
3.125, -66.625, 2.2722055187948348e-23, nan 
3.375, -66.625, 1.3672359049538583e-22, nan 
3.625, -66.625, 1.1991999676091806e-22, nan 
3.875, -66.625, 2.767114267506892e-22, nan 
4.125, -66.625, 2.334162167618125e-22, nan 
4.375, -66.625, 9.454282732709207e-23, nan 
4.625, -66.625, 6.786001781337525e-23, nan 
4.875, -66.625, 5.672610615707293e-23, nan 
5.125, -66.625, 5.487052787417946e-23, nan 
5.375, -66.625, 6.489660102600024e-23, nan 
5.625, -66.625, 8.208236524433942e-23, nan 
5.875, -66.625, 8.470125588425146e-23, nan 
6.125, -66.625, 4.005912864251344e-23, nan 
-33.625, -66.375, 1.563739813319639e-23, nan 
-33.375, -66.375, 1.5111897281197465e-23, nan 
-33.125, -66.375, 2.6359257146240776e-23, nan 
-32.875, -66.375, 3.210137754272313e-23, nan 
-32.625, -66.375, 3.328308823251639e-23, nan 
-32.375, -66.375, 4.2819533381225464e-23, nan 
-32.125, -66.375, 3.268656767746462e-23, nan 
-31.875, -66.375, 4.027411258199695e-23, nan 
-31.625, -66.375, 4.1945297076072806e-23, nan 
-31.375, -66.375, 4.560863129480725e-23, nan 
-31.125, -66.375, 8.127287218422064e-23, nan 
-30.875, -66.375, 1.1270445363715102e-22, nan 
-30.625, -66.375, 4.32854939395712e-23, nan 
-30.375, -66.375, 9.490831490736406e-23, nan 
-30.125, -66.375, 1.3277511834301836e-22, nan 
-29.875, -66.375, 1.9458165526969067e-22, nan 
-29.625, -66.375, 1.5340454078046621e-22, nan 
-29.375, -66.375, 2.9548693786310545e-22, nan 
-29.125, -66.375, 3.7978522384822777e-22, nan 
-28.875, -66.375, 2.9990808345057177e-22, nan 
-28.625, -66.375, 5.5687354843308295e-22, nan 
-28.375, -66.375, 6.883070010524755e-22, nan 
-28.125, -66.375, 5.862073176368558e-22, nan 
-27.875, -66.375, 4.327610531001435e-22, nan 
-27.625, -66.375, 6.065651442523893e-22, nan 
-27.375, -66.375, 6.168467034664211e-22, nan 
-27.125, -66.375, 4.0637853611881405e-22, nan 
-26.875, -66.375, 1.4814063939930008e-22, nan 
-26.625, -66.375, 1.9117070243301586e-22, nan 
-26.375, -66.375, 2.343510158977865e-22, nan 
-26.125, -66.375, 2.026924825644634e-22, nan 
-25.875, -66.375, 2.5160433522094155e-22, nan 
-25.625, -66.375, 2.84867523569815e-22, nan 
-25.375, -66.375, 4.928878302190061e-22, nan 
-25.125, -66.375, 9.605581514061797e-22, nan 
-24.875, -66.375, 1.2076608595224966e-21, nan 
-24.625, -66.375, 1.2407085353384057e-21, nan 
-24.375, -66.375, 1.4887731532120073e-21, nan 
-24.125, -66.375, 1.9597818535447582e-21, nan 
-23.875, -66.375, 1.0672136583732366e-21, nan 
-23.625, -66.375, 8.743312706724933e-22, nan 
-23.375, -66.375, 1.924161566874091e-21, nan 
-23.125, -66.375, 2.983724963622414e-21, nan 
-22.875, -66.375, 2.3498209315705616e-21, nan 
-22.625, -66.375, 3.9256134903394475e-21, nan 
-22.375, -66.375, 5.729888825379895e-21, nan 
-22.125, -66.375, 6.21768651918915e-21, nan 
-21.875, -66.375, 5.7436652893835786e-21, nan 
-21.625, -66.375, 6.015192857975151e-21, nan 
-21.375, -66.375, 1.1143029125639668e-20, nan 
-21.125, -66.375, 1.2061115623924244e-20, nan 
-20.875, -66.375, 5.554726326515482e-21, nan 
-20.625, -66.375, 9.426199179496987e-21, nan 
-20.375, -66.375, 1.2562303730919274e-20, nan 
-20.125, -66.375, 7.742844532242507e-21, nan 
-19.875, -66.375, 8.95259768479121e-21, nan 
-19.625, -66.375, 9.872362444672186e-21, nan 
-19.375, -66.375, 1.378165937926847e-20, nan 
-19.125, -66.375, 1.9284801263050273e-20, nan 
-18.875, -66.375, 2.1038205401586636e-20, nan 
-18.625, -66.375, 1.1654538724090678e-20, nan 
-18.375, -66.375, 1.42924496491751e-20, nan 
-18.125, -66.375, 1.8066868403854693e-20, nan 
-17.875, -66.375, 1.4369514290072138e-20, nan 
-17.625, -66.375, 1.1246833896635704e-20, nan 
-17.375, -66.375, 1.6122637925878624e-20, nan 
-17.125, -66.375, 1.252674113284452e-20, nan 
-16.875, -66.375, 6.0979966995763594e-21, nan 
-16.625, -66.375, 1.1979315584657125e-20, nan 
-16.375, -66.375, 1.0453090153382318e-20, nan 
-16.125, -66.375, 7.089535712085372e-21, nan 
-15.875, -66.375, 6.944124220000287e-21, nan 
-15.625, -66.375, 5.9537174213846374e-21, nan 
-15.375, -66.375, 5.561269701327879e-21, nan 
-15.125, -66.375, 4.4298844201353496e-21, nan 
-14.875, -66.375, 3.864621619758684e-21, nan 
-14.625, -66.375, 4.06736172974016e-21, nan 
-14.375, -66.375, 2.723902373943971e-21, nan 
-14.125, -66.375, 7.918126942790896e-22, nan 
-13.875, -66.375, 1.147544244639744e-21, nan 
-13.625, -66.375, 1.258633396176183e-21, nan 
-13.375, -66.375, 7.264250458461763e-22, nan 
-13.125, -66.375, 7.565836468150502e-22, nan 
-12.875, -66.375, 8.13331088993064e-22, nan 
-12.625, -66.375, 4.760130241524285e-22, nan 
-12.375, -66.375, 3.9856310326885005e-22, nan 
-12.125, -66.375, 3.6019361479632676e-22, nan 
-11.875, -66.375, 2.9141789347313003e-22, nan 
-11.625, -66.375, 2.1998266142306896e-22, nan 
-11.375, -66.375, 1.716019796761771e-22, nan 
-11.125, -66.375, 1.288769644163553e-22, nan 
-10.875, -66.375, 2.049854418554584e-23, nan 
-10.625, -66.375, 3.775953226305084e-23, nan 
-10.375, -66.375, 5.133436315847986e-23, nan 
-10.125, -66.375, 4.10997695986873e-23, nan 
-9.875, -66.375, 2.884323487014386e-23, nan 
-9.625, -66.375, 1.4686506612247063e-23, nan 
-9.375, -66.375, 4.079339937949661e-23, nan 
-9.125, -66.375, 4.7530002220566924e-23, nan 
-8.875, -66.375, 4.969606848075433e-23, nan 
-8.625, -66.375, 4.3351164707890496e-23, nan 
-8.375, -66.375, 2.896750825960591e-23, nan 
-8.125, -66.375, 2.329774089428614e-23, nan 
-7.875, -66.375, 3.974188446494463e-23, nan 
-7.625, -66.375, 3.625974007126654e-23, nan 
-7.375, -66.375, 2.296654671022802e-23, nan 
-7.125, -66.375, 3.2796136979538916e-23, nan 
-6.875, -66.375, 2.885533007232729e-23, nan 
-6.625, -66.375, 2.9069373542933423e-23, nan 
-6.375, -66.375, 2.818302920873075e-23, nan 
-6.125, -66.375, 3.0209881699319794e-23, nan 
-5.875, -66.375, 5.464150154515379e-23, nan 
-5.625, -66.375, 2.680602450433091e-23, nan 
-5.375, -66.375, 5.2202666107789385e-23, nan 
-5.125, -66.375, 7.908129455709336e-23, nan 
-4.875, -66.375, 2.842572317921677e-23, nan 
-4.625, -66.375, 1.8129077791050618e-23, nan 
-4.375, -66.375, 2.8518491348708685e-23, nan 
-4.125, -66.375, 1.051536234228274e-22, nan 
-3.875, -66.375, 5.845278059053116e-22, nan 
-3.625, -66.375, 6.46401241357219e-22, nan 
-3.375, -66.375, 2.397448623372423e-22, nan 
-3.125, -66.375, 9.227981658658647e-22, nan 
-2.875, -66.375, 1.0129553727368663e-21, nan 
-2.625, -66.375, 4.139437089266976e-22, nan 
-2.375, -66.375, 3.6251672498871563e-22, nan 
-2.125, -66.375, 4.1320813366460277e-22, nan 
-1.875, -66.375, 2.294431001758756e-22, nan 
-1.625, -66.375, 5.778329422385876e-23, nan 
-1.375, -66.375, 1.4708720456621445e-23, nan 
-1.125, -66.375, 1.3763613299301684e-23, nan 
-0.875, -66.375, 5.28062906148318e-23, nan 
-0.625, -66.375, 3.675356194866321e-23, nan 
-0.375, -66.375, 1.2242784666349063e-23, nan 
-0.125, -66.375, 4.779327706744693e-23, nan 
0.125, -66.375, 4.742093652799739e-23, nan 
0.375, -66.375, 3.300766468177851e-23, nan 
0.625, -66.375, 2.952775333625474e-23, nan 
0.875, -66.375, 3.8105141151711875e-23, nan 
1.125, -66.375, 2.841817890889537e-23, nan 
1.375, -66.375, 4.292164942081828e-23, nan 
1.625, -66.375, 6.672268606704275e-23, nan 
1.875, -66.375, 6.756604316534574e-23, nan 
2.125, -66.375, 4.616262402733461e-23, nan 
2.375, -66.375, 2.80945128354615e-23, nan 
2.625, -66.375, 6.220181003655434e-23, nan 
2.875, -66.375, 8.676530902971308e-23, nan 
3.125, -66.375, 1.866621330610516e-22, nan 
3.375, -66.375, 1.7547469056379807e-22, nan 
3.625, -66.375, 1.9056862588805408e-22, nan 
3.875, -66.375, 3.2599413773802573e-22, nan 
4.125, -66.375, 2.447001174870076e-22, nan 
4.375, -66.375, 9.755939758377617e-23, nan 
4.625, -66.375, 1.7655036106459508e-22, nan 
4.875, -66.375, 1.4942129395756405e-22, nan 
5.125, -66.375, 7.599801853183074e-23, nan 
5.375, -66.375, 5.0683003472962e-23, nan 
5.625, -66.375, 4.663986755760375e-23, nan 
5.875, -66.375, 6.099457158959495e-23, nan 
6.125, -66.375, 5.1754566786267463e-23, nan 
-33.125, -66.125, 2.965681129047559e-23, nan 
-32.875, -66.125, 2.766085652732898e-23, nan 
-32.625, -66.125, 2.4917357346916588e-23, nan 
-32.375, -66.125, 3.2011022247830163e-23, nan 
-32.125, -66.125, 1.968612308047331e-23, nan 
-31.875, -66.125, 4.741077818155403e-23, nan 
-31.625, -66.125, 3.3951546951268813e-23, nan 
-31.375, -66.125, 3.6025837324163547e-23, nan 
-31.125, -66.125, 9.860771248146463e-23, nan 
-30.875, -66.125, 1.2022594820672757e-22, nan 
-30.625, -66.125, 1.1781231495954262e-22, nan 
-30.375, -66.125, 1.377713727223385e-22, nan 
-30.125, -66.125, 1.8747819983316247e-22, nan 
-29.875, -66.125, 1.7644945582128032e-22, nan 
-29.625, -66.125, 3.5997806076330913e-22, nan 
-29.375, -66.125, 4.80413331324682e-22, nan 
-29.125, -66.125, 3.543149799359228e-22, nan 
-28.875, -66.125, 7.353331601190836e-22, nan 
-28.625, -66.125, 7.324392963750275e-22, nan 
-28.375, -66.125, 6.475536342542279e-22, nan 
-28.125, -66.125, 1.0201244337291169e-21, nan 
-27.875, -66.125, 8.655841422745486e-22, nan 
-27.625, -66.125, 7.086137881909138e-22, nan 
-27.375, -66.125, 8.669050782982203e-22, nan 
-27.125, -66.125, 7.188880500204606e-22, nan 
-26.875, -66.125, 2.1612125769088954e-22, nan 
-26.625, -66.125, 1.6370683255779944e-22, nan 
-26.375, -66.125, 2.1922912585209927e-22, nan 
-26.125, -66.125, 1.8767747960187054e-22, nan 
-25.875, -66.125, 2.150036964199389e-22, nan 
-25.625, -66.125, 2.6222137675011683e-22, nan 
-25.375, -66.125, 3.4988645485785722e-22, nan 
-25.125, -66.125, 1.450008503941711e-21, nan 
-24.875, -66.125, 1.4559557671958348e-21, nan 
-24.625, -66.125, 1.3181582590316364e-21, nan 
-24.375, -66.125, 4.132951757421389e-21, nan 
-24.125, -66.125, 2.8585134022716103e-21, nan 
-23.875, -66.125, 3.8187550421431085e-21, nan 
-23.625, -66.125, 5.497472811324075e-21, nan 
-23.375, -66.125, 6.645976307315741e-21, nan 
-23.125, -66.125, 5.7894104437384535e-21, nan 
-22.875, -66.125, 7.133914588966826e-21, nan 
-22.625, -66.125, 9.392105432579707e-21, nan 
-22.375, -66.125, 1.1667468489312312e-20, nan 
-22.125, -66.125, 1.721395749830049e-20, nan 
-21.875, -66.125, 2.421536875584107e-20, nan 
-21.625, -66.125, 4.25886379870558e-20, nan 
-21.375, -66.125, 3.4807906743134944e-20, nan 
-21.125, -66.125, 4.1203997388479294e-20, nan 
-20.875, -66.125, 5.342581242033137e-20, nan 
-20.625, -66.125, 1.2720558282340532e-20, nan 
-20.375, -66.125, 1.8069630299195262e-20, nan 
-20.125, -66.125, 9.428725637900637e-21, nan 
-19.875, -66.125, 9.532721053829485e-21, nan 
-19.625, -66.125, 1.0898993529019036e-20, nan 
-19.375, -66.125, 9.131241447855631e-21, nan 
-19.125, -66.125, 6.240432848173897e-21, nan 
-18.875, -66.125, 4.568006799180606e-21, nan 
-18.625, -66.125, 3.654675836640458e-21, nan 
-18.375, -66.125, 2.561260486823945e-21, nan 
-18.125, -66.125, 1.821146660609951e-21, nan 
-17.875, -66.125, 2.911880409865463e-21, nan 
-17.625, -66.125, 1.584572232962587e-21, nan 
-17.375, -66.125, 2.869447998912248e-21, nan 
-17.125, -66.125, 2.9808684550924923e-21, nan 
-16.875, -66.125, 1.5571598312470386e-21, nan 
-16.625, -66.125, 2.1103323711225632e-21, nan 
-16.375, -66.125, 1.8845292024351346e-21, nan 
-16.125, -66.125, 1.3509080558525474e-21, nan 
-15.875, -66.125, 7.266466782501499e-22, nan 
-15.625, -66.125, 7.978884791786983e-22, nan 
-15.375, -66.125, 6.451197362275797e-22, nan 
-15.125, -66.125, 5.843494716847787e-22, nan 
-14.875, -66.125, 2.9886327936497077e-22, nan 
-14.625, -66.125, 2.21523330181724e-22, nan 
-14.375, -66.125, 1.2590819664516132e-22, nan 
-14.125, -66.125, 1.59775389333894e-22, nan 
-13.875, -66.125, 1.5506098440786908e-22, nan 
-13.625, -66.125, 1.2162746618148413e-22, nan 
-13.375, -66.125, 2.509663017479637e-22, nan 
-13.125, -66.125, 2.737905895765856e-22, nan 
-12.875, -66.125, 2.482759907312971e-22, nan 
-12.625, -66.125, 4.787180468626956e-22, nan 
-12.375, -66.125, 4.136585717951442e-22, nan 
-12.125, -66.125, 8.090494303928825e-23, nan 
-11.875, -66.125, 9.028326903716145e-23, nan 
-11.625, -66.125, 4.798661635344562e-23, nan 
-11.375, -66.125, 5.946241857426845e-23, nan 
-11.125, -66.125, 3.545152789361142e-23, nan 
-10.875, -66.125, 1.4396623909662205e-23, nan 
-10.625, -66.125, 3.7084709736945224e-23, nan 
-10.375, -66.125, 1.7432985671475007e-23, nan 
-10.125, -66.125, 4.3796152295399306e-23, nan 
-9.875, -66.125, 6.17291323249059e-23, nan 
-9.625, -66.125, 2.3130731949468637e-23, nan 
-9.375, -66.125, 3.521761825746939e-23, nan 
-9.125, -66.125, 8.484619807855355e-23, nan 
-8.875, -66.125, 1.0693220055303175e-22, nan 
-8.625, -66.125, 4.7525442081275997e-23, nan 
-8.375, -66.125, 3.2014377693939715e-23, nan 
-8.125, -66.125, 3.9009158824379037e-23, nan 
-7.875, -66.125, 4.4930049557225846e-23, nan 
-7.625, -66.125, 2.1231207529302307e-23, nan 
-7.375, -66.125, 1.2001134887072625e-23, nan 
-7.125, -66.125, 1.4364037387987532e-23, nan 
-6.875, -66.125, 2.311609229444171e-23, nan 
-6.625, -66.125, 1.948416546931354e-23, nan 
-6.375, -66.125, 1.4228632967970384e-23, nan 
-6.125, -66.125, 3.449483052009574e-23, nan 
-5.875, -66.125, 3.001211619785012e-23, nan 
-5.625, -66.125, 4.45262053618613e-23, nan 
-5.375, -66.125, 6.809761576580459e-23, nan 
-5.125, -66.125, 6.10486003331628e-23, nan 
-4.875, -66.125, 1.732278796719729e-23, nan 
-4.625, -66.125, 4.155582761846817e-23, nan 
-4.375, -66.125, 4.821517790748319e-23, nan 
-4.125, -66.125, 2.898943013044123e-23, nan 
-3.875, -66.125, 3.801421431340983e-23, nan 
-3.625, -66.125, 3.3132820404706323e-23, nan 
-3.375, -66.125, 8.324497807138774e-23, nan 
-3.125, -66.125, 4.238447651160533e-22, nan 
-2.875, -66.125, 4.475796348722488e-22, nan 
-2.625, -66.125, 1.99676708421286e-22, nan 
-2.375, -66.125, 4.489311608361292e-23, nan 
-2.125, -66.125, 3.122029673849219e-23, nan 
-1.875, -66.125, 3.803751997918677e-23, nan 
-1.625, -66.125, 3.855761844631562e-23, nan 
-1.375, -66.125, 3.555284948782844e-23, nan 
-1.125, -66.125, 9.00151654769189e-24, nan 
-0.875, -66.125, 6.284536737766936e-23, nan 
-0.625, -66.125, 3.548788531260393e-23, nan 
-0.375, -66.125, 1.6158047451699656e-23, nan 
-0.125, -66.125, 3.6166560282751154e-23, nan 
0.125, -66.125, 2.992266698653182e-23, nan 
0.375, -66.125, 3.500824002353218e-23, nan 
0.625, -66.125, 3.550557225055743e-23, nan 
0.875, -66.125, 3.2324201120005413e-23, nan 
1.125, -66.125, 2.6910162692023865e-23, nan 
1.375, -66.125, 2.3450475704750046e-23, nan 
1.625, -66.125, 2.9427176016945156e-23, nan 
1.875, -66.125, 3.50311280136954e-23, nan 
2.125, -66.125, 2.3269766009669444e-23, nan 
2.375, -66.125, 3.195468705842501e-23, nan 
2.625, -66.125, 1.1720031653519757e-22, nan 
2.875, -66.125, 1.4377538761085597e-22, nan 
3.125, -66.125, 1.87507417699255e-22, nan 
3.375, -66.125, 2.1460474716762314e-22, nan 
3.625, -66.125, 2.8892815202613375e-22, nan 
3.875, -66.125, 3.723373445470784e-22, nan 
4.125, -66.125, 2.9171847323197184e-22, nan 
4.375, -66.125, 1.3482340030105137e-22, nan 
4.625, -66.125, 1.9676491477345705e-22, nan 
4.875, -66.125, 1.6673891338818612e-22, nan 
5.125, -66.125, 4.1630914791657065e-23, nan 
5.375, -66.125, 3.9466348484245104e-23, nan 
5.625, -66.125, 2.967722042926372e-23, nan 
5.875, -66.125, 3.1532580741576934e-23, nan 
6.125, -66.125, 3.620056681220822e-23, nan 
-32.875, -65.875, 8.326463849286763e-24, nan 
-32.625, -65.875, 2.795461714609143e-23, nan 
-32.375, -65.875, 3.972729751933275e-23, nan 
-32.125, -65.875, 1.9335996663419855e-23, nan 
-31.875, -65.875, 2.4506574962028163e-23, nan 
-31.625, -65.875, 5.65524357078416e-23, nan 
-31.375, -65.875, 6.36824630327501e-23, nan 
-31.125, -65.875, 7.484455627329595e-23, nan 
-30.875, -65.875, 8.877624453760364e-23, nan 
-30.625, -65.875, 1.838808098737499e-22, nan 
-30.375, -65.875, 1.6230857143079023e-22, nan 
-30.125, -65.875, 2.0469238501299474e-22, nan 
-29.875, -65.875, 2.4543997061511903e-22, nan 
-29.625, -65.875, 2.386719209785373e-22, nan 
-29.375, -65.875, 2.8115383229052107e-22, nan 
-29.125, -65.875, 5.0045587662675e-22, nan 
-28.875, -65.875, 8.385527897251222e-22, nan 
-28.625, -65.875, 1.0178440006481586e-21, nan 
-28.375, -65.875, 1.2775996812751085e-21, nan 
-28.125, -65.875, 1.155423929093036e-21, nan 
-27.875, -65.875, 1.1807433679932898e-21, nan 
-27.625, -65.875, 1.0362300346772841e-21, nan 
-27.375, -65.875, 5.047589394310828e-22, nan 
-27.125, -65.875, 3.021168361435386e-22, nan 
-26.875, -65.875, 3.0087854849051772e-22, nan 
-26.625, -65.875, 3.0551296357427255e-22, nan 
-26.375, -65.875, 3.7514191259745895e-22, nan 
-26.125, -65.875, 5.768078441193807e-22, nan 
-25.875, -65.875, 3.4544237885368156e-22, nan 
-25.625, -65.875, 4.187813694277468e-22, nan 
-25.375, -65.875, 4.40896416869421e-22, nan 
-25.125, -65.875, 9.243984694906913e-22, nan 
-24.875, -65.875, 2.7191874409325423e-21, nan 
-24.625, -65.875, 3.936346517499466e-21, nan 
-24.375, -65.875, 1.392330341911903e-20, nan 
-24.125, -65.875, 1.467884054655571e-20, nan 
-23.875, -65.875, 1.2900157908544318e-20, nan 
-23.625, -65.875, 2.899099042264791e-20, nan 
-23.375, -65.875, 2.6000813474789318e-20, nan 
-23.125, -65.875, 1.2801756122725789e-20, nan 
-22.875, -65.875, 4.824063802887158e-21, nan 
-22.625, -65.875, 1.9030225481923427e-20, nan 
-22.375, -65.875, 4.7554834647954004e-20, nan 
-22.125, -65.875, 9.207525710501907e-20, nan 
-21.875, -65.875, 3.049568307298361e-19, nan 
-21.625, -65.875, 2.297114499237117e-19, nan 
-21.375, -65.875, 1.1268381027640587e-19, nan 
-21.125, -65.875, 6.913808375811222e-20, nan 
-20.875, -65.875, 1.7235808390271973e-20, nan 
-20.625, -65.875, 1.5379931324218855e-20, nan 
-20.375, -65.875, 1.561098572293102e-20, nan 
-20.125, -65.875, 1.1065829334692769e-20, nan 
-19.875, -65.875, 3.500130166432244e-21, nan 
-19.625, -65.875, 3.726946695109895e-21, nan 
-19.375, -65.875, 1.818846910758195e-21, nan 
-19.125, -65.875, 1.4798617865578369e-21, nan 
-18.875, -65.875, 1.148055564856539e-21, nan 
-18.625, -65.875, 1.841273602596785e-21, nan 
-18.375, -65.875, 1.4714872776670764e-21, nan 
-18.125, -65.875, 9.042872014679304e-22, nan 
-17.875, -65.875, 8.060927996524565e-22, nan 
-17.625, -65.875, 4.380739318903577e-22, nan 
-17.375, -65.875, 7.709468822925224e-22, nan 
-17.125, -65.875, 7.476045193227147e-22, nan 
-16.875, -65.875, 7.615470437004092e-22, nan 
-16.625, -65.875, 1.0046733817604174e-21, nan 
-16.375, -65.875, 5.633391082481062e-22, nan 
-16.125, -65.875, 6.020229219001251e-22, nan 
-15.875, -65.875, 4.748035708611591e-22, nan 
-15.625, -65.875, 3.1395925749239963e-22, nan 
-15.375, -65.875, 2.906098395519305e-22, nan 
-15.125, -65.875, 2.373918382985333e-22, nan 
-14.875, -65.875, 2.39480469456164e-22, nan 
-14.625, -65.875, 1.8251697504886567e-22, nan 
-14.375, -65.875, 1.1253224556220794e-22, nan 
-14.125, -65.875, 8.954972437659253e-23, nan 
-13.875, -65.875, 8.448336888857331e-23, nan 
-13.625, -65.875, 5.523100946175855e-23, nan 
-13.375, -65.875, 2.344364030520699e-22, nan 
-13.125, -65.875, 2.6311628437399267e-22, nan 
-12.875, -65.875, 3.551153462696227e-23, nan 
-12.625, -65.875, 4.04657501982337e-22, nan 
-12.375, -65.875, 4.31344708818216e-22, nan 
-12.125, -65.875, 3.898135244477642e-23, nan 
-11.875, -65.875, 1.201998775548215e-22, nan 
-11.625, -65.875, 1.4197653689439557e-22, nan 
-11.375, -65.875, 2.2947390264259003e-23, nan 
-11.125, -65.875, 1.4523263943603568e-23, nan 
-10.875, -65.875, 1.3310706397815647e-23, nan 
-10.625, -65.875, 9.720029623397444e-24, nan 
-10.375, -65.875, 1.2372331148788688e-23, nan 
-10.125, -65.875, 2.6227127397251516e-23, nan 
-9.875, -65.875, 5.629822337863338e-23, nan 
-9.625, -65.875, 6.926108704773457e-23, nan 
-9.375, -65.875, 2.643731296075881e-23, nan 
-9.125, -65.875, 8.808551758748408e-23, nan 
-8.875, -65.875, 1.2263812423311025e-22, nan 
-8.625, -65.875, 3.655785789976765e-23, nan 
-8.375, -65.875, 5.391882579671988e-23, nan 
-8.125, -65.875, 6.945296942802611e-23, nan 
-7.875, -65.875, 3.0009835713049727e-23, nan 
-7.625, -65.875, 2.4991474803400308e-23, nan 
-7.375, -65.875, 2.783088164041156e-23, nan 
-7.125, -65.875, 8.460300649781139e-24, nan 
-6.875, -65.875, 2.5913093189875772e-23, nan 
-6.625, -65.875, 2.759389110556038e-23, nan 
-6.375, -65.875, 2.5064608093321058e-23, nan 
-6.125, -65.875, 1.9123081738368733e-23, nan 
-5.875, -65.875, 1.7812694487499033e-23, nan 
-5.625, -65.875, 5.676085065608248e-23, nan 
-5.375, -65.875, 2.8318533324935196e-23, nan 
-5.125, -65.875, 2.3828629179514944e-23, nan 
-4.875, -65.875, 4.547651440222431e-23, nan 
-4.625, -65.875, 4.43336600182172e-23, nan 
-4.375, -65.875, 3.109340793090392e-23, nan 
-4.125, -65.875, 3.9199546670996903e-23, nan 
-3.875, -65.875, 4.2921549020345564e-23, nan 
-3.625, -65.875, 3.1732508790425285e-23, nan 
-3.375, -65.875, 3.232938743581701e-23, nan 
-3.125, -65.875, 3.08723115617677e-23, nan 
-2.875, -65.875, 2.0764326729885388e-23, nan 
-2.625, -65.875, 2.4539504555244415e-23, nan 
-2.375, -65.875, 2.729129278250222e-23, nan 
-2.125, -65.875, 1.9804635926855525e-23, nan 
-1.875, -65.875, 2.852522342040178e-23, nan 
-1.625, -65.875, 2.9551713459286734e-23, nan 
-1.375, -65.875, 2.986580424050784e-23, nan 
-1.125, -65.875, 1.8305540162173558e-23, nan 
-0.875, -65.875, 2.682046016703536e-23, nan 
-0.625, -65.875, 2.7556372386419286e-23, nan 
-0.375, -65.875, 1.752152330125532e-23, nan 
-0.125, -65.875, 1.4645692463066698e-23, nan 
0.125, -65.875, 2.848922538665202e-23, nan 
0.375, -65.875, 2.761886998027281e-23, nan 
0.625, -65.875, 2.5776980755878893e-23, nan 
0.875, -65.875, 2.0757007246142545e-23, nan 
1.125, -65.875, 1.318845888351164e-23, nan 
1.375, -65.875, 1.3517402113761923e-23, nan 
1.625, -65.875, 1.812587192902383e-23, nan 
1.875, -65.875, 9.998866353699534e-24, nan 
2.125, -65.875, 1.3687762546198653e-23, nan 
2.375, -65.875, 2.6001965350702175e-23, nan 
2.625, -65.875, 2.4604985141577594e-23, nan 
2.875, -65.875, 2.0232299516228514e-23, nan 
3.125, -65.875, 2.9989171530651384e-23, nan 
3.375, -65.875, 1.0462861248798366e-22, nan 
3.625, -65.875, 1.4407822874721056e-22, nan 
3.875, -65.875, 1.9985943464398773e-22, nan 
4.125, -65.875, 1.8700926390850704e-22, nan 
4.375, -65.875, 3.8678545552146436e-23, nan 
4.625, -65.875, 2.1662570798971268e-23, nan 
4.875, -65.875, 2.8787767821861164e-23, nan 
5.125, -65.875, 3.691048930332272e-23, nan 
5.375, -65.875, 4.666917063698788e-24, nan 
5.625, -65.875, 1.2284652586996045e-23, nan 
5.875, -65.875, 1.2336911598355754e-23, nan 
-32.375, -65.625, 4.064458802555606e-23, nan 
-32.125, -65.625, 3.9926250538342243e-23, nan 
-31.875, -65.625, 4.726216239397136e-23, nan 
-31.625, -65.625, 5.318238261172089e-23, nan 
-31.375, -65.625, 7.464656047529277e-23, nan 
-31.125, -65.625, 8.815062969973058e-23, nan 
-30.875, -65.625, 8.647980832037208e-23, nan 
-30.625, -65.625, 1.408463113403211e-22, nan 
-30.375, -65.625, 2.1000164342769593e-22, nan 
-30.125, -65.625, 2.060988408261158e-22, nan 
-29.875, -65.625, 2.9141218515991152e-22, nan 
-29.625, -65.625, 3.486470869481786e-22, nan 
-29.375, -65.625, 3.875908896336316e-22, nan 
-29.125, -65.625, 4.408094669418446e-22, nan 
-28.875, -65.625, 4.513145874120095e-22, nan 
-28.625, -65.625, 8.904481608829833e-22, nan 
-28.375, -65.625, 1.2290763081215762e-21, nan 
-28.125, -65.625, 4.986371536312172e-22, nan 
-27.875, -65.625, 5.914549733661951e-22, nan 
-27.625, -65.625, 6.299085023267836e-22, nan 
-27.375, -65.625, 6.549676805925447e-22, nan 
-27.125, -65.625, 8.430292985516398e-22, nan 
-26.875, -65.625, 5.647873203641839e-22, nan 
-26.625, -65.625, 5.523074133406056e-22, nan 
-26.375, -65.625, 8.541321623524936e-22, nan 
-26.125, -65.625, 1.1251352065708152e-21, nan 
-25.875, -65.625, 1.0175481504953385e-21, nan 
-25.625, -65.625, 9.918918245672727e-22, nan 
-25.375, -65.625, 1.6046395147182015e-21, nan 
-25.125, -65.625, 1.926458804074351e-21, nan 
-24.875, -65.625, 2.469011044452746e-21, nan 
-24.625, -65.625, 3.1259194642132576e-21, nan 
-24.375, -65.625, 3.9206712561701034e-21, nan 
-24.125, -65.625, 1.4735635421798258e-20, nan 
-23.875, -65.625, 2.44667258500113e-20, nan 
-23.625, -65.625, 6.74616144458078e-20, nan 
-23.375, -65.625, 7.765874447264896e-20, nan 
-23.125, -65.625, 6.000325467280495e-20, nan 
-22.875, -65.625, 8.423498362412793e-20, nan 
-22.625, -65.625, 1.625405814680427e-19, nan 
-22.375, -65.625, 1.8588725873344393e-19, nan 
-22.125, -65.625, 2.1565579859255335e-19, nan 
-21.875, -65.625, 1.3367421038065226e-19, nan 
-21.625, -65.625, 5.27560721366276e-20, nan 
-21.375, -65.625, 2.4412784733534206e-20, nan 
-21.125, -65.625, 8.33891186355943e-21, nan 
-20.875, -65.625, 6.784589080345743e-21, nan 
-20.625, -65.625, 8.019122670045212e-21, nan 
-20.375, -65.625, 8.627249320619298e-21, nan 
-20.125, -65.625, 6.7006687436348726e-21, nan 
-19.875, -65.625, 1.9382932514040293e-21, nan 
-19.625, -65.625, 2.755099448622433e-21, nan 
-19.375, -65.625, 2.0270502238282467e-21, nan 
-19.125, -65.625, 5.700141073585671e-22, nan 
-18.875, -65.625, 4.253592159722106e-22, nan 
-18.625, -65.625, 7.710411223092762e-22, nan 
-18.375, -65.625, 6.7222832127946545e-22, nan 
-18.125, -65.625, 5.53351194088101e-22, nan 
-17.875, -65.625, 5.899058944379718e-22, nan 
-17.625, -65.625, 4.503278397398328e-22, nan 
-17.375, -65.625, 4.6127438749873675e-22, nan 
-17.125, -65.625, 5.405769297725682e-22, nan 
-16.875, -65.625, 4.6455495508384695e-22, nan 
-16.625, -65.625, 3.3647850629906007e-22, nan 
-16.375, -65.625, 2.110977045979828e-22, nan 
-16.125, -65.625, 3.098676005230999e-22, nan 
-15.875, -65.625, 3.046170757715049e-22, nan 
-15.625, -65.625, 3.097312246298303e-22, nan 
-15.375, -65.625, 2.0470258806536127e-22, nan 
-15.125, -65.625, 1.6540141237047928e-22, nan 
-14.875, -65.625, 2.7598724572297996e-22, nan 
-14.625, -65.625, 1.652475009765315e-22, nan 
-14.375, -65.625, 4.5887919261183173e-23, nan 
-14.125, -65.625, 2.1963828031334745e-22, nan 
-13.875, -65.625, 6.634325256723186e-23, nan 
-13.625, -65.625, 7.513138851947949e-23, nan 
-13.375, -65.625, 5.211580707723998e-23, nan 
-13.125, -65.625, 5.860813981659611e-23, nan 
-12.875, -65.625, 2.5043087896604548e-23, nan 
-12.625, -65.625, 1.4400532762316417e-22, nan 
-12.375, -65.625, 1.6823391685840034e-22, nan 
-12.125, -65.625, 2.7066687451588504e-23, nan 
-11.875, -65.625, 2.7376294326947367e-23, nan 
-11.625, -65.625, 2.8263704449598506e-23, nan 
-11.375, -65.625, 1.710273923010927e-23, nan 
-11.125, -65.625, 7.578975914133821e-24, nan 
-10.875, -65.625, 7.509152085059857e-24, nan 
-10.625, -65.625, 8.272570978602265e-24, nan 
-10.375, -65.625, 1.087844312304933e-23, nan 
-10.125, -65.625, 2.5647405162362798e-23, nan 
-9.875, -65.625, 1.9606433689554407e-23, nan 
-9.625, -65.625, 1.9980251655208594e-23, nan 
-9.375, -65.625, 3.4579729848116087e-23, nan 
-9.125, -65.625, 3.743780800346882e-23, nan 
-8.875, -65.625, 4.1745651959124986e-23, nan 
-8.625, -65.625, 3.145042513878319e-23, nan 
-8.375, -65.625, 2.2056081478316526e-23, nan 
-8.125, -65.625, 2.3603294263384284e-23, nan 
-7.875, -65.625, 2.528515712306992e-23, nan 
-7.625, -65.625, 1.2407222799616132e-23, nan 
-7.375, -65.625, 1.4385909038407647e-23, nan 
-7.125, -65.625, 7.300615210994272e-24, nan 
-6.875, -65.625, 1.1973038744413002e-23, nan 
-6.625, -65.625, 5.23008004405734e-24, nan 
-6.375, -65.625, 9.41646346610548e-24, nan 
-6.125, -65.625, 1.080279619213073e-23, nan 
-5.875, -65.625, 9.188019385572497e-24, nan 
-5.625, -65.625, 2.4255570819382048e-23, nan 
-5.375, -65.625, 1.6083531917449374e-23, nan 
-5.125, -65.625, 1.7542363097299697e-23, nan 
-4.875, -65.625, 2.5689643483835108e-23, nan 
-4.625, -65.625, 3.66690926596608e-23, nan 
-4.375, -65.625, 2.3289947524858698e-23, nan 
-4.125, -65.625, 2.1134925083665845e-23, nan 
-3.875, -65.625, 2.6355055538703253e-23, nan 
-3.625, -65.625, 3.138156043134821e-23, nan 
-3.375, -65.625, 1.992401776121662e-23, nan 
-3.125, -65.625, 2.724749785041411e-23, nan 
-2.875, -65.625, 4.018172644826049e-23, nan 
-2.625, -65.625, 2.4506464428751504e-23, nan 
-2.375, -65.625, 2.1371318343546468e-23, nan 
-2.125, -65.625, 3.6026242366120975e-23, nan 
-1.875, -65.625, 2.549392993900599e-23, nan 
-1.625, -65.625, 3.07802632370876e-23, nan 
-1.375, -65.625, 3.238004843933034e-23, nan 
-1.125, -65.625, 1.6253649972212943e-23, nan 
-0.875, -65.625, 2.1582038013182682e-23, nan 
-0.625, -65.625, 3.008685337230817e-23, nan 
-0.375, -65.625, 1.7820560884215428e-23, nan 
-0.125, -65.625, 1.3647491704633263e-23, nan 
0.125, -65.625, 2.3135021645003637e-23, nan 
0.375, -65.625, 2.1501361412568788e-23, nan 
0.625, -65.625, 1.694166578124521e-23, nan 
0.875, -65.625, 7.623807529098842e-24, nan 
1.125, -65.625, 6.64242746265234e-24, nan 
1.375, -65.625, 8.501254602429826e-24, nan 
1.625, -65.625, 2.257549907034364e-23, nan 
1.875, -65.625, 2.0896568868570245e-23, nan 
2.125, -65.625, 1.3712413429909462e-23, nan 
2.375, -65.625, 3.078486033495077e-23, nan 
2.625, -65.625, 3.110659510770497e-23, nan 
2.875, -65.625, 2.120682415280802e-23, nan 
3.125, -65.625, 2.311906459410289e-23, nan 
3.375, -65.625, 2.0026377109000859e-23, nan 
3.625, -65.625, 1.9203524263668758e-23, nan 
3.875, -65.625, 2.5167543367330878e-23, nan 
4.125, -65.625, 3.151445784124724e-23, nan 
4.375, -65.625, 2.1651357260390544e-23, nan 
4.625, -65.625, 1.6666796135640603e-23, nan 
4.875, -65.625, 2.165343990821869e-23, nan 
5.125, -65.625, 2.4322057204490135e-23, nan 
5.375, -65.625, 1.8199630035963808e-23, nan 
5.625, -65.625, 1.077167450633772e-23, nan 
5.875, -65.625, 9.557908192413362e-24, nan 
-32.125, -65.375, 9.33316490504017e-23, nan 
-31.875, -65.375, 1.0875945185625492e-22, nan 
-31.625, -65.375, 1.270440687612269e-22, nan 
-31.375, -65.375, 1.0903700766207747e-22, nan 
-31.125, -65.375, 1.1740903432096769e-22, nan 
-30.875, -65.375, 1.4380549178879004e-22, nan 
-30.625, -65.375, 1.2320250839314044e-22, nan 
-30.375, -65.375, 1.9324407956973925e-22, nan 
-30.125, -65.375, 2.52059225593517e-22, nan 
-29.875, -65.375, 4.377729259086731e-22, nan 
-29.625, -65.375, 4.23502885402568e-22, nan 
-29.375, -65.375, 5.430408307456694e-22, nan 
-29.125, -65.375, 6.464404159756447e-22, nan 
-28.875, -65.375, 6.921084769164372e-22, nan 
-28.625, -65.375, 7.704256824347869e-22, nan 
-28.375, -65.375, 8.456753309561174e-22, nan 
-28.125, -65.375, 9.18405152974917e-22, nan 
-27.875, -65.375, 8.676450803521444e-22, nan 
-27.625, -65.375, 9.85209786086961e-22, nan 
-27.375, -65.375, 1.0382274142335197e-21, nan 
-27.125, -65.375, 1.082290082855014e-21, nan 
-26.875, -65.375, 1.0099890798408373e-21, nan 
-26.625, -65.375, 2.5787723160814873e-21, nan 
-26.375, -65.375, 3.5099699902573116e-21, nan 
-26.125, -65.375, 1.3314169282871421e-21, nan 
-25.875, -65.375, 2.018567002699209e-21, nan 
-25.625, -65.375, 2.498252636832727e-21, nan 
-25.375, -65.375, 2.884932880516693e-21, nan 
-25.125, -65.375, 3.4331455630086414e-21, nan 
-24.875, -65.375, 3.592659200033749e-21, nan 
-24.625, -65.375, 5.279538064728836e-21, nan 
-24.375, -65.375, 7.068900031453057e-21, nan 
-24.125, -65.375, 6.0505210777109686e-21, nan 
-23.875, -65.375, 9.35595958950344e-21, nan 
-23.625, -65.375, 1.0702798815062439e-20, nan 
-23.375, -65.375, 2.275670408235978e-20, nan 
-23.125, -65.375, 3.946891769038242e-20, nan 
-22.875, -65.375, 4.412892851319796e-20, nan 
-22.625, -65.375, 3.7700257634713086e-20, nan 
-22.375, -65.375, 2.7638707211387636e-20, nan 
-22.125, -65.375, 1.6326560515477154e-20, nan 
-21.875, -65.375, 3.1890101281303004e-21, nan 
-21.625, -65.375, 2.15231369538634e-21, nan 
-21.375, -65.375, 3.2661855241745297e-21, nan 
-21.125, -65.375, 3.067695085394532e-21, nan 
-20.875, -65.375, 2.0323265404906982e-21, nan 
-20.625, -65.375, 1.967444927661694e-21, nan 
-20.375, -65.375, 2.0712745391833067e-21, nan 
-20.125, -65.375, 1.5159836574847721e-21, nan 
-19.875, -65.375, 2.9264317911789987e-22, nan 
-19.625, -65.375, 3.4516106621691303e-22, nan 
-19.375, -65.375, 3.7560815941134205e-22, nan 
-19.125, -65.375, 4.110888976778714e-22, nan 
-18.875, -65.375, 1.2965602652961613e-22, nan 
-18.625, -65.375, 1.8224991747739986e-22, nan 
-18.375, -65.375, 2.6290724888627143e-22, nan 
-18.125, -65.375, 1.3033412938606898e-22, nan 
-17.875, -65.375, 2.4054068672915043e-22, nan 
-17.625, -65.375, 2.2314802760637257e-22, nan 
-17.375, -65.375, 2.133974216922268e-22, nan 
-17.125, -65.375, 2.7225455613442783e-22, nan 
-16.875, -65.375, 3.4735203483107416e-22, nan 
-16.625, -65.375, 2.8624841118064767e-22, nan 
-16.375, -65.375, 2.0737682427164526e-22, nan 
-16.125, -65.375, 2.3930111900974727e-22, nan 
-15.875, -65.375, 3.1189714209817875e-22, nan 
-15.625, -65.375, 2.570361174614659e-22, nan 
-15.375, -65.375, 1.154310744505984e-22, nan 
-15.125, -65.375, 4.3084669242281755e-22, nan 
-14.875, -65.375, 6.086186442289317e-22, nan 
-14.625, -65.375, 4.81225661500974e-22, nan 
-14.375, -65.375, 4.340205101130315e-22, nan 
-14.125, -65.375, 2.891151756369623e-22, nan 
-13.875, -65.375, 5.608816016403308e-23, nan 
-13.625, -65.375, 5.760619683698345e-23, nan 
-13.375, -65.375, 1.3668592925750182e-22, nan 
-13.125, -65.375, 4.3898220541439136e-23, nan 
-12.875, -65.375, 3.0818269915524144e-23, nan 
-12.625, -65.375, 3.726308760897262e-23, nan 
-12.375, -65.375, 3.152938832907806e-23, nan 
-12.125, -65.375, 2.0847572302465893e-23, nan 
-11.875, -65.375, 1.7123798892623008e-23, nan 
-11.625, -65.375, 1.2974994530270709e-23, nan 
-11.375, -65.375, 6.484307757251415e-24, nan 
-11.125, -65.375, 3.317610302516971e-24, nan 
-10.875, -65.375, 3.860730965000374e-24, nan 
-10.625, -65.375, 4.083192212734174e-24, nan 
-10.375, -65.375, 3.950652754291327e-24, nan 
-10.125, -65.375, 4.3022895276697356e-24, nan 
-9.875, -65.375, 3.73932908402998e-24, nan 
-9.625, -65.375, 7.933057731901689e-24, nan 
-9.375, -65.375, 1.802507661110983e-23, nan 
-9.125, -65.375, 1.6302281773835314e-23, nan 
-8.875, -65.375, 1.8046394306941105e-23, nan 
-8.625, -65.375, 1.8276320202885902e-23, nan 
-8.375, -65.375, 8.010666979757237e-24, nan 
-8.125, -65.375, 1.8042632830062218e-23, nan 
-7.875, -65.375, 1.2139078631549426e-23, nan 
-7.625, -65.375, 7.252584931954564e-24, nan 
-7.375, -65.375, 9.202113719155598e-24, nan 
-7.125, -65.375, 1.0896683118176835e-23, nan 
-6.875, -65.375, 6.603547890097454e-24, nan 
-6.625, -65.375, 5.558793118268366e-24, nan 
-6.375, -65.375, 7.447862557135592e-24, nan 
-6.125, -65.375, 4.119108799619825e-24, nan 
-5.875, -65.375, 9.1161942326558e-24, nan 
-5.625, -65.375, 9.122131038405261e-24, nan 
-5.375, -65.375, 4.4139831686332304e-24, nan 
-5.125, -65.375, 1.8444873576389928e-23, nan 
-4.875, -65.375, 3.152648832166705e-23, nan 
-4.625, -65.375, 2.2409029575418565e-23, nan 
-4.375, -65.375, 2.1281664827039122e-23, nan 
-4.125, -65.375, 3.869578538469799e-23, nan 
-3.875, -65.375, 2.833181407552705e-23, nan 
-3.625, -65.375, 2.375294659534091e-23, nan 
-3.375, -65.375, 3.062105112005998e-23, nan 
-3.125, -65.375, 2.3665419050786738e-23, nan 
-2.875, -65.375, 3.6114341900935294e-23, nan 
-2.625, -65.375, 1.0916320773694502e-23, nan 
-2.375, -65.375, 1.2254863636610801e-23, nan 
-2.125, -65.375, 2.851834669463727e-23, nan 
-1.875, -65.375, 2.5254429591641576e-23, nan 
-1.625, -65.375, 2.871914001738118e-23, nan 
-1.375, -65.375, 2.7486390324362327e-23, nan 
-1.125, -65.375, 2.1355404565076506e-23, nan 
-0.875, -65.375, 2.3455311180795768e-23, nan 
-0.625, -65.375, 2.4188174566947012e-23, nan 
-0.375, -65.375, 1.79496474104336e-23, nan 
-0.125, -65.375, 1.1331292896147955e-23, nan 
0.125, -65.375, 1.560205173310133e-23, nan 
0.375, -65.375, 1.4744945738028838e-23, nan 
0.625, -65.375, 1.7133342971553987e-23, nan 
0.875, -65.375, 2.208715084113407e-23, nan 
1.125, -65.375, 1.6678084969311842e-23, nan 
1.375, -65.375, 1.3221901706826576e-23, nan 
1.625, -65.375, 3.249732050333875e-23, nan 
1.875, -65.375, 3.9198162892685065e-23, nan 
2.125, -65.375, 2.351480810976511e-23, nan 
2.375, -65.375, 1.765512543044389e-23, nan 
2.625, -65.375, 2.4274629066454735e-23, nan 
2.875, -65.375, 3.011521231707006e-23, nan 
3.125, -65.375, 3.9797052023189894e-23, nan 
3.375, -65.375, 2.0677023431004062e-23, nan 
3.625, -65.375, 2.0145500892804564e-23, nan 
3.875, -65.375, 1.3791311629472318e-23, nan 
4.125, -65.375, 2.4003385685803992e-23, nan 
4.375, -65.375, 2.1206799544674773e-23, nan 
4.625, -65.375, 9.940059905564278e-24, nan 
4.875, -65.375, 1.5492653851884855e-23, nan 
5.125, -65.375, 2.247368210679131e-23, nan 
5.375, -65.375, 1.9914850261114087e-23, nan 
5.625, -65.375, 2.6076683818883547e-23, nan 
5.875, -65.375, 1.8762537004353875e-23, nan 
-31.625, -65.125, 1.6556489448386995e-22, nan 
-31.375, -65.125, 1.0508406461879438e-22, nan 
-31.125, -65.125, 1.1652315375413371e-22, nan 
-30.875, -65.125, 9.487705411561773e-23, nan 
-30.625, -65.125, 1.3511710220093753e-22, nan 
-30.375, -65.125, 1.660341718158204e-22, nan 
-30.125, -65.125, 2.8624633210343104e-22, nan 
-29.875, -65.125, 3.3874625633468353e-22, nan 
-29.625, -65.125, 4.110127366330934e-22, nan 
-29.375, -65.125, 5.777764238753238e-22, nan 
-29.125, -65.125, 7.770498992460972e-22, nan 
-28.875, -65.125, 1.0248179995437971e-21, nan 
-28.625, -65.125, 1.2978623804220304e-21, nan 
-28.375, -65.125, 1.4615295025376409e-21, nan 
-28.125, -65.125, 1.674238515121452e-21, nan 
-27.875, -65.125, 2.0572463778993394e-21, nan 
-27.625, -65.125, 2.2094920359278328e-21, nan 
-27.375, -65.125, 1.957758589578888e-21, nan 
-27.125, -65.125, 4.106239296465015e-21, nan 
-26.875, -65.125, 2.9655317272378187e-21, nan 
-26.625, -65.125, 5.838453547654096e-21, nan 
-26.375, -65.125, 9.494907757118415e-21, nan 
-26.125, -65.125, 4.12207923813531e-21, nan 
-25.875, -65.125, 6.277250656703169e-21, nan 
-25.625, -65.125, 8.719948182565197e-21, nan 
-25.375, -65.125, 4.6927636129672866e-21, nan 
-25.125, -65.125, 3.9414996988937645e-21, nan 
-24.875, -65.125, 4.280925652641081e-21, nan 
-24.625, -65.125, 2.5643044670372694e-21, nan 
-24.375, -65.125, 2.893523068653005e-21, nan 
-24.125, -65.125, 2.65736764367741e-21, nan 
-23.875, -65.125, 4.0506989958953205e-21, nan 
-23.625, -65.125, 4.399945827817194e-21, nan 
-23.375, -65.125, 3.8045422241747515e-21, nan 
-23.125, -65.125, 4.86381470741957e-21, nan 
-22.875, -65.125, 4.023066717856103e-21, nan 
-22.625, -65.125, 3.386262589468155e-21, nan 
-22.375, -65.125, 2.8295882704948493e-21, nan 
-22.125, -65.125, 1.9813495638451354e-21, nan 
-21.875, -65.125, 1.2678159371213237e-21, nan 
-21.625, -65.125, 1.0482257787156643e-21, nan 
-21.375, -65.125, 1.1032109552361581e-21, nan 
-21.125, -65.125, 1.0654071771980243e-21, nan 
-20.875, -65.125, 6.615718095985846e-22, nan 
-20.625, -65.125, 3.677745478917384e-22, nan 
-20.375, -65.125, 3.626930590025416e-22, nan 
-20.125, -65.125, 2.0711092858978378e-22, nan 
-19.875, -65.125, 2.9805068974818324e-22, nan 
-19.625, -65.125, 1.4395606551889291e-22, nan 
-19.375, -65.125, 1.3588285274006096e-22, nan 
-19.125, -65.125, 1.5218736651266895e-22, nan 
-18.875, -65.125, 8.630062120137736e-23, nan 
-18.625, -65.125, 1.296382635086284e-22, nan 
-18.375, -65.125, 1.846022225589098e-22, nan 
-18.125, -65.125, 1.397276769537361e-22, nan 
-17.875, -65.125, 1.6042204167849505e-22, nan 
-17.625, -65.125, 1.9073332836002206e-22, nan 
-17.375, -65.125, 1.4759986169774748e-22, nan 
-17.125, -65.125, 1.3406144219675667e-22, nan 
-16.875, -65.125, 1.679516522492079e-22, nan 
-16.625, -65.125, 1.359670044916234e-22, nan 
-16.375, -65.125, 1.1254770418444433e-22, nan 
-16.125, -65.125, 6.507526202977399e-23, nan 
-15.875, -65.125, 2.080278276120625e-22, nan 
-15.625, -65.125, 2.512970947628206e-22, nan 
-15.375, -65.125, 2.4983399822401834e-22, nan 
-15.125, -65.125, 3.4629956196723124e-22, nan 
-14.875, -65.125, 4.4054496607607e-22, nan 
-14.625, -65.125, 4.675412143687809e-22, nan 
-14.375, -65.125, 4.572608875173484e-22, nan 
-14.125, -65.125, 2.8348716580918577e-22, nan 
-13.875, -65.125, 3.0793067373332016e-22, nan 
-13.625, -65.125, 2.58279636417179e-22, nan 
-13.375, -65.125, 1.4099290986643545e-22, nan 
-13.125, -65.125, 2.7040626762568486e-23, nan 
-12.875, -65.125, 2.0373169217741823e-23, nan 
-12.625, -65.125, 2.4779475031023533e-23, nan 
-12.375, -65.125, 1.6020598427924172e-23, nan 
-12.125, -65.125, 1.765968233341106e-23, nan 
-11.875, -65.125, 1.8074785058986113e-23, nan 
-11.625, -65.125, 7.918278158348673e-24, nan 
-11.375, -65.125, 7.844516098857488e-24, nan 
-11.125, -65.125, 9.104699023891019e-24, nan 
-10.875, -65.125, 4.132584672743367e-24, nan 
-10.625, -65.125, 1.9740550900502904e-24, nan 
-10.375, -65.125, 3.846337484299275e-24, nan 
-10.125, -65.125, 1.0028771710899544e-23, nan 
-9.875, -65.125, 1.4342628152827787e-23, nan 
-9.625, -65.125, 2.4649705541842903e-23, nan 
-9.375, -65.125, 1.8478420700560312e-23, nan 
-9.125, -65.125, 1.7831317344752134e-23, nan 
-8.875, -65.125, 1.8023545225920623e-23, nan 
-8.625, -65.125, 1.1064918910954829e-23, nan 
-8.375, -65.125, 9.020875050965501e-24, nan 
-8.125, -65.125, 1.889083280079914e-23, nan 
-7.875, -65.125, 9.74248436311143e-24, nan 
-7.625, -65.125, 1.2956689884138135e-23, nan 
-7.375, -65.125, 1.507765293358188e-23, nan 
-7.125, -65.125, 9.661808599544929e-24, nan 
-6.875, -65.125, 5.822688416232181e-24, nan 
-6.625, -65.125, 6.320422577789632e-24, nan 
-6.375, -65.125, 5.800558114652731e-24, nan 
-6.125, -65.125, 3.1108878299668094e-24, nan 
-5.875, -65.125, 1.1041678697492997e-23, nan 
-5.625, -65.125, 2.219716869752237e-23, nan 
-5.375, -65.125, 1.0019318884729887e-23, nan 
-5.125, -65.125, 8.462902140645904e-24, nan 
-4.875, -65.125, 2.697101160552748e-23, nan 
-4.625, -65.125, 1.388065732148629e-23, nan 
-4.375, -65.125, 1.8894622933316086e-23, nan 
-4.125, -65.125, 3.925052038078313e-23, nan 
-3.875, -65.125, 4.350773432977536e-23, nan 
-3.625, -65.125, 3.6287723468866705e-23, nan 
-3.375, -65.125, 4.044723005259341e-23, nan 
-3.125, -65.125, 3.8388215779656726e-23, nan 
-2.875, -65.125, 3.348045056091032e-23, nan 
-2.625, -65.125, 2.822170253047631e-23, nan 
-2.375, -65.125, 2.7812559148898514e-23, nan 
-2.125, -65.125, 2.2016862772011516e-23, nan 
-1.875, -65.125, 1.897270957113843e-23, nan 
-1.625, -65.125, 1.8783941196110227e-23, nan 
-1.375, -65.125, 1.857874626978699e-23, nan 
-1.125, -65.125, 1.8230489549969754e-23, nan 
-0.875, -65.125, 8.980927685422792e-24, nan 
-0.625, -65.125, 8.642318173587794e-24, nan 
-0.375, -65.125, 1.4590845763964345e-23, nan 
-0.125, -65.125, 1.6915940717960908e-23, nan 
0.125, -65.125, 1.5668444343945313e-23, nan 
0.375, -65.125, 1.8080684933723406e-23, nan 
0.625, -65.125, 1.5176355767885704e-23, nan 
0.875, -65.125, 2.1635119325652604e-23, nan 
1.125, -65.125, 2.4455912530597826e-23, nan 
1.375, -65.125, 2.681151809252593e-23, nan 
1.625, -65.125, 3.617339711900553e-23, nan 
1.875, -65.125, 3.953507417161805e-23, nan 
2.125, -65.125, 2.119027499078392e-23, nan 
2.375, -65.125, 3.402385336842853e-23, nan 
2.625, -65.125, 2.1020448339846848e-23, nan 
2.875, -65.125, 3.826806669484062e-23, nan 
3.125, -65.125, 5.324247424481671e-23, nan 
3.375, -65.125, 1.2338345872162105e-23, nan 
3.625, -65.125, 2.886626321078385e-23, nan 
3.875, -65.125, 2.7846379761311016e-23, nan 
4.125, -65.125, 6.587180144332642e-24, nan 
4.375, -65.125, 1.469972898271366e-23, nan 
4.625, -65.125, 1.1629517904304505e-23, nan 
4.875, -65.125, 9.303282150885283e-24, nan 
5.125, -65.125, 1.0170493499582496e-23, nan 
5.375, -65.125, 1.4804884339014125e-23, nan 
5.625, -65.125, 2.5557896918755363e-23, nan 
5.875, -65.125, 2.994956208765747e-23, nan 
-31.375, -64.875, 2.238033580027373e-22, nan 
-31.125, -64.875, 2.6789901192235775e-22, nan 
-30.875, -64.875, 2.5697582098896626e-22, nan 
-30.625, -64.875, 2.664123213217413e-22, nan 
-30.375, -64.875, 2.3660758130818583e-22, nan 
-30.125, -64.875, 4.710684012824054e-22, nan 
-29.875, -64.875, 5.12018058732424e-22, nan 
-29.625, -64.875, 6.672611793625097e-22, nan 
-29.375, -64.875, 1.1711785000081844e-21, nan 
-29.125, -64.875, 9.980094480058002e-22, nan 
-28.875, -64.875, 1.1951298209139487e-21, nan 
-28.625, -64.875, 1.8524025219377586e-21, nan 
-28.375, -64.875, 2.054166537468441e-21, nan 
-28.125, -64.875, 2.8593202416436728e-21, nan 
-27.875, -64.875, 3.3199656820329155e-21, nan 
-27.625, -64.875, 4.073920648747027e-21, nan 
-27.375, -64.875, 5.037491529268201e-21, nan 
-27.125, -64.875, 4.851934181225694e-21, nan 
-26.875, -64.875, 5.447028981189164e-21, nan 
-26.625, -64.875, 5.1187984461684505e-21, nan 
-26.375, -64.875, 5.9144985737850016e-21, nan 
-26.125, -64.875, 5.36037175302325e-21, nan 
-25.875, -64.875, 6.132595123587351e-21, nan 
-25.625, -64.875, 5.953966156949272e-21, nan 
-25.375, -64.875, 4.837092410794403e-21, nan 
-25.125, -64.875, 4.03119656383182e-21, nan 
-24.875, -64.875, 6.710555236718409e-21, nan 
-24.625, -64.875, 9.390536955493928e-21, nan 
-24.375, -64.875, 8.019097295219989e-21, nan 
-24.125, -64.875, 7.476139373414999e-21, nan 
-23.875, -64.875, 4.798794088495071e-21, nan 
-23.625, -64.875, 1.7918485055991276e-21, nan 
-23.375, -64.875, 1.1961182271708745e-21, nan 
-23.125, -64.875, 1.5381741552062648e-21, nan 
-22.875, -64.875, 1.7080887700363086e-21, nan 
-22.625, -64.875, 1.5632081698779507e-21, nan 
-22.375, -64.875, 1.3440737020401803e-21, nan 
-22.125, -64.875, 1.0369250941821563e-21, nan 
-21.875, -64.875, 1.3041884199873332e-21, nan 
-21.625, -64.875, 1.5083798890932505e-21, nan 
-21.375, -64.875, 1.045649241993901e-21, nan 
-21.125, -64.875, 6.895704679656347e-22, nan 
-20.875, -64.875, 6.370713076091424e-22, nan 
-20.625, -64.875, 4.415515285872786e-22, nan 
-20.375, -64.875, 2.522723890203317e-22, nan 
-20.125, -64.875, 3.1787376898413735e-22, nan 
-19.875, -64.875, 3.3090079511119532e-22, nan 
-19.625, -64.875, 1.0383091862988559e-22, nan 
-19.375, -64.875, 4.569915035545357e-23, nan 
-19.125, -64.875, 8.375737826218873e-23, nan 
-18.875, -64.875, 1.0430120128987208e-22, nan 
-18.625, -64.875, 1.1360579974671577e-22, nan 
-18.375, -64.875, 1.0312656731314964e-22, nan 
-18.125, -64.875, 9.443999050872578e-23, nan 
-17.875, -64.875, 9.913509099719797e-23, nan 
-17.625, -64.875, 1.0632520579274015e-22, nan 
-17.375, -64.875, 1.0672894075173176e-22, nan 
-17.125, -64.875, 1.029921186390219e-22, nan 
-16.875, -64.875, 1.44792501843838e-22, nan 
-16.625, -64.875, 1.3806195969581869e-22, nan 
-16.375, -64.875, 1.3597339434874236e-22, nan 
-16.125, -64.875, 1.2510314884355121e-22, nan 
-15.875, -64.875, 2.3245341530410294e-22, nan 
-15.625, -64.875, 2.13778306335188e-22, nan 
-15.375, -64.875, 1.530017168128879e-22, nan 
-15.125, -64.875, 3.364136422477895e-22, nan 
-14.875, -64.875, 1.796997754218932e-22, nan 
-14.625, -64.875, 1.2935088577077907e-22, nan 
-14.375, -64.875, 2.35858024740291e-22, nan 
-14.125, -64.875, 3.3872537663911686e-22, nan 
-13.875, -64.875, 2.5676541836289205e-22, nan 
-13.625, -64.875, 2.0309199792402421e-22, nan 
-13.375, -64.875, 2.3220930685238844e-22, nan 
-13.125, -64.875, 1.2787695682147488e-22, nan 
-12.875, -64.875, 3.530600754035082e-23, nan 
-12.625, -64.875, 3.030915913464674e-23, nan 
-12.375, -64.875, 1.9889735220573313e-23, nan 
-12.125, -64.875, 1.873316181294408e-23, nan 
-11.875, -64.875, 1.427195307599876e-23, nan 
-11.625, -64.875, 4.719056481500715e-24, nan 
-11.375, -64.875, 1.007516423308997e-24, nan 
-11.125, -64.875, 2.6805655290962858e-24, nan 
-10.875, -64.875, 6.79601048516544e-24, nan 
-10.625, -64.875, 8.927182405746163e-24, nan 
-10.375, -64.875, 1.44560374898418e-23, nan 
-10.125, -64.875, 1.2252926258272631e-23, nan 
-9.875, -64.875, 1.4474435501625734e-23, nan 
-9.625, -64.875, 2.5663985761874376e-23, nan 
-9.375, -64.875, 1.8296782533894754e-23, nan 
-9.125, -64.875, 1.7113378070543914e-23, nan 
-8.875, -64.875, 1.229832078624241e-23, nan 
-8.625, -64.875, 1.0908187883282188e-23, nan 
-8.375, -64.875, 1.28043284974904e-23, nan 
-8.125, -64.875, 1.2765134586152888e-23, nan 
-7.875, -64.875, 1.110708160594986e-23, nan 
-7.625, -64.875, 1.717359267551316e-23, nan 
-7.375, -64.875, 2.0859343271489862e-23, nan 
-7.125, -64.875, 1.0373738279328061e-23, nan 
-6.875, -64.875, 8.903835170602275e-24, nan 
-6.625, -64.875, 1.2935196200408803e-23, nan 
-6.375, -64.875, 1.438307530293742e-23, nan 
-6.125, -64.875, 2.0656208774308375e-23, nan 
-5.875, -64.875, 1.649825293702586e-23, nan 
-5.625, -64.875, 2.352276096466859e-23, nan 
-5.375, -64.875, 1.914813730209718e-23, nan 
-5.125, -64.875, 1.4178297358488975e-23, nan 
-4.875, -64.875, 7.626793466959701e-23, nan 
-4.625, -64.875, 1.3075403362458472e-22, nan 
-4.375, -64.875, 1.5279387974285828e-22, nan 
-4.125, -64.875, 1.671635296798755e-22, nan 
-3.875, -64.875, 1.5903999935555613e-22, nan 
-3.625, -64.875, 1.6491530952282878e-22, nan 
-3.375, -64.875, 1.420474422823568e-22, nan 
-3.125, -64.875, 6.153462430617682e-23, nan 
-2.875, -64.875, 3.0886877012229517e-23, nan 
-2.625, -64.875, 3.718830340194382e-23, nan 
-2.375, -64.875, 3.272391744049972e-23, nan 
-2.125, -64.875, 2.8466874982576816e-23, nan 
-1.875, -64.875, 3.0891286500444317e-23, nan 
-1.625, -64.875, 2.8628048160126656e-23, nan 
-1.375, -64.875, 1.9324606768546858e-23, nan 
-1.125, -64.875, 1.5766086140066688e-23, nan 
-0.875, -64.875, 1.3692164804753443e-23, nan 
-0.625, -64.875, 1.0089912029324029e-23, nan 
-0.375, -64.875, 4.7317466683775666e-24, nan 
-0.125, -64.875, 1.6577005979332998e-23, nan 
0.125, -64.875, 1.3927117972325144e-23, nan 
0.375, -64.875, 1.6182944578035848e-23, nan 
0.625, -64.875, 1.2234614317199261e-23, nan 
0.875, -64.875, 1.2688197112106232e-23, nan 
1.125, -64.875, 1.6343772812804796e-23, nan 
1.375, -64.875, 2.454838623945303e-23, nan 
1.625, -64.875, 3.407800822421717e-23, nan 
1.875, -64.875, 2.939235685197799e-23, nan 
2.125, -64.875, 1.5212768202349006e-23, nan 
2.375, -64.875, 3.18497814130469e-23, nan 
2.625, -64.875, 2.8951287749065955e-23, nan 
2.875, -64.875, 2.2568222465207295e-23, nan 
3.125, -64.875, 2.5619907782128253e-23, nan 
3.375, -64.875, 2.1649392886946735e-23, nan 
3.625, -64.875, 1.2723532022812444e-23, nan 
3.875, -64.875, 1.2761723220819818e-23, nan 
4.125, -64.875, 1.1444718223276525e-23, nan 
4.375, -64.875, 8.736417618356599e-24, nan 
4.625, -64.875, 7.116811752572863e-24, nan 
4.875, -64.875, 8.529520505524033e-24, nan 
5.125, -64.875, 1.3806880097471304e-23, nan 
5.375, -64.875, 1.2493607960949e-23, nan 
5.625, -64.875, 1.9737833883460698e-23, nan 
-30.875, -64.625, 5.105685612926961e-22, nan 
-30.625, -64.625, 4.671395788099772e-22, nan 
-30.375, -64.625, 5.39620636958772e-22, nan 
-30.125, -64.625, 5.6676500340347615e-22, nan 
-29.875, -64.625, 4.974094342022138e-22, nan 
-29.625, -64.625, 1.1357253588823616e-21, nan 
-29.375, -64.625, 1.6402975517764409e-21, nan 
-29.125, -64.625, 1.3389775790933366e-21, nan 
-28.875, -64.625, 1.170402005002839e-21, nan 
-28.625, -64.625, 1.3615863415878976e-21, nan 
-28.375, -64.625, 1.3190139709334218e-21, nan 
-28.125, -64.625, 2.093404064015583e-21, nan 
-27.875, -64.625, 3.5175055024601924e-21, nan 
-27.625, -64.625, 4.485477128094693e-21, nan 
-27.375, -64.625, 5.915723051801963e-21, nan 
-27.125, -64.625, 5.271802873430247e-21, nan 
-26.875, -64.625, 5.552259216082167e-21, nan 
-26.625, -64.625, 5.563187531152917e-21, nan 
-26.375, -64.625, 3.995591323605738e-21, nan 
-26.125, -64.625, 4.046967897864529e-21, nan 
-25.875, -64.625, 3.942974643008541e-21, nan 
-25.625, -64.625, 2.8822081034170896e-21, nan 
-25.375, -64.625, 4.848733829085077e-21, nan 
-25.125, -64.625, 5.838537553271885e-21, nan 
-24.875, -64.625, 4.1049489918710066e-21, nan 
-24.625, -64.625, 5.189882418826494e-21, nan 
-24.375, -64.625, 6.082688214226448e-21, nan 
-24.125, -64.625, 6.091345863614938e-21, nan 
-23.875, -64.625, 4.3715454085473904e-21, nan 
-23.625, -64.625, 3.482173035497912e-21, nan 
-23.375, -64.625, 3.235817901001173e-21, nan 
-23.125, -64.625, 1.7241456887394763e-21, nan 
-22.875, -64.625, 7.4044269368341595e-22, nan 
-22.625, -64.625, 5.834226838628982e-22, nan 
-22.375, -64.625, 7.708476537454987e-22, nan 
-22.125, -64.625, 7.250650893142767e-22, nan 
-21.875, -64.625, 6.551990616641555e-22, nan 
-21.625, -64.625, 8.66691248326264e-22, nan 
-21.375, -64.625, 6.918307343825001e-22, nan 
-21.125, -64.625, 4.80068723680943e-22, nan 
-20.875, -64.625, 4.675070265663427e-22, nan 
-20.625, -64.625, 3.0688949275529685e-22, nan 
-20.375, -64.625, 2.661879635860362e-22, nan 
-20.125, -64.625, 2.7473429910137816e-22, nan 
-19.875, -64.625, 1.9698380649531688e-22, nan 
-19.625, -64.625, 1.3961334387933778e-22, nan 
-19.375, -64.625, 1.061592831474398e-22, nan 
-19.125, -64.625, 7.037443684262932e-23, nan 
-18.875, -64.625, 7.528712803758576e-23, nan 
-18.625, -64.625, 8.251862222793062e-23, nan 
-18.375, -64.625, 5.466250091046362e-23, nan 
-18.125, -64.625, 3.7471285587905333e-23, nan 
-17.875, -64.625, 4.679632929118928e-23, nan 
-17.625, -64.625, 3.060798186840757e-23, nan 
-17.375, -64.625, 5.1513044233470976e-23, nan 
-17.125, -64.625, 1.2159373576554056e-22, nan 
-16.875, -64.625, 1.0065271946511144e-22, nan 
-16.625, -64.625, 9.282443485550222e-23, nan 
-16.375, -64.625, 9.106133279031896e-23, nan 
-16.125, -64.625, 9.229926545919237e-23, nan 
-15.875, -64.625, 9.959138262386102e-23, nan 
-15.625, -64.625, 1.7609666695189613e-22, nan 
-15.375, -64.625, 1.8846691584389818e-22, nan 
-15.125, -64.625, 2.3530763756385604e-22, nan 
-14.875, -64.625, 2.837502932668703e-22, nan 
-14.625, -64.625, 3.1314823468371916e-22, nan 
-14.375, -64.625, 3.0121818705271453e-22, nan 
-14.125, -64.625, 2.4258237505237763e-22, nan 
-13.875, -64.625, 1.728307430727752e-22, nan 
-13.625, -64.625, 1.4293082177913324e-22, nan 
-13.375, -64.625, 8.688269844768135e-23, nan 
-13.125, -64.625, 2.787359761081533e-23, nan 
-12.875, -64.625, 2.346696320942941e-23, nan 
-12.625, -64.625, 2.164549868691055e-23, nan 
-12.375, -64.625, 1.9894313244986456e-23, nan 
-12.125, -64.625, 1.860824205125644e-23, nan 
-11.875, -64.625, 1.7914172749821568e-23, nan 
-11.625, -64.625, 8.726446245091006e-24, nan 
-11.375, -64.625, 4.945578382684083e-24, nan 
-11.125, -64.625, 2.0558146644155135e-24, nan 
-10.875, -64.625, 3.1898381964770856e-24, nan 
-10.625, -64.625, 4.490716429542682e-24, nan 
-10.375, -64.625, 1.1811691621091252e-23, nan 
-10.125, -64.625, 9.25462924023886e-24, nan 
-9.875, -64.625, 7.104587352378754e-24, nan 
-9.625, -64.625, 1.9984972809820092e-23, nan 
-9.375, -64.625, 9.737096890759423e-24, nan 
-9.125, -64.625, 1.329526236455538e-23, nan 
-8.875, -64.625, 7.812077174653157e-24, nan 
-8.625, -64.625, 6.061357209776332e-24, nan 
-8.375, -64.625, 1.9388241419164163e-24, nan 
-8.125, -64.625, 2.0051007671731047e-24, nan 
-7.875, -64.625, 6.556629289276819e-24, nan 
-7.625, -64.625, 9.435033938052442e-24, nan 
-7.375, -64.625, 1.0501221779711924e-23, nan 
-7.125, -64.625, 7.443644708061435e-24, nan 
-6.875, -64.625, 1.2280290919707813e-23, nan 
-6.625, -64.625, 1.6069893658681875e-23, nan 
-6.375, -64.625, 1.978798057160142e-23, nan 
-6.125, -64.625, 2.0122084622321732e-23, nan 
-5.875, -64.625, 2.5212757119331823e-23, nan 
-5.625, -64.625, 4.50718450112521e-23, nan 
-5.375, -64.625, 9.193399508241665e-23, nan 
-5.125, -64.625, 1.0879934429846407e-22, nan 
-4.875, -64.625, 1.0794136458319556e-22, nan 
-4.625, -64.625, 1.3728017646294174e-22, nan 
-4.375, -64.625, 1.489503835516494e-22, nan 
-4.125, -64.625, 1.5217231210057744e-22, nan 
-3.875, -64.625, 1.7220281943099857e-22, nan 
-3.625, -64.625, 2.1229226955637e-22, nan 
-3.375, -64.625, 1.8699181040290905e-22, nan 
-3.125, -64.625, 1.0400692628779538e-22, nan 
-2.875, -64.625, 1.3642753375273683e-22, nan 
-2.625, -64.625, 1.0586794189270191e-22, nan 
-2.375, -64.625, 3.458475369430334e-23, nan 
-2.125, -64.625, 2.4800800410830948e-23, nan 
-1.875, -64.625, 2.6709295051721825e-23, nan 
-1.625, -64.625, 1.7742660747941747e-23, nan 
-1.375, -64.625, 2.3335607456992877e-23, nan 
-1.125, -64.625, 2.0559599680967185e-23, nan 
-0.875, -64.625, 3.0207467642214904e-23, nan 
-0.625, -64.625, 2.0366028395982136e-23, nan 
-0.375, -64.625, 2.5437083512530025e-23, nan 
-0.125, -64.625, 1.4344358503644933e-23, nan 
0.125, -64.625, 3.741229428724858e-24, nan 
0.375, -64.625, 1.0199230774373094e-23, nan 
0.625, -64.625, 5.6401682435636655e-24, nan 
0.875, -64.625, 5.7480408179441985e-24, nan 
1.125, -64.625, 8.421887996641382e-24, nan 
1.375, -64.625, 1.793937679623315e-23, nan 
1.625, -64.625, 2.1458375411968638e-23, nan 
1.875, -64.625, 1.6753882679596818e-23, nan 
2.125, -64.625, 2.4727382459676663e-23, nan 
2.375, -64.625, 2.908709558546685e-23, nan 
2.625, -64.625, 2.0343022740638073e-23, nan 
2.875, -64.625, 2.1503388440474528e-23, nan 
3.125, -64.625, 2.689881121605519e-23, nan 
3.375, -64.625, 2.2393794498355284e-23, nan 
3.625, -64.625, 1.0151952574876261e-23, nan 
3.875, -64.625, 1.0355722413132986e-23, nan 
4.125, -64.625, 1.4625868652052746e-23, nan 
4.375, -64.625, 4.0909921206453155e-23, nan 
4.625, -64.625, 7.688545204307509e-24, nan 
4.875, -64.625, 9.572089721869478e-24, nan 
5.125, -64.625, 1.2027449704458921e-23, nan 
5.375, -64.625, 1.3980395660249088e-23, nan 
5.625, -64.625, 1.364425355351841e-23, nan 
-30.625, -64.375, 1.008189394379968e-21, nan 
-30.375, -64.375, 1.0184873408555305e-21, nan 
-30.125, -64.375, 8.893407066460742e-22, nan 
-29.875, -64.375, 7.805087939060687e-22, nan 
-29.625, -64.375, 1.0273491333223366e-21, nan 
-29.375, -64.375, 1.0191752469736961e-21, nan 
-29.125, -64.375, 1.3614970825519681e-21, nan 
-28.875, -64.375, 1.1338562314239342e-21, nan 
-28.625, -64.375, 1.0009103401927416e-21, nan 
-28.375, -64.375, 1.2648667617751966e-21, nan 
-28.125, -64.375, 1.312678083353863e-21, nan 
-27.875, -64.375, 1.4986654758379791e-21, nan 
-27.625, -64.375, 1.7948356691387737e-21, nan 
-27.375, -64.375, 1.5951761940479241e-21, nan 
-27.125, -64.375, 3.0049370003440683e-21, nan 
-26.875, -64.375, 2.7836644347159966e-21, nan 
-26.625, -64.375, 2.8617823026136424e-21, nan 
-26.375, -64.375, 2.1737352964454335e-21, nan 
-26.125, -64.375, 1.6650897842790024e-21, nan 
-25.875, -64.375, 2.082871588401776e-21, nan 
-25.625, -64.375, 1.950418496840079e-21, nan 
-25.375, -64.375, 2.348110433845288e-21, nan 
-25.125, -64.375, 3.1842323490881773e-21, nan 
-24.875, -64.375, 2.1408327473746375e-21, nan 
-24.625, -64.375, 9.841017452094646e-22, nan 
-24.375, -64.375, 1.7273140087362513e-21, nan 
-24.125, -64.375, 1.6439018147414625e-21, nan 
-23.875, -64.375, 1.3983079697049925e-21, nan 
-23.625, -64.375, 1.4371723215890017e-21, nan 
-23.375, -64.375, 1.285635098173928e-21, nan 
-23.125, -64.375, 8.548155114763103e-22, nan 
-22.875, -64.375, 3.237685264910763e-22, nan 
-22.625, -64.375, 3.1080915795957146e-22, nan 
-22.375, -64.375, 4.435851454932347e-22, nan 
-22.125, -64.375, 3.5770886860123525e-22, nan 
-21.875, -64.375, 3.0678520685336184e-22, nan 
-21.625, -64.375, 2.190432257718561e-22, nan 
-21.375, -64.375, 1.7833829225533444e-22, nan 
-21.125, -64.375, 2.0290884324640832e-22, nan 
-20.875, -64.375, 3.3137085405151766e-22, nan 
-20.625, -64.375, 2.669231118066903e-22, nan 
-20.375, -64.375, 2.244528903550986e-22, nan 
-20.125, -64.375, 8.011837325164611e-23, nan 
-19.875, -64.375, 6.835890051612021e-23, nan 
-19.625, -64.375, 6.394610177351911e-23, nan 
-19.375, -64.375, 6.268329401002804e-23, nan 
-19.125, -64.375, 3.546038217186226e-23, nan 
-18.875, -64.375, 1.6981388973652716e-23, nan 
-18.625, -64.375, 1.9584470373102928e-23, nan 
-18.375, -64.375, 7.391352249512228e-24, nan 
-18.125, -64.375, 2.495521252437919e-23, nan 
-17.875, -64.375, 5.441764154551687e-23, nan 
-17.625, -64.375, 4.1091278973863496e-23, nan 
-17.375, -64.375, 5.23370243612223e-23, nan 
-17.125, -64.375, 1.1869185551206024e-22, nan 
-16.875, -64.375, 6.554501317481183e-23, nan 
-16.625, -64.375, 5.2698078611474e-23, nan 
-16.375, -64.375, 4.6150680202118277e-23, nan 
-16.125, -64.375, 4.714136863839462e-23, nan 
-15.875, -64.375, 6.564926887279894e-23, nan 
-15.625, -64.375, 4.044541582858274e-23, nan 
-15.375, -64.375, 4.651547139157386e-23, nan 
-15.125, -64.375, 6.482695648166909e-23, nan 
-14.875, -64.375, 2.1088628308592783e-22, nan 
-14.625, -64.375, 2.0877523969181229e-22, nan 
-14.375, -64.375, 2.0338657667019002e-22, nan 
-14.125, -64.375, 1.4667116662544722e-22, nan 
-13.875, -64.375, 5.875278110246633e-23, nan 
-13.625, -64.375, 5.0883135055844374e-23, nan 
-13.375, -64.375, 6.580055185919037e-23, nan 
-13.125, -64.375, 8.085529371841911e-23, nan 
-12.875, -64.375, 8.204931913192761e-23, nan 
-12.625, -64.375, 4.587296539897821e-23, nan 
-12.375, -64.375, 2.3207529734145222e-23, nan 
-12.125, -64.375, 1.457455748382469e-23, nan 
-11.875, -64.375, 1.6995467889878307e-23, nan 
-11.625, -64.375, 1.6081643627059978e-23, nan 
-11.375, -64.375, 1.0967369240697418e-23, nan 
-11.125, -64.375, 5.506357575157697e-24, nan 
-10.875, -64.375, 2.8889383504348593e-24, nan 
-10.625, -64.375, 1.8953077474069805e-24, nan 
-10.375, -64.375, 1.870053493348888e-24, nan 
-10.125, -64.375, 1.0056885068269352e-23, nan 
-9.875, -64.375, 1.3680689121674213e-23, nan 
-9.625, -64.375, 1.320158746879465e-23, nan 
-9.375, -64.375, 1.4256663259553613e-23, nan 
-9.125, -64.375, 2.2849882850586213e-23, nan 
-8.875, -64.375, 5.135004620485209e-24, nan 
-8.625, -64.375, 5.531349566234906e-24, nan 
-8.375, -64.375, 8.594816619862455e-24, nan 
-8.125, -64.375, 3.209192097358286e-24, nan 
-7.875, -64.375, 2.569339881042928e-24, nan 
-7.625, -64.375, 2.0984023333204062e-24, nan 
-7.375, -64.375, 8.980702260448249e-24, nan 
-7.125, -64.375, 1.3815248202873194e-23, nan 
-6.875, -64.375, 9.322050591174842e-24, nan 
-6.625, -64.375, 1.1609173255850832e-23, nan 
-6.375, -64.375, 1.9516465391763117e-23, nan 
-6.125, -64.375, 1.942391309002154e-23, nan 
-5.875, -64.375, 6.276750086757086e-23, nan 
-5.625, -64.375, 7.942637856483556e-23, nan 
-5.375, -64.375, 8.941546262712236e-23, nan 
-5.125, -64.375, 1.1457529063283537e-22, nan 
-4.875, -64.375, 9.584208695290184e-23, nan 
-4.625, -64.375, 8.401286286127025e-23, nan 
-4.375, -64.375, 5.728018006100593e-23, nan 
-4.125, -64.375, 3.294002239078937e-23, nan 
-3.875, -64.375, 1.056699252778128e-22, nan 
-3.625, -64.375, 1.2356721123445014e-22, nan 
-3.375, -64.375, 1.4525500904529092e-22, nan 
-3.125, -64.375, 1.1293774957389935e-22, nan 
-2.875, -64.375, 1.2398139901528479e-22, nan 
-2.625, -64.375, 1.2722120427187018e-22, nan 
-2.375, -64.375, 5.13182284760149e-23, nan 
-2.125, -64.375, 2.1323668943507378e-23, nan 
-1.875, -64.375, 2.2323879035132985e-23, nan 
-1.625, -64.375, 2.2970642548832456e-23, nan 
-1.375, -64.375, 1.9192125944131052e-23, nan 
-1.125, -64.375, 1.3336755337704132e-23, nan 
-0.875, -64.375, 2.9202725091625116e-23, nan 
-0.625, -64.375, 2.1961321648609647e-23, nan 
-0.375, -64.375, 2.4104803768152514e-23, nan 
-0.125, -64.375, 1.8296526143048413e-23, nan 
0.125, -64.375, 1.7524849726458672e-23, nan 
0.375, -64.375, 1.5395210315224177e-23, nan 
0.625, -64.375, 1.2802418315623749e-23, nan 
0.875, -64.375, 6.326158223938281e-24, nan 
1.125, -64.375, 1.2062463063916218e-23, nan 
1.375, -64.375, 1.407694100746229e-23, nan 
1.625, -64.375, 2.7228983827243635e-23, nan 
1.875, -64.375, 1.9414910130884277e-23, nan 
2.125, -64.375, 2.054530589706479e-23, nan 
2.375, -64.375, 2.6088265590775955e-23, nan 
2.625, -64.375, 1.391135927623968e-23, nan 
2.875, -64.375, 2.3509756415268457e-23, nan 
3.125, -64.375, 3.402158246440374e-23, nan 
3.375, -64.375, 2.1981289740621625e-23, nan 
3.625, -64.375, 3.109245968337859e-23, nan 
3.875, -64.375, 1.5284697739463493e-23, nan 
4.125, -64.375, 1.7526510949895893e-23, nan 
4.375, -64.375, 6.165101582365934e-23, nan 
4.625, -64.375, 8.747935185149754e-24, nan 
4.875, -64.375, 1.1991700985860955e-23, nan 
5.125, -64.375, 2.4470588507163054e-23, nan 
5.375, -64.375, 1.4595049301673804e-23, nan 
5.625, -64.375, 1.5040038140482435e-23, nan 
-30.125, -64.125, 1.5457116162601687e-21, nan 
-29.875, -64.125, 9.142849436202269e-22, nan 
-29.625, -64.125, 1.1219819314212148e-21, nan 
-29.375, -64.125, 9.358460709309066e-22, nan 
-29.125, -64.125, 1.0274625409329113e-21, nan 
-28.875, -64.125, 8.992493511809224e-22, nan 
-28.625, -64.125, 9.230710314768699e-22, nan 
-28.375, -64.125, 1.293079987428969e-21, nan 
-28.125, -64.125, 7.5887813725556e-22, nan 
-27.875, -64.125, 7.4424127459724e-22, nan 
-27.625, -64.125, 7.568132275842388e-22, nan 
-27.375, -64.125, 5.827843221012145e-22, nan 
-27.125, -64.125, 6.191374460631603e-22, nan 
-26.875, -64.125, 9.888872275141528e-22, nan 
-26.625, -64.125, 8.315731898609696e-22, nan 
-26.375, -64.125, 7.311256177709498e-22, nan 
-26.125, -64.125, 9.142552945929065e-22, nan 
-25.875, -64.125, 9.398851064103408e-22, nan 
-25.625, -64.125, 7.936151436447545e-22, nan 
-25.375, -64.125, 9.24702093272522e-22, nan 
-25.125, -64.125, 5.592991529499156e-22, nan 
-24.875, -64.125, 4.576019644345002e-22, nan 
-24.625, -64.125, 3.3714779597160115e-22, nan 
-24.375, -64.125, 9.222117900502249e-22, nan 
-24.125, -64.125, 1.0045948558179767e-21, nan 
-23.875, -64.125, 1.1523400889900609e-21, nan 
-23.625, -64.125, 8.200327237199006e-22, nan 
-23.375, -64.125, 7.788005327827687e-22, nan 
-23.125, -64.125, 6.318759447297985e-22, nan 
-22.875, -64.125, 4.012437106190245e-22, nan 
-22.625, -64.125, 6.245894845074735e-22, nan 
-22.375, -64.125, 5.445845661540616e-22, nan 
-22.125, -64.125, 4.92196788553538e-22, nan 
-21.875, -64.125, 4.9032572341192495e-22, nan 
-21.625, -64.125, 5.862917362576664e-22, nan 
-21.375, -64.125, 5.510769299987236e-22, nan 
-21.125, -64.125, 3.66581216511144e-22, nan 
-20.875, -64.125, 4.192596489210139e-22, nan 
-20.625, -64.125, 3.4751516227230366e-22, nan 
-20.375, -64.125, 2.679686762146175e-22, nan 
-20.125, -64.125, 2.763962954176955e-22, nan 
-19.875, -64.125, 1.443048848426901e-22, nan 
-19.625, -64.125, 1.0783243748982834e-22, nan 
-19.375, -64.125, 3.056951937118829e-23, nan 
-19.125, -64.125, 1.549611108590206e-23, nan 
-18.875, -64.125, 1.6739544859328124e-23, nan 
-18.625, -64.125, 3.104759966428172e-23, nan 
-18.375, -64.125, 3.463182411302706e-23, nan 
-18.125, -64.125, 2.5023552867610456e-23, nan 
-17.875, -64.125, 2.6153342443582968e-23, nan 
-17.625, -64.125, 3.350636184807381e-23, nan 
-17.375, -64.125, 3.984858767095975e-23, nan 
-17.125, -64.125, 4.785098834538849e-23, nan 
-16.875, -64.125, 3.6762515057971514e-23, nan 
-16.625, -64.125, 3.6148224012633685e-23, nan 
-16.375, -64.125, 2.7301345680981396e-23, nan 
-16.125, -64.125, 3.581202921543695e-23, nan 
-15.875, -64.125, 5.787532569259496e-23, nan 
-15.625, -64.125, 5.150416429610797e-23, nan 
-15.375, -64.125, 4.605206509625682e-23, nan 
-15.125, -64.125, 4.256621645645936e-23, nan 
-14.875, -64.125, 3.6624990344825143e-23, nan 
-14.625, -64.125, 4.0231330525683486e-23, nan 
-14.375, -64.125, 3.577166641488026e-23, nan 
-14.125, -64.125, 5.51904845250029e-23, nan 
-13.875, -64.125, 4.370120600934509e-23, nan 
-13.625, -64.125, 2.5449099565416788e-23, nan 
-13.375, -64.125, 6.227112176637157e-23, nan 
-13.125, -64.125, 9.06690126320713e-23, nan 
-12.875, -64.125, 8.566597408197053e-23, nan 
-12.625, -64.125, 5.173458034404948e-23, nan 
-12.375, -64.125, 5.687947476894516e-23, nan 
-12.125, -64.125, 5.1457909421086563e-23, nan 
-11.875, -64.125, 2.9734176070947e-23, nan 
-11.625, -64.125, 1.8390871988206864e-23, nan 
-11.375, -64.125, 1.2560646880408805e-23, nan 
-11.125, -64.125, 1.3823094598783102e-23, nan 
-10.875, -64.125, 1.0935127487700691e-23, nan 
-10.625, -64.125, 7.769913496290496e-24, nan 
-10.375, -64.125, 2.2778844599253182e-24, nan 
-10.125, -64.125, 2.129537177161504e-24, nan 
-9.875, -64.125, 1.929878757776285e-24, nan 
-9.625, -64.125, 2.746419546119732e-24, nan 
-9.375, -64.125, 8.773735733416201e-24, nan 
-9.125, -64.125, 1.1999896377996501e-23, nan 
-8.875, -64.125, 3.4169450351871426e-24, nan 
-8.625, -64.125, 2.72967992209362e-24, nan 
-8.375, -64.125, 2.498670236005194e-24, nan 
-8.125, -64.125, 1.0741482515620206e-24, nan 
-7.875, -64.125, 2.9998009841117146e-24, nan 
-7.625, -64.125, 1.843379272764178e-24, nan 
-7.375, -64.125, 5.40289796744217e-24, nan 
-7.125, -64.125, 1.2197324990111922e-23, nan 
-6.875, -64.125, 5.880323803177075e-24, nan 
-6.625, -64.125, 5.711222182933792e-24, nan 
-6.375, -64.125, 1.494437861582507e-23, nan 
-6.125, -64.125, 1.5728135356133095e-23, nan 
-5.875, -64.125, 7.837902270918784e-24, nan 
-5.625, -64.125, 7.424416465966985e-23, nan 
-5.375, -64.125, 9.77556875442816e-23, nan 
-5.125, -64.125, 9.637721866369197e-23, nan 
-4.875, -64.125, 1.2077257346615192e-22, nan 
-4.625, -64.125, 1.2696521301441647e-22, nan 
-4.375, -64.125, 1.124024436694411e-22, nan 
-4.125, -64.125, 1.096969366689765e-22, nan 
-3.875, -64.125, 1.1774266370661503e-22, nan 
-3.625, -64.125, 1.0308588528498791e-22, nan 
-3.375, -64.125, 1.2038150010733666e-22, nan 
-3.125, -64.125, 1.1005909838873578e-22, nan 
-2.875, -64.125, 8.821507206171599e-23, nan 
-2.625, -64.125, 6.831848321918814e-23, nan 
-2.375, -64.125, 3.802654907309727e-23, nan 
-2.125, -64.125, 2.0593769670598965e-23, nan 
-1.875, -64.125, 1.2633026937081594e-23, nan 
-1.625, -64.125, 1.032948382304263e-23, nan 
-1.375, -64.125, 4.013978052295781e-24, nan 
-1.125, -64.125, 4.7674226380545565e-24, nan 
-0.875, -64.125, 5.797245101578994e-24, nan 
-0.625, -64.125, 1.0417040473064194e-23, nan 
-0.375, -64.125, 1.0881618895941872e-23, nan 
-0.125, -64.125, 7.092848492006265e-24, nan 
0.125, -64.125, 1.635002048583231e-23, nan 
0.375, -64.125, 1.2325467921089913e-23, nan 
0.625, -64.125, 1.2556223774017513e-23, nan 
0.875, -64.125, 1.836230020808559e-23, nan 
1.125, -64.125, 1.6902981190667413e-23, nan 
1.375, -64.125, 1.24932082785542e-23, nan 
1.625, -64.125, 2.782664217455391e-23, nan 
1.875, -64.125, 2.2852284247357506e-23, nan 
2.125, -64.125, 1.0248748411295816e-23, nan 
2.375, -64.125, 6.2201723235083546e-24, nan 
2.625, -64.125, 1.3483968566073946e-23, nan 
2.875, -64.125, 1.4323388717496967e-23, nan 
3.125, -64.125, 1.99103907219828e-23, nan 
3.375, -64.125, 1.7938734426801633e-23, nan 
3.625, -64.125, 1.0667657658227362e-23, nan 
3.875, -64.125, 1.2130691159183278e-23, nan 
4.125, -64.125, 1.2046165673856453e-23, nan 
4.375, -64.125, 3.051641211450885e-23, nan 
4.625, -64.125, 6.962799253340136e-24, nan 
4.875, -64.125, 8.301899641800749e-24, nan 
5.125, -64.125, 7.104336408634902e-24, nan 
5.375, -64.125, 7.697255668409866e-24, nan 
-29.875, -63.875, 1.2638734272163194e-21, nan 
-29.625, -63.875, 1.5220127157283133e-21, nan 
-29.375, -63.875, 1.3807962275282997e-21, nan 
-29.125, -63.875, 9.425950725527282e-22, nan 
-28.875, -63.875, 6.642749068213185e-22, nan 
-28.625, -63.875, 5.776672582891947e-22, nan 
-28.375, -63.875, 1.0036511671317216e-21, nan 
-28.125, -63.875, 4.1874684711002223e-22, nan 
-27.875, -63.875, 1.918082691382815e-22, nan 
-27.625, -63.875, 2.4032142192536505e-22, nan 
-27.375, -63.875, 2.032929691042821e-22, nan 
-27.125, -63.875, 3.6844127512386643e-22, nan 
-26.875, -63.875, 1.467450341125139e-22, nan 
-26.625, -63.875, 1.7968515222879462e-22, nan 
-26.375, -63.875, 2.6073991362878677e-22, nan 
-26.125, -63.875, 1.7381802141860503e-22, nan 
-25.875, -63.875, 4.1082405892116065e-22, nan 
-25.625, -63.875, 3.8754653378034016e-22, nan 
-25.375, -63.875, 4.284308386019559e-22, nan 
-25.125, -63.875, 6.2814123849781455e-22, nan 
-24.875, -63.875, 6.402412858147616e-22, nan 
-24.625, -63.875, 9.797531645616567e-22, nan 
-24.375, -63.875, 9.006226403127932e-22, nan 
-24.125, -63.875, 6.922207223967033e-22, nan 
-23.875, -63.875, 7.320685131442997e-22, nan 
-23.625, -63.875, 4.6042908076713245e-22, nan 
-23.375, -63.875, 3.3317550401642093e-22, nan 
-23.125, -63.875, 3.7095158142760144e-22, nan 
-22.875, -63.875, 4.1580321272904833e-22, nan 
-22.625, -63.875, 4.194802237452037e-22, nan 
-22.375, -63.875, 3.5011975886575793e-22, nan 
-22.125, -63.875, 3.4717760027855933e-22, nan 
-21.875, -63.875, 3.5768650166663155e-22, nan 
-21.625, -63.875, 4.12681854615758e-22, nan 
-21.375, -63.875, 4.154584140072451e-22, nan 
-21.125, -63.875, 2.948055438474277e-22, nan 
-20.875, -63.875, 2.5490704781668774e-22, nan 
-20.625, -63.875, 3.4202319435881686e-22, nan 
-20.375, -63.875, 2.821253986577992e-22, nan 
-20.125, -63.875, 2.7480767150023666e-22, nan 
-19.875, -63.875, 2.3083220923571633e-22, nan 
-19.625, -63.875, 1.828683665217487e-22, nan 
-19.375, -63.875, 1.18043481465509e-22, nan 
-19.125, -63.875, 2.5847490335761436e-23, nan 
-18.875, -63.875, 2.271592366826425e-23, nan 
-18.625, -63.875, 2.754555555365084e-23, nan 
-18.375, -63.875, 3.227094076601285e-23, nan 
-18.125, -63.875, 2.3453256702759924e-23, nan 
-17.875, -63.875, 2.1767780073609695e-23, nan 
-17.625, -63.875, 2.6397202389439008e-23, nan 
-17.375, -63.875, 2.852290640568893e-23, nan 
-17.125, -63.875, 2.1596482323940885e-23, nan 
-16.875, -63.875, 2.4892986026626674e-23, nan 
-16.625, -63.875, 2.906724625633094e-23, nan 
-16.375, -63.875, 2.6406133031822432e-23, nan 
-16.125, -63.875, 2.3029240658701475e-23, nan 
-15.875, -63.875, 2.0137596204032248e-23, nan 
-15.625, -63.875, 4.327614371218346e-23, nan 
-15.375, -63.875, 2.8223193728576824e-23, nan 
-15.125, -63.875, 3.4486003676383615e-23, nan 
-14.875, -63.875, 3.140528037622438e-23, nan 
-14.625, -63.875, 2.9894435812362725e-23, nan 
-14.375, -63.875, 2.247475110790006e-23, nan 
-14.125, -63.875, 4.648393837342769e-23, nan 
-13.875, -63.875, 3.7135147223752637e-23, nan 
-13.625, -63.875, 2.391772546676894e-23, nan 
-13.375, -63.875, 3.191044976445504e-23, nan 
-13.125, -63.875, 4.6755975497442473e-23, nan 
-12.875, -63.875, 4.9145342052641124e-23, nan 
-12.625, -63.875, 4.5249110320903364e-23, nan 
-12.375, -63.875, 4.0241428404166794e-23, nan 
-12.125, -63.875, 3.96845622065027e-23, nan 
-11.875, -63.875, 3.594271651885303e-23, nan 
-11.625, -63.875, 3.097143586478472e-23, nan 
-11.375, -63.875, 1.2752381511171063e-23, nan 
-11.125, -63.875, 1.5321107517036148e-23, nan 
-10.875, -63.875, 1.1099892318379117e-23, nan 
-10.625, -63.875, 8.851893293045479e-24, nan 
-10.375, -63.875, 6.549794486787044e-24, nan 
-10.125, -63.875, 4.948622058029353e-24, nan 
-9.875, -63.875, 4.638399346257409e-24, nan 
-9.625, -63.875, 1.9288200657759412e-24, nan 
-9.375, -63.875, 1.6626186777360758e-24, nan 
-9.125, -63.875, 1.2378111962864702e-24, nan 
-8.875, -63.875, 2.2806066371167108e-24, nan 
-8.625, -63.875, 2.083628892236556e-24, nan 
-8.375, -63.875, 1.305818959480481e-24, nan 
-8.125, -63.875, 3.497739446220031e-24, nan 
-7.875, -63.875, 5.7619226300174965e-24, nan 
-7.625, -63.875, 2.674996291438391e-24, nan 
-7.375, -63.875, 6.434045802610512e-24, nan 
-7.125, -63.875, 7.747495665936094e-24, nan 
-6.875, -63.875, 4.931458846554963e-24, nan 
-6.625, -63.875, 6.1324362520380165e-24, nan 
-6.375, -63.875, 1.0723721911682469e-23, nan 
-6.125, -63.875, 7.759688362048316e-24, nan 
-5.875, -63.875, 4.796689781671987e-24, nan 
-5.625, -63.875, 8.0962984049219e-24, nan 
-5.375, -63.875, 1.5666250887563874e-23, nan 
-5.125, -63.875, 2.5525587542313793e-23, nan 
-4.875, -63.875, 1.0019626777254044e-22, nan 
-4.625, -63.875, 9.494893155195064e-23, nan 
-4.375, -63.875, 8.324028912819234e-23, nan 
-4.125, -63.875, 9.777701546931393e-23, nan 
-3.875, -63.875, 1.0306108640528207e-22, nan 
-3.625, -63.875, 8.475424643021183e-23, nan 
-3.375, -63.875, 6.188872686554858e-23, nan 
-3.125, -63.875, 7.196169931130709e-23, nan 
-2.875, -63.875, 6.053207293039912e-23, nan 
-2.625, -63.875, 2.70996429942349e-23, nan 
-2.375, -63.875, 1.6117495913433293e-23, nan 
-2.125, -63.875, 1.8084634607553426e-23, nan 
-1.875, -63.875, 1.3180712004860986e-23, nan 
-1.625, -63.875, 6.751243335622207e-24, nan 
-1.375, -63.875, 5.557190698322306e-24, nan 
-1.125, -63.875, 4.137788199722214e-24, nan 
-0.875, -63.875, 5.641081979333962e-24, nan 
-0.625, -63.875, 9.020535521361937e-24, nan 
-0.375, -63.875, 7.77625305984799e-24, nan 
-0.125, -63.875, 9.526178373631387e-24, nan 
0.125, -63.875, 1.2060496273020902e-23, nan 
0.375, -63.875, 6.154823012906057e-24, nan 
0.625, -63.875, 9.726841907565144e-24, nan 
0.875, -63.875, 1.5710935420681492e-23, nan 
1.125, -63.875, 1.50002070829444e-23, nan 
1.375, -63.875, 1.0711489957261665e-23, nan 
1.625, -63.875, 1.2555604935575489e-23, nan 
1.875, -63.875, 1.9750431054676129e-23, nan 
2.125, -63.875, 1.296741208803444e-23, nan 
2.375, -63.875, 2.830543499238292e-24, nan 
2.625, -63.875, 9.587877708781237e-24, nan 
2.875, -63.875, 5.890119491524351e-24, nan 
3.125, -63.875, 2.06223884582407e-23, nan 
3.375, -63.875, 4.446768706497686e-23, nan 
3.625, -63.875, 3.1140118730935763e-23, nan 
3.875, -63.875, 8.445277884142055e-24, nan 
4.125, -63.875, 6.894799657224187e-24, nan 
4.375, -63.875, 6.869821011316443e-24, nan 
4.625, -63.875, 5.368224910863138e-24, nan 
4.875, -63.875, 5.7296518686250685e-24, nan 
5.125, -63.875, 5.822566382779281e-24, nan 
5.375, -63.875, 5.118262302760594e-24, nan 
-29.375, -63.625, 9.043457292337374e-22, nan 
-29.125, -63.625, 5.248514235602456e-22, nan 
-28.875, -63.625, 5.315068006048604e-22, nan 
-28.625, -63.625, 3.982259887577419e-22, nan 
-28.375, -63.625, 6.0891847324708475e-22, nan 
-28.125, -63.625, 1.9280839017609511e-22, nan 
-27.875, -63.625, 3.4406539806864274e-22, nan 
-27.625, -63.625, 3.0425697741708416e-22, nan 
-27.375, -63.625, 9.642085484187684e-23, nan 
-27.125, -63.625, 5.07165292246345e-22, nan 
-26.875, -63.625, 1.3915740935388593e-22, nan 
-26.625, -63.625, 8.553723416278032e-23, nan 
-26.375, -63.625, 1.8128621204712807e-22, nan 
-26.125, -63.625, 2.14014211225711e-22, nan 
-25.875, -63.625, 1.951008598740136e-22, nan 
-25.625, -63.625, 1.750867902755217e-22, nan 
-25.375, -63.625, 3.036403784007441e-22, nan 
-25.125, -63.625, 4.896057622798488e-22, nan 
-24.875, -63.625, 4.651397307358799e-22, nan 
-24.625, -63.625, 4.578888580872531e-22, nan 
-24.375, -63.625, 4.5148897858253e-22, nan 
-24.125, -63.625, 4.139210691170325e-22, nan 
-23.875, -63.625, 2.925688104427872e-22, nan 
-23.625, -63.625, 2.3859788023770015e-22, nan 
-23.375, -63.625, 2.196357814906902e-22, nan 
-23.125, -63.625, 2.9415908636086105e-22, nan 
-22.875, -63.625, 3.0308182226294666e-22, nan 
-22.625, -63.625, 1.7563936700106743e-22, nan 
-22.375, -63.625, 1.231698980437184e-22, nan 
-22.125, -63.625, 1.2857675603862143e-22, nan 
-21.875, -63.625, 1.574511928279636e-22, nan 
-21.625, -63.625, 1.1629285606263712e-22, nan 
-21.375, -63.625, 8.662681454668593e-23, nan 
-21.125, -63.625, 1.3671501242512435e-22, nan 
-20.875, -63.625, 1.6804657283538514e-22, nan 
-20.625, -63.625, 1.9872355305759242e-22, nan 
-20.375, -63.625, 2.1649357258307063e-22, nan 
-20.125, -63.625, 1.5196555080714136e-22, nan 
-19.875, -63.625, 1.568847819619073e-22, nan 
-19.625, -63.625, 1.6599917499767888e-22, nan 
-19.375, -63.625, 1.1443034659315807e-22, nan 
-19.125, -63.625, 6.951170055150501e-23, nan 
-18.875, -63.625, 4.016847265206715e-23, nan 
-18.625, -63.625, 2.0974754762142043e-23, nan 
-18.375, -63.625, 2.934451162328242e-23, nan 
-18.125, -63.625, 1.4714255510178697e-23, nan 
-17.875, -63.625, 1.3144101683863334e-23, nan 
-17.625, -63.625, 2.151271399487299e-23, nan 
-17.375, -63.625, 3.025655129249212e-23, nan 
-17.125, -63.625, 3.9849401684974764e-23, nan 
-16.875, -63.625, 3.275902463798977e-23, nan 
-16.625, -63.625, 2.4646590129779855e-23, nan 
-16.375, -63.625, 2.0222273833880855e-23, nan 
-16.125, -63.625, 2.1031561060148825e-23, nan 
-15.875, -63.625, 3.2592357570570384e-23, nan 
-15.625, -63.625, 2.8451367123487585e-23, nan 
-15.375, -63.625, 2.9583036849457575e-23, nan 
-15.125, -63.625, 2.6393423204055515e-23, nan 
-14.875, -63.625, 3.733192498630964e-23, nan 
-14.625, -63.625, 3.763644209964341e-23, nan 
-14.375, -63.625, 4.078039364193489e-23, nan 
-14.125, -63.625, 4.31418976439468e-23, nan 
-13.875, -63.625, 3.816719850766197e-23, nan 
-13.625, -63.625, 2.800605781656695e-23, nan 
-13.375, -63.625, 2.608901458890095e-23, nan 
-13.125, -63.625, 3.653448925151777e-23, nan 
-12.875, -63.625, 3.210182197522246e-23, nan 
-12.625, -63.625, 3.0914512464362454e-23, nan 
-12.375, -63.625, 1.8100989078187678e-23, nan 
-12.125, -63.625, 2.648456455654332e-23, nan 
-11.875, -63.625, 3.126754578448389e-23, nan 
-11.625, -63.625, 2.723332430558483e-23, nan 
-11.375, -63.625, 1.8085960954438303e-23, nan 
-11.125, -63.625, 2.261490399596223e-23, nan 
-10.875, -63.625, 2.0268695834779383e-23, nan 
-10.625, -63.625, 1.0864554384496216e-23, nan 
-10.375, -63.625, 8.660339836881468e-24, nan 
-10.125, -63.625, 7.719176530129607e-24, nan 
-9.875, -63.625, 4.2964685191368354e-24, nan 
-9.625, -63.625, 1.473204124706355e-24, nan 
-9.375, -63.625, 6.5233546595948e-24, nan 
-9.125, -63.625, 1.9925934788453117e-23, nan 
-8.875, -63.625, 1.2789246839587649e-24, nan 
-8.625, -63.625, 1.6162644933348022e-24, nan 
-8.375, -63.625, 1.4971612623841397e-24, nan 
-8.125, -63.625, 7.134913101970999e-25, nan 
-7.875, -63.625, 2.6791810077243946e-24, nan 
-7.625, -63.625, 2.9087923414391902e-24, nan 
-7.375, -63.625, 7.807550266831166e-24, nan 
-7.125, -63.625, 5.4892794947954234e-24, nan 
-6.875, -63.625, 3.428823749835664e-24, nan 
-6.625, -63.625, 5.228582157298366e-24, nan 
-6.375, -63.625, 8.755967782781405e-24, nan 
-6.125, -63.625, 7.06857360651477e-24, nan 
-5.875, -63.625, 7.47223690571309e-24, nan 
-5.625, -63.625, 1.4082647782681495e-23, nan 
-5.375, -63.625, 7.666634137252992e-24, nan 
-5.125, -63.625, 4.5888277074027855e-24, nan 
-4.875, -63.625, 1.4079767095826588e-23, nan 
-4.625, -63.625, 9.706218753540267e-24, nan 
-4.375, -63.625, 3.0265491577104e-23, nan 
-4.125, -63.625, 4.5245848496196755e-23, nan 
-3.875, -63.625, 4.706149285811002e-23, nan 
-3.625, -63.625, 4.4290046960774577e-23, nan 
-3.375, -63.625, 1.7964937626456673e-23, nan 
-3.125, -63.625, 1.8966967205800422e-23, nan 
-2.875, -63.625, 1.9321638582859133e-23, nan 
-2.625, -63.625, 1.7265976607419507e-23, nan 
-2.375, -63.625, 7.934881541415006e-24, nan 
-2.125, -63.625, 1.5610933540778716e-23, nan 
-1.875, -63.625, 1.1086133612894625e-23, nan 
-1.625, -63.625, 9.855831644526863e-24, nan 
-1.375, -63.625, 1.3638615617983485e-23, nan 
-1.125, -63.625, 1.0523110676874975e-23, nan 
-0.875, -63.625, 1.2486457905535705e-23, nan 
-0.625, -63.625, 1.1036163903309874e-23, nan 
-0.375, -63.625, 7.602531300841998e-24, nan 
-0.125, -63.625, 1.0353636003529183e-23, nan 
0.125, -63.625, 1.3428284708074747e-23, nan 
0.375, -63.625, 5.7141723730840415e-24, nan 
0.625, -63.625, 9.428494919798427e-24, nan 
0.875, -63.625, 1.2058706036690813e-23, nan 
1.125, -63.625, 1.0160076645621725e-23, nan 
1.375, -63.625, 1.0347854121354836e-23, nan 
1.625, -63.625, 7.824256722529567e-24, nan 
1.875, -63.625, 1.1679712496014401e-23, nan 
2.125, -63.625, 8.170009430571191e-24, nan 
2.375, -63.625, 1.3604592905007167e-23, nan 
2.625, -63.625, 2.847947639380598e-23, nan 
2.875, -63.625, 1.595344145930107e-23, nan 
3.125, -63.625, 4.044806355959299e-23, nan 
3.375, -63.625, 6.220514054956698e-23, nan 
3.625, -63.625, 4.6930586958480103e-23, nan 
3.875, -63.625, 1.987235870662314e-23, nan 
4.125, -63.625, 3.257913840914012e-23, nan 
4.375, -63.625, 2.2728749997934177e-23, nan 
4.625, -63.625, 5.91718506534869e-24, nan 
4.875, -63.625, 1.0496002670044944e-23, nan 
5.125, -63.625, 1.0993192677334815e-23, nan 
5.375, -63.625, 8.4939502159177e-24, nan 
-29.125, -63.375, 6.346054795434702e-22, nan 
-28.875, -63.375, 7.969907929137893e-22, nan 
-28.625, -63.375, 5.030163175809485e-22, nan 
-28.375, -63.375, 2.99982284814953e-22, nan 
-28.125, -63.375, 3.8632706639404303e-22, nan 
-27.875, -63.375, 1.3938370530570918e-22, nan 
-27.625, -63.375, 1.7805744384254988e-22, nan 
-27.375, -63.375, 2.4856584590243384e-22, nan 
-27.125, -63.375, 2.8313288271775806e-22, nan 
-26.875, -63.375, 1.891890747223676e-22, nan 
-26.625, -63.375, 1.9779269744196731e-22, nan 
-26.375, -63.375, 2.290270610788232e-22, nan 
-26.125, -63.375, 2.0775953939148828e-22, nan 
-25.875, -63.375, 1.425736655175768e-22, nan 
-25.625, -63.375, 1.632554089470549e-22, nan 
-25.375, -63.375, 2.0161161798866597e-22, nan 
-25.125, -63.375, 2.5653128363595585e-22, nan 
-24.875, -63.375, 1.7603006163094223e-22, nan 
-24.625, -63.375, 1.8781087170469572e-22, nan 
-24.375, -63.375, 2.1683614407728515e-22, nan 
-24.125, -63.375, 1.3917216090906758e-22, nan 
-23.875, -63.375, 1.7395325487463932e-22, nan 
-23.625, -63.375, 1.630204354608471e-22, nan 
-23.375, -63.375, 1.3349100663027424e-22, nan 
-23.125, -63.375, 3.7577947250409723e-23, nan 
-22.875, -63.375, 5.402502638395369e-23, nan 
-22.625, -63.375, 4.3209033606454444e-23, nan 
-22.375, -63.375, 3.4988175741236004e-23, nan 
-22.125, -63.375, 6.174522104417814e-23, nan 
-21.875, -63.375, 1.3222743524615838e-22, nan 
-21.625, -63.375, 1.5284773672032378e-22, nan 
-21.375, -63.375, 1.525463713323398e-22, nan 
-21.125, -63.375, 1.6729187979300814e-22, nan 
-20.875, -63.375, 1.610999855092611e-22, nan 
-20.625, -63.375, 1.7381753385021884e-22, nan 
-20.375, -63.375, 1.3030349936499499e-22, nan 
-20.125, -63.375, 9.162703733535271e-23, nan 
-19.875, -63.375, 7.9362904420203e-23, nan 
-19.625, -63.375, 8.847905563784039e-23, nan 
-19.375, -63.375, 1.0330345341687899e-22, nan 
-19.125, -63.375, 8.110909408620492e-23, nan 
-18.875, -63.375, 5.851657405056639e-23, nan 
-18.625, -63.375, 5.595748648198598e-23, nan 
-18.375, -63.375, 1.1171440055599529e-22, nan 
-18.125, -63.375, 6.116273488563064e-23, nan 
-17.875, -63.375, 1.781622610592382e-23, nan 
-17.625, -63.375, 2.2975277477161856e-23, nan 
-17.375, -63.375, 3.7143158779363226e-23, nan 
-17.125, -63.375, 4.5330010198312163e-23, nan 
-16.875, -63.375, 4.085294859696129e-23, nan 
-16.625, -63.375, 3.6550556652988126e-23, nan 
-16.375, -63.375, 4.5587930911598425e-23, nan 
-16.125, -63.375, 4.377452647476919e-23, nan 
-15.875, -63.375, 4.0110471313599454e-23, nan 
-15.625, -63.375, 4.280641057189581e-23, nan 
-15.375, -63.375, 4.1359752991719543e-23, nan 
-15.125, -63.375, 3.8353049769243744e-23, nan 
-14.875, -63.375, 3.253175860823926e-23, nan 
-14.625, -63.375, 5.552146327613137e-23, nan 
-14.375, -63.375, 3.968272453248963e-23, nan 
-14.125, -63.375, 2.5166986640040792e-23, nan 
-13.875, -63.375, 1.7275410881774963e-23, nan 
-13.625, -63.375, 1.3801190468036762e-23, nan 
-13.375, -63.375, 1.2122976632375959e-23, nan 
-13.125, -63.375, 1.1621812774747373e-23, nan 
-12.875, -63.375, 1.4426007670687804e-23, nan 
-12.625, -63.375, 1.5761190111438575e-23, nan 
-12.375, -63.375, 1.3606891108182763e-23, nan 
-12.125, -63.375, 1.736532511782938e-23, nan 
-11.875, -63.375, 2.445778776944063e-23, nan 
-11.625, -63.375, 1.6516500542330505e-23, nan 
-11.375, -63.375, 1.7015704467841764e-23, nan 
-11.125, -63.375, 2.1285998831964816e-23, nan 
-10.875, -63.375, 1.834732501941021e-23, nan 
-10.625, -63.375, 1.0721997457643583e-23, nan 
-10.375, -63.375, 1.0198653830687867e-23, nan 
-10.125, -63.375, 1.2931424335809571e-23, nan 
-9.875, -63.375, 1.6132801910655997e-23, nan 
-9.625, -63.375, 2.4805191518764816e-24, nan 
-9.375, -63.375, 1.0817136015005724e-23, nan 
-9.125, -63.375, 3.3714988067183954e-23, nan 
-8.875, -63.375, 4.3018303795843955e-24, nan 
-8.625, -63.375, 6.0322359112467796e-24, nan 
-8.375, -63.375, 1.3490276021478633e-23, nan 
-8.125, -63.375, 5.903063384943643e-24, nan 
-7.875, -63.375, 4.6015668530675715e-24, nan 
-7.625, -63.375, 4.686265767554492e-24, nan 
-7.375, -63.375, 9.515406208332041e-24, nan 
-7.125, -63.375, 7.040108205336087e-24, nan 
-6.875, -63.375, 3.3360001218847274e-24, nan 
-6.625, -63.375, 4.969379022883907e-24, nan 
-6.375, -63.375, 3.1084974734867762e-24, nan 
-6.125, -63.375, 3.367344820131948e-24, nan 
-5.875, -63.375, 5.137738395205495e-24, nan 
-5.625, -63.375, 1.0142225990625916e-23, nan 
-5.375, -63.375, 6.215590401684396e-24, nan 
-5.125, -63.375, 4.7066588153892865e-24, nan 
-4.875, -63.375, 5.7440973317806e-24, nan 
-4.625, -63.375, 9.947183516632706e-24, nan 
-4.375, -63.375, 1.2004921632727802e-23, nan 
-4.125, -63.375, 1.2636247981975308e-23, nan 
-3.875, -63.375, 1.3529113262278643e-23, nan 
-3.625, -63.375, 1.2870208030267886e-23, nan 
-3.375, -63.375, 1.46516947898617e-23, nan 
-3.125, -63.375, 6.603132415831899e-24, nan 
-2.875, -63.375, 1.054917990197982e-23, nan 
-2.625, -63.375, 8.175847418082723e-24, nan 
-2.375, -63.375, 8.144291521255873e-24, nan 
-2.125, -63.375, 1.1338191265543963e-23, nan 
-1.875, -63.375, 1.0547984403135271e-23, nan 
-1.625, -63.375, 1.250446983252876e-23, nan 
-1.375, -63.375, 1.216587716592942e-23, nan 
-1.125, -63.375, 1.0361798793741666e-23, nan 
-0.875, -63.375, 1.2908372911803375e-23, nan 
-0.625, -63.375, 4.659895303573244e-24, nan 
-0.375, -63.375, 5.539218554134255e-24, nan 
-0.125, -63.375, 7.242695840662022e-24, nan 
0.125, -63.375, 8.768763214680615e-24, nan 
0.375, -63.375, 8.720231018389276e-24, nan 
0.625, -63.375, 1.4166078734298765e-23, nan 
0.875, -63.375, 5.967964753736466e-24, nan 
1.125, -63.375, 1.11883965541412e-23, nan 
1.375, -63.375, 1.3427767175238266e-23, nan 
1.625, -63.375, 5.799360527506455e-24, nan 
1.875, -63.375, 7.198598874897314e-24, nan 
2.125, -63.375, 2.2657461689256822e-24, nan 
2.375, -63.375, 3.3772858581160305e-23, nan 
2.625, -63.375, 4.43474603213934e-23, nan 
2.875, -63.375, 3.4779389224144124e-23, nan 
3.125, -63.375, 7.083678329065614e-23, nan 
3.375, -63.375, 8.986441555900238e-23, nan 
3.625, -63.375, 7.724503190205142e-23, nan 
3.875, -63.375, 3.2510978088594047e-23, nan 
4.125, -63.375, 4.5297473655461336e-23, nan 
4.375, -63.375, 3.916447333376437e-23, nan 
4.625, -63.375, 7.353229928986966e-24, nan 
4.875, -63.375, 1.0195606449673106e-23, nan 
5.125, -63.375, 1.4525418472970337e-23, nan 
-28.875, -63.125, 6.445196163289969e-22, nan 
-28.625, -63.125, 4.933255262573854e-22, nan 
-28.375, -63.125, 1.8697067266384867e-22, nan 
-28.125, -63.125, 2.420301892813651e-22, nan 
-27.875, -63.125, 2.470498364302929e-22, nan 
-27.625, -63.125, 2.3273427689067794e-22, nan 
-27.375, -63.125, 1.9227619064949176e-22, nan 
-27.125, -63.125, 8.13320007919152e-23, nan 
-26.875, -63.125, 1.5079065820791203e-22, nan 
-26.625, -63.125, 1.5561976342872523e-22, nan 
-26.375, -63.125, 1.5034072585732018e-22, nan 
-26.125, -63.125, 1.5134301612957555e-22, nan 
-25.875, -63.125, 8.424148437930763e-23, nan 
-25.625, -63.125, 1.0131547084251143e-22, nan 
-25.375, -63.125, 1.162423831187361e-22, nan 
-25.125, -63.125, 1.8006998955955966e-22, nan 
-24.875, -63.125, 1.3995629790951964e-22, nan 
-24.625, -63.125, 1.163565791054935e-22, nan 
-24.375, -63.125, 1.4438289513869713e-22, nan 
-24.125, -63.125, 7.447895055807763e-23, nan 
-23.875, -63.125, 1.855765056868519e-23, nan 
-23.625, -63.125, 4.831128171704116e-23, nan 
-23.375, -63.125, 5.1526144471857874e-23, nan 
-23.125, -63.125, 3.2835191691433346e-23, nan 
-22.875, -63.125, 3.5839600967526724e-23, nan 
-22.625, -63.125, 3.055919429894053e-23, nan 
-22.375, -63.125, 4.7530809330656104e-23, nan 
-22.125, -63.125, 8.054978346910806e-23, nan 
-21.875, -63.125, 9.564950951402188e-23, nan 
-21.625, -63.125, 1.060423842601798e-22, nan 
-21.375, -63.125, 8.582822956118344e-23, nan 
-21.125, -63.125, 1.22168391745333e-22, nan 
-20.875, -63.125, 7.77113103303577e-23, nan 
-20.625, -63.125, 9.507977493354554e-23, nan 
-20.375, -63.125, 8.331597195389107e-23, nan 
-20.125, -63.125, 1.1926710046144187e-22, nan 
-19.875, -63.125, 1.1820129411184722e-22, nan 
-19.625, -63.125, 7.18973549750132e-23, nan 
-19.375, -63.125, 6.661191634088429e-23, nan 
-19.125, -63.125, 3.9914769902435e-23, nan 
-18.875, -63.125, 4.937212885629171e-23, nan 
-18.625, -63.125, 9.684525790348832e-23, nan 
-18.375, -63.125, 1.1273521398854528e-22, nan 
-18.125, -63.125, 9.532930432601511e-23, nan 
-17.875, -63.125, 5.767436865783044e-23, nan 
-17.625, -63.125, 6.064369776333048e-23, nan 
-17.375, -63.125, 3.101182237584456e-23, nan 
-17.125, -63.125, 2.606515969700107e-23, nan 
-16.875, -63.125, 2.5642141332953068e-23, nan 
-16.625, -63.125, 3.122333039178785e-23, nan 
-16.375, -63.125, 4.0625236851856575e-23, nan 
-16.125, -63.125, 4.56219071455453e-23, nan 
-15.875, -63.125, 5.532789565317908e-23, nan 
-15.625, -63.125, 5.773633758917531e-23, nan 
-15.375, -63.125, 5.558878039768901e-23, nan 
-15.125, -63.125, 3.9827624413034435e-23, nan 
-14.875, -63.125, 3.958997736714806e-23, nan 
-14.625, -63.125, 5.244922683870253e-23, nan 
-14.375, -63.125, 2.2831683441535385e-23, nan 
-14.125, -63.125, 2.2287645925036975e-23, nan 
-13.875, -63.125, 2.5661322172361542e-23, nan 
-13.625, -63.125, 1.9175589927090367e-23, nan 
-13.375, -63.125, 2.3040865762782528e-23, nan 
-13.125, -63.125, 2.0151676026670073e-23, nan 
-12.875, -63.125, 2.660314986602561e-23, nan 
-12.625, -63.125, 2.967260826309831e-23, nan 
-12.375, -63.125, 2.6364560585966465e-23, nan 
-12.125, -63.125, 3.658899932486315e-23, nan 
-11.875, -63.125, 3.486538156862742e-23, nan 
-11.625, -63.125, 2.2040393449362448e-23, nan 
-11.375, -63.125, 1.8981499482291295e-23, nan 
-11.125, -63.125, 2.625176464010837e-23, nan 
-10.875, -63.125, 1.960163303065392e-23, nan 
-10.625, -63.125, 8.127656682743658e-24, nan 
-10.375, -63.125, 1.1488462564165542e-23, nan 
-10.125, -63.125, 7.419539201603355e-24, nan 
-9.875, -63.125, 7.767059806465046e-24, nan 
-9.625, -63.125, 2.77812697018661e-24, nan 
-9.375, -63.125, 8.395518169639559e-24, nan 
-9.125, -63.125, 2.0172562081795472e-23, nan 
-8.875, -63.125, 8.731650942185768e-24, nan 
-8.625, -63.125, 9.85025760395788e-24, nan 
-8.375, -63.125, 6.4743380234346285e-24, nan 
-8.125, -63.125, 8.882420365883262e-24, nan 
-7.875, -63.125, 9.542870512168463e-24, nan 
-7.625, -63.125, 7.808124026365482e-24, nan 
-7.375, -63.125, 5.9653579984936624e-24, nan 
-7.125, -63.125, 8.907778345446814e-24, nan 
-6.875, -63.125, 3.2318200397270663e-24, nan 
-6.625, -63.125, 4.703238467378651e-24, nan 
-6.375, -63.125, 5.5619705953531415e-24, nan 
-6.125, -63.125, 3.1903406270814463e-24, nan 
-5.875, -63.125, 2.7248770848575643e-24, nan 
-5.625, -63.125, 9.983388705960674e-25, nan 
-5.375, -63.125, 4.8442899533026435e-24, nan 
-5.125, -63.125, 5.972425926949024e-24, nan 
-4.875, -63.125, 4.998183495607589e-24, nan 
-4.625, -63.125, 7.93834030415514e-24, nan 
-4.375, -63.125, 1.1672412276211596e-23, nan 
-4.125, -63.125, 5.012797067626549e-24, nan 
-3.875, -63.125, 8.327991671197151e-24, nan 
-3.625, -63.125, 7.490343865374946e-24, nan 
-3.375, -63.125, 7.56598315548653e-24, nan 
-3.125, -63.125, 6.0525534325770704e-24, nan 
-2.875, -63.125, 8.819588899839054e-24, nan 
-2.625, -63.125, 7.157695062657476e-24, nan 
-2.375, -63.125, 5.907809943142774e-24, nan 
-2.125, -63.125, 5.2104752269993795e-24, nan 
-1.875, -63.125, 7.08098404319208e-24, nan 
-1.625, -63.125, 9.361458053668286e-24, nan 
-1.375, -63.125, 6.210802334830298e-24, nan 
-1.125, -63.125, 2.713515644897127e-24, nan 
-0.875, -63.125, 2.2562496456613103e-24, nan 
-0.625, -63.125, 2.0450702841922548e-24, nan 
-0.375, -63.125, 3.1637376560907785e-24, nan 
-0.125, -63.125, 3.124431453857552e-24, nan 
0.125, -63.125, 3.0678715020635293e-24, nan 
0.375, -63.125, 9.951125557259e-24, nan 
0.625, -63.125, 8.654570441199888e-24, nan 
0.875, -63.125, 6.54433686454658e-24, nan 
1.125, -63.125, 1.3223334415360854e-23, nan 
1.375, -63.125, 5.715605319065139e-24, nan 
1.625, -63.125, 6.78161043119618e-24, nan 
1.875, -63.125, 5.432071250800162e-24, nan 
2.125, -63.125, 6.843374369458385e-24, nan 
2.375, -63.125, 1.0183648726701435e-24, nan 
2.625, -63.125, 3.977926490825386e-24, nan 
2.875, -63.125, 7.381363113751302e-24, nan 
3.125, -63.125, 4.315628388411134e-23, nan 
3.375, -63.125, 5.530577345626575e-23, nan 
3.625, -63.125, 4.7353247209144406e-23, nan 
3.875, -63.125, 6.4983055200154274e-24, nan 
4.125, -63.125, 5.15257704965991e-24, nan 
4.375, -63.125, 4.050441283168059e-24, nan 
4.625, -63.125, 2.690159280438206e-24, nan 
4.875, -63.125, 8.33007200830302e-24, nan 
5.125, -63.125, 1.0032276139853371e-23, nan 
-28.375, -62.875, 2.7143725397322665e-22, nan 
-28.125, -62.875, 2.2949797892713325e-22, nan 
-27.875, -62.875, 2.6393241704385e-22, nan 
-27.625, -62.875, 2.3615112788845804e-22, nan 
-27.375, -62.875, 6.96505056763774e-23, nan 
-27.125, -62.875, 8.878719247276307e-23, nan 
-26.875, -62.875, 9.103547230799621e-23, nan 
-26.625, -62.875, 1.0680869680435581e-22, nan 
-26.375, -62.875, 3.165153645967357e-23, nan 
-26.125, -62.875, 3.401931075551738e-23, nan 
-25.875, -62.875, 4.609894770567354e-23, nan 
-25.625, -62.875, 3.8355515311182633e-23, nan 
-25.375, -62.875, 5.875373044509376e-23, nan 
-25.125, -62.875, 6.645664073551656e-23, nan 
-24.875, -62.875, 4.2071261605690067e-23, nan 
-24.625, -62.875, 5.472986066087011e-23, nan 
-24.375, -62.875, 3.9356080290779934e-23, nan 
-24.125, -62.875, 3.154486482359742e-23, nan 
-23.875, -62.875, 1.8762299548355223e-23, nan 
-23.625, -62.875, 4.17862477180266e-23, nan 
-23.375, -62.875, 6.703838062299278e-23, nan 
-23.125, -62.875, 5.55862819020877e-23, nan 
-22.875, -62.875, 4.121302636955996e-23, nan 
-22.625, -62.875, 4.404198391408159e-23, nan 
-22.375, -62.875, 5.798133649068799e-23, nan 
-22.125, -62.875, 7.097039169828337e-23, nan 
-21.875, -62.875, 8.770778759431455e-23, nan 
-21.625, -62.875, 8.227106976117834e-23, nan 
-21.375, -62.875, 7.225242627711528e-23, nan 
-21.125, -62.875, 7.254297060249982e-23, nan 
-20.875, -62.875, 6.22841607692959e-23, nan 
-20.625, -62.875, 5.397063242808809e-23, nan 
-20.375, -62.875, 3.305377179376492e-23, nan 
-20.125, -62.875, 1.3271357258568641e-22, nan 
-19.875, -62.875, 1.1476802052271672e-22, nan 
-19.625, -62.875, 6.890783333777044e-23, nan 
-19.375, -62.875, 5.069349080603976e-23, nan 
-19.125, -62.875, 5.712578163047374e-23, nan 
-18.875, -62.875, 5.512583198777319e-23, nan 
-18.625, -62.875, 7.376107763488798e-23, nan 
-18.375, -62.875, 6.478975848403026e-23, nan 
-18.125, -62.875, 9.672481832515476e-23, nan 
-17.875, -62.875, 5.609251288232369e-23, nan 
-17.625, -62.875, 6.659207027103235e-23, nan 
-17.375, -62.875, 6.593533556023958e-23, nan 
-17.125, -62.875, 4.3729070228428996e-23, nan 
-16.875, -62.875, 4.9800499670099603e-23, nan 
-16.625, -62.875, 4.0720556825110447e-23, nan 
-16.375, -62.875, 3.609850581001294e-23, nan 
-16.125, -62.875, 3.425393219460658e-23, nan 
-15.875, -62.875, 4.848177837648603e-23, nan 
-15.625, -62.875, 4.7171615360656705e-23, nan 
-15.375, -62.875, 4.079234413286034e-23, nan 
-15.125, -62.875, 2.833886027787963e-23, nan 
-14.875, -62.875, 3.362614184026415e-23, nan 
-14.625, -62.875, 7.968769256161258e-24, nan 
-14.375, -62.875, 1.0573311083306977e-23, nan 
-14.125, -62.875, 1.3986428954036924e-23, nan 
-13.875, -62.875, 2.0063414605537308e-23, nan 
-13.625, -62.875, 1.6538249814576044e-23, nan 
-13.375, -62.875, 1.8406853298236047e-23, nan 
-13.125, -62.875, 1.7965685228825717e-23, nan 
-12.875, -62.875, 1.8736000478890462e-23, nan 
-12.625, -62.875, 2.8020101453075293e-23, nan 
-12.375, -62.875, 2.990735803668855e-23, nan 
-12.125, -62.875, 2.898731166660136e-23, nan 
-11.875, -62.875, 3.813136404479182e-23, nan 
-11.625, -62.875, 3.1810926468151865e-23, nan 
-11.375, -62.875, 9.593481563583742e-24, nan 
-11.125, -62.875, 2.1287852441098834e-23, nan 
-10.875, -62.875, 1.6729665058692365e-23, nan 
-10.625, -62.875, 6.4415303685500284e-24, nan 
-10.375, -62.875, 5.226382182746844e-24, nan 
-10.125, -62.875, 4.572098619827538e-24, nan 
-9.875, -62.875, 8.167127811210596e-24, nan 
-9.625, -62.875, 1.5142447969314746e-23, nan 
-9.375, -62.875, 1.5386922241577169e-23, nan 
-9.125, -62.875, 8.656512708467219e-24, nan 
-8.875, -62.875, 8.862063059764861e-24, nan 
-8.625, -62.875, 9.355556200113733e-24, nan 
-8.375, -62.875, 1.0720105102765459e-23, nan 
-8.125, -62.875, 1.409008008420088e-23, nan 
-7.875, -62.875, 1.2355299410633998e-23, nan 
-7.625, -62.875, 1.2589677821151192e-23, nan 
-7.375, -62.875, 1.1646659569115767e-23, nan 
-7.125, -62.875, 6.4822040877180524e-24, nan 
-6.875, -62.875, 3.81780153322282e-24, nan 
-6.625, -62.875, 5.7771928640678875e-24, nan 
-6.375, -62.875, 5.546586011882645e-24, nan 
-6.125, -62.875, 5.687321995543657e-24, nan 
-5.875, -62.875, 3.855498941952817e-24, nan 
-5.625, -62.875, 2.2421762816642932e-24, nan 
-5.375, -62.875, 5.294628003382944e-24, nan 
-5.125, -62.875, 3.8864277936378135e-24, nan 
-4.875, -62.875, 2.8993245117732435e-24, nan 
-4.625, -62.875, 7.268036700866203e-24, nan 
-4.375, -62.875, 5.2051173457218864e-24, nan 
-4.125, -62.875, 5.681437186449166e-24, nan 
-3.875, -62.875, 7.455427028665858e-24, nan 
-3.625, -62.875, 4.136177259333479e-24, nan 
-3.375, -62.875, 4.557350538881154e-24, nan 
-3.125, -62.875, 4.68406948673926e-24, nan 
-2.875, -62.875, 3.566566500849155e-24, nan 
-2.625, -62.875, 4.806241269568748e-24, nan 
-2.375, -62.875, 3.5386153401549826e-24, nan 
-2.125, -62.875, 6.0609524852950115e-24, nan 
-1.875, -62.875, 5.6820137444426484e-24, nan 
-1.625, -62.875, 6.654944869485899e-24, nan 
-1.375, -62.875, 8.741838954940358e-24, nan 
-1.125, -62.875, 4.030955187699169e-24, nan 
-0.875, -62.875, 4.137660266847064e-24, nan 
-0.625, -62.875, 5.020575967408428e-24, nan 
-0.375, -62.875, 2.7900316179757973e-24, nan 
-0.125, -62.875, 3.1764832745110086e-24, nan 
0.125, -62.875, 3.710394720653816e-24, nan 
0.375, -62.875, 7.113424959577514e-24, nan 
0.625, -62.875, 7.739296467574967e-24, nan 
0.875, -62.875, 6.943762606684885e-24, nan 
1.125, -62.875, 1.1774160728941756e-23, nan 
1.375, -62.875, 6.704171144087728e-24, nan 
1.625, -62.875, 6.5678616276650444e-24, nan 
1.875, -62.875, 8.585688393757355e-24, nan 
2.125, -62.875, 6.371606429839303e-24, nan 
2.375, -62.875, 2.5097605025143854e-24, nan 
2.625, -62.875, 5.1100817622378775e-24, nan 
2.875, -62.875, 6.33028316002619e-24, nan 
3.125, -62.875, 5.7847991882345056e-24, nan 
3.375, -62.875, 4.400058261423402e-24, nan 
3.625, -62.875, 2.5820163201256434e-24, nan 
3.875, -62.875, 5.1914757411025864e-24, nan 
4.125, -62.875, 5.213005889836169e-24, nan 
4.375, -62.875, 3.463078413350896e-24, nan 
4.625, -62.875, 2.6173956949703688e-24, nan 
4.875, -62.875, 4.523706378170905e-24, nan 
-28.125, -62.625, 2.5368430234159084e-22, nan 
-27.875, -62.625, 2.810272370113427e-22, nan 
-27.625, -62.625, 1.3524677859406453e-22, nan 
-27.375, -62.625, 7.296626841544671e-23, nan 
-27.125, -62.625, 8.968989992744447e-23, nan 
-26.875, -62.625, 4.430482606459241e-23, nan 
-26.625, -62.625, 7.711573242316064e-23, nan 
-26.375, -62.625, 2.7088807528528655e-23, nan 
-26.125, -62.625, 2.286636664530642e-23, nan 
-25.875, -62.625, 3.040959304521506e-23, nan 
-25.625, -62.625, 3.308362976024027e-23, nan 
-25.375, -62.625, 3.2239251251019906e-23, nan 
-25.125, -62.625, 3.908619540507365e-23, nan 
-24.875, -62.625, 4.2799970468755536e-23, nan 
-24.625, -62.625, 4.762722388373996e-23, nan 
-24.375, -62.625, 4.6800484962944795e-23, nan 
-24.125, -62.625, 5.376923815589005e-23, nan 
-23.875, -62.625, 4.486835537094563e-23, nan 
-23.625, -62.625, 3.901846270938209e-23, nan 
-23.375, -62.625, 7.73980250908477e-23, nan 
-23.125, -62.625, 6.511060266761436e-23, nan 
-22.875, -62.625, 3.213080490785238e-23, nan 
-22.625, -62.625, 5.643244294343022e-23, nan 
-22.375, -62.625, 6.901918992025314e-23, nan 
-22.125, -62.625, 6.54838528298165e-23, nan 
-21.875, -62.625, 6.247013656286216e-23, nan 
-21.625, -62.625, 6.0318101446934e-23, nan 
-21.375, -62.625, 6.232273005837604e-23, nan 
-21.125, -62.625, 4.5017541701912377e-23, nan 
-20.875, -62.625, 4.3718472478769673e-23, nan 
-20.625, -62.625, 4.426192789254868e-23, nan 
-20.375, -62.625, 3.3512306861492275e-23, nan 
-20.125, -62.625, 8.331735044787469e-23, nan 
-19.875, -62.625, 8.704978159797287e-23, nan 
-19.625, -62.625, 5.226348563284235e-23, nan 
-19.375, -62.625, 4.815169618890224e-23, nan 
-19.125, -62.625, 5.79765865135185e-23, nan 
-18.875, -62.625, 6.453467304884848e-23, nan 
-18.625, -62.625, 6.60276837072314e-23, nan 
-18.375, -62.625, 3.442265376935645e-23, nan 
-18.125, -62.625, 3.8107717399832777e-23, nan 
-17.875, -62.625, 3.341091595824253e-23, nan 
-17.625, -62.625, 3.262739478610157e-23, nan 
-17.375, -62.625, 4.261046195055528e-23, nan 
-17.125, -62.625, 4.296364739038415e-23, nan 
-16.875, -62.625, 5.006680288470907e-23, nan 
-16.625, -62.625, 3.6231117653019164e-23, nan 
-16.375, -62.625, 2.5194295833217008e-23, nan 
-16.125, -62.625, 1.9451440898909022e-23, nan 
-15.875, -62.625, 9.335215176969539e-24, nan 
-15.625, -62.625, 8.220196130530241e-24, nan 
-15.375, -62.625, 1.865276654190022e-23, nan 
-15.125, -62.625, 2.065210052755732e-23, nan 
-14.875, -62.625, 1.2180128730524606e-23, nan 
-14.625, -62.625, 1.009215347166944e-23, nan 
-14.375, -62.625, 7.240488066477171e-24, nan 
-14.125, -62.625, 1.2920742959681921e-23, nan 
-13.875, -62.625, 1.8915254135576734e-23, nan 
-13.625, -62.625, 1.3048573999122499e-23, nan 
-13.375, -62.625, 7.979639302321184e-24, nan 
-13.125, -62.625, 1.4005226750720106e-23, nan 
-12.875, -62.625, 1.3192279069296251e-23, nan 
-12.625, -62.625, 1.1720158803540629e-23, nan 
-12.375, -62.625, 1.360417246124493e-23, nan 
-12.125, -62.625, 1.2468255727953275e-23, nan 
-11.875, -62.625, 2.4305031875273664e-23, nan 
-11.625, -62.625, 2.1741973396177954e-23, nan 
-11.375, -62.625, 1.1375050635086474e-23, nan 
-11.125, -62.625, 1.0426744905588376e-23, nan 
-10.875, -62.625, 3.6999499436522044e-24, nan 
-10.625, -62.625, 5.66189175794051e-24, nan 
-10.375, -62.625, 1.7434363554480308e-23, nan 
-10.125, -62.625, 2.1696011741881204e-23, nan 
-9.875, -62.625, 9.41086391626836e-24, nan 
-9.625, -62.625, 1.4680589950601804e-23, nan 
-9.375, -62.625, 1.7224454199950983e-23, nan 
-9.125, -62.625, 6.818498506216237e-24, nan 
-8.875, -62.625, 7.036435404821549e-24, nan 
-8.625, -62.625, 7.682337305518502e-24, nan 
-8.375, -62.625, 9.897543713552117e-24, nan 
-8.125, -62.625, 1.3024431167740515e-23, nan 
-7.875, -62.625, 1.3793827265740452e-23, nan 
-7.625, -62.625, 1.400762326004561e-23, nan 
-7.375, -62.625, 1.3772389574429698e-23, nan 
-7.125, -62.625, 9.787797428926402e-24, nan 
-6.875, -62.625, 9.47856408329569e-24, nan 
-6.625, -62.625, 1.1692365733524568e-23, nan 
-6.375, -62.625, 7.104299239676772e-24, nan 
-6.125, -62.625, 4.087164041900163e-24, nan 
-5.875, -62.625, 5.666944279656676e-24, nan 
-5.625, -62.625, 4.904017071586635e-24, nan 
-5.375, -62.625, 1.5963773809871898e-24, nan 
-5.125, -62.625, 3.5504616094684564e-24, nan 
-4.875, -62.625, 4.402691480404432e-24, nan 
-4.625, -62.625, 5.226256534358931e-24, nan 
-4.375, -62.625, 2.64012710755347e-24, nan 
-4.125, -62.625, 5.852952706547212e-24, nan 
-3.875, -62.625, 6.411376526349603e-24, nan 
-3.625, -62.625, 2.7797815083631234e-24, nan 
-3.375, -62.625, 3.3858651898770454e-24, nan 
-3.125, -62.625, 2.8756415087402817e-24, nan 
-2.875, -62.625, 4.7965256552013065e-24, nan 
-2.625, -62.625, 4.259372209048285e-24, nan 
-2.375, -62.625, 5.552932336787852e-24, nan 
-2.125, -62.625, 6.991047021909451e-24, nan 
-1.875, -62.625, 4.8284695432410526e-24, nan 
-1.625, -62.625, 4.426726539983993e-24, nan 
-1.375, -62.625, 7.774181204676522e-24, nan 
-1.125, -62.625, 5.7251477705668135e-24, nan 
-0.875, -62.625, 5.328373941148361e-24, nan 
-0.625, -62.625, 5.619867254963793e-24, nan 
-0.375, -62.625, 6.607148233679907e-24, nan 
-0.125, -62.625, 5.5506483217324754e-24, nan 
0.125, -62.625, 2.7299116913900225e-24, nan 
0.375, -62.625, 5.9537721925314224e-24, nan 
0.625, -62.625, 6.822090738010339e-24, nan 
0.875, -62.625, 5.119942783958422e-24, nan 
1.125, -62.625, 5.716816326146918e-24, nan 
1.375, -62.625, 3.238804416891076e-24, nan 
1.625, -62.625, 5.1526306245952766e-24, nan 
1.875, -62.625, 6.591451602961005e-24, nan 
2.125, -62.625, 4.9153145046929366e-24, nan 
2.375, -62.625, 4.186699402705544e-24, nan 
2.625, -62.625, 4.986927501524857e-24, nan 
2.875, -62.625, 8.055313827797019e-24, nan 
3.125, -62.625, 7.557808206847594e-24, nan 
3.375, -62.625, 5.021876643415358e-24, nan 
3.625, -62.625, 3.7896490501917006e-23, nan 
3.875, -62.625, 3.964362407028656e-23, nan 
4.125, -62.625, 2.43446788206347e-23, nan 
4.375, -62.625, 1.9916658144396887e-24, nan 
4.625, -62.625, 1.2355986013949632e-24, nan 
4.875, -62.625, 2.1667015664163955e-24, nan 
-27.625, -62.375, 7.193090820472182e-23, nan 
-27.375, -62.375, 9.687713818803075e-23, nan 
-27.125, -62.375, 4.4002633498341475e-23, nan 
-26.875, -62.375, 3.4528027149513877e-23, nan 
-26.625, -62.375, 4.9457657301295786e-23, nan 
-26.375, -62.375, 4.665810834626555e-23, nan 
-26.125, -62.375, 3.453749895522342e-23, nan 
-25.875, -62.375, 3.5402435476107485e-23, nan 
-25.625, -62.375, 3.789639141506619e-23, nan 
-25.375, -62.375, 6.341881550725625e-23, nan 
-25.125, -62.375, 7.198327094299039e-23, nan 
-24.875, -62.375, 6.32580302371298e-23, nan 
-24.625, -62.375, 6.613049205599594e-23, nan 
-24.375, -62.375, 6.89407897398728e-23, nan 
-24.125, -62.375, 5.581671325177003e-23, nan 
-23.875, -62.375, 5.597364041775422e-23, nan 
-23.625, -62.375, 4.558782331450682e-23, nan 
-23.375, -62.375, 3.693526381988286e-23, nan 
-23.125, -62.375, 2.5270202238109784e-23, nan 
-22.875, -62.375, 4.491353572327329e-23, nan 
-22.625, -62.375, 7.03042160615371e-23, nan 
-22.375, -62.375, 6.691275497622694e-23, nan 
-22.125, -62.375, 5.0829477550676984e-23, nan 
-21.875, -62.375, 4.3957852864713056e-23, nan 
-21.625, -62.375, 4.162301446583006e-23, nan 
-21.375, -62.375, 3.6766239708230416e-23, nan 
-21.125, -62.375, 3.591011663554707e-23, nan 
-20.875, -62.375, 3.7941750036162735e-23, nan 
-20.625, -62.375, 3.812297845036467e-23, nan 
-20.375, -62.375, 3.210622048730056e-23, nan 
-20.125, -62.375, 4.799527953475207e-23, nan 
-19.875, -62.375, 7.37283882051909e-23, nan 
-19.625, -62.375, 3.663317922562202e-23, nan 
-19.375, -62.375, 4.7973051696926233e-23, nan 
-19.125, -62.375, 5.73179563623403e-23, nan 
-18.875, -62.375, 5.642983201037522e-23, nan 
-18.625, -62.375, 6.84839655547512e-23, nan 
-18.375, -62.375, 6.628969201768937e-23, nan 
-18.125, -62.375, 5.553745900831578e-23, nan 
-17.875, -62.375, 4.865275878759218e-23, nan 
-17.625, -62.375, 2.2103640099523475e-23, nan 
-17.375, -62.375, 2.6670694392719474e-23, nan 
-17.125, -62.375, 2.389446735803269e-23, nan 
-16.875, -62.375, 3.3358546155158665e-23, nan 
-16.625, -62.375, 3.985480879629031e-23, nan 
-16.375, -62.375, 1.2384063191050145e-23, nan 
-16.125, -62.375, 1.5569627845224227e-23, nan 
-15.875, -62.375, 2.179149225236653e-23, nan 
-15.625, -62.375, 1.4358763420870303e-23, nan 
-15.375, -62.375, 2.2764287784247006e-23, nan 
-15.125, -62.375, 2.4331771679794855e-23, nan 
-14.875, -62.375, 1.2618135541708957e-23, nan 
-14.625, -62.375, 1.739341852923072e-23, nan 
-14.375, -62.375, 1.498471721448377e-23, nan 
-14.125, -62.375, 6.332471652659419e-24, nan 
-13.875, -62.375, 1.1924846862737494e-23, nan 
-13.625, -62.375, 8.581672974222112e-24, nan 
-13.375, -62.375, 8.458166691928143e-24, nan 
-13.125, -62.375, 1.2666171680899084e-23, nan 
-12.875, -62.375, 1.301384778501826e-23, nan 
-12.625, -62.375, 8.30344929392109e-24, nan 
-12.375, -62.375, 9.171606992058321e-24, nan 
-12.125, -62.375, 5.54406414570937e-24, nan 
-11.875, -62.375, 9.559749295510478e-24, nan 
-11.625, -62.375, 1.2223343096205028e-23, nan 
-11.375, -62.375, 1.5160802758584212e-23, nan 
-11.125, -62.375, 2.626888848569625e-23, nan 
-10.875, -62.375, 2.857652350077254e-23, nan 
-10.625, -62.375, 3.058079732554883e-23, nan 
-10.375, -62.375, 2.3360097417527195e-23, nan 
-10.125, -62.375, 2.3968508058234543e-23, nan 
-9.875, -62.375, 1.1437833207600978e-23, nan 
-9.625, -62.375, 6.664875621922551e-24, nan 
-9.375, -62.375, 3.9263472115855016e-24, nan 
-9.125, -62.375, 9.872805598157117e-24, nan 
-8.875, -62.375, 1.1955982616718735e-23, nan 
-8.625, -62.375, 1.0508291615435027e-23, nan 
-8.375, -62.375, 9.685174067584289e-24, nan 
-8.125, -62.375, 1.328682015138907e-23, nan 
-7.875, -62.375, 2.0734761484728085e-23, nan 
-7.625, -62.375, 2.262890215210307e-23, nan 
-7.375, -62.375, 1.5504513570723298e-23, nan 
-7.125, -62.375, 1.5301248584110878e-23, nan 
-6.875, -62.375, 1.4620687940037234e-23, nan 
-6.625, -62.375, 1.3889328071743949e-23, nan 
-6.375, -62.375, 1.1006092109832099e-23, nan 
-6.125, -62.375, 6.72191132511181e-24, nan 
-5.875, -62.375, 1.9542184497243025e-24, nan 
-5.625, -62.375, 3.1405170933556483e-24, nan 
-5.375, -62.375, 2.4590785527749008e-24, nan 
-5.125, -62.375, 4.0194832287118716e-24, nan 
-4.875, -62.375, 4.839750939221016e-24, nan 
-4.625, -62.375, 2.879191220829396e-24, nan 
-4.375, -62.375, 4.809648635141624e-24, nan 
-4.125, -62.375, 5.5371122094202786e-24, nan 
-3.875, -62.375, 4.892210092820829e-24, nan 
-3.625, -62.375, 3.9374844894243494e-24, nan 
-3.375, -62.375, 1.8383254856251418e-24, nan 
-3.125, -62.375, 6.207229782772719e-24, nan 
-2.875, -62.375, 6.164889110291053e-24, nan 
-2.625, -62.375, 3.2167422151996656e-24, nan 
-2.375, -62.375, 8.022821616737079e-24, nan 
-2.125, -62.375, 6.150876650106822e-24, nan 
-1.875, -62.375, 2.6767544738872958e-24, nan 
-1.625, -62.375, 6.033933527554683e-24, nan 
-1.375, -62.375, 5.9216582110305525e-24, nan 
-1.125, -62.375, 5.93860609578604e-24, nan 
-0.875, -62.375, 4.21897469510942e-24, nan 
-0.625, -62.375, 5.2516786346747164e-24, nan 
-0.375, -62.375, 1.2014941986881296e-23, nan 
-0.125, -62.375, 2.6007178075713828e-23, nan 
0.125, -62.375, 2.728057205929096e-23, nan 
0.375, -62.375, 1.5757771523282226e-23, nan 
0.625, -62.375, 4.2481239418445886e-24, nan 
0.875, -62.375, 4.181809279432344e-24, nan 
1.125, -62.375, 3.6508231980833595e-24, nan 
1.375, -62.375, 4.0724613109661264e-24, nan 
1.625, -62.375, 4.3672700313447496e-24, nan 
1.875, -62.375, 4.1199943658185346e-24, nan 
2.125, -62.375, 2.1459181650085184e-24, nan 
2.375, -62.375, 1.80220960402463e-24, nan 
2.625, -62.375, 3.2087722438437453e-24, nan 
2.875, -62.375, 2.5185444257251293e-23, nan 
3.125, -62.375, 2.6282688047148654e-23, nan 
3.375, -62.375, 1.3451933958345883e-23, nan 
3.625, -62.375, 5.0968675869022563e-23, nan 
3.875, -62.375, 5.399195193633158e-23, nan 
4.125, -62.375, 2.988304142685173e-23, nan 
4.375, -62.375, 2.7880484835686746e-23, nan 
4.625, -62.375, 2.7220485375898427e-23, nan 
4.875, -62.375, 1.5508577757257328e-23, nan 
-27.375, -62.125, 5.904154814347805e-23, nan 
-27.125, -62.125, 6.200786186206131e-23, nan 
-26.875, -62.125, 7.330568189900965e-23, nan 
-26.625, -62.125, 6.585938825408635e-23, nan 
-26.375, -62.125, 6.032430000848212e-23, nan 
-26.125, -62.125, 5.884321580340992e-23, nan 
-25.875, -62.125, 6.965965316403593e-23, nan 
-25.625, -62.125, 7.162770204184856e-23, nan 
-25.375, -62.125, 6.814841637029494e-23, nan 
-25.125, -62.125, 7.150805377082025e-23, nan 
-24.875, -62.125, 6.307627763129922e-23, nan 
-24.625, -62.125, 5.755089592696049e-23, nan 
-24.375, -62.125, 5.011487437329516e-23, nan 
-24.125, -62.125, 4.5579923226881024e-23, nan 
-23.875, -62.125, 4.534095551401154e-23, nan 
-23.625, -62.125, 3.466277051867805e-23, nan 
-23.375, -62.125, 4.154486753607449e-23, nan 
-23.125, -62.125, 3.2128324711807946e-23, nan 
-22.875, -62.125, 4.520941768080956e-23, nan 
-22.625, -62.125, 6.089373261089753e-23, nan 
-22.375, -62.125, 5.844387135370916e-23, nan 
-22.125, -62.125, 4.629606139249583e-23, nan 
-21.875, -62.125, 3.9643736288373734e-23, nan 
-21.625, -62.125, 3.391208691366189e-23, nan 
-21.375, -62.125, 3.717658474034179e-23, nan 
-21.125, -62.125, 4.0688491767920407e-23, nan 
-20.875, -62.125, 3.7478813597193805e-23, nan 
-20.625, -62.125, 3.352521656289009e-23, nan 
-20.375, -62.125, 2.5308129926377997e-23, nan 
-20.125, -62.125, 2.501978199999007e-23, nan 
-19.875, -62.125, 2.0230879842625773e-23, nan 
-19.625, -62.125, 2.945012387920137e-23, nan 
-19.375, -62.125, 2.978135307398524e-23, nan 
-19.125, -62.125, 2.846366716041261e-23, nan 
-18.875, -62.125, 2.5553017512560458e-23, nan 
-18.625, -62.125, 3.8256122424194004e-23, nan 
-18.375, -62.125, 7.411069719981338e-23, nan 
-18.125, -62.125, 9.791017731967533e-23, nan 
-17.875, -62.125, 5.336345960313113e-23, nan 
-17.625, -62.125, 4.784764142291723e-23, nan 
-17.375, -62.125, 4.2870004093265045e-23, nan 
-17.125, -62.125, 2.169836973625001e-23, nan 
-16.875, -62.125, 1.621917924188521e-23, nan 
-16.625, -62.125, 2.344923050529281e-23, nan 
-16.375, -62.125, 1.6539074751399557e-23, nan 
-16.125, -62.125, 1.6236951600018905e-23, nan 
-15.875, -62.125, 2.8093142913510564e-23, nan 
-15.625, -62.125, 3.239836935071283e-23, nan 
-15.375, -62.125, 1.3985106642649115e-23, nan 
-15.125, -62.125, 2.4315778157023437e-23, nan 
-14.875, -62.125, 1.9261913547597477e-23, nan 
-14.625, -62.125, 1.397345232507244e-23, nan 
-14.375, -62.125, 1.5596164825308882e-23, nan 
-14.125, -62.125, 9.995115572664495e-24, nan 
-13.875, -62.125, 6.509522954251742e-24, nan 
-13.625, -62.125, 8.842295366206103e-24, nan 
-13.375, -62.125, 7.351113303556548e-24, nan 
-13.125, -62.125, 9.313284606008059e-24, nan 
-12.875, -62.125, 1.2017918013109907e-23, nan 
-12.625, -62.125, 7.654826938206835e-24, nan 
-12.375, -62.125, 9.783601928038008e-24, nan 
-12.125, -62.125, 9.519574980752765e-24, nan 
-11.875, -62.125, 1.7944427247620865e-23, nan 
-11.625, -62.125, 2.418381702577549e-23, nan 
-11.375, -62.125, 1.7269857470876584e-23, nan 
-11.125, -62.125, 4.4063717583933314e-23, nan 
-10.875, -62.125, 4.9514378205763635e-23, nan 
-10.625, -62.125, 4.8555750976406986e-23, nan 
-10.375, -62.125, 2.635433422593316e-23, nan 
-10.125, -62.125, 3.229583667138148e-23, nan 
-9.875, -62.125, 2.9900352079248984e-23, nan 
-9.625, -62.125, 1.0068301587650257e-23, nan 
-9.375, -62.125, 5.0873459100326484e-24, nan 
-9.125, -62.125, 9.518188920830357e-24, nan 
-8.875, -62.125, 1.240034840158065e-23, nan 
-8.625, -62.125, 1.2775891793883016e-23, nan 
-8.375, -62.125, 1.0513268041248453e-23, nan 
-8.125, -62.125, 1.2194246096196865e-23, nan 
-7.875, -62.125, 2.313339603720999e-23, nan 
-7.625, -62.125, 2.444939906255469e-23, nan 
-7.375, -62.125, 1.8497910579571107e-23, nan 
-7.125, -62.125, 2.2978115041688293e-23, nan 
-6.875, -62.125, 1.9486085126127878e-23, nan 
-6.625, -62.125, 1.3694366845525307e-23, nan 
-6.375, -62.125, 1.210022440123994e-23, nan 
-6.125, -62.125, 1.0186388261087867e-23, nan 
-5.875, -62.125, 9.401018321902855e-24, nan 
-5.625, -62.125, 8.479688697567249e-24, nan 
-5.375, -62.125, 3.228165275423806e-24, nan 
-5.125, -62.125, 3.4466560556286014e-24, nan 
-4.875, -62.125, 5.164083361493358e-24, nan 
-4.625, -62.125, 3.172759701805088e-24, nan 
-4.375, -62.125, 3.2149027790640053e-24, nan 
-4.125, -62.125, 5.799875120113574e-24, nan 
-3.875, -62.125, 6.784709462860587e-24, nan 
-3.625, -62.125, 7.874088119296475e-24, nan 
-3.375, -62.125, 3.962961607951191e-24, nan 
-3.125, -62.125, 4.697669336845e-24, nan 
-2.875, -62.125, 5.574155550819574e-24, nan 
-2.625, -62.125, 5.191812397713907e-24, nan 
-2.375, -62.125, 3.142167518335396e-24, nan 
-2.125, -62.125, 4.957825206679426e-24, nan 
-1.875, -62.125, 2.1158496562077152e-24, nan 
-1.625, -62.125, 3.0163060957850386e-24, nan 
-1.375, -62.125, 4.194861537520119e-24, nan 
-1.125, -62.125, 2.065140229119204e-24, nan 
-0.875, -62.125, 1.4440718708152607e-23, nan 
-0.625, -62.125, 2.0281536411362313e-23, nan 
-0.375, -62.125, 1.1613295671368167e-23, nan 
-0.125, -62.125, 3.913411814584797e-23, nan 
0.125, -62.125, 3.960293972244821e-23, nan 
0.375, -62.125, 2.18662465269772e-23, nan 
0.625, -62.125, 1.550540503297983e-23, nan 
0.875, -62.125, 1.704890989308131e-23, nan 
1.125, -62.125, 9.286129161724864e-24, nan 
1.375, -62.125, 4.439197614830104e-24, nan 
1.625, -62.125, 3.9346182630097924e-24, nan 
1.875, -62.125, 1.8785091021583293e-23, nan 
2.125, -62.125, 2.6387280057545494e-23, nan 
2.375, -62.125, 2.5556146896434044e-23, nan 
2.625, -62.125, 2.3636992915452857e-23, nan 
2.875, -62.125, 3.766726497011977e-23, nan 
3.125, -62.125, 3.559104923924139e-23, nan 
3.375, -62.125, 1.5274492674492395e-23, nan 
3.625, -62.125, 5.800426764922901e-23, nan 
3.875, -62.125, 7.095716902109118e-23, nan 
4.125, -62.125, 3.2072607429445345e-23, nan 
4.375, -62.125, 2.717119540578005e-23, nan 
4.625, -62.125, 3.48375725325524e-23, nan 
-26.875, -61.875, 6.247697086649248e-23, nan 
-26.625, -61.875, 5.826881721518045e-23, nan 
-26.375, -61.875, 6.233788079078478e-23, nan 
-26.125, -61.875, 6.379111182698692e-23, nan 
-25.875, -61.875, 5.83456026807636e-23, nan 
-25.625, -61.875, 5.89274483523619e-23, nan 
-25.375, -61.875, 3.807734916374833e-23, nan 
-25.125, -61.875, 2.582608081286362e-23, nan 
-24.875, -61.875, 2.7084828712871643e-23, nan 
-24.625, -61.875, 3.528515611831965e-23, nan 
-24.375, -61.875, 2.784604879352032e-23, nan 
-24.125, -61.875, 2.6206664547137246e-23, nan 
-23.875, -61.875, 2.6007206752202334e-23, nan 
-23.625, -61.875, 3.191982021290001e-23, nan 
-23.375, -61.875, 3.8210144181753434e-23, nan 
-23.125, -61.875, 3.902126278185729e-23, nan 
-22.875, -61.875, 4.3519008718475835e-23, nan 
-22.625, -61.875, 3.7079985910578184e-23, nan 
-22.375, -61.875, 4.45897190518778e-23, nan 
-22.125, -61.875, 3.2488955999352963e-23, nan 
-21.875, -61.875, 3.054380907892148e-23, nan 
-21.625, -61.875, 2.4401308858534098e-23, nan 
-21.375, -61.875, 2.293373800618735e-23, nan 
-21.125, -61.875, 2.348600154873435e-23, nan 
-20.875, -61.875, 2.1494978277689102e-23, nan 
-20.625, -61.875, 1.695756602296338e-23, nan 
-20.375, -61.875, 1.459040674067099e-23, nan 
-20.125, -61.875, 1.6316212538212868e-23, nan 
-19.875, -61.875, 1.1803805428459671e-23, nan 
-19.625, -61.875, 1.420859045507607e-23, nan 
-19.375, -61.875, 1.257861840137014e-23, nan 
-19.125, -61.875, 1.4930956941439085e-23, nan 
-18.875, -61.875, 4.679679860756164e-23, nan 
-18.625, -61.875, 4.9098642232508363e-23, nan 
-18.375, -61.875, 4.8804790699224276e-23, nan 
-18.125, -61.875, 8.045266905448255e-23, nan 
-17.875, -61.875, 5.613034680757934e-23, nan 
-17.625, -61.875, 4.4865882957618946e-23, nan 
-17.375, -61.875, 9.694334614360899e-24, nan 
-17.125, -61.875, 1.2185309812990108e-23, nan 
-16.875, -61.875, 1.4026441844787852e-23, nan 
-16.625, -61.875, 1.4528366097624194e-23, nan 
-16.375, -61.875, 1.796706419089894e-23, nan 
-16.125, -61.875, 2.130214107119269e-23, nan 
-15.875, -61.875, 2.613779660485612e-23, nan 
-15.625, -61.875, 2.5096298744697003e-23, nan 
-15.375, -61.875, 1.5870706423624823e-23, nan 
-15.125, -61.875, 1.793218630810258e-23, nan 
-14.875, -61.875, 1.1496173171278426e-23, nan 
-14.625, -61.875, 1.2218813792276584e-23, nan 
-14.375, -61.875, 9.164051110279045e-24, nan 
-14.125, -61.875, 7.192859740287244e-24, nan 
-13.875, -61.875, 7.375967192287208e-24, nan 
-13.625, -61.875, 1.4660362562412562e-23, nan 
-13.375, -61.875, 2.3371802604665556e-23, nan 
-13.125, -61.875, 1.3001448371437086e-23, nan 
-12.875, -61.875, 5.563618253742933e-24, nan 
-12.625, -61.875, 1.391758612351299e-23, nan 
-12.375, -61.875, 1.1768079189856955e-23, nan 
-12.125, -61.875, 8.378534534671368e-24, nan 
-11.875, -61.875, 6.821004720522297e-24, nan 
-11.625, -61.875, 5.3561534433834525e-24, nan 
-11.375, -61.875, 3.778305472776513e-24, nan 
-11.125, -61.875, 2.598751540703871e-23, nan 
-10.875, -61.875, 2.4780745927870932e-23, nan 
-10.625, -61.875, 2.4343118614871955e-23, nan 
-10.375, -61.875, 7.267370084150757e-24, nan 
-10.125, -61.875, 1.2988129454068238e-23, nan 
-9.875, -61.875, 1.0260637156283823e-23, nan 
-9.625, -61.875, 8.695549225113757e-24, nan 
-9.375, -61.875, 6.93714478584405e-24, nan 
-9.125, -61.875, 9.034584234850566e-24, nan 
-8.875, -61.875, 1.0602812632079473e-23, nan 
-8.625, -61.875, 8.646824640919092e-24, nan 
-8.375, -61.875, 1.2154844195643447e-23, nan 
-8.125, -61.875, 1.2585143218310211e-23, nan 
-7.875, -61.875, 1.434132753882437e-23, nan 
-7.625, -61.875, 1.7507545756325794e-23, nan 
-7.375, -61.875, 2.0804222924430013e-23, nan 
-7.125, -61.875, 2.1818121572469003e-23, nan 
-6.875, -61.875, 1.6045204686364714e-23, nan 
-6.625, -61.875, 1.4501950548092157e-23, nan 
-6.375, -61.875, 1.4623380375059845e-23, nan 
-6.125, -61.875, 1.0470717588190269e-23, nan 
-5.875, -61.875, 7.92057422075967e-24, nan 
-5.625, -61.875, 7.902639887672673e-24, nan 
-5.375, -61.875, 5.264142850648211e-24, nan 
-5.125, -61.875, 4.84303163038357e-24, nan 
-4.875, -61.875, 4.8510288843916045e-24, nan 
-4.625, -61.875, 6.5052087676818736e-24, nan 
-4.375, -61.875, 5.689309309162094e-24, nan 
-4.125, -61.875, 3.7453387987015214e-24, nan 
-3.875, -61.875, 8.4110001913123e-24, nan 
-3.625, -61.875, 1.1719189623677289e-23, nan 
-3.375, -61.875, 4.1845365027404054e-24, nan 
-3.125, -61.875, 5.1003417488829934e-24, nan 
-2.875, -61.875, 6.0933337137819746e-24, nan 
-2.625, -61.875, 8.282598596431561e-24, nan 
-2.375, -61.875, 3.712272033980009e-24, nan 
-2.125, -61.875, 4.43930033869829e-24, nan 
-1.875, -61.875, 5.27945143224323e-24, nan 
-1.625, -61.875, 4.276539117987793e-24, nan 
-1.375, -61.875, 4.307131555198331e-24, nan 
-1.125, -61.875, 1.5231964413037605e-24, nan 
-0.875, -61.875, 1.8115737643713006e-24, nan 
-0.625, -61.875, 6.371501218132972e-24, nan 
-0.375, -61.875, 1.8844138753136106e-24, nan 
-0.125, -61.875, 2.1417992594444714e-23, nan 
0.125, -61.875, 1.8466425004912923e-23, nan 
0.375, -61.875, 1.1556779026452921e-23, nan 
0.625, -61.875, 5.257359773571278e-24, nan 
0.875, -61.875, 3.6691309172647745e-24, nan 
1.125, -61.875, 9.826781471768796e-24, nan 
1.375, -61.875, 1.5776726973333462e-23, nan 
1.625, -61.875, 1.8425065583070832e-23, nan 
1.875, -61.875, 1.9457543901570525e-23, nan 
2.125, -61.875, 2.885640807040782e-23, nan 
2.375, -61.875, 3.5334610450858215e-23, nan 
2.625, -61.875, 2.7727625913846076e-23, nan 
2.875, -61.875, 2.4753877572303418e-23, nan 
3.125, -61.875, 1.9626704613359603e-23, nan 
3.375, -61.875, 1.7566307647278542e-23, nan 
3.625, -61.875, 4.071846825120219e-23, nan 
3.875, -61.875, 4.565697648956603e-23, nan 
4.125, -61.875, 2.246717919408617e-23, nan 
4.375, -61.875, 6.655012071284844e-24, nan 
4.625, -61.875, 4.165982588786818e-24, nan 
-26.625, -61.625, 3.618365380154327e-23, nan 
-26.375, -61.625, 4.454550172909613e-23, nan 
-26.125, -61.625, 4.7155113879127953e-23, nan 
-25.875, -61.625, 2.724081728171685e-23, nan 
-25.625, -61.625, 1.6663128644450597e-23, nan 
-25.375, -61.625, 8.86574264415865e-24, nan 
-25.125, -61.625, 5.845865009400404e-24, nan 
-24.875, -61.625, 2.147170015982552e-23, nan 
-24.625, -61.625, 2.47415786038509e-23, nan 
-24.375, -61.625, 2.5476446156975486e-23, nan 
-24.125, -61.625, 2.3544878393149276e-23, nan 
-23.875, -61.625, 1.8249935543196756e-23, nan 
-23.625, -61.625, 4.5333185895582733e-23, nan 
-23.375, -61.625, 3.8734356301830514e-23, nan 
-23.125, -61.625, 2.736747669131617e-23, nan 
-22.875, -61.625, 6.172917341662825e-23, nan 
-22.625, -61.625, 4.019498590249001e-23, nan 
-22.375, -61.625, 2.1231473784950746e-23, nan 
-22.125, -61.625, 2.008856071453004e-23, nan 
-21.875, -61.625, 1.5265453311095083e-23, nan 
-21.625, -61.625, 1.8640888767198488e-23, nan 
-21.375, -61.625, 2.47050054068395e-23, nan 
-21.125, -61.625, 2.4361863059602848e-23, nan 
-20.875, -61.625, 2.0931793235114227e-23, nan 
-20.625, -61.625, 1.7976911795121974e-23, nan 
-20.375, -61.625, 2.0092028777872148e-23, nan 
-20.125, -61.625, 1.693036781449081e-23, nan 
-19.875, -61.625, 1.4761948381860622e-23, nan 
-19.625, -61.625, 1.540919352884635e-23, nan 
-19.375, -61.625, 1.4001617927705133e-23, nan 
-19.125, -61.625, 1.4699105888262896e-23, nan 
-18.875, -61.625, 4.375852252205329e-23, nan 
-18.625, -61.625, 4.3659058270763634e-23, nan 
-18.375, -61.625, 4.601482105452744e-23, nan 
-18.125, -61.625, 8.278599306343293e-23, nan 
-17.875, -61.625, 6.634274197866018e-23, nan 
-17.625, -61.625, 4.903452661405003e-23, nan 
-17.375, -61.625, 3.063532671767696e-23, nan 
-17.125, -61.625, 2.637334977385366e-23, nan 
-16.875, -61.625, 4.313201663761237e-23, nan 
-16.625, -61.625, 2.866951204793033e-23, nan 
-16.375, -61.625, 2.4010505715381742e-23, nan 
-16.125, -61.625, 1.5910681809116738e-23, nan 
-15.875, -61.625, 5.870015863511263e-24, nan 
-15.625, -61.625, 6.466801249841189e-24, nan 
-15.375, -61.625, 1.3867627535680155e-23, nan 
-15.125, -61.625, 1.1789861134103465e-23, nan 
-14.875, -61.625, 8.145290133887173e-24, nan 
-14.625, -61.625, 5.7803428228737335e-24, nan 
-14.375, -61.625, 1.601226845618403e-23, nan 
-14.125, -61.625, 2.8114433123933737e-23, nan 
-13.875, -61.625, 2.9988787075137283e-23, nan 
-13.625, -61.625, 3.041349917978034e-23, nan 
-13.375, -61.625, 3.494100307887301e-23, nan 
-13.125, -61.625, 2.957891569514625e-23, nan 
-12.875, -61.625, 2.1941715729855525e-23, nan 
-12.625, -61.625, 2.2458682618382016e-23, nan 
-12.375, -61.625, 1.3451309488207549e-23, nan 
-12.125, -61.625, 9.892010630474824e-24, nan 
-11.875, -61.625, 8.143426937173473e-24, nan 
-11.625, -61.625, 6.411368571516412e-24, nan 
-11.375, -61.625, 6.792400179067846e-24, nan 
-11.125, -61.625, 4.896341492343513e-24, nan 
-10.875, -61.625, 7.951713881293615e-24, nan 
-10.625, -61.625, 4.959012005424473e-24, nan 
-10.375, -61.625, 2.4955837560234158e-24, nan 
-10.125, -61.625, 5.031600378321771e-24, nan 
-9.875, -61.625, 2.484784824878024e-24, nan 
-9.625, -61.625, 3.1873462632519466e-24, nan 
-9.375, -61.625, 4.686754149903481e-24, nan 
-9.125, -61.625, 5.158529446071533e-24, nan 
-8.875, -61.625, 8.025945256571934e-24, nan 
-8.625, -61.625, 6.678408694896366e-24, nan 
-8.375, -61.625, 1.007632614694604e-23, nan 
-8.125, -61.625, 1.2002873457558067e-23, nan 
-7.875, -61.625, 1.483469187042349e-23, nan 
-7.625, -61.625, 1.8155249509832156e-23, nan 
-7.375, -61.625, 1.4187003142249972e-23, nan 
-7.125, -61.625, 1.8408323380436196e-23, nan 
-6.875, -61.625, 2.208888901199446e-23, nan 
-6.625, -61.625, 8.590838733903924e-24, nan 
-6.375, -61.625, 1.8498895174133422e-23, nan 
-6.125, -61.625, 2.3788729004962983e-23, nan 
-5.875, -61.625, 2.0635150513883738e-23, nan 
-5.625, -61.625, 1.7231804639626005e-23, nan 
-5.375, -61.625, 1.44559869812938e-23, nan 
-5.125, -61.625, 4.150070074772973e-24, nan 
-4.875, -61.625, 4.519984963960639e-24, nan 
-4.625, -61.625, 7.519631943306609e-24, nan 
-4.375, -61.625, 3.7512649439844536e-24, nan 
-4.125, -61.625, 4.0217787492262375e-24, nan 
-3.875, -61.625, 8.194281344467358e-24, nan 
-3.625, -61.625, 7.207740899922633e-24, nan 
-3.375, -61.625, 3.6124173216050415e-24, nan 
-3.125, -61.625, 4.877878883944378e-24, nan 
-2.875, -61.625, 5.018211042325598e-24, nan 
-2.625, -61.625, 5.50680905257821e-24, nan 
-2.375, -61.625, 4.0936189630696264e-24, nan 
-2.125, -61.625, 2.5881674097432974e-24, nan 
-1.875, -61.625, 2.6281873658335007e-24, nan 
-1.625, -61.625, 4.687165437771726e-24, nan 
-1.375, -61.625, 4.41913696085936e-24, nan 
-1.125, -61.625, 1.908984648912101e-24, nan 
-0.875, -61.625, 3.2189546834249874e-24, nan 
-0.625, -61.625, 2.9557015918558783e-24, nan 
-0.375, -61.625, 2.6972535572498262e-24, nan 
-0.125, -61.625, 5.245037201135316e-24, nan 
0.125, -61.625, 9.898820194551613e-24, nan 
0.375, -61.625, 4.086187228662549e-24, nan 
0.625, -61.625, 6.197511752780155e-24, nan 
0.875, -61.625, 5.1961576642762376e-24, nan 
1.125, -61.625, 1.191689454602809e-23, nan 
1.375, -61.625, 2.2778980654707592e-23, nan 
1.625, -61.625, 1.9290302617886142e-23, nan 
1.875, -61.625, 2.0915128941140874e-23, nan 
2.125, -61.625, 3.810063817604975e-23, nan 
2.375, -61.625, 3.4456528346710584e-23, nan 
2.625, -61.625, 2.5566115596043066e-23, nan 
2.875, -61.625, 1.922023669267276e-23, nan 
3.125, -61.625, 1.7116420013136583e-23, nan 
3.375, -61.625, 1.6576483012340608e-23, nan 
3.625, -61.625, 1.137336306507912e-23, nan 
3.875, -61.625, 4.04462337760829e-24, nan 
4.125, -61.625, 4.246428519797781e-24, nan 
4.375, -61.625, 5.99778707802506e-24, nan 
-26.375, -61.375, 3.380331760703856e-23, nan 
-26.125, -61.375, 7.182827059234634e-23, nan 
-25.875, -61.375, 8.562056830044297e-23, nan 
-25.625, -61.375, 8.534332959085692e-23, nan 
-25.375, -61.375, 7.452420749206625e-23, nan 
-25.125, -61.375, 5.327202813273778e-23, nan 
-24.875, -61.375, 2.341982547867951e-23, nan 
-24.625, -61.375, 2.096953178177871e-23, nan 
-24.375, -61.375, 2.255592372205821e-23, nan 
-24.125, -61.375, 1.2971003742306449e-23, nan 
-23.875, -61.375, 6.4117429208847626e-24, nan 
-23.625, -61.375, 1.5982857215283436e-23, nan 
-23.375, -61.375, 2.2663871882791404e-23, nan 
-23.125, -61.375, 1.8602715752422897e-23, nan 
-22.875, -61.375, 3.6774683811838687e-23, nan 
-22.625, -61.375, 3.1992996666717895e-23, nan 
-22.375, -61.375, 2.1239943016044145e-23, nan 
-22.125, -61.375, 1.2071718240378816e-23, nan 
-21.875, -61.375, 9.116863950682916e-24, nan 
-21.625, -61.375, 1.8185021098373377e-23, nan 
-21.375, -61.375, 2.4738880537285142e-23, nan 
-21.125, -61.375, 2.690416216884327e-23, nan 
-20.875, -61.375, 2.9555515708311805e-23, nan 
-20.625, -61.375, 2.5115567425768913e-23, nan 
-20.375, -61.375, 2.6136946130210565e-23, nan 
-20.125, -61.375, 2.3410895647419493e-23, nan 
-19.875, -61.375, 1.936897242328564e-23, nan 
-19.625, -61.375, 1.6205447716840966e-23, nan 
-19.375, -61.375, 1.1687576769449663e-23, nan 
-19.125, -61.375, 1.3982044207592043e-23, nan 
-18.875, -61.375, 1.4232940109287776e-23, nan 
-18.625, -61.375, 9.332777987523077e-24, nan 
-18.375, -61.375, 3.0837840742674754e-23, nan 
-18.125, -61.375, 7.8235884666684e-23, nan 
-17.875, -61.375, 5.958507677145698e-23, nan 
-17.625, -61.375, 6.403525170066097e-23, nan 
-17.375, -61.375, 6.462034967263668e-23, nan 
-17.125, -61.375, 5.427095097163057e-23, nan 
-16.875, -61.375, 4.272458976044065e-23, nan 
-16.625, -61.375, 2.872704850655889e-23, nan 
-16.375, -61.375, 1.409208927624455e-23, nan 
-16.125, -61.375, 1.179344667612952e-23, nan 
-15.875, -61.375, 1.1551138688671415e-23, nan 
-15.625, -61.375, 6.821140829946804e-24, nan 
-15.375, -61.375, 9.271388845272505e-24, nan 
-15.125, -61.375, 8.724969658968637e-24, nan 
-14.875, -61.375, 1.7275656983685237e-23, nan 
-14.625, -61.375, 2.2318941743408946e-23, nan 
-14.375, -61.375, 2.1432159929946113e-23, nan 
-14.125, -61.375, 2.835188992026383e-23, nan 
-13.875, -61.375, 3.5087360630971744e-23, nan 
-13.625, -61.375, 3.2267661268602533e-23, nan 
-13.375, -61.375, 3.076409336964107e-23, nan 
-13.125, -61.375, 4.020861076913504e-23, nan 
-12.875, -61.375, 2.7486610138756063e-23, nan 
-12.625, -61.375, 2.599602994315492e-23, nan 
-12.375, -61.375, 3.0053074305890867e-23, nan 
-12.125, -61.375, 1.708174563067876e-23, nan 
-11.875, -61.375, 7.937798719468069e-24, nan 
-11.625, -61.375, 8.348937759118369e-24, nan 
-11.375, -61.375, 8.2230059471064e-24, nan 
-11.125, -61.375, 6.941259745592513e-24, nan 
-10.875, -61.375, 7.529249534661066e-24, nan 
-10.625, -61.375, 7.580153502121062e-24, nan 
-10.375, -61.375, 5.934993657905037e-24, nan 
-10.125, -61.375, 3.268653965945302e-24, nan 
-9.875, -61.375, 2.491168304299719e-24, nan 
-9.625, -61.375, 3.996041940747995e-24, nan 
-9.375, -61.375, 3.719580965631971e-24, nan 
-9.125, -61.375, 2.0497320639349378e-24, nan 
-8.875, -61.375, 3.387689024287288e-24, nan 
-8.625, -61.375, 4.788785659939752e-24, nan 
-8.375, -61.375, 6.171223569889401e-24, nan 
-8.125, -61.375, 6.2165034643829284e-24, nan 
-7.875, -61.375, 8.625334110786042e-24, nan 
-7.625, -61.375, 1.0031474472570225e-23, nan 
-7.375, -61.375, 1.0415617113469818e-23, nan 
-7.125, -61.375, 1.5780753689784175e-23, nan 
-6.875, -61.375, 2.0025055288502347e-23, nan 
-6.625, -61.375, 9.791177798362767e-24, nan 
-6.375, -61.375, 1.8429764306131935e-23, nan 
-6.125, -61.375, 2.494479084932916e-23, nan 
-5.875, -61.375, 2.5555452697005042e-23, nan 
-5.625, -61.375, 2.0684065623179293e-23, nan 
-5.375, -61.375, 1.6602322758937283e-23, nan 
-5.125, -61.375, 1.495132737215198e-23, nan 
-4.875, -61.375, 1.4546460061499568e-23, nan 
-4.625, -61.375, 9.961911578881136e-24, nan 
-4.375, -61.375, 6.51530101080763e-24, nan 
-4.125, -61.375, 4.206802401043643e-24, nan 
-3.875, -61.375, 9.25958056797483e-24, nan 
-3.625, -61.375, 5.400055537034099e-24, nan 
-3.375, -61.375, 3.430842191058608e-24, nan 
-3.125, -61.375, 2.766899870874757e-24, nan 
-2.875, -61.375, 4.55538193730511e-24, nan 
-2.625, -61.375, 2.8830721965170215e-24, nan 
-2.375, -61.375, 2.8665443454092613e-24, nan 
-2.125, -61.375, 2.7641624283919825e-24, nan 
-1.875, -61.375, 2.570236980794447e-24, nan 
-1.625, -61.375, 4.1933998421452555e-24, nan 
-1.375, -61.375, 3.6383467620165594e-24, nan 
-1.125, -61.375, 2.1560163183243428e-24, nan 
-0.875, -61.375, 3.341200808668111e-24, nan 
-0.625, -61.375, 3.420622986118969e-24, nan 
-0.375, -61.375, 2.640440646860829e-24, nan 
-0.125, -61.375, 2.858419398114443e-24, nan 
0.125, -61.375, 4.57338134738273e-24, nan 
0.375, -61.375, 5.0429379170992114e-24, nan 
0.625, -61.375, 4.958573462487742e-24, nan 
0.875, -61.375, 3.902171908879031e-24, nan 
1.125, -61.375, 4.4441975483683984e-24, nan 
1.375, -61.375, 3.2220584902240997e-24, nan 
1.625, -61.375, 4.491295823355335e-24, nan 
1.875, -61.375, 1.6493027669344527e-23, nan 
2.125, -61.375, 2.7943161270016525e-23, nan 
2.375, -61.375, 2.2864195387424672e-23, nan 
2.625, -61.375, 1.9156459915962637e-23, nan 
2.875, -61.375, 1.367370383017671e-23, nan 
3.125, -61.375, 4.782860582027129e-24, nan 
3.375, -61.375, 5.2317043712004884e-24, nan 
3.625, -61.375, 5.1005123895714264e-24, nan 
3.875, -61.375, 6.5683888379431946e-24, nan 
4.125, -61.375, 8.002063399380898e-24, nan 
4.375, -61.375, 9.666753875517584e-24, nan 
-25.875, -61.125, 9.982065416370206e-23, nan 
-25.625, -61.125, 1.1772208857536586e-22, nan 
-25.375, -61.125, 9.60851148582865e-23, nan 
-25.125, -61.125, 6.922949188963818e-23, nan 
-24.875, -61.125, 5.659832305014448e-23, nan 
-24.625, -61.125, 6.034339778334904e-23, nan 
-24.375, -61.125, 4.0593773245235813e-23, nan 
-24.125, -61.125, 3.47636836430671e-24, nan 
-23.875, -61.125, 6.041971788797282e-24, nan 
-23.625, -61.125, 8.552597109444246e-24, nan 
-23.375, -61.125, 9.454369165177332e-24, nan 
-23.125, -61.125, 5.1801036150876096e-24, nan 
-22.875, -61.125, 9.643211159923087e-24, nan 
-22.625, -61.125, 1.5887806762744272e-23, nan 
-22.375, -61.125, 1.4919333576304762e-23, nan 
-22.125, -61.125, 1.1096823064932146e-23, nan 
-21.875, -61.125, 1.3361338628008403e-23, nan 
-21.625, -61.125, 1.1101892176923463e-23, nan 
-21.375, -61.125, 1.7998643004766313e-23, nan 
-21.125, -61.125, 2.5329174441210348e-23, nan 
-20.875, -61.125, 2.787985231361279e-23, nan 
-20.625, -61.125, 2.3999598356546212e-23, nan 
-20.375, -61.125, 2.81569203640401e-23, nan 
-20.125, -61.125, 2.7974128553531895e-23, nan 
-19.875, -61.125, 2.3837459092189464e-23, nan 
-19.625, -61.125, 1.7589377618192588e-23, nan 
-19.375, -61.125, 1.6275015884352217e-23, nan 
-19.125, -61.125, 1.6705200541543805e-23, nan 
-18.875, -61.125, 1.0379149715820134e-23, nan 
-18.625, -61.125, 1.1972729241459553e-23, nan 
-18.375, -61.125, 6.846960364089442e-24, nan 
-18.125, -61.125, 4.3853301393585535e-24, nan 
-17.875, -61.125, 2.4229138718131504e-23, nan 
-17.625, -61.125, 5.0380894217798135e-23, nan 
-17.375, -61.125, 4.924430958407282e-23, nan 
-17.125, -61.125, 4.60923064215369e-23, nan 
-16.875, -61.125, 2.3214143034084707e-23, nan 
-16.625, -61.125, 2.885819783884078e-23, nan 
-16.375, -61.125, 1.977058040774946e-23, nan 
-16.125, -61.125, 1.6086704727257677e-23, nan 
-15.875, -61.125, 1.4217019704768562e-23, nan 
-15.625, -61.125, 1.0233391477901524e-23, nan 
-15.375, -61.125, 1.1364507389282385e-23, nan 
-15.125, -61.125, 1.0178719761469467e-23, nan 
-14.875, -61.125, 1.3544057654946746e-23, nan 
-14.625, -61.125, 1.9439854822831592e-23, nan 
-14.375, -61.125, 1.8526232134531492e-23, nan 
-14.125, -61.125, 2.1921852168501265e-23, nan 
-13.875, -61.125, 2.3517658674102708e-23, nan 
-13.625, -61.125, 2.1193067489284035e-23, nan 
-13.375, -61.125, 2.7761777040867947e-23, nan 
-13.125, -61.125, 3.245769278080778e-23, nan 
-12.875, -61.125, 2.2549789606367482e-23, nan 
-12.625, -61.125, 2.677820505691999e-23, nan 
-12.375, -61.125, 2.4719760948304742e-23, nan 
-12.125, -61.125, 1.6385509234468492e-23, nan 
-11.875, -61.125, 8.998856089199916e-24, nan 
-11.625, -61.125, 6.219806137475333e-24, nan 
-11.375, -61.125, 7.589334370424111e-24, nan 
-11.125, -61.125, 5.481246568026823e-24, nan 
-10.875, -61.125, 3.410941974911964e-24, nan 
-10.625, -61.125, 4.630580973503143e-24, nan 
-10.375, -61.125, 3.6167149369472744e-24, nan 
-10.125, -61.125, 3.091361623056391e-24, nan 
-9.875, -61.125, 1.5696748529573978e-24, nan 
-9.625, -61.125, 3.2077080443681103e-24, nan 
-9.375, -61.125, 5.6482452369013774e-24, nan 
-9.125, -61.125, 2.170903835570194e-24, nan 
-8.875, -61.125, 4.6105322994861794e-24, nan 
-8.625, -61.125, 7.036088404016478e-24, nan 
-8.375, -61.125, 5.512934472115052e-24, nan 
-8.125, -61.125, 7.337773558223793e-24, nan 
-7.875, -61.125, 6.0341251115926996e-24, nan 
-7.625, -61.125, 7.421899495624154e-24, nan 
-7.375, -61.125, 6.804055235897785e-24, nan 
-7.125, -61.125, 6.087507224243018e-24, nan 
-6.875, -61.125, 8.570266540835444e-24, nan 
-6.625, -61.125, 9.023785354394844e-24, nan 
-6.375, -61.125, 9.262029267328002e-24, nan 
-6.125, -61.125, 1.1233918431977461e-23, nan 
-5.875, -61.125, 1.673630146809398e-23, nan 
-5.625, -61.125, 3.301989755092881e-23, nan 
-5.375, -61.125, 2.5549399502562443e-23, nan 
-5.125, -61.125, 2.0842344031889204e-23, nan 
-4.875, -61.125, 1.694233996061733e-23, nan 
-4.625, -61.125, 4.981844765255994e-24, nan 
-4.375, -61.125, 1.8990465298984456e-23, nan 
-4.125, -61.125, 2.2853881815842885e-23, nan 
-3.875, -61.125, 7.6305826039394e-24, nan 
-3.625, -61.125, 2.7123773703284652e-24, nan 
-3.375, -61.125, 5.5331586129757585e-24, nan 
-3.125, -61.125, 5.369234391786093e-24, nan 
-2.875, -61.125, 2.324607834894407e-24, nan 
-2.625, -61.125, 2.3229262488443873e-24, nan 
-2.375, -61.125, 2.2598785893062668e-24, nan 
-2.125, -61.125, 2.3866218619563212e-24, nan 
-1.875, -61.125, 2.297421964369811e-24, nan 
-1.625, -61.125, 3.4402297560534406e-24, nan 
-1.375, -61.125, 3.68358690115176e-24, nan 
-1.125, -61.125, 1.085773748189475e-24, nan 
-0.875, -61.125, 1.5813066935069076e-24, nan 
-0.625, -61.125, 1.8544410783506065e-24, nan 
-0.375, -61.125, 1.894224828394885e-24, nan 
-0.125, -61.125, 2.511762398608386e-24, nan 
0.125, -61.125, 2.470884541089458e-24, nan 
0.375, -61.125, 3.1495746659489363e-24, nan 
0.625, -61.125, 5.5024976828446114e-24, nan 
0.875, -61.125, 6.5900286713946194e-24, nan 
1.125, -61.125, 3.995927666670072e-24, nan 
1.375, -61.125, 4.8422075829338774e-24, nan 
1.625, -61.125, 3.486154367661781e-24, nan 
1.875, -61.125, 4.5481849894100735e-24, nan 
2.125, -61.125, 3.6453121631952354e-24, nan 
2.375, -61.125, 2.94752329891397e-24, nan 
2.625, -61.125, 4.6078277276710585e-24, nan 
2.875, -61.125, 5.701344412718724e-24, nan 
3.125, -61.125, 5.5854087039803116e-24, nan 
3.375, -61.125, 9.866117497215537e-24, nan 
3.625, -61.125, 7.77495526034328e-24, nan 
3.875, -61.125, 6.156587465332455e-24, nan 
4.125, -61.125, 9.750925176181883e-24, nan 
-25.625, -60.875, 1.0011223773190415e-22, nan 
-25.375, -60.875, 5.955762512148855e-23, nan 
-25.125, -60.875, 4.357704435613559e-23, nan 
-24.875, -60.875, 5.1804599271907554e-23, nan 
-24.625, -60.875, 4.4219685782184765e-23, nan 
-24.375, -60.875, 2.930200028816785e-23, nan 
-24.125, -60.875, 6.610036134062784e-24, nan 
-23.875, -60.875, 7.671235294209947e-24, nan 
-23.625, -60.875, 9.710312048716364e-24, nan 
-23.375, -60.875, 9.292006017053096e-24, nan 
-23.125, -60.875, 1.0755609799930518e-23, nan 
-22.875, -60.875, 9.746202598785031e-24, nan 
-22.625, -60.875, 9.920758774203855e-24, nan 
-22.375, -60.875, 9.4406847895992e-24, nan 
-22.125, -60.875, 1.1297427593329926e-23, nan 
-21.875, -60.875, 1.4830172850252782e-23, nan 
-21.625, -60.875, 9.49282203705623e-24, nan 
-21.375, -60.875, 1.6439463533010828e-23, nan 
-21.125, -60.875, 2.3509625790495762e-23, nan 
-20.875, -60.875, 2.686437223640119e-23, nan 
-20.625, -60.875, 2.576221576139419e-23, nan 
-20.375, -60.875, 2.867896436476553e-23, nan 
-20.125, -60.875, 3.0358000589176477e-23, nan 
-19.875, -60.875, 2.5374448999139147e-23, nan 
-19.625, -60.875, 1.9990886371531156e-23, nan 
-19.375, -60.875, 1.842116176911629e-23, nan 
-19.125, -60.875, 1.3459173659884442e-23, nan 
-18.875, -60.875, 8.543295083516448e-24, nan 
-18.625, -60.875, 8.32033874231083e-24, nan 
-18.375, -60.875, 9.644762039324679e-24, nan 
-18.125, -60.875, 6.217226664008398e-24, nan 
-17.875, -60.875, 6.691236234347744e-24, nan 
-17.625, -60.875, 1.1959306514115488e-23, nan 
-17.375, -60.875, 8.134870611104536e-24, nan 
-17.125, -60.875, 1.2920688642194717e-23, nan 
-16.875, -60.875, 2.1075020785624915e-23, nan 
-16.625, -60.875, 2.752206788682032e-23, nan 
-16.375, -60.875, 1.6253771947834973e-23, nan 
-16.125, -60.875, 1.658567462146977e-23, nan 
-15.875, -60.875, 1.9820653300655015e-23, nan 
-15.625, -60.875, 1.1845370327347046e-23, nan 
-15.375, -60.875, 1.3162775216178391e-23, nan 
-15.125, -60.875, 1.1742179389156327e-23, nan 
-14.875, -60.875, 7.755639389638722e-24, nan 
-14.625, -60.875, 1.2115508014072575e-23, nan 
-14.375, -60.875, 1.7262846352246049e-23, nan 
-14.125, -60.875, 2.095805022343893e-23, nan 
-13.875, -60.875, 2.092784256233892e-23, nan 
-13.625, -60.875, 2.920778571208306e-23, nan 
-13.375, -60.875, 2.7319379703012834e-23, nan 
-13.125, -60.875, 2.2491209118788505e-23, nan 
-12.875, -60.875, 2.1519333344525644e-23, nan 
-12.625, -60.875, 1.617363042890471e-23, nan 
-12.375, -60.875, 8.896180754759842e-24, nan 
-12.125, -60.875, 9.138751550609439e-24, nan 
-11.875, -60.875, 8.553150118662589e-24, nan 
-11.625, -60.875, 6.340224637344134e-24, nan 
-11.375, -60.875, 7.894579748019624e-24, nan 
-11.125, -60.875, 5.176665777904952e-24, nan 
-10.875, -60.875, 4.467635882117186e-24, nan 
-10.625, -60.875, 3.068153981070746e-24, nan 
-10.375, -60.875, 3.3007759799352645e-24, nan 
-10.125, -60.875, 2.402532911927693e-24, nan 
-9.875, -60.875, 3.275571615192521e-24, nan 
-9.625, -60.875, 5.42146502143256e-24, nan 
-9.375, -60.875, 4.5238786419379146e-24, nan 
-9.125, -60.875, 1.898086668198089e-24, nan 
-8.875, -60.875, 4.797591462555204e-24, nan 
-8.625, -60.875, 6.281562386048837e-24, nan 
-8.375, -60.875, 6.103814653911962e-24, nan 
-8.125, -60.875, 5.379847119820429e-24, nan 
-7.875, -60.875, 2.537759562448038e-24, nan 
-7.625, -60.875, 6.0740225559885345e-24, nan 
-7.375, -60.875, 6.3889525320918205e-24, nan 
-7.125, -60.875, 5.690183535170546e-24, nan 
-6.875, -60.875, 8.080596301806531e-24, nan 
-6.625, -60.875, 1.0120702100836259e-23, nan 
-6.375, -60.875, 1.649997525995439e-23, nan 
-6.125, -60.875, 1.971569733875703e-23, nan 
-5.875, -60.875, 2.3314385521250692e-23, nan 
-5.625, -60.875, 3.357868524896938e-23, nan 
-5.375, -60.875, 3.2076149352672393e-23, nan 
-5.125, -60.875, 2.4854743388066353e-23, nan 
-4.875, -60.875, 1.6996075376226265e-23, nan 
-4.625, -60.875, 1.1129937806901862e-23, nan 
-4.375, -60.875, 2.8412799415907224e-23, nan 
-4.125, -60.875, 2.926726061974751e-23, nan 
-3.875, -60.875, 6.537324664719496e-24, nan 
-3.625, -60.875, 1.1537847854962783e-23, nan 
-3.375, -60.875, 8.826077207793866e-24, nan 
-3.125, -60.875, 4.878409465838692e-24, nan 
-2.875, -60.875, 2.3248107647272768e-24, nan 
-2.625, -60.875, 3.688754518728153e-24, nan 
-2.375, -60.875, 5.397350571166146e-24, nan 
-2.125, -60.875, 2.741266351190591e-24, nan 
-1.875, -60.875, 1.7933000658054545e-24, nan 
-1.625, -60.875, 2.510515405793566e-24, nan 
-1.375, -60.875, 2.3054259413441e-24, nan 
-1.125, -60.875, 2.188409591488158e-24, nan 
-0.875, -60.875, 2.5257025295913704e-24, nan 
-0.625, -60.875, 5.527369477677222e-25, nan 
-0.375, -60.875, 2.8628642332426505e-24, nan 
-0.125, -60.875, 4.001071432898558e-24, nan 
0.125, -60.875, 2.442406437104578e-24, nan 
0.375, -60.875, 2.2393745058191706e-24, nan 
0.625, -60.875, 4.196149869520645e-24, nan 
0.875, -60.875, 7.21591225100943e-24, nan 
1.125, -60.875, 3.842494281805169e-24, nan 
1.375, -60.875, 4.086359023417892e-24, nan 
1.625, -60.875, 6.703696678037317e-24, nan 
1.875, -60.875, 4.287432848081617e-24, nan 
2.125, -60.875, 4.098359832319547e-24, nan 
2.375, -60.875, 4.542875957888588e-24, nan 
2.625, -60.875, 6.427115916488861e-24, nan 
2.875, -60.875, 6.345626207913553e-24, nan 
3.125, -60.875, 6.398708782368549e-24, nan 
3.375, -60.875, 7.050963962155851e-24, nan 
3.625, -60.875, 4.7894477445931245e-24, nan 
3.875, -60.875, 2.006570445589765e-24, nan 
4.125, -60.875, 4.24547852497363e-24, nan 
-25.125, -60.625, 3.533188576487818e-23, nan 
-24.875, -60.625, 2.672176119326165e-23, nan 
-24.625, -60.625, 2.5399017221972737e-23, nan 
-24.375, -60.625, 1.8700942779960647e-23, nan 
-24.125, -60.625, 1.7708116121587975e-23, nan 
-23.875, -60.625, 1.1765314668347073e-23, nan 
-23.625, -60.625, 1.1392858215231014e-23, nan 
-23.375, -60.625, 1.0139294721395995e-23, nan 
-23.125, -60.625, 1.0963415497797592e-23, nan 
-22.875, -60.625, 1.53934342963865e-23, nan 
-22.625, -60.625, 7.067081299964199e-23, nan 
-22.375, -60.625, 7.577459870697911e-23, nan 
-22.125, -60.625, 8.409930506231858e-24, nan 
-21.875, -60.625, 1.7508287087545962e-23, nan 
-21.625, -60.625, 9.527966890513994e-24, nan 
-21.375, -60.625, 7.372737159976384e-23, nan 
-21.125, -60.625, 6.850187945492711e-23, nan 
-20.875, -60.625, 2.717570585337791e-23, nan 
-20.625, -60.625, 3.120784571517703e-23, nan 
-20.375, -60.625, 2.9302032668882146e-23, nan 
-20.125, -60.625, 2.9943919832569304e-23, nan 
-19.875, -60.625, 2.2381656803020955e-23, nan 
-19.625, -60.625, 1.822679178851013e-23, nan 
-19.375, -60.625, 1.5551855704337435e-23, nan 
-19.125, -60.625, 9.27627484536845e-24, nan 
-18.875, -60.625, 6.604535410752053e-24, nan 
-18.625, -60.625, 4.227330262349622e-24, nan 
-18.375, -60.625, 5.7899142504919834e-24, nan 
-18.125, -60.625, 5.4048635252394875e-24, nan 
-17.875, -60.625, 5.054563479855745e-24, nan 
-17.625, -60.625, 4.856181002178384e-24, nan 
-17.375, -60.625, 7.018692425546513e-24, nan 
-17.125, -60.625, 1.2493040615078593e-23, nan 
-16.875, -60.625, 1.8242965497369415e-23, nan 
-16.625, -60.625, 1.969283089921373e-23, nan 
-16.375, -60.625, 1.6530199310532182e-23, nan 
-16.125, -60.625, 1.5786747054829278e-23, nan 
-15.875, -60.625, 1.5921477677796183e-23, nan 
-15.625, -60.625, 1.1430460230672622e-23, nan 
-15.375, -60.625, 8.518896945632537e-24, nan 
-15.125, -60.625, 6.69001814574705e-24, nan 
-14.875, -60.625, 7.160603832860067e-24, nan 
-14.625, -60.625, 8.614129751761052e-24, nan 
-14.375, -60.625, 7.618129013405276e-24, nan 
-14.125, -60.625, 3.8941847368789314e-24, nan 
-13.875, -60.625, 1.1018946274556223e-23, nan 
-13.625, -60.625, 1.7819882631008142e-23, nan 
-13.375, -60.625, 1.7503636961441203e-23, nan 
-13.125, -60.625, 4.940332534639579e-24, nan 
-12.875, -60.625, 4.8202213301713746e-24, nan 
-12.625, -60.625, 3.709214227458923e-24, nan 
-12.375, -60.625, 4.449416153913951e-24, nan 
-12.125, -60.625, 4.196470820703581e-24, nan 
-11.875, -60.625, 3.6063759777274196e-24, nan 
-11.625, -60.625, 3.19191511275347e-24, nan 
-11.375, -60.625, 3.989907365989009e-24, nan 
-11.125, -60.625, 4.977827987751728e-24, nan 
-10.875, -60.625, 4.207233476813524e-24, nan 
-10.625, -60.625, 3.1718979919528096e-24, nan 
-10.375, -60.625, 4.3465924391147655e-24, nan 
-10.125, -60.625, 1.5805833943936295e-24, nan 
-9.875, -60.625, 4.235285695228377e-24, nan 
-9.625, -60.625, 7.867271353757445e-24, nan 
-9.375, -60.625, 6.377349114274977e-24, nan 
-9.125, -60.625, 4.072245372893034e-24, nan 
-8.875, -60.625, 7.116752343964138e-24, nan 
-8.625, -60.625, 7.520060268890878e-24, nan 
-8.375, -60.625, 5.041238012722982e-24, nan 
-8.125, -60.625, 5.939133833207859e-24, nan 
-7.875, -60.625, 5.302483006839784e-24, nan 
-7.625, -60.625, 3.17063536353156e-24, nan 
-7.375, -60.625, 5.52431832648189e-24, nan 
-7.125, -60.625, 5.520638078553227e-24, nan 
-6.875, -60.625, 8.741483039589222e-24, nan 
-6.625, -60.625, 8.808814388518951e-24, nan 
-6.375, -60.625, 1.6347226939014233e-23, nan 
-6.125, -60.625, 2.0296845418073872e-23, nan 
-5.875, -60.625, 1.8804923462932327e-23, nan 
-5.625, -60.625, 2.859343005921494e-23, nan 
-5.375, -60.625, 3.054200577398865e-23, nan 
-5.125, -60.625, 2.7088314514369743e-23, nan 
-4.875, -60.625, 1.8458845853275667e-23, nan 
-4.625, -60.625, 1.2951918263868552e-23, nan 
-4.375, -60.625, 2.1000728083718166e-23, nan 
-4.125, -60.625, 1.7106575425337265e-23, nan 
-3.875, -60.625, 4.958074676480396e-24, nan 
-3.625, -60.625, 2.8191865888608062e-24, nan 
-3.375, -60.625, 3.0145932739936257e-24, nan 
-3.125, -60.625, 3.953195207320148e-24, nan 
-2.875, -60.625, 2.376014076254426e-24, nan 
-2.625, -60.625, 4.458014273601077e-24, nan 
-2.375, -60.625, 7.161841183511374e-24, nan 
-2.125, -60.625, 3.478070183323749e-24, nan 
-1.875, -60.625, 3.313599564906658e-24, nan 
-1.625, -60.625, 4.577745886515488e-24, nan 
-1.375, -60.625, 7.077847270867977e-24, nan 
-1.125, -60.625, 4.078141344846554e-24, nan 
-0.875, -60.625, 1.597190837886596e-24, nan 
-0.625, -60.625, 1.3062308798699434e-24, nan 
-0.375, -60.625, 2.140014325214141e-24, nan 
-0.125, -60.625, 2.481534737861223e-24, nan 
0.125, -60.625, 3.677135731513671e-24, nan 
0.375, -60.625, 4.620642623713645e-24, nan 
0.625, -60.625, 4.400143806937856e-24, nan 
0.875, -60.625, 7.81395291362185e-24, nan 
1.125, -60.625, 3.9914572176541284e-24, nan 
1.375, -60.625, 3.897025587229994e-24, nan 
1.625, -60.625, 1.0875647621415236e-23, nan 
1.875, -60.625, 4.359652281326836e-24, nan 
2.125, -60.625, 4.8591745736094395e-24, nan 
2.375, -60.625, 9.042811399474991e-24, nan 
2.625, -60.625, 7.090359543519333e-24, nan 
2.875, -60.625, 5.190234622182096e-24, nan 
3.125, -60.625, 5.796511933947271e-24, nan 
3.375, -60.625, 3.560197296679102e-24, nan 
3.625, -60.625, 6.459853045084119e-24, nan 
3.875, -60.625, 3.5268895439256056e-24, nan 
-24.875, -60.375, 3.113104334329939e-23, nan 
-24.625, -60.375, 3.8612368956251034e-23, nan 
-24.375, -60.375, 2.3903483164104207e-23, nan 
-24.125, -60.375, 2.2610284387020662e-23, nan 
-23.875, -60.375, 1.7819396451063548e-23, nan 
-23.625, -60.375, 1.561657167111152e-23, nan 
-23.375, -60.375, 4.046180245891171e-23, nan 
-23.125, -60.375, 4.968080096679476e-23, nan 
-22.875, -60.375, 2.213221871744307e-23, nan 
-22.625, -60.375, 1.1044547993715987e-22, nan 
-22.375, -60.375, 1.0824534697359172e-22, nan 
-22.125, -60.375, 5.0189636134136494e-23, nan 
-21.875, -60.375, 7.335213006205214e-23, nan 
-21.625, -60.375, 7.952113326716167e-23, nan 
-21.375, -60.375, 1.0903111416532362e-22, nan 
-21.125, -60.375, 1.0520482826403182e-22, nan 
-20.875, -60.375, 5.0013907046011703e-23, nan 
-20.625, -60.375, 7.642038713121995e-23, nan 
-20.375, -60.375, 7.225664635121519e-23, nan 
-20.125, -60.375, 4.333685853030965e-23, nan 
-19.875, -60.375, 2.092864225704329e-23, nan 
-19.625, -60.375, 1.3257786255109046e-23, nan 
-19.375, -60.375, 7.924685124116561e-24, nan 
-19.125, -60.375, 7.408992165383682e-24, nan 
-18.875, -60.375, 5.406278308707401e-24, nan 
-18.625, -60.375, 2.1606965714368844e-24, nan 
-18.375, -60.375, 2.5831495736660347e-24, nan 
-18.125, -60.375, 4.6029394623070146e-24, nan 
-17.875, -60.375, 4.065244416756881e-24, nan 
-17.625, -60.375, 4.401516862399815e-24, nan 
-17.375, -60.375, 1.1172276930293612e-23, nan 
-17.125, -60.375, 1.3024149606429302e-23, nan 
-16.875, -60.375, 1.4175640826744123e-23, nan 
-16.625, -60.375, 1.9513431115925254e-23, nan 
-16.375, -60.375, 1.7154963915625407e-23, nan 
-16.125, -60.375, 1.390654650882914e-23, nan 
-15.875, -60.375, 9.358260252869591e-24, nan 
-15.625, -60.375, 6.62386219782047e-24, nan 
-15.375, -60.375, 6.50315224627531e-24, nan 
-15.125, -60.375, 5.756484523184915e-24, nan 
-14.875, -60.375, 6.952498218100876e-24, nan 
-14.625, -60.375, 7.251912911669241e-24, nan 
-14.375, -60.375, 6.662859354688255e-24, nan 
-14.125, -60.375, 1.4317116048992745e-23, nan 
-13.875, -60.375, 3.2646728041582016e-24, nan 
-13.625, -60.375, 4.675733220892681e-24, nan 
-13.375, -60.375, 3.1768024432074756e-24, nan 
-13.125, -60.375, 2.333123262118588e-24, nan 
-12.875, -60.375, 3.1496481641686885e-24, nan 
-12.625, -60.375, 4.4909648237270764e-24, nan 
-12.375, -60.375, 3.393947027575301e-24, nan 
-12.125, -60.375, 8.506919009448492e-24, nan 
-11.875, -60.375, 4.024548455381387e-24, nan 
-11.625, -60.375, 2.0699071593674234e-24, nan 
-11.375, -60.375, 6.1391292312370464e-24, nan 
-11.125, -60.375, 1.9467200847098376e-24, nan 
-10.875, -60.375, 2.3714814083797305e-24, nan 
-10.625, -60.375, 4.219822862263425e-24, nan 
-10.375, -60.375, 5.2296370630747835e-24, nan 
-10.125, -60.375, 3.1650299888514364e-24, nan 
-9.875, -60.375, 3.634433386309641e-24, nan 
-9.625, -60.375, 6.320254284988533e-24, nan 
-9.375, -60.375, 5.1301905819537066e-24, nan 
-9.125, -60.375, 6.29867379681316e-24, nan 
-8.875, -60.375, 8.390693333320096e-24, nan 
-8.625, -60.375, 8.112540269313489e-24, nan 
-8.375, -60.375, 1.6712382112382593e-23, nan 
-8.125, -60.375, 2.0108860107917806e-23, nan 
-7.875, -60.375, 1.799142693204147e-23, nan 
-7.625, -60.375, 9.102176610262638e-24, nan 
-7.375, -60.375, 6.1185942664077535e-24, nan 
-7.125, -60.375, 7.630012538416316e-24, nan 
-6.875, -60.375, 4.6800579421751446e-24, nan 
-6.625, -60.375, 4.873023388668211e-24, nan 
-6.375, -60.375, 5.1880214283080115e-24, nan 
-6.125, -60.375, 5.4462478572144144e-24, nan 
-5.875, -60.375, 6.258474188751701e-24, nan 
-5.625, -60.375, 2.3963256908264324e-23, nan 
-5.375, -60.375, 1.984338605584343e-23, nan 
-5.125, -60.375, 1.8983706906938443e-23, nan 
-4.875, -60.375, 1.482356234895743e-23, nan 
-4.625, -60.375, 2.4676005565668362e-24, nan 
-4.375, -60.375, 3.211636638904292e-24, nan 
-4.125, -60.375, 3.910567840129237e-24, nan 
-3.875, -60.375, 3.57540307151641e-24, nan 
-3.625, -60.375, 2.7511421388027282e-24, nan 
-3.375, -60.375, 4.253989306029246e-24, nan 
-3.125, -60.375, 5.648178516649657e-24, nan 
-2.875, -60.375, 4.339367248139828e-24, nan 
-2.625, -60.375, 2.7967893616007995e-24, nan 
-2.375, -60.375, 6.013333000768646e-24, nan 
-2.125, -60.375, 7.733173942039972e-24, nan 
-1.875, -60.375, 2.25289305615655e-24, nan 
-1.625, -60.375, 3.84966217037068e-24, nan 
-1.375, -60.375, 1.416249202616305e-23, nan 
-1.125, -60.375, 4.3869679188995464e-24, nan 
-0.875, -60.375, 1.472208135036704e-24, nan 
-0.625, -60.375, 5.508374960838437e-24, nan 
-0.375, -60.375, 4.3915688391900415e-24, nan 
-0.125, -60.375, 2.4378857880005633e-24, nan 
0.125, -60.375, 5.613131236908005e-24, nan 
0.375, -60.375, 7.418002487592179e-24, nan 
0.625, -60.375, 7.893969826442191e-24, nan 
0.875, -60.375, 6.885347831286971e-24, nan 
1.125, -60.375, 5.229050083196504e-24, nan 
1.375, -60.375, 7.190466002770803e-24, nan 
1.625, -60.375, 2.0891478835378415e-23, nan 
1.875, -60.375, 9.137274218669235e-24, nan 
2.125, -60.375, 3.894588416530813e-24, nan 
2.375, -60.375, 7.97598695346442e-24, nan 
2.625, -60.375, 4.885965057217568e-24, nan 
2.875, -60.375, 5.645360869962097e-24, nan 
3.125, -60.375, 6.5855636941841605e-24, nan 
3.375, -60.375, 4.338269390720347e-24, nan 
3.625, -60.375, 5.521742888763129e-24, nan 
3.875, -60.375, 6.0209754283774145e-24, nan 
-24.625, -60.125, 3.413427347193196e-23, nan 
-24.375, -60.125, 1.820706769606275e-23, nan 
-24.125, -60.125, 1.6594832545677408e-23, nan 
-23.875, -60.125, 2.1066239454187584e-23, nan 
-23.625, -60.125, 5.271789036911282e-23, nan 
-23.375, -60.125, 4.426828786659809e-24, nan 
-23.125, -60.125, 1.5225299798330046e-23, nan 
-22.875, -60.125, 1.883957422209638e-23, nan 
-22.625, -60.125, 5.968580995743732e-23, nan 
-22.375, -60.125, 5.731487529375484e-23, nan 
-22.125, -60.125, 6.758747448558882e-23, nan 
-21.875, -60.125, 5.71342540947452e-23, nan 
-21.625, -60.125, 1.0223916736289807e-22, nan 
-21.375, -60.125, 1.4320436337176424e-22, nan 
-21.125, -60.125, 1.2010205472292114e-22, nan 
-20.875, -60.125, 1.191106354897099e-22, nan 
-20.625, -60.125, 9.312593985008718e-23, nan 
-20.375, -60.125, 7.90146253127943e-23, nan 
-20.125, -60.125, 7.081428818521394e-23, nan 
-19.875, -60.125, 1.857328310564745e-23, nan 
-19.625, -60.125, 1.5843684285657964e-23, nan 
-19.375, -60.125, 6.2532802094143265e-24, nan 
-19.125, -60.125, 4.988471199286999e-24, nan 
-18.875, -60.125, 4.344460946841549e-24, nan 
-18.625, -60.125, 4.316874551041205e-24, nan 
-18.375, -60.125, 5.933667155238424e-24, nan 
-18.125, -60.125, 5.6144635299114665e-24, nan 
-17.875, -60.125, 3.8739844195796675e-24, nan 
-17.625, -60.125, 6.867988032656368e-24, nan 
-17.375, -60.125, 9.853526530064346e-24, nan 
-17.125, -60.125, 6.961590433712858e-24, nan 
-16.875, -60.125, 1.0147332542316512e-23, nan 
-16.625, -60.125, 1.6242329341990802e-23, nan 
-16.375, -60.125, 1.4131227122445667e-23, nan 
-16.125, -60.125, 1.7474058544244627e-23, nan 
-15.875, -60.125, 2.070286248452709e-23, nan 
-15.625, -60.125, 1.8336203288512303e-23, nan 
-15.375, -60.125, 1.80905812507398e-23, nan 
-15.125, -60.125, 1.4970392450771486e-23, nan 
-14.875, -60.125, 1.6131539924694177e-23, nan 
-14.625, -60.125, 1.0736773593301587e-23, nan 
-14.375, -60.125, 1.1540697772868483e-23, nan 
-14.125, -60.125, 2.6043111260703172e-23, nan 
-13.875, -60.125, 3.724871228279598e-24, nan 
-13.625, -60.125, 3.459807317166891e-24, nan 
-13.375, -60.125, 6.238543055964102e-24, nan 
-13.125, -60.125, 3.0456638813059986e-24, nan 
-12.875, -60.125, 6.3618253890863935e-24, nan 
-12.625, -60.125, 4.234029792274093e-24, nan 
-12.375, -60.125, 3.1331537277020817e-24, nan 
-12.125, -60.125, 1.5175636926402896e-23, nan 
-11.875, -60.125, 7.220705465634952e-24, nan 
-11.625, -60.125, 7.403028752480152e-24, nan 
-11.375, -60.125, 1.1683132446960716e-23, nan 
-11.125, -60.125, 1.2748173972739019e-23, nan 
-10.875, -60.125, 3.3970635095537556e-24, nan 
-10.625, -60.125, 6.2509039894948056e-24, nan 
-10.375, -60.125, 4.011120923388726e-24, nan 
-10.125, -60.125, 2.951705456824514e-24, nan 
-9.875, -60.125, 3.525906560570571e-24, nan 
-9.625, -60.125, 8.220763442966021e-24, nan 
-9.375, -60.125, 4.2792249121580956e-24, nan 
-9.125, -60.125, 5.1124335681088365e-24, nan 
-8.875, -60.125, 1.1908578178882109e-23, nan 
-8.625, -60.125, 2.803971049552666e-23, nan 
-8.375, -60.125, 3.369017477504822e-23, nan 
-8.125, -60.125, 3.7660581979379077e-23, nan 
-7.875, -60.125, 3.8166805168859056e-23, nan 
-7.625, -60.125, 2.755610806475156e-23, nan 
-7.375, -60.125, 1.5109027996647948e-23, nan 
-7.125, -60.125, 7.073991377984565e-24, nan 
-6.875, -60.125, 5.719054963350301e-24, nan 
-6.625, -60.125, 3.0303536750200435e-24, nan 
-6.375, -60.125, 2.9436181899219024e-24, nan 
-6.125, -60.125, 7.98994032168833e-24, nan 
-5.875, -60.125, 2.188208283445595e-24, nan 
-5.625, -60.125, 6.397295135516814e-24, nan 
-5.375, -60.125, 6.668521191854383e-24, nan 
-5.125, -60.125, 7.86308467623626e-24, nan 
-4.875, -60.125, 6.299368313903537e-24, nan 
-4.625, -60.125, 5.3007533745020895e-24, nan 
-4.375, -60.125, 5.592213907915293e-24, nan 
-4.125, -60.125, 4.2638394532910956e-24, nan 
-3.875, -60.125, 3.4955494902322334e-24, nan 
-3.625, -60.125, 2.630546209785206e-24, nan 
-3.375, -60.125, 4.17315751728946e-24, nan 
-3.125, -60.125, 8.72998551574649e-24, nan 
-2.875, -60.125, 1.1128355058960157e-23, nan 
-2.625, -60.125, 4.631139599338201e-24, nan 
-2.375, -60.125, 3.855316051540515e-24, nan 
-2.125, -60.125, 2.4071125179426576e-24, nan 
-1.875, -60.125, 3.53417951999157e-24, nan 
-1.625, -60.125, 3.860471779620118e-24, nan 
-1.375, -60.125, 9.506134817183619e-24, nan 
-1.125, -60.125, 3.657111951445364e-24, nan 
-0.875, -60.125, 2.122833600597253e-24, nan 
-0.625, -60.125, 4.209218016158032e-24, nan 
-0.375, -60.125, 5.050826517332634e-24, nan 
-0.125, -60.125, 4.038923186780987e-24, nan 
0.125, -60.125, 8.618215051049922e-24, nan 
0.375, -60.125, 6.767859343599155e-24, nan 
0.625, -60.125, 5.075698888108219e-24, nan 
0.875, -60.125, 9.622520792181798e-24, nan 
1.125, -60.125, 7.220371489320465e-24, nan 
1.375, -60.125, 1.39577184310475e-23, nan 
1.625, -60.125, 3.0370940206668573e-23, nan 
1.875, -60.125, 2.4678043017706698e-23, nan 
2.125, -60.125, 6.733464532119089e-24, nan 
2.375, -60.125, 9.726023542372881e-24, nan 
2.625, -60.125, 5.621295015639538e-24, nan 
2.875, -60.125, 4.2297080761821085e-24, nan 
3.125, -60.125, 6.979518337651789e-24, nan 
3.375, -60.125, 6.262910880697138e-24, nan 
3.625, -60.125, 3.6215920859918474e-24, nan 
-24.125, -59.875, 3.2549400182696477e-22, nan 
-23.875, -59.875, 4.586275740962799e-22, nan 
-23.625, -59.875, 7.125280903380959e-22, nan 
-23.375, -59.875, 5.802062299567435e-22, nan 
-23.125, -59.875, 5.23807814261268e-23, nan 
-22.875, -59.875, 6.949252706531335e-23, nan 
-22.625, -59.875, 8.365028224858618e-23, nan 
-22.375, -59.875, 1.889220587691821e-22, nan 
-22.125, -59.875, 1.8916941483488134e-22, nan 
-21.875, -59.875, 1.5548399322822433e-22, nan 
-21.625, -59.875, 4.089070205917892e-22, nan 
-21.375, -59.875, 4.914276884662821e-22, nan 
-21.125, -59.875, 4.999938310079675e-22, nan 
-20.875, -59.875, 5.806882173753323e-22, nan 
-20.625, -59.875, 2.6414683890509e-22, nan 
-20.375, -59.875, 1.4220373573833112e-22, nan 
-20.125, -59.875, 1.2523630767184877e-22, nan 
-19.875, -59.875, 1.4123434702748139e-22, nan 
-19.625, -59.875, 1.277948233622641e-22, nan 
-19.375, -59.875, 1.1015880721954932e-22, nan 
-19.125, -59.875, 4.09655972273031e-23, nan 
-18.875, -59.875, 5.392238488308607e-23, nan 
-18.625, -59.875, 5.406002871566043e-23, nan 
-18.375, -59.875, 3.2404463303898825e-23, nan 
-18.125, -59.875, 2.1774368007652133e-23, nan 
-17.875, -59.875, 2.1216326511937624e-23, nan 
-17.625, -59.875, 5.194156699422527e-23, nan 
-17.375, -59.875, 6.443538683943104e-23, nan 
-17.125, -59.875, 3.920258038428633e-23, nan 
-16.875, -59.875, 2.0133278147010914e-23, nan 
-16.625, -59.875, 3.439515740310701e-23, nan 
-16.375, -59.875, 5.480206870044443e-23, nan 
-16.125, -59.875, 7.106016305253232e-23, nan 
-15.875, -59.875, 9.905451215198012e-23, nan 
-15.625, -59.875, 8.772336503344703e-23, nan 
-15.375, -59.875, 1.0452966148862304e-22, nan 
-15.125, -59.875, 1.2366316689139295e-22, nan 
-14.875, -59.875, 9.609904392093748e-23, nan 
-14.625, -59.875, 6.173608903042481e-23, nan 
-14.375, -59.875, 1.0807774292386927e-22, nan 
-14.125, -59.875, 1.329156216746327e-22, nan 
-13.875, -59.875, 4.58360591850356e-23, nan 
-13.625, -59.875, 1.7967066447223032e-23, nan 
-13.375, -59.875, 1.839778468952758e-23, nan 
-13.125, -59.875, 1.7461974039376517e-23, nan 
-12.875, -59.875, 1.8013916852992638e-23, nan 
-12.625, -59.875, 1.7375434189042257e-23, nan 
-12.375, -59.875, 1.1260780854456015e-23, nan 
-12.125, -59.875, 4.5693366700990504e-23, nan 
-11.875, -59.875, 4.902640173097762e-23, nan 
-11.625, -59.875, 6.790859352674888e-23, nan 
-11.375, -59.875, 5.372371141144707e-23, nan 
-11.125, -59.875, 1.27790939385985e-22, nan 
-10.875, -59.875, 1.1669128212133072e-22, nan 
-10.625, -59.875, 5.557249548756993e-23, nan 
-10.375, -59.875, 4.2365086252806043e-23, nan 
-10.125, -59.875, 1.915754721653735e-23, nan 
-9.875, -59.875, 3.5521773243658376e-23, nan 
-9.625, -59.875, 2.7790934147642954e-23, nan 
-9.375, -59.875, 7.87956881399982e-23, nan 
-9.125, -59.875, 8.826637158093969e-23, nan 
-8.875, -59.875, 2.525797222314686e-22, nan 
-8.625, -59.875, 2.9212362003990014e-22, nan 
-8.375, -59.875, 1.7913637183686262e-22, nan 
-8.125, -59.875, 1.699132731005253e-22, nan 
-7.875, -59.875, 2.1507733653622775e-22, nan 
-7.625, -59.875, 2.5306920713896685e-22, nan 
-7.375, -59.875, 2.9807620339252147e-22, nan 
-7.125, -59.875, 2.137961407611253e-22, nan 
-6.875, -59.875, 3.458288157522148e-23, nan 
-6.625, -59.875, 1.9961612614392402e-23, nan 
-6.375, -59.875, 7.129613870189308e-23, nan 
-6.125, -59.875, 1.240649877389758e-22, nan 
-5.875, -59.875, 8.769608756552116e-23, nan 
-5.625, -59.875, 4.0121811888867465e-23, nan 
-5.375, -59.875, 7.325754538026868e-23, nan 
-5.125, -59.875, 7.512138483640206e-23, nan 
-4.875, -59.875, 4.5479006202020965e-23, nan 
-4.625, -59.875, 2.0881415672701327e-23, nan 
-4.375, -59.875, 3.7097134373169076e-23, nan 
-4.125, -59.875, 3.5734497787652424e-23, nan 
-3.875, -59.875, 3.821407899032267e-23, nan 
-3.625, -59.875, 4.94441556189848e-23, nan 
-3.375, -59.875, 6.630652161646602e-23, nan 
-3.125, -59.875, 1.0198357894318163e-22, nan 
-2.875, -59.875, 1.0947772245478054e-22, nan 
-2.625, -59.875, 6.972667289636324e-23, nan 
-2.375, -59.875, 7.291548000281863e-23, nan 
-2.125, -59.875, 6.24307376890147e-23, nan 
-1.875, -59.875, 3.5256483549907485e-23, nan 
-1.625, -59.875, 4.0534535628518714e-23, nan 
-1.375, -59.875, 2.1486774028188282e-23, nan 
-1.125, -59.875, 3.3662903808668384e-23, nan 
-0.875, -59.875, 4.431582853462224e-23, nan 
-0.625, -59.875, 4.5565316463898013e-23, nan 
-0.375, -59.875, 5.570888390704104e-23, nan 
-0.125, -59.875, 7.868472497725004e-23, nan 
0.125, -59.875, 8.686822719560997e-23, nan 
0.375, -59.875, 1.0910723619946986e-22, nan 
0.625, -59.875, 1.0579454573700296e-22, nan 
0.875, -59.875, 3.658911277477265e-23, nan 
1.125, -59.875, 2.214012301579371e-22, nan 
1.375, -59.875, 3.639026212045927e-22, nan 
1.625, -59.875, 3.3482545584454324e-22, nan 
1.875, -59.875, 3.5251836791736563e-22, nan 
2.125, -59.875, 3.0281450392894427e-22, nan 
2.375, -59.875, 8.724797195376312e-23, nan 
2.625, -59.875, 1.3907897652769304e-23, nan 
2.875, -59.875, 1.0127092921922413e-23, nan 
3.125, -59.875, 4.471287934170209e-23, nan 
3.375, -59.875, 4.8814327399467583e-23, nan 
-23.875, -59.625, 5.423992383004471e-22, nan 
-23.625, -59.625, 7.497057055107439e-22, nan 
-23.375, -59.625, 4.983337324359085e-22, nan 
-23.125, -59.625, 5.923200522614561e-23, nan 
-22.875, -59.625, 6.456600272930767e-23, nan 
-22.625, -59.625, 6.337706070468485e-23, nan 
-22.375, -59.625, 8.163737719439496e-23, nan 
-22.125, -59.625, 1.3005193412766659e-22, nan 
-21.875, -59.625, 1.3990366890588768e-22, nan 
-21.625, -59.625, 9.382545252619292e-23, nan 
-21.375, -59.625, 1.2285135092654702e-22, nan 
-21.125, -59.625, 2.7158885082906914e-22, nan 
-20.875, -59.625, 3.525775283077305e-22, nan 
-20.625, -59.625, 2.613482629950374e-22, nan 
-20.375, -59.625, 1.5604261739031338e-22, nan 
-20.125, -59.625, 2.6520343633812835e-22, nan 
-19.875, -59.625, 3.282909118276247e-22, nan 
-19.625, -59.625, 1.9988112641190748e-22, nan 
-19.375, -59.625, 1.1192297784056675e-22, nan 
-19.125, -59.625, 1.0325453212138411e-22, nan 
-18.875, -59.625, 5.946471485910643e-23, nan 
-18.625, -59.625, 3.0243226404005853e-23, nan 
-18.375, -59.625, 9.843086206893574e-24, nan 
-18.125, -59.625, 1.5437820063598487e-23, nan 
-17.875, -59.625, 2.71982869154623e-23, nan 
-17.625, -59.625, 3.350110294526648e-23, nan 
-17.375, -59.625, 4.3356362959329816e-23, nan 
-17.125, -59.625, 4.5053622725761986e-23, nan 
-16.875, -59.625, 1.5889873027844457e-23, nan 
-16.625, -59.625, 1.3742256111274464e-23, nan 
-16.375, -59.625, 6.046827507230993e-23, nan 
-16.125, -59.625, 9.091832540886686e-23, nan 
-15.875, -59.625, 9.993039608673776e-23, nan 
-15.625, -59.625, 7.553679108261491e-23, nan 
-15.375, -59.625, 7.195710646182584e-23, nan 
-15.125, -59.625, 6.653026168970807e-23, nan 
-14.875, -59.625, 6.956829111315339e-23, nan 
-14.625, -59.625, 1.1607875159889104e-22, nan 
-14.375, -59.625, 1.1173980879631883e-22, nan 
-14.125, -59.625, 8.72705722466168e-23, nan 
-13.875, -59.625, 5.236015699904024e-23, nan 
-13.625, -59.625, 2.6184097877954893e-23, nan 
-13.375, -59.625, 2.3349489624040362e-23, nan 
-13.125, -59.625, 2.3457375858131683e-23, nan 
-12.875, -59.625, 1.9880949358744664e-23, nan 
-12.625, -59.625, 3.7395072603532953e-23, nan 
-12.375, -59.625, 4.252280909435996e-23, nan 
-12.125, -59.625, 2.1334628337811384e-23, nan 
-11.875, -59.625, 3.1952073096592296e-23, nan 
-11.625, -59.625, 5.829449024131851e-23, nan 
-11.375, -59.625, 5.971531166742317e-23, nan 
-11.125, -59.625, 4.129830450193986e-23, nan 
-10.875, -59.625, 4.307217301046362e-23, nan 
-10.625, -59.625, 4.8667724825678814e-23, nan 
-10.375, -59.625, 8.824625890664715e-23, nan 
-10.125, -59.625, 7.820544118636653e-23, nan 
-9.875, -59.625, 2.572917365357627e-23, nan 
-9.625, -59.625, 9.642478896844932e-24, nan 
-9.375, -59.625, 2.9979496298353717e-23, nan 
-9.125, -59.625, 5.018897576644249e-23, nan 
-8.875, -59.625, 2.418034406139303e-22, nan 
-8.625, -59.625, 2.799375650815479e-22, nan 
-8.375, -59.625, 2.1202170262868217e-22, nan 
-8.125, -59.625, 2.4113427464225396e-22, nan 
-7.875, -59.625, 2.1342922308399223e-22, nan 
-7.625, -59.625, 3.335820390786476e-22, nan 
-7.375, -59.625, 3.012000712232746e-22, nan 
-7.125, -59.625, 1.1126553361232285e-22, nan 
-6.875, -59.625, 4.0874564664067774e-23, nan 
-6.625, -59.625, 2.844852436878772e-23, nan 
-6.375, -59.625, 2.0847711622420036e-23, nan 
-6.125, -59.625, 3.850313561043201e-23, nan 
-5.875, -59.625, 2.951249358085782e-23, nan 
-5.625, -59.625, 4.781585621773633e-23, nan 
-5.375, -59.625, 5.350616881522266e-23, nan 
-5.125, -59.625, 2.4748115993271224e-23, nan 
-4.875, -59.625, 7.367730526605624e-24, nan 
-4.625, -59.625, 4.503724355631131e-23, nan 
-4.375, -59.625, 5.384667680537663e-23, nan 
-4.125, -59.625, 3.4348806891894723e-23, nan 
-3.875, -59.625, 2.8925012481741524e-23, nan 
-3.625, -59.625, 3.9116291263814425e-23, nan 
-3.375, -59.625, 4.6562267285879684e-23, nan 
-3.125, -59.625, 9.284388233787237e-23, nan 
-2.875, -59.625, 1.3986866360935384e-22, nan 
-2.625, -59.625, 1.3832027913560431e-22, nan 
-2.375, -59.625, 1.1100844166571918e-22, nan 
-2.125, -59.625, 8.583747478604005e-23, nan 
-1.875, -59.625, 1.0094498248772271e-22, nan 
-1.625, -59.625, 7.973526375781431e-23, nan 
-1.375, -59.625, 8.782036504988009e-23, nan 
-1.125, -59.625, 6.633323754233486e-23, nan 
-0.875, -59.625, 5.327555260216e-23, nan 
-0.625, -59.625, 6.094951908573536e-23, nan 
-0.375, -59.625, 5.644448746821197e-23, nan 
-0.125, -59.625, 3.7680831126289075e-23, nan 
0.125, -59.625, 6.019093566562411e-23, nan 
0.375, -59.625, 9.732492844561714e-23, nan 
0.625, -59.625, 8.453106950252925e-23, nan 
0.875, -59.625, 2.4685661190053898e-23, nan 
1.125, -59.625, 8.882043653778402e-24, nan 
1.375, -59.625, 1.0933659336250525e-22, nan 
1.625, -59.625, 1.9981367730376779e-22, nan 
1.875, -59.625, 1.5637566137949665e-22, nan 
2.125, -59.625, 6.599913261990855e-23, nan 
2.375, -59.625, 6.497523381556423e-23, nan 
2.625, -59.625, 1.2785400830042225e-23, nan 
2.875, -59.625, 1.7540444226120925e-23, nan 
3.125, -59.625, 3.141587088499472e-23, nan 
3.375, -59.625, 3.2806793251663356e-23, nan 
-23.375, -59.375, 6.236687101229883e-23, nan 
-23.125, -59.375, 7.617808292922548e-23, nan 
-22.875, -59.375, 1.3075024735260028e-22, nan 
-22.625, -59.375, 1.2853874039951896e-22, nan 
-22.375, -59.375, 2.9426971893078185e-23, nan 
-22.125, -59.375, 6.985657335230624e-23, nan 
-21.875, -59.375, 7.176092612882603e-23, nan 
-21.625, -59.375, 7.731825194438446e-23, nan 
-21.375, -59.375, 1.3653595922506193e-22, nan 
-21.125, -59.375, 1.3575174040716574e-22, nan 
-20.875, -59.375, 1.7055295960865737e-22, nan 
-20.625, -59.375, 2.6112349240295165e-22, nan 
-20.375, -59.375, 2.161984069772162e-22, nan 
-20.125, -59.375, 1.7972508010812518e-22, nan 
-19.875, -59.375, 2.126053882931807e-22, nan 
-19.625, -59.375, 1.2238802884393836e-22, nan 
-19.375, -59.375, 1.2729873780627868e-22, nan 
-19.125, -59.375, 1.1433556625433797e-22, nan 
-18.875, -59.375, 8.966083736172158e-23, nan 
-18.625, -59.375, 4.176413986143293e-23, nan 
-18.375, -59.375, 1.3722921445457787e-23, nan 
-18.125, -59.375, 1.7165096243159875e-23, nan 
-17.875, -59.375, 2.37038918553259e-23, nan 
-17.625, -59.375, 4.383194658030604e-23, nan 
-17.375, -59.375, 7.306920355654781e-23, nan 
-17.125, -59.375, 5.009465918877965e-23, nan 
-16.875, -59.375, 9.081202352607891e-23, nan 
-16.625, -59.375, 1.381813685186361e-22, nan 
-16.375, -59.375, 1.1796642669661888e-22, nan 
-16.125, -59.375, 8.65425205346844e-23, nan 
-15.875, -59.375, 1.0134390664687531e-22, nan 
-15.625, -59.375, 1.2696919536623916e-22, nan 
-15.375, -59.375, 1.0449154097857826e-22, nan 
-15.125, -59.375, 9.752842712503341e-23, nan 
-14.875, -59.375, 8.641056714955014e-23, nan 
-14.625, -59.375, 7.434902405966342e-23, nan 
-14.375, -59.375, 5.508935377127087e-23, nan 
-14.125, -59.375, 5.2395024044334355e-23, nan 
-13.875, -59.375, 4.8415625550294676e-23, nan 
-13.625, -59.375, 4.6158090026395483e-23, nan 
-13.375, -59.375, 4.5585829668809515e-23, nan 
-13.125, -59.375, 5.270867602666439e-23, nan 
-12.875, -59.375, 8.447336635990823e-23, nan 
-12.625, -59.375, 7.074181990632342e-23, nan 
-12.375, -59.375, 6.290009440384308e-23, nan 
-12.125, -59.375, 3.7617478265188057e-23, nan 
-11.875, -59.375, 4.0595940134560935e-23, nan 
-11.625, -59.375, 4.367539110518065e-23, nan 
-11.375, -59.375, 2.276388718449817e-23, nan 
-11.125, -59.375, 1.3846234438574737e-23, nan 
-10.875, -59.375, 2.747462119728521e-23, nan 
-10.625, -59.375, 4.533515722856036e-23, nan 
-10.375, -59.375, 6.164564887598043e-23, nan 
-10.125, -59.375, 5.260300250551826e-23, nan 
-9.875, -59.375, 2.5762157359593977e-23, nan 
-9.625, -59.375, 1.2176428973068787e-23, nan 
-9.375, -59.375, 9.910633232236556e-24, nan 
-9.125, -59.375, 3.6140404383928844e-23, nan 
-8.875, -59.375, 5.583280675785646e-23, nan 
-8.625, -59.375, 1.401858336798807e-22, nan 
-8.375, -59.375, 1.906273908514229e-22, nan 
-8.125, -59.375, 2.421969556761994e-22, nan 
-7.875, -59.375, 1.9831133869166151e-22, nan 
-7.625, -59.375, 1.6230383962931067e-22, nan 
-7.375, -59.375, 4.521578223917084e-23, nan 
-7.125, -59.375, 4.005484331053259e-23, nan 
-6.875, -59.375, 2.0378964025930333e-23, nan 
-6.625, -59.375, 3.4921573502661686e-23, nan 
-6.375, -59.375, 3.6972824762769916e-23, nan 
-6.125, -59.375, 2.565614366224676e-23, nan 
-5.875, -59.375, 2.7675418033329006e-23, nan 
-5.625, -59.375, 2.227558864160311e-23, nan 
-5.375, -59.375, 5.340381481104319e-24, nan 
-5.125, -59.375, 2.6692362366290644e-23, nan 
-4.875, -59.375, 4.4826451870396523e-23, nan 
-4.625, -59.375, 4.2225648376481814e-23, nan 
-4.375, -59.375, 2.3235637919116065e-23, nan 
-4.125, -59.375, 7.717375972404644e-24, nan 
-3.875, -59.375, 8.362391149370896e-24, nan 
-3.625, -59.375, 1.685980964822328e-23, nan 
-3.375, -59.375, 2.117866180440251e-23, nan 
-3.125, -59.375, 1.5965913372750897e-23, nan 
-2.875, -59.375, 4.8458241887536056e-23, nan 
-2.625, -59.375, 9.312447296494904e-23, nan 
-2.375, -59.375, 1.5111355613370795e-22, nan 
-2.125, -59.375, 1.5897841606177718e-22, nan 
-1.875, -59.375, 1.2025279626768446e-22, nan 
-1.625, -59.375, 5.780918936313521e-23, nan 
-1.375, -59.375, 7.789057172525646e-23, nan 
-1.125, -59.375, 7.702089382353094e-23, nan 
-0.875, -59.375, 7.947705097133245e-23, nan 
-0.625, -59.375, 6.507912894860708e-23, nan 
-0.375, -59.375, 7.754444330715778e-23, nan 
-0.125, -59.375, 6.875747119995303e-23, nan 
0.125, -59.375, 4.073789527136759e-23, nan 
0.375, -59.375, 5.456865267874897e-23, nan 
0.625, -59.375, 5.450235410217288e-23, nan 
0.875, -59.375, 3.992663677356431e-23, nan 
1.125, -59.375, 2.4696608567008572e-23, nan 
1.375, -59.375, 6.85429426299058e-23, nan 
1.625, -59.375, 9.138056610969145e-23, nan 
1.875, -59.375, 5.493436877709994e-23, nan 
2.125, -59.375, 8.57166739610655e-23, nan 
2.375, -59.375, 8.266200204677843e-23, nan 
2.625, -59.375, 3.894912697290852e-23, nan 
2.875, -59.375, 5.1077481691928487e-23, nan 
3.125, -59.375, 3.501302683898156e-23, nan 
-23.125, -59.125, 1.5222116801941552e-22, nan 
-22.875, -59.125, 1.5729312905404478e-22, nan 
-22.625, -59.125, 2.319415398330232e-22, nan 
-22.375, -59.125, 1.9581770084923052e-22, nan 
-22.125, -59.125, 5.687376626211184e-23, nan 
-21.875, -59.125, 1.1183774015263767e-22, nan 
-21.625, -59.125, 1.0756412263847884e-22, nan 
-21.375, -59.125, 7.16065430743996e-23, nan 
-21.125, -59.125, 6.250321979647245e-23, nan 
-20.875, -59.125, 8.890886951509952e-23, nan 
-20.625, -59.125, 1.0535224967246403e-22, nan 
-20.375, -59.125, 1.3877052192683837e-22, nan 
-20.125, -59.125, 1.3929362729510166e-22, nan 
-19.875, -59.125, 1.546398155332007e-22, nan 
-19.625, -59.125, 1.1947618098961056e-22, nan 
-19.375, -59.125, 1.2324803566679075e-22, nan 
-19.125, -59.125, 9.14208069660016e-23, nan 
-18.875, -59.125, 4.390351365284405e-23, nan 
-18.625, -59.125, 8.447535475640021e-23, nan 
-18.375, -59.125, 7.78624384591023e-23, nan 
-18.125, -59.125, 4.3248789101096824e-23, nan 
-17.875, -59.125, 1.3014216029895699e-22, nan 
-17.625, -59.125, 1.2169398723117261e-22, nan 
-17.375, -59.125, 1.453512827094889e-22, nan 
-17.125, -59.125, 1.5702940839404647e-22, nan 
-16.875, -59.125, 1.1159631922606517e-22, nan 
-16.625, -59.125, 1.0656921745898317e-22, nan 
-16.375, -59.125, 6.441986441933479e-23, nan 
-16.125, -59.125, 8.281238174861845e-23, nan 
-15.875, -59.125, 9.352236292004075e-23, nan 
-15.625, -59.125, 1.0432363937036409e-22, nan 
-15.375, -59.125, 8.115958104747253e-23, nan 
-15.125, -59.125, 6.34121544196963e-23, nan 
-14.875, -59.125, 3.811097577841292e-23, nan 
-14.625, -59.125, 3.0634624069419243e-23, nan 
-14.375, -59.125, 3.681621015320628e-23, nan 
-14.125, -59.125, 3.1717471501013275e-23, nan 
-13.875, -59.125, 5.335135719648331e-23, nan 
-13.625, -59.125, 7.783937535195488e-23, nan 
-13.375, -59.125, 7.49603121375681e-23, nan 
-13.125, -59.125, 7.052790835268411e-23, nan 
-12.875, -59.125, 9.049490534918745e-23, nan 
-12.625, -59.125, 6.142525361917692e-23, nan 
-12.375, -59.125, 9.303094934918534e-23, nan 
-12.125, -59.125, 1.0135033404186198e-22, nan 
-11.875, -59.125, 1.2129912078447462e-22, nan 
-11.625, -59.125, 9.019445572641516e-23, nan 
-11.375, -59.125, 2.9734879582408945e-23, nan 
-11.125, -59.125, 1.2600592203955275e-23, nan 
-10.875, -59.125, 1.0135481395405133e-23, nan 
-10.625, -59.125, 3.440169773263261e-23, nan 
-10.375, -59.125, 9.851006934967999e-23, nan 
-10.125, -59.125, 9.272318310883171e-23, nan 
-9.875, -59.125, 1.6166789858953542e-23, nan 
-9.625, -59.125, 2.5644765367859104e-23, nan 
-9.375, -59.125, 2.994402915826345e-23, nan 
-9.125, -59.125, 4.633668223392515e-23, nan 
-8.875, -59.125, 5.1739345981811494e-23, nan 
-8.625, -59.125, 3.866206194955161e-23, nan 
-8.375, -59.125, 5.961241407407049e-23, nan 
-8.125, -59.125, 6.072541622595815e-23, nan 
-7.875, -59.125, 4.594608768247971e-23, nan 
-7.625, -59.125, 4.5547044498123505e-23, nan 
-7.375, -59.125, 2.3331530469929688e-23, nan 
-7.125, -59.125, 1.475114477318088e-23, nan 
-6.875, -59.125, 1.0174341327327502e-23, nan 
-6.625, -59.125, 2.689614173543883e-23, nan 
-6.375, -59.125, 2.5886894498134976e-23, nan 
-6.125, -59.125, 3.4000227949379705e-23, nan 
-5.875, -59.125, 3.843199632634382e-23, nan 
-5.625, -59.125, 3.848440682071911e-23, nan 
-5.375, -59.125, 3.618301588306004e-23, nan 
-5.125, -59.125, 8.301730430737888e-23, nan 
-4.875, -59.125, 9.000796522416299e-23, nan 
-4.625, -59.125, 1.524597230131135e-23, nan 
-4.375, -59.125, 1.1294912602549953e-23, nan 
-4.125, -59.125, 1.4329606872593677e-23, nan 
-3.875, -59.125, 9.96553421650859e-24, nan 
-3.625, -59.125, 8.49808722311174e-24, nan 
-3.375, -59.125, 7.144208867140773e-24, nan 
-3.125, -59.125, 9.236749427390254e-24, nan 
-2.875, -59.125, 2.9490497546678756e-23, nan 
-2.625, -59.125, 3.606403803453185e-23, nan 
-2.375, -59.125, 6.968173877162585e-23, nan 
-2.125, -59.125, 1.476239177581878e-22, nan 
-1.875, -59.125, 1.3191623787809038e-22, nan 
-1.625, -59.125, 5.882900876884045e-23, nan 
-1.375, -59.125, 3.8742384642516697e-23, nan 
-1.125, -59.125, 4.522402416993502e-23, nan 
-0.875, -59.125, 6.615618797850369e-23, nan 
-0.625, -59.125, 5.2583718297937e-23, nan 
-0.375, -59.125, 8.36063132188447e-23, nan 
-0.125, -59.125, 1.2034015074324282e-22, nan 
0.125, -59.125, 1.0162751129967828e-22, nan 
0.375, -59.125, 5.655661710658509e-23, nan 
0.625, -59.125, 5.710700845898379e-23, nan 
0.875, -59.125, 3.436288091619152e-23, nan 
1.125, -59.125, 1.0121196342581417e-22, nan 
1.375, -59.125, 1.3609463133554762e-22, nan 
1.625, -59.125, 1.2655809349708866e-22, nan 
1.875, -59.125, 9.98079937227203e-23, nan 
2.125, -59.125, 9.344563067916192e-23, nan 
2.375, -59.125, 6.106088633969162e-23, nan 
2.625, -59.125, 2.97001003435754e-23, nan 
2.875, -59.125, 3.447810166067849e-23, nan 
3.125, -59.125, 1.3286690079096226e-23, nan 
-22.625, -58.875, 1.7476132975695226e-22, nan 
-22.375, -58.875, 1.5304761853455278e-22, nan 
-22.125, -58.875, 4.3150792298578715e-23, nan 
-21.875, -58.875, 9.760327747454102e-23, nan 
-21.625, -58.875, 1.688008650005193e-22, nan 
-21.375, -58.875, 1.5695559635386986e-22, nan 
-21.125, -58.875, 4.9542675983195086e-23, nan 
-20.875, -58.875, 4.284985360955662e-23, nan 
-20.625, -58.875, 4.117225637179362e-23, nan 
-20.375, -58.875, 6.693988409334035e-23, nan 
-20.125, -58.875, 7.56481728097448e-23, nan 
-19.875, -58.875, 9.70670820463928e-23, nan 
-19.625, -58.875, 8.245814630963737e-23, nan 
-19.375, -58.875, 6.439371862656164e-23, nan 
-19.125, -58.875, 1.0329697376060136e-22, nan 
-18.875, -58.875, 7.923543537576982e-23, nan 
-18.625, -58.875, 2.1550097583429355e-23, nan 
-18.375, -58.875, 5.208344901412846e-23, nan 
-18.125, -58.875, 2.674276423963149e-22, nan 
-17.875, -58.875, 2.8955507168173043e-22, nan 
-17.625, -58.875, 1.038406562058646e-22, nan 
-17.375, -58.875, 7.859638723641321e-23, nan 
-17.125, -58.875, 1.5301145618672267e-22, nan 
-16.875, -58.875, 1.1489133899727803e-22, nan 
-16.625, -58.875, 7.020620624455003e-23, nan 
-16.375, -58.875, 7.20925218782288e-23, nan 
-16.125, -58.875, 4.2984828977517024e-23, nan 
-15.875, -58.875, 1.4030047968237353e-23, nan 
-15.625, -58.875, 4.257117785133484e-23, nan 
-15.375, -58.875, 4.7936735189356914e-23, nan 
-15.125, -58.875, 5.370243815862206e-23, nan 
-14.875, -58.875, 2.3467327017216502e-23, nan 
-14.625, -58.875, 2.1045832001812048e-23, nan 
-14.375, -58.875, 1.516396432789818e-23, nan 
-14.125, -58.875, 5.868581163272298e-24, nan 
-13.875, -58.875, 2.706163787511662e-23, nan 
-13.625, -58.875, 4.0978686822493573e-23, nan 
-13.375, -58.875, 6.798243858885493e-23, nan 
-13.125, -58.875, 6.713685953481399e-23, nan 
-12.875, -58.875, 6.051689417554787e-23, nan 
-12.625, -58.875, 4.524636758438427e-23, nan 
-12.375, -58.875, 3.313423408742392e-23, nan 
-12.125, -58.875, 5.410847714730563e-23, nan 
-11.875, -58.875, 7.665537533247463e-23, nan 
-11.625, -58.875, 6.863662991567184e-23, nan 
-11.375, -58.875, 6.894147393372123e-23, nan 
-11.125, -58.875, 4.1209082157980767e-23, nan 
-10.875, -58.875, 4.868706848716405e-23, nan 
-10.625, -58.875, 5.942222640254889e-23, nan 
-10.375, -58.875, 6.037994033433558e-23, nan 
-10.125, -58.875, 4.890952480014862e-23, nan 
-9.875, -58.875, 2.8311301983640166e-23, nan 
-9.625, -58.875, 2.236204013986172e-23, nan 
-9.375, -58.875, 2.0744452081883318e-23, nan 
-9.125, -58.875, 4.428397029633157e-23, nan 
-8.875, -58.875, 4.631355744413882e-23, nan 
-8.625, -58.875, 1.8033841923466905e-23, nan 
-8.375, -58.875, 3.092899992730158e-23, nan 
-8.125, -58.875, 5.992317058463878e-23, nan 
-7.875, -58.875, 5.457519421941896e-23, nan 
-7.625, -58.875, 2.7251241517551425e-23, nan 
-7.375, -58.875, 2.0521840627510856e-23, nan 
-7.125, -58.875, 2.0684068136800122e-23, nan 
-6.875, -58.875, 1.7423749731702802e-23, nan 
-6.625, -58.875, 1.9525593966276182e-23, nan 
-6.375, -58.875, 2.17540274130819e-23, nan 
-6.125, -58.875, 3.0804424463858543e-23, nan 
-5.875, -58.875, 4.98539963788696e-23, nan 
-5.625, -58.875, 1.0222672173578486e-22, nan 
-5.375, -58.875, 9.417912236371691e-23, nan 
-5.125, -58.875, 6.653401336594367e-23, nan 
-4.875, -58.875, 1.048082215025844e-22, nan 
-4.625, -58.875, 8.914908820016127e-23, nan 
-4.375, -58.875, 1.439410241503522e-23, nan 
-4.125, -58.875, 1.3452120873672747e-23, nan 
-3.875, -58.875, 1.5630362817487444e-23, nan 
-3.625, -58.875, 7.407488355246397e-24, nan 
-3.375, -58.875, 7.459399021236596e-24, nan 
-3.125, -58.875, 1.1000493438058427e-23, nan 
-2.875, -58.875, 1.6583901667903594e-23, nan 
-2.625, -58.875, 5.629252182615607e-23, nan 
-2.375, -58.875, 1.3961689178937822e-22, nan 
-2.125, -58.875, 1.492948410809225e-22, nan 
-1.875, -58.875, 8.244368986275112e-23, nan 
-1.625, -58.875, 5.2528566953295506e-23, nan 
-1.375, -58.875, 3.745952837445109e-23, nan 
-1.125, -58.875, 3.170308777684904e-23, nan 
-0.875, -58.875, 2.9021490144972977e-23, nan 
-0.625, -58.875, 4.513989412078018e-23, nan 
-0.375, -58.875, 5.231527320125272e-23, nan 
-0.125, -58.875, 4.176526774677723e-23, nan 
0.125, -58.875, 1.1301664131623414e-22, nan 
0.375, -58.875, 1.0942918387152148e-22, nan 
0.625, -58.875, 3.03704856223603e-23, nan 
0.875, -58.875, 2.069446568271523e-23, nan 
1.125, -58.875, 6.037488351665007e-23, nan 
1.375, -58.875, 5.998295747526468e-23, nan 
1.625, -58.875, 6.092767680793148e-23, nan 
1.875, -58.875, 4.982718432312123e-23, nan 
2.125, -58.875, 6.311890365838403e-23, nan 
2.375, -58.875, 5.556272719444855e-23, nan 
2.625, -58.875, 2.0372584369898047e-23, nan 
2.875, -58.875, 1.4899518859899146e-23, nan 
-22.375, -58.625, 6.662231127898887e-23, nan 
-22.125, -58.625, 6.824613048982144e-23, nan 
-21.875, -58.625, 1.0455624183208999e-22, nan 
-21.625, -58.625, 1.5671548114259414e-22, nan 
-21.375, -58.625, 1.208320232618059e-22, nan 
-21.125, -58.625, 1.1388078584331808e-22, nan 
-20.875, -58.625, 8.651264500551906e-23, nan 
-20.625, -58.625, 7.62440864733903e-23, nan 
-20.375, -58.625, 9.591139161250382e-23, nan 
-20.125, -58.625, 6.695250977982693e-23, nan 
-19.875, -58.625, 1.5766459929693732e-22, nan 
-19.625, -58.625, 3.3727460231723528e-22, nan 
-19.375, -58.625, 3.817904856863101e-22, nan 
-19.125, -58.625, 4.0354627784383756e-22, nan 
-18.875, -58.625, 3.7323322145296715e-22, nan 
-18.625, -58.625, 6.72993871713072e-23, nan 
-18.375, -58.625, 1.0776625719711169e-22, nan 
-18.125, -58.625, 6.528407207799563e-23, nan 
-17.875, -58.625, 1.2604808642022226e-22, nan 
-17.625, -58.625, 9.75041998375271e-23, nan 
-17.375, -58.625, 5.269837710651875e-23, nan 
-17.125, -58.625, 3.8527780563829396e-23, nan 
-16.875, -58.625, 4.131195822336591e-23, nan 
-16.625, -58.625, 5.0182742595011004e-23, nan 
-16.375, -58.625, 6.386557147520209e-23, nan 
-16.125, -58.625, 4.484043031786521e-23, nan 
-15.875, -58.625, 8.40112201665644e-23, nan 
-15.625, -58.625, 8.497556072850334e-23, nan 
-15.375, -58.625, 4.9382155523278663e-23, nan 
-15.125, -58.625, 9.18084719173225e-23, nan 
-14.875, -58.625, 8.326298188532864e-23, nan 
-14.625, -58.625, 4.0023458342286417e-23, nan 
-14.375, -58.625, 2.3949471679772734e-23, nan 
-14.125, -58.625, 1.4829092108828968e-23, nan 
-13.875, -58.625, 1.2137468301741669e-23, nan 
-13.625, -58.625, 2.535474367496449e-23, nan 
-13.375, -58.625, 6.51272525926115e-23, nan 
-13.125, -58.625, 1.0108985889980056e-22, nan 
-12.875, -58.625, 1.0134718046837102e-22, nan 
-12.625, -58.625, 3.9575627794037456e-23, nan 
-12.375, -58.625, 4.190406462308806e-23, nan 
-12.125, -58.625, 3.4603999203443455e-23, nan 
-11.875, -58.625, 6.91302250908987e-23, nan 
-11.625, -58.625, 7.745995770636115e-23, nan 
-11.375, -58.625, 4.238279210685782e-23, nan 
-11.125, -58.625, 1.4923491709037275e-23, nan 
-10.875, -58.625, 5.0753159083106745e-23, nan 
-10.625, -58.625, 5.375024898884696e-23, nan 
-10.375, -58.625, 4.498710211696197e-23, nan 
-10.125, -58.625, 5.59250294948659e-23, nan 
-9.875, -58.625, 4.61360018321989e-23, nan 
-9.625, -58.625, 9.254614933490764e-24, nan 
-9.375, -58.625, 1.8247075242415023e-23, nan 
-9.125, -58.625, 4.5879576499164e-23, nan 
-8.875, -58.625, 4.467305489490465e-23, nan 
-8.625, -58.625, 9.037463356511221e-24, nan 
-8.375, -58.625, 5.9545666463425474e-24, nan 
-8.125, -58.625, 3.417899352975282e-23, nan 
-7.875, -58.625, 4.8501422275865393e-23, nan 
-7.625, -58.625, 3.435579522006043e-23, nan 
-7.375, -58.625, 2.697898971116189e-23, nan 
-7.125, -58.625, 2.6410390286770502e-23, nan 
-6.875, -58.625, 2.666322787298766e-23, nan 
-6.625, -58.625, 4.5803574316131893e-23, nan 
-6.375, -58.625, 5.020628622178495e-23, nan 
-6.125, -58.625, 7.496339812973019e-23, nan 
-5.875, -58.625, 7.888637632772155e-23, nan 
-5.625, -58.625, 6.838549036329458e-23, nan 
-5.375, -58.625, 5.50739463749403e-23, nan 
-5.125, -58.625, 2.584022886552739e-23, nan 
-4.875, -58.625, 7.729068075434032e-23, nan 
-4.625, -58.625, 1.1363988375675616e-22, nan 
-4.375, -58.625, 1.3264174740630668e-22, nan 
-4.125, -58.625, 1.0028042221051529e-22, nan 
-3.875, -58.625, 7.291794220340339e-23, nan 
-3.625, -58.625, 6.912250453779975e-23, nan 
-3.375, -58.625, 1.0744972425065559e-23, nan 
-3.125, -58.625, 2.5365486575358165e-23, nan 
-2.875, -58.625, 3.542278716138141e-23, nan 
-2.625, -58.625, 1.0516271691268362e-22, nan 
-2.375, -58.625, 1.2080494173368834e-22, nan 
-2.125, -58.625, 1.158400944131359e-22, nan 
-1.875, -58.625, 9.811180356811071e-23, nan 
-1.625, -58.625, 5.787766524066929e-23, nan 
-1.375, -58.625, 1.5864225233764652e-23, nan 
-1.125, -58.625, 1.5318263356713674e-23, nan 
-0.875, -58.625, 2.3420338882632752e-23, nan 
-0.625, -58.625, 3.9003241639971025e-23, nan 
-0.375, -58.625, 6.906663977127702e-23, nan 
-0.125, -58.625, 8.151309379784933e-23, nan 
0.125, -58.625, 6.265763642410717e-23, nan 
0.375, -58.625, 2.930871952353304e-23, nan 
0.625, -58.625, 3.7554426124107467e-23, nan 
0.875, -58.625, 3.2835363801349367e-23, nan 
1.125, -58.625, 6.609074197598108e-23, nan 
1.375, -58.625, 8.573035018365738e-23, nan 
1.625, -58.625, 8.859795326308597e-23, nan 
1.875, -58.625, 7.811449471617948e-23, nan 
2.125, -58.625, 6.627789516561812e-23, nan 
2.375, -58.625, 6.424244025882056e-23, nan 
2.625, -58.625, 2.8925784083191736e-23, nan 
-22.125, -58.375, 7.409055848632573e-23, nan 
-21.875, -58.375, 1.8326429756176573e-22, nan 
-21.625, -58.375, 2.2352967179452725e-22, nan 
-21.375, -58.375, 7.997326065015406e-23, nan 
-21.125, -58.375, 1.629413687682978e-22, nan 
-20.875, -58.375, 2.621587961579035e-22, nan 
-20.625, -58.375, 4.1041092580478035e-22, nan 
-20.375, -58.375, 4.039337950141139e-22, nan 
-20.125, -58.375, 4.3615702092117965e-22, nan 
-19.875, -58.375, 4.393372210821581e-22, nan 
-19.625, -58.375, 4.299998844597201e-22, nan 
-19.375, -58.375, 3.7823945621342915e-22, nan 
-19.125, -58.375, 4.125374601501174e-22, nan 
-18.875, -58.375, 7.122961932381905e-22, nan 
-18.625, -58.375, 6.426522659416947e-22, nan 
-18.375, -58.375, 2.453388793625618e-22, nan 
-18.125, -58.375, 1.1177763427389665e-22, nan 
-17.875, -58.375, 3.8872512991471106e-23, nan 
-17.625, -58.375, 2.4285361782173003e-23, nan 
-17.375, -58.375, 5.639137021440618e-23, nan 
-17.125, -58.375, 5.926831935619275e-23, nan 
-16.875, -58.375, 7.762836045751451e-23, nan 
-16.625, -58.375, 6.611254421233471e-23, nan 
-16.375, -58.375, 5.911671798387874e-23, nan 
-16.125, -58.375, 6.402333556263263e-23, nan 
-15.875, -58.375, 5.383520889133772e-23, nan 
-15.625, -58.375, 2.448121580971383e-23, nan 
-15.375, -58.375, 2.2242251313737722e-23, nan 
-15.125, -58.375, 2.109331852358662e-23, nan 
-14.875, -58.375, 3.206233173627851e-23, nan 
-14.625, -58.375, 4.183450279572883e-23, nan 
-14.375, -58.375, 4.148978454915869e-23, nan 
-14.125, -58.375, 3.4355231533908536e-23, nan 
-13.875, -58.375, 1.464395880496431e-23, nan 
-13.625, -58.375, 2.2984035727223066e-23, nan 
-13.375, -58.375, 2.817968781643317e-23, nan 
-13.125, -58.375, 3.8501587779075396e-23, nan 
-12.875, -58.375, 1.347559184477101e-22, nan 
-12.625, -58.375, 1.2546020715419355e-22, nan 
-12.375, -58.375, 3.8514462343626805e-23, nan 
-12.125, -58.375, 3.9627540516761147e-23, nan 
-11.875, -58.375, 5.427186314906503e-23, nan 
-11.625, -58.375, 3.6299585493810307e-23, nan 
-11.375, -58.375, 1.780515224418476e-23, nan 
-11.125, -58.375, 1.6638792406980405e-23, nan 
-10.875, -58.375, 3.285674839227478e-23, nan 
-10.625, -58.375, 5.553745551472129e-23, nan 
-10.375, -58.375, 5.769140403999974e-23, nan 
-10.125, -58.375, 3.539428705557059e-23, nan 
-9.875, -58.375, 2.3466920571738734e-23, nan 
-9.625, -58.375, 1.1441480462681741e-23, nan 
-9.375, -58.375, 1.1687865198488682e-23, nan 
-9.125, -58.375, 2.0016408022971948e-23, nan 
-8.875, -58.375, 3.228052321847957e-23, nan 
-8.625, -58.375, 2.5663468909706483e-23, nan 
-8.375, -58.375, 2.0121861824404476e-23, nan 
-8.125, -58.375, 1.8015886079277125e-23, nan 
-7.875, -58.375, 3.3035049914043274e-23, nan 
-7.625, -58.375, 3.471109270377164e-23, nan 
-7.375, -58.375, 2.4530910106682602e-23, nan 
-7.125, -58.375, 1.8090498232129326e-23, nan 
-6.875, -58.375, 3.925604415538975e-23, nan 
-6.625, -58.375, 4.137890701056407e-23, nan 
-6.375, -58.375, 3.406465272359234e-23, nan 
-6.125, -58.375, 2.4508691150855788e-23, nan 
-5.875, -58.375, 3.2004709465877876e-23, nan 
-5.625, -58.375, 2.4481724155987535e-23, nan 
-5.375, -58.375, 1.7906011289677116e-23, nan 
-5.125, -58.375, 1.6761183142604873e-23, nan 
-4.875, -58.375, 5.904516666499844e-23, nan 
-4.625, -58.375, 8.662461994544809e-23, nan 
-4.375, -58.375, 1.2448198728784797e-22, nan 
-4.125, -58.375, 1.1410075284034586e-22, nan 
-3.875, -58.375, 9.671899770858977e-23, nan 
-3.625, -58.375, 1.4177842809777313e-22, nan 
-3.375, -58.375, 1.6901314706606683e-22, nan 
-3.125, -58.375, 1.82454772885997e-22, nan 
-2.875, -58.375, 1.784442569364561e-22, nan 
-2.625, -58.375, 1.3822149633535423e-22, nan 
-2.375, -58.375, 7.393706336068882e-23, nan 
-2.125, -58.375, 5.949063213933942e-23, nan 
-1.875, -58.375, 3.849025448964335e-23, nan 
-1.625, -58.375, 3.21234933863913e-23, nan 
-1.375, -58.375, 3.5653578246549386e-23, nan 
-1.125, -58.375, 3.231120071255504e-23, nan 
-0.875, -58.375, 1.3040427686174847e-23, nan 
-0.625, -58.375, 3.084953327498918e-23, nan 
-0.375, -58.375, 5.312242186876915e-23, nan 
-0.125, -58.375, 6.516298128975128e-23, nan 
0.125, -58.375, 8.282655786942165e-23, nan 
0.375, -58.375, 6.964016512887016e-23, nan 
0.625, -58.375, 6.465192064363181e-23, nan 
0.875, -58.375, 6.017511188307072e-23, nan 
1.125, -58.375, 5.891524400020282e-23, nan 
1.375, -58.375, 7.176687945597201e-23, nan 
1.625, -58.375, 7.0929498000859e-23, nan 
1.875, -58.375, 6.146065988686834e-23, nan 
2.125, -58.375, 7.61060633932547e-23, nan 
2.375, -58.375, 5.470889573136214e-23, nan 
2.625, -58.375, 1.4628469788644083e-23, nan 
-21.625, -58.125, 2.1084140989825589e-22, nan 
-21.375, -58.125, 2.741103697872349e-22, nan 
-21.125, -58.125, 3.8390221523149914e-22, nan 
-20.875, -58.125, 4.539283479974342e-22, nan 
-20.625, -58.125, 4.966993283540462e-22, nan 
-20.375, -58.125, 3.7858639378351903e-22, nan 
-20.125, -58.125, 3.993062087310797e-22, nan 
-19.875, -58.125, 2.8988038157645594e-22, nan 
-19.625, -58.125, 1.2233680160754687e-22, nan 
-19.375, -58.125, 9.098792796272772e-23, nan 
-19.125, -58.125, 1.309155625332731e-22, nan 
-18.875, -58.125, 1.710446161217036e-22, nan 
-18.625, -58.125, 3.994787479957604e-22, nan 
-18.375, -58.125, 6.572875060599678e-22, nan 
-18.125, -58.125, 6.802803073424684e-22, nan 
-17.875, -58.125, 3.048216024154109e-22, nan 
-17.625, -58.125, 1.8591614446846055e-22, nan 
-17.375, -58.125, 1.187842921359159e-22, nan 
-17.125, -58.125, 4.1810362096373126e-23, nan 
-16.875, -58.125, 6.718944071732347e-23, nan 
-16.625, -58.125, 5.146854549183278e-23, nan 
-16.375, -58.125, 1.2166552519503253e-22, nan 
-16.125, -58.125, 1.4453642530232262e-22, nan 
-15.875, -58.125, 7.431220403655734e-23, nan 
-15.625, -58.125, 3.416475966976342e-23, nan 
-15.375, -58.125, 1.0399732780357176e-23, nan 
-15.125, -58.125, 1.2088457392203233e-23, nan 
-14.875, -58.125, 2.4504068081071936e-23, nan 
-14.625, -58.125, 2.29325925512118e-23, nan 
-14.375, -58.125, 1.660074754427067e-23, nan 
-14.125, -58.125, 2.9368541370482726e-23, nan 
-13.875, -58.125, 2.9430169344600305e-23, nan 
-13.625, -58.125, 9.012542302565989e-24, nan 
-13.375, -58.125, 1.3840845452587943e-23, nan 
-13.125, -58.125, 2.8428517497585446e-23, nan 
-12.875, -58.125, 8.776415622219136e-23, nan 
-12.625, -58.125, 1.012881026910843e-22, nan 
-12.375, -58.125, 4.953017702404217e-23, nan 
-12.125, -58.125, 3.7523687419634337e-23, nan 
-11.875, -58.125, 3.245893338358328e-23, nan 
-11.625, -58.125, 4.681670565916901e-23, nan 
-11.375, -58.125, 4.6122907850623785e-23, nan 
-11.125, -58.125, 2.7212478360895686e-23, nan 
-10.875, -58.125, 2.649742354018852e-23, nan 
-10.625, -58.125, 3.797148823739898e-23, nan 
-10.375, -58.125, 5.048795676574768e-23, nan 
-10.125, -58.125, 3.758579521585309e-23, nan 
-9.875, -58.125, 2.1566597953026827e-23, nan 
-9.625, -58.125, 1.8215722837143736e-23, nan 
-9.375, -58.125, 1.1177918534861336e-23, nan 
-9.125, -58.125, 8.382274629723818e-24, nan 
-8.875, -58.125, 1.9974922284746324e-23, nan 
-8.625, -58.125, 2.4157681454274186e-23, nan 
-8.375, -58.125, 1.8667528803070894e-23, nan 
-8.125, -58.125, 1.2159872374785237e-23, nan 
-7.875, -58.125, 9.468640097574385e-24, nan 
-7.625, -58.125, 1.880452644416774e-23, nan 
-7.375, -58.125, 1.96178477401585e-23, nan 
-7.125, -58.125, 1.896617076517805e-23, nan 
-6.875, -58.125, 2.607940903243004e-23, nan 
-6.625, -58.125, 2.9995078799729917e-23, nan 
-6.375, -58.125, 4.081592595269066e-23, nan 
-6.125, -58.125, 4.1823898895786386e-23, nan 
-5.875, -58.125, 2.1667382060105793e-23, nan 
-5.625, -58.125, 4.1260320571248825e-23, nan 
-5.375, -58.125, 7.149796419525276e-23, nan 
-5.125, -58.125, 4.6352045269943493e-23, nan 
-4.875, -58.125, 5.433809734342521e-23, nan 
-4.625, -58.125, 5.580631323359375e-23, nan 
-4.375, -58.125, 4.1630237040392465e-23, nan 
-4.125, -58.125, 3.7335994680745674e-23, nan 
-3.875, -58.125, 4.8302403749775933e-23, nan 
-3.625, -58.125, 5.344097262419719e-23, nan 
-3.375, -58.125, 1.1882153730419924e-22, nan 
-3.125, -58.125, 1.4569220250188659e-22, nan 
-2.875, -58.125, 1.061083987963488e-22, nan 
-2.625, -58.125, 8.040063269807752e-23, nan 
-2.375, -58.125, 5.897926735526151e-23, nan 
-2.125, -58.125, 3.594635674255497e-23, nan 
-1.875, -58.125, 3.0164451175081446e-23, nan 
-1.625, -58.125, 2.397139384168867e-23, nan 
-1.375, -58.125, 8.211609141054838e-23, nan 
-1.125, -58.125, 1.0961702047779866e-23, nan 
-0.875, -58.125, 2.1757777679853468e-23, nan 
-0.625, -58.125, 3.467346042716893e-23, nan 
-0.375, -58.125, 4.087305200077337e-23, nan 
-0.125, -58.125, 7.49933527944364e-23, nan 
0.125, -58.125, 7.171060201008694e-23, nan 
0.375, -58.125, 1.410601393523499e-22, nan 
0.625, -58.125, 1.4778159932042203e-22, nan 
0.875, -58.125, 5.599432441533654e-23, nan 
1.125, -58.125, 4.8925629039697133e-23, nan 
1.375, -58.125, 3.308110010308048e-23, nan 
1.625, -58.125, 3.2247847698007145e-23, nan 
1.875, -58.125, 2.3924084188143707e-23, nan 
2.125, -58.125, 4.2819528806631816e-23, nan 
2.375, -58.125, 1.7733039440309792e-23, nan 
-21.375, -57.875, 5.95493566401219e-22, nan 
-21.125, -57.875, 5.465974801650468e-22, nan 
-20.875, -57.875, 1.9280752519925172e-22, nan 
-20.625, -57.875, 7.025500741531484e-23, nan 
-20.375, -57.875, 5.1274342614768494e-23, nan 
-20.125, -57.875, 2.6335710966455484e-23, nan 
-19.875, -57.875, 4.101949443579036e-23, nan 
-19.625, -57.875, 1.7429083540511878e-22, nan 
-19.375, -57.875, 1.2728431297973779e-22, nan 
-19.125, -57.875, 5.915850838270194e-23, nan 
-18.875, -57.875, 1.0305358374889775e-22, nan 
-18.625, -57.875, 1.1106733221501662e-22, nan 
-18.375, -57.875, 2.0664933377616945e-22, nan 
-18.125, -57.875, 4.507643197195083e-22, nan 
-17.875, -57.875, 4.1811687788772934e-22, nan 
-17.625, -57.875, 3.3190285795783015e-22, nan 
-17.375, -57.875, 3.485013701517615e-22, nan 
-17.125, -57.875, 3.0308120578963826e-22, nan 
-16.875, -57.875, 9.830241075696632e-23, nan 
-16.625, -57.875, 4.4943643138628113e-23, nan 
-16.375, -57.875, 4.9292193782968956e-23, nan 
-16.125, -57.875, 7.539508501310887e-23, nan 
-15.875, -57.875, 8.8388287506488e-23, nan 
-15.625, -57.875, 8.62358731045555e-23, nan 
-15.375, -57.875, 4.738584810700684e-23, nan 
-15.125, -57.875, 4.717628824404216e-23, nan 
-14.875, -57.875, 4.0328948000914037e-23, nan 
-14.625, -57.875, 1.628994739041648e-23, nan 
-14.375, -57.875, 1.1717338526743242e-23, nan 
-14.125, -57.875, 1.2744855482955584e-23, nan 
-13.875, -57.875, 2.796949380492824e-23, nan 
-13.625, -57.875, 2.3539698451236886e-23, nan 
-13.375, -57.875, 1.0277511564373138e-23, nan 
-13.125, -57.875, 7.392091902198678e-24, nan 
-12.875, -57.875, 3.371211841623903e-23, nan 
-12.625, -57.875, 6.112917480021787e-23, nan 
-12.375, -57.875, 5.301445259819413e-23, nan 
-12.125, -57.875, 3.090513563271124e-23, nan 
-11.875, -57.875, 2.6495051319401976e-23, nan 
-11.625, -57.875, 6.088144970015346e-23, nan 
-11.375, -57.875, 5.949741070404492e-23, nan 
-11.125, -57.875, 2.9650025961278013e-23, nan 
-10.875, -57.875, 1.9582020525182013e-23, nan 
-10.625, -57.875, 2.0261562979631587e-23, nan 
-10.375, -57.875, 3.407050640253109e-23, nan 
-10.125, -57.875, 4.284768303139828e-23, nan 
-9.875, -57.875, 3.411945917849831e-23, nan 
-9.625, -57.875, 8.893575995388282e-24, nan 
-9.375, -57.875, 8.9114345182648e-24, nan 
-9.125, -57.875, 1.5594352438005674e-23, nan 
-8.875, -57.875, 1.495061060011552e-23, nan 
-8.625, -57.875, 2.1869751485570247e-23, nan 
-8.375, -57.875, 2.1138321647314985e-23, nan 
-8.125, -57.875, 1.1994019377115334e-23, nan 
-7.875, -57.875, 1.1394053609410507e-23, nan 
-7.625, -57.875, 2.998706529068722e-23, nan 
-7.375, -57.875, 3.022149078568289e-23, nan 
-7.125, -57.875, 2.115589071731612e-23, nan 
-6.875, -57.875, 2.9940273597776543e-23, nan 
-6.625, -57.875, 2.572659905396704e-23, nan 
-6.375, -57.875, 2.150161915308813e-23, nan 
-6.125, -57.875, 3.719589720369404e-23, nan 
-5.875, -57.875, 3.482336371110947e-23, nan 
-5.625, -57.875, 3.258988455317583e-23, nan 
-5.375, -57.875, 5.996236707056262e-23, nan 
-5.125, -57.875, 3.470464589139786e-23, nan 
-4.875, -57.875, 2.856658612558154e-23, nan 
-4.625, -57.875, 3.16961925412647e-23, nan 
-4.375, -57.875, 3.5007870065793794e-23, nan 
-4.125, -57.875, 3.659742424750229e-23, nan 
-3.875, -57.875, 4.5093179965621916e-23, nan 
-3.625, -57.875, 6.12941079874019e-23, nan 
-3.375, -57.875, 8.080900976503752e-23, nan 
-3.125, -57.875, 8.925496002061403e-23, nan 
-2.875, -57.875, 8.295037889125517e-23, nan 
-2.625, -57.875, 9.157317429437452e-23, nan 
-2.375, -57.875, 9.993095313738911e-23, nan 
-2.125, -57.875, 5.890746423972277e-23, nan 
-1.875, -57.875, 4.027168658504753e-23, nan 
-1.625, -57.875, 1.3564612749210975e-22, nan 
-1.375, -57.875, 2.15507668755698e-22, nan 
-1.125, -57.875, 1.67144310444405e-22, nan 
-0.875, -57.875, 1.3239316873092775e-22, nan 
-0.625, -57.875, 1.1821615592232297e-22, nan 
-0.375, -57.875, 1.0661247746125074e-22, nan 
-0.125, -57.875, 7.177675775461265e-23, nan 
0.125, -57.875, 8.682071801518338e-23, nan 
0.375, -57.875, 1.2070601581588252e-22, nan 
0.625, -57.875, 9.083842453124281e-23, nan 
0.875, -57.875, 1.23319618611085e-23, nan 
1.125, -57.875, 2.317667821888406e-23, nan 
1.375, -57.875, 2.1363763438592174e-23, nan 
1.625, -57.875, 3.6929848558417306e-23, nan 
1.875, -57.875, 6.052695172710384e-23, nan 
2.125, -57.875, 4.678503452104458e-23, nan 
-20.875, -57.625, 6.473102651077087e-23, nan 
-20.625, -57.625, 6.459893447910322e-23, nan 
-20.375, -57.625, 6.088779902364572e-23, nan 
-20.125, -57.625, 2.844939322424702e-23, nan 
-19.875, -57.625, 2.472217514679015e-22, nan 
-19.625, -57.625, 3.31564171545434e-22, nan 
-19.375, -57.625, 2.6573772215124125e-22, nan 
-19.125, -57.625, 1.9393834482179837e-22, nan 
-18.875, -57.625, 1.9537664225336647e-23, nan 
-18.625, -57.625, 3.148772343899732e-23, nan 
-18.375, -57.625, 2.837753070797986e-23, nan 
-18.125, -57.625, 5.73713371930976e-23, nan 
-17.875, -57.625, 1.4203249314125784e-22, nan 
-17.625, -57.625, 2.1769397867734387e-22, nan 
-17.375, -57.625, 3.127935552455573e-22, nan 
-17.125, -57.625, 2.999827477336046e-22, nan 
-16.875, -57.625, 1.9041333159175633e-22, nan 
-16.625, -57.625, 1.4515524496313716e-22, nan 
-16.375, -57.625, 5.678608187729822e-23, nan 
-16.125, -57.625, 5.39530968766856e-23, nan 
-15.875, -57.625, 2.1909331192363624e-23, nan 
-15.625, -57.625, 4.6991392615609006e-23, nan 
-15.375, -57.625, 4.65105703753421e-23, nan 
-15.125, -57.625, 3.231679203217459e-23, nan 
-14.875, -57.625, 1.731807498706262e-23, nan 
-14.625, -57.625, 2.3306833260930473e-23, nan 
-14.375, -57.625, 2.515737711192405e-23, nan 
-14.125, -57.625, 2.223027952615507e-23, nan 
-13.875, -57.625, 1.996170713855388e-23, nan 
-13.625, -57.625, 1.1936983341991865e-23, nan 
-13.375, -57.625, 1.346436459730197e-23, nan 
-13.125, -57.625, 1.1847963992079252e-23, nan 
-12.875, -57.625, 9.716056791396395e-24, nan 
-12.625, -57.625, 3.4400024547907335e-23, nan 
-12.375, -57.625, 4.0533704872259217e-23, nan 
-12.125, -57.625, 2.68752244074115e-23, nan 
-11.875, -57.625, 2.847912550609149e-23, nan 
-11.625, -57.625, 3.518670367017806e-23, nan 
-11.375, -57.625, 4.401622238266698e-23, nan 
-11.125, -57.625, 4.0673318327195805e-23, nan 
-10.875, -57.625, 9.882317439902792e-24, nan 
-10.625, -57.625, 2.176972228166581e-23, nan 
-10.375, -57.625, 3.7970405614435657e-23, nan 
-10.125, -57.625, 4.794570457513489e-23, nan 
-9.875, -57.625, 4.0772162900122714e-23, nan 
-9.625, -57.625, 3.813539804876451e-23, nan 
-9.375, -57.625, 2.757200327233654e-23, nan 
-9.125, -57.625, 2.0664815714805455e-23, nan 
-8.875, -57.625, 1.6523444760538362e-23, nan 
-8.625, -57.625, 2.2994960104592057e-23, nan 
-8.375, -57.625, 1.7401229324745052e-23, nan 
-8.125, -57.625, 1.7609064709713794e-23, nan 
-7.875, -57.625, 1.920873232769556e-23, nan 
-7.625, -57.625, 2.0863335449016996e-23, nan 
-7.375, -57.625, 1.8009039015708423e-23, nan 
-7.125, -57.625, 1.8113542102110843e-23, nan 
-6.875, -57.625, 2.5263419464312386e-23, nan 
-6.625, -57.625, 1.9143933757586592e-23, nan 
-6.375, -57.625, 1.4952803429432488e-23, nan 
-6.125, -57.625, 3.890842333019809e-23, nan 
-5.875, -57.625, 4.6592798756833287e-23, nan 
-5.625, -57.625, 2.857237750133322e-23, nan 
-5.375, -57.625, 2.8017128495733384e-23, nan 
-5.125, -57.625, 2.222561745631337e-23, nan 
-4.875, -57.625, 1.5962173330032534e-23, nan 
-4.625, -57.625, 8.449679818928535e-24, nan 
-4.375, -57.625, 1.499840307005003e-23, nan 
-4.125, -57.625, 2.3290409144192892e-23, nan 
-3.875, -57.625, 2.9383636649728375e-23, nan 
-3.625, -57.625, 4.91245531254366e-23, nan 
-3.375, -57.625, 1.0156473023308261e-22, nan 
-3.125, -57.625, 1.05725469857714e-22, nan 
-2.875, -57.625, 6.400601659855692e-23, nan 
-2.625, -57.625, 5.932552926054448e-23, nan 
-2.375, -57.625, 1.443837910567046e-22, nan 
-2.125, -57.625, 1.3649546874067787e-22, nan 
-1.875, -57.625, 4.857678836069735e-23, nan 
-1.625, -57.625, 7.529053181000438e-23, nan 
-1.375, -57.625, 1.2042906805306708e-22, nan 
-1.125, -57.625, 1.4488497825314397e-22, nan 
-0.875, -57.625, 1.5906619186776166e-22, nan 
-0.625, -57.625, 1.1820324266560834e-22, nan 
-0.375, -57.625, 1.1384699123037283e-22, nan 
-0.125, -57.625, 9.583228386064e-23, nan 
0.125, -57.625, 5.993166828674951e-23, nan 
0.375, -57.625, 6.230095814948004e-23, nan 
0.625, -57.625, 5.744345711999294e-23, nan 
0.875, -57.625, 3.776017407127684e-23, nan 
1.125, -57.625, 3.2562734226098656e-23, nan 
1.375, -57.625, 3.4722444320473937e-23, nan 
1.625, -57.625, 5.982665436348416e-23, nan 
1.875, -57.625, 8.014161852146664e-23, nan 
2.125, -57.625, 9.987945536443974e-23, nan 
-20.625, -57.375, 5.465683003048497e-23, nan 
-20.375, -57.375, 6.791084019966553e-23, nan 
-20.125, -57.375, 3.9364885673211567e-23, nan 
-19.875, -57.375, 1.8135622332334776e-23, nan 
-19.625, -57.375, 1.3343492161966113e-22, nan 
-19.375, -57.375, 1.018891848001684e-22, nan 
-19.125, -57.375, 2.0656646675216337e-23, nan 
-18.875, -57.375, 8.436434268051859e-24, nan 
-18.625, -57.375, 1.1856950493058996e-23, nan 
-18.375, -57.375, 2.092349795256048e-23, nan 
-18.125, -57.375, 2.9232987598776486e-23, nan 
-17.875, -57.375, 9.382363269298688e-23, nan 
-17.625, -57.375, 2.2157331507595953e-22, nan 
-17.375, -57.375, 2.4974663890316365e-22, nan 
-17.125, -57.375, 1.568266155710545e-22, nan 
-16.875, -57.375, 1.4057765152805357e-22, nan 
-16.625, -57.375, 1.8583484747624487e-22, nan 
-16.375, -57.375, 1.2996152876348964e-22, nan 
-16.125, -57.375, 3.46754816399177e-23, nan 
-15.875, -57.375, 4.0791694275377384e-23, nan 
-15.625, -57.375, 3.430915977075548e-23, nan 
-15.375, -57.375, 2.4942167817731796e-23, nan 
-15.125, -57.375, 2.324712051992906e-23, nan 
-14.875, -57.375, 1.3095017471195386e-23, nan 
-14.625, -57.375, 1.1240936565220249e-23, nan 
-14.375, -57.375, 1.8566977854485427e-23, nan 
-14.125, -57.375, 2.1573982817078554e-23, nan 
-13.875, -57.375, 1.7512013088415365e-23, nan 
-13.625, -57.375, 1.3930702414476554e-23, nan 
-13.375, -57.375, 9.46160596342404e-24, nan 
-13.125, -57.375, 5.6877547209517526e-24, nan 
-12.875, -57.375, 1.1088591492124622e-23, nan 
-12.625, -57.375, 1.3446899229376674e-23, nan 
-12.375, -57.375, 2.0367329147380644e-23, nan 
-12.125, -57.375, 2.5467221545166575e-23, nan 
-11.875, -57.375, 2.942986683554407e-23, nan 
-11.625, -57.375, 3.550339905915735e-23, nan 
-11.375, -57.375, 2.717444458043432e-23, nan 
-11.125, -57.375, 1.954766125271207e-23, nan 
-10.875, -57.375, 1.5320591775167655e-23, nan 
-10.625, -57.375, 1.8257824913948784e-23, nan 
-10.375, -57.375, 2.888259972316568e-23, nan 
-10.125, -57.375, 4.803803882407587e-23, nan 
-9.875, -57.375, 5.294581709679352e-23, nan 
-9.625, -57.375, 3.8724678420594314e-23, nan 
-9.375, -57.375, 3.130405366576645e-23, nan 
-9.125, -57.375, 1.979617557269487e-23, nan 
-8.875, -57.375, 2.119331292281163e-23, nan 
-8.625, -57.375, 1.7862542213949784e-23, nan 
-8.375, -57.375, 1.2855479547162364e-23, nan 
-8.125, -57.375, 2.4637526086938162e-23, nan 
-7.875, -57.375, 2.2901447643685953e-23, nan 
-7.625, -57.375, 4.2458036933745214e-23, nan 
-7.375, -57.375, 4.6747796110976296e-23, nan 
-7.125, -57.375, 2.7343931133254687e-23, nan 
-6.875, -57.375, 3.844313139134175e-23, nan 
-6.625, -57.375, 2.2537084558325646e-23, nan 
-6.375, -57.375, 1.1915076238881288e-23, nan 
-6.125, -57.375, 6.691779976542566e-24, nan 
-5.875, -57.375, 4.279604474724685e-23, nan 
-5.625, -57.375, 5.172415242425116e-23, nan 
-5.375, -57.375, 3.47121289226394e-23, nan 
-5.125, -57.375, 1.6528109392077112e-23, nan 
-4.875, -57.375, 9.115026954180315e-24, nan 
-4.625, -57.375, 1.5615463375889646e-23, nan 
-4.375, -57.375, 1.9535961737905565e-23, nan 
-4.125, -57.375, 1.568954398220313e-23, nan 
-3.875, -57.375, 2.6027123474894658e-23, nan 
-3.625, -57.375, 6.646559849179355e-23, nan 
-3.375, -57.375, 9.446713724227017e-23, nan 
-3.125, -57.375, 8.888975143988544e-23, nan 
-2.875, -57.375, 3.449134903342104e-23, nan 
-2.625, -57.375, 3.842018862702526e-23, nan 
-2.375, -57.375, 1.1612636024958348e-22, nan 
-2.125, -57.375, 1.0833288999922506e-22, nan 
-1.875, -57.375, 7.140683847859742e-23, nan 
-1.625, -57.375, 1.3502136717312064e-22, nan 
-1.375, -57.375, 1.3754624748275268e-22, nan 
-1.125, -57.375, 6.806277321931069e-23, nan 
-0.875, -57.375, 2.793412551272095e-23, nan 
-0.625, -57.375, 2.773437343908496e-23, nan 
-0.375, -57.375, 3.427438665449523e-23, nan 
-0.125, -57.375, 1.3286515206444853e-22, nan 
0.125, -57.375, 1.23398272741306e-22, nan 
0.375, -57.375, 4.0307241910490015e-23, nan 
0.625, -57.375, 4.665546252868893e-23, nan 
0.875, -57.375, 3.393356941913283e-23, nan 
1.125, -57.375, 1.8257589640776958e-23, nan 
1.375, -57.375, 4.8096667647949094e-23, nan 
1.625, -57.375, 6.115775066902065e-23, nan 
1.875, -57.375, 5.0192374581243824e-23, nan 
-20.375, -57.125, 4.3945727981562203e-23, nan 
-20.125, -57.125, 1.5205781793709456e-23, nan 
-19.875, -57.125, 1.4644698887024412e-23, nan 
-19.625, -57.125, 7.661752095691288e-23, nan 
-19.375, -57.125, 1.2446987462706647e-22, nan 
-19.125, -57.125, 8.492129452055811e-23, nan 
-18.875, -57.125, 9.945890750848181e-24, nan 
-18.625, -57.125, 1.7344817470360837e-23, nan 
-18.375, -57.125, 2.3944721147490612e-23, nan 
-18.125, -57.125, 1.709530400184505e-23, nan 
-17.875, -57.125, 4.2311928203794856e-23, nan 
-17.625, -57.125, 1.6274441521722157e-22, nan 
-17.375, -57.125, 2.8370583675782868e-22, nan 
-17.125, -57.125, 2.2721969157159747e-22, nan 
-16.875, -57.125, 7.671730556737379e-23, nan 
-16.625, -57.125, 1.453955297520291e-22, nan 
-16.375, -57.125, 1.6362886309669265e-22, nan 
-16.125, -57.125, 9.867646778911919e-23, nan 
-15.875, -57.125, 3.2675991582403863e-23, nan 
-15.625, -57.125, 2.0552473826644823e-23, nan 
-15.375, -57.125, 2.3212347874849727e-23, nan 
-15.125, -57.125, 3.6100993734353476e-23, nan 
-14.875, -57.125, 3.686005090331193e-23, nan 
-14.625, -57.125, 3.283489669079239e-23, nan 
-14.375, -57.125, 2.4162148069703596e-23, nan 
-14.125, -57.125, 1.8917201513640326e-23, nan 
-13.875, -57.125, 1.0557494672049912e-23, nan 
-13.625, -57.125, 1.9428413815440987e-23, nan 
-13.375, -57.125, 1.9815533159222527e-23, nan 
-13.125, -57.125, 3.56437229226459e-23, nan 
-12.875, -57.125, 3.310876225965737e-23, nan 
-12.625, -57.125, 4.7299536635207055e-23, nan 
-12.375, -57.125, 4.4928780809154464e-23, nan 
-12.125, -57.125, 2.8890545833857477e-23, nan 
-11.875, -57.125, 6.678520749741943e-23, nan 
-11.625, -57.125, 1.0401018013004633e-22, nan 
-11.375, -57.125, 7.765030290886011e-23, nan 
-11.125, -57.125, 8.540061378086884e-23, nan 
-10.875, -57.125, 9.162495174981201e-23, nan 
-10.625, -57.125, 7.922074157648522e-23, nan 
-10.375, -57.125, 3.13414628391724e-23, nan 
-10.125, -57.125, 2.199476230541454e-23, nan 
-9.875, -57.125, 4.105132299313376e-23, nan 
-9.625, -57.125, 3.0191753743596965e-23, nan 
-9.375, -57.125, 2.8704021561372194e-23, nan 
-9.125, -57.125, 2.817488430143191e-23, nan 
-8.875, -57.125, 3.1737034244455813e-23, nan 
-8.625, -57.125, 2.824714175452179e-23, nan 
-8.375, -57.125, 1.9417719667990983e-23, nan 
-8.125, -57.125, 1.5272674385932443e-23, nan 
-7.875, -57.125, 4.331041606194716e-24, nan 
-7.625, -57.125, 1.04822854345238e-23, nan 
-7.375, -57.125, 3.3958744924569384e-23, nan 
-7.125, -57.125, 5.532486734643278e-23, nan 
-6.875, -57.125, 5.755279519625362e-23, nan 
-6.625, -57.125, 4.0617804398915034e-23, nan 
-6.375, -57.125, 4.209241322609653e-23, nan 
-6.125, -57.125, 5.292011957651518e-23, nan 
-5.875, -57.125, 5.449899559020641e-23, nan 
-5.625, -57.125, 3.553580097284998e-23, nan 
-5.375, -57.125, 1.890882411662936e-23, nan 
-5.125, -57.125, 1.890385122137787e-23, nan 
-4.875, -57.125, 1.601915487380476e-23, nan 
-4.625, -57.125, 1.4079791003124622e-23, nan 
-4.375, -57.125, 4.285226052904668e-23, nan 
-4.125, -57.125, 4.394497473034168e-23, nan 
-3.875, -57.125, 1.0646510976993689e-23, nan 
-3.625, -57.125, 1.2528036367822051e-23, nan 
-3.375, -57.125, 2.4420801898431996e-23, nan 
-3.125, -57.125, 6.57658020451698e-23, nan 
-2.875, -57.125, 5.287492768839421e-23, nan 
-2.625, -57.125, 6.753299060701998e-23, nan 
-2.375, -57.125, 8.24426398540689e-23, nan 
-2.125, -57.125, 2.979290842793322e-23, nan 
-1.875, -57.125, 1.2043336440720554e-23, nan 
-1.625, -57.125, 1.742479204465664e-22, nan 
-1.375, -57.125, 1.9232409357196385e-22, nan 
-1.125, -57.125, 5.315991979721386e-23, nan 
-0.875, -57.125, 2.2108479845641686e-23, nan 
-0.625, -57.125, 1.0332200504423596e-23, nan 
-0.375, -57.125, 8.233524951482081e-24, nan 
-0.125, -57.125, 9.787191934499511e-23, nan 
0.125, -57.125, 1.126153711227175e-22, nan 
0.375, -57.125, 7.542221649058027e-23, nan 
0.625, -57.125, 6.584120811998889e-23, nan 
0.875, -57.125, 4.967723265600969e-23, nan 
1.125, -57.125, 2.5561308749091378e-23, nan 
1.375, -57.125, 2.1458646421127424e-23, nan 
1.625, -57.125, 4.340537059652597e-23, nan 
-19.875, -56.875, 9.867542364798531e-24, nan 
-19.625, -56.875, 9.598764497748438e-24, nan 
-19.375, -56.875, 3.412416225535535e-23, nan 
-19.125, -56.875, 1.108096303150591e-23, nan 
-18.875, -56.875, 8.830843704503356e-24, nan 
-18.625, -56.875, 1.0908575881295569e-23, nan 
-18.375, -56.875, 9.648024150615301e-24, nan 
-18.125, -56.875, 1.3591730966109014e-23, nan 
-17.875, -56.875, 2.323647290101269e-23, nan 
-17.625, -56.875, 1.1921662217212787e-22, nan 
-17.375, -56.875, 2.9764775190932613e-22, nan 
-17.125, -56.875, 2.6149028122490623e-22, nan 
-16.875, -56.875, 9.832663921965143e-23, nan 
-16.625, -56.875, 9.10624619259289e-23, nan 
-16.375, -56.875, 8.366725118945271e-23, nan 
-16.125, -56.875, 7.410080701773041e-23, nan 
-15.875, -56.875, 5.591525965968073e-23, nan 
-15.625, -56.875, 6.029788725122584e-23, nan 
-15.375, -56.875, 3.674739920145097e-23, nan 
-15.125, -56.875, 3.939041507075659e-23, nan 
-14.875, -56.875, 4.099528145054035e-23, nan 
-14.625, -56.875, 2.6604041538608465e-23, nan 
-14.375, -56.875, 1.4373293030331353e-23, nan 
-14.125, -56.875, 2.197838899937869e-23, nan 
-13.875, -56.875, 3.068406572032201e-23, nan 
-13.625, -56.875, 2.8798779413149374e-23, nan 
-13.375, -56.875, 4.862407324253101e-23, nan 
-13.125, -56.875, 6.545671192742168e-23, nan 
-12.875, -56.875, 4.807514832642979e-23, nan 
-12.625, -56.875, 1.356038204846739e-22, nan 
-12.375, -56.875, 1.2304291841633546e-22, nan 
-12.125, -56.875, 2.849655708580524e-23, nan 
-11.875, -56.875, 2.322909823069521e-22, nan 
-11.625, -56.875, 2.428336325648132e-22, nan 
-11.375, -56.875, 7.360815837118868e-23, nan 
-11.125, -56.875, 7.976371139075689e-23, nan 
-10.875, -56.875, 8.952657572680644e-23, nan 
-10.625, -56.875, 1.3066080578701578e-22, nan 
-10.375, -56.875, 1.27095232664604e-22, nan 
-10.125, -56.875, 6.17273956669894e-23, nan 
-9.875, -56.875, 2.905209519952306e-23, nan 
-9.625, -56.875, 1.4107882591458102e-23, nan 
-9.375, -56.875, 1.2826570783119355e-23, nan 
-9.125, -56.875, 1.9217126128318866e-23, nan 
-8.875, -56.875, 2.053063650265107e-23, nan 
-8.625, -56.875, 2.316395866884133e-23, nan 
-8.375, -56.875, 1.988584429014644e-23, nan 
-8.125, -56.875, 1.4772119894447218e-23, nan 
-7.875, -56.875, 2.095068156211254e-23, nan 
-7.625, -56.875, 3.4534494896937625e-23, nan 
-7.375, -56.875, 3.5745414484467164e-23, nan 
-7.125, -56.875, 4.223170445431882e-23, nan 
-6.875, -56.875, 3.26501217614921e-23, nan 
-6.625, -56.875, 4.368591632879903e-23, nan 
-6.375, -56.875, 5.1594364773223215e-23, nan 
-6.125, -56.875, 3.893774650290988e-23, nan 
-5.875, -56.875, 1.775271343721943e-23, nan 
-5.625, -56.875, 2.6841672697561534e-23, nan 
-5.375, -56.875, 2.7373525553726294e-23, nan 
-5.125, -56.875, 1.996905523760752e-23, nan 
-4.875, -56.875, 9.01990250119707e-24, nan 
-4.625, -56.875, 1.8794736159757722e-23, nan 
-4.375, -56.875, 2.3290856397755943e-23, nan 
-4.125, -56.875, 3.9235028848653805e-23, nan 
-3.875, -56.875, 3.228344818091167e-23, nan 
-3.625, -56.875, 2.0943486951134233e-23, nan 
-3.375, -56.875, 1.867792262362557e-23, nan 
-3.125, -56.875, 2.078052690519719e-23, nan 
-2.875, -56.875, 2.2740611583654905e-23, nan 
-2.625, -56.875, 2.6135892303979435e-23, nan 
-2.375, -56.875, 3.515867615511868e-23, nan 
-2.125, -56.875, 2.8930830553196034e-23, nan 
-1.875, -56.875, 1.390822607670236e-23, nan 
-1.625, -56.875, 1.8348332551143367e-23, nan 
-1.375, -56.875, 1.1545577909936673e-22, nan 
-1.125, -56.875, 1.0904625976481064e-22, nan 
-0.875, -56.875, 8.269525105810913e-23, nan 
-0.625, -56.875, 8.60090678774206e-23, nan 
-0.375, -56.875, 1.2425265359999513e-22, nan 
-0.125, -56.875, 1.3517434606477888e-22, nan 
0.125, -56.875, 9.929621540842439e-23, nan 
0.375, -56.875, 8.587924051942252e-23, nan 
0.625, -56.875, 1.0337239872794858e-22, nan 
0.875, -56.875, 7.3245468041318e-23, nan 
1.125, -56.875, 3.3002956920239133e-23, nan 
1.375, -56.875, 2.896646908771417e-23, nan 
1.625, -56.875, 1.0092429631340657e-23, nan 
-19.625, -56.625, 1.9440721265424712e-23, nan 
-19.375, -56.625, 1.0845493017710491e-23, nan 
-19.125, -56.625, 2.018189471428931e-23, nan 
-18.875, -56.625, 2.659855106673436e-23, nan 
-18.625, -56.625, 2.0262424955133783e-23, nan 
-18.375, -56.625, 1.550389412989213e-23, nan 
-18.125, -56.625, 5.262749011216668e-23, nan 
-17.875, -56.625, 4.382540319995207e-23, nan 
-17.625, -56.625, 2.8785448759580773e-22, nan 
-17.375, -56.625, 3.5497843783302e-22, nan 
-17.125, -56.625, 1.729317835244674e-22, nan 
-16.875, -56.625, 1.1489928339808228e-22, nan 
-16.625, -56.625, 1.191112016938846e-22, nan 
-16.375, -56.625, 9.161507159653525e-23, nan 
-16.125, -56.625, 5.565033164575837e-23, nan 
-15.875, -56.625, 3.02750606284766e-23, nan 
-15.625, -56.625, 3.279123360717977e-23, nan 
-15.375, -56.625, 1.9906435937216824e-23, nan 
-15.125, -56.625, 1.8000536139380317e-23, nan 
-14.875, -56.625, 1.2493773227215189e-23, nan 
-14.625, -56.625, 5.380243373346338e-24, nan 
-14.375, -56.625, 1.9471687088186822e-23, nan 
-14.125, -56.625, 2.5030684308750636e-23, nan 
-13.875, -56.625, 1.4817194983907233e-23, nan 
-13.625, -56.625, 8.88614606559898e-24, nan 
-13.375, -56.625, 1.0680583633717684e-23, nan 
-13.125, -56.625, 3.3704103298751193e-23, nan 
-12.875, -56.625, 4.608416364079834e-23, nan 
-12.625, -56.625, 5.84193428465152e-23, nan 
-12.375, -56.625, 3.324929549708489e-23, nan 
-12.125, -56.625, 3.72088608728398e-23, nan 
-11.875, -56.625, 1.3162753527804794e-22, nan 
-11.625, -56.625, 1.5225764843702664e-22, nan 
-11.375, -56.625, 4.305027080628085e-23, nan 
-11.125, -56.625, 1.3967480675975815e-23, nan 
-10.875, -56.625, 1.9774710761987852e-23, nan 
-10.625, -56.625, 4.191808472849894e-23, nan 
-10.375, -56.625, 1.5406459704800897e-22, nan 
-10.125, -56.625, 1.348046612544926e-22, nan 
-9.875, -56.625, 2.218105533825721e-23, nan 
-9.625, -56.625, 1.7348426782747442e-23, nan 
-9.375, -56.625, 1.2138688064342849e-23, nan 
-9.125, -56.625, 1.0940356615590902e-23, nan 
-8.875, -56.625, 8.856540358529247e-24, nan 
-8.625, -56.625, 8.737991346992439e-24, nan 
-8.375, -56.625, 9.962857964402241e-24, nan 
-8.125, -56.625, 1.8726625956886475e-23, nan 
-7.875, -56.625, 2.9279527963973486e-23, nan 
-7.625, -56.625, 3.083176911894634e-23, nan 
-7.375, -56.625, 8.321231748691582e-23, nan 
-7.125, -56.625, 1.0089055569302692e-22, nan 
-6.875, -56.625, 8.665078201891821e-23, nan 
-6.625, -56.625, 1.9405872968908945e-23, nan 
-6.375, -56.625, 2.2142291048871194e-23, nan 
-6.125, -56.625, 2.1648577999096544e-23, nan 
-5.875, -56.625, 9.819029443779625e-24, nan 
-5.625, -56.625, 3.49149645235499e-23, nan 
-5.375, -56.625, 9.403239800623275e-23, nan 
-5.125, -56.625, 1.0590049222353173e-22, nan 
-4.875, -56.625, 1.1893172718074092e-22, nan 
-4.625, -56.625, 1.1604639449339558e-22, nan 
-4.375, -56.625, 8.248417411801394e-23, nan 
-4.125, -56.625, 5.615614546992464e-23, nan 
-3.875, -56.625, 4.5283641512602004e-23, nan 
-3.625, -56.625, 2.23601036408721e-23, nan 
-3.375, -56.625, 1.9492526477706463e-23, nan 
-3.125, -56.625, 4.2490932470993034e-23, nan 
-2.875, -56.625, 4.419083315280737e-23, nan 
-2.625, -56.625, 3.598107383513381e-23, nan 
-2.375, -56.625, 3.615277447450474e-23, nan 
-2.125, -56.625, 2.3214982304874593e-23, nan 
-1.875, -56.625, 3.4190835063866116e-23, nan 
-1.625, -56.625, 3.6169238659620425e-23, nan 
-1.375, -56.625, 2.5740604006282202e-23, nan 
-1.125, -56.625, 1.7827800399357717e-23, nan 
-0.875, -56.625, 6.506039166816753e-23, nan 
-0.625, -56.625, 9.536155328699739e-23, nan 
-0.375, -56.625, 9.63180864284619e-23, nan 
-0.125, -56.625, 4.533232919011152e-23, nan 
0.125, -56.625, 1.9487402713657088e-23, nan 
0.375, -56.625, 3.7684745423257326e-23, nan 
0.625, -56.625, 5.2921934052361724e-23, nan 
0.875, -56.625, 5.483880476801321e-23, nan 
1.125, -56.625, 5.1254807368237114e-23, nan 
1.375, -56.625, 4.563408619021411e-23, nan 
-19.125, -56.375, 3.3210887244636146e-23, nan 
-18.875, -56.375, 8.010749093102062e-23, nan 
-18.625, -56.375, 1.4898209492988099e-22, nan 
-18.375, -56.375, 1.1502051019137302e-22, nan 
-18.125, -56.375, 1.4176008169944056e-22, nan 
-17.875, -56.375, 1.8597645022501586e-22, nan 
-17.625, -56.375, 4.27933137458424e-22, nan 
-17.375, -56.375, 4.197653840818718e-22, nan 
-17.125, -56.375, 1.78592908261528e-22, nan 
-16.875, -56.375, 1.441159509767764e-22, nan 
-16.625, -56.375, 8.449493156647773e-23, nan 
-16.375, -56.375, 4.7164989776804e-23, nan 
-16.125, -56.375, 1.875182999099481e-23, nan 
-15.875, -56.375, 2.5923148978842888e-23, nan 
-15.625, -56.375, 2.3006682700421608e-23, nan 
-15.375, -56.375, 1.5549033866887436e-23, nan 
-15.125, -56.375, 9.741401809101108e-24, nan 
-14.875, -56.375, 1.1661905545166048e-23, nan 
-14.625, -56.375, 9.925386343953308e-24, nan 
-14.375, -56.375, 8.721479935384301e-24, nan 
-14.125, -56.375, 9.026625392755085e-24, nan 
-13.875, -56.375, 1.3967928261260264e-23, nan 
-13.625, -56.375, 1.8833974575077594e-23, nan 
-13.375, -56.375, 2.0532036300662744e-23, nan 
-13.125, -56.375, 1.5544357181961523e-23, nan 
-12.875, -56.375, 1.874909179426915e-23, nan 
-12.625, -56.375, 2.6503486022990267e-23, nan 
-12.375, -56.375, 2.8531423419249185e-23, nan 
-12.125, -56.375, 1.4494590322164324e-23, nan 
-11.875, -56.375, 1.5158173554528685e-23, nan 
-11.625, -56.375, 1.6939656812576027e-22, nan 
-11.375, -56.375, 1.7721224518970675e-22, nan 
-11.125, -56.375, 9.603340436937396e-23, nan 
-10.875, -56.375, 8.775132220244903e-23, nan 
-10.625, -56.375, 1.2394427973179192e-22, nan 
-10.375, -56.375, 1.1515022643746896e-22, nan 
-10.125, -56.375, 2.314274135534551e-23, nan 
-9.875, -56.375, 1.2623095650738945e-23, nan 
-9.625, -56.375, 1.1615397183522463e-23, nan 
-9.375, -56.375, 1.7762602742387156e-23, nan 
-9.125, -56.375, 1.0214260388954673e-23, nan 
-8.875, -56.375, 1.7035884316241964e-23, nan 
-8.625, -56.375, 1.8198969510546958e-23, nan 
-8.375, -56.375, 5.352706855079814e-24, nan 
-8.125, -56.375, 1.5176275305418613e-23, nan 
-7.875, -56.375, 2.350742149188593e-23, nan 
-7.625, -56.375, 1.6526791879121457e-22, nan 
-7.375, -56.375, 1.900602847491999e-22, nan 
-7.125, -56.375, 1.130351548432146e-22, nan 
-6.875, -56.375, 1.9780852333813185e-22, nan 
-6.625, -56.375, 1.9952829635857138e-22, nan 
-6.375, -56.375, 1.7073542067548224e-23, nan 
-6.125, -56.375, 1.7525671846770643e-23, nan 
-5.875, -56.375, 5.566069932403831e-23, nan 
-5.625, -56.375, 1.285352704772889e-22, nan 
-5.375, -56.375, 1.4099045868124077e-22, nan 
-5.125, -56.375, 1.0311481616055979e-22, nan 
-4.875, -56.375, 1.1676859244325153e-22, nan 
-4.625, -56.375, 1.526838094122177e-22, nan 
-4.375, -56.375, 1.9968653901516966e-22, nan 
-4.125, -56.375, 1.508714616327904e-22, nan 
-3.875, -56.375, 4.580609847297574e-23, nan 
-3.625, -56.375, 3.296923071316943e-23, nan 
-3.375, -56.375, 4.1840184277574745e-23, nan 
-3.125, -56.375, 2.931358792318475e-23, nan 
-2.875, -56.375, 1.9461170379554345e-23, nan 
-2.625, -56.375, 2.6198749135825852e-23, nan 
-2.375, -56.375, 2.9018740293462594e-23, nan 
-2.125, -56.375, 2.3924036291602045e-23, nan 
-1.875, -56.375, 2.4750182010559972e-23, nan 
-1.625, -56.375, 1.6501196993497718e-23, nan 
-1.375, -56.375, 8.218891326609219e-24, nan 
-1.125, -56.375, 1.2196677907021637e-23, nan 
-0.875, -56.375, 1.6017516591186338e-23, nan 
-0.625, -56.375, 2.0373315745249714e-23, nan 
-0.375, -56.375, 2.631565190488803e-23, nan 
-0.125, -56.375, 2.799180832703352e-23, nan 
0.125, -56.375, 2.231365598761338e-23, nan 
0.375, -56.375, 5.519598357727138e-23, nan 
0.625, -56.375, 6.445666060398672e-23, nan 
0.875, -56.375, 3.4259634893542936e-23, nan 
1.125, -56.375, 1.5067024173820864e-23, nan 
-18.875, -56.125, 2.2775440734369394e-22, nan 
-18.625, -56.125, 3.121889252344419e-22, nan 
-18.375, -56.125, 2.688580067817453e-22, nan 
-18.125, -56.125, 2.154818205185967e-22, nan 
-17.875, -56.125, 3.8615404797777233e-22, nan 
-17.625, -56.125, 5.660490963151929e-22, nan 
-17.375, -56.125, 4.323557271003043e-22, nan 
-17.125, -56.125, 1.1320901711262193e-22, nan 
-16.875, -56.125, 1.0463638191759212e-22, nan 
-16.625, -56.125, 7.707397639885905e-23, nan 
-16.375, -56.125, 2.3280926409048524e-23, nan 
-16.125, -56.125, 8.271500914689726e-24, nan 
-15.875, -56.125, 8.422884308110146e-24, nan 
-15.625, -56.125, 1.6026426697988703e-23, nan 
-15.375, -56.125, 2.0303787635270113e-23, nan 
-15.125, -56.125, 2.329036679992375e-23, nan 
-14.875, -56.125, 2.158201531205499e-23, nan 
-14.625, -56.125, 1.4972737353947878e-23, nan 
-14.375, -56.125, 1.0253816664745939e-23, nan 
-14.125, -56.125, 9.959108855049088e-24, nan 
-13.875, -56.125, 1.3975693639133137e-23, nan 
-13.625, -56.125, 2.1104396376643886e-23, nan 
-13.375, -56.125, 1.9854160561209328e-23, nan 
-13.125, -56.125, 1.6171360291088693e-23, nan 
-12.875, -56.125, 1.0575467483500641e-23, nan 
-12.625, -56.125, 1.6825379534375093e-23, nan 
-12.375, -56.125, 2.18886298769755e-23, nan 
-12.125, -56.125, 2.628747009375352e-23, nan 
-11.875, -56.125, 2.3993867771416434e-23, nan 
-11.625, -56.125, 2.5790819043255338e-23, nan 
-11.375, -56.125, 9.190024912787527e-23, nan 
-11.125, -56.125, 9.559468563758704e-23, nan 
-10.875, -56.125, 8.938210381706901e-23, nan 
-10.625, -56.125, 6.539876831937025e-23, nan 
-10.375, -56.125, 1.407310186564683e-23, nan 
-10.125, -56.125, 1.3803065096408767e-23, nan 
-9.875, -56.125, 2.5966152660573717e-23, nan 
-9.625, -56.125, 3.1694721843004223e-23, nan 
-9.375, -56.125, 3.0212264536068524e-23, nan 
-9.125, -56.125, 2.1462628549401887e-23, nan 
-8.875, -56.125, 1.9087227813696546e-23, nan 
-8.625, -56.125, 1.1242106904476193e-23, nan 
-8.375, -56.125, 1.5232608247819657e-23, nan 
-8.125, -56.125, 1.8800446222512594e-23, nan 
-7.875, -56.125, 1.7529444261609867e-23, nan 
-7.625, -56.125, 2.1266310474427967e-22, nan 
-7.375, -56.125, 2.357468497291446e-22, nan 
-7.125, -56.125, 3.8430779552477706e-23, nan 
-6.875, -56.125, 8.942092666234435e-23, nan 
-6.625, -56.125, 2.3844908338042623e-22, nan 
-6.375, -56.125, 1.8488373768440425e-22, nan 
-6.125, -56.125, 2.0223037013955964e-23, nan 
-5.875, -56.125, 1.0951834635044654e-22, nan 
-5.625, -56.125, 1.317828180554668e-22, nan 
-5.375, -56.125, 5.241148219996519e-23, nan 
-5.125, -56.125, 1.474767244944026e-23, nan 
-4.875, -56.125, 1.2431208841447003e-23, nan 
-4.625, -56.125, 3.312049498077943e-23, nan 
-4.375, -56.125, 1.861292017421731e-22, nan 
-4.125, -56.125, 1.8053471306127716e-22, nan 
-3.875, -56.125, 4.5467045442204064e-23, nan 
-3.625, -56.125, 5.531606327102909e-23, nan 
-3.375, -56.125, 6.714238331329415e-23, nan 
-3.125, -56.125, 4.448681550879126e-23, nan 
-2.875, -56.125, 3.086909881082717e-23, nan 
-2.625, -56.125, 1.585337803535724e-23, nan 
-2.375, -56.125, 1.2573250948681257e-23, nan 
-2.125, -56.125, 1.3002911538686098e-23, nan 
-1.875, -56.125, 1.5617858677936914e-23, nan 
-1.625, -56.125, 1.4763845140374715e-23, nan 
-1.375, -56.125, 1.6140570947281795e-23, nan 
-1.125, -56.125, 1.6038708588419758e-23, nan 
-0.875, -56.125, 5.5547087710300996e-24, nan 
-0.625, -56.125, 1.905243372005451e-23, nan 
-0.375, -56.125, 1.6911856953442088e-23, nan 
-0.125, -56.125, 2.1713720176131316e-23, nan 
0.125, -56.125, 1.071115680147037e-23, nan 
0.375, -56.125, 4.5466258915955367e-23, nan 
0.625, -56.125, 7.020723350033049e-23, nan 
0.875, -56.125, 5.624005178278614e-23, nan 
1.125, -56.125, 1.3524962477876573e-23, nan 
-18.375, -55.875, 3.447307820959149e-22, nan 
-18.125, -55.875, 4.0947543741485954e-22, nan 
-17.875, -55.875, 4.285392972394474e-22, nan 
-17.625, -55.875, 2.5105787477791004e-22, nan 
-17.375, -55.875, 5.267927685858656e-23, nan 
-17.125, -55.875, 4.669721076893809e-23, nan 
-16.875, -55.875, 4.9729161710354824e-23, nan 
-16.625, -55.875, 3.578822567473147e-23, nan 
-16.375, -55.875, 2.301366806519347e-23, nan 
-16.125, -55.875, 1.087962069045452e-22, nan 
-15.875, -55.875, 1.0220402107957696e-22, nan 
-15.625, -55.875, 1.6707082378982875e-23, nan 
-15.375, -55.875, 1.7040635904906594e-23, nan 
-15.125, -55.875, 1.5920088490876865e-23, nan 
-14.875, -55.875, 8.697016598338973e-24, nan 
-14.625, -55.875, 6.15041280329104e-24, nan 
-14.375, -55.875, 1.3040246322489262e-23, nan 
-14.125, -55.875, 3.0358193064931835e-23, nan 
-13.875, -55.875, 2.4038059321387258e-23, nan 
-13.625, -55.875, 2.55680502108981e-23, nan 
-13.375, -55.875, 2.5456027983871767e-23, nan 
-13.125, -55.875, 1.9234459092897928e-23, nan 
-12.875, -55.875, 2.6778455664171996e-23, nan 
-12.625, -55.875, 2.389103158478886e-23, nan 
-12.375, -55.875, 2.298870802368351e-23, nan 
-12.125, -55.875, 2.8332761535456974e-23, nan 
-11.875, -55.875, 3.342939638089321e-23, nan 
-11.625, -55.875, 3.58434436387763e-23, nan 
-11.375, -55.875, 2.708962796346925e-23, nan 
-11.125, -55.875, 3.171847946278202e-23, nan 
-10.875, -55.875, 3.8459714718395497e-23, nan 
-10.625, -55.875, 4.414235873666011e-23, nan 
-10.375, -55.875, 4.3005905862698754e-23, nan 
-10.125, -55.875, 3.493286549705056e-23, nan 
-9.875, -55.875, 3.633774529852075e-23, nan 
-9.625, -55.875, 3.2190871199103854e-23, nan 
-9.375, -55.875, 6.77965472204914e-23, nan 
-9.125, -55.875, 5.40245376755825e-23, nan 
-8.875, -55.875, 1.4786082510487173e-23, nan 
-8.625, -55.875, 7.158320479788848e-24, nan 
-8.375, -55.875, 6.42824637572273e-24, nan 
-8.125, -55.875, 1.0123139694781832e-23, nan 
-7.875, -55.875, 5.452490423667611e-23, nan 
-7.625, -55.875, 1.1266922352911321e-22, nan 
-7.375, -55.875, 1.7982187500113592e-22, nan 
-7.125, -55.875, 1.5698683425224733e-22, nan 
-6.875, -55.875, 1.3768742215407891e-22, nan 
-6.625, -55.875, 1.3456518598015762e-22, nan 
-6.375, -55.875, 4.0249249589079024e-23, nan 
-6.125, -55.875, 1.8927879540917788e-23, nan 
-5.875, -55.875, 4.5386896331521756e-23, nan 
-5.625, -55.875, 1.3327545288624811e-22, nan 
-5.375, -55.875, 1.4812029848896588e-22, nan 
-5.125, -55.875, 1.0991613544788068e-22, nan 
-4.875, -55.875, 1.1698034337488686e-22, nan 
-4.625, -55.875, 1.5322260279494284e-22, nan 
-4.375, -55.875, 1.936476442352818e-22, nan 
-4.125, -55.875, 1.4293218126682267e-22, nan 
-3.875, -55.875, 5.134237841747126e-23, nan 
-3.625, -55.875, 7.51304318366698e-23, nan 
-3.375, -55.875, 7.743665183941339e-23, nan 
-3.125, -55.875, 7.685396570049988e-23, nan 
-2.875, -55.875, 3.7172620382883843e-23, nan 
-2.625, -55.875, 3.0444772811279365e-23, nan 
-2.375, -55.875, 1.721651756314478e-23, nan 
-2.125, -55.875, 4.507212639331833e-24, nan 
-1.875, -55.875, 5.6656030042080326e-24, nan 
-1.625, -55.875, 4.421696510993645e-24, nan 
-1.375, -55.875, 5.421545043518682e-24, nan 
-1.125, -55.875, 2.37487121337137e-23, nan 
-0.875, -55.875, 3.701403118595114e-23, nan 
-0.625, -55.875, 5.831321510776189e-23, nan 
-0.375, -55.875, 4.487489533159828e-23, nan 
-0.125, -55.875, 1.535803651645586e-23, nan 
0.125, -55.875, 2.5067887405762138e-23, nan 
0.375, -55.875, 4.373290876005758e-23, nan 
0.625, -55.875, 4.6953401619276635e-23, nan 
0.875, -55.875, 3.460481396884776e-23, nan 
-18.125, -55.625, 2.2584420033143307e-22, nan 
-17.875, -55.625, 6.755489748795805e-23, nan 
-17.625, -55.625, 4.320674132779454e-23, nan 
-17.375, -55.625, 5.361886782582663e-23, nan 
-17.125, -55.625, 3.7934934864780496e-23, nan 
-16.875, -55.625, 3.164958209034432e-23, nan 
-16.625, -55.625, 2.7835239910749295e-23, nan 
-16.375, -55.625, 2.0578398452705202e-22, nan 
-16.125, -55.625, 2.425511911323513e-22, nan 
-15.875, -55.625, 2.096210242453387e-22, nan 
-15.625, -55.625, 1.6024631475639268e-22, nan 
-15.375, -55.625, 1.643503299328917e-23, nan 
-15.125, -55.625, 1.685955040315715e-23, nan 
-14.875, -55.625, 2.1345444782748668e-23, nan 
-14.625, -55.625, 1.744079797400001e-23, nan 
-14.375, -55.625, 2.1277508800708153e-23, nan 
-14.125, -55.625, 2.8295164052135605e-23, nan 
-13.875, -55.625, 1.8385567444690448e-23, nan 
-13.625, -55.625, 2.3006140805763658e-23, nan 
-13.375, -55.625, 2.6916542857667295e-23, nan 
-13.125, -55.625, 1.8641878147092925e-23, nan 
-12.875, -55.625, 2.6225766502488448e-23, nan 
-12.625, -55.625, 2.3731895175531955e-23, nan 
-12.375, -55.625, 2.557995792525702e-23, nan 
-12.125, -55.625, 2.999517511178266e-23, nan 
-11.875, -55.625, 2.4610750262099754e-23, nan 
-11.625, -55.625, 2.419627188313726e-23, nan 
-11.375, -55.625, 2.4244286372919625e-23, nan 
-11.125, -55.625, 3.298734164796972e-23, nan 
-10.875, -55.625, 4.1992279270516495e-23, nan 
-10.625, -55.625, 4.843880252154465e-23, nan 
-10.375, -55.625, 4.321497642791177e-23, nan 
-10.125, -55.625, 2.65198386136631e-23, nan 
-9.875, -55.625, 2.4474882734414948e-23, nan 
-9.625, -55.625, 2.659632439985849e-23, nan 
-9.375, -55.625, 3.8124703488847366e-23, nan 
-9.125, -55.625, 1.0597332883257026e-23, nan 
-8.875, -55.625, 1.2236365239080256e-23, nan 
-8.625, -55.625, 9.759457549280427e-24, nan 
-8.375, -55.625, 7.904078317507988e-24, nan 
-8.125, -55.625, 6.451793826679088e-24, nan 
-7.875, -55.625, 9.534299480481758e-24, nan 
-7.625, -55.625, 3.624741264444618e-23, nan 
-7.375, -55.625, 2.1522971374873768e-23, nan 
-7.125, -55.625, 8.770902748717186e-23, nan 
-6.875, -55.625, 7.113436472147248e-23, nan 
-6.625, -55.625, 1.7142912774771653e-23, nan 
-6.375, -55.625, 1.3700476338784177e-23, nan 
-6.125, -55.625, 1.3180009158087023e-23, nan 
-5.875, -55.625, 1.1045804350655991e-23, nan 
-5.625, -55.625, 2.551054523282293e-23, nan 
-5.375, -55.625, 9.271967412036478e-23, nan 
-5.125, -55.625, 1.0933711865436277e-22, nan 
-4.875, -55.625, 1.1436633188787547e-22, nan 
-4.625, -55.625, 1.1330354231461718e-22, nan 
-4.375, -55.625, 7.119180959407867e-23, nan 
-4.125, -55.625, 6.61895885379797e-23, nan 
-3.875, -55.625, 1.0095934004823199e-22, nan 
-3.625, -55.625, 1.047424582187002e-22, nan 
-3.375, -55.625, 6.253382223124037e-23, nan 
-3.125, -55.625, 1.4436790808155112e-22, nan 
-2.875, -55.625, 1.1990984896565975e-22, nan 
-2.625, -55.625, 3.6196376304706236e-23, nan 
-2.375, -55.625, 3.387700410659314e-23, nan 
-2.125, -55.625, 1.1006438979167844e-23, nan 
-1.875, -55.625, 7.318491066383456e-24, nan 
-1.625, -55.625, 6.909253438846084e-24, nan 
-1.375, -55.625, 4.1993096767133165e-24, nan 
-1.125, -55.625, 7.114876381181402e-24, nan 
-0.875, -55.625, 6.960259747868873e-24, nan 
-0.625, -55.625, 2.0982271768118483e-23, nan 
-0.375, -55.625, 2.5336449795973603e-23, nan 
-0.125, -55.625, 2.832894853183885e-23, nan 
0.125, -55.625, 2.0733762996190226e-23, nan 
0.375, -55.625, 2.489820015181967e-23, nan 
0.625, -55.625, 3.267790263555146e-23, nan 
-17.875, -55.375, 3.3193451525672963e-23, nan 
-17.625, -55.375, 3.98083759994178e-23, nan 
-17.375, -55.375, 2.42034936964828e-23, nan 
-17.125, -55.375, 2.3983080405472283e-23, nan 
-16.875, -55.375, 2.3604180021732027e-23, nan 
-16.625, -55.375, 3.6058673465701965e-23, nan 
-16.375, -55.375, 4.247416259536089e-23, nan 
-16.125, -55.375, 9.437331334421384e-23, nan 
-15.875, -55.375, 8.57075922073299e-23, nan 
-15.625, -55.375, 2.5781820163657858e-23, nan 
-15.375, -55.375, 2.3500960152004855e-23, nan 
-15.125, -55.375, 2.5892653230612928e-23, nan 
-14.875, -55.375, 2.3131550057580438e-23, nan 
-14.625, -55.375, 1.5256906071914506e-23, nan 
-14.375, -55.375, 3.166201272348854e-23, nan 
-14.125, -55.375, 2.8413881614300194e-23, nan 
-13.875, -55.375, 1.4274790037012014e-23, nan 
-13.625, -55.375, 1.9311381677414024e-23, nan 
-13.375, -55.375, 3.169377245395709e-23, nan 
-13.125, -55.375, 2.4788458831659202e-23, nan 
-12.875, -55.375, 1.152705195855072e-23, nan 
-12.625, -55.375, 1.3655305274901968e-23, nan 
-12.375, -55.375, 1.867966739027582e-23, nan 
-12.125, -55.375, 2.4954729141086227e-23, nan 
-11.875, -55.375, 2.610565835280431e-23, nan 
-11.625, -55.375, 2.1849887347147426e-23, nan 
-11.375, -55.375, 1.0525496314472471e-23, nan 
-11.125, -55.375, 1.22323921716669e-23, nan 
-10.875, -55.375, 1.9139621687727804e-23, nan 
-10.625, -55.375, 2.6244367528578788e-23, nan 
-10.375, -55.375, 2.3424518610868254e-23, nan 
-10.125, -55.375, 1.757561011994461e-23, nan 
-9.875, -55.375, 2.473215452395404e-23, nan 
-9.625, -55.375, 2.496085406830918e-23, nan 
-9.375, -55.375, 1.7070243209006345e-23, nan 
-9.125, -55.375, 2.3472147263011715e-23, nan 
-8.875, -55.375, 1.9807850483085185e-23, nan 
-8.625, -55.375, 1.0307729734855056e-23, nan 
-8.375, -55.375, 1.2674551121125813e-23, nan 
-8.125, -55.375, 1.4255233860952947e-23, nan 
-7.875, -55.375, 1.2556311650383594e-23, nan 
-7.625, -55.375, 1.1690740735749556e-23, nan 
-7.375, -55.375, 5.834626965946448e-24, nan 
-7.125, -55.375, 4.055442329038437e-24, nan 
-6.875, -55.375, 5.790631709596722e-24, nan 
-6.625, -55.375, 7.575487659726753e-24, nan 
-6.375, -55.375, 1.221359280196993e-23, nan 
-6.125, -55.375, 1.0386251705403395e-23, nan 
-5.875, -55.375, 2.1539008478496904e-23, nan 
-5.625, -55.375, 2.3936728282364503e-23, nan 
-5.375, -55.375, 9.282987305976456e-24, nan 
-5.125, -55.375, 5.5176572543833294e-24, nan 
-4.875, -55.375, 7.205852235455298e-24, nan 
-4.625, -55.375, 9.707730616829746e-24, nan 
-4.375, -55.375, 1.475704696516002e-23, nan 
-4.125, -55.375, 2.5558461926239567e-23, nan 
-3.875, -55.375, 2.5861108704579156e-23, nan 
-3.625, -55.375, 5.775688970619718e-23, nan 
-3.375, -55.375, 5.515385844689148e-23, nan 
-3.125, -55.375, 6.243031608008125e-23, nan 
-2.875, -55.375, 2.2705978845796005e-23, nan 
-2.625, -55.375, 2.528213577868066e-23, nan 
-2.375, -55.375, 1.5696653447773012e-23, nan 
-2.125, -55.375, 7.697036992685808e-24, nan 
-1.875, -55.375, 6.438744656738999e-23, nan 
-1.625, -55.375, 1.0815303504544386e-23, nan 
-1.375, -55.375, 1.3789218923538562e-23, nan 
-1.125, -55.375, 9.103957561435206e-24, nan 
-0.875, -55.375, 1.7971218135970155e-23, nan 
-0.625, -55.375, 1.214766829303941e-23, nan 
-0.375, -55.375, 1.3446817400918885e-23, nan 
-0.125, -55.375, 1.3837778476778504e-23, nan 
0.125, -55.375, 1.6074727895090758e-23, nan 
0.375, -55.375, 2.942799738602357e-23, nan 
-17.375, -55.125, 3.93096414975949e-23, nan 
-17.125, -55.125, 2.9851068253540394e-23, nan 
-16.875, -55.125, 3.021752878563289e-23, nan 
-16.625, -55.125, 3.9325728636559844e-23, nan 
-16.375, -55.125, 3.58631403387003e-23, nan 
-16.125, -55.125, 2.829739421185598e-23, nan 
-15.875, -55.125, 2.4994305690693597e-23, nan 
-15.625, -55.125, 2.2411439943000076e-23, nan 
-15.375, -55.125, 2.5705040277334256e-23, nan 
-15.125, -55.125, 2.591172078008026e-23, nan 
-14.875, -55.125, 1.9796336843817872e-23, nan 
-14.625, -55.125, 4.237813569659823e-23, nan 
-14.375, -55.125, 6.284221109548193e-23, nan 
-14.125, -55.125, 4.5941528818423694e-23, nan 
-13.875, -55.125, 1.793940984807167e-23, nan 
-13.625, -55.125, 1.3837189867410328e-23, nan 
-13.375, -55.125, 2.2420018139768962e-23, nan 
-13.125, -55.125, 2.4501724160306496e-23, nan 
-12.875, -55.125, 1.0175281410356792e-23, nan 
-12.625, -55.125, 7.059548553649939e-24, nan 
-12.375, -55.125, 1.5010031010728523e-23, nan 
-12.125, -55.125, 1.8812091262215676e-23, nan 
-11.875, -55.125, 2.0473971439842343e-23, nan 
-11.625, -55.125, 2.9908619894613215e-23, nan 
-11.375, -55.125, 2.5801992505273546e-23, nan 
-11.125, -55.125, 2.4948959690343115e-23, nan 
-10.875, -55.125, 2.906534794336523e-23, nan 
-10.625, -55.125, 2.9168799955949684e-23, nan 
-10.375, -55.125, 1.9995323927638578e-23, nan 
-10.125, -55.125, 1.3743879814372527e-23, nan 
-9.875, -55.125, 3.811414275970923e-23, nan 
-9.625, -55.125, 4.3557594833750955e-23, nan 
-9.375, -55.125, 3.8118529613671394e-23, nan 
-9.125, -55.125, 3.4190029236045364e-23, nan 
-8.875, -55.125, 1.6553400036139902e-23, nan 
-8.625, -55.125, 8.31445274234081e-24, nan 
-8.375, -55.125, 1.7159307499196e-23, nan 
-8.125, -55.125, 2.596596216994184e-23, nan 
-7.875, -55.125, 3.458387591912993e-23, nan 
-7.625, -55.125, 3.3203405330446365e-23, nan 
-7.375, -55.125, 2.0069984825921182e-23, nan 
-7.125, -55.125, 3.718136747496535e-24, nan 
-6.875, -55.125, 9.440993603855646e-24, nan 
-6.625, -55.125, 4.713336600706853e-23, nan 
-6.375, -55.125, 6.173677238078577e-23, nan 
-6.125, -55.125, 3.3614808589559853e-23, nan 
-5.875, -55.125, 2.7595709741595365e-23, nan 
-5.625, -55.125, 3.2871659020558876e-23, nan 
-5.375, -55.125, 2.589788990238347e-23, nan 
-5.125, -55.125, 2.4169763908396578e-23, nan 
-4.875, -55.125, 1.6469458883680572e-23, nan 
-4.625, -55.125, 6.420892995091901e-24, nan 
-4.375, -55.125, 2.1162830242276597e-23, nan 
-4.125, -55.125, 2.0387790836531515e-23, nan 
-3.875, -55.125, 1.1414719748106129e-23, nan 
-3.625, -55.125, 1.0745555433588685e-23, nan 
-3.375, -55.125, 1.1588265163668121e-23, nan 
-3.125, -55.125, 1.4256506642609655e-23, nan 
-2.875, -55.125, 5.94176360213564e-23, nan 
-2.625, -55.125, 2.647960664985306e-23, nan 
-2.375, -55.125, 1.840885469071318e-23, nan 
-2.125, -55.125, 1.1089457627639624e-22, nan 
-1.875, -55.125, 1.6771472193553597e-22, nan 
-1.625, -55.125, 1.101049925121178e-22, nan 
-1.375, -55.125, 1.781982079093465e-23, nan 
-1.125, -55.125, 2.082916182877271e-23, nan 
-0.875, -55.125, 3.1951883450529857e-23, nan 
-0.625, -55.125, 3.9488692328626686e-23, nan 
-0.375, -55.125, 3.2398626863352497e-23, nan 
-0.125, -55.125, 2.651681631579357e-23, nan 
0.125, -55.125, 2.7269157310477705e-23, nan 
0.375, -55.125, 3.2943652385327177e-23, nan 
-17.125, -54.875, 3.6246019450735236e-23, nan 
-16.875, -54.875, 3.775920772527238e-23, nan 
-16.625, -54.875, 2.5540821257539165e-23, nan 
-16.375, -54.875, 1.1829153701685204e-23, nan 
-16.125, -54.875, 1.2963816509561789e-23, nan 
-15.875, -54.875, 1.9278542279417038e-23, nan 
-15.625, -54.875, 2.729794796528351e-23, nan 
-15.375, -54.875, 2.3638402560260624e-23, nan 
-15.125, -54.875, 2.6196400908476788e-23, nan 
-14.875, -54.875, 3.7488068967588357e-23, nan 
-14.625, -54.875, 4.250620032267778e-23, nan 
-14.375, -54.875, 4.642235646856927e-23, nan 
-14.125, -54.875, 2.727675517658852e-23, nan 
-13.875, -54.875, 1.9869195003955833e-23, nan 
-13.625, -54.875, 1.1059752521425603e-23, nan 
-13.375, -54.875, 1.1339690382753528e-23, nan 
-13.125, -54.875, 1.6781210297837394e-23, nan 
-12.875, -54.875, 9.878365191176583e-24, nan 
-12.625, -54.875, 1.5363890380260814e-23, nan 
-12.375, -54.875, 4.02010767433916e-23, nan 
-12.125, -54.875, 7.314502579744071e-23, nan 
-11.875, -54.875, 1.953297454809189e-23, nan 
-11.625, -54.875, 1.43752883127704e-23, nan 
-11.375, -54.875, 4.9819470645917136e-23, nan 
-11.125, -54.875, 4.6190088028312e-23, nan 
-10.875, -54.875, 3.0628325167382824e-23, nan 
-10.625, -54.875, 3.607430536256659e-23, nan 
-10.375, -54.875, 3.041432461879266e-23, nan 
-10.125, -54.875, 1.3537280341007946e-23, nan 
-9.875, -54.875, 1.928435636303973e-23, nan 
-9.625, -54.875, 2.9155122268090085e-23, nan 
-9.375, -54.875, 2.531321054899157e-23, nan 
-9.125, -54.875, 1.7074786974139964e-23, nan 
-8.875, -54.875, 1.7813602457577347e-23, nan 
-8.625, -54.875, 1.1963109164747406e-23, nan 
-8.375, -54.875, 6.67226169214758e-24, nan 
-8.125, -54.875, 1.4009956593881168e-23, nan 
-7.875, -54.875, 1.9095865887269373e-23, nan 
-7.625, -54.875, 1.155733078688946e-23, nan 
-7.375, -54.875, 1.258306525425157e-23, nan 
-7.125, -54.875, 6.3007714082662654e-24, nan 
-6.875, -54.875, 9.138569865718139e-23, nan 
-6.625, -54.875, 9.049697223838711e-23, nan 
-6.375, -54.875, 8.628074679777999e-23, nan 
-6.125, -54.875, 1.1294361440781263e-22, nan 
-5.875, -54.875, 8.110200476972143e-23, nan 
-5.625, -54.875, 2.1779623643892837e-23, nan 
-5.375, -54.875, 2.452787531007298e-23, nan 
-5.125, -54.875, 2.6533333282078316e-23, nan 
-4.875, -54.875, 1.3800145297594852e-23, nan 
-4.625, -54.875, 3.1320979004845356e-24, nan 
-4.375, -54.875, 1.2958794471763396e-23, nan 
-4.125, -54.875, 6.483414604390399e-23, nan 
-3.875, -54.875, 9.02542381915416e-23, nan 
-3.625, -54.875, 1.694685248361198e-23, nan 
-3.375, -54.875, 1.632599343807338e-23, nan 
-3.125, -54.875, 9.027195000081517e-23, nan 
-2.875, -54.875, 1.63321946934867e-22, nan 
-2.625, -54.875, 1.0941888382793477e-22, nan 
-2.375, -54.875, 2.0391803919181547e-23, nan 
-2.125, -54.875, 9.745213299833648e-23, nan 
-1.875, -54.875, 1.4698857421960427e-22, nan 
-1.625, -54.875, 1.0148525130137706e-22, nan 
-1.375, -54.875, 2.133332187918756e-23, nan 
-1.125, -54.875, 2.0696137526232743e-23, nan 
-0.875, -54.875, 2.6202863780641148e-23, nan 
-0.625, -54.875, 3.805744271875302e-23, nan 
-0.375, -54.875, 3.209891946828528e-23, nan 
-0.125, -54.875, 7.560680715091857e-23, nan 
0.125, -54.875, 5.160122347659486e-23, nan 
-16.625, -54.625, 2.2651669614796026e-23, nan 
-16.375, -54.625, 2.152331976336466e-23, nan 
-16.125, -54.625, 2.3535458090421616e-23, nan 
-15.875, -54.625, 3.0257679799509184e-23, nan 
-15.625, -54.625, 2.8968085283810775e-23, nan 
-15.375, -54.625, 1.4130835683963738e-23, nan 
-15.125, -54.625, 1.6482816803404567e-23, nan 
-14.875, -54.625, 2.669301150726819e-23, nan 
-14.625, -54.625, 1.972095016576802e-23, nan 
-14.375, -54.625, 2.2094772057295604e-23, nan 
-14.125, -54.625, 1.688870142969056e-23, nan 
-13.875, -54.625, 2.773073174575405e-23, nan 
-13.625, -54.625, 2.0983036836178617e-23, nan 
-13.375, -54.625, 1.2511831305667448e-23, nan 
-13.125, -54.625, 1.8823659803674595e-23, nan 
-12.875, -54.625, 1.9055967756149293e-23, nan 
-12.625, -54.625, 4.158860508794994e-23, nan 
-12.375, -54.625, 6.439365338506236e-23, nan 
-12.125, -54.625, 1.637563937432852e-22, nan 
-11.875, -54.625, 1.4811146318237317e-22, nan 
-11.625, -54.625, 6.040093146474732e-23, nan 
-11.375, -54.625, 5.910908329382273e-23, nan 
-11.125, -54.625, 2.3042362878139876e-23, nan 
-10.875, -54.625, 1.9814310782501977e-23, nan 
-10.625, -54.625, 2.1909855428915213e-23, nan 
-10.375, -54.625, 2.9399210188250844e-23, nan 
-10.125, -54.625, 3.215543458444671e-23, nan 
-9.875, -54.625, 3.495128271898069e-23, nan 
-9.625, -54.625, 2.4182600530717375e-23, nan 
-9.375, -54.625, 2.1744135290450765e-23, nan 
-9.125, -54.625, 2.3109837163444156e-23, nan 
-8.875, -54.625, 1.9111386453640813e-23, nan 
-8.625, -54.625, 1.550365672862015e-23, nan 
-8.375, -54.625, 1.2738600387441528e-23, nan 
-8.125, -54.625, 7.77944876139418e-24, nan 
-7.875, -54.625, 1.2369560122818713e-23, nan 
-7.625, -54.625, 1.6454527043281532e-23, nan 
-7.375, -54.625, 1.7933570586259157e-23, nan 
-7.125, -54.625, 9.735550970877697e-23, nan 
-6.875, -54.625, 1.326575094005594e-22, nan 
-6.625, -54.625, 7.412332535024955e-23, nan 
-6.375, -54.625, 2.4667557651890164e-23, nan 
-6.125, -54.625, 1.612381091280053e-22, nan 
-5.875, -54.625, 1.529149608094402e-22, nan 
-5.625, -54.625, 2.1610861649465154e-23, nan 
-5.375, -54.625, 2.025364600560549e-23, nan 
-5.125, -54.625, 9.619500489411635e-24, nan 
-4.875, -54.625, 1.0102792140823056e-23, nan 
-4.625, -54.625, 1.2112929228503404e-23, nan 
-4.375, -54.625, 1.1324838807681629e-22, nan 
-4.125, -54.625, 1.4775254938149671e-22, nan 
-3.875, -54.625, 1.84045856210067e-22, nan 
-3.625, -54.625, 1.3645690413144356e-22, nan 
-3.375, -54.625, 2.5274905144333787e-23, nan 
-3.125, -54.625, 1.8028595313544276e-23, nan 
-2.875, -54.625, 6.778538721899145e-23, nan 
-2.625, -54.625, 1.7596174373965233e-23, nan 
-2.375, -54.625, 1.7491848512446545e-23, nan 
-2.125, -54.625, 2.3204305649282491e-23, nan 
-1.875, -54.625, 5.0237512275760633e-23, nan 
-1.625, -54.625, 1.6684416580244887e-23, nan 
-1.375, -54.625, 2.0341529582593404e-23, nan 
-1.125, -54.625, 3.3445791491338844e-23, nan 
-0.875, -54.625, 3.3209876197815075e-23, nan 
-0.625, -54.625, 9.502816274138532e-23, nan 
-0.375, -54.625, 1.4822241540227982e-22, nan 
-0.125, -54.625, 1.4829323361563436e-22, nan 
-16.375, -54.375, 2.2024033400745807e-23, nan 
-16.125, -54.375, 3.46154301353232e-23, nan 
-15.875, -54.375, 2.93562712904423e-23, nan 
-15.625, -54.375, 2.2898749388936836e-23, nan 
-15.375, -54.375, 2.24543091569063e-23, nan 
-15.125, -54.375, 2.2731148840124074e-23, nan 
-14.875, -54.375, 2.4405439959057704e-23, nan 
-14.625, -54.375, 3.313447026677403e-23, nan 
-14.375, -54.375, 2.730036241869465e-23, nan 
-14.125, -54.375, 2.9945437236257053e-23, nan 
-13.875, -54.375, 3.777783773105704e-23, nan 
-13.625, -54.375, 2.616815168954119e-23, nan 
-13.375, -54.375, 2.340588030428751e-23, nan 
-13.125, -54.375, 3.5494038873334625e-23, nan 
-12.875, -54.375, 3.4888293680127646e-23, nan 
-12.625, -54.375, 2.4312987227275286e-23, nan 
-12.375, -54.375, 1.271928589921614e-22, nan 
-12.125, -54.375, 1.7882148093881006e-22, nan 
-11.875, -54.375, 1.212003117563429e-22, nan 
-11.625, -54.375, 4.214750705869349e-23, nan 
-11.375, -54.375, 1.7815888056772958e-23, nan 
-11.125, -54.375, 1.966203431964284e-23, nan 
-10.875, -54.375, 2.9990974715632475e-23, nan 
-10.625, -54.375, 2.0147323603235443e-23, nan 
-10.375, -54.375, 2.0078889243482736e-23, nan 
-10.125, -54.375, 2.4029433980779365e-23, nan 
-9.875, -54.375, 3.5699402047482906e-23, nan 
-9.625, -54.375, 2.7128933733735316e-23, nan 
-9.375, -54.375, 3.133570878184122e-23, nan 
-9.125, -54.375, 2.426902879297244e-23, nan 
-8.875, -54.375, 1.479843001594871e-23, nan 
-8.625, -54.375, 1.8646140175207293e-23, nan 
-8.375, -54.375, 1.8789504849229958e-23, nan 
-8.125, -54.375, 1.7321361360368195e-23, nan 
-7.875, -54.375, 1.6036531966277858e-23, nan 
-7.625, -54.375, 1.1881893980622178e-23, nan 
-7.375, -54.375, 2.933653866518053e-23, nan 
-7.125, -54.375, 3.2914774014855764e-23, nan 
-6.875, -54.375, 7.786172636617819e-23, nan 
-6.625, -54.375, 1.1171488069600122e-22, nan 
-6.375, -54.375, 1.1190945220489375e-22, nan 
-6.125, -54.375, 1.2322084211801314e-22, nan 
-5.875, -54.375, 1.0503744121060012e-22, nan 
-5.625, -54.375, 8.650582066487157e-24, nan 
-5.375, -54.375, 7.547171707442605e-24, nan 
-5.125, -54.375, 1.0217289749315107e-23, nan 
-4.875, -54.375, 1.2343426354538076e-23, nan 
-4.625, -54.375, 1.6546935388886445e-23, nan 
-4.375, -54.375, 1.728480521421873e-23, nan 
-4.125, -54.375, 6.286302731767939e-23, nan 
-3.875, -54.375, 7.91563413790221e-23, nan 
-3.625, -54.375, 2.4214502334825256e-23, nan 
-3.375, -54.375, 2.992503980937232e-23, nan 
-3.125, -54.375, 2.6217744955967313e-23, nan 
-2.875, -54.375, 2.7181755887132334e-23, nan 
-2.625, -54.375, 2.424891222491419e-23, nan 
-2.375, -54.375, 3.227202744986859e-23, nan 
-2.125, -54.375, 2.960480886209686e-23, nan 
-1.875, -54.375, 1.3267910321882848e-23, nan 
-1.625, -54.375, 2.4218389358564272e-23, nan 
-1.375, -54.375, 3.18006483092575e-23, nan 
-1.125, -54.375, 2.7857156540466564e-23, nan 
-0.875, -54.375, 1.2863452661159467e-22, nan 
-0.625, -54.375, 1.6534011605871592e-22, nan 
-0.375, -54.375, 9.962440409238722e-23, nan 
-15.875, -54.125, 2.453344568333879e-23, nan 
-15.625, -54.125, 1.7137963610619826e-23, nan 
-15.375, -54.125, 1.8562769066978413e-23, nan 
-15.125, -54.125, 1.9521280855758243e-23, nan 
-14.875, -54.125, 2.265417226960015e-23, nan 
-14.625, -54.125, 3.282728610057369e-23, nan 
-14.375, -54.125, 3.456172991476876e-23, nan 
-14.125, -54.125, 2.861586203247918e-23, nan 
-13.875, -54.125, 4.459677663399887e-23, nan 
-13.625, -54.125, 4.2086206138549695e-23, nan 
-13.375, -54.125, 5.192245471912711e-23, nan 
-13.125, -54.125, 4.9156425449793866e-23, nan 
-12.875, -54.125, 3.452714209225617e-23, nan 
-12.625, -54.125, 2.910043199941829e-23, nan 
-12.375, -54.125, 2.117300106560234e-23, nan 
-12.125, -54.125, 5.739659100916296e-23, nan 
-11.875, -54.125, 1.4250431267268515e-23, nan 
-11.625, -54.125, 1.6856460548607283e-23, nan 
-11.375, -54.125, 1.7069907064210145e-23, nan 
-11.125, -54.125, 3.6882113823401794e-23, nan 
-10.875, -54.125, 9.767072532873863e-23, nan 
-10.625, -54.125, 7.213581975031695e-23, nan 
-10.375, -54.125, 2.486484522144618e-23, nan 
-10.125, -54.125, 2.5417167647918134e-23, nan 
-9.875, -54.125, 2.7451475875817726e-23, nan 
-9.625, -54.125, 2.680305996903362e-23, nan 
-9.375, -54.125, 3.190889671056143e-23, nan 
-9.125, -54.125, 2.459923791623119e-23, nan 
-8.875, -54.125, 2.762436761689728e-23, nan 
-8.625, -54.125, 2.7057482407203616e-23, nan 
-8.375, -54.125, 2.854126571136425e-23, nan 
-8.125, -54.125, 2.861817203986406e-23, nan 
-7.875, -54.125, 3.5954742506273436e-23, nan 
-7.625, -54.125, 6.270424894129472e-23, nan 
-7.375, -54.125, 5.710573237302324e-23, nan 
-7.125, -54.125, 3.410227289389011e-23, nan 
-6.875, -54.125, 2.4554377264301135e-23, nan 
-6.625, -54.125, 3.0655729182193725e-23, nan 
-6.375, -54.125, 6.817186624884497e-23, nan 
-6.125, -54.125, 5.691169221787898e-23, nan 
-5.875, -54.125, 9.779737529812366e-24, nan 
-5.625, -54.125, 8.813665285951118e-24, nan 
-5.375, -54.125, 6.584720427720104e-24, nan 
-5.125, -54.125, 8.611416351285636e-24, nan 
-4.875, -54.125, 5.861045276542843e-23, nan 
-4.625, -54.125, 3.5341627302384444e-23, nan 
-4.375, -54.125, 3.139022204312146e-23, nan 
-4.125, -54.125, 1.6155475704531592e-23, nan 
-3.875, -54.125, 3.058871211955065e-23, nan 
-3.625, -54.125, 3.5118671504435057e-23, nan 
-3.375, -54.125, 5.958922814581904e-23, nan 
-3.125, -54.125, 5.791516947282565e-23, nan 
-2.875, -54.125, 2.1867016872361588e-23, nan 
-2.625, -54.125, 2.324857174151809e-23, nan 
-2.375, -54.125, 2.655937482770716e-23, nan 
-2.125, -54.125, 2.3846834387583607e-23, nan 
-1.875, -54.125, 2.67095482732135e-23, nan 
-1.625, -54.125, 2.605885854376468e-23, nan 
-1.375, -54.125, 1.9441176319775683e-23, nan 
-1.125, -54.125, 2.1078049789006234e-23, nan 
-0.875, -54.125, 2.1892992761924953e-23, nan 
-0.625, -54.125, 1.0951637847954292e-22, nan 
-0.375, -54.125, 1.1521471700459057e-22, nan 
-15.625, -53.875, 1.5886205597743173e-23, nan 
-15.375, -53.875, 2.2566679262938833e-23, nan 
-15.125, -53.875, 3.590370559956537e-23, nan 
-14.875, -53.875, 2.964014464445927e-23, nan 
-14.625, -53.875, 2.3289222804731242e-23, nan 
-14.375, -53.875, 5.994319386820651e-23, nan 
-14.125, -53.875, 1.0230227870356866e-22, nan 
-13.875, -53.875, 8.432924611581775e-23, nan 
-13.625, -53.875, 4.543744704878277e-23, nan 
-13.375, -53.875, 4.667697132862414e-23, nan 
-13.125, -53.875, 4.7353323861206927e-23, nan 
-12.875, -53.875, 5.428974188743821e-23, nan 
-12.625, -53.875, 1.5866717788053664e-23, nan 
-12.375, -53.875, 1.2865067326069495e-23, nan 
-12.125, -53.875, 1.219160251168749e-23, nan 
-11.875, -53.875, 1.4318032610403294e-23, nan 
-11.625, -53.875, 1.1940074472247288e-23, nan 
-11.375, -53.875, 1.0554976433375465e-23, nan 
-11.125, -53.875, 6.190301536524415e-23, nan 
-10.875, -53.875, 8.512753522801587e-23, nan 
-10.625, -53.875, 2.270062958320441e-23, nan 
-10.375, -53.875, 2.696159748089053e-23, nan 
-10.125, -53.875, 2.4395296805783706e-23, nan 
-9.875, -53.875, 2.4850995788305622e-23, nan 
-9.625, -53.875, 3.5224114395954553e-23, nan 
-9.375, -53.875, 5.25919597402612e-23, nan 
-9.125, -53.875, 1.0093603359198793e-22, nan 
-8.875, -53.875, 1.1142791750269568e-22, nan 
-8.625, -53.875, 9.707588803645962e-23, nan 
-8.375, -53.875, 9.144897379417895e-23, nan 
-8.125, -53.875, 8.245158480505253e-23, nan 
-7.875, -53.875, 6.535188077708387e-23, nan 
-7.625, -53.875, 7.108276193006745e-23, nan 
-7.375, -53.875, 4.482633575801943e-23, nan 
-7.125, -53.875, 3.4487363006381773e-23, nan 
-6.875, -53.875, 2.807230041384084e-23, nan 
-6.625, -53.875, 2.7330995507476397e-23, nan 
-6.375, -53.875, 2.3196500338729996e-23, nan 
-6.125, -53.875, 1.496213473576902e-23, nan 
-5.875, -53.875, 5.21668689707913e-24, nan 
-5.625, -53.875, 6.871784455836058e-24, nan 
-5.375, -53.875, 6.4135527751748376e-24, nan 
-5.125, -53.875, 8.02617431855678e-23, nan 
-4.875, -53.875, 1.2823606959245109e-22, nan 
-4.625, -53.875, 7.394154571568175e-23, nan 
-4.375, -53.875, 1.7086663125062718e-23, nan 
-4.125, -53.875, 5.734618720862811e-24, nan 
-3.875, -53.875, 1.92470207588754e-23, nan 
-3.625, -53.875, 2.5850672374751578e-23, nan 
-3.375, -53.875, 2.505667334119434e-23, nan 
-3.125, -53.875, 3.4059008391247753e-23, nan 
-2.875, -53.875, 1.9177307053295678e-23, nan 
-2.625, -53.875, 1.0925794098691138e-23, nan 
-2.375, -53.875, 1.7832869861760824e-23, nan 
-2.125, -53.875, 1.2171976924662879e-23, nan 
-1.875, -53.875, 2.277998304163773e-23, nan 
-1.625, -53.875, 1.9889888596152425e-23, nan 
-1.375, -53.875, 1.2439884512041992e-23, nan 
-1.125, -53.875, 1.5153824532304924e-23, nan 
-0.875, -53.875, 1.9865377505508742e-23, nan 
-0.625, -53.875, 2.015858926204125e-23, nan 
-15.375, -53.625, 3.41156304601044e-23, nan 
-15.125, -53.625, 3.9219593825828364e-23, nan 
-14.875, -53.625, 2.368132505608036e-23, nan 
-14.625, -53.625, 6.406979159535716e-23, nan 
-14.375, -53.625, 8.29009141534719e-23, nan 
-14.125, -53.625, 6.787878400762554e-23, nan 
-13.875, -53.625, 2.361275321433299e-23, nan 
-13.625, -53.625, 2.1379151562280656e-23, nan 
-13.375, -53.625, 2.757344157415036e-23, nan 
-13.125, -53.625, 2.3066604151075466e-23, nan 
-12.875, -53.625, 7.249125177679887e-23, nan 
-12.625, -53.625, 6.796792948298061e-23, nan 
-12.375, -53.625, 2.2072569045895364e-23, nan 
-12.125, -53.625, 8.294942003917274e-24, nan 
-11.875, -53.625, 9.255539965928528e-24, nan 
-11.625, -53.625, 8.446644589555744e-24, nan 
-11.375, -53.625, 1.0599384304497037e-23, nan 
-11.125, -53.625, 1.63772624602546e-23, nan 
-10.875, -53.625, 3.7797811153895826e-23, nan 
-10.625, -53.625, 3.2625459005689986e-23, nan 
-10.375, -53.625, 4.084106018363092e-23, nan 
-10.125, -53.625, 5.436234839104708e-23, nan 
-9.875, -53.625, 5.562308344927132e-23, nan 
-9.625, -53.625, 5.660421660199108e-23, nan 
-9.375, -53.625, 1.1679228739938726e-22, nan 
-9.125, -53.625, 1.3403451672364862e-22, nan 
-8.875, -53.625, 1.087556244947594e-22, nan 
-8.625, -53.625, 1.0098320617933128e-22, nan 
-8.375, -53.625, 1.0229791849877794e-22, nan 
-8.125, -53.625, 1.347030098852659e-22, nan 
-7.875, -53.625, 1.4202049020595277e-22, nan 
-7.625, -53.625, 1.12029933892951e-22, nan 
-7.375, -53.625, 8.853496865697677e-23, nan 
-7.125, -53.625, 6.579279283131563e-23, nan 
-6.875, -53.625, 3.552981738569377e-23, nan 
-6.625, -53.625, 3.127830595854826e-23, nan 
-6.375, -53.625, 3.3763244541961435e-23, nan 
-6.125, -53.625, 2.855483606422079e-23, nan 
-5.875, -53.625, 1.3525816884425266e-23, nan 
-5.625, -53.625, 1.5649772019944513e-23, nan 
-5.375, -53.625, 1.857935353437199e-23, nan 
-5.125, -53.625, 5.221895925874962e-24, nan 
-4.875, -53.625, 4.479808988718813e-23, nan 
-4.625, -53.625, 2.3821333097242186e-23, nan 
-4.375, -53.625, 2.3569097141032365e-23, nan 
-4.125, -53.625, 1.8277072265622657e-23, nan 
-3.875, -53.625, 1.0099907903128524e-23, nan 
-3.625, -53.625, 2.070388802443306e-23, nan 
-3.375, -53.625, 2.3715743062428093e-23, nan 
-3.125, -53.625, 3.6785269558535926e-23, nan 
-2.875, -53.625, 3.7156875243846484e-23, nan 
-2.625, -53.625, 2.1069748813844376e-23, nan 
-2.375, -53.625, 2.1374906186191822e-23, nan 
-2.125, -53.625, 2.706308586315678e-23, nan 
-1.875, -53.625, 3.8197975328265607e-23, nan 
-1.625, -53.625, 8.467295103074872e-23, nan 
-1.375, -53.625, 7.915940720087039e-23, nan 
-1.125, -53.625, 6.00483400957942e-23, nan 
-0.875, -53.625, 2.0183678532650335e-23, nan 
-14.875, -53.375, 2.32002185064349e-23, nan 
-14.625, -53.375, 5.759948862530763e-23, nan 
-14.375, -53.375, 6.046802230099028e-23, nan 
-14.125, -53.375, 1.412337847203676e-23, nan 
-13.875, -53.375, 9.335460015438947e-24, nan 
-13.625, -53.375, 1.3669636873926437e-23, nan 
-13.375, -53.375, 1.0914887439921679e-23, nan 
-13.125, -53.375, 1.915441473661565e-23, nan 
-12.875, -53.375, 1.0039742296719763e-22, nan 
-12.625, -53.375, 9.744876605355462e-23, nan 
-12.375, -53.375, 1.0757429901825123e-23, nan 
-12.125, -53.375, 1.1143195711801973e-23, nan 
-11.875, -53.375, 1.1881736964084827e-23, nan 
-11.625, -53.375, 5.207335297787822e-24, nan 
-11.375, -53.375, 5.8063302161281256e-24, nan 
-11.125, -53.375, 1.4100696419078106e-23, nan 
-10.875, -53.375, 2.2011227825274492e-23, nan 
-10.625, -53.375, 3.6605821222382623e-23, nan 
-10.375, -53.375, 5.94441051654328e-23, nan 
-10.125, -53.375, 6.118243693339546e-23, nan 
-9.875, -53.375, 5.521500618908475e-23, nan 
-9.625, -53.375, 5.876901919433604e-23, nan 
-9.375, -53.375, 6.482231171624158e-23, nan 
-9.125, -53.375, 2.708787991793645e-23, nan 
-8.875, -53.375, 4.2868881212981217e-23, nan 
-8.625, -53.375, 5.31169803626429e-23, nan 
-8.375, -53.375, 6.83528192140548e-23, nan 
-8.125, -53.375, 8.605358996403152e-23, nan 
-7.875, -53.375, 1.2075580468168215e-22, nan 
-7.625, -53.375, 1.2918088649562661e-22, nan 
-7.375, -53.375, 1.2693214199244557e-22, nan 
-7.125, -53.375, 1.7247720915366874e-22, nan 
-6.875, -53.375, 1.6004531822073203e-22, nan 
-6.625, -53.375, 3.7092874530748805e-23, nan 
-6.375, -53.375, 3.7687983401986503e-23, nan 
-6.125, -53.375, 4.6034752168742873e-23, nan 
-5.875, -53.375, 4.968576662603277e-23, nan 
-5.625, -53.375, 2.5355292243304994e-23, nan 
-5.375, -53.375, 2.525111022827543e-23, nan 
-5.125, -53.375, 2.4660325519658717e-23, nan 
-4.875, -53.375, 2.1056532332768662e-23, nan 
-4.625, -53.375, 2.237884567698308e-23, nan 
-4.375, -53.375, 1.4088582203566972e-23, nan 
-4.125, -53.375, 2.5663447441593568e-23, nan 
-3.875, -53.375, 2.165512439843105e-23, nan 
-3.625, -53.375, 1.5181491771001252e-23, nan 
-3.375, -53.375, 3.127973733764637e-23, nan 
-3.125, -53.375, 2.954497932425808e-23, nan 
-2.875, -53.375, 2.921479719226286e-23, nan 
-2.625, -53.375, 2.4304975473571902e-23, nan 
-2.375, -53.375, 1.4544869179461922e-23, nan 
-2.125, -53.375, 2.3114226333211416e-23, nan 
-1.875, -53.375, 9.365207784910975e-23, nan 
-1.625, -53.375, 1.1973061723470889e-22, nan 
-1.375, -53.375, 8.471037014468533e-23, nan 
-1.125, -53.375, 9.862658196110883e-23, nan 
-14.625, -53.125, 3.764004396064303e-23, nan 
-14.375, -53.125, 4.706150780115496e-23, nan 
-14.125, -53.125, 6.473033895901637e-23, nan 
-13.875, -53.125, 2.102599829165723e-23, nan 
-13.625, -53.125, 1.4156537769081572e-23, nan 
-13.375, -53.125, 1.254831900491554e-23, nan 
-13.125, -53.125, 6.398835413772262e-23, nan 
-12.875, -53.125, 1.0008507481291375e-22, nan 
-12.625, -53.125, 7.20269677648513e-23, nan 
-12.375, -53.125, 2.2147608308944127e-23, nan 
-12.125, -53.125, 8.103464599384008e-24, nan 
-11.875, -53.125, 1.3139893690913737e-23, nan 
-11.625, -53.125, 2.0438404917026073e-23, nan 
-11.375, -53.125, 1.6597020230934517e-23, nan 
-11.125, -53.125, 1.1513864179113227e-23, nan 
-10.875, -53.125, 2.65140987119323e-23, nan 
-10.625, -53.125, 1.0366630711909498e-22, nan 
-10.375, -53.125, 9.469557903728681e-23, nan 
-10.125, -53.125, 4.7295178018610637e-23, nan 
-9.875, -53.125, 4.5891640996244115e-23, nan 
-9.625, -53.125, 5.1142938858305336e-23, nan 
-9.375, -53.125, 6.474910285059917e-23, nan 
-9.125, -53.125, 6.975164908265288e-23, nan 
-8.875, -53.125, 6.538222841281144e-23, nan 
-8.625, -53.125, 5.466754622747038e-23, nan 
-8.375, -53.125, 5.775775197481494e-23, nan 
-8.125, -53.125, 5.474679622739607e-23, nan 
-7.875, -53.125, 6.812151469671707e-23, nan 
-7.625, -53.125, 8.673621506576426e-23, nan 
-7.375, -53.125, 1.1940038277768764e-22, nan 
-7.125, -53.125, 1.6414217068201808e-22, nan 
-6.875, -53.125, 1.8275153411375837e-22, nan 
-6.625, -53.125, 1.0053813522107905e-22, nan 
-6.375, -53.125, 3.374341392267843e-23, nan 
-6.125, -53.125, 4.310321843609369e-23, nan 
-5.875, -53.125, 5.956205893817594e-23, nan 
-5.625, -53.125, 4.8177373839528826e-23, nan 
-5.375, -53.125, 2.7389139476194126e-23, nan 
-5.125, -53.125, 4.375729095750043e-23, nan 
-4.875, -53.125, 4.71074912717097e-23, nan 
-4.625, -53.125, 2.5804393617441597e-23, nan 
-4.375, -53.125, 1.674695111690781e-23, nan 
-4.125, -53.125, 1.285707927775901e-23, nan 
-3.875, -53.125, 1.2396973290162938e-23, nan 
-3.625, -53.125, 1.3241560589251917e-23, nan 
-3.375, -53.125, 1.8905808034391074e-23, nan 
-3.125, -53.125, 2.2098750624878812e-23, nan 
-2.875, -53.125, 1.520863377999146e-23, nan 
-2.625, -53.125, 1.6333691733212009e-23, nan 
-2.375, -53.125, 1.701686208508083e-23, nan 
-2.125, -53.125, 2.735005831066594e-23, nan 
-1.875, -53.125, 7.777211054612211e-23, nan 
-1.625, -53.125, 9.600050390569665e-23, nan 
-1.375, -53.125, 7.63968066649949e-23, nan 
-14.125, -52.875, 9.354213140168252e-23, nan 
-13.875, -52.875, 8.771033170353095e-23, nan 
-13.625, -52.875, 7.082569446902663e-23, nan 
-13.375, -52.875, 9.414838901814959e-23, nan 
-13.125, -52.875, 9.992723539561633e-23, nan 
-12.875, -52.875, 7.697237289113267e-23, nan 
-12.625, -52.875, 2.623120523629783e-23, nan 
-12.375, -52.875, 1.780617382932892e-23, nan 
-12.125, -52.875, 8.525094531804606e-24, nan 
-11.875, -52.875, 4.044999037207976e-23, nan 
-11.625, -52.875, 4.523918318848962e-23, nan 
-11.375, -52.875, 1.738848428151494e-23, nan 
-11.125, -52.875, 1.9277169125434042e-23, nan 
-10.875, -52.875, 7.177369921813595e-23, nan 
-10.625, -52.875, 1.0647460371613488e-22, nan 
-10.375, -52.875, 6.617693359589504e-23, nan 
-10.125, -52.875, 4.2542265307889465e-23, nan 
-9.875, -52.875, 4.30671778617468e-23, nan 
-9.625, -52.875, 7.600862304299697e-23, nan 
-9.375, -52.875, 7.721796575187811e-23, nan 
-9.125, -52.875, 5.764692208368428e-23, nan 
-8.875, -52.875, 3.551513018396691e-23, nan 
-8.625, -52.875, 1.9916821915354713e-23, nan 
-8.375, -52.875, 9.237690553585439e-24, nan 
-8.125, -52.875, 1.9379879667413228e-23, nan 
-7.875, -52.875, 3.2559264114991105e-23, nan 
-7.625, -52.875, 3.3541486916607717e-23, nan 
-7.375, -52.875, 5.764364416402616e-23, nan 
-7.125, -52.875, 1.1886005872824942e-22, nan 
-6.875, -52.875, 2.0326807936741098e-22, nan 
-6.625, -52.875, 1.9784298767541502e-22, nan 
-6.375, -52.875, 8.75549051699664e-23, nan 
-6.125, -52.875, 3.280244676776506e-23, nan 
-5.875, -52.875, 2.959891167165233e-23, nan 
-5.625, -52.875, 3.626786905568005e-23, nan 
-5.375, -52.875, 1.1206353686333114e-22, nan 
-5.125, -52.875, 1.1622511315815113e-22, nan 
-4.875, -52.875, 8.579418210538975e-23, nan 
-4.625, -52.875, 6.4390776810656e-23, nan 
-4.375, -52.875, 8.132262503091316e-23, nan 
-4.125, -52.875, 3.268524997319061e-23, nan 
-3.875, -52.875, 2.0079974842010002e-23, nan 
-3.625, -52.875, 1.7650332551196834e-23, nan 
-3.375, -52.875, 2.1187282848321586e-23, nan 
-3.125, -52.875, 2.950304356975249e-23, nan 
-2.875, -52.875, 2.1066723420771393e-23, nan 
-2.625, -52.875, 1.3752076191583213e-23, nan 
-2.375, -52.875, 1.1625911740063456e-23, nan 
-2.125, -52.875, 1.964239081252119e-23, nan 
-1.875, -52.875, 2.3498973070523093e-23, nan 
-1.625, -52.875, 6.300350814742722e-23, nan 
-13.875, -52.625, 9.945065482665887e-23, nan 
-13.625, -52.625, 1.0772222523916993e-22, nan 
-13.375, -52.625, 1.0236186215232913e-22, nan 
-13.125, -52.625, 3.991619174418138e-23, nan 
-12.875, -52.625, 1.383415279231177e-23, nan 
-12.625, -52.625, 3.022227306529129e-23, nan 
-12.375, -52.625, 3.6114645166462626e-23, nan 
-12.125, -52.625, 3.3226346383012976e-23, nan 
-11.875, -52.625, 2.47068838294784e-23, nan 
-11.625, -52.625, 3.206450411691949e-23, nan 
-11.375, -52.625, 2.53620707819793e-23, nan 
-11.125, -52.625, 2.5686519702865152e-23, nan 
-10.875, -52.625, 1.1261601759675526e-22, nan 
-10.625, -52.625, 1.1583698701079566e-22, nan 
-10.375, -52.625, 3.3456048321243177e-23, nan 
-10.125, -52.625, 2.72497573022004e-23, nan 
-9.875, -52.625, 6.262488422744515e-23, nan 
-9.625, -52.625, 6.546962664058966e-23, nan 
-9.375, -52.625, 1.363398706539315e-23, nan 
-9.125, -52.625, 3.456708490924215e-24, nan 
-8.875, -52.625, 7.034741082924463e-24, nan 
-8.625, -52.625, 1.3523038510854105e-23, nan 
-8.375, -52.625, 3.2475760236543487e-23, nan 
-8.125, -52.625, 3.989515027059597e-23, nan 
-7.875, -52.625, 5.357109168506499e-23, nan 
-7.625, -52.625, 3.932441145295232e-23, nan 
-7.375, -52.625, 1.1706038395440568e-23, nan 
-7.125, -52.625, 3.5199047376486466e-23, nan 
-6.875, -52.625, 1.1274755195639587e-22, nan 
-6.625, -52.625, 2.277562010191078e-22, nan 
-6.375, -52.625, 1.9414185484856475e-22, nan 
-6.125, -52.625, 6.170056570165404e-23, nan 
-5.875, -52.625, 5.11021178368199e-23, nan 
-5.625, -52.625, 1.2533749950567828e-22, nan 
-5.375, -52.625, 1.5395677748533116e-22, nan 
-5.125, -52.625, 8.5691119011933e-23, nan 
-4.875, -52.625, 4.6010011250582074e-23, nan 
-4.625, -52.625, 4.2055789008756476e-23, nan 
-4.375, -52.625, 8.607815136443118e-23, nan 
-4.125, -52.625, 7.25666362868997e-23, nan 
-3.875, -52.625, 1.9542771440996543e-23, nan 
-3.625, -52.625, 4.5340312796865316e-24, nan 
-3.375, -52.625, 2.7847181287624366e-23, nan 
-3.125, -52.625, 3.0286769776585475e-23, nan 
-2.875, -52.625, 7.82371545563077e-24, nan 
-2.625, -52.625, 9.266487009662109e-24, nan 
-2.375, -52.625, 8.328718218226178e-24, nan 
-2.125, -52.625, 6.882279131368829e-24, nan 
-1.875, -52.625, 1.2992764241507572e-23, nan 
-1.625, -52.625, 1.9770994864593278e-23, nan 
-13.375, -52.375, 1.2129835099550508e-22, nan 
-13.125, -52.375, 1.2295724871357227e-22, nan 
-12.875, -52.375, 7.523188470838898e-23, nan 
-12.625, -52.375, 2.2298960947567998e-23, nan 
-12.375, -52.375, 3.276851556236145e-23, nan 
-12.125, -52.375, 5.143667842254716e-23, nan 
-11.875, -52.375, 5.328273165637131e-23, nan 
-11.625, -52.375, 4.4653506175026403e-23, nan 
-11.375, -52.375, 3.678305305531404e-23, nan 
-11.125, -52.375, 4.509835641336165e-23, nan 
-10.875, -52.375, 1.6485542941264307e-22, nan 
-10.625, -52.375, 1.6207655286919557e-22, nan 
-10.375, -52.375, 3.425457803139402e-23, nan 
-10.125, -52.375, 4.068326083299413e-23, nan 
-9.875, -52.375, 4.513841828463443e-23, nan 
-9.625, -52.375, 2.3889476845858598e-23, nan 
-9.375, -52.375, 2.602924399792278e-24, nan 
-9.125, -52.375, 3.92842416100077e-24, nan 
-8.875, -52.375, 7.972356952050736e-24, nan 
-8.625, -52.375, 9.58589318601212e-24, nan 
-8.375, -52.375, 8.187114952691645e-24, nan 
-8.125, -52.375, 1.4189374894950333e-23, nan 
-7.875, -52.375, 2.2581927430360477e-23, nan 
-7.625, -52.375, 9.633311649943322e-24, nan 
-7.375, -52.375, 2.439284445760437e-24, nan 
-7.125, -52.375, 1.4478809577939203e-23, nan 
-6.875, -52.375, 5.827196033444875e-23, nan 
-6.625, -52.375, 1.8242245593980347e-22, nan 
-6.375, -52.375, 1.9191150608782773e-22, nan 
-6.125, -52.375, 8.186237282569923e-23, nan 
-5.875, -52.375, 5.111550421729228e-23, nan 
-5.625, -52.375, 1.2262152763595948e-22, nan 
-5.375, -52.375, 1.092756488837963e-22, nan 
-5.125, -52.375, 1.1430877618154823e-23, nan 
-4.875, -52.375, 8.944377461168819e-24, nan 
-4.625, -52.375, 7.85299623059581e-24, nan 
-4.375, -52.375, 9.900330013877383e-24, nan 
-4.125, -52.375, 6.96239115224967e-23, nan 
-3.875, -52.375, 6.69092960683882e-23, nan 
-3.625, -52.375, 1.86668003871582e-23, nan 
-3.375, -52.375, 1.683823962562047e-23, nan 
-3.125, -52.375, 7.772833455830046e-24, nan 
-2.875, -52.375, 5.150193768443887e-24, nan 
-2.625, -52.375, 9.831287284519179e-24, nan 
-2.375, -52.375, 1.4462008108209253e-23, nan 
-2.125, -52.375, 1.1702017526693741e-23, nan 
-1.875, -52.375, 1.677264636754288e-23, nan 
-13.125, -52.125, 8.889032856318814e-23, nan 
-12.875, -52.125, 1.452659511684934e-22, nan 
-12.625, -52.125, 1.1799854885798848e-22, nan 
-12.375, -52.125, 2.0481595913847547e-23, nan 
-12.125, -52.125, 2.6627146024543026e-23, nan 
-11.875, -52.125, 3.953207077530251e-23, nan 
-11.625, -52.125, 4.121926751662679e-23, nan 
-11.375, -52.125, 3.1542069236438873e-23, nan 
-11.125, -52.125, 2.9778600588000665e-23, nan 
-10.875, -52.125, 1.4377867882082258e-22, nan 
-10.625, -52.125, 1.5588468635407463e-22, nan 
-10.375, -52.125, 5.242589331581363e-23, nan 
-10.125, -52.125, 6.079805144012118e-23, nan 
-9.875, -52.125, 5.0036741450824014e-23, nan 
-9.625, -52.125, 9.798816316038356e-24, nan 
-9.375, -52.125, 3.1520957317428875e-24, nan 
-9.125, -52.125, 3.164523614930936e-24, nan 
-8.875, -52.125, 5.845676230332949e-24, nan 
-8.625, -52.125, 6.05207207159118e-24, nan 
-8.375, -52.125, 4.984921810181076e-24, nan 
-8.125, -52.125, 3.3158693998653675e-24, nan 
-7.875, -52.125, 3.2894588557622045e-24, nan 
-7.625, -52.125, 3.296940058649224e-24, nan 
-7.375, -52.125, 3.4666786075350084e-24, nan 
-7.125, -52.125, 8.585562663614147e-24, nan 
-6.875, -52.125, 5.237749716492857e-23, nan 
-6.625, -52.125, 1.590966896279133e-22, nan 
-6.375, -52.125, 1.6612679408732562e-22, nan 
-6.125, -52.125, 7.440957178845799e-23, nan 
-5.875, -52.125, 6.580618330742334e-23, nan 
-5.625, -52.125, 8.423546985259155e-23, nan 
-5.375, -52.125, 4.8557781206037317e-23, nan 
-5.125, -52.125, 6.899767383735977e-24, nan 
-4.875, -52.125, 3.849949601918575e-24, nan 
-4.625, -52.125, 4.5162750764152184e-24, nan 
-4.375, -52.125, 9.92284917426945e-24, nan 
-4.125, -52.125, 1.5667715736771296e-23, nan 
-3.875, -52.125, 6.329966123776584e-23, nan 
-3.625, -52.125, 5.622443982242573e-23, nan 
-3.375, -52.125, 1.1240726410485497e-23, nan 
-3.125, -52.125, 8.34740394113975e-24, nan 
-2.875, -52.125, 4.989768595681658e-24, nan 
-2.625, -52.125, 1.0229326362181977e-23, nan 
-2.375, -52.125, 1.2046511185951342e-23, nan 
-2.125, -52.125, 5.986197290489403e-24, nan 
-12.625, -51.875, 1.02369702587902e-22, nan 
-12.375, -51.875, 3.2632096683901384e-23, nan 
-12.125, -51.875, 2.4297320914654363e-23, nan 
-11.875, -51.875, 1.6699071357927795e-23, nan 
-11.625, -51.875, 1.6532410733544406e-23, nan 
-11.375, -51.875, 7.474786251099143e-24, nan 
-11.125, -51.875, 7.281054184599697e-24, nan 
-10.875, -51.875, 5.246017736545232e-23, nan 
-10.625, -51.875, 1.4981206136716418e-22, nan 
-10.375, -51.875, 1.414204269698329e-22, nan 
-10.125, -51.875, 6.725760593292402e-23, nan 
-9.875, -51.875, 6.919756159748508e-23, nan 
-9.625, -51.875, 1.626924532456928e-23, nan 
-9.375, -51.875, 5.547520256413528e-24, nan 
-9.125, -51.875, 7.188826761088739e-24, nan 
-8.875, -51.875, 6.107109889712043e-24, nan 
-8.625, -51.875, 4.3641205092969696e-24, nan 
-8.375, -51.875, 3.9394268513815e-24, nan 
-8.125, -51.875, 3.022002957855289e-24, nan 
-7.875, -51.875, 3.0680538517493523e-24, nan 
-7.625, -51.875, 4.322007581522792e-24, nan 
-7.375, -51.875, 6.81581492044231e-24, nan 
-7.125, -51.875, 3.760546641344019e-23, nan 
-6.875, -51.875, 6.986012715982135e-23, nan 
-6.625, -51.875, 1.3149225405119466e-22, nan 
-6.375, -51.875, 1.4851723039711083e-22, nan 
-6.125, -51.875, 1.0248678830059339e-22, nan 
-5.875, -51.875, 8.109806119416356e-23, nan 
-5.625, -51.875, 8.005882298848901e-23, nan 
-5.375, -51.875, 3.7442338588458875e-23, nan 
-5.125, -51.875, 1.174944584182214e-23, nan 
-4.875, -51.875, 8.523846903806084e-24, nan 
-4.625, -51.875, 9.291489587793056e-24, nan 
-4.375, -51.875, 1.417220691315549e-23, nan 
-4.125, -51.875, 4.704209188546484e-23, nan 
-3.875, -51.875, 7.24250569268763e-23, nan 
-3.625, -51.875, 5.435361624020654e-23, nan 
-3.375, -51.875, 1.217233505435729e-23, nan 
-3.125, -51.875, 7.073625807378204e-24, nan 
-2.875, -51.875, 6.723014549469507e-24, nan 
-2.625, -51.875, 1.0243856276393749e-23, nan 
-2.375, -51.875, 1.2179775360492054e-23, nan 
-12.375, -51.625, 1.5837280021811993e-23, nan 
-12.125, -51.625, 5.771479127210784e-24, nan 
-11.875, -51.625, 7.607276607388003e-24, nan 
-11.625, -51.625, 1.2414687546975315e-23, nan 
-11.375, -51.625, 1.7211078579422998e-23, nan 
-11.125, -51.625, 1.5417126935069973e-23, nan 
-10.875, -51.625, 1.2733472065178969e-23, nan 
-10.625, -51.625, 8.483368075296894e-23, nan 
-10.375, -51.625, 1.0411298901992199e-22, nan 
-10.125, -51.625, 7.774853310160623e-23, nan 
-9.875, -51.625, 1.0522655858140538e-22, nan 
-9.625, -51.625, 8.92128443161671e-23, nan 
-9.375, -51.625, 1.918326683403951e-23, nan 
-9.125, -51.625, 7.857025099722546e-24, nan 
-8.875, -51.625, 5.941337677946744e-24, nan 
-8.625, -51.625, 9.668531069622746e-24, nan 
-8.375, -51.625, 1.591789854191334e-23, nan 
-8.125, -51.625, 4.047547809561809e-24, nan 
-7.875, -51.625, 1.2992047076204167e-23, nan 
-7.625, -51.625, 2.6426543654542168e-23, nan 
-7.375, -51.625, 4.0752921205294715e-23, nan 
-7.125, -51.625, 7.812798723093184e-23, nan 
-6.875, -51.625, 1.3902804317945609e-22, nan 
-6.625, -51.625, 1.7350659601684354e-22, nan 
-6.375, -51.625, 1.3721613590919428e-22, nan 
-6.125, -51.625, 8.19652504171257e-23, nan 
-5.875, -51.625, 9.311864463550081e-23, nan 
-5.625, -51.625, 9.711605823102283e-23, nan 
-5.375, -51.625, 7.623149572741626e-23, nan 
-5.125, -51.625, 5.726378091026743e-23, nan 
-4.875, -51.625, 4.296893495928366e-23, nan 
-4.625, -51.625, 6.637734620638867e-23, nan 
-4.375, -51.625, 8.122202033713496e-23, nan 
-4.125, -51.625, 8.036271925181866e-23, nan 
-3.875, -51.625, 5.617858517792858e-23, nan 
-3.625, -51.625, 3.139474416704208e-23, nan 
-3.375, -51.625, 3.0239736139386323e-23, nan 
-3.125, -51.625, 2.052676075389027e-23, nan 
-2.875, -51.625, 5.834304138420768e-24, nan 
-2.625, -51.625, 7.865035706194853e-24, nan 
-11.875, -51.375, 3.0532036698890755e-24, nan 
-11.625, -51.375, 4.066898219561902e-24, nan 
-11.375, -51.375, 1.0278498509464914e-23, nan 
-11.125, -51.375, 7.438870860335496e-24, nan 
-10.875, -51.375, 4.0594279823211263e-23, nan 
-10.625, -51.375, 8.043175177659066e-23, nan 
-10.375, -51.375, 8.363660968870119e-23, nan 
-10.125, -51.375, 7.366019610438095e-23, nan 
-9.875, -51.375, 9.854548892019439e-23, nan 
-9.625, -51.375, 1.102843218041275e-22, nan 
-9.375, -51.375, 7.592942843817777e-23, nan 
-9.125, -51.375, 3.6185183079580066e-23, nan 
-8.875, -51.375, 4.828124184168314e-23, nan 
-8.625, -51.375, 5.548508196483929e-23, nan 
-8.375, -51.375, 6.515124576977063e-23, nan 
-8.125, -51.375, 6.843360743305803e-23, nan 
-7.875, -51.375, 6.036915193423652e-23, nan 
-7.625, -51.375, 6.944732126527938e-23, nan 
-7.375, -51.375, 7.6841636699316e-23, nan 
-7.125, -51.375, 1.2048153002742584e-22, nan 
-6.875, -51.375, 1.657654358581083e-22, nan 
-6.625, -51.375, 1.448936735062252e-22, nan 
-6.375, -51.375, 8.343205492997326e-23, nan 
-6.125, -51.375, 6.267886971692861e-23, nan 
-5.875, -51.375, 6.668958621212645e-23, nan 
-5.625, -51.375, 4.071215109437537e-23, nan 
-5.375, -51.375, 5.390428796335437e-23, nan 
-5.125, -51.375, 5.869650128006493e-23, nan 
-4.875, -51.375, 5.81310931142818e-23, nan 
-4.625, -51.375, 7.812328604756798e-23, nan 
-4.375, -51.375, 5.470012058371082e-23, nan 
-4.125, -51.375, 1.704357513363526e-23, nan 
-3.875, -51.375, 1.7318021206807085e-23, nan 
-3.625, -51.375, 1.511562988513433e-23, nan 
-3.375, -51.375, 9.358770087161678e-24, nan 
-3.125, -51.375, 8.515635547658668e-24, nan 
-2.875, -51.375, 6.840603843881817e-24, nan 
-11.625, -51.125, 1.6256361781978797e-23, nan 
-11.375, -51.125, 2.0139676217954963e-23, nan 
-11.125, -51.125, 9.847267158663802e-24, nan 
-10.875, -51.125, 2.566006985622107e-23, nan 
-10.625, -51.125, 2.4660189645725808e-23, nan 
-10.375, -51.125, 4.935722826121627e-23, nan 
-10.125, -51.125, 5.568409113533525e-23, nan 
-9.875, -51.125, 8.399273350590196e-23, nan 
-9.625, -51.125, 1.2039921190466113e-22, nan 
-9.375, -51.125, 1.2617419098281906e-22, nan 
-9.125, -51.125, 1.0269588589809254e-22, nan 
-8.875, -51.125, 1.0238006858622126e-22, nan 
-8.625, -51.125, 1.0158891699042163e-22, nan 
-8.375, -51.125, 9.286318406654955e-23, nan 
-8.125, -51.125, 1.0123745538591407e-22, nan 
-7.875, -51.125, 1.08081639679788e-22, nan 
-7.625, -51.125, 1.1076180510615343e-22, nan 
-7.375, -51.125, 1.4670234641147682e-22, nan 
-7.125, -51.125, 1.565506397692044e-22, nan 
-6.875, -51.125, 1.2432920666399529e-22, nan 
-6.625, -51.125, 4.7586526720742606e-23, nan 
-6.375, -51.125, 4.8425026176792725e-23, nan 
-6.125, -51.125, 4.705625406094805e-23, nan 
-5.875, -51.125, 2.920239163876003e-23, nan 
-5.625, -51.125, 1.7425933499071244e-23, nan 
-5.375, -51.125, 2.1816323572347065e-23, nan 
-5.125, -51.125, 2.99149026325653e-23, nan 
-4.875, -51.125, 2.6441196555084447e-23, nan 
-4.625, -51.125, 2.0616960803678604e-23, nan 
-4.375, -51.125, 1.48974391571194e-23, nan 
-4.125, -51.125, 7.88311257151008e-24, nan 
-3.875, -51.125, 5.937154438642327e-24, nan 
-3.625, -51.125, 4.942219083448471e-24, nan 
-3.375, -51.125, 6.242156127550543e-24, nan 
-3.125, -51.125, 9.234889019535567e-24, nan 
-11.125, -50.875, 6.868664008497226e-24, nan 
-10.875, -50.875, 3.079143522962692e-23, nan 
-10.625, -50.875, 5.40721094842782e-23, nan 
-10.375, -50.875, 5.994613344545915e-23, nan 
-10.125, -50.875, 4.898697548417327e-23, nan 
-9.875, -50.875, 5.134163527933404e-23, nan 
-9.625, -50.875, 6.958679353631355e-23, nan 
-9.375, -50.875, 1.019346894749172e-22, nan 
-9.125, -50.875, 1.0965590363316591e-22, nan 
-8.875, -50.875, 9.948654385138999e-23, nan 
-8.625, -50.875, 1.0066464987274336e-22, nan 
-8.375, -50.875, 8.820435403380059e-23, nan 
-8.125, -50.875, 8.88400218324013e-23, nan 
-7.875, -50.875, 9.853960069694193e-23, nan 
-7.625, -50.875, 9.748432970914355e-23, nan 
-7.375, -50.875, 9.810644189895652e-23, nan 
-7.125, -50.875, 4.2574010748365056e-23, nan 
-6.875, -50.875, 4.1454538027205575e-23, nan 
-6.625, -50.875, 5.215023733344352e-23, nan 
-6.375, -50.875, 3.9310040334132354e-23, nan 
-6.125, -50.875, 2.2275171506632356e-23, nan 
-5.875, -50.875, 1.452033749150189e-23, nan 
-5.625, -50.875, 8.108027152947715e-24, nan 
-5.375, -50.875, 1.8273293488027993e-23, nan 
-5.125, -50.875, 2.1707111134801726e-23, nan 
-4.875, -50.875, 1.7828342649037504e-23, nan 
-4.625, -50.875, 6.769800026659513e-24, nan 
-4.375, -50.875, 9.185422209723127e-24, nan 
-4.125, -50.875, 1.0681065302606842e-23, nan 
-3.875, -50.875, 9.550029168275535e-24, nan 
-3.625, -50.875, 1.3650217910454576e-23, nan 
-3.375, -50.875, 1.1769860133102003e-23, nan 
-10.875, -50.625, 2.395810346563674e-23, nan 
-10.625, -50.625, 3.090712401416392e-23, nan 
-10.375, -50.625, 3.0146434577034035e-23, nan 
-10.125, -50.625, 2.724331519251186e-23, nan 
-9.875, -50.625, 4.1485035703934194e-23, nan 
-9.625, -50.625, 3.7714256715022436e-23, nan 
-9.375, -50.625, 3.778165847054915e-23, nan 
-9.125, -50.625, 6.0145553572795e-23, nan 
-8.875, -50.625, 5.436647915920316e-23, nan 
-8.625, -50.625, 6.649741937121571e-23, nan 
-8.375, -50.625, 5.895074434386666e-23, nan 
-8.125, -50.625, 3.94992909565294e-23, nan 
-7.875, -50.625, 3.205527040164694e-23, nan 
-7.625, -50.625, 3.438684068125855e-23, nan 
-7.375, -50.625, 3.2845664124776905e-23, nan 
-7.125, -50.625, 2.815120659406089e-23, nan 
-6.875, -50.625, 2.4802839965125512e-23, nan 
-6.625, -50.625, 3.4817227253098705e-23, nan 
-6.375, -50.625, 3.0711826720123527e-23, nan 
-6.125, -50.625, 1.3157760191931055e-23, nan 
-5.875, -50.625, 4.2168304955402056e-24, nan 
-5.625, -50.625, 5.18466204846272e-24, nan 
-5.375, -50.625, 9.498996129314628e-24, nan 
-5.125, -50.625, 9.021624739747715e-24, nan 
-4.875, -50.625, 2.0645910284598218e-23, nan 
-4.625, -50.625, 2.908309788416168e-23, nan 
-4.375, -50.625, 6.07655060228153e-23, nan 
-4.125, -50.625, 5.1008552647880754e-23, nan 
-3.875, -50.625, 4.8200940172444235e-23, nan 
-3.625, -50.625, 2.4159158479792158e-23, nan 
-10.375, -50.375, 1.9655630589956083e-23, nan 
-10.125, -50.375, 2.827438419758854e-23, nan 
-9.875, -50.375, 2.6274731870024437e-23, nan 
-9.625, -50.375, 1.8817771539162842e-23, nan 
-9.375, -50.375, 7.066180835770618e-24, nan 
-9.125, -50.375, 1.6208706946772112e-23, nan 
-8.875, -50.375, 2.809607508433089e-23, nan 
-8.625, -50.375, 2.742744889773374e-23, nan 
-8.375, -50.375, 1.5852943041988655e-23, nan 
-8.125, -50.375, 2.994620557305357e-23, nan 
-7.875, -50.375, 2.4072938845566196e-23, nan 
-7.625, -50.375, 2.5679363690612438e-23, nan 
-7.375, -50.375, 2.78229875432677e-23, nan 
-7.125, -50.375, 1.9050741239852516e-23, nan 
-6.875, -50.375, 1.9023936908206586e-23, nan 
-6.625, -50.375, 2.0211551842257305e-23, nan 
-6.375, -50.375, 1.2830027921902266e-23, nan 
-6.125, -50.375, 9.423554997291578e-24, nan 
-5.875, -50.375, 7.104938883460416e-24, nan 
-5.625, -50.375, 2.775630402165406e-23, nan 
-5.375, -50.375, 5.511578614458096e-23, nan 
-5.125, -50.375, 7.535792353234465e-23, nan 
-4.875, -50.375, 8.822452495350481e-23, nan 
-4.625, -50.375, 1.0400746548581456e-22, nan 
-4.375, -50.375, 9.418982340026408e-23, nan 
-4.125, -50.375, 5.865682219192812e-23, nan 
-3.875, -50.375, 6.554629332399266e-23, nan 
-10.125, -50.125, 4.072913056988555e-24, nan 
-9.875, -50.125, 1.038977802697256e-23, nan 
-9.625, -50.125, 1.3068632142190667e-23, nan 
-9.375, -50.125, 1.258807159223437e-23, nan 
-9.125, -50.125, 1.712347861745065e-23, nan 
-8.875, -50.125, 1.8928459466152582e-23, nan 
-8.625, -50.125, 1.5572782760515543e-23, nan 
-8.375, -50.125, 2.350450557808764e-23, nan 
-8.125, -50.125, 2.7013424492280797e-23, nan 
-7.875, -50.125, 1.358755620378664e-23, nan 
-7.625, -50.125, 1.1075774940616806e-23, nan 
-7.375, -50.125, 5.735354396517687e-24, nan 
-7.125, -50.125, 9.557036658809125e-24, nan 
-6.875, -50.125, 9.106502643635603e-24, nan 
-6.625, -50.125, 6.690823933650064e-24, nan 
-6.375, -50.125, 8.496558801086838e-24, nan 
-6.125, -50.125, 5.332019048146693e-23, nan 
-5.875, -50.125, 1.2461496732622402e-22, nan 
-5.625, -50.125, 1.2249715183407779e-22, nan 
-5.375, -50.125, 9.59904307394067e-23, nan 
-5.125, -50.125, 1.043525127187322e-22, nan 
-4.875, -50.125, 9.610041237309738e-23, nan 
-4.625, -50.125, 7.727013143788073e-23, nan 
-4.375, -50.125, 3.855322618209802e-23, nan 
-4.125, -50.125, 3.7109235419811374e-23, nan 
-9.625, -49.875, 1.4907182143577427e-23, nan 
-9.375, -49.875, 2.0055607751224224e-23, nan 
-9.125, -49.875, 2.272063450034757e-23, nan 
-8.875, -49.875, 1.9731627438097645e-23, nan 
-8.625, -49.875, 1.1726695369358384e-23, nan 
-8.375, -49.875, 1.7342544860132794e-23, nan 
-8.125, -49.875, 1.9296586307502454e-23, nan 
-7.875, -49.875, 1.1014260274964811e-23, nan 
-7.625, -49.875, 1.4347257593350896e-23, nan 
-7.375, -49.875, 1.6924400104816566e-23, nan 
-7.125, -49.875, 1.3517135981293117e-23, nan 
-6.875, -49.875, 1.0321840759411821e-23, nan 
-6.625, -49.875, 1.2992175873623351e-23, nan 
-6.375, -49.875, 8.708228369976675e-23, nan 
-6.125, -49.875, 1.4084575889820287e-22, nan 
-5.875, -49.875, 1.5303440003249348e-22, nan 
-5.625, -49.875, 1.101236090161361e-22, nan 
-5.375, -49.875, 6.878400609282195e-23, nan 
-5.125, -49.875, 5.781419997772132e-23, nan 
-4.875, -49.875, 2.1241740461801336e-23, nan 
-4.625, -49.875, 1.693052097584796e-23, nan 
-4.375, -49.875, 5.252373888884821e-23, nan 
-9.375, -49.625, 2.0103453291254016e-23, 2.0116889769622216e-23 
-9.125, -49.625, 2.2893416230284438e-23, 2.2908128217693357e-23 
-8.875, -49.625, 2.3051104472362104e-23, 2.3065324562470126e-23 
-8.625, -49.625, 1.2169562142640773e-23, 1.2176756302039819e-23 
-8.375, -49.625, 1.922870115111769e-23, 1.923984125565087e-23 
-8.125, -49.625, 2.3255480500708607e-23, 2.3268922002477574e-23 
-7.875, -49.625, 1.7027261627117427e-23, 1.703708019455233e-23 
-7.625, -49.625, 1.8262774402278832e-23, 1.8273280672956306e-23 
-7.375, -49.625, 1.1428296165335544e-23, 1.1434934872671138e-23 
-7.125, -49.625, 1.420431011368127e-23, 1.4213120263375134e-23 
-6.875, -49.625, 1.539794931593802e-23, 1.5408105594894465e-23 
-6.625, -49.625, 1.5140900247504423e-23, 1.5151482613840456e-23 
-6.375, -49.625, 7.983051196521386e-23, 7.989232369039083e-23 
-6.125, -49.625, 1.4735947966760754e-22, 1.4748895049171918e-22 
-5.875, -49.625, 1.3352837360092572e-22, 1.3365962071584156e-22 
-5.625, -49.625, 6.996096130882144e-23, 7.003702409985878e-23 
-5.375, -49.625, 4.2107345208695675e-23, 4.21561690725235e-23 
-5.125, -49.625, 5.337398916254649e-24, 5.344014264524623e-24 
-4.875, -49.625, 6.604075565936477e-24, 6.6127886590297595e-24 
-4.625, -49.625, 7.09344578468707e-23, 7.103371382331304e-23 
-8.875, -49.375, 1.6759887163631037e-23, 1.676843014414117e-23 
-8.625, -49.375, 1.882876602805542e-23, 1.883787908711119e-23 
-8.375, -49.375, 2.0612676736678615e-23, 2.0622409785244448e-23 
-8.125, -49.375, 2.8279164091861616e-23, 2.82924789460929e-23 
-7.875, -49.375, 2.7209382691515166e-23, 2.722215708806839e-23 
-7.625, -49.375, 1.765862145174432e-23, 1.766650517446413e-23 
-7.375, -49.375, 1.1271611284274138e-23, 1.12765914553208e-23 
-7.125, -49.375, 9.375282389370851e-24, 9.379560776397432e-24 
-6.875, -49.375, 1.0695504986988566e-23, 1.0700806693661134e-23 
-6.625, -49.375, 1.6461945134989303e-23, 1.6470752931956313e-23 
-6.375, -49.375, 1.3877058682585638e-23, 1.3885529355749337e-23 
-6.125, -49.375, 1.080069886974953e-22, 1.0808418513181798e-22 
-5.875, -49.375, 1.2280935208473086e-22, 1.2290993964454268e-22 
-5.625, -49.375, 6.520865317069307e-23, 6.526655317587914e-23 
-5.375, -49.375, 1.3389426194423708e-23, 1.3402167742282708e-23 
-5.125, -49.375, 3.99511610698177e-24, 3.9991865778803125e-24 
-4.875, -49.375, 5.344403676762209e-24, 5.3502760538499385e-24 
-8.625, -49.125, 2.1945361009254267e-23, 2.1953630681707624e-23 
-8.375, -49.125, 2.0037041021758337e-23, 2.004435502730088e-23 
-8.125, -49.125, 2.7977118845278457e-23, 2.7987293465603924e-23 
-7.875, -49.125, 3.126950774063809e-23, 3.1280161147957125e-23 
-7.625, -49.125, 1.5376536658185655e-23, 1.5381379852607624e-23 
-7.375, -49.125, 1.0741705537345962e-23, 1.0745039304657682e-23 
-7.125, -49.125, 7.24317292594437e-24, 7.245470534385745e-24 
-6.875, -49.125, 9.369142670925772e-24, 9.372251312023431e-24 
-6.625, -49.125, 2.1419554533744118e-23, 2.1427504323565803e-23 
-6.375, -49.125, 4.316358995751921e-23, 4.318286346258625e-23 
-6.125, -49.125, 9.672001361668851e-23, 9.67732926325573e-23 
-5.875, -49.125, 1.0309360695554067e-22, 1.0315750653389714e-22 
-5.625, -49.125, 6.869101540362993e-23, 6.873796758975882e-23 
-5.375, -49.125, 1.1670671178729007e-23, 1.1679391848778202e-23 
-5.125, -49.125, 1.837117496183308e-24, 1.8386072653668534e-24 
-8.125, -48.875, 8.35197151515996e-24, 8.353933650998057e-24 
-7.875, -48.875, 2.7014721646258336e-23, 2.7020373381348914e-23 
-7.625, -48.875, 2.5710265916660278e-23, 2.571498348232258e-23 
-7.375, -48.875, 8.839399880518067e-24, 8.840981044672137e-24 
-7.125, -48.875, 9.335503044541772e-24, 9.337236955565384e-24 
-6.875, -48.875, 7.408616882057496e-24, 7.410043698783753e-24 
-6.625, -48.875, 6.494600397272077e-24, 6.495946372825798e-24 
-6.375, -48.875, 1.970689930571619e-23, 1.9712469039955973e-23 
-6.125, -48.875, 8.751413160101924e-23, 8.754490941364932e-23 
-5.875, -48.875, 1.063605747099964e-22, 1.0640475782114158e-22 
-5.625, -48.875, 8.731676101670559e-23, 8.735859654225595e-23 
-5.375, -48.875, 7.163429389810772e-23, 7.167317945742168e-23 
-7.875, -48.625, 2.143755810476336e-23, 2.1439213625205975e-23 
-7.625, -48.625, 1.5302867175298464e-23, 1.5303655401442725e-23 
-7.375, -48.625, 7.657204314196318e-24, 7.65756342640612e-24 
-7.125, -48.625, 9.768254748018522e-24, 9.768779871244948e-24 
-6.875, -48.625, 6.552667353928705e-24, 6.5530645592518664e-24 
-6.625, -48.625, 2.2530146341637526e-24, 2.2531666590900295e-24 
-6.375, -48.625, 1.1171777632832817e-23, 1.1172790271946063e-23 
-6.125, -48.625, 1.1737973296058456e-23, 1.1739785347559832e-23 
-5.875, -48.625, 7.349039653642595e-23, 7.350642505143156e-23 
-5.625, -48.625, 8.765785553133794e-23, 8.768255994563996e-23 
-7.375, -48.375, 2.0916804153743017e-23, 2.09145746067621e-23 
-7.125, -48.375, 1.7493370773906283e-23, 1.7491626201038542e-23 
-6.875, -48.375, 1.3496850269580124e-23, 1.3495596891937018e-23 
-6.625, -48.375, 7.858929238926906e-24, 7.858253358573875e-24 
-6.375, -48.375, 1.0212337474722693e-23, 1.021157527950598e-23 
-6.125, -48.375, 1.3437848645691068e-23, 1.343720711359598e-23 
-5.875, -48.375, 1.8180877783094386e-23, 1.818116863527469e-23 
-6.875, -48.125, 3.397289914908858e-23, 3.396452957601701e-23 
-6.625, -48.125, 4.508600268465106e-23, 4.5075204883838036e-23 
-6.375, -48.125, 4.202731679207811e-23, 4.2017729425064115e-23 
-6.125, -48.125, 3.776614473674444e-23, 3.7758095638449515e-23 
-6.625, -47.875, 5.456022611478408e-23, 5.453878398533173e-23 
-6.375, -47.875, 4.210423109844137e-23, 4.2088163120700477e-23 
