# lon_gridpoint [deg], lat_gridpoint [deg], P_R_modelGRS [W], P_R_modelFREND [W] 
-13.875, -74.125, 5.192580619161969e-25, nan 
-13.625, -74.125, 4.758286078734939e-25, nan 
-14.125, -73.875, 4.984287828902366e-25, nan 
-13.875, -73.875, 4.266652200065314e-25, nan 
-13.625, -73.875, 2.9345302746222413e-25, nan 
-13.375, -73.875, 1.1768121756499332e-24, nan 
-13.125, -73.875, 1.2675128187704072e-24, nan 
-12.875, -73.875, 3.6901528526656522e-25, nan 
-12.625, -73.875, 1.3217139444634329e-24, nan 
-14.125, -73.625, 1.4514039026025597e-24, nan 
-13.875, -73.625, 1.4643978867030206e-24, nan 
-13.625, -73.625, 1.0108633052791416e-24, nan 
-13.375, -73.625, 1.824411574378759e-24, nan 
-13.125, -73.625, 2.0072140935417043e-24, nan 
-12.875, -73.625, 1.102791422465083e-24, nan 
-12.625, -73.625, 2.1223339551343458e-24, nan 
-12.375, -73.625, 1.5935369299437647e-24, nan 
-12.125, -73.625, 6.0619803735506815e-25, nan 
-11.875, -73.625, 1.6475663175067498e-24, nan 
-14.125, -73.375, 1.4543661118401871e-24, nan 
-13.875, -73.375, 1.433898645676639e-24, nan 
-13.625, -73.375, 2.1730508242854646e-24, nan 
-13.375, -73.375, 1.754311768256093e-24, nan 
-13.125, -73.375, 2.020140351337992e-24, nan 
-12.875, -73.375, 2.429439616518841e-24, nan 
-12.625, -73.375, 2.029927686766481e-24, nan 
-12.375, -73.375, 1.3197796791022595e-24, nan 
-12.125, -73.375, 1.62977294691576e-24, nan 
-11.875, -73.375, 1.6054510100057954e-24, nan 
-11.625, -73.375, 4.753779405043809e-25, nan 
-11.375, -73.375, 2.2951835347087165e-25, nan 
-11.125, -73.375, 3.293973182209699e-25, nan 
-14.125, -73.125, 6.908893038183885e-25, nan 
-13.875, -73.125, 7.305819867808685e-25, nan 
-13.625, -73.125, 1.1856886227546978e-24, nan 
-13.375, -73.125, 1.212302571690388e-24, nan 
-13.125, -73.125, 1.379508292310821e-24, nan 
-12.875, -73.125, 1.503469675343108e-24, nan 
-12.625, -73.125, 1.2882583196758442e-24, nan 
-12.375, -73.125, 3.491990791755251e-25, nan 
-12.125, -73.125, 2.396403778487909e-25, nan 
-11.875, -73.125, 2.387731855598381e-25, nan 
-11.625, -73.125, 2.7014179396779735e-25, nan 
-11.375, -73.125, 8.614499586998725e-25, nan 
-11.125, -73.125, 1.1102875020874248e-24, nan 
-10.875, -73.125, 9.867943836478953e-25, nan 
-10.625, -73.125, 1.3294352856126018e-24, nan 
-10.375, -73.125, 2.040387528853497e-24, nan 
-14.375, -72.875, 4.408016966199811e-25, nan 
-14.125, -72.875, 2.7800826463780146e-25, nan 
-13.875, -72.875, 1.900782494245384e-25, nan 
-13.625, -72.875, 2.3796698280612198e-25, nan 
-13.375, -72.875, 3.08450332772522e-25, nan 
-13.125, -72.875, 3.08348347704548e-25, nan 
-12.875, -72.875, 7.813369888051306e-25, nan 
-12.625, -72.875, 9.741055501118935e-25, nan 
-12.375, -72.875, 1.8372888978022747e-25, nan 
-12.125, -72.875, 4.65643495406871e-25, nan 
-11.875, -72.875, 7.772530000373714e-25, nan 
-11.625, -72.875, 7.252209914733226e-25, nan 
-11.375, -72.875, 7.114038984356132e-25, nan 
-11.125, -72.875, 3.8209392236081816e-25, nan 
-10.875, -72.875, 1.5225973658853242e-25, nan 
-10.625, -72.875, 6.693533829817938e-25, nan 
-10.375, -72.875, 8.829855359784094e-25, nan 
-10.125, -72.875, 8.72258168494591e-25, nan 
-9.875, -72.875, 1.0230943707363434e-24, nan 
-9.625, -72.875, 6.03412302755245e-25, nan 
-14.375, -72.625, 2.0270605396310389e-25, nan 
-14.125, -72.625, 4.050460232626791e-25, nan 
-13.875, -72.625, 2.4603016703533527e-25, nan 
-13.625, -72.625, 7.727607687284303e-25, nan 
-13.375, -72.625, 8.676947368469993e-25, nan 
-13.125, -72.625, 3.973482676590118e-25, nan 
-12.875, -72.625, 1.305725767905594e-24, nan 
-12.625, -72.625, 1.417280673755451e-24, nan 
-12.375, -72.625, 8.439727683661343e-25, nan 
-12.125, -72.625, 6.598345872048827e-25, nan 
-11.875, -72.625, 1.0671297704484677e-24, nan 
-11.625, -72.625, 1.4736602798736917e-24, nan 
-11.375, -72.625, 1.2148948512997252e-24, nan 
-11.125, -72.625, 8.99089264836242e-25, nan 
-10.875, -72.625, 8.72776440090471e-25, nan 
-10.625, -72.625, 8.146219776788952e-25, nan 
-10.375, -72.625, 4.971513521978619e-25, nan 
-10.125, -72.625, 2.9144354692996604e-25, nan 
-9.875, -72.625, 7.412605096260548e-25, nan 
-9.625, -72.625, 8.321980311428e-25, nan 
-9.375, -72.625, 1.1505941221253199e-24, nan 
-9.125, -72.625, 1.8298963042147576e-24, nan 
-14.375, -72.375, 1.52855519204852e-25, nan 
-14.125, -72.375, 1.6086392368599915e-25, nan 
-13.875, -72.375, 1.5221142054036975e-25, nan 
-13.625, -72.375, 1.5174262217082457e-25, nan 
-13.375, -72.375, 3.576554383709793e-25, nan 
-13.125, -72.375, 2.135411779317697e-25, nan 
-12.875, -72.375, 1.0477229736411706e-24, nan 
-12.625, -72.375, 1.315580350661407e-24, nan 
-12.375, -72.375, 1.4048551837874478e-24, nan 
-12.125, -72.375, 1.3376470197513224e-24, nan 
-11.875, -72.375, 1.0054449511494002e-24, nan 
-11.625, -72.375, 1.9291976855126656e-24, nan 
-11.375, -72.375, 1.7442060452731896e-24, nan 
-11.125, -72.375, 1.1438021569089483e-24, nan 
-10.875, -72.375, 1.577068265043967e-24, nan 
-10.625, -72.375, 1.4910861794709416e-24, nan 
-10.375, -72.375, 8.16704652120528e-25, nan 
-10.125, -72.375, 1.1664158110801167e-24, nan 
-9.875, -72.375, 2.167192170324846e-24, nan 
-9.625, -72.375, 2.2579419157539244e-24, nan 
-9.375, -72.375, 2.16724918668257e-24, nan 
-9.125, -72.375, 3.1026803369754156e-24, nan 
-8.875, -72.375, 2.8761926818568565e-24, nan 
-8.625, -72.375, 2.1201094927498924e-24, nan 
-8.375, -72.375, 1.1176966106732427e-24, nan 
-14.375, -72.125, 1.7646105449546468e-25, nan 
-14.125, -72.125, 1.7839349331179147e-25, nan 
-13.875, -72.125, 1.3508286911896264e-25, nan 
-13.625, -72.125, 1.036861728298418e-25, nan 
-13.375, -72.125, 6.47042824522e-25, nan 
-13.125, -72.125, 4.408292139259639e-25, nan 
-12.875, -72.125, 2.1939638192337072e-24, nan 
-12.625, -72.125, 1.5583098320487048e-24, nan 
-12.375, -72.125, 1.9811920706772068e-24, nan 
-12.125, -72.125, 1.7973858430663786e-24, nan 
-11.875, -72.125, 9.149249871554351e-25, nan 
-11.625, -72.125, 1.4296436378623338e-24, nan 
-11.375, -72.125, 1.617811700191627e-24, nan 
-11.125, -72.125, 1.5536341778107946e-24, nan 
-10.875, -72.125, 1.547483010004669e-24, nan 
-10.625, -72.125, 1.823705642441224e-24, nan 
-10.375, -72.125, 1.4750919465189711e-24, nan 
-10.125, -72.125, 1.7634094003659047e-24, nan 
-9.875, -72.125, 6.025095641768466e-25, nan 
-9.625, -72.125, 1.9058096258776905e-24, nan 
-9.375, -72.125, 2.3947289564172912e-24, nan 
-9.125, -72.125, 3.252590529786536e-24, nan 
-8.875, -72.125, 2.1528116056491115e-24, nan 
-8.625, -72.125, 2.099675573678821e-24, nan 
-8.375, -72.125, 2.4039342238934004e-24, nan 
-8.125, -72.125, 1.1954077425348858e-24, nan 
-7.875, -72.125, 1.1369728008659594e-24, nan 
-14.375, -71.875, 1.728765084146932e-25, nan 
-14.125, -71.875, 2.1410508119291157e-25, nan 
-13.875, -71.875, 1.7956185505213594e-25, nan 
-13.625, -71.875, 1.687129205090484e-24, nan 
-13.375, -71.875, 1.7990943069569886e-24, nan 
-13.125, -71.875, 1.9043480534966404e-24, nan 
-12.875, -71.875, 2.4634292378932064e-24, nan 
-12.625, -71.875, 2.1338442645513987e-24, nan 
-12.375, -71.875, 2.3658275149104716e-24, nan 
-12.125, -71.875, 2.314187030909409e-25, nan 
-11.875, -71.875, 6.648432662176856e-25, nan 
-11.625, -71.875, 8.126177311114807e-25, nan 
-11.375, -71.875, 7.873251073821721e-25, nan 
-11.125, -71.875, 9.092010838762063e-25, nan 
-10.875, -71.875, 9.535672615700972e-25, nan 
-10.625, -71.875, 1.5678245319520115e-24, nan 
-10.375, -71.875, 1.1268319958718376e-24, nan 
-10.125, -71.875, 1.8852313053537874e-24, nan 
-9.875, -71.875, 1.5964865978263092e-24, nan 
-9.625, -71.875, 1.6101083232117658e-24, nan 
-9.375, -71.875, 1.4059426800285571e-24, nan 
-9.125, -71.875, 2.2915674137504397e-24, nan 
-8.875, -71.875, 2.0157412169976114e-24, nan 
-8.625, -71.875, 2.186035421076996e-24, nan 
-8.375, -71.875, 2.3458640146859295e-24, nan 
-8.125, -71.875, 1.5747524272005825e-24, nan 
-7.875, -71.875, 1.955679956284269e-24, nan 
-7.625, -71.875, 2.3179636220059234e-24, nan 
-7.375, -71.875, 1.5398451878714346e-24, nan 
-14.375, -71.625, 8.984128836011028e-26, nan 
-14.125, -71.625, 2.639422290783948e-25, nan 
-13.875, -71.625, 4.759035068155978e-25, nan 
-13.625, -71.625, 8.716577489110923e-25, nan 
-13.375, -71.625, 1.815923619711984e-24, nan 
-13.125, -71.625, 1.746922345418984e-24, nan 
-12.875, -71.625, 1.7555634567794955e-24, nan 
-12.625, -71.625, 2.340009793388409e-24, nan 
-12.375, -71.625, 2.3016402879003145e-24, nan 
-12.125, -71.625, 1.8511057576677894e-24, nan 
-11.875, -71.625, 1.5447619344562133e-24, nan 
-11.625, -71.625, 1.7198760279051924e-24, nan 
-11.375, -71.625, 1.833134952892941e-24, nan 
-11.125, -71.625, 1.4263076499305904e-24, nan 
-10.875, -71.625, 1.2628387723694732e-24, nan 
-10.625, -71.625, 2.2478581008550374e-24, nan 
-10.375, -71.625, 1.8310768254840343e-24, nan 
-10.125, -71.625, 1.8788850310706506e-24, nan 
-9.875, -71.625, 9.373708047028486e-25, nan 
-9.625, -71.625, 1.2722457823972966e-24, nan 
-9.375, -71.625, 1.136973338255044e-24, nan 
-9.125, -71.625, 1.0169010467936756e-24, nan 
-8.875, -71.625, 1.6167817396230487e-24, nan 
-8.625, -71.625, 1.73080050499602e-24, nan 
-8.375, -71.625, 1.8254427359576787e-24, nan 
-8.125, -71.625, 1.4404614432693412e-24, nan 
-7.875, -71.625, 1.1926308024357308e-24, nan 
-7.625, -71.625, 4.856107156450391e-25, nan 
-7.375, -71.625, 8.650339844870217e-25, nan 
-7.125, -71.625, 1.8468952661832232e-24, nan 
-6.875, -71.625, 1.771319518128289e-24, nan 
-14.375, -71.375, 4.856327777936229e-25, nan 
-14.125, -71.375, 6.9346321885985955e-25, nan 
-13.875, -71.375, 6.02748460540229e-25, nan 
-13.625, -71.375, 7.7684716679113505e-25, nan 
-13.375, -71.375, 1.0001696614974514e-24, nan 
-13.125, -71.375, 9.483857412415557e-25, nan 
-12.875, -71.375, 5.744761238917899e-25, nan 
-12.625, -71.375, 1.6608143243853682e-24, nan 
-12.375, -71.375, 1.6772899610119436e-24, nan 
-12.125, -71.375, 1.7339208686797466e-24, nan 
-11.875, -71.375, 1.970310465954173e-24, nan 
-11.625, -71.375, 2.0125000601309518e-24, nan 
-11.375, -71.375, 1.1291360289192392e-24, nan 
-11.125, -71.375, 1.670178101810638e-24, nan 
-10.875, -71.375, 1.4018372497426987e-24, nan 
-10.625, -71.375, 8.764565966506329e-25, nan 
-10.375, -71.375, 1.1580222213581192e-24, nan 
-10.125, -71.375, 8.815117081183685e-25, nan 
-9.875, -71.375, 1.3136377154115374e-25, nan 
-9.625, -71.375, 4.048009875944094e-25, nan 
-9.375, -71.375, 4.332021402139156e-25, nan 
-9.125, -71.375, 1.631987024780033e-25, nan 
-8.875, -71.375, 1.8759647225512687e-25, nan 
-8.625, -71.375, 1.9923035362601588e-25, nan 
-8.375, -71.375, 2.503020068774684e-25, nan 
-8.125, -71.375, 2.4674857588224965e-25, nan 
-7.875, -71.375, 1.425923283646136e-25, nan 
-7.625, -71.375, 1.4304426302429133e-25, nan 
-7.375, -71.375, 2.9817668573904025e-25, nan 
-7.125, -71.375, 9.515356227570368e-25, nan 
-6.875, -71.375, 1.2840627337548569e-25, nan 
-6.625, -71.375, 5.54881478103715e-26, nan 
-6.375, -71.375, 5.0706994764757853e-26, nan 
-14.375, -71.125, 5.129242649079763e-25, nan 
-14.125, -71.125, 6.72764128666778e-25, nan 
-13.875, -71.125, 3.563961707222553e-25, nan 
-13.625, -71.125, 4.274305462386763e-25, nan 
-13.375, -71.125, 6.757756025493244e-25, nan 
-13.125, -71.125, 7.512003009008769e-25, nan 
-12.875, -71.125, 1.3884761225094667e-24, nan 
-12.625, -71.125, 6.995357662738917e-25, nan 
-12.375, -71.125, 7.438551183981759e-25, nan 
-12.125, -71.125, 1.919941657199735e-24, nan 
-11.875, -71.125, 1.2025091531573174e-24, nan 
-11.625, -71.125, 1.161988320964652e-24, nan 
-11.375, -71.125, 1.105984648392469e-24, nan 
-11.125, -71.125, 1.527135316951145e-24, nan 
-10.875, -71.125, 1.2446232581815403e-24, nan 
-10.625, -71.125, 5.019391603883162e-25, nan 
-10.375, -71.125, 7.169233248159056e-25, nan 
-10.125, -71.125, 6.072897817658317e-25, nan 
-9.875, -71.125, 1.3112354581708606e-25, nan 
-9.625, -71.125, 8.746193355624087e-26, nan 
-9.375, -71.125, 1.0816956290440906e-25, nan 
-9.125, -71.125, 1.0195884423683109e-25, nan 
-8.875, -71.125, 1.5175062199817416e-25, nan 
-8.625, -71.125, 2.4375221708157367e-25, nan 
-8.375, -71.125, 2.582705428792207e-25, nan 
-8.125, -71.125, 3.1955091165374922e-25, nan 
-7.875, -71.125, 2.2932772195852887e-25, nan 
-7.625, -71.125, 2.8194459382033007e-25, nan 
-7.375, -71.125, 1.0104248516206481e-24, nan 
-7.125, -71.125, 3.0843558238900593e-25, nan 
-6.875, -71.125, 1.1163950723117015e-25, nan 
-6.625, -71.125, 8.647652451766706e-26, nan 
-6.375, -71.125, 9.698355028287283e-26, nan 
-6.125, -71.125, 1.1136357584606014e-25, nan 
-5.875, -71.125, 1.2024291417950167e-25, nan 
-14.375, -70.875, 1.109697001244019e-24, nan 
-14.125, -70.875, 1.3443442310922833e-24, nan 
-13.875, -70.875, 8.069706648856235e-25, nan 
-13.625, -70.875, 5.583898844141311e-25, nan 
-13.375, -70.875, 4.575903725999205e-25, nan 
-13.125, -70.875, 2.8188779065610053e-25, nan 
-12.875, -70.875, 1.3738664037513958e-25, nan 
-12.625, -70.875, 2.8060728918984484e-25, nan 
-12.375, -70.875, 3.043302133461211e-25, nan 
-12.125, -70.875, 1.3263212480036172e-24, nan 
-11.875, -70.875, 6.968088900638597e-25, nan 
-11.625, -70.875, 7.611640056312111e-25, nan 
-11.375, -70.875, 1.150593434000973e-24, nan 
-11.125, -70.875, 1.203970192647545e-24, nan 
-10.875, -70.875, 1.0943902946432212e-24, nan 
-10.625, -70.875, 6.53826945164248e-25, nan 
-10.375, -70.875, 5.036412083506693e-25, nan 
-10.125, -70.875, 7.326561755793622e-25, nan 
-9.875, -70.875, 9.722066375145613e-25, nan 
-9.625, -70.875, 6.81317052953061e-25, nan 
-9.375, -70.875, 4.471396055719151e-25, nan 
-9.125, -70.875, 1.58222970232477e-25, nan 
-8.875, -70.875, 3.80953394733527e-25, nan 
-8.625, -70.875, 6.767225100124755e-25, nan 
-8.375, -70.875, 7.515942231574853e-25, nan 
-8.125, -70.875, 1.5630325761944732e-24, nan 
-7.875, -70.875, 1.3644506420651924e-24, nan 
-7.625, -70.875, 6.918415104953846e-25, nan 
-7.375, -70.875, 1.991051654571931e-24, nan 
-7.125, -70.875, 5.540312729962491e-25, nan 
-6.875, -70.875, 9.78641068024622e-25, nan 
-6.625, -70.875, 1.7358108977163482e-24, nan 
-6.375, -70.875, 1.2819673733285422e-24, nan 
-6.125, -70.875, 1.376658035147994e-24, nan 
-5.875, -70.875, 1.4952348974738686e-24, nan 
-5.625, -70.875, 1.41466178588759e-24, nan 
-5.375, -70.875, 1.2541752103897451e-24, nan 
-14.375, -70.625, 1.3909550195320776e-24, nan 
-14.125, -70.625, 1.949128218128487e-24, nan 
-13.875, -70.625, 1.4087430331666775e-24, nan 
-13.625, -70.625, 1.2985766704603084e-24, nan 
-13.375, -70.625, 2.1818637290249564e-24, nan 
-13.125, -70.625, 1.3749149228348738e-24, nan 
-12.875, -70.625, 5.3384325772425805e-25, nan 
-12.625, -70.625, 4.30356631656463e-25, nan 
-12.375, -70.625, 1.4490438913822252e-25, nan 
-12.125, -70.625, 1.2429652026580664e-25, nan 
-11.875, -70.625, 3.14191897094896e-25, nan 
-11.625, -70.625, 2.445993699050917e-25, nan 
-11.375, -70.625, 3.2975736815374086e-25, nan 
-11.125, -70.625, 4.6334996075555835e-25, nan 
-10.875, -70.625, 6.089246078194684e-25, nan 
-10.625, -70.625, 6.687310273160124e-25, nan 
-10.375, -70.625, 5.679205006012737e-25, nan 
-10.125, -70.625, 9.088364457251559e-25, nan 
-9.875, -70.625, 1.6829965353840776e-24, nan 
-9.625, -70.625, 9.46010856002953e-25, nan 
-9.375, -70.625, 6.281508336171544e-25, nan 
-9.125, -70.625, 1.4609198287298536e-24, nan 
-8.875, -70.625, 1.306393150471364e-24, nan 
-8.625, -70.625, 1.2110920692866951e-24, nan 
-8.375, -70.625, 1.1690499875505315e-24, nan 
-8.125, -70.625, 2.289331916121139e-24, nan 
-7.875, -70.625, 2.57620370615249e-24, nan 
-7.625, -70.625, 1.4295409703283891e-24, nan 
-7.375, -70.625, 2.235315036002098e-24, nan 
-7.125, -70.625, 2.0427188033200303e-24, nan 
-6.875, -70.625, 2.4535766859361957e-24, nan 
-6.625, -70.625, 2.763394380729139e-24, nan 
-6.375, -70.625, 2.558847719379646e-24, nan 
-6.125, -70.625, 2.5113920231033016e-24, nan 
-5.875, -70.625, 2.75119514999995e-24, nan 
-5.625, -70.625, 2.7511789263991592e-24, nan 
-5.375, -70.625, 2.9163267450973706e-24, nan 
-5.125, -70.625, 2.4856549348751685e-24, nan 
-14.375, -70.375, 3.5524515740193064e-24, nan 
-14.125, -70.375, 2.655661701893884e-24, nan 
-13.875, -70.375, 4.679445597730448e-24, nan 
-13.625, -70.375, 4.0325031469106946e-24, nan 
-13.375, -70.375, 3.809810912587612e-24, nan 
-13.125, -70.375, 2.9928866340924333e-24, nan 
-12.875, -70.375, 2.3464294580485067e-24, nan 
-12.625, -70.375, 2.1898771345963393e-24, nan 
-12.375, -70.375, 1.1476822725507223e-24, nan 
-12.125, -70.375, 3.411204143422414e-25, nan 
-11.875, -70.375, 8.24313632877505e-25, nan 
-11.625, -70.375, 7.076042845969345e-25, nan 
-11.375, -70.375, 7.431574572279336e-25, nan 
-11.125, -70.375, 7.767064255360389e-25, nan 
-10.875, -70.375, 3.993356704841156e-25, nan 
-10.625, -70.375, 6.944069539035574e-25, nan 
-10.375, -70.375, 7.068608056745313e-25, nan 
-10.125, -70.375, 4.848002321750952e-25, nan 
-9.875, -70.375, 7.321740948088274e-25, nan 
-9.625, -70.375, 7.747436854561149e-25, nan 
-9.375, -70.375, 1.0396758485289487e-24, nan 
-9.125, -70.375, 1.0733476653586116e-24, nan 
-8.875, -70.375, 5.046196228591423e-25, nan 
-8.625, -70.375, 3.1669280200379894e-25, nan 
-8.375, -70.375, 5.548489404510013e-25, nan 
-8.125, -70.375, 9.348990159564e-25, nan 
-7.875, -70.375, 1.1051459064476351e-24, nan 
-7.625, -70.375, 7.308061675737235e-25, nan 
-7.375, -70.375, 1.254211541299631e-24, nan 
-7.125, -70.375, 1.0388696970199427e-24, nan 
-6.875, -70.375, 2.016137169868628e-24, nan 
-6.625, -70.375, 2.3653315578047437e-24, nan 
-6.375, -70.375, 2.1773224140573598e-24, nan 
-6.125, -70.375, 2.2286332269189683e-24, nan 
-5.875, -70.375, 2.260442382170502e-24, nan 
-5.625, -70.375, 2.1606850631847865e-24, nan 
-5.375, -70.375, 1.977684623689297e-24, nan 
-5.125, -70.375, 1.7050533870193166e-24, nan 
-4.875, -70.375, 1.4152001845256307e-24, nan 
-4.625, -70.375, 7.634850094874218e-25, nan 
-14.375, -70.125, 2.6375290409913764e-24, nan 
-14.125, -70.125, 2.944265673998805e-24, nan 
-13.875, -70.125, 5.3128090463911295e-24, nan 
-13.625, -70.125, 5.287603883336205e-24, nan 
-13.375, -70.125, 5.058288106074881e-24, nan 
-13.125, -70.125, 4.72538606992609e-24, nan 
-12.875, -70.125, 4.32216443066027e-24, nan 
-12.625, -70.125, 4.011373860874819e-24, nan 
-12.375, -70.125, 3.236384375202569e-24, nan 
-12.125, -70.125, 1.556730749758709e-24, nan 
-11.875, -70.125, 2.7004502273876245e-25, nan 
-11.625, -70.125, 1.0609276449095422e-24, nan 
-11.375, -70.125, 4.746580171376449e-25, nan 
-11.125, -70.125, 5.350588170143383e-25, nan 
-10.875, -70.125, 5.262906943417177e-25, nan 
-10.625, -70.125, 6.390167537541753e-25, nan 
-10.375, -70.125, 9.579856210716239e-25, nan 
-10.125, -70.125, 7.67254816558684e-25, nan 
-9.875, -70.125, 7.059551641663782e-25, nan 
-9.625, -70.125, 1.1012740453933284e-24, nan 
-9.375, -70.125, 1.3328301669445148e-24, nan 
-9.125, -70.125, 1.162284119450628e-24, nan 
-8.875, -70.125, 1.1541862802921808e-24, nan 
-8.625, -70.125, 1.4021079207440699e-24, nan 
-8.375, -70.125, 9.936489550004202e-25, nan 
-8.125, -70.125, 8.184901543716712e-25, nan 
-7.875, -70.125, 1.1359875343639362e-24, nan 
-7.625, -70.125, 1.1290718408071839e-24, nan 
-7.375, -70.125, 2.039264138482686e-24, nan 
-7.125, -70.125, 1.3255332922341536e-24, nan 
-6.875, -70.125, 9.093101998931312e-25, nan 
-6.625, -70.125, 1.2790468872750189e-24, nan 
-6.375, -70.125, 1.1638494003651489e-24, nan 
-6.125, -70.125, 1.0859503372317635e-24, nan 
-5.875, -70.125, 1.0110992808530419e-24, nan 
-5.625, -70.125, 1.162212441179805e-24, nan 
-5.375, -70.125, 1.3167888727898946e-24, nan 
-5.125, -70.125, 1.0770086351497142e-24, nan 
-4.875, -70.125, 1.5093444649226703e-24, nan 
-4.625, -70.125, 1.2801090840385248e-24, nan 
-4.375, -70.125, 6.451263652803709e-25, nan 
-14.375, -69.875, 4.3062938647937955e-24, nan 
-14.125, -69.875, 3.014004038490295e-24, nan 
-13.875, -69.875, 2.426605188757159e-24, nan 
-13.625, -69.875, 4.014413328853844e-24, nan 
-13.375, -69.875, 5.245289793469361e-24, nan 
-13.125, -69.875, 6.638783844499427e-24, nan 
-12.875, -69.875, 5.269020052859578e-24, nan 
-12.625, -69.875, 5.042990590803613e-24, nan 
-12.375, -69.875, 5.2350738350826036e-24, nan 
-12.125, -69.875, 3.2659162364191166e-24, nan 
-11.875, -69.875, 1.1960838419814236e-24, nan 
-11.625, -69.875, 8.19486033018589e-25, nan 
-11.375, -69.875, 2.432193301204198e-25, nan 
-11.125, -69.875, 4.1078527743959893e-25, nan 
-10.875, -69.875, 3.5547346175468454e-25, nan 
-10.625, -69.875, 5.542586622000179e-25, nan 
-10.375, -69.875, 7.899842898565017e-25, nan 
-10.125, -69.875, 7.963873623444304e-25, nan 
-9.875, -69.875, 7.689037458615665e-25, nan 
-9.625, -69.875, 6.221076421595354e-25, nan 
-9.375, -69.875, 7.487875398819776e-25, nan 
-9.125, -69.875, 7.112856111503568e-25, nan 
-8.875, -69.875, 1.2507844708970854e-24, nan 
-8.625, -69.875, 1.3933278703365126e-24, nan 
-8.375, -69.875, 1.1809072007008393e-24, nan 
-8.125, -69.875, 2.2443101734657893e-24, nan 
-7.875, -69.875, 1.4213518986927567e-24, nan 
-7.625, -69.875, 1.2461804856666284e-24, nan 
-7.375, -69.875, 2.5792957764683307e-24, nan 
-7.125, -69.875, 1.4111054717024607e-24, nan 
-6.875, -69.875, 9.905651728859957e-25, nan 
-6.625, -69.875, 1.0059334421681159e-24, nan 
-6.375, -69.875, 1.028375600214429e-24, nan 
-6.125, -69.875, 8.495758690771855e-25, nan 
-5.875, -69.875, 1.2188910769421226e-24, nan 
-5.625, -69.875, 1.5481097129117935e-24, nan 
-5.375, -69.875, 1.2296316765962874e-24, nan 
-5.125, -69.875, 1.3000956905513611e-24, nan 
-4.875, -69.875, 2.0254304020746218e-24, nan 
-4.625, -69.875, 8.426033073095092e-25, nan 
-4.375, -69.875, 1.2454191609680713e-24, nan 
-4.125, -69.875, 2.4307411755825608e-24, nan 
-3.875, -69.875, 1.3403506015076717e-24, nan 
-14.375, -69.625, 4.0770468135627164e-24, nan 
-14.125, -69.625, 7.135632814952601e-24, nan 
-13.875, -69.625, 8.182264901349394e-24, nan 
-13.625, -69.625, 7.452991444970187e-24, nan 
-13.375, -69.625, 6.351822174751107e-24, nan 
-13.125, -69.625, 7.142378230500694e-24, nan 
-12.875, -69.625, 6.274456806083496e-24, nan 
-12.625, -69.625, 4.800562090624724e-24, nan 
-12.375, -69.625, 1.883534325829875e-24, nan 
-12.125, -69.625, 1.469803478242353e-24, nan 
-11.875, -69.625, 6.531833289104576e-25, nan 
-11.625, -69.625, 4.22681032166539e-25, nan 
-11.375, -69.625, 3.7264854624951526e-25, nan 
-11.125, -69.625, 4.548762209640135e-25, nan 
-10.875, -69.625, 4.483388043295385e-25, nan 
-10.625, -69.625, 5.144183445337041e-25, nan 
-10.375, -69.625, 6.25036460318725e-25, nan 
-10.125, -69.625, 7.406271076910378e-25, nan 
-9.875, -69.625, 8.128926971626031e-25, nan 
-9.625, -69.625, 9.567336991771727e-25, nan 
-9.375, -69.625, 1.158598167668845e-24, nan 
-9.125, -69.625, 1.0655496671595703e-24, nan 
-8.875, -69.625, 1.0144338707334516e-24, nan 
-8.625, -69.625, 7.761573421373302e-25, nan 
-8.375, -69.625, 1.047546365281473e-24, nan 
-8.125, -69.625, 1.4628600985874634e-24, nan 
-7.875, -69.625, 9.549687846939285e-25, nan 
-7.625, -69.625, 9.232269713156728e-25, nan 
-7.375, -69.625, 5.4879418054476765e-25, nan 
-7.125, -69.625, 8.65432408239605e-25, nan 
-6.875, -69.625, 7.256030693121377e-25, nan 
-6.625, -69.625, 5.219737757537626e-25, nan 
-6.375, -69.625, 4.232200322283855e-25, nan 
-6.125, -69.625, 4.846540193287774e-25, nan 
-5.875, -69.625, 8.3483076009941e-25, nan 
-5.625, -69.625, 9.893018340834447e-25, nan 
-5.375, -69.625, 7.6170232378633915e-25, nan 
-5.125, -69.625, 7.321921091792721e-25, nan 
-4.875, -69.625, 2.012615554473771e-25, nan 
-4.625, -69.625, 4.829433938248411e-25, nan 
-4.375, -69.625, 9.878767337380818e-25, nan 
-4.125, -69.625, 1.6909206325261104e-24, nan 
-3.875, -69.625, 1.0720856665086634e-24, nan 
-3.625, -69.625, 8.637384240814125e-25, nan 
-14.375, -69.375, 7.816167005150163e-24, nan 
-14.125, -69.375, 8.548158328034952e-24, nan 
-13.875, -69.375, 8.183793851409517e-24, nan 
-13.625, -69.375, 7.298720078172436e-24, nan 
-13.375, -69.375, 5.1367231108467706e-24, nan 
-13.125, -69.375, 3.5923987805900645e-24, nan 
-12.875, -69.375, 3.3380421975904176e-24, nan 
-12.625, -69.375, 3.370176012774897e-24, nan 
-12.375, -69.375, 2.9885030849490165e-24, nan 
-12.125, -69.375, 1.0102704839260115e-24, nan 
-11.875, -69.375, 1.5508956856981993e-24, nan 
-11.625, -69.375, 1.7345771566258547e-24, nan 
-11.375, -69.375, 1.2232519354924068e-24, nan 
-11.125, -69.375, 9.904299278044702e-25, nan 
-10.875, -69.375, 1.4660031263481176e-24, nan 
-10.625, -69.375, 1.1836299446056789e-24, nan 
-10.375, -69.375, 1.0485388451995792e-24, nan 
-10.125, -69.375, 1.3619855284649556e-24, nan 
-9.875, -69.375, 1.2525897776423401e-24, nan 
-9.625, -69.375, 1.2358097699107412e-24, nan 
-9.375, -69.375, 1.509865532787096e-24, nan 
-9.125, -69.375, 1.2342235468105002e-24, nan 
-8.875, -69.375, 8.35251258428255e-25, nan 
-8.625, -69.375, 7.4275532564353745e-25, nan 
-8.375, -69.375, 1.3630392901567788e-24, nan 
-8.125, -69.375, 1.4155576904571356e-24, nan 
-7.875, -69.375, 9.583119754134184e-25, nan 
-7.625, -69.375, 3.3385060399000838e-25, nan 
-7.375, -69.375, 4.238537673189309e-25, nan 
-7.125, -69.375, 4.38022866606654e-25, nan 
-6.875, -69.375, 3.0446828522316483e-25, nan 
-6.625, -69.375, 2.9630270651101315e-25, nan 
-6.375, -69.375, 3.6336804077182942e-25, nan 
-6.125, -69.375, 2.8645821059498507e-25, nan 
-5.875, -69.375, 4.085106622657623e-25, nan 
-5.625, -69.375, 3.324204292196341e-25, nan 
-5.375, -69.375, 2.394199857159959e-25, nan 
-5.125, -69.375, 3.793665457843756e-25, nan 
-4.875, -69.375, 4.0863041185670424e-25, nan 
-4.625, -69.375, 6.852497855206505e-25, nan 
-4.375, -69.375, 8.332798063318335e-25, nan 
-4.125, -69.375, 7.5792780461988995e-25, nan 
-3.875, -69.375, 1.0823641019773523e-24, nan 
-3.625, -69.375, 1.7101700445280454e-24, nan 
-3.375, -69.375, 1.207129875206109e-24, nan 
-14.125, -69.125, 4.2950676058963596e-24, nan 
-13.875, -69.125, 2.7190515374982812e-24, nan 
-13.625, -69.125, 2.5653574435032185e-24, nan 
-13.375, -69.125, 4.429084599994105e-24, nan 
-13.125, -69.125, 3.47689264497747e-24, nan 
-12.875, -69.125, 2.316732358191127e-24, nan 
-12.625, -69.125, 1.0169285961597861e-24, nan 
-12.375, -69.125, 1.1606429869491099e-24, nan 
-12.125, -69.125, 7.266311321107738e-25, nan 
-11.875, -69.125, 1.2656068441962306e-24, nan 
-11.625, -69.125, 1.2948298744054746e-24, nan 
-11.375, -69.125, 1.1200055352574552e-24, nan 
-11.125, -69.125, 1.393270217760171e-24, nan 
-10.875, -69.125, 1.5513647475856726e-24, nan 
-10.625, -69.125, 1.091880434248393e-24, nan 
-10.375, -69.125, 1.0873872225390315e-24, nan 
-10.125, -69.125, 9.79730365859188e-25, nan 
-9.875, -69.125, 7.845338869571891e-25, nan 
-9.625, -69.125, 1.0260601219689287e-24, nan 
-9.375, -69.125, 9.25404206180885e-25, nan 
-9.125, -69.125, 1.2437319685488893e-24, nan 
-8.875, -69.125, 9.958086726538426e-25, nan 
-8.625, -69.125, 1.0534440369259386e-24, nan 
-8.375, -69.125, 2.2791049212644705e-24, nan 
-8.125, -69.125, 2.5836326092004878e-24, nan 
-7.875, -69.125, 1.7980528421080953e-24, nan 
-7.625, -69.125, 1.4469591755740076e-24, nan 
-7.375, -69.125, 1.4066938504486199e-24, nan 
-7.125, -69.125, 9.891511820630297e-25, nan 
-6.875, -69.125, 5.327627892895642e-25, nan 
-6.625, -69.125, 4.47167938166519e-25, nan 
-6.375, -69.125, 6.9534203772635875e-25, nan 
-6.125, -69.125, 8.041576993705276e-25, nan 
-5.875, -69.125, 6.565641199781929e-25, nan 
-5.625, -69.125, 7.798298320872306e-25, nan 
-5.375, -69.125, 6.824547104447102e-25, nan 
-5.125, -69.125, 7.513477218616115e-25, nan 
-4.875, -69.125, 7.511790126034207e-25, nan 
-4.625, -69.125, 1.276318695944113e-24, nan 
-4.375, -69.125, 1.426928614356728e-24, nan 
-4.125, -69.125, 6.912289029717492e-25, nan 
-3.875, -69.125, 1.0619435889542859e-24, nan 
-3.625, -69.125, 1.5270623226281896e-24, nan 
-3.375, -69.125, 1.6980095181067555e-24, nan 
-3.125, -69.125, 1.2230828850690761e-24, nan 
-14.125, -68.875, 5.544976598815224e-24, nan 
-13.875, -68.875, 5.6299496456720735e-24, nan 
-13.625, -68.875, 4.933758220462183e-24, nan 
-13.375, -68.875, 5.218362358128375e-24, nan 
-13.125, -68.875, 6.3152726751627176e-24, nan 
-12.875, -68.875, 6.113610554520276e-24, nan 
-12.625, -68.875, 3.767625202648311e-24, nan 
-12.375, -68.875, 1.8585277099642366e-24, nan 
-12.125, -68.875, 1.633457508260044e-24, nan 
-11.875, -68.875, 1.2896453775065423e-24, nan 
-11.625, -68.875, 1.6044029176631602e-24, nan 
-11.375, -68.875, 6.384965560973487e-25, nan 
-11.125, -68.875, 1.1030059004341387e-24, nan 
-10.875, -68.875, 1.3359669936498435e-24, nan 
-10.625, -68.875, 8.112459980956067e-25, nan 
-10.375, -68.875, 8.35009743432791e-25, nan 
-10.125, -68.875, 9.573330292011045e-25, nan 
-9.875, -68.875, 7.9904988535275e-25, nan 
-9.625, -68.875, 7.684641756370161e-25, nan 
-9.375, -68.875, 1.3904634549110178e-24, nan 
-9.125, -68.875, 9.919428881519935e-25, nan 
-8.875, -68.875, 1.4412078563244736e-24, nan 
-8.625, -68.875, 2.859495531662004e-24, nan 
-8.375, -68.875, 1.7687244622481932e-24, nan 
-8.125, -68.875, 1.7083078422139427e-24, nan 
-7.875, -68.875, 2.1951109820464705e-24, nan 
-7.625, -68.875, 1.1678435623914848e-24, nan 
-7.375, -68.875, 5.568636278074908e-25, nan 
-7.125, -68.875, 6.415289702497432e-25, nan 
-6.875, -68.875, 6.513397705339775e-25, nan 
-6.625, -68.875, 5.221320699309743e-25, nan 
-6.375, -68.875, 7.51858368959488e-25, nan 
-6.125, -68.875, 1.007149140840312e-24, nan 
-5.875, -68.875, 1.1157134849978346e-24, nan 
-5.625, -68.875, 1.0656940996154744e-24, nan 
-5.375, -68.875, 1.108127374165772e-24, nan 
-5.125, -68.875, 8.60999706593128e-25, nan 
-4.875, -68.875, 1.1602950134141573e-24, nan 
-4.625, -68.875, 1.307245079643767e-24, nan 
-4.375, -68.875, 1.184050549225959e-24, nan 
-4.125, -68.875, 8.222656417571406e-25, nan 
-3.875, -68.875, 9.679376841341937e-25, nan 
-3.625, -68.875, 1.1735724090924935e-24, nan 
-3.375, -68.875, 1.3982689449526701e-24, nan 
-3.125, -68.875, 1.2492804466018431e-24, nan 
-2.875, -68.875, 9.497430416464915e-25, nan 
-2.625, -68.875, 1.1240822750687986e-24, nan 
-14.125, -68.625, 1.52999848688182e-24, nan 
-13.875, -68.625, 4.2746746469591105e-25, nan 
-13.625, -68.625, 3.4747589303057585e-24, nan 
-13.375, -68.625, 6.913516795275151e-24, nan 
-13.125, -68.625, 7.343172538330683e-24, nan 
-12.875, -68.625, 5.7324381539695535e-24, nan 
-12.625, -68.625, 6.611583083736291e-24, nan 
-12.375, -68.625, 5.66371841040653e-24, nan 
-12.125, -68.625, 2.2399889435100367e-24, nan 
-11.875, -68.625, 1.5523497488013184e-24, nan 
-11.625, -68.625, 1.2268868517220863e-24, nan 
-11.375, -68.625, 5.423947196900427e-25, nan 
-11.125, -68.625, 6.735987764139197e-25, nan 
-10.875, -68.625, 9.67275181743409e-25, nan 
-10.625, -68.625, 5.880617879659722e-25, nan 
-10.375, -68.625, 9.248090227051504e-25, nan 
-10.125, -68.625, 7.388023029252728e-25, nan 
-9.875, -68.625, 7.019274505962137e-25, nan 
-9.625, -68.625, 7.280021043905811e-25, nan 
-9.375, -68.625, 7.731588664021137e-25, nan 
-9.125, -68.625, 6.570013800339179e-25, nan 
-8.875, -68.625, 1.0891671063018126e-24, nan 
-8.625, -68.625, 1.8626622353715086e-24, nan 
-8.375, -68.625, 1.2431701745145387e-24, nan 
-8.125, -68.625, 7.9388349422874415e-25, nan 
-7.875, -68.625, 8.68023612666623e-25, nan 
-7.625, -68.625, 5.685141526417593e-25, nan 
-7.375, -68.625, 7.818787410295792e-25, nan 
-7.125, -68.625, 9.222807653024242e-25, nan 
-6.875, -68.625, 5.965511137395916e-25, nan 
-6.625, -68.625, 7.811031399327715e-25, nan 
-6.375, -68.625, 3.806452285834712e-25, nan 
-6.125, -68.625, 6.513206758254371e-25, nan 
-5.875, -68.625, 1.656702829745527e-24, nan 
-5.625, -68.625, 1.3683507972294625e-24, nan 
-5.375, -68.625, 1.5146775937609551e-24, nan 
-5.125, -68.625, 1.141499836367152e-24, nan 
-4.875, -68.625, 1.1892768335914885e-24, nan 
-4.625, -68.625, 1.157555192981191e-24, nan 
-4.375, -68.625, 7.592000516421648e-25, nan 
-4.125, -68.625, 1.143036418314559e-24, nan 
-3.875, -68.625, 1.564985319029784e-24, nan 
-3.625, -68.625, 8.440548549833208e-25, nan 
-3.375, -68.625, 1.1560275097532801e-24, nan 
-3.125, -68.625, 1.2031830590865345e-24, nan 
-2.875, -68.625, 8.819403487507318e-25, nan 
-2.625, -68.625, 1.0075137151592108e-24, nan 
-2.375, -68.625, 9.747178983622607e-25, nan 
-14.125, -68.375, 3.226188653847008e-24, nan 
-13.875, -68.375, 3.4870272068590605e-24, nan 
-13.625, -68.375, 6.273671734788811e-24, nan 
-13.375, -68.375, 7.289091650816348e-24, nan 
-13.125, -68.375, 5.366939856710462e-24, nan 
-12.875, -68.375, 5.7990106499703074e-24, nan 
-12.625, -68.375, 5.246397400935395e-24, nan 
-12.375, -68.375, 3.3258841138399474e-24, nan 
-12.125, -68.375, 7.401889108992967e-25, nan 
-11.875, -68.375, 5.828014958328499e-25, nan 
-11.625, -68.375, 6.935719513998895e-25, nan 
-11.375, -68.375, 5.650465478081598e-25, nan 
-11.125, -68.375, 1.3687244930800298e-24, nan 
-10.875, -68.375, 1.3040720265401522e-24, nan 
-10.625, -68.375, 9.084692989812316e-25, nan 
-10.375, -68.375, 1.1972559032049944e-24, nan 
-10.125, -68.375, 9.872132800213662e-25, nan 
-9.875, -68.375, 1.0421573321564244e-24, nan 
-9.625, -68.375, 7.052632984734423e-25, nan 
-9.375, -68.375, 6.361272203759234e-25, nan 
-9.125, -68.375, 8.358381389191295e-25, nan 
-8.875, -68.375, 6.007495219961312e-25, nan 
-8.625, -68.375, 7.596822158952936e-25, nan 
-8.375, -68.375, 8.470804690704552e-25, nan 
-8.125, -68.375, 1.0865144833495979e-24, nan 
-7.875, -68.375, 1.1097730493013578e-24, nan 
-7.625, -68.375, 9.885943210253243e-25, nan 
-7.375, -68.375, 8.156878506443721e-25, nan 
-7.125, -68.375, 9.102628487418106e-25, nan 
-6.875, -68.375, 7.406029600750525e-25, nan 
-6.625, -68.375, 1.2099668779922564e-24, nan 
-6.375, -68.375, 1.0658647908586095e-24, nan 
-6.125, -68.375, 1.1288386832072602e-24, nan 
-5.875, -68.375, 1.7767236574710438e-24, nan 
-5.625, -68.375, 1.754355309796592e-24, nan 
-5.375, -68.375, 2.0229461363581406e-24, nan 
-5.125, -68.375, 1.9242947203021236e-24, nan 
-4.875, -68.375, 1.9756182694995886e-24, nan 
-4.625, -68.375, 2.111164075550365e-24, nan 
-4.375, -68.375, 1.4219157029392469e-24, nan 
-4.125, -68.375, 2.0557243075790384e-24, nan 
-3.875, -68.375, 2.7528410287582657e-24, nan 
-3.625, -68.375, 8.210507802859171e-25, nan 
-3.375, -68.375, 1.607428935120693e-24, nan 
-3.125, -68.375, 2.0752466186278973e-24, nan 
-2.875, -68.375, 7.378705615442666e-25, nan 
-2.625, -68.375, 1.3637744855280684e-24, nan 
-2.375, -68.375, 9.774876920053328e-25, nan 
-2.125, -68.375, 1.0114661980801385e-24, nan 
-14.125, -68.125, 5.4182466443658926e-24, nan 
-13.875, -68.125, 4.9411647445028376e-24, nan 
-13.625, -68.125, 4.170779722983767e-24, nan 
-13.375, -68.125, 5.8095645888475845e-24, nan 
-13.125, -68.125, 4.7057210095920024e-24, nan 
-12.875, -68.125, 1.3599438001894628e-24, nan 
-12.625, -68.125, 9.226596623052792e-25, nan 
-12.375, -68.125, 8.751405175257871e-25, nan 
-12.125, -68.125, 3.389360589710093e-25, nan 
-11.875, -68.125, 4.749464327293962e-25, nan 
-11.625, -68.125, 9.711128778309384e-25, nan 
-11.375, -68.125, 1.1230690557375505e-24, nan 
-11.125, -68.125, 1.2329860330923598e-24, nan 
-10.875, -68.125, 1.289341486324453e-24, nan 
-10.625, -68.125, 1.0541407737252871e-24, nan 
-10.375, -68.125, 7.3793690604734915e-25, nan 
-10.125, -68.125, 5.755856818407188e-25, nan 
-9.875, -68.125, 4.662578889015575e-25, nan 
-9.625, -68.125, 3.933128165101711e-25, nan 
-9.375, -68.125, 4.523674032423367e-25, nan 
-9.125, -68.125, 8.227304181487961e-25, nan 
-8.875, -68.125, 8.199844630849096e-25, nan 
-8.625, -68.125, 7.878642911790549e-25, nan 
-8.375, -68.125, 9.617933566539278e-25, nan 
-8.125, -68.125, 1.030228622750762e-24, nan 
-7.875, -68.125, 8.907569190968426e-25, nan 
-7.625, -68.125, 1.0079368908938087e-24, nan 
-7.375, -68.125, 5.814599357898956e-25, nan 
-7.125, -68.125, 2.310159886615206e-25, nan 
-6.875, -68.125, 7.649351840489472e-25, nan 
-6.625, -68.125, 8.419687265593842e-25, nan 
-6.375, -68.125, 1.1530522564517533e-24, nan 
-6.125, -68.125, 1.1281392047000765e-24, nan 
-5.875, -68.125, 6.628884082135093e-25, nan 
-5.625, -68.125, 3.4521452621840903e-25, nan 
-5.375, -68.125, 7.287831497414576e-25, nan 
-5.125, -68.125, 1.6141794531413292e-24, nan 
-4.875, -68.125, 1.60218325468493e-24, nan 
-4.625, -68.125, 1.80791194547193e-24, nan 
-4.375, -68.125, 1.9170958320505152e-24, nan 
-4.125, -68.125, 2.058031830477455e-24, nan 
-3.875, -68.125, 2.1274815416945876e-24, nan 
-3.625, -68.125, 1.0628053767377966e-24, nan 
-3.375, -68.125, 1.963090135047885e-24, nan 
-3.125, -68.125, 1.3399201838057297e-24, nan 
-2.875, -68.125, 7.4829657301484135e-25, nan 
-2.625, -68.125, 1.4093018024399135e-24, nan 
-2.375, -68.125, 9.090129515888759e-25, nan 
-2.125, -68.125, 7.637481611076819e-25, nan 
-1.875, -68.125, 5.337210632544642e-25, nan 
-13.875, -67.875, 1.887588242766372e-24, nan 
-13.625, -67.875, 1.3974888390649042e-24, nan 
-13.375, -67.875, 4.654040471878962e-25, nan 
-13.125, -67.875, 8.281915936495658e-25, nan 
-12.875, -67.875, 2.368637697778584e-25, nan 
-12.625, -67.875, 5.308806330833011e-25, nan 
-12.375, -67.875, 1.0402284928270416e-24, nan 
-12.125, -67.875, 1.1544963040790604e-24, nan 
-11.875, -67.875, 1.683033632113739e-24, nan 
-11.625, -67.875, 1.5015892398931966e-24, nan 
-11.375, -67.875, 1.1791458691665355e-24, nan 
-11.125, -67.875, 1.2446319345030416e-24, nan 
-10.875, -67.875, 9.473589995114725e-25, nan 
-10.625, -67.875, 7.01558420323377e-25, nan 
-10.375, -67.875, 7.430884449105223e-25, nan 
-10.125, -67.875, 8.696584238142577e-25, nan 
-9.875, -67.875, 6.474068197211034e-25, nan 
-9.625, -67.875, 8.964018008078812e-25, nan 
-9.375, -67.875, 8.49718362691332e-25, nan 
-9.125, -67.875, 3.895220305524768e-25, nan 
-8.875, -67.875, 9.627862129922748e-25, nan 
-8.625, -67.875, 1.5021239337219245e-24, nan 
-8.375, -67.875, 1.1503773925719772e-24, nan 
-8.125, -67.875, 8.1512160804143215e-25, nan 
-7.875, -67.875, 1.0991953857381644e-24, nan 
-7.625, -67.875, 9.979109205617902e-25, nan 
-7.375, -67.875, 7.647810462029653e-25, nan 
-7.125, -67.875, 8.057072773848046e-25, nan 
-6.875, -67.875, 1.0061447339242953e-24, nan 
-6.625, -67.875, 5.530635379634284e-25, nan 
-6.375, -67.875, 1.4824389484585302e-24, nan 
-6.125, -67.875, 1.2002165968963958e-24, nan 
-5.875, -67.875, 7.788168040530396e-25, nan 
-5.625, -67.875, 5.171281181689678e-25, nan 
-5.375, -67.875, 5.9081831400961945e-25, nan 
-5.125, -67.875, 6.635004504608916e-25, nan 
-4.875, -67.875, 3.413818481928593e-25, nan 
-4.625, -67.875, 1.044947459460253e-24, nan 
-4.375, -67.875, 1.3845166696652635e-24, nan 
-4.125, -67.875, 1.7468353463304616e-24, nan 
-3.875, -67.875, 1.6516952127497573e-24, nan 
-3.625, -67.875, 1.1835711589009614e-24, nan 
-3.375, -67.875, 1.4199360504739888e-24, nan 
-3.125, -67.875, 1.313050522238429e-24, nan 
-2.875, -67.875, 7.041664934337629e-25, nan 
-2.625, -67.875, 1.393273781035028e-24, nan 
-2.375, -67.875, 7.0250196880657345e-25, nan 
-2.125, -67.875, 7.035861882303509e-25, nan 
-1.875, -67.875, 1.173926731904132e-24, nan 
-1.625, -67.875, 7.7683557405912755e-25, nan 
-13.875, -67.625, 6.809483937677534e-25, nan 
-13.625, -67.625, 5.727133693840554e-25, nan 
-13.375, -67.625, 1.1418149756017508e-24, nan 
-13.125, -67.625, 1.3598387860950693e-24, nan 
-12.875, -67.625, 1.3545163498515158e-24, nan 
-12.625, -67.625, 1.2206711087013065e-24, nan 
-12.375, -67.625, 1.5214201833095511e-24, nan 
-12.125, -67.625, 1.5488336837785116e-24, nan 
-11.875, -67.625, 1.5624908881083533e-24, nan 
-11.625, -67.625, 1.3139272083943942e-24, nan 
-11.375, -67.625, 8.252433082598369e-25, nan 
-11.125, -67.625, 6.041699620445857e-25, nan 
-10.875, -67.625, 7.104744282157697e-25, nan 
-10.625, -67.625, 6.651639713286986e-25, nan 
-10.375, -67.625, 5.946236426722443e-25, nan 
-10.125, -67.625, 1.5781648073708908e-24, nan 
-9.875, -67.625, 9.322825142206173e-25, nan 
-9.625, -67.625, 7.5719025377921755e-25, nan 
-9.375, -67.625, 9.051709230975994e-25, nan 
-9.125, -67.625, 1.0231249122276431e-24, nan 
-8.875, -67.625, 7.512007171981647e-25, nan 
-8.625, -67.625, 1.2395255419480882e-24, nan 
-8.375, -67.625, 1.0951643633285519e-24, nan 
-8.125, -67.625, 5.996112951146498e-25, nan 
-7.875, -67.625, 4.571881616681995e-25, nan 
-7.625, -67.625, 6.029628559283418e-25, nan 
-7.375, -67.625, 1.2249685625484258e-24, nan 
-7.125, -67.625, 4.280527725832038e-25, nan 
-6.875, -67.625, 8.13808624044871e-25, nan 
-6.625, -67.625, 7.5429389832457715e-25, nan 
-6.375, -67.625, 7.4245662787033885e-25, nan 
-6.125, -67.625, 8.996820869367992e-25, nan 
-5.875, -67.625, 6.917938021819105e-25, nan 
-5.625, -67.625, 3.5024631101746964e-25, nan 
-5.375, -67.625, 5.370456456205276e-25, nan 
-5.125, -67.625, 8.200480434422895e-25, nan 
-4.875, -67.625, 1.3500588244115597e-24, nan 
-4.625, -67.625, 2.4940985733612022e-25, nan 
-4.375, -67.625, 1.3957966605585864e-24, nan 
-4.125, -67.625, 2.5840899682789047e-24, nan 
-3.875, -67.625, 1.6413722380927254e-24, nan 
-3.625, -67.625, 9.471653729802922e-25, nan 
-3.375, -67.625, 7.755740192325919e-25, nan 
-3.125, -67.625, 2.2462158985017167e-24, nan 
-2.875, -67.625, 1.0883615122716292e-24, nan 
-2.625, -67.625, 1.3855831840544533e-24, nan 
-2.375, -67.625, 1.737080979668738e-24, nan 
-2.125, -67.625, 1.5530763018111268e-24, nan 
-1.875, -67.625, 1.1191111508308064e-24, nan 
-1.625, -67.625, 1.1330949219721146e-24, nan 
-1.375, -67.625, 7.625095296825992e-25, nan 
-13.875, -67.375, 1.4398111929266669e-24, nan 
-13.625, -67.375, 1.2741045637899628e-24, nan 
-13.375, -67.375, 1.63354193723112e-24, nan 
-13.125, -67.375, 1.493716159137515e-24, nan 
-12.875, -67.375, 1.3817502251146543e-24, nan 
-12.625, -67.375, 8.989752737308448e-25, nan 
-12.375, -67.375, 7.438478693533456e-25, nan 
-12.125, -67.375, 8.146191880780004e-25, nan 
-11.875, -67.375, 6.374805053882515e-25, nan 
-11.625, -67.375, 5.952936112321357e-25, nan 
-11.375, -67.375, 6.266314492774021e-25, nan 
-11.125, -67.375, 5.664910080346275e-25, nan 
-10.875, -67.375, 1.2489811743747506e-24, nan 
-10.625, -67.375, 7.1223903607586925e-25, nan 
-10.375, -67.375, 6.303754902517455e-25, nan 
-10.125, -67.375, 2.5801886750084304e-24, nan 
-9.875, -67.375, 7.787563473086418e-25, nan 
-9.625, -67.375, 4.691987436756312e-25, nan 
-9.375, -67.375, 1.3997356499376801e-24, nan 
-9.125, -67.375, 7.133914126395667e-25, nan 
-8.875, -67.375, 6.417720477996825e-25, nan 
-8.625, -67.375, 5.654757177575534e-25, nan 
-8.375, -67.375, 6.353383235333245e-25, nan 
-8.125, -67.375, 7.181713752355985e-25, nan 
-7.875, -67.375, 5.829424285607413e-25, nan 
-7.625, -67.375, 3.630617745176815e-25, nan 
-7.375, -67.375, 1.0007155972249616e-24, nan 
-7.125, -67.375, 3.6469091879144683e-25, nan 
-6.875, -67.375, 5.759088424071382e-25, nan 
-6.625, -67.375, 6.138434447256004e-25, nan 
-6.375, -67.375, 4.040134810621459e-25, nan 
-6.125, -67.375, 7.499647568740192e-25, nan 
-5.875, -67.375, 7.47624304899894e-25, nan 
-5.625, -67.375, 2.5792967007461594e-25, nan 
-5.375, -67.375, 3.7602974025074466e-25, nan 
-5.125, -67.375, 5.732766885523831e-25, nan 
-4.875, -67.375, 4.755802201728488e-25, nan 
-4.625, -67.375, 4.461343290561147e-25, nan 
-4.375, -67.375, 1.425934591100153e-24, nan 
-4.125, -67.375, 2.3649528828524946e-24, nan 
-3.875, -67.375, 1.442019420657493e-24, nan 
-3.625, -67.375, 1.1946582152364033e-24, nan 
-3.375, -67.375, 2.2664404608539087e-24, nan 
-3.125, -67.375, 2.5445041442435975e-24, nan 
-2.875, -67.375, 2.4386668339726273e-24, nan 
-2.625, -67.375, 1.7512882937060758e-24, nan 
-2.375, -67.375, 2.236586555905738e-24, nan 
-2.125, -67.375, 2.3793167978485157e-24, nan 
-1.875, -67.375, 1.6079836124702265e-24, nan 
-1.625, -67.375, 1.4084941305460627e-24, nan 
-1.375, -67.375, 1.147506280174773e-24, nan 
-13.625, -67.125, 1.5726724799067587e-24, nan 
-13.375, -67.125, 1.4262788699842578e-24, nan 
-13.125, -67.125, 1.289229818246886e-24, nan 
-12.875, -67.125, 1.6049155334880105e-24, nan 
-12.625, -67.125, 1.35274324864514e-24, nan 
-12.375, -67.125, 8.015238378406684e-25, nan 
-12.125, -67.125, 5.123168535690172e-25, nan 
-11.875, -67.125, 4.620876236742372e-25, nan 
-11.625, -67.125, 6.264758789668608e-25, nan 
-11.375, -67.125, 5.081579419688496e-25, nan 
-11.125, -67.125, 4.335701799696346e-25, nan 
-10.875, -67.125, 4.781251173191081e-25, nan 
-10.625, -67.125, 4.0459170781855008e-25, nan 
-10.375, -67.125, 3.966425847097245e-25, nan 
-10.125, -67.125, 1.3345026949169161e-24, nan 
-9.875, -67.125, 7.163725099596428e-25, nan 
-9.625, -67.125, 4.999769302682255e-25, nan 
-9.375, -67.125, 6.337081782628741e-25, nan 
-9.125, -67.125, 8.449615952331842e-25, nan 
-8.875, -67.125, 1.0932750839253884e-24, nan 
-8.625, -67.125, 8.925832448200324e-25, nan 
-8.375, -67.125, 5.96953545637659e-25, nan 
-8.125, -67.125, 7.795610909177199e-25, nan 
-7.875, -67.125, 6.830850672492963e-25, nan 
-7.625, -67.125, 2.814477721639823e-25, nan 
-7.375, -67.125, 1.6447408629930181e-25, nan 
-7.125, -67.125, 2.735474416572142e-25, nan 
-6.875, -67.125, 2.3350773790472373e-25, nan 
-6.625, -67.125, 3.0018450277665757e-25, nan 
-6.375, -67.125, 5.087618356104815e-25, nan 
-6.125, -67.125, 4.0849476642431914e-25, nan 
-5.875, -67.125, 5.248259128589759e-25, nan 
-5.625, -67.125, 4.897759227359183e-25, nan 
-5.375, -67.125, 2.8084579950151505e-25, nan 
-5.125, -67.125, 4.257121531382104e-25, nan 
-4.875, -67.125, 5.764971917871705e-25, nan 
-4.625, -67.125, 4.958112132914056e-25, nan 
-4.375, -67.125, 3.7008261812259504e-25, nan 
-4.125, -67.125, 3.0333433539685514e-25, nan 
-3.875, -67.125, 1.058433319598401e-24, nan 
-3.625, -67.125, 9.162433307423324e-25, nan 
-3.375, -67.125, 1.702164029646574e-24, nan 
-3.125, -67.125, 2.5718257298719937e-24, nan 
-2.875, -67.125, 1.7951508847335796e-24, nan 
-2.625, -67.125, 1.2039682591034035e-24, nan 
-2.375, -67.125, 1.7957462576483256e-24, nan 
-2.125, -67.125, 9.182744712482933e-25, nan 
-1.875, -67.125, 3.8592281687411883e-25, nan 
-1.625, -67.125, 1.0980370487002516e-24, nan 
-1.375, -67.125, 1.0231919888324121e-24, nan 
-1.125, -67.125, 1.6499388483878742e-24, nan 
-13.625, -66.875, 2.6005631567308266e-24, nan 
-13.375, -66.875, 1.1398362996846148e-24, nan 
-13.125, -66.875, 1.2380238725941912e-24, nan 
-12.875, -66.875, 1.0486337679280114e-24, nan 
-12.625, -66.875, 1.2377546785579527e-24, nan 
-12.375, -66.875, 1.230750660771624e-24, nan 
-12.125, -66.875, 8.119317937911089e-25, nan 
-11.875, -66.875, 7.883724553713071e-25, nan 
-11.625, -66.875, 7.072265576765564e-25, nan 
-11.375, -66.875, 4.85878728620168e-25, nan 
-11.125, -66.875, 4.940544833335802e-25, nan 
-10.875, -66.875, 2.4383811923136566e-25, nan 
-10.625, -66.875, 1.9406448089479168e-25, nan 
-10.375, -66.875, 3.8714701138119935e-25, nan 
-10.125, -66.875, 3.327459588572519e-25, nan 
-9.875, -66.875, 1.8967381828460425e-25, nan 
-9.625, -66.875, 3.5282989060295326e-25, nan 
-9.375, -66.875, 5.79739107381201e-25, nan 
-9.125, -66.875, 6.372175898985416e-25, nan 
-8.875, -66.875, 7.714013801900397e-25, nan 
-8.625, -66.875, 6.859235068147799e-25, nan 
-8.375, -66.875, 4.841254442651529e-25, nan 
-8.125, -66.875, 2.7285289090526604e-25, nan 
-7.875, -66.875, 4.184242493955944e-25, nan 
-7.625, -66.875, 3.111576166601075e-25, nan 
-7.375, -66.875, 1.799765432931538e-25, nan 
-7.125, -66.875, 1.6267196939589397e-25, nan 
-6.875, -66.875, 2.6537290525878994e-25, nan 
-6.625, -66.875, 3.1339179562979967e-25, nan 
-6.375, -66.875, 3.9100463089577054e-25, nan 
-6.125, -66.875, 1.8846263317749978e-25, nan 
-5.875, -66.875, 2.3848780470760638e-25, nan 
-5.625, -66.875, 5.419956378110661e-25, nan 
-5.375, -66.875, 6.243989579338809e-25, nan 
-5.125, -66.875, 3.2975081588734584e-25, nan 
-4.875, -66.875, 5.684354050475519e-25, nan 
-4.625, -66.875, 7.788145392941618e-25, nan 
-4.375, -66.875, 4.863505460298919e-25, nan 
-4.125, -66.875, 3.1122978655041177e-25, nan 
-3.875, -66.875, 3.4406731083313176e-25, nan 
-3.625, -66.875, 6.659573954929588e-25, nan 
-3.375, -66.875, 8.891732072856604e-25, nan 
-3.125, -66.875, 4.693796346005555e-24, nan 
-2.875, -66.875, 3.425014644571239e-24, nan 
-2.625, -66.875, 2.0466992949256354e-24, nan 
-2.375, -66.875, 3.9755457764561704e-25, nan 
-2.125, -66.875, 4.059201405092066e-25, nan 
-1.875, -66.875, 1.0704282407542908e-25, nan 
-1.625, -66.875, 5.139592232228452e-25, nan 
-1.375, -66.875, 6.431062095444466e-25, nan 
-1.125, -66.875, 5.97490970543722e-25, nan 
-0.875, -66.875, 7.745289102679057e-25, nan 
-13.625, -66.625, 4.142983914260002e-24, nan 
-13.375, -66.625, 1.3519114246720374e-24, nan 
-13.125, -66.625, 1.1116988512691059e-24, nan 
-12.875, -66.625, 1.0771390903283378e-24, nan 
-12.625, -66.625, 1.1364182029304488e-24, nan 
-12.375, -66.625, 1.1611804127245571e-24, nan 
-12.125, -66.625, 9.869281211802625e-25, nan 
-11.875, -66.625, 7.643521355182247e-25, nan 
-11.625, -66.625, 6.205939326941009e-25, nan 
-11.375, -66.625, 4.784332797831893e-25, nan 
-11.125, -66.625, 3.5678742820143384e-25, nan 
-10.875, -66.625, 1.641080976560577e-25, nan 
-10.625, -66.625, 1.5293479679887217e-25, nan 
-10.375, -66.625, 2.2571534717341928e-25, nan 
-10.125, -66.625, 2.846569610843578e-25, nan 
-9.875, -66.625, 1.5676594773875618e-25, nan 
-9.625, -66.625, 1.9503187775448112e-25, nan 
-9.375, -66.625, 2.9352935214596144e-25, nan 
-9.125, -66.625, 2.3314785215757116e-25, nan 
-8.875, -66.625, 2.7632311592024433e-25, nan 
-8.625, -66.625, 2.4167183686665234e-25, nan 
-8.375, -66.625, 1.1681864073151042e-25, nan 
-8.125, -66.625, 8.338992181460277e-26, nan 
-7.875, -66.625, 3.28815483621798e-25, nan 
-7.625, -66.625, 3.3207110649818427e-25, nan 
-7.375, -66.625, 3.7619413272673697e-25, nan 
-7.125, -66.625, 2.9519183985766773e-25, nan 
-6.875, -66.625, 2.459136121453525e-25, nan 
-6.625, -66.625, 6.188246229340142e-25, nan 
-6.375, -66.625, 3.803649848229529e-25, nan 
-6.125, -66.625, 1.1016176909752615e-25, nan 
-5.875, -66.625, 4.198955440488159e-25, nan 
-5.625, -66.625, 2.740932191797014e-25, nan 
-5.375, -66.625, 2.8673436929621806e-25, nan 
-5.125, -66.625, 4.325922596253646e-25, nan 
-4.875, -66.625, 3.11753104526005e-25, nan 
-4.625, -66.625, 4.463654725705625e-25, nan 
-4.375, -66.625, 3.9212592452935496e-25, nan 
-4.125, -66.625, 3.7947715063518525e-25, nan 
-3.875, -66.625, 3.5490703421711474e-24, nan 
-3.625, -66.625, 2.569119840211212e-24, nan 
-3.375, -66.625, 1.743121729779071e-24, nan 
-3.125, -66.625, 8.2371815357581e-24, nan 
-2.875, -66.625, 8.040070842434972e-24, nan 
-2.625, -66.625, 3.93305519767407e-24, nan 
-2.375, -66.625, 4.4529674253657756e-24, nan 
-2.125, -66.625, 3.312117255430452e-24, nan 
-1.875, -66.625, 1.9010408120762134e-24, nan 
-1.625, -66.625, 1.9523370410013965e-25, nan 
-1.375, -66.625, 4.1138367388515407e-25, nan 
-1.125, -66.625, 4.333518930491905e-25, nan 
-0.875, -66.625, 4.0382472533223086e-25, nan 
-0.625, -66.625, 5.534427264738137e-25, nan 
-13.625, -66.375, 1.9939703329205906e-24, nan 
-13.375, -66.375, 1.3097679746593197e-24, nan 
-13.125, -66.375, 1.5708391277848358e-24, nan 
-12.875, -66.375, 1.9094731725505854e-24, nan 
-12.625, -66.375, 1.2909681832547447e-24, nan 
-12.375, -66.375, 1.2396239736519126e-24, nan 
-12.125, -66.375, 1.2412882075965391e-24, nan 
-11.875, -66.375, 1.0770209047370374e-24, nan 
-11.625, -66.375, 8.50028690231595e-25, nan 
-11.375, -66.375, 7.035019746060689e-25, nan 
-11.125, -66.375, 5.642396136397176e-25, nan 
-10.875, -66.375, 9.510802533385422e-26, nan 
-10.625, -66.375, 1.8728632551315364e-25, nan 
-10.375, -66.375, 2.6968970415821937e-25, nan 
-10.125, -66.375, 2.2996051110409345e-25, nan 
-9.875, -66.375, 1.7180625486548793e-25, nan 
-9.625, -66.375, 9.324598398287767e-26, nan 
-9.375, -66.375, 2.725737844850616e-25, nan 
-9.125, -66.375, 3.3605087174665714e-25, nan 
-8.875, -66.375, 3.7288973025342583e-25, nan 
-8.625, -66.375, 3.4339650896878226e-25, nan 
-8.375, -66.375, 2.383769636231732e-25, nan 
-8.125, -66.375, 1.9903282575609187e-25, nan 
-7.875, -66.375, 3.5489653553576073e-25, nan 
-7.625, -66.375, 3.3556468270562794e-25, nan 
-7.375, -66.375, 2.1954934566910363e-25, nan 
-7.125, -66.375, 3.2292520455025525e-25, nan 
-6.875, -66.375, 2.9473113503497525e-25, nan 
-6.625, -66.375, 3.075857873320835e-25, nan 
-6.375, -66.375, 3.0692101294526963e-25, nan 
-6.125, -66.375, 3.4106598184475616e-25, nan 
-5.875, -66.375, 6.424201696779106e-25, nan 
-5.625, -66.375, 3.2400637276467357e-25, nan 
-5.375, -66.375, 6.515955588752707e-25, nan 
-5.125, -66.375, 1.0123765306790615e-24, nan 
-4.875, -66.375, 3.6949784186765e-25, nan 
-4.625, -66.375, 2.3905977904742103e-25, nan 
-4.375, -66.375, 3.8254057215363925e-25, nan 
-4.125, -66.375, 1.386000478120003e-24, nan 
-3.875, -66.375, 6.587773569866662e-24, nan 
-3.625, -66.375, 7.312220275790512e-24, nan 
-3.375, -66.375, 3.150042103119764e-24, nan 
-3.125, -66.375, 1.3462712370793752e-23, nan 
-2.875, -66.375, 1.5612420670072375e-23, nan 
-2.625, -66.375, 6.76578007767579e-24, nan 
-2.375, -66.375, 7.234131041138047e-24, nan 
-2.125, -66.375, 8.483427774119497e-24, nan 
-1.875, -66.375, 4.1661175223181816e-24, nan 
-1.625, -66.375, 9.555524615278954e-25, nan 
-1.375, -66.375, 2.397350194966799e-25, nan 
-1.125, -66.375, 2.2790110712594753e-25, nan 
-0.875, -66.375, 8.973341987810402e-25, nan 
-0.625, -66.375, 6.291311596065688e-25, nan 
-13.375, -66.125, 1.0748376781864896e-24, nan 
-13.125, -66.125, 1.2944733856586314e-24, nan 
-12.875, -66.125, 1.2614744404541471e-24, nan 
-12.625, -66.125, 2.528306624410382e-24, nan 
-12.375, -66.125, 2.391612349145436e-24, nan 
-12.125, -66.125, 5.183052442226552e-25, nan 
-11.875, -66.125, 6.189722403655562e-25, nan 
-11.625, -66.125, 3.443807424511654e-25, nan 
-11.375, -66.125, 4.529350777330031e-25, nan 
-11.125, -66.125, 2.8476596451292204e-25, nan 
-10.875, -66.125, 1.2155679947934697e-25, nan 
-10.625, -66.125, 3.310364030080482e-25, nan 
-10.375, -66.125, 1.6214484208532484e-25, nan 
-10.125, -66.125, 4.277834612623218e-25, nan 
-9.875, -66.125, 6.325438746919935e-25, nan 
-9.625, -66.125, 2.4709672560168608e-25, nan 
-9.375, -66.125, 3.943358371140591e-25, nan 
-9.125, -66.125, 1.0025616780493801e-24, nan 
-8.875, -66.125, 1.3397483268577971e-24, nan 
-8.625, -66.125, 6.18061294977258e-25, nan 
-8.375, -66.125, 4.28721749020398e-25, nan 
-8.125, -66.125, 5.406999531451492e-25, nan 
-7.875, -66.125, 6.395597054535335e-25, nan 
-7.625, -66.125, 3.085778031662349e-25, nan 
-7.375, -66.125, 1.790748383357675e-25, nan 
-7.125, -66.125, 2.202598944910246e-25, nan 
-6.875, -66.125, 3.675870802590826e-25, nan 
-6.625, -66.125, 3.1845453722619865e-25, nan 
-6.375, -66.125, 2.3778702666991533e-25, nan 
-6.125, -66.125, 5.829116141484403e-25, nan 
-5.875, -66.125, 5.206764226518058e-25, nan 
-5.625, -66.125, 8.057305578505677e-25, nan 
-5.375, -66.125, 1.2555623286585593e-24, nan 
-5.125, -66.125, 1.1537473803500366e-24, nan 
-4.875, -66.125, 3.288407347921658e-25, nan 
-4.625, -66.125, 8.1506108775827345e-25, nan 
-4.375, -66.125, 9.643440919925869e-25, nan 
-4.125, -66.125, 5.868817659753761e-25, nan 
-3.875, -66.125, 7.843678628135906e-25, nan 
-3.625, -66.125, 6.909627720387821e-25, nan 
-3.375, -66.125, 1.7544210472082046e-24, nan 
-3.125, -66.125, 8.78062180758864e-24, nan 
-2.875, -66.125, 9.350535919491605e-24, nan 
-2.625, -66.125, 4.336846065833237e-24, nan 
-2.375, -66.125, 1.0054300835589992e-24, nan 
-2.125, -66.125, 7.143438307788163e-25, nan 
-1.875, -66.125, 8.77402169751713e-25, nan 
-1.625, -66.125, 8.706172021388465e-25, nan 
-1.375, -66.125, 8.147102507959908e-25, nan 
-1.125, -66.125, 2.10253791050824e-25, nan 
-0.875, -66.125, 1.4726429800788342e-24, nan 
-0.625, -66.125, 8.39622524026062e-25, nan 
-0.375, -66.125, 3.840700911104371e-25, nan 
-13.375, -65.875, 2.0052320756799524e-24, nan 
-13.125, -65.875, 2.4217755873719047e-24, nan 
-12.875, -65.875, 3.2446105231241685e-25, nan 
-12.625, -65.875, 3.9631266525673086e-24, nan 
-12.375, -65.875, 4.5162269009916185e-24, nan 
-12.125, -65.875, 4.254413879601843e-25, nan 
-11.875, -65.875, 1.2930054060334582e-24, nan 
-11.625, -65.875, 1.5886735698306771e-24, nan 
-11.375, -65.875, 2.871069148413834e-25, nan 
-11.125, -65.875, 1.8893112750033569e-25, nan 
-10.875, -65.875, 1.8034193910158757e-25, nan 
-10.625, -65.875, 1.3732253979849897e-25, nan 
-10.375, -65.875, 1.818827524691646e-25, nan 
-10.125, -65.875, 3.999634740983589e-25, nan 
-9.875, -65.875, 8.79894111341901e-25, nan 
-9.625, -65.875, 1.1089119176662593e-24, nan 
-9.375, -65.875, 4.534887001087991e-25, nan 
-9.125, -65.875, 1.5843825692978887e-24, nan 
-8.875, -65.875, 2.28322497672805e-24, nan 
-8.625, -65.875, 7.089799466202336e-25, nan 
-8.375, -65.875, 1.0943582878712689e-24, nan 
-8.125, -65.875, 1.469899704321599e-24, nan 
-7.875, -65.875, 6.311940842847491e-25, nan 
-7.625, -65.875, 5.284574270999797e-25, nan 
-7.375, -65.875, 6.029367631122525e-25, nan 
-7.125, -65.875, 1.877864908676059e-25, nan 
-6.875, -65.875, 5.9244839174224995e-25, nan 
-6.625, -65.875, 6.433931499434368e-25, nan 
-6.375, -65.875, 5.865063628462148e-25, nan 
-6.125, -65.875, 4.696358485876642e-25, nan 
-5.875, -65.875, 4.469805208092862e-25, nan 
-5.625, -65.875, 1.4483068038743128e-24, nan 
-5.375, -65.875, 7.261928010445928e-25, nan 
-5.125, -65.875, 6.166633381878625e-25, nan 
-4.875, -65.875, 1.215922177507606e-24, nan 
-4.625, -65.875, 1.1842450824094517e-24, nan 
-4.375, -65.875, 8.454368110443696e-25, nan 
-4.125, -65.875, 1.0926064333299432e-24, nan 
-3.875, -65.875, 1.2118448105188764e-24, nan 
-3.625, -65.875, 9.150447259595932e-25, nan 
-3.375, -65.875, 9.537712235587912e-25, nan 
-3.125, -65.875, 9.228174733647027e-25, nan 
-2.875, -65.875, 6.240699063482126e-25, nan 
-2.625, -65.875, 7.344924438675393e-25, nan 
-2.375, -65.875, 8.33508608580325e-25, nan 
-2.125, -65.875, 6.064791134105696e-25, nan 
-1.875, -65.875, 8.85858717471466e-25, nan 
-1.625, -65.875, 9.267233991993736e-25, nan 
-1.375, -65.875, 9.364910353018934e-25, nan 
-1.125, -65.875, 5.808587879772069e-25, nan 
-0.875, -65.875, 8.483696298170147e-25, nan 
-0.625, -65.875, 8.849554189529041e-25, nan 
-0.375, -65.875, 5.640412435817446e-25, nan 
-0.125, -65.875, 4.735456193414987e-25, nan 
-13.125, -65.625, 8.099807696248669e-25, nan 
-12.875, -65.625, 3.600141863374296e-25, nan 
-12.625, -65.625, 2.2504748452662234e-24, nan 
-12.375, -65.625, 2.7551077800756865e-24, nan 
-12.125, -65.625, 4.552051395098545e-25, nan 
-11.875, -65.625, 4.792912346134717e-25, nan 
-11.625, -65.625, 5.154194480626438e-25, nan 
-11.375, -65.625, 3.2307914471429916e-25, nan 
-11.125, -65.625, 1.475227558237875e-25, nan 
-10.875, -65.625, 1.513645016561885e-25, nan 
-10.625, -65.625, 1.7231982080317337e-25, nan 
-10.375, -65.625, 2.3425329332391923e-25, nan 
-10.125, -65.625, 5.647861728380592e-25, nan 
-9.875, -65.625, 4.461024432085832e-25, nan 
-9.625, -65.625, 4.6793064262621545e-25, nan 
-9.375, -65.625, 8.345592193697827e-25, nan 
-9.125, -65.625, 9.417767211880143e-25, nan 
-8.875, -65.625, 1.0764783244579612e-24, nan 
-8.625, -65.625, 8.536466995205922e-25, nan 
-8.375, -65.625, 6.130634346133832e-25, nan 
-8.125, -65.625, 6.726022400748966e-25, nan 
-7.875, -65.625, 7.375185337721496e-25, nan 
-7.625, -65.625, 3.6324006627449943e-25, nan 
-7.375, -65.625, 4.325791994909889e-25, nan 
-7.125, -65.625, 2.2351222583287757e-25, nan 
-6.875, -65.625, 3.7339461277691756e-25, nan 
-6.625, -65.625, 1.6566212141229996e-25, nan 
-6.375, -65.625, 3.0343624082410757e-25, nan 
-6.125, -65.625, 3.572063185147398e-25, nan 
-5.875, -65.625, 3.079159436950875e-25, nan 
-5.625, -65.625, 8.109853882912356e-25, nan 
-5.375, -65.625, 5.458828593999693e-25, nan 
-5.125, -65.625, 6.045805831036087e-25, nan 
-4.875, -65.625, 8.935008619767274e-25, nan 
-4.625, -65.625, 1.284402217071762e-24, nan 
-4.375, -65.625, 8.280383313687693e-25, nan 
-4.125, -65.625, 7.751823212538464e-25, nan 
-3.875, -65.625, 9.831174583673062e-25, nan 
-3.625, -65.625, 1.1848273664747662e-24, nan 
-3.375, -65.625, 7.642061466531241e-25, nan 
-3.125, -65.625, 1.0665088303665672e-24, nan 
-2.875, -65.625, 1.6058332084248431e-24, nan 
-2.625, -65.625, 9.697027585141618e-25, nan 
-2.375, -65.625, 8.473562511583058e-25, nan 
-2.125, -65.625, 1.4307440779833602e-24, nan 
-1.875, -65.625, 1.0367441581479846e-24, nan 
-1.625, -65.625, 1.2666981218431246e-24, nan 
-1.375, -65.625, 1.323140969942651e-24, nan 
-1.125, -65.625, 6.711854457302553e-25, nan 
-0.875, -65.625, 9.01150309309059e-25, nan 
-0.625, -65.625, 1.2718125910109218e-24, nan 
-0.375, -65.625, 7.472845910358114e-25, nan 
-0.125, -65.625, 5.71755643029375e-25, nan 
-13.125, -65.375, 9.12883909985396e-25, nan 
-12.875, -65.375, 6.681111472183051e-25, nan 
-12.625, -65.375, 8.411699611376285e-25, nan 
-12.375, -65.375, 7.380050048362459e-25, nan 
-12.125, -65.375, 5.020876813562185e-25, nan 
-11.875, -65.375, 4.259547708688115e-25, nan 
-11.625, -65.375, 3.3336616097017806e-25, nan 
-11.375, -65.375, 1.7165623754158224e-25, nan 
-11.125, -65.375, 9.056116732653077e-26, nan 
-10.875, -65.375, 1.0843618646865326e-25, nan 
-10.625, -65.375, 1.1833530723177626e-25, nan 
-10.375, -65.375, 1.1794898610021826e-25, nan 
-10.125, -65.375, 1.318660579626766e-25, nan 
-9.875, -65.375, 1.1773801416311204e-25, nan 
-9.625, -65.375, 2.550834318195785e-25, nan 
-9.375, -65.375, 5.921285944518674e-25, nan 
-9.125, -65.375, 5.54768416984638e-25, nan 
-8.875, -65.375, 6.2863598628275645e-25, nan 
-8.625, -65.375, 6.517302247007607e-25, nan 
-8.375, -65.375, 2.935456047385711e-25, nan 
-8.125, -65.375, 6.725436209908188e-25, nan 
-7.875, -65.375, 4.6271526674043025e-25, nan 
-7.625, -65.375, 2.794520000012959e-25, nan 
-7.375, -65.375, 3.6104515482844746e-25, nan 
-7.125, -65.375, 4.362002854769331e-25, nan 
-6.875, -65.375, 2.6860755569866273e-25, nan 
-6.625, -65.375, 2.310657551162677e-25, nan 
-6.375, -65.375, 3.156168047593722e-25, nan 
-6.125, -65.375, 1.7591332816666914e-25, nan 
-5.875, -65.375, 3.9679756512106386e-25, nan 
-5.625, -65.375, 4.0065375833907127e-25, nan 
-5.375, -65.375, 1.955496658657987e-25, nan 
-5.125, -65.375, 8.164594476108249e-25, nan 
-4.875, -65.375, 1.392447965795984e-24, nan 
-4.625, -65.375, 1.0061601033477522e-24, nan 
-4.375, -65.375, 9.724542975635933e-25, nan 
-4.125, -65.375, 1.7839392484535883e-24, nan 
-3.875, -65.375, 1.3114419986908844e-24, nan 
-3.625, -65.375, 1.1149463261359723e-24, nan 
-3.375, -65.375, 1.4976045884261624e-24, nan 
-3.125, -65.375, 1.1644564766498977e-24, nan 
-2.875, -65.375, 1.7703320207532357e-24, nan 
-2.625, -65.375, 5.381808272650228e-25, nan 
-2.375, -65.375, 6.147023634731897e-25, nan 
-2.125, -65.375, 1.4616178580138877e-24, nan 
-1.875, -65.375, 1.3028003217778208e-24, nan 
-1.625, -65.375, 1.4930052281178361e-24, nan 
-1.375, -65.375, 1.4405374699921016e-24, nan 
-1.125, -65.375, 1.1252948723971482e-24, nan 
-0.875, -65.375, 1.2396046573841038e-24, nan 
-0.625, -65.375, 1.2819151846154307e-24, nan 
-0.375, -65.375, 9.426113827019288e-25, nan 
-0.125, -65.375, 5.942615094562132e-25, nan 
0.125, -65.375, 8.222843260131707e-25, nan 
-13.125, -65.125, 7.657668360168851e-25, nan 
-12.875, -65.125, 6.096952930768204e-25, nan 
-12.625, -65.125, 7.626192647243575e-25, nan 
-12.375, -65.125, 5.099142344658783e-25, nan 
-12.125, -65.125, 5.800500827691502e-25, nan 
-11.875, -65.125, 6.0735068854223255e-25, nan 
-11.625, -65.125, 2.741490296241326e-25, nan 
-11.375, -65.125, 2.8032688207925653e-25, nan 
-11.125, -65.125, 3.341980390455144e-25, nan 
-10.875, -65.125, 1.5497623393997699e-25, nan 
-10.625, -65.125, 7.585209833888642e-26, nan 
-10.375, -65.125, 1.5130227454343062e-25, nan 
-10.125, -65.125, 4.0435975242285707e-25, nan 
-9.875, -65.125, 5.903457395909544e-25, nan 
-9.625, -65.125, 1.0353373320902233e-24, nan 
-9.375, -65.125, 7.957682014075536e-25, nan 
-9.125, -65.125, 7.8538946835615e-25, nan 
-8.875, -65.125, 8.185738053106788e-25, nan 
-8.625, -65.125, 5.092797568046015e-25, nan 
-8.375, -65.125, 4.263463706942055e-25, nan 
-8.125, -65.125, 9.07389041094256e-25, nan 
-7.875, -65.125, 4.737623039169183e-25, nan 
-7.625, -65.125, 6.387658365103229e-25, nan 
-7.375, -65.125, 7.436475603684689e-25, nan 
-7.125, -65.125, 4.885642588745511e-25, nan 
-6.875, -65.125, 2.988795620910452e-25, nan 
-6.625, -65.125, 3.28721852518961e-25, nan 
-6.375, -65.125, 3.082751113146814e-25, nan 
-6.125, -65.125, 1.665903933423771e-25, nan 
-5.875, -65.125, 6.051312377671946e-25, nan 
-5.625, -65.125, 1.227005791673116e-24, nan 
-5.375, -65.125, 5.587109034801915e-25, nan 
-5.125, -65.125, 4.78084473759123e-25, nan 
-4.875, -65.125, 1.5342175927303492e-24, nan 
-4.625, -65.125, 8.004676092887384e-25, nan 
-4.375, -65.125, 1.0842965779079565e-24, nan 
-4.125, -65.125, 2.23676705156899e-24, nan 
-3.875, -65.125, 2.4942020503216853e-24, nan 
-3.625, -65.125, 2.111787733634071e-24, nan 
-3.375, -65.125, 2.4245186854362444e-24, nan 
-3.125, -65.125, 2.3128235068671363e-24, nan 
-2.875, -65.125, 2.045823837113944e-24, nan 
-2.625, -65.125, 1.7753558498721695e-24, nan 
-2.375, -65.125, 1.7817104734157053e-24, nan 
-2.125, -65.125, 1.416952458516465e-24, nan 
-1.875, -65.125, 1.2105485841972625e-24, nan 
-1.625, -65.125, 1.2018537335493256e-24, nan 
-1.375, -65.125, 1.194341373728658e-24, nan 
-1.125, -65.125, 1.1743093595269442e-24, nan 
-0.875, -65.125, 5.761707195457222e-25, nan 
-0.625, -65.125, 5.568547964093867e-25, nan 
-0.375, -65.125, 9.416933328732705e-25, nan 
-0.125, -65.125, 1.0906717026152495e-24, nan 
0.125, -65.125, 1.0107934323565235e-24, nan 
-12.875, -64.875, 1.4341144061778443e-24, nan 
-12.625, -64.875, 1.2589262076309925e-24, nan 
-12.375, -64.875, 8.37967646587731e-25, nan 
-12.125, -64.875, 8.067715619001586e-25, nan 
-11.875, -64.875, 6.2777717023715685e-25, nan 
-11.625, -64.875, 2.1135600655824596e-25, nan 
-11.375, -64.875, 4.62368405784382e-26, nan 
-11.125, -64.875, 1.2627124591487225e-25, nan 
-10.875, -64.875, 3.2863121454134064e-25, nan 
-10.625, -64.875, 4.432155035137053e-25, nan 
-10.375, -64.875, 7.393602699745875e-25, nan 
-10.125, -64.875, 6.380314870799368e-25, nan 
-9.875, -64.875, 7.668728609245298e-25, nan 
-9.625, -64.875, 1.3729407072303165e-24, nan 
-9.375, -64.875, 9.932533134040184e-25, nan 
-9.125, -64.875, 9.443713517036695e-25, nan 
-8.875, -64.875, 6.863709565168887e-25, nan 
-8.625, -64.875, 6.260640942645432e-25, nan 
-8.375, -64.875, 7.519944244172463e-25, nan 
-8.125, -64.875, 7.685319938344099e-25, nan 
-7.875, -64.875, 6.76613544899076e-25, nan 
-7.625, -64.875, 1.0603142774512814e-24, nan 
-7.375, -64.875, 1.2986403294204705e-24, nan 
-7.125, -64.875, 6.517514247349821e-25, nan 
-6.875, -64.875, 5.640912031762421e-25, nan 
-6.625, -64.875, 8.190584890524686e-25, nan 
-6.375, -64.875, 9.253638655830885e-25, nan 
-6.125, -64.875, 1.3584245249092333e-24, nan 
-5.875, -64.875, 1.10767001682369e-24, nan 
-5.625, -64.875, 1.5663093291949663e-24, nan 
-5.375, -64.875, 1.303548313869909e-24, nan 
-5.125, -64.875, 9.769809502946421e-25, nan 
-4.875, -64.875, 5.194634956888946e-24, nan 
-4.625, -64.875, 8.799508602507122e-24, nan 
-4.375, -64.875, 1.0187812330858027e-23, nan 
-4.125, -64.875, 1.1313130199990007e-23, nan 
-3.875, -64.875, 1.0788847609374549e-23, nan 
-3.625, -64.875, 1.1212629218482848e-23, nan 
-3.375, -64.875, 1.0003410370976099e-23, nan 
-3.125, -64.875, 4.4822865187581736e-24, nan 
-2.875, -64.875, 2.346817186189744e-24, nan 
-2.625, -64.875, 2.9471454348216755e-24, nan 
-2.375, -64.875, 2.6008094207344065e-24, nan 
-2.125, -64.875, 2.281404143065038e-24, nan 
-1.875, -64.875, 2.4574210724210516e-24, nan 
-1.625, -64.875, 2.2868680594021264e-24, nan 
-1.375, -64.875, 1.5355100726452924e-24, nan 
-1.125, -64.875, 1.2302871566665182e-24, nan 
-0.875, -64.875, 1.0572582651787518e-24, nan 
-0.625, -64.875, 7.847566860103103e-25, nan 
-0.375, -64.875, 3.6958565129196015e-25, nan 
-0.125, -64.875, 1.2963764484436493e-24, nan 
0.125, -64.875, 1.088006793444299e-24, nan 
0.375, -64.875, 1.2782744475441804e-24, nan 
-12.875, -64.625, 1.207280441672686e-24, nan 
-12.625, -64.625, 1.1350967444240633e-24, nan 
-12.375, -64.625, 1.072907259908399e-24, nan 
-12.125, -64.625, 1.0267719029315433e-24, nan 
-11.875, -64.625, 1.0084121432232835e-24, nan 
-11.625, -64.625, 4.970444631906284e-25, nan 
-11.375, -64.625, 2.8711679853702863e-25, nan 
-11.125, -64.625, 1.2148771094285184e-25, nan 
-10.875, -64.625, 1.9259704990703783e-25, nan 
-10.625, -64.625, 2.7735173926139124e-25, nan 
-10.375, -64.625, 7.520848403097745e-25, nan 
-10.125, -64.625, 5.995327649023443e-25, nan 
-9.875, -64.625, 4.656433795441964e-25, nan 
-9.625, -64.625, 1.3352494485114117e-24, nan 
-9.375, -64.625, 6.574014528156346e-25, nan 
-9.125, -64.625, 9.083866611646606e-25, nan 
-8.875, -64.625, 5.384963384872819e-25, nan 
-8.625, -64.625, 4.250935674790193e-25, nan 
-8.375, -64.625, 1.3905713571275364e-25, nan 
-8.125, -64.625, 1.4608131125932437e-25, nan 
-7.875, -64.625, 4.85578608961499e-25, nan 
-7.625, -64.625, 7.0878597716332785e-25, nan 
-7.375, -64.625, 7.97821809504911e-25, nan 
-7.125, -64.625, 5.7168414013945845e-25, nan 
-6.875, -64.625, 9.427508062128353e-25, nan 
-6.625, -64.625, 1.2448852912825824e-24, nan 
-6.375, -64.625, 1.5629299548951047e-24, nan 
-6.125, -64.625, 1.5955859525055782e-24, nan 
-5.875, -64.625, 2.0754652804746215e-24, nan 
-5.625, -64.625, 3.924653456206486e-24, nan 
-5.375, -64.625, 8.660443883223682e-24, nan 
-5.125, -64.625, 1.0372986446867621e-23, nan 
-4.875, -64.625, 1.0277715631258154e-23, nan 
-4.625, -64.625, 1.3084526100844533e-23, nan 
-4.375, -64.625, 1.37914061860474e-23, nan 
-4.125, -64.625, 1.327325418237631e-23, nan 
-3.875, -64.625, 1.304822784039451e-23, nan 
-3.625, -64.625, 1.4906056600727295e-23, nan 
-3.375, -64.625, 1.3221746896004594e-23, nan 
-3.125, -64.625, 7.900044964767984e-24, nan 
-2.875, -64.625, 1.0601152757297562e-23, nan 
-2.625, -64.625, 8.690112730979647e-24, nan 
-2.375, -64.625, 3.1069614339785215e-24, nan 
-2.125, -64.625, 2.3947778531457283e-24, nan 
-1.875, -64.625, 2.5849002685253907e-24, nan 
-1.625, -64.625, 1.696562833349176e-24, nan 
-1.375, -64.625, 2.24123654859885e-24, nan 
-1.125, -64.625, 1.978760855302616e-24, nan 
-0.875, -64.625, 2.8932926243352533e-24, nan 
-0.625, -64.625, 1.945663010826465e-24, nan 
-0.375, -64.625, 2.445186988005556e-24, nan 
-0.125, -64.625, 1.3731663456064878e-24, nan 
0.125, -64.625, 3.5752378032254273e-25, nan 
0.375, -64.625, 9.777483210492412e-25, nan 
-12.625, -64.375, 3.0887481648005006e-24, nan 
-12.375, -64.375, 1.5639632323291034e-24, nan 
-12.125, -64.375, 9.949919638285688e-25, nan 
-11.875, -64.375, 1.1854750688255931e-24, nan 
-11.625, -64.375, 1.1413430346849418e-24, nan 
-11.375, -64.375, 7.887194574299625e-25, nan 
-11.125, -64.375, 4.0160563391712923e-25, nan 
-10.875, -64.375, 2.1410533233837035e-25, nan 
-10.625, -64.375, 1.428264192876074e-25, nan 
-10.375, -64.375, 1.4353244714893067e-25, nan 
-10.125, -64.375, 7.955391231914229e-25, nan 
-9.875, -64.375, 1.1064410570266408e-24, nan 
-9.625, -64.375, 1.0767143290173828e-24, nan 
-9.375, -64.375, 1.178752642177008e-24, nan 
-9.125, -64.375, 1.914488250713871e-24, nan 
-8.875, -64.375, 4.352101456220228e-25, nan 
-8.625, -64.375, 4.698751828826574e-25, nan 
-8.375, -64.375, 7.373359284407614e-25, nan 
-8.125, -64.375, 2.8309526263363543e-25, nan 
-7.875, -64.375, 2.2979690889466513e-25, nan 
-7.625, -64.375, 1.8971421441743642e-25, nan 
-7.375, -64.375, 8.166777419046319e-25, nan 
-7.125, -64.375, 1.2600933079499164e-24, nan 
-6.875, -64.375, 8.636001552420144e-25, nan 
-6.625, -64.375, 1.0889301027314256e-24, nan 
-6.375, -64.375, 1.8509138233610176e-24, nan 
-6.125, -64.375, 1.9126997276255975e-24, nan 
-5.875, -64.375, 6.82775416014224e-24, nan 
-5.625, -64.375, 9.096230745673688e-24, nan 
-5.375, -64.375, 1.0648172829622325e-23, nan 
-5.125, -64.375, 1.3997383473661798e-23, nan 
-4.875, -64.375, 1.1376756322563002e-23, nan 
-4.625, -64.375, 1.0097352574854756e-23, nan 
-4.375, -64.375, 6.371124480773505e-24, nan 
-4.125, -64.375, 3.470008058148437e-24, nan 
-3.875, -64.375, 9.758399559011825e-24, nan 
-3.625, -64.375, 1.1065682142272923e-23, nan 
-3.375, -64.375, 1.2789905822516145e-23, nan 
-3.125, -64.375, 9.806618500033341e-24, nan 
-2.875, -64.375, 1.0994517727016709e-23, nan 
-2.625, -64.375, 1.1958190227683478e-23, nan 
-2.375, -64.375, 5.455010165703322e-24, nan 
-2.125, -64.375, 2.321143906079242e-24, nan 
-1.875, -64.375, 2.5868006972951755e-24, nan 
-1.625, -64.375, 2.6388106209424714e-24, nan 
-1.375, -64.375, 2.2153213421692655e-24, nan 
-1.125, -64.375, 1.5239226688324796e-24, nan 
-0.875, -64.375, 3.37255379424254e-24, nan 
-0.625, -64.375, 2.6158758576197236e-24, nan 
-0.375, -64.375, 2.8805566649450745e-24, nan 
-0.125, -64.375, 2.2085118660464262e-24, nan 
0.125, -64.375, 2.0891218461247705e-24, nan 
0.375, -64.375, 1.840731389941704e-24, nan 
-12.625, -64.125, 4.407373803769854e-24, nan 
-12.375, -64.125, 4.976446005239213e-24, nan 
-12.125, -64.125, 4.5393713983102126e-24, nan 
-11.875, -64.125, 2.6043959279522554e-24, nan 
-11.625, -64.125, 1.6070138931094185e-24, nan 
-11.375, -64.125, 1.1034031609657772e-24, nan 
-11.125, -64.125, 1.238264317908043e-24, nan 
-10.875, -64.125, 9.938400049999994e-25, nan 
-10.625, -64.125, 7.151907573225757e-25, nan 
-10.375, -64.125, 2.118266604432515e-25, nan 
-10.125, -64.125, 2.0126484423317034e-25, nan 
-9.875, -64.125, 1.853441925533295e-25, nan 
-9.625, -64.125, 2.6870102617177682e-25, nan 
-9.375, -64.125, 8.743986961832353e-25, nan 
-9.125, -64.125, 1.215446308910642e-24, nan 
-8.875, -64.125, 3.493907248654747e-25, nan 
-8.625, -64.125, 2.820748305481857e-25, nan 
-8.375, -64.125, 2.6182990095941296e-25, nan 
-8.125, -64.125, 1.1381219107210002e-25, nan 
-7.875, -64.125, 3.219200629285378e-25, nan 
-7.625, -64.125, 2.0042014165682695e-25, nan 
-7.375, -64.125, 5.939513110717833e-25, nan 
-7.125, -64.125, 1.3425426515083335e-24, nan 
-6.875, -64.125, 6.59353393114894e-25, nan 
-6.625, -64.125, 6.470937679837982e-25, nan 
-6.375, -64.125, 1.6956682911352626e-24, nan 
-6.125, -64.125, 1.7790025028820548e-24, nan 
-5.875, -64.125, 9.371132285980449e-25, nan 
-5.625, -64.125, 1.0292906465827452e-23, nan 
-5.375, -64.125, 1.3926676556897565e-23, nan 
-5.125, -64.125, 1.4367680668968286e-23, nan 
-4.875, -64.125, 1.880422700558835e-23, nan 
-4.625, -64.125, 2.024668236087278e-23, nan 
-4.375, -64.125, 1.66740829150696e-23, nan 
-4.125, -64.125, 1.3548360520475688e-23, nan 
-3.875, -64.125, 1.3761905931858692e-23, nan 
-3.625, -64.125, 1.1596897722996424e-23, nan 
-3.375, -64.125, 1.3050156445047499e-23, nan 
-3.125, -64.125, 1.1939252476987142e-23, nan 
-2.875, -64.125, 9.997421620011138e-24, nan 
-2.625, -64.125, 8.20626880406072e-24, nan 
-2.375, -64.125, 4.832993186128295e-24, nan 
-2.125, -64.125, 2.724852041044665e-24, nan 
-1.875, -64.125, 1.7610153031075956e-24, nan 
-1.625, -64.125, 1.4470816113242065e-24, nan 
-1.375, -64.125, 5.6091769136797385e-25, nan 
-1.125, -64.125, 6.6736547832511395e-25, nan 
-0.875, -64.125, 8.221580568931363e-25, nan 
-0.625, -64.125, 1.4974229521111385e-24, nan 
-0.375, -64.125, 1.5755146065855142e-24, nan 
-0.125, -64.125, 1.0361437410463482e-24, nan 
0.125, -64.125, 2.4270302288070678e-24, nan 
0.375, -64.125, 1.8374945014568273e-24, nan 
0.625, -64.125, 1.8809524957466188e-24, nan 
-12.625, -63.875, 4.417294961093515e-24, nan 
-12.375, -63.875, 4.117036304850132e-24, nan 
-12.125, -63.875, 4.170693168037677e-24, nan 
-11.875, -63.875, 3.856988570580676e-24, nan 
-11.625, -63.875, 3.347587655166541e-24, nan 
-11.375, -63.875, 1.3538892231673503e-24, nan 
-11.125, -63.875, 1.6730358144175695e-24, nan 
-10.875, -63.875, 1.2231786019673472e-24, nan 
-10.625, -63.875, 9.87853380353276e-25, nan 
-10.375, -63.875, 7.388073686371719e-25, nan 
-10.125, -63.875, 5.6547871568606045e-25, nan 
-9.875, -63.875, 5.386639512557339e-25, nan 
-9.625, -63.875, 2.2643183289300414e-25, nan 
-9.375, -63.875, 1.9807860973857648e-25, nan 
-9.125, -63.875, 1.4967208154409019e-25, nan 
-8.875, -63.875, 2.8030005374211893e-25, nan 
-8.625, -63.875, 2.597496969561994e-25, nan 
-8.375, -63.875, 1.6489069072467023e-25, nan 
-8.125, -63.875, 4.454295365387357e-25, nan 
-7.875, -63.875, 7.411538155095991e-25, nan 
-7.625, -63.875, 3.5005601483802007e-25, nan 
-7.375, -63.875, 8.540459937636719e-25, nan 
-7.125, -63.875, 1.0370889990481825e-24, nan 
-6.875, -63.875, 6.658010204982336e-25, nan 
-6.625, -63.875, 8.42275682510893e-25, nan 
-6.375, -63.875, 1.4862775681120802e-24, nan 
-6.125, -63.875, 1.088839367029133e-24, nan 
-5.875, -63.875, 6.820822690451748e-25, nan 
-5.625, -63.875, 1.1538650969857192e-24, nan 
-5.375, -63.875, 2.304299895990387e-24, nan 
-5.125, -63.875, 4.003952562413674e-24, nan 
-4.875, -63.875, 1.6691735391020503e-23, nan 
-4.625, -63.875, 1.6180332559146328e-23, nan 
-4.375, -63.875, 1.4365772844369826e-23, nan 
-4.125, -63.875, 1.6357503363853215e-23, nan 
-3.875, -63.875, 1.63501688508133e-23, nan 
-3.625, -63.875, 1.2881549027897611e-23, nan 
-3.375, -63.875, 9.252529238259481e-24, nan 
-3.125, -63.875, 1.0844338931480219e-23, nan 
-2.875, -63.875, 9.194078456875322e-24, nan 
-2.625, -63.875, 4.383063120184969e-24, nan 
-2.375, -63.875, 2.7172517173161208e-24, nan 
-2.125, -63.875, 3.096501208181063e-24, nan 
-1.875, -63.875, 2.2903581840516015e-24, nan 
-1.625, -63.875, 1.1606224102339577e-24, nan 
-1.375, -63.875, 9.523720338293539e-25, nan 
-1.125, -63.875, 7.204344257499265e-25, nan 
-0.875, -63.875, 1.0033265480113341e-24, nan 
-0.625, -63.875, 1.6022747670463244e-24, nan 
-0.375, -63.875, 1.4041669824622548e-24, nan 
-0.125, -63.875, 1.750179514566817e-24, nan 
0.125, -63.875, 2.2567074623635266e-24, nan 
0.375, -63.875, 1.1543256528227732e-24, nan 
0.625, -63.875, 1.841248155303986e-24, nan 
-12.375, -63.625, 2.0696839265540786e-24, nan 
-12.125, -63.625, 3.191288647821249e-24, nan 
-11.875, -63.625, 3.8715686384419624e-24, nan 
-11.625, -63.625, 3.456798608153937e-24, nan 
-11.375, -63.625, 2.363035140886061e-24, nan 
-11.125, -63.625, 3.0400239723821363e-24, nan 
-10.875, -63.625, 2.7541042224027236e-24, nan 
-10.625, -63.625, 1.4702618394629251e-24, nan 
-10.375, -63.625, 1.1822182739212735e-24, nan 
-10.125, -63.625, 1.0621683499759107e-24, nan 
-9.875, -63.625, 6.017039637860275e-25, nan 
-9.625, -63.625, 2.085110376403181e-25, nan 
-9.375, -63.625, 9.340145895769382e-25, nan 
-9.125, -63.625, 2.883883314161788e-24, nan 
-8.875, -63.625, 1.8986557071715973e-25, nan 
-8.625, -63.625, 2.4411371413932905e-25, nan 
-8.375, -63.625, 2.2974292916906445e-25, nan 
-8.125, -63.625, 1.1095555994487696e-25, nan 
-7.875, -63.625, 4.217133570540833e-25, nan 
-7.625, -63.625, 4.643754220684729e-25, nan 
-7.375, -63.625, 1.261930404318988e-24, nan 
-7.125, -63.625, 8.988136808157794e-25, nan 
-6.875, -63.625, 5.692694176897208e-25, nan 
-6.625, -63.625, 8.758232394142966e-25, nan 
-6.375, -63.625, 1.4821461186499577e-24, nan 
-6.125, -63.625, 1.22118041488925e-24, nan 
-5.875, -63.625, 1.3045172704070658e-24, nan 
-5.625, -63.625, 2.501588593205343e-24, nan 
-5.375, -63.625, 1.3743116644852044e-24, nan 
-5.125, -63.625, 8.423800010278487e-25, nan 
-4.875, -63.625, 2.6096358766480767e-24, nan 
-4.625, -63.625, 1.8199377132954624e-24, nan 
-4.375, -63.625, 5.834152350442472e-24, nan 
-4.125, -63.625, 8.78331281852634e-24, nan 
-3.875, -63.625, 9.435380576030514e-24, nan 
-3.625, -63.625, 8.991454816769096e-24, nan 
-3.375, -63.625, 3.6707887494914215e-24, nan 
-3.125, -63.625, 3.8700750629745974e-24, nan 
-2.875, -63.625, 3.937988514998349e-24, nan 
-2.625, -63.625, 3.5926753537896424e-24, nan 
-2.375, -63.625, 1.6536047493527026e-24, nan 
-2.125, -63.625, 3.317916504249659e-24, nan 
-1.875, -63.625, 2.4004666674920988e-24, nan 
-1.625, -63.625, 2.1670182874506683e-24, nan 
-1.375, -63.625, 3.0927900181646566e-24, nan 
-1.125, -63.625, 2.409719616611275e-24, nan 
-0.875, -63.625, 2.905489646926612e-24, nan 
-0.625, -63.625, 2.5569307403284013e-24, nan 
-0.375, -63.625, 1.793983072516822e-24, nan 
-0.125, -63.625, 2.503031611621251e-24, nan 
0.125, -63.625, 3.2554822075781392e-24, nan 
0.375, -63.625, 1.4055983479910466e-24, nan 
0.625, -63.625, 2.3443537092631304e-24, nan 
-12.375, -63.375, 1.887560253456923e-24, nan 
-12.125, -63.375, 2.5080031862934293e-24, nan 
-11.875, -63.375, 3.6327152678593754e-24, nan 
-11.625, -63.375, 2.5381107121677368e-24, nan 
-11.375, -63.375, 2.6852027939608222e-24, nan 
-11.125, -63.375, 3.46917822278793e-24, nan 
-10.875, -63.375, 3.0349100590502065e-24, nan 
-10.625, -63.375, 1.762942739061692e-24, nan 
-10.375, -63.375, 1.6971534968646243e-24, nan 
-10.125, -63.375, 2.2057766897331965e-24, nan 
-9.875, -63.375, 2.8515005949991537e-24, nan 
-9.625, -63.375, 4.298374010694617e-25, nan 
-9.375, -63.375, 1.888077912177009e-24, nan 
-9.125, -63.375, 6.046070248711665e-24, nan 
-8.875, -63.375, 7.868283197185807e-25, nan 
-8.625, -63.375, 1.111746785034551e-24, nan 
-8.375, -63.375, 2.4817737775528642e-24, nan 
-8.125, -63.375, 1.148178652483927e-24, nan 
-7.875, -63.375, 9.033597549908504e-25, nan 
-7.625, -63.375, 9.334790984952094e-25, nan 
-7.375, -63.375, 1.919185645328122e-24, nan 
-7.125, -63.375, 1.4385523592820927e-24, nan 
-6.875, -63.375, 6.926365875940612e-25, nan 
-6.625, -63.375, 1.0442949191222692e-24, nan 
-6.375, -63.375, 6.720423614993498e-25, nan 
-6.125, -63.375, 7.423174462086549e-25, nan 
-5.875, -63.375, 1.1471278415968741e-24, nan 
-5.625, -63.375, 2.2960208956968153e-24, nan 
-5.375, -63.375, 1.4477429977198518e-24, nan 
-5.125, -63.375, 1.107834174289e-24, nan 
-4.875, -63.375, 1.3794924614483677e-24, nan 
-4.625, -63.375, 2.420784119842137e-24, nan 
-4.375, -63.375, 2.98313106396408e-24, nan 
-4.125, -63.375, 3.208544012109033e-24, nan 
-3.875, -63.375, 3.443930663360853e-24, nan 
-3.625, -63.375, 3.3166188280567605e-24, nan 
-3.375, -63.375, 3.828725664586572e-24, nan 
-3.125, -63.375, 1.7619999366413083e-24, nan 
-2.875, -63.375, 2.8634736948005004e-24, nan 
-2.625, -63.375, 2.245852558552059e-24, nan 
-2.375, -63.375, 2.2758254695139008e-24, nan 
-2.125, -63.375, 3.3135819968449956e-24, nan 
-1.875, -63.375, 3.130179785584658e-24, nan 
-1.625, -63.375, 3.782692220605904e-24, nan 
-1.375, -63.375, 3.718010007215858e-24, nan 
-1.125, -63.375, 3.2441688167588132e-24, nan 
-0.875, -63.375, 4.140436315013876e-24, nan 
-0.625, -63.375, 1.481159679732413e-24, nan 
-0.375, -63.375, 1.7888587800228054e-24, nan 
-0.125, -63.375, 2.3590530939805187e-24, nan 
0.125, -63.375, 2.9619695200481814e-24, nan 
0.375, -63.375, 3.0296303565966242e-24, nan 
0.625, -63.375, 4.9931889213719806e-24, nan 
0.875, -63.375, 2.1423857978300065e-24, nan 
-12.125, -63.125, 6.2777615252204406e-24, nan 
-11.875, -63.125, 6.202283075729434e-24, nan 
-11.625, -63.125, 4.095303219578725e-24, nan 
-11.375, -63.125, 3.699005732699282e-24, nan 
-11.125, -63.125, 5.314380684743738e-24, nan 
-10.875, -63.125, 3.980186256907497e-24, nan 
-10.625, -63.125, 1.62621302832741e-24, nan 
-10.375, -63.125, 2.364033722493218e-24, nan 
-10.125, -63.125, 1.556000694275072e-24, nan 
-9.875, -63.125, 1.644565814689798e-24, nan 
-9.625, -63.125, 5.936196383051098e-25, nan 
-9.375, -63.125, 1.8544313988237986e-24, nan 
-9.125, -63.125, 4.647889989719814e-24, nan 
-8.875, -63.125, 2.037740870096944e-24, nan 
-8.625, -63.125, 2.3579363200564528e-24, nan 
-8.375, -63.125, 1.5844291151815823e-24, nan 
-8.125, -63.125, 2.235277571388325e-24, nan 
-7.875, -63.125, 2.4544079150202992e-24, nan 
-7.625, -63.125, 2.0201199414383714e-24, nan 
-7.375, -63.125, 1.5585707664836142e-24, nan 
-7.125, -63.125, 2.3619802416936716e-24, nan 
-6.875, -63.125, 8.729521656887032e-25, nan 
-6.625, -63.125, 1.2954025218413878e-24, nan 
-6.375, -63.125, 1.5672973946879383e-24, nan 
-6.125, -63.125, 9.296861827990737e-25, nan 
-5.875, -63.125, 8.179804120945586e-25, nan 
-5.625, -63.125, 3.066714282640149e-25, nan 
-5.375, -63.125, 1.5434296418167298e-24, nan 
-5.125, -63.125, 1.9503016479524873e-24, nan 
-4.875, -63.125, 1.6496588564038462e-24, nan 
-4.625, -63.125, 2.7016802423373042e-24, nan 
-4.375, -63.125, 4.041976135527803e-24, nan 
-4.125, -63.125, 1.778962632267801e-24, nan 
-3.875, -63.125, 2.950353719778193e-24, nan 
-3.625, -63.125, 2.7135402094463703e-24, nan 
-3.375, -63.125, 2.8175988220345364e-24, nan 
-3.125, -63.125, 2.2887210350934976e-24, nan 
-2.875, -63.125, 3.4173642691704536e-24, nan 
-2.625, -63.125, 2.8413283968496968e-24, nan 
-2.375, -63.125, 2.416448021693695e-24, nan 
-2.125, -63.125, 2.1954198273366866e-24, nan 
-1.875, -63.125, 3.0728652755873524e-24, nan 
-1.625, -63.125, 4.1370057429652064e-24, nan 
-1.375, -63.125, 2.8098864189330902e-24, nan 
-1.125, -63.125, 1.2555252740922346e-24, nan 
-0.875, -63.125, 1.0760591607680193e-24, nan 
-0.625, -63.125, 9.892492422552164e-25, nan 
-0.375, -63.125, 1.5517064860639673e-24, nan 
-0.125, -63.125, 1.593013536009585e-24, nan 
0.125, -63.125, 1.604548461288237e-24, nan 
0.375, -63.125, 5.434056438056664e-24, nan 
0.625, -63.125, 4.80486698186816e-24, nan 
0.875, -63.125, 3.732505025421491e-24, nan 
-12.125, -62.875, 6.016562158304642e-24, nan 
-11.875, -62.875, 8.254954968131734e-24, nan 
-11.625, -62.875, 7.115184461458858e-24, nan 
-11.375, -62.875, 2.2607838334435734e-24, nan 
-11.125, -62.875, 5.305809124314391e-24, nan 
-10.875, -62.875, 4.265915762930876e-24, nan 
-10.625, -62.875, 1.6562189788349563e-24, nan 
-10.375, -62.875, 1.3654331772887204e-24, nan 
-10.125, -62.875, 1.21214842241805e-24, nan 
-9.875, -62.875, 2.2058789925621677e-24, nan 
-9.625, -62.875, 4.234187820810087e-24, nan 
-9.375, -62.875, 4.4203294030682474e-24, nan 
-9.125, -62.875, 2.562740011505432e-24, nan 
-8.875, -62.875, 2.7032674540428056e-24, nan 
-8.625, -62.875, 2.9714351763053307e-24, nan 
-8.375, -62.875, 3.565888959646592e-24, nan 
-8.125, -62.875, 4.865599472617956e-24, nan 
-7.875, -62.875, 4.379183029716851e-24, nan 
-7.625, -62.875, 4.5166767857312025e-24, nan 
-7.375, -62.875, 4.284998255919525e-24, nan 
-7.125, -62.875, 2.42704169791535e-24, nan 
-6.875, -62.875, 1.4382492219035025e-24, nan 
-6.625, -62.875, 2.2287457367283035e-24, nan 
-6.375, -62.875, 2.226055085971353e-24, nan 
-6.125, -62.875, 2.3672784469416606e-24, nan 
-5.875, -62.875, 1.6587930667631952e-24, nan 
-5.625, -62.875, 1.0070126546057514e-24, nan 
-5.375, -62.875, 2.4977619046886582e-24, nan 
-5.125, -62.875, 1.8796302724646127e-24, nan 
-4.875, -62.875, 1.4382253376572729e-24, nan 
-4.625, -62.875, 3.762171502923635e-24, nan 
-4.375, -62.875, 2.7464977184177713e-24, nan 
-4.125, -62.875, 3.0769016993828803e-24, nan 
-3.875, -62.875, 4.127512307673726e-24, nan 
-3.625, -62.875, 2.3769790449192563e-24, nan 
-3.375, -62.875, 2.689329311159281e-24, nan 
-3.125, -62.875, 2.825113002642165e-24, nan 
-2.875, -62.875, 2.2492129348098677e-24, nan 
-2.625, -62.875, 3.1184200949534022e-24, nan 
-2.375, -62.875, 2.4189732259877166e-24, nan 
-2.125, -62.875, 4.333470975322172e-24, nan 
-1.875, -62.875, 4.143072821917106e-24, nan 
-1.625, -62.875, 5.015877475175592e-24, nan 
-1.375, -62.875, 6.849659825545814e-24, nan 
-1.125, -62.875, 3.268356048941374e-24, nan 
-0.875, -62.875, 3.384714171749746e-24, nan 
-0.625, -62.875, 4.215411524853403e-24, nan 
-0.375, -62.875, 2.4473937770360584e-24, nan 
-0.125, -62.875, 2.9076703538372847e-24, nan 
0.125, -62.875, 3.530714731382807e-24, nan 
0.375, -62.875, 6.98022826852524e-24, nan 
0.625, -62.875, 8.041572517030005e-24, nan 
0.875, -62.875, 7.509823453713441e-24, nan 
-11.875, -62.625, 6.84762755270614e-24, nan 
-11.625, -62.625, 6.2460435700302465e-24, nan 
-11.375, -62.625, 3.424284514852136e-24, nan 
-11.125, -62.625, 3.307628434051565e-24, nan 
-10.875, -62.625, 1.2084114931528178e-24, nan 
-10.625, -62.625, 1.9249522647121183e-24, nan 
-10.375, -62.625, 5.994587822650814e-24, nan 
-10.125, -62.625, 7.710138657494658e-24, nan 
-9.875, -62.625, 3.539183270991634e-24, nan 
-9.625, -62.625, 5.715333012953735e-24, nan 
-9.375, -62.625, 6.927064415229717e-24, nan 
-9.125, -62.625, 2.819396703519927e-24, nan 
-8.875, -62.625, 3.0767061566054196e-24, nan 
-8.625, -62.625, 3.553397846124846e-24, nan 
-8.375, -62.625, 4.6783493138463835e-24, nan 
-8.125, -62.625, 6.495199370428151e-24, nan 
-7.875, -62.625, 7.28100609864216e-24, nan 
-7.625, -62.625, 7.781083281547464e-24, nan 
-7.375, -62.625, 8.040757870011772e-24, nan 
-7.125, -62.625, 5.859396205012336e-24, nan 
-6.875, -62.625, 5.797328557094156e-24, nan 
-6.625, -62.625, 7.327918394777367e-24, nan 
-6.375, -62.625, 4.574936991748769e-24, nan 
-6.125, -62.625, 2.720270117347038e-24, nan 
-5.875, -62.625, 3.934291490842364e-24, nan 
-5.625, -62.625, 3.596015296097571e-24, nan 
-5.375, -62.625, 1.2386135279160149e-24, nan 
-5.125, -62.625, 2.93524975190992e-24, nan 
-4.875, -62.625, 3.773073883852228e-24, nan 
-4.625, -62.625, 4.698174070581906e-24, nan 
-4.375, -62.625, 2.4850479541818974e-24, nan 
-4.125, -62.625, 5.8148552233896045e-24, nan 
-3.875, -62.625, 6.716246410755811e-24, nan 
-3.625, -62.625, 3.0307163252285494e-24, nan 
-3.375, -62.625, 3.922054083660321e-24, nan 
-3.125, -62.625, 3.461962309145756e-24, nan 
-2.875, -62.625, 5.975355353047147e-24, nan 
-2.625, -62.625, 5.59193403508276e-24, nan 
-2.375, -62.625, 7.839711005166731e-24, nan 
-2.125, -62.625, 1.039883185401139e-23, nan 
-1.875, -62.625, 7.450956114373626e-24, nan 
-1.625, -62.625, 7.240220057635696e-24, nan 
-1.375, -62.625, 1.3541925881403236e-23, nan 
-1.125, -62.625, 1.0260265377675946e-23, nan 
-0.875, -62.625, 9.77217690856707e-24, nan 
-0.625, -62.625, 1.0946835171414104e-23, nan 
-0.375, -62.625, 1.3761343434109858e-23, nan 
-0.125, -62.625, 1.2279336102174573e-23, nan 
0.125, -62.625, 6.346219734979736e-24, nan 
0.375, -62.625, 1.462847630841395e-23, nan 
0.625, -62.625, 1.807780881265545e-23, nan 
0.875, -62.625, 1.41390574732094e-23, nan 
-11.875, -62.375, 3.861978218957145e-24, nan 
-11.625, -62.375, 5.049228471883047e-24, nan 
-11.375, -62.375, 6.399390064854423e-24, nan 
-11.125, -62.375, 1.1085295185232916e-23, nan 
-10.875, -62.375, 1.2431236616757941e-23, nan 
-10.625, -62.375, 1.413108401799553e-23, nan 
-10.375, -62.375, 1.1614326600439313e-23, nan 
-10.125, -62.375, 1.257934585633259e-23, nan 
-9.875, -62.375, 6.521653123323518e-24, nan 
-9.625, -62.375, 4.039263064479235e-24, nan 
-9.375, -62.375, 2.5109011060843606e-24, nan 
-9.125, -62.375, 6.556705096886472e-24, nan 
-8.875, -62.375, 8.350305774622694e-24, nan 
-8.625, -62.375, 7.819055723229388e-24, nan 
-8.375, -62.375, 7.641203879657095e-24, nan 
-8.125, -62.375, 1.1292316430028363e-23, nan 
-7.875, -62.375, 1.9051366568446823e-23, nan 
-7.625, -62.375, 2.2348232356741534e-23, nan 
-7.375, -62.375, 1.6357368467339995e-23, nan 
-7.125, -62.375, 1.7370787785391043e-23, nan 
-6.875, -62.375, 1.7234606750250792e-23, nan 
-6.625, -62.375, 1.7095774124934188e-23, nan 
-6.375, -62.375, 1.433980357616182e-23, nan 
-6.125, -62.375, 9.09568952249083e-24, nan 
-5.875, -62.375, 2.779359642684646e-24, nan 
-5.625, -62.375, 4.736463356634903e-24, nan 
-5.375, -62.375, 4.06118193052111e-24, nan 
-5.125, -62.375, 7.269645317759316e-24, nan 
-4.875, -62.375, 9.348340288356586e-24, nan 
-4.625, -62.375, 5.966627015015655e-24, nan 
-4.375, -62.375, 1.0847594004809401e-23, nan 
-4.125, -62.375, 1.370369898878707e-23, nan 
-3.875, -62.375, 1.2990495817374288e-23, nan 
-3.625, -62.375, 1.1231084700589603e-23, nan 
-3.375, -62.375, 5.659316541428657e-24, nan 
-3.125, -62.375, 2.0499630810784396e-23, nan 
-2.875, -62.375, 2.203065821772828e-23, nan 
-2.625, -62.375, 1.2697739488369536e-23, nan 
-2.375, -62.375, 3.4596114051042844e-23, nan 
-2.125, -62.375, 2.83611458393536e-23, nan 
-1.875, -62.375, 1.3441924797602563e-23, nan 
-1.625, -62.375, 3.4139357267420854e-23, nan 
-1.375, -62.375, 3.592992867448549e-23, nan 
-1.125, -62.375, 3.6941315369580696e-23, nan 
-0.875, -62.375, 2.893497004020554e-23, nan 
-0.625, -62.375, 4.0566250061467734e-23, nan 
-0.375, -62.375, 1.0230695742219053e-22, nan 
-0.125, -62.375, 2.417907628455396e-22, nan 
0.125, -62.375, 2.831978061107968e-22, nan 
0.375, -62.375, 1.8463498979161945e-22, nan 
0.625, -62.375, 5.272896694157262e-23, nan 
0.875, -62.375, 5.566589070578665e-23, nan 
1.125, -62.375, 5.2244857029347673e-23, nan 
-11.625, -62.125, 1.669168501701729e-23, nan 
-11.375, -62.125, 1.2480705100405262e-23, nan 
-11.125, -62.125, 3.1152788490315895e-23, nan 
-10.875, -62.125, 3.6845631417908093e-23, nan 
-10.625, -62.125, 3.764741559079164e-23, nan 
-10.375, -62.125, 2.0069864950912244e-23, nan 
-10.125, -62.125, 2.612822534557431e-23, nan 
-9.875, -62.125, 2.63751382307061e-23, nan 
-9.625, -62.125, 1.0372504778829622e-23, nan 
-9.375, -62.125, 5.798431855274639e-24, nan 
-9.125, -62.125, 1.179764702548917e-23, nan 
-8.875, -62.125, 1.631890523726257e-23, nan 
-8.625, -62.125, 1.779482604403017e-23, nan 
-8.375, -62.125, 1.6209022307638274e-23, nan 
-8.125, -62.125, 2.167888939061268e-23, nan 
-7.875, -62.125, 4.584753383352129e-23, nan 
-7.625, -62.125, 5.479273790376535e-23, nan 
-7.375, -62.125, 4.7185167180073394e-23, nan 
-7.125, -62.125, 6.884563994655037e-23, nan 
-6.875, -62.125, 6.440406852421533e-23, nan 
-6.625, -62.125, 4.755500988245355e-23, nan 
-6.375, -62.125, 4.6557097217000426e-23, nan 
-6.125, -62.125, 4.307701802971738e-23, nan 
-5.875, -62.125, 4.4016637279230995e-23, nan 
-5.625, -62.125, 4.370092579161788e-23, nan 
-5.375, -62.125, 1.839318886905317e-23, nan 
-5.125, -62.125, 2.2071018257731155e-23, nan 
-4.875, -62.125, 3.6837180286278666e-23, nan 
-4.625, -62.125, 2.5692515128475977e-23, nan 
-4.375, -62.125, 3.062841508239904e-23, nan 
-4.125, -62.125, 6.50521729735657e-23, nan 
-3.875, -62.125, 8.844930541036838e-23, nan 
-3.625, -62.125, 1.1962789305991944e-22, nan 
-3.375, -62.125, 7.053839333810125e-23, nan 
-3.125, -62.125, 9.948431596056675e-23, nan 
-2.875, -62.125, 1.3435024204168466e-22, nan 
-2.625, -62.125, 1.5127050009341925e-22, nan 
-2.375, -62.125, 1.1012357221811177e-22, nan 
-2.125, -62.125, 2.0617961573549056e-22, nan 
-1.875, -62.125, 1.0791363222954377e-22, nan 
-1.625, -62.125, 1.8630402575745584e-22, nan 
-1.375, -62.125, 3.0234745701976695e-22, nan 
-1.125, -62.125, 1.855303758135626e-22, nan 
-0.875, -62.125, 2.125047339526252e-21, nan 
-0.625, -62.125, 3.9641026864818e-21, nan 
-0.375, -62.125, 2.4155767894310035e-21, nan 
-0.125, -62.125, 6.250810014427348e-21, nan 
0.125, -62.125, 8.835510069780381e-21, nan 
0.375, -62.125, 5.4014814930877704e-21, nan 
0.625, -62.125, 3.23306660780581e-21, nan 
0.875, -62.125, 4.214236373176927e-21, nan 
1.125, -62.125, 2.8195756388982616e-21, nan 
-11.625, -61.875, 6.1962252691080305e-24, nan 
-11.375, -61.875, 4.742609025078082e-24, nan 
-11.125, -61.875, 3.7924066946204906e-23, nan 
-10.875, -61.875, 3.9783417394001083e-23, nan 
-10.625, -61.875, 4.205225180177833e-23, nan 
-10.375, -61.875, 1.3019931238471693e-23, nan 
-10.125, -61.875, 2.490840346298204e-23, nan 
-9.875, -61.875, 2.235555392975167e-23, nan 
-9.625, -61.875, 2.079192908624723e-23, nan 
-9.375, -61.875, 1.8877929142422182e-23, nan 
-9.125, -61.875, 2.732972960996258e-23, nan 
-8.875, -61.875, 3.661468194426446e-23, nan 
-8.625, -61.875, 3.43671238221199e-23, nan 
-8.375, -61.875, 5.288604468370917e-23, nan 
-8.125, -61.875, 6.412459509430828e-23, nan 
-7.875, -61.875, 8.390329176186284e-23, nan 
-7.625, -61.875, 1.32908490789437e-22, nan 
-7.375, -61.875, 2.1086910232522675e-22, nan 
-7.125, -61.875, 2.821199480664454e-22, nan 
-6.875, -61.875, 2.8045522377696226e-22, nan 
-6.625, -61.875, 3.029533772238026e-22, nan 
-6.375, -61.875, 3.9477379804995683e-22, nan 
-6.125, -61.875, 3.467700540627016e-22, nan 
-5.875, -61.875, 3.0339110490809574e-22, nan 
-5.625, -61.875, 3.9490328259647747e-22, nan 
-5.375, -61.875, 3.698291599758537e-22, nan 
-5.125, -61.875, 4.610878841017398e-22, nan 
-4.875, -61.875, 6.139402367933574e-22, nan 
-4.625, -61.875, 1.047587414372665e-21, nan 
-4.375, -61.875, 1.3838177101474804e-21, nan 
-4.125, -61.875, 1.8240282326800755e-21, nan 
-3.875, -61.875, 6.119933359340611e-21, nan 
-3.625, -61.875, 1.5200242023117857e-20, nan 
-3.375, -61.875, 1.243698758601753e-20, nan 
-3.125, -61.875, 4.071188945528505e-20, nan 
-2.875, -61.875, 7.298908329716778e-20, nan 
-2.625, -61.875, 1.0825368184553571e-19, nan 
-2.375, -61.875, 3.1245674415783714e-20, nan 
-2.125, -61.875, 1.5884204159528692e-20, nan 
-1.875, -61.875, 7.641801404078659e-21, nan 
-1.625, -61.875, 3.7989035260408786e-21, nan 
-1.375, -61.875, 2.725372529659691e-21, nan 
-1.125, -61.875, 7.310907206284819e-22, nan 
-0.875, -61.875, 6.284499773071117e-22, nan 
-0.625, -61.875, 1.486378001211833e-21, nan 
-0.375, -61.875, 3.398760809924547e-22, nan 
-0.125, -61.875, 2.171179667645982e-21, nan 
0.125, -61.875, 1.4734537437844487e-21, nan 
0.375, -61.875, 1.0021155438651541e-21, nan 
0.625, -61.875, 4.523154011595916e-22, nan 
0.875, -61.875, 2.763891741154832e-22, nan 
1.125, -61.875, 7.206182032390153e-22, nan 
-11.375, -61.625, 2.20033657418673e-23, nan 
-11.125, -61.625, 1.851159551739578e-23, nan 
-10.875, -61.625, 3.4402331492444406e-23, nan 
-10.625, -61.625, 2.4538000068681358e-23, nan 
-10.375, -61.625, 1.4809212044549596e-23, nan 
-10.125, -61.625, 3.545094163060149e-23, nan 
-9.875, -61.625, 2.1301533846665584e-23, nan 
-9.625, -61.625, 3.310958454935776e-23, nan 
-9.375, -61.625, 5.908742023094669e-23, nan 
-9.125, -61.625, 8.149055528307578e-23, nan 
-8.875, -61.625, 1.6232357478692777e-22, nan 
-8.625, -61.625, 1.805019694024413e-22, nan 
-8.375, -61.625, 3.349166654720969e-22, nan 
-8.125, -61.625, 5.249119152358159e-22, nan 
-7.875, -61.625, 8.656466454000195e-22, nan 
-7.625, -61.625, 1.4427160501613937e-21, nan 
-7.375, -61.625, 2.218030533790941e-21, nan 
-7.125, -61.625, 5.400090483809417e-21, nan 
-6.875, -61.625, 1.5796936915876742e-20, nan 
-6.625, -61.625, 3.8713053775882117e-20, nan 
-6.375, -61.625, 3.719986927048794e-19, nan 
-6.125, -61.625, 2.2683327778863227e-19, nan 
-5.875, -61.625, 1.451958795212938e-19, nan 
-5.625, -61.625, 5.714800896826681e-20, nan 
-5.375, -61.625, 2.1560185980405196e-20, nan 
-5.125, -61.625, 3.994869949047528e-21, nan 
-4.875, -61.625, 2.4044812209986565e-21, nan 
-4.625, -61.625, 2.4480821625968023e-21, nan 
-4.375, -61.625, 7.115420957226323e-22, nan 
-4.125, -61.625, 5.416593567653081e-22, nan 
-3.875, -61.625, 8.418464696096489e-22, nan 
-3.625, -61.625, 5.445164930574836e-22, nan 
-3.375, -61.625, 1.9314801708604382e-22, nan 
-3.125, -61.625, 2.0391298994843264e-22, nan 
-2.875, -61.625, 1.863161319809441e-22, nan 
-2.625, -61.625, 1.7249251965654278e-22, nan 
-2.375, -61.625, 1.0797479269158263e-22, nan 
-2.125, -61.625, 5.737541644784203e-23, nan 
-1.875, -61.625, 5.017504002926044e-23, nan 
-1.625, -61.625, 7.832098834821149e-23, nan 
-1.375, -61.625, 6.533354366513764e-23, nan 
-1.125, -61.625, 2.5555500586608166e-23, nan 
-0.875, -61.625, 3.8818195736175534e-23, nan 
-0.625, -61.625, 3.261965451295263e-23, nan 
-0.375, -61.625, 2.709900302010826e-23, nan 
-0.125, -61.625, 4.79089305340178e-23, nan 
0.125, -61.625, 8.174116354311847e-23, nan 
0.375, -61.625, 3.186432386393959e-23, nan 
0.625, -61.625, 4.494863020730141e-23, nan 
0.875, -61.625, 3.5907014910020236e-23, nan 
1.125, -61.625, 8.679912639742268e-23, nan 
-11.375, -61.375, 1.3320715642966396e-22, nan 
-11.125, -61.375, 1.4262089590124069e-22, nan 
-10.875, -61.375, 2.0031407803870525e-22, nan 
-10.625, -61.375, 2.8118994283622285e-22, nan 
-10.375, -61.375, 3.1164806941388965e-22, nan 
-10.125, -61.375, 2.4029327271616066e-22, nan 
-9.875, -61.375, 2.945135457635486e-22, nan 
-9.625, -61.375, 8.51904538698711e-22, nan 
-9.375, -61.375, 1.4548474885545857e-21, nan 
-9.125, -61.375, 1.6845222530406305e-21, nan 
-8.875, -61.375, 6.0843586450899564e-21, nan 
-8.625, -61.375, 1.2545112376247268e-20, nan 
-8.375, -61.375, 1.6645082485326586e-20, nan 
-8.125, -61.375, 1.4528347896786198e-20, nan 
-7.875, -61.375, 1.051416082011478e-20, nan 
-7.625, -61.375, 5.473638041881861e-21, nan 
-7.375, -61.375, 3.4457241109088486e-21, nan 
-7.125, -61.375, 3.56788789326727e-21, nan 
-6.875, -61.375, 2.911492615036459e-21, nan 
-6.625, -61.375, 8.836501274445271e-22, nan 
-6.375, -61.375, 1.0465277627343167e-21, nan 
-6.125, -61.375, 9.561027689198701e-22, nan 
-5.875, -61.375, 6.309730626826913e-22, nan 
-5.625, -61.375, 3.7948447752591636e-22, nan 
-5.375, -61.375, 2.562265146731563e-22, nan 
-5.125, -61.375, 1.9502291257693294e-22, nan 
-4.875, -61.375, 1.6213612241734033e-22, nan 
-4.625, -61.375, 9.806451505812863e-23, nan 
-4.375, -61.375, 6.064250494464423e-23, nan 
-4.125, -61.375, 3.4620863413074344e-23, nan 
-3.875, -61.375, 6.623791365545599e-23, nan 
-3.625, -61.375, 3.456961712368954e-23, nan 
-3.375, -61.375, 2.002503817328326e-23, nan 
-3.125, -61.375, 1.5007635270709457e-23, nan 
-2.875, -61.375, 2.2899137201721863e-23, nan 
-2.625, -61.375, 1.329591827172363e-23, nan 
-2.375, -61.375, 1.2335373582951126e-23, nan 
-2.125, -61.375, 1.1132644672508047e-23, nan 
-1.875, -61.375, 9.491658105892299e-24, nan 
-1.625, -61.375, 1.4475083391021247e-23, nan 
-1.375, -61.375, 1.180599449138837e-23, nan 
-1.125, -61.375, 6.5850608434869174e-24, nan 
-0.875, -61.375, 9.655563971569985e-24, nan 
-0.625, -61.375, 9.463982209505217e-24, nan 
-0.375, -61.375, 7.104394221744622e-24, nan 
-0.125, -61.375, 7.319350170149288e-24, nan 
0.125, -61.375, 1.1125755723452708e-23, nan 
0.375, -61.375, 1.175688286122971e-23, nan 
0.625, -61.375, 1.1075089320665102e-23, nan 
0.875, -61.375, 8.458505976510484e-24, nan 
1.125, -61.375, 9.351068588160361e-24, nan 
-11.125, -61.125, 2.414054458601604e-21, nan 
-10.875, -61.125, 3.1308976570735585e-21, nan 
-10.625, -61.125, 5.146561075453358e-21, nan 
-10.375, -61.125, 3.2223250726789428e-21, nan 
-10.125, -61.125, 1.822584903030179e-21, nan 
-9.875, -61.125, 5.132549849310883e-22, nan 
-9.625, -61.125, 6.066626595124249e-22, nan 
-9.375, -61.125, 6.413722844089127e-22, nan 
-9.125, -61.125, 1.6402350912509645e-22, nan 
-8.875, -61.125, 2.397913876428263e-22, nan 
-8.625, -61.125, 2.724656307479721e-22, nan 
-8.375, -61.125, 1.640683333253242e-22, nan 
-8.125, -61.125, 1.7166259682114548e-22, nan 
-7.875, -61.125, 1.1221244030690093e-22, nan 
-7.625, -61.125, 1.121202421705438e-22, nan 
-7.375, -61.125, 8.497657951686836e-23, nan 
-7.125, -61.125, 6.239018329795812e-23, nan 
-6.875, -61.125, 7.499919648153932e-23, nan 
-6.625, -61.125, 6.852698212843387e-23, nan 
-6.375, -61.125, 6.019279367412437e-23, nan 
-6.125, -61.125, 5.916867523517194e-23, nan 
-5.875, -61.125, 7.4449672962779e-23, nan 
-5.625, -61.125, 1.3195037543621603e-22, nan 
-5.375, -61.125, 8.984295260873723e-23, nan 
-5.125, -61.125, 6.309047433405037e-23, nan 
-4.875, -61.125, 4.80997914171568e-23, nan 
-4.625, -61.125, 1.3519387990086308e-23, nan 
-4.375, -61.125, 4.83265069769922e-23, nan 
-4.125, -61.125, 5.335062554376139e-23, nan 
-3.875, -61.125, 1.644642213908912e-23, nan 
-3.625, -61.125, 5.6090300804072204e-24, nan 
-3.375, -61.125, 1.0632494055922038e-23, nan 
-3.125, -61.125, 9.765659481991325e-24, nan 
-2.875, -61.125, 4.0918020844709334e-24, nan 
-2.625, -61.125, 3.917628166540062e-24, nan 
-2.375, -61.125, 3.6613247976114465e-24, nan 
-2.125, -61.125, 3.724767136655802e-24, nan 
-1.875, -61.125, 3.433544555168232e-24, nan 
-1.625, -61.125, 4.9382936206984274e-24, nan 
-1.375, -61.125, 5.084768478343991e-24, nan 
-1.125, -61.125, 1.4411165254002842e-24, nan 
-0.875, -61.125, 2.0292705591075323e-24, nan 
-0.625, -61.125, 2.314031679716604e-24, nan 
-0.375, -61.125, 2.3168983590938325e-24, nan 
-0.125, -61.125, 3.0124164670021453e-24, nan 
0.125, -61.125, 2.8597463394127613e-24, nan 
0.375, -61.125, 3.5644748986276744e-24, nan 
0.625, -61.125, 6.0750532410739264e-24, nan 
0.875, -61.125, 7.10435523134637e-24, nan 
1.125, -61.125, 4.2494650475583576e-24, nan 
-10.875, -60.875, 2.028601292505654e-22, nan 
-10.625, -60.875, 1.0210239350522431e-22, nan 
-10.375, -60.875, 8.107234288930219e-23, nan 
-10.125, -60.875, 4.438386799366899e-23, nan 
-9.875, -60.875, 4.733084033929166e-23, nan 
-9.625, -60.875, 6.512612018479222e-23, nan 
-9.375, -60.875, 4.3424614199914687e-23, nan 
-9.125, -60.875, 1.4897988270892778e-23, nan 
-8.875, -60.875, 3.1922736572650944e-23, nan 
-8.625, -60.875, 3.569652546914782e-23, nan 
-8.375, -60.875, 3.0421862259571197e-23, nan 
-8.125, -60.875, 2.2939605313851277e-23, nan 
-7.875, -60.875, 9.598315108517601e-24, nan 
-7.625, -60.875, 2.0754646380123744e-23, nan 
-7.375, -60.875, 1.9469453280882932e-23, nan 
-7.125, -60.875, 1.5592534764687953e-23, nan 
-6.875, -60.875, 2.0028378869623037e-23, nan 
-6.625, -60.875, 2.319796587772132e-23, nan 
-6.375, -60.875, 3.18012101695133e-23, nan 
-6.125, -60.875, 3.4290623124954333e-23, nan 
-5.875, -60.875, 3.800342149203594e-23, nan 
-5.625, -60.875, 5.2222463607830723e-23, nan 
-5.375, -60.875, 4.7660699194581164e-23, nan 
-5.125, -60.875, 3.221162934018326e-23, nan 
-4.875, -60.875, 2.237360275562076e-23, nan 
-4.625, -60.875, 1.4772024915358932e-23, nan 
-4.375, -60.875, 3.490949788063964e-23, nan 
-4.125, -60.875, 3.3579319511977153e-23, nan 
-3.875, -60.875, 7.064347994120545e-24, nan 
-3.625, -60.875, 1.2639399310308168e-23, nan 
-3.375, -60.875, 9.263146004480754e-24, nan 
-3.125, -60.875, 4.695169743801209e-24, nan 
-2.875, -60.875, 2.181226672201347e-24, nan 
-2.625, -60.875, 3.378594177968998e-24, nan 
-2.375, -60.875, 4.789006488901939e-24, nan 
-2.125, -60.875, 2.3685539613347274e-24, nan 
-1.875, -60.875, 1.5192581068330667e-24, nan 
-1.625, -60.875, 2.0777722709373613e-24, nan 
-1.375, -60.875, 1.857388758359144e-24, nan 
-1.125, -60.875, 1.7167936607533997e-24, nan 
-0.875, -60.875, 1.9414943637196914e-24, nan 
-0.625, -60.875, 4.18173906041998e-25, nan 
-0.375, -60.875, 2.1273322607675305e-24, nan 
-0.125, -60.875, 2.925038692954186e-24, nan 
0.125, -60.875, 1.767703741427935e-24, nan 
0.375, -60.875, 1.592103942972576e-24, nan 
0.625, -60.875, 2.9318334694641638e-24, nan 
0.875, -60.875, 4.9559266556742225e-24, nan 
1.125, -60.875, 2.6210261634838795e-24, nan 
-10.875, -60.625, 2.8194127000841425e-23, nan 
-10.625, -60.625, 1.7832873545652327e-23, nan 
-10.375, -60.625, 2.0651780186474774e-23, nan 
-10.125, -60.625, 6.471486480065842e-24, nan 
-9.875, -60.625, 1.5174019463638148e-23, nan 
-9.625, -60.625, 2.5046854511429306e-23, nan 
-9.375, -60.625, 1.820640444715842e-23, nan 
-9.125, -60.625, 1.0334622062596034e-23, nan 
-8.875, -60.625, 1.6346461530636765e-23, nan 
-8.625, -60.625, 1.5535704536872613e-23, nan 
-8.375, -60.625, 9.40029639363453e-24, nan 
-8.125, -60.625, 9.963403033013731e-24, nan 
-7.875, -60.625, 8.196539944764414e-24, nan 
-7.625, -60.625, 4.594614106140336e-24, nan 
-7.375, -60.625, 7.449994420219063e-24, nan 
-7.125, -60.625, 7.016386042901062e-24, nan 
-6.875, -60.625, 1.0539033295691267e-23, nan 
-6.625, -60.625, 9.949590536224626e-24, nan 
-6.375, -60.625, 1.658101643210952e-23, nan 
-6.125, -60.625, 1.939494663357637e-23, nan 
-5.875, -60.625, 1.719800853664023e-23, nan 
-5.625, -60.625, 2.472109409590862e-23, nan 
-5.375, -60.625, 2.5849892052077877e-23, nan 
-5.125, -60.625, 2.2198230093749454e-23, nan 
-4.875, -60.625, 1.516166549772919e-23, nan 
-4.625, -60.625, 1.0332200419907706e-23, nan 
-4.375, -60.625, 1.5894115076257205e-23, nan 
-4.125, -60.625, 1.2372434096955828e-23, nan 
-3.875, -60.625, 3.424310461520653e-24, nan 
-3.625, -60.625, 1.8936496044672992e-24, nan 
-3.375, -60.625, 1.9895126687781454e-24, nan 
-3.125, -60.625, 2.5582695538066316e-24, nan 
-2.875, -60.625, 1.4955953089539437e-24, nan 
-2.625, -60.625, 2.7385255656333966e-24, nan 
-2.375, -60.625, 4.307621272284665e-24, nan 
-2.125, -60.625, 2.0564989090253072e-24, nan 
-1.875, -60.625, 1.923044007175541e-24, nan 
-1.625, -60.625, 2.5997583635176563e-24, nan 
-1.375, -60.625, 3.9791347884062804e-24, nan 
-1.125, -60.625, 2.263190484405223e-24, nan 
-0.875, -60.625, 8.755550552944561e-25, nan 
-0.625, -60.625, 7.060500914460618e-25, nan 
-0.375, -60.625, 1.138079411514023e-24, nan 
-0.125, -60.625, 1.3059177484288465e-24, nan 
0.125, -60.625, 1.923806595283115e-24, nan 
0.375, -60.625, 2.389972354833489e-24, nan 
0.625, -60.625, 2.238228951307004e-24, nan 
0.875, -60.625, 3.920831898119192e-24, nan 
1.125, -60.625, 2.0140020139468866e-24, nan 
-10.625, -60.375, 8.975344119334175e-24, nan 
-10.375, -60.375, 1.007212823067412e-23, nan 
-10.125, -60.375, 5.4881024655148604e-24, nan 
-9.875, -60.375, 5.744267087173487e-24, nan 
-9.625, -60.375, 9.233749722822749e-24, nan 
-9.375, -60.375, 6.981314638096096e-24, nan 
-9.125, -60.375, 7.985730877843627e-24, nan 
-8.875, -60.375, 9.968253777954457e-24, nan 
-8.625, -60.375, 9.072199358566624e-24, nan 
-8.375, -60.375, 1.7386838222512973e-23, nan 
-8.125, -60.375, 1.95070312691266e-23, nan 
-7.875, -60.375, 1.6363886051592597e-23, nan 
-7.625, -60.375, 7.834241468461202e-24, nan 
-7.375, -60.375, 4.973791087850029e-24, nan 
-7.125, -60.375, 5.941463914225206e-24, nan 
-6.875, -60.375, 3.529248983187771e-24, nan 
-6.625, -60.375, 3.564738279080053e-24, nan 
-6.375, -60.375, 3.66173425764583e-24, nan 
-6.125, -60.375, 3.655259514675827e-24, nan 
-5.875, -60.375, 4.0535633208861545e-24, nan 
-5.625, -60.375, 1.4845496910401575e-23, nan 
-5.375, -60.375, 1.1807736512180553e-23, nan 
-5.125, -60.375, 1.0896300711613368e-23, nan 
-4.875, -60.375, 8.271489598250531e-24, nan 
-4.625, -60.375, 1.360325057319375e-24, nan 
-4.375, -60.375, 1.7199111266843583e-24, nan 
-4.125, -60.375, 2.0352779178111606e-24, nan 
-3.875, -60.375, 1.8201480025815107e-24, nan 
-3.625, -60.375, 1.3743856454293001e-24, nan 
-3.375, -60.375, 2.1019946285536283e-24, nan 
-3.125, -60.375, 2.7596570651135006e-24, nan 
-2.875, -60.375, 2.0794054322936574e-24, nan 
-2.625, -60.375, 1.3183871217619213e-24, nan 
-2.375, -60.375, 2.799268273161291e-24, nan 
-2.125, -60.375, 3.508643114222638e-24, nan 
-1.875, -60.375, 1.0107450886909036e-24, nan 
-1.625, -60.375, 1.7017416586101828e-24, nan 
-1.375, -60.375, 6.201391171729941e-24, nan 
-1.125, -60.375, 1.9083778994190336e-24, nan 
-0.875, -60.375, 6.3536831818999145e-25, nan 
-0.625, -60.375, 2.3882672485048618e-24, nan 
-0.375, -60.375, 1.87567734484696e-24, nan 
-0.125, -60.375, 1.0298975794433386e-24, nan 
0.125, -60.375, 2.340023455510251e-24, nan 
0.375, -60.375, 3.070812620223183e-24, nan 
0.625, -60.375, 3.2322747347963896e-24, nan 
0.875, -60.375, 2.779191203017052e-24, nan 
1.125, -60.375, 2.112801001865169e-24, nan 
-10.625, -60.125, 7.073867567362591e-24, nan 
-10.375, -60.125, 4.2683771399265e-24, nan 
-10.125, -60.125, 2.9517736744926266e-24, nan 
-9.875, -60.125, 3.329453827544421e-24, nan 
-9.625, -60.125, 7.436246484096646e-24, nan 
-9.375, -60.125, 3.613316087935309e-24, nan 
-9.125, -60.125, 4.0254275315092186e-24, nan 
-8.875, -60.125, 9.003696090772889e-24, nan 
-8.625, -60.125, 2.043973515133843e-23, nan 
-8.375, -60.125, 2.361216813256522e-23, nan 
-8.125, -60.125, 2.52558126112529e-23, nan 
-7.875, -60.125, 2.4894163533462443e-23, nan 
-7.625, -60.125, 1.746461423303759e-23, nan 
-7.375, -60.125, 9.1796110794358e-24, nan 
-7.125, -60.125, 4.12780247953862e-24, nan 
-6.875, -60.125, 3.2260905482609684e-24, nan 
-6.625, -60.125, 1.6477508888644003e-24, nan 
-6.375, -60.125, 1.5458495492329817e-24, nan 
-6.125, -60.125, 4.1115567817602844e-24, nan 
-5.875, -60.125, 1.0938842577926132e-24, nan 
-5.625, -60.125, 3.0988902335677414e-24, nan 
-5.375, -60.125, 3.1285634359833855e-24, nan 
-5.125, -60.125, 3.603833731397896e-24, nan 
-4.875, -60.125, 2.833056734437518e-24, nan 
-4.625, -60.125, 2.3197114506356836e-24, nan 
-4.375, -60.125, 2.4001180561841198e-24, nan 
-4.125, -60.125, 1.8010997099988437e-24, nan 
-3.875, -60.125, 1.452430481963177e-24, nan 
-3.625, -60.125, 1.0765892326642707e-24, nan 
-3.375, -60.125, 1.68960488082823e-24, nan 
-3.125, -60.125, 3.497610545145979e-24, nan 
-2.875, -60.125, 4.379822610436496e-24, nan 
-2.625, -60.125, 1.803683963380388e-24, nan 
-2.375, -60.125, 1.4912883329048421e-24, nan 
-2.125, -60.125, 9.217864580451613e-25, nan 
-1.875, -60.125, 1.3334874714202648e-24, nan 
-1.625, -60.125, 1.438507068640871e-24, nan 
-1.375, -60.125, 3.5154917449017e-24, nan 
-1.125, -60.125, 1.3449361944987153e-24, nan 
-0.875, -60.125, 7.754831167605916e-25, nan 
-0.625, -60.125, 1.5262034817377613e-24, nan 
-0.375, -60.125, 1.82188927752083e-24, nan 
-0.125, -60.125, 1.4453618836214768e-24, nan 
0.125, -60.125, 3.060442571711168e-24, nan 
0.375, -60.125, 2.391347880350784e-24, nan 
0.625, -60.125, 1.793108126365132e-24, nan 
0.875, -60.125, 3.409286984891834e-24, nan 
1.125, -60.125, 2.534013947595919e-24, nan 
-10.375, -59.875, 3.4044537439189e-23, nan 
-10.125, -59.875, 1.4874877154940516e-23, nan 
-9.875, -59.875, 2.614577688296323e-23, nan 
-9.625, -59.875, 1.9468250423061847e-23, nan 
-9.375, -59.875, 5.536685148133389e-23, nan 
-9.125, -59.875, 5.880382676179851e-23, nan 
-8.875, -59.875, 1.4284977004875423e-22, nan 
-8.625, -59.875, 1.576443361185387e-22, nan 
-8.375, -59.875, 1.0265243922981467e-22, nan 
-8.125, -59.875, 9.76846836797727e-23, nan 
-7.875, -59.875, 1.2571732413751876e-22, nan 
-7.625, -59.875, 1.5276370192236644e-22, nan 
-7.375, -59.875, 1.7978672441082054e-22, nan 
-7.125, -59.875, 1.1838280899895254e-22, nan 
-6.875, -59.875, 1.7448653699065228e-23, nan 
-6.625, -59.875, 9.883836485468848e-24, nan 
-6.375, -59.875, 3.403442984292451e-23, nan 
-6.125, -59.875, 5.952832220861105e-23, nan 
-5.875, -59.875, 4.238644741261476e-23, nan 
-5.625, -59.875, 1.8597491380848756e-23, nan 
-5.375, -59.875, 3.277693923546827e-23, nan 
-5.125, -59.875, 3.280688508257695e-23, nan 
-4.875, -59.875, 1.9832458499278682e-23, nan 
-4.625, -59.875, 9.093135264272365e-24, nan 
-4.375, -59.875, 1.5931481340010452e-23, nan 
-4.125, -59.875, 1.507217640895323e-23, nan 
-3.875, -59.875, 1.6057438173197695e-23, nan 
-3.625, -59.875, 2.0649505443768162e-23, nan 
-3.375, -59.875, 2.751755168776256e-23, nan 
-3.125, -59.875, 4.219175490979071e-23, nan 
-2.875, -59.875, 4.388083243968064e-23, nan 
-2.625, -59.875, 2.7215575025681525e-23, nan 
-2.375, -59.875, 2.8429247980510186e-23, nan 
-2.125, -59.875, 2.4349972492471628e-23, nan 
-1.875, -59.875, 1.3747136766323175e-23, nan 
-1.625, -59.875, 1.5628019685027694e-23, nan 
-1.375, -59.875, 8.200636816619424e-24, nan 
-1.125, -59.875, 1.2747151828811653e-23, nan 
-0.875, -59.875, 1.6744403332641568e-23, nan 
-0.625, -59.875, 1.7235199791045377e-23, nan 
-0.375, -59.875, 2.0940187100835608e-23, nan 
-0.125, -59.875, 2.9723575686169115e-23, nan 
0.125, -59.875, 3.2436341415919277e-23, nan 
0.375, -59.875, 3.9307100943928046e-23, nan 
0.625, -59.875, 3.7955117605264424e-23, nan 
0.875, -59.875, 1.3385429540101582e-23, nan 
1.125, -59.875, 8.456560272796551e-23, nan 
-10.375, -59.625, 5.330634447150187e-23, nan 
-10.125, -59.625, 4.557900147089861e-23, nan 
-9.875, -59.625, 1.497169405550438e-23, nan 
-9.625, -59.625, 5.481005170742115e-24, nan 
-9.375, -59.625, 1.66635272643201e-23, nan 
-9.125, -59.625, 2.740500727946373e-23, nan 
-8.875, -59.625, 1.1762995024771807e-22, nan 
-8.625, -59.625, 1.2700343226724158e-22, nan 
-8.375, -59.625, 9.922011561066414e-23, nan 
-8.125, -59.625, 1.1426675891539144e-22, nan 
-7.875, -59.625, 1.0261646785188337e-22, nan 
-7.625, -59.625, 1.6817654009883358e-22, nan 
-7.375, -59.625, 1.5101648784080624e-22, nan 
-7.125, -59.625, 5.0953902735161966e-23, nan 
-6.875, -59.625, 1.7988016838565239e-23, nan 
-6.625, -59.625, 1.2457676660574381e-23, nan 
-6.375, -59.625, 8.940253356459226e-24, nan 
-6.125, -59.625, 1.6157619692685987e-23, nan 
-5.875, -59.625, 1.2181712259982591e-23, nan 
-5.625, -59.625, 1.9376189465664153e-23, nan 
-5.375, -59.625, 2.1465334460186544e-23, nan 
-5.125, -59.625, 9.865134708983855e-24, nan 
-4.875, -59.625, 2.9064777509674957e-24, nan 
-4.625, -59.625, 1.7430865973958207e-23, nan 
-4.375, -59.625, 2.0608043266015167e-23, nan 
-4.125, -59.625, 1.3123164610679175e-23, nan 
-3.875, -59.625, 1.0979622145919319e-23, nan 
-3.625, -59.625, 1.4734128955839924e-23, nan 
-3.375, -59.625, 1.7426522569679453e-23, nan 
-3.125, -59.625, 3.4924953101114694e-23, nan 
-2.875, -59.625, 5.313245748256972e-23, nan 
-2.625, -59.625, 5.186692707734942e-23, nan 
-2.375, -59.625, 4.033868876707611e-23, nan 
-2.125, -59.625, 3.0382037285069116e-23, nan 
-1.875, -59.625, 3.582092897868215e-23, nan 
-1.625, -59.625, 2.8242656274952765e-23, nan 
-1.375, -59.625, 3.088445996914468e-23, nan 
-1.125, -59.625, 2.3395713166877348e-23, nan 
-0.875, -59.625, 1.8678086494046652e-23, nan 
-0.625, -59.625, 2.137698850892032e-23, nan 
-0.375, -59.625, 1.966975941500121e-23, nan 
-0.125, -59.625, 1.3035182737809851e-23, nan 
0.125, -59.625, 2.059757063350044e-23, nan 
0.375, -59.625, 3.270912968779469e-23, nan 
0.625, -59.625, 2.84654019675195e-23, nan 
0.875, -59.625, 8.397598466088352e-24, nan 
1.125, -59.625, 3.028846710555111e-24, nan 
-10.125, -59.375, 2.6218600534071617e-23, nan 
-9.875, -59.375, 1.2717218158615155e-23, nan 
-9.625, -59.375, 5.915528392027764e-24, nan 
-9.375, -59.375, 4.7068307637090516e-24, nan 
-9.125, -59.375, 1.6939081464220186e-23, nan 
-8.875, -59.375, 2.5855693443009866e-23, nan 
-8.625, -59.375, 6.279150547599471e-23, nan 
-8.375, -59.375, 8.373331230503082e-23, nan 
-8.125, -59.375, 1.0295366371268523e-22, nan 
-7.875, -59.375, 8.212918002485733e-23, nan 
-7.625, -59.375, 6.707110443235796e-23, nan 
-7.375, -59.375, 1.840111890376354e-23, nan 
-7.125, -59.375, 1.6162460443049037e-23, nan 
-6.875, -59.375, 8.178235388583248e-24, nan 
-6.625, -59.375, 1.3891786244073076e-23, nan 
-6.375, -59.375, 1.4429229217915605e-23, nan 
-6.125, -59.375, 9.825034112180295e-24, nan 
-5.875, -59.375, 1.0500383920793895e-23, nan 
-5.625, -59.375, 8.37906842817581e-24, nan 
-5.375, -59.375, 1.9922453507751997e-24, nan 
-5.125, -59.375, 9.814024927394009e-24, nan 
-4.875, -59.375, 1.6256643713456687e-23, nan 
-4.625, -59.375, 1.5186904925511277e-23, nan 
-4.375, -59.375, 8.325180406840445e-24, nan 
-4.125, -59.375, 2.7519350450475504e-24, nan 
-3.875, -59.375, 2.960334237046148e-24, nan 
-3.625, -59.375, 5.91559532146857e-24, nan 
-3.375, -59.375, 7.398339258890299e-24, nan 
-3.125, -59.375, 5.55826629133267e-24, nan 
-2.875, -59.375, 1.68151267455351e-23, nan 
-2.625, -59.375, 3.2356751668683786e-23, nan 
-2.375, -59.375, 5.293111415971647e-23, nan 
-2.125, -59.375, 5.567002987310517e-23, nan 
-1.875, -59.375, 4.1040248678535715e-23, nan 
-1.625, -59.375, 1.9374937299631242e-23, nan 
-1.375, -59.375, 2.5939167844696853e-23, nan 
-1.125, -59.375, 2.5427494615582287e-23, nan 
-0.875, -59.375, 2.6216390212905828e-23, nan 
-0.625, -59.375, 2.143260939673433e-23, nan 
-0.375, -59.375, 2.5305847003835065e-23, nan 
-0.125, -59.375, 2.2424726576606208e-23, nan 
0.125, -59.375, 1.325898240511771e-23, nan 
0.375, -59.375, 1.762929487481785e-23, nan 
0.625, -59.375, 1.7560243724154202e-23, nan 
0.875, -59.375, 1.2882138573940832e-23, nan 
1.125, -59.375, 8.00526047896596e-24, nan 
-9.875, -59.125, 7.113879344017363e-24, nan 
-9.625, -59.125, 1.1179410484323594e-23, nan 
-9.375, -59.125, 1.285849010404418e-23, nan 
-9.125, -59.125, 1.9645621784309356e-23, nan 
-8.875, -59.125, 2.14379880950557e-23, nan 
-8.625, -59.125, 1.5697519722674766e-23, nan 
-8.375, -59.125, 2.4235285530235447e-23, nan 
-8.125, -59.125, 2.433111947438355e-23, nan 
-7.875, -59.125, 1.780132779782593e-23, nan 
-7.625, -59.125, 1.7347062229381522e-23, nan 
-7.375, -59.125, 8.838909397196333e-24, nan 
-7.125, -59.125, 5.542949862009617e-24, nan 
-6.875, -59.125, 3.792629349544099e-24, nan 
-6.625, -59.125, 9.956116085987389e-24, nan 
-6.375, -59.125, 9.482139033595859e-24, nan 
-6.125, -59.125, 1.222118077432097e-23, nan 
-5.875, -59.125, 1.3675737291361303e-23, nan 
-5.625, -59.125, 1.3728631340405854e-23, nan 
-5.375, -59.125, 1.2824955323831065e-23, nan 
-5.125, -59.125, 2.8689697681954827e-23, nan 
-4.875, -59.125, 3.079916998004218e-23, nan 
-4.625, -59.125, 5.243367963927567e-24, nan 
-4.375, -59.125, 3.857014120634058e-24, nan 
-4.125, -59.125, 4.857546314940213e-24, nan 
-3.875, -59.125, 3.362023465991635e-24, nan 
-3.625, -59.125, 2.8507890367351767e-24, nan 
-3.375, -59.125, 2.382197486651843e-24, nan 
-3.125, -59.125, 3.0665214940384077e-24, nan 
-2.875, -59.125, 9.780367025724427e-24, nan 
-2.625, -59.125, 1.1930156565626385e-23, nan 
-2.375, -59.125, 2.3039002240939998e-23, nan 
-2.125, -59.125, 4.9159492360090457e-23, nan 
-1.875, -59.125, 4.3658324472845777e-23, nan 
-1.625, -59.125, 1.9181839985776427e-23, nan 
-1.375, -59.125, 1.253618216749001e-23, nan 
-1.125, -59.125, 1.4558950226261427e-23, nan 
-0.875, -59.125, 2.1124360490598848e-23, nan 
-0.625, -59.125, 1.6710188312293564e-23, nan 
-0.375, -59.125, 2.6386178323954147e-23, nan 
-0.125, -59.125, 3.7438343184772707e-23, nan 
0.125, -59.125, 3.1650061910346975e-23, nan 
0.375, -59.125, 1.7671543471216087e-23, nan 
0.625, -59.125, 1.778271054126517e-23, nan 
0.875, -59.125, 1.0732217290205636e-23, nan 
1.125, -59.125, 3.1991761530009805e-23, nan 
-9.875, -58.875, 1.1462223967907068e-23, nan 
-9.625, -58.875, 8.935026498889615e-24, nan 
-9.375, -58.875, 8.221301492348461e-24, nan 
-9.125, -58.875, 1.7451963640572998e-23, nan 
-8.875, -58.875, 1.8036445984623714e-23, nan 
-8.625, -58.875, 6.877802913382995e-24, nan 
-8.375, -58.875, 1.1687792678248122e-23, nan 
-8.125, -58.875, 2.2596535242864694e-23, nan 
-7.875, -58.875, 2.0188583568407805e-23, nan 
-7.625, -58.875, 9.873813805070784e-24, nan 
-7.375, -58.875, 7.382800714447439e-24, nan 
-7.125, -58.875, 7.381030396454169e-24, nan 
-6.875, -58.875, 6.17748561253026e-24, nan 
-6.625, -58.875, 6.882672490947111e-24, nan 
-6.375, -58.875, 7.575125483926308e-24, nan 
-6.125, -58.875, 1.0608961993049082e-23, nan 
-5.875, -58.875, 1.6968692290317097e-23, nan 
-5.625, -58.875, 3.498669363728982e-23, nan 
-5.375, -58.875, 3.23597813730938e-23, nan 
-5.125, -58.875, 2.231541239655933e-23, nan 
-4.875, -58.875, 3.441654389075077e-23, nan 
-4.625, -58.875, 2.927175860820563e-23, nan 
-4.375, -58.875, 4.74419222163946e-24, nan 
-4.125, -58.875, 4.409294944999834e-24, nan 
-3.875, -58.875, 5.096950376421495e-24, nan 
-3.625, -58.875, 2.4059710115712704e-24, nan 
-3.375, -58.875, 2.4107427310756574e-24, nan 
-3.125, -58.875, 3.540828023687575e-24, nan 
-2.875, -58.875, 5.323522852749184e-24, nan 
-2.625, -58.875, 1.8087893106190514e-23, nan 
-2.375, -58.875, 4.520503122263512e-23, nan 
-2.125, -58.875, 4.8214250203752205e-23, nan 
-1.875, -58.875, 2.6296572558654646e-23, nan 
-1.625, -58.875, 1.6615527600214663e-23, nan 
-1.375, -58.875, 1.1793977011729736e-23, nan 
-1.125, -58.875, 9.929621552947722e-24, nan 
-0.875, -58.875, 9.012805695861353e-24, nan 
-0.625, -58.875, 1.392817041108516e-23, nan 
-0.375, -58.875, 1.6092005242423307e-23, nan 
-0.125, -58.875, 1.2835144535172036e-23, nan 
0.125, -58.875, 3.440528841629277e-23, nan 
0.375, -58.875, 3.323144844321537e-23, nan 
0.625, -58.875, 9.293693735725223e-24, nan 
0.875, -58.875, 6.340988588468581e-24, nan 
1.125, -58.875, 1.8561702487437963e-23, nan 
-9.625, -58.625, 3.5100280515426596e-24, nan 
-9.375, -58.625, 6.862272374100046e-24, nan 
-9.125, -58.625, 1.718938653878716e-23, nan 
-8.875, -58.625, 1.6517957297348793e-23, nan 
-8.625, -58.625, 3.2873239694932988e-24, nan 
-8.375, -58.625, 2.1455139507999492e-24, nan 
-8.125, -58.625, 1.2252057332442758e-23, nan 
-7.875, -58.625, 1.726858189461157e-23, nan 
-7.625, -58.625, 1.204601971984156e-23, nan 
-7.375, -58.625, 9.346854189079626e-24, nan 
-7.125, -58.625, 9.1176701056908e-24, nan 
-6.875, -58.625, 9.164398558342403e-24, nan 
-6.625, -58.625, 1.5682072771138728e-23, nan 
-6.375, -58.625, 1.705783321723521e-23, nan 
-6.125, -58.625, 2.495280493826484e-23, nan 
-5.875, -58.625, 2.614003217279084e-23, nan 
-5.625, -58.625, 2.2826522324733135e-23, nan 
-5.375, -58.625, 1.8261738755122495e-23, nan 
-5.125, -58.625, 8.491297969210543e-24, nan 
-4.875, -58.625, 2.5054716116793484e-23, nan 
-4.625, -58.625, 3.625070364899278e-23, nan 
-4.375, -58.625, 4.231193146505375e-23, nan 
-4.125, -58.625, 3.2100749370942046e-23, nan 
-3.875, -58.625, 2.323186039703493e-23, nan 
-3.625, -58.625, 2.1917973676239426e-23, nan 
-3.375, -58.625, 3.402339205123661e-24, nan 
-3.125, -58.625, 8.017079138174838e-24, nan 
-2.875, -58.625, 1.1159787627231985e-23, nan 
-2.625, -58.625, 3.3168685460232194e-23, nan 
-2.375, -58.625, 3.816983226785718e-23, nan 
-2.125, -58.625, 3.6508828698583515e-23, nan 
-1.875, -58.625, 3.0750377491889934e-23, nan 
-1.625, -58.625, 1.7954033054234722e-23, nan 
-1.375, -58.625, 4.8824669773667734e-24, nan 
-1.125, -58.625, 4.704464044514427e-24, nan 
-0.875, -58.625, 7.164262341199881e-24, nan 
-0.625, -58.625, 1.1861288444626815e-23, nan 
-0.375, -58.625, 2.088286209696286e-23, nan 
-0.125, -58.625, 2.4552882213744095e-23, nan 
0.125, -58.625, 1.8911430835263397e-23, nan 
0.375, -58.625, 8.848941975033706e-24, nan 
0.625, -58.625, 1.130210684964257e-23, nan 
0.875, -58.625, 9.892696140034352e-24, nan 
1.125, -58.625, 2.0013705421156878e-23, nan 
-9.375, -58.375, 4.23595552172978e-24, nan 
-9.125, -58.375, 7.197136004292922e-24, nan 
-8.875, -58.375, 1.152301358014382e-23, nan 
-8.625, -58.375, 9.063781030242024e-24, nan 
-8.375, -58.375, 7.024484758637949e-24, nan 
-8.125, -58.375, 6.2328295898897946e-24, nan 
-7.875, -58.375, 1.138369710683632e-23, nan 
-7.625, -58.375, 1.1889775392501185e-23, nan 
-7.375, -58.375, 8.316930957490916e-24, nan 
-7.125, -58.375, 6.087457921954978e-24, nan 
-6.875, -58.375, 1.3186049697852228e-23, nan 
-6.625, -58.375, 1.3841266959754788e-23, nan 
-6.375, -58.375, 1.1308858841813323e-23, nan 
-6.125, -58.375, 8.08016637228316e-24, nan 
-5.875, -58.375, 1.0476685173109951e-23, nan 
-5.625, -58.375, 7.963156869155459e-24, nan 
-5.375, -58.375, 5.7867176989623475e-24, nan 
-5.125, -58.375, 5.3959988175992284e-24, nan 
-4.875, -58.375, 1.9021708578956336e-23, nan 
-4.625, -58.375, 2.788103685414023e-23, nan 
-4.375, -58.375, 3.9581693191930646e-23, nan 
-4.125, -58.375, 3.578930714974491e-23, nan 
-3.875, -58.375, 3.022872813439311e-23, nan 
-3.625, -58.375, 4.391938886583104e-23, nan 
-3.375, -58.375, 5.208072646439532e-23, nan 
-3.125, -58.375, 5.698590291552015e-23, nan 
-2.875, -58.375, 5.61891692456528e-23, nan 
-2.625, -58.375, 4.3136033108418424e-23, nan 
-2.375, -58.375, 2.2882551534402086e-23, nan 
-2.125, -58.375, 1.836771535757184e-23, nan 
-1.875, -58.375, 1.183390735828439e-23, nan 
-1.625, -58.375, 9.836166056267674e-24, nan 
-1.375, -58.375, 1.0899840440336493e-23, nan 
-1.125, -58.375, 9.842420016865224e-24, nan 
-0.875, -58.375, 3.9526728222181055e-24, nan 
-0.625, -58.375, 9.308369167532075e-24, nan 
-0.375, -58.375, 1.5949287989116222e-23, nan 
-0.125, -58.375, 1.9501076932627338e-23, nan 
0.125, -58.375, 2.4696843373772545e-23, nan 
0.375, -58.375, 2.078639377805492e-23, nan 
0.625, -58.375, 1.9318118324603802e-23, nan 
0.875, -58.375, 1.79435984964098e-23, nan 
1.125, -58.375, 1.753074752881744e-23, nan 
-9.375, -58.125, 3.939347341995333e-24, nan 
-9.125, -58.125, 2.932513630623723e-24, nan 
-8.875, -58.125, 6.940436913833377e-24, nan 
-8.625, -58.125, 8.344818624923744e-24, nan 
-8.375, -58.125, 6.395793047839185e-24, nan 
-8.125, -58.125, 4.1357128381921574e-24, nan 
-7.875, -58.125, 3.1962196634139682e-24, nan 
-7.625, -58.125, 6.304282909870629e-24, nan 
-7.375, -58.125, 6.545265731884795e-24, nan 
-7.125, -58.125, 6.298265991481967e-24, nan 
-6.875, -58.125, 8.624174438860918e-24, nan 
-6.625, -58.125, 9.869393581056083e-24, nan 
-6.375, -58.125, 1.3374624620912515e-23, nan 
-6.125, -58.125, 1.3635033440576266e-23, nan 
-5.875, -58.125, 7.002240097894831e-24, nan 
-5.625, -58.125, 1.3295475021277114e-23, nan 
-5.375, -58.125, 2.288126542371324e-23, nan 
-5.125, -58.125, 1.474964473458028e-23, nan 
-4.875, -58.125, 1.733046097531852e-23, nan 
-4.625, -58.125, 1.7703372002942864e-23, nan 
-4.375, -58.125, 1.3124418048134397e-23, nan 
-4.125, -58.125, 1.1727112101820086e-23, nan 
-3.875, -58.125, 1.5099547774032565e-23, nan 
-3.625, -58.125, 1.665331488817092e-23, nan 
-3.375, -58.125, 3.688852175141212e-23, nan 
-3.125, -58.125, 4.504039914953799e-23, nan 
-2.875, -58.125, 3.2727896560962366e-23, nan 
-2.625, -58.125, 2.473254701367557e-23, nan 
-2.375, -58.125, 1.8083603620421153e-23, nan 
-2.125, -58.125, 1.0991382457830685e-23, nan 
-1.875, -58.125, 9.20220501030174e-24, nan 
-1.625, -58.125, 7.289738317533575e-24, nan 
-1.375, -58.125, 2.4884146717488385e-23, nan 
-1.125, -58.125, 3.313795643648783e-24, nan 
-0.875, -58.125, 6.571021459560803e-24, nan 
-0.625, -58.125, 1.0432507992257209e-23, nan 
-0.375, -58.125, 1.2236350638963044e-23, nan 
-0.125, -58.125, 2.2351169349626323e-23, nan 
0.125, -58.125, 2.133326681521325e-23, nan 
0.375, -58.125, 4.1718551413952715e-23, nan 
0.625, -58.125, 4.366249681112484e-23, nan 
0.875, -58.125, 1.665162508780513e-23, nan 
1.125, -58.125, 1.4537690638268718e-23, nan 
-9.125, -57.875, 5.3749797801575615e-24, nan 
-8.875, -57.875, 5.1125334570470265e-24, nan 
-8.625, -57.875, 7.437371185793008e-24, nan 
-8.375, -57.875, 7.154898872609483e-24, nan 
-8.125, -57.875, 4.030261445999873e-24, nan 
-7.875, -57.875, 3.804942510857056e-24, nan 
-7.625, -57.875, 9.92921101783409e-24, nan 
-7.375, -57.875, 9.955359565193284e-24, nan 
-7.125, -57.875, 6.960735521062046e-24, nan 
-6.875, -57.875, 9.813560569314666e-24, nan 
-6.625, -57.875, 8.386472982778543e-24, nan 
-6.375, -57.875, 6.97282352110046e-24, nan 
-6.125, -57.875, 1.2024159670535892e-23, nan 
-5.875, -57.875, 1.1181357028329127e-23, nan 
-5.625, -57.875, 1.038034840060495e-23, nan 
-5.375, -57.875, 1.9075490104263653e-23, nan 
-5.125, -57.875, 1.1029014083901176e-23, nan 
-4.875, -57.875, 9.038141656023297e-24, nan 
-4.625, -57.875, 9.97627020781092e-24, nan 
-4.375, -57.875, 1.0978792742264257e-23, nan 
-4.125, -57.875, 1.1446372335939362e-23, nan 
-3.875, -57.875, 1.406976168857023e-23, nan 
-3.625, -57.875, 1.9105998574027797e-23, nan 
-3.375, -57.875, 2.5012858720650254e-23, nan 
-3.125, -57.875, 2.74291144633639e-23, nan 
-2.875, -57.875, 2.5444029707601543e-23, nan 
-2.625, -57.875, 2.810703826292147e-23, nan 
-2.375, -57.875, 3.070283747422233e-23, nan 
-2.125, -57.875, 1.801458335996681e-23, nan 
-1.875, -57.875, 1.227282430211609e-23, nan 
-1.625, -57.875, 4.09479500520365e-23, nan 
-1.375, -57.875, 6.526346539770903e-23, nan 
-1.125, -57.875, 5.0872304215979256e-23, nan 
-0.875, -57.875, 3.987682245255978e-23, nan 
-0.625, -57.875, 3.5481131554600896e-23, nan 
-0.375, -57.875, 3.19000307945572e-23, nan 
-0.125, -57.875, 2.1426182209181802e-23, nan 
0.125, -57.875, 2.5818255748022447e-23, nan 
0.375, -57.875, 3.572779778328282e-23, nan 
0.625, -57.875, 2.6941555915528925e-23, nan 
0.875, -57.875, 3.667005827051138e-24, nan 
1.125, -57.875, 6.883269012528888e-24, nan 
-8.875, -57.625, 5.596544313012169e-24, nan 
-8.625, -57.625, 7.748154268778639e-24, nan 
-8.375, -57.625, 5.839678988328933e-24, nan 
-8.125, -57.625, 5.878671817313446e-24, nan 
-7.875, -57.625, 6.371365473817813e-24, nan 
-7.625, -57.625, 6.870925359926264e-24, nan 
-7.375, -57.625, 5.903561644577214e-24, nan 
-7.125, -57.625, 5.9244517574169815e-24, nan 
-6.875, -57.625, 8.238407040488588e-24, nan 
-6.625, -57.625, 6.208105925377733e-24, nan 
-6.375, -57.625, 4.8264772933754946e-24, nan 
-6.125, -57.625, 1.2536147920945936e-23, nan 
-5.875, -57.625, 1.4960487997159454e-23, nan 
-5.625, -57.625, 9.118592016786344e-24, nan 
-5.375, -57.625, 8.889496739943418e-24, nan 
-5.125, -57.625, 7.031057257303796e-24, nan 
-4.875, -57.625, 5.037476997860713e-24, nan 
-4.625, -57.625, 2.655224728740932e-24, nan 
-4.375, -57.625, 4.698594042098745e-24, nan 
-4.125, -57.625, 7.281749416766709e-24, nan 
-3.875, -57.625, 9.162863577118187e-24, nan 
-3.625, -57.625, 1.5225188619614145e-23, nan 
-3.375, -57.625, 3.1243558766626393e-23, nan 
-3.125, -57.625, 3.248508388751882e-23, nan 
-2.875, -57.625, 1.9679975663717218e-23, nan 
-2.625, -57.625, 1.821820521746209e-23, nan 
-2.375, -57.625, 4.4480266840550237e-23, nan 
-2.125, -57.625, 4.197808806750133e-23, nan 
-1.875, -57.625, 1.4836967672917496e-23, nan 
-1.625, -57.625, 2.2855693901457725e-23, nan 
-1.375, -57.625, 3.6344584969396133e-23, nan 
-1.125, -57.625, 4.355114434957071e-23, nan 
-0.875, -57.625, 4.785319265394903e-23, nan 
-0.625, -57.625, 3.564457778675086e-23, nan 
-0.375, -57.625, 3.4311118975464843e-23, nan 
-0.125, -57.625, 2.8849585475869094e-23, nan 
0.125, -57.625, 1.7946810664931076e-23, nan 
0.375, -57.625, 1.8568430728770033e-23, nan 
0.625, -57.625, 1.7105437371628975e-23, nan 
0.875, -57.625, 1.1255206350809575e-23, nan 
1.125, -57.625, 9.701318150766065e-24, nan 
-8.875, -57.375, 7.149814455585522e-24, nan 
-8.625, -57.375, 5.9942075759598646e-24, nan 
-8.375, -57.375, 4.293440316551253e-24, nan 
-8.125, -57.375, 8.201588621696912e-24, nan 
-7.875, -57.375, 7.58575337306229e-24, nan 
-7.625, -57.375, 1.3943841254433726e-23, nan 
-7.375, -57.375, 1.5274927092804736e-23, nan 
-7.125, -57.375, 8.926722603731422e-24, nan 
-6.875, -57.375, 1.2518017129050491e-23, nan 
-6.625, -57.375, 7.309788192088118e-24, nan 
-6.375, -57.375, 3.84631630864531e-24, nan 
-6.125, -57.375, 2.151088952968523e-24, nan 
-5.875, -57.375, 1.3723904023842176e-23, nan 
-5.625, -57.375, 1.655095714528274e-23, nan 
-5.375, -57.375, 1.1058230852431727e-23, nan 
-5.125, -57.375, 5.239429586040829e-24, nan 
-4.875, -57.375, 2.8778896632369835e-24, nan 
-4.625, -57.375, 4.91762643087656e-24, nan 
-4.375, -57.375, 6.137608147967263e-24, nan 
-4.125, -57.375, 4.9119926441416826e-24, nan 
-3.875, -57.375, 8.130013991367119e-24, nan 
-3.625, -57.375, 2.0648287091270128e-23, nan 
-3.375, -57.375, 2.915735281450431e-23, nan 
-3.125, -57.375, 2.7433434495341104e-23, nan 
-2.875, -57.375, 1.0650131102351657e-23, nan 
-2.625, -57.375, 1.1840328018427063e-23, nan 
-2.375, -57.375, 3.58215139296302e-23, nan 
-2.125, -57.375, 3.335730262915855e-23, nan 
-1.875, -57.375, 2.180893565430351e-23, nan 
-1.625, -57.375, 4.0943519539984855e-23, nan 
-1.375, -57.375, 4.168323067095931e-23, nan 
-1.125, -57.375, 2.0648536551018416e-23, nan 
-0.875, -57.375, 8.463986121749398e-24, nan 
-0.625, -57.375, 8.39286287105668e-24, nan 
-0.375, -57.375, 1.035396681490858e-23, nan 
-0.125, -57.375, 4.021234449870611e-23, nan 
0.125, -57.375, 3.725618344483279e-23, nan 
0.375, -57.375, 1.2091459218529392e-23, nan 
0.625, -57.375, 1.396743727166491e-23, nan 
0.875, -57.375, 1.0150531845296854e-23, nan 
-8.625, -57.125, 9.467943776522176e-24, nan 
-8.375, -57.125, 6.490060854723844e-24, nan 
-8.125, -57.125, 5.082534807155319e-24, nan 
-7.875, -57.125, 1.4343535634802988e-24, nan 
-7.625, -57.125, 3.4550788057835784e-24, nan 
-7.375, -57.125, 1.1137113375552229e-23, nan 
-7.125, -57.125, 1.8105535488661995e-23, nan 
-6.875, -57.125, 1.8748069503698328e-23, nan 
-6.625, -57.125, 1.3166559793862216e-23, nan 
-6.375, -57.125, 1.3614348354304187e-23, nan 
-6.125, -57.125, 1.7085095345252044e-23, nan 
-5.875, -57.125, 1.7552857116455296e-23, nan 
-5.625, -57.125, 1.1389086822771415e-23, nan 
-5.375, -57.125, 6.036271095629705e-24, nan 
-5.125, -57.125, 6.0125602652739335e-24, nan 
-4.875, -57.125, 5.075673376840068e-24, nan 
-4.625, -57.125, 4.4504536140175806e-24, nan 
-4.375, -57.125, 1.3531624295753388e-23, nan 
-4.125, -57.125, 1.3834444361102562e-23, nan 
-3.875, -57.125, 3.336744776202787e-24, nan 
-3.625, -57.125, 3.9153153115886265e-24, nan 
-3.375, -57.125, 7.611492990699343e-24, nan 
-3.125, -57.125, 2.0424406196392063e-23, nan 
-2.875, -57.125, 1.6386717797881946e-23, nan 
-2.625, -57.125, 2.0941395904628496e-23, nan 
-2.375, -57.125, 2.5521922085183542e-23, nan 
-2.125, -57.125, 9.18809800055102e-24, nan 
-1.875, -57.125, 3.703107062646022e-24, nan 
-1.625, -57.125, 5.318957507259444e-23, nan 
-1.375, -57.125, 5.857748339911121e-23, nan 
-1.125, -57.125, 1.623611171868823e-23, nan 
-0.875, -57.125, 6.741802492342165e-24, nan 
-0.625, -57.125, 3.145820723845453e-24, nan 
-0.375, -57.125, 2.5023909627561476e-24, nan 
-0.125, -57.125, 2.976021995138909e-23, nan 
0.125, -57.125, 3.422574209211949e-23, nan 
0.375, -57.125, 2.2806693163056143e-23, nan 
0.625, -57.125, 1.983062723725484e-23, nan 
0.875, -57.125, 1.4948728433471733e-23, nan 
-8.375, -56.875, 6.655892603362056e-24, nan 
-8.125, -56.875, 4.9253182414041336e-24, nan 
-7.875, -56.875, 6.963459701128352e-24, nan 
-7.625, -56.875, 1.144412256026357e-23, nan 
-7.375, -56.875, 1.1801444234954919e-23, nan 
-7.125, -56.875, 1.3880986283098898e-23, nan 
-6.875, -56.875, 1.0679344342844585e-23, nan 
-6.625, -56.875, 1.4247732668086847e-23, nan 
-6.375, -56.875, 1.6774973967020998e-23, nan 
-6.125, -56.875, 1.2601291040921815e-23, nan 
-5.875, -56.875, 5.7317180634877914e-24, nan 
-5.625, -56.875, 8.636057712980643e-24, nan 
-5.375, -56.875, 8.780184349927099e-24, nan 
-5.125, -56.875, 6.3918279170736916e-24, nan 
-4.875, -56.875, 2.87770027298563e-24, nan 
-4.625, -56.875, 5.9808062671103054e-24, nan 
-4.375, -56.875, 7.39069227188589e-24, nan 
-4.125, -56.875, 1.241940808675422e-23, nan 
-3.875, -56.875, 1.0187159834123641e-23, nan 
-3.625, -56.875, 6.585973767849117e-24, nan 
-3.375, -56.875, 5.862937185162653e-24, nan 
-3.125, -56.875, 6.507634456164551e-24, nan 
-2.875, -56.875, 7.10146123039617e-24, nan 
-2.625, -56.875, 8.145686256026651e-24, nan 
-2.375, -56.875, 1.0941443964416209e-23, nan 
-2.125, -56.875, 8.983897748414981e-24, nan 
-1.875, -56.875, 4.307750682885586e-24, nan 
-1.625, -56.875, 5.669315531930813e-24, nan 
-1.375, -56.875, 3.5544728488510005e-23, nan 
-1.125, -56.875, 3.346778738929951e-23, nan 
-0.875, -56.875, 2.536572894740765e-23, nan 
-0.625, -56.875, 2.6371349517228427e-23, nan 
-0.375, -56.875, 3.8113122329562595e-23, nan 
-0.125, -56.875, 4.1469151034655536e-23, nan 
0.125, -56.875, 3.036433307526026e-23, nan 
0.375, -56.875, 2.6130006640387527e-23, nan 
0.625, -56.875, 3.1356436456130764e-23, nan 
0.875, -56.875, 2.221526883043604e-23, nan 
-8.375, -56.625, 3.354260169455264e-24, nan 
-8.125, -56.625, 6.281495456814885e-24, nan 
-7.875, -56.625, 9.791509767243903e-24, nan 
-7.625, -56.625, 1.0261066688077044e-23, nan 
-7.375, -56.625, 2.758136266318656e-23, nan 
-7.125, -56.625, 3.335281974717604e-23, nan 
-6.875, -56.625, 2.857336343553342e-23, nan 
-6.625, -56.625, 6.3691296842723044e-24, nan 
-6.375, -56.625, 7.23668508953394e-24, nan 
-6.125, -56.625, 7.055243391921349e-24, nan 
-5.875, -56.625, 3.1916176420506633e-24, nan 
-5.625, -56.625, 1.1316741035171766e-23, nan 
-5.375, -56.625, 3.039308287585604e-23, nan 
-5.125, -56.625, 3.414557543588733e-23, nan 
-4.875, -56.625, 3.8251977383950024e-23, nan 
-4.625, -56.625, 3.722871338361802e-23, nan 
-4.375, -56.625, 2.6394312236458355e-23, nan 
-4.125, -56.625, 1.7889090094107383e-23, nan 
-3.875, -56.625, 1.4376735772982644e-23, nan 
-3.625, -56.625, 7.085753783721404e-24, nan 
-3.375, -56.625, 6.164256814944184e-24, nan 
-3.125, -56.625, 1.3420083966693212e-23, nan 
-2.875, -56.625, 1.3928717085566584e-23, nan 
-2.625, -56.625, 1.1311123205150449e-23, nan 
-2.375, -56.625, 1.1336904091010493e-23, nan 
-2.125, -56.625, 7.26147701201845e-24, nan 
-1.875, -56.625, 1.0667722604334716e-23, nan 
-1.625, -56.625, 1.1260988047298462e-23, nan 
-1.375, -56.625, 8.001787992529941e-24, nan 
-1.125, -56.625, 5.5332555968843875e-24, nan 
-0.875, -56.625, 2.0174810420076908e-23, nan 
-0.625, -56.625, 2.9530494146139486e-23, nan 
-0.375, -56.625, 2.974988197868303e-23, nan 
-0.125, -56.625, 1.3972987843266604e-23, nan 
0.125, -56.625, 5.995985358732455e-24, nan 
0.375, -56.625, 1.157295914461814e-23, nan 
0.625, -56.625, 1.6223495789508995e-23, nan 
0.875, -56.625, 1.6789207126497687e-23, nan 
-8.125, -56.375, 5.125482754190584e-24, nan 
-7.875, -56.375, 7.914057226807278e-24, nan 
-7.625, -56.375, 5.51057975287374e-23, nan 
-7.375, -56.375, 6.307939222215713e-23, nan 
-7.125, -56.375, 3.763047492115919e-23, nan 
-6.875, -56.375, 6.605816058875614e-23, nan 
-6.625, -56.375, 6.631888035761617e-23, nan 
-6.375, -56.375, 5.624559688267748e-24, nan 
-6.125, -56.375, 5.755068239354605e-24, nan 
-5.875, -56.375, 1.8206123260845473e-23, nan 
-5.625, -56.375, 4.18299471583136e-23, nan 
-5.375, -56.375, 4.5803087102293785e-23, nan 
-5.125, -56.375, 3.3484566637147946e-23, nan 
-4.875, -56.375, 3.784777352691053e-23, nan 
-4.625, -56.375, 4.945807480829474e-23, nan 
-4.375, -56.375, 6.465110683631424e-23, nan 
-4.125, -56.375, 4.857874307956072e-23, nan 
-3.875, -56.375, 1.4674963578588982e-23, nan 
-3.625, -56.375, 1.0542253780379119e-23, nan 
-3.375, -56.375, 1.334852328573607e-23, nan 
-3.125, -56.375, 9.334161441556499e-24, nan 
-2.875, -56.375, 6.1831055569284694e-24, nan 
-2.625, -56.375, 8.306634863688286e-24, nan 
-2.375, -56.375, 9.180813900566967e-24, nan 
-2.125, -56.375, 7.551878586324043e-24, nan 
-1.875, -56.375, 7.796192101126671e-24, nan 
-1.625, -56.375, 5.187867807514756e-24, nan 
-1.375, -56.375, 2.5793773693200992e-24, nan 
-1.125, -56.375, 3.821449859336788e-24, nan 
-0.875, -56.375, 5.010321249859901e-24, nan 
-0.625, -56.375, 6.361765510300522e-24, nan 
-0.375, -56.375, 8.204163289412133e-24, nan 
-0.125, -56.375, 8.710016142414481e-24, nan 
0.125, -56.375, 6.930968764327446e-24, nan 
0.375, -56.375, 1.7113382147402655e-23, nan 
0.625, -56.375, 1.995153274412187e-23, nan 
0.875, -56.375, 1.0595159907468088e-23, nan 
-7.875, -56.125, 5.9416957803228696e-24, nan 
-7.625, -56.125, 7.135808036030667e-23, nan 
-7.375, -56.125, 7.890419837943606e-23, nan 
-7.125, -56.125, 1.2891044232147544e-23, nan 
-6.875, -56.125, 2.992618344236198e-23, nan 
-6.625, -56.125, 7.995840319978946e-23, nan 
-6.375, -56.125, 6.169377432034231e-23, nan 
-6.125, -56.125, 6.698804806755211e-24, nan 
-5.875, -56.125, 3.610248544476503e-23, nan 
-5.625, -56.125, 4.329259506560948e-23, nan 
-5.375, -56.125, 1.720373493842929e-23, nan 
-5.125, -56.125, 4.832521343384178e-24, nan 
-4.875, -56.125, 4.0643241241917215e-24, nan 
-4.625, -56.125, 1.0804888757682612e-23, nan 
-4.375, -56.125, 6.070489591386647e-23, nan 
-4.125, -56.125, 5.873009305682359e-23, nan 
-3.875, -56.125, 1.472517840986234e-23, nan 
-3.625, -56.125, 1.786534460358901e-23, nan 
-3.375, -56.125, 2.1624975067831807e-23, nan 
-3.125, -56.125, 1.4292362890557906e-23, nan 
-2.875, -56.125, 9.896542576724059e-24, nan 
-2.625, -56.125, 5.072832029581663e-24, nan 
-2.375, -56.125, 4.0154030363500864e-24, nan 
-2.125, -56.125, 4.144414739203836e-24, nan 
-1.875, -56.125, 4.968138701903817e-24, nan 
-1.625, -56.125, 4.688151018922298e-24, nan 
-1.375, -56.125, 5.116570122402731e-24, nan 
-1.125, -56.125, 5.075120389033801e-24, nan 
-0.875, -56.125, 1.7545155466976612e-24, nan 
-0.625, -56.125, 6.008236106354923e-24, nan 
-0.375, -56.125, 5.324189722095333e-24, nan 
-0.125, -56.125, 6.825002717016752e-24, nan 
0.125, -56.125, 3.361817132273159e-24, nan 
0.375, -56.125, 1.4245091367361424e-23, nan 
0.625, -56.125, 2.1959249161801455e-23, nan 
-7.875, -55.875, 1.867832736327306e-23, nan 
-7.625, -55.875, 3.837023832542261e-23, nan 
-7.375, -55.875, 6.075300743730227e-23, nan 
-7.125, -55.875, 5.302037564325716e-23, nan 
-6.875, -55.875, 4.6572276790729035e-23, nan 
-6.625, -55.875, 4.5387252275074564e-23, nan 
-6.375, -55.875, 1.3515392783169745e-23, nan 
-6.125, -55.875, 6.331242027699379e-24, nan 
-5.875, -55.875, 1.5127765937520446e-23, nan 
-5.625, -55.875, 4.422533471111536e-23, nan 
-5.375, -55.875, 4.9043788170364206e-23, nan 
-5.125, -55.875, 3.6355348121785986e-23, nan 
-4.875, -55.875, 3.86073952317528e-23, nan 
-4.625, -55.875, 5.050293250180079e-23, nan 
-4.375, -55.875, 6.375113878054008e-23, nan 
-4.125, -55.875, 4.68803203427461e-23, nan 
-3.875, -55.875, 1.677198388386925e-23, nan 
-3.625, -55.875, 2.4487289706277325e-23, nan 
-3.375, -55.875, 2.5198268309142912e-23, nan 
-3.125, -55.875, 2.49621065752088e-23, nan 
-2.875, -55.875, 1.2043775136821434e-23, nan 
-2.625, -55.875, 9.841013297955479e-24, nan 
-2.375, -55.875, 5.55454531642645e-24, nan 
-2.125, -55.875, 1.4514159388579257e-24, nan 
-1.875, -55.875, 1.8210150584754738e-24, nan 
-1.625, -55.875, 1.418631552644794e-24, nan 
-1.375, -55.875, 1.736282858251663e-24, nan 
-1.125, -55.875, 7.5929916097774e-24, nan 
-0.875, -55.875, 1.1815772805736239e-23, nan 
-0.625, -55.875, 1.8580422835567876e-23, nan 
-0.375, -55.875, 1.427470899134075e-23, nan 
-0.125, -55.875, 4.87861993727526e-24, nan 
0.125, -55.875, 7.951204321405741e-24, nan 
0.375, -55.875, 1.3849869217736242e-23, nan 
0.625, -55.875, 1.4850147091098698e-23, nan 
-7.625, -55.625, 1.2479444828208846e-23, nan 
-7.375, -55.625, 7.383374309733685e-24, nan 
-7.125, -55.625, 2.997874616488193e-23, nan 
-6.875, -55.625, 2.424052910886235e-23, nan 
-6.625, -55.625, 5.825094239843494e-24, nan 
-6.375, -55.625, 4.642709087156276e-24, nan 
-6.125, -55.625, 4.454447794670759e-24, nan 
-5.875, -55.625, 3.722166015285076e-24, nan 
-5.625, -55.625, 8.572121748873275e-24, nan 
-5.375, -55.625, 3.107787770811708e-23, nan 
-5.125, -55.625, 3.6552537507188234e-23, nan 
-4.875, -55.625, 3.8134616145744623e-23, nan 
-4.625, -55.625, 3.769102797683803e-23, nan 
-4.375, -55.625, 2.36257451619971e-23, nan 
-4.125, -55.625, 2.1902771247607076e-23, nan 
-3.875, -55.625, 3.331662380123928e-23, nan 
-3.625, -55.625, 3.450123814006166e-23, nan 
-3.375, -55.625, 2.056140158143585e-23, nan 
-3.125, -55.625, 4.7387502331510615e-23, nan 
-2.875, -55.625, 3.9274041866892457e-23, nan 
-2.625, -55.625, 1.182586787708227e-23, nan 
-2.375, -55.625, 1.1046054263242546e-23, nan 
-2.125, -55.625, 3.5822197241154154e-24, nan 
-1.875, -55.625, 2.3775572391857626e-24, nan 
-1.625, -55.625, 2.2405490889395883e-24, nan 
-1.375, -55.625, 1.3593532261612602e-24, nan 
-1.125, -55.625, 2.299255268250482e-24, nan 
-0.875, -55.625, 2.2455001886608073e-24, nan 
-0.625, -55.625, 6.757952768156043e-24, nan 
-0.375, -55.625, 8.148590510174016e-24, nan 
-0.125, -55.625, 9.097824971734861e-24, nan 
0.125, -55.625, 6.649129744972443e-24, nan 
0.375, -55.625, 7.973811746976369e-24, nan 
0.625, -55.625, 1.0451831936874162e-23, nan 
-7.375, -55.375, 2.0221217356114027e-24, nan 
-7.125, -55.375, 1.4010709636060043e-24, nan 
-6.875, -55.375, 1.9942799748517467e-24, nan 
-6.625, -55.375, 2.6011044564096725e-24, nan 
-6.375, -55.375, 4.181979613563939e-24, nan 
-6.125, -55.375, 3.54637739591221e-24, nan 
-5.875, -55.375, 7.334574354442408e-24, nan 
-5.625, -55.375, 8.12908185859174e-24, nan 
-5.375, -55.375, 3.1441089920909973e-24, nan 
-5.125, -55.375, 1.8640409581214877e-24, nan 
-4.875, -55.375, 2.4282434669393427e-24, nan 
-4.625, -55.375, 3.2633450429527015e-24, nan 
-4.375, -55.375, 4.948597343766615e-24, nan 
-4.125, -55.375, 8.550737696386845e-24, nan 
-3.875, -55.375, 8.632417732606206e-24, nan 
-3.625, -55.375, 1.9236617112957115e-23, nan 
-3.375, -55.375, 1.833109768227857e-23, nan 
-3.125, -55.375, 2.070629338940846e-23, nan 
-2.875, -55.375, 7.514351502543791e-24, nan 
-2.625, -55.375, 8.3500954424401e-24, nan 
-2.375, -55.375, 5.174492340468321e-24, nan 
-2.125, -55.375, 2.5325952290161945e-24, nan 
-1.875, -55.375, 2.1142537179310635e-23, nan 
-1.625, -55.375, 3.545776921763113e-24, nan 
-1.375, -55.375, 4.5130969291848566e-24, nan 
-1.125, -55.375, 2.9746132732233727e-24, nan 
-0.875, -55.375, 5.862620746352766e-24, nan 
-0.625, -55.375, 3.956460574932284e-24, nan 
-0.375, -55.375, 4.37268253621356e-24, nan 
-0.125, -55.375, 4.493613016377315e-24, nan 
0.125, -55.375, 5.212918137470258e-24, nan 
0.375, -55.375, 9.531690033275083e-24, nan 
0.625, -55.375, 7.774211899079405e-24, nan 
-7.125, -55.125, 1.2980835352920566e-24, nan 
-6.875, -55.125, 3.286456893468986e-24, nan 
-6.625, -55.125, 1.6362178210745722e-23, nan 
-6.375, -55.125, 2.1369285375506832e-23, nan 
-6.125, -55.125, 1.160252307482885e-23, nan 
-5.875, -55.125, 9.498615948205011e-24, nan 
-5.625, -55.125, 1.1282168469039208e-23, nan 
-5.375, -55.125, 8.865073819691284e-24, nan 
-5.125, -55.125, 8.253685728936744e-24, nan 
-4.875, -55.125, 5.610210991261063e-24, nan 
-4.625, -55.125, 2.181867384613374e-24, nan 
-4.375, -55.125, 7.17409218242295e-24, nan 
-4.125, -55.125, 6.895436960483553e-24, nan 
-3.875, -55.125, 3.851897318386341e-24, nan 
-3.625, -55.125, 3.618096921359344e-24, nan 
-3.375, -55.125, 3.893522365277664e-24, nan 
-3.125, -55.125, 4.780052044231276e-24, nan 
-2.875, -55.125, 1.9879804792314736e-23, nan 
-2.625, -55.125, 8.842590385656681e-24, nan 
-2.375, -55.125, 6.135658107883022e-24, nan 
-2.125, -55.125, 3.6909997242972913e-23, nan 
-1.875, -55.125, 5.568799724754546e-23, nan 
-1.625, -55.125, 3.648141984319001e-23, nan 
-1.375, -55.125, 5.8974352905300976e-24, nan 
-1.125, -55.125, 6.882072773343471e-24, nan 
-0.875, -55.125, 1.054164622502242e-23, nan 
-0.625, -55.125, 1.3010366345174082e-23, nan 
-0.375, -55.125, 1.06567499480263e-23, nan 
-0.125, -55.125, 8.709058928701203e-24, nan 
0.125, -55.125, 8.944236812927465e-24, nan 
0.375, -55.125, 1.0792930402167338e-23, nan 
-7.125, -54.875, 2.2238371755797002e-24, nan 
-6.875, -54.875, 3.214484420917688e-23, nan 
-6.625, -54.875, 3.173826838990839e-23, nan 
-6.375, -54.875, 3.0195539929213387e-23, nan 
-6.125, -54.875, 3.9430062309474835e-23, nan 
-5.875, -54.875, 2.82254620916594e-23, nan 
-5.625, -54.875, 7.557652207065208e-24, nan 
-5.375, -54.875, 8.489432006989152e-24, nan 
-5.125, -54.875, 9.160425460676487e-24, nan 
-4.875, -54.875, 4.752663299906378e-24, nan 
-4.625, -54.875, 1.0760694734064848e-24, nan 
-4.375, -54.875, 4.441766049629841e-24, nan 
-4.125, -54.875, 2.2170204993749222e-23, nan 
-3.875, -54.875, 3.079098879283746e-23, nan 
-3.625, -54.875, 5.769379100870741e-24, nan 
-3.375, -54.875, 5.5465664205166215e-24, nan 
-3.125, -54.875, 3.0620356734226956e-23, nan 
-2.875, -54.875, 5.525822364939862e-23, nan 
-2.625, -54.875, 3.6928133856137844e-23, nan 
-2.375, -54.875, 6.873276642299395e-24, nan 
-2.125, -54.875, 3.280940279192222e-23, nan 
-1.875, -54.875, 4.937297352679411e-23, nan 
-1.625, -54.875, 3.3995855208506495e-23, nan 
-1.375, -54.875, 7.138836607417593e-24, nan 
-1.125, -54.875, 6.914748458501801e-24, nan 
-0.875, -54.875, 8.740700025349201e-24, nan 
-0.625, -54.875, 1.267967901921993e-23, nan 
-0.375, -54.875, 1.0679530739765346e-23, nan 
-0.125, -54.875, 2.510729920932895e-23, nan 
0.125, -54.875, 1.7117772159237685e-23, nan 
0.375, -54.875, 1.1373019439844623e-23, nan 
-6.875, -54.625, 4.716977271169753e-23, nan 
-6.625, -54.625, 2.62905172928266e-23, nan 
-6.375, -54.625, 8.725807672710704e-24, nan 
-6.125, -54.625, 5.689148482052051e-23, nan 
-5.875, -54.625, 5.379973204486482e-23, nan 
-5.625, -54.625, 7.582707579801808e-24, nan 
-5.375, -54.625, 7.088284709380737e-24, nan 
-5.125, -54.625, 3.3580303598327446e-24, nan 
-4.875, -54.625, 3.5180395413697306e-24, nan 
-4.625, -54.625, 4.208048508154777e-24, nan 
-4.375, -54.625, 3.927039451995088e-23, nan 
-4.125, -54.625, 5.113059414247549e-23, nan 
-3.875, -54.625, 6.346865852776319e-23, nan 
-3.625, -54.625, 4.6934467007094426e-23, nan 
-3.375, -54.625, 8.681326994730459e-24, nan 
-3.125, -54.625, 6.18011808283844e-24, nan 
-2.875, -54.625, 2.3193477594241232e-23, nan 
-2.625, -54.625, 6.009019031199097e-24, nan 
-2.375, -54.625, 5.96316209859188e-24, nan 
-2.125, -54.625, 7.896491266256567e-24, nan 
-1.875, -54.625, 1.706555418033247e-23, nan 
-1.625, -54.625, 5.6556665259044834e-24, nan 
-1.375, -54.625, 6.88348013255645e-24, nan 
-1.125, -54.625, 1.1298196907760574e-23, nan 
-0.875, -54.625, 1.1201591532314459e-23, nan 
-0.625, -54.625, 3.2011776157832075e-23, nan 
-0.375, -54.625, 4.99238983939488e-23, nan 
-0.125, -54.625, 4.983059361053278e-23, nan 
0.125, -54.625, 3.5563349487971327e-23, nan 
0.375, -54.625, 2.908082839813435e-23, nan 
-6.625, -54.375, 4.0063105375758594e-23, nan 
-6.375, -54.375, 4.0024449411863796e-23, nan 
-6.125, -54.375, 4.394407583875916e-23, nan 
-5.875, -54.375, 3.735822673554571e-23, nan 
-5.625, -54.375, 3.069201632568729e-24, nan 
-5.375, -54.375, 2.67082982980186e-24, nan 
-5.125, -54.375, 3.6064572442685064e-24, nan 
-4.875, -54.375, 4.346324494195858e-24, nan 
-4.625, -54.375, 5.8133162057960256e-24, nan 
-4.375, -54.375, 6.058645839408263e-24, nan 
-4.125, -54.375, 2.1986344928722602e-23, nan 
-3.875, -54.375, 2.762443654910671e-23, nan 
-3.625, -54.375, 8.429217297768169e-24, nan 
-3.375, -54.375, 1.0393881309036643e-23, nan 
-3.125, -54.375, 9.08728838119387e-24, nan 
-2.875, -54.375, 9.402729828633615e-24, nan 
-2.625, -54.375, 8.375050997874516e-24, nan 
-2.375, -54.375, 1.1128498457295171e-23, nan 
-2.125, -54.375, 1.0188440976703501e-23, nan 
-1.875, -54.375, 4.556871399994912e-24, nan 
-1.625, -54.375, 8.301935664957762e-24, nan 
-1.375, -54.375, 1.088081257704149e-23, nan 
-1.125, -54.375, 9.517278371144138e-24, nan 
-0.875, -54.375, 4.395599644688771e-23, nan 
-0.625, -54.375, 5.644898319214585e-23, nan 
-0.375, -54.375, 3.3906420247042785e-23, nan 
-0.125, -54.375, 1.0280810130966829e-23, nan 
0.125, -54.375, 2.2963189230625797e-23, nan 
-6.375, -54.125, 2.4654917662630217e-23, nan 
-6.125, -54.125, 2.052702276841639e-23, nan 
-5.875, -54.125, 3.5178227130376314e-24, nan 
-5.625, -54.125, 3.1618685522788676e-24, nan 
-5.375, -54.125, 2.3562438343411073e-24, nan 
-5.125, -54.125, 3.073671958773646e-24, nan 
-4.875, -54.125, 2.086653671864161e-23, nan 
-4.625, -54.125, 1.2555900971255857e-23, nan 
-4.375, -54.125, 1.1127961986827828e-23, nan 
-4.125, -54.125, 5.713473171965421e-24, nan 
-3.875, -54.125, 1.0796059946627101e-23, nan 
-3.625, -54.125, 1.2366506944455197e-23, nan 
-3.375, -54.125, 2.0920765416356328e-23, nan 
-3.125, -54.125, 2.0291805895355428e-23, nan 
-2.875, -54.125, 7.651646081217887e-24, nan 
-2.625, -54.125, 8.12046729969234e-24, nan 
-2.375, -54.125, 9.261182027457019e-24, nan 
-2.125, -54.125, 8.299771638262e-24, nan 
-1.875, -54.125, 9.27465815834563e-24, nan 
-1.625, -54.125, 9.032778226195606e-24, nan 
-1.375, -54.125, 6.728524594876742e-24, nan 
-1.125, -54.125, 7.284317480840444e-24, nan 
-0.875, -54.125, 7.555802769259025e-24, nan 
-0.625, -54.125, 3.7804536289685785e-23, nan 
-0.375, -54.125, 3.9730523198117175e-23, nan 
-0.125, -54.125, 2.690432549444948e-23, nan 
0.125, -54.125, 5.298717609349157e-23, nan 
-6.375, -53.875, 8.484201716243767e-24, nan 
-6.125, -53.875, 5.45714712061486e-24, nan 
-5.875, -53.875, 1.8974647190385047e-24, nan 
-5.625, -53.875, 2.4928671051782545e-24, nan 
-5.375, -53.875, 2.3206522147065123e-24, nan 
-5.125, -53.875, 2.898735504231064e-23, nan 
-4.875, -53.875, 4.617408308531517e-23, nan 
-4.625, -53.875, 2.6542488552045983e-23, nan 
-4.375, -53.875, 6.12346106671667e-24, nan 
-4.125, -53.875, 2.0503364018312253e-24, nan 
-3.875, -53.875, 6.867862379512587e-24, nan 
-3.625, -53.875, 9.206387174549302e-24, nan 
-3.375, -53.875, 8.900572375027932e-24, nan 
-3.125, -53.875, 1.2069142227842415e-23, nan 
-2.875, -53.875, 6.784100310706173e-24, nan 
-2.625, -53.875, 3.8584266775291074e-24, nan 
-2.375, -53.875, 6.287160877953495e-24, nan 
-2.125, -53.875, 4.283419504178777e-24, nan 
-1.875, -53.875, 7.999629414469357e-24, nan 
-1.625, -53.875, 6.973502791877242e-24, nan 
-1.375, -53.875, 4.3549243222644916e-24, nan 
-1.125, -53.875, 5.296197683351311e-24, nan 
-0.875, -53.875, 6.931799136748338e-24, nan 
-0.625, -53.875, 7.023835332384156e-24, nan 
-0.375, -53.875, 2.1457531696528238e-23, nan 
-0.125, -53.875, 2.703667903920228e-23, nan 
0.125, -53.875, 2.6549986677558143e-23, nan 
-6.125, -53.625, 1.0531922895585033e-23, nan 
-5.875, -53.625, 4.974688845738709e-24, nan 
-5.625, -53.625, 5.7409401024017424e-24, nan 
-5.375, -53.625, 6.79827212683164e-24, nan 
-5.125, -53.625, 1.9056739315649208e-24, nan 
-4.875, -53.625, 1.6311468422075343e-23, nan 
-4.625, -53.625, 8.65400295687457e-24, nan 
-4.375, -53.625, 8.540213537396698e-24, nan 
-4.125, -53.625, 6.605525811073642e-24, nan 
-3.875, -53.625, 3.642913599054389e-24, nan 
-3.625, -53.625, 7.45452183584274e-24, nan 
-3.375, -53.625, 8.522419976057675e-24, nan 
-3.125, -53.625, 1.3182336995668348e-23, nan 
-2.875, -53.625, 1.3285899450948046e-23, nan 
-2.625, -53.625, 7.524938207687884e-24, nan 
-2.375, -53.625, 7.619609277018373e-24, nan 
-2.125, -53.625, 9.624030147322666e-24, nan 
-1.875, -53.625, 1.355928533844603e-23, nan 
-1.625, -53.625, 3.001944977115777e-23, nan 
-1.375, -53.625, 2.8020464240746324e-23, nan 
-1.125, -53.625, 2.1222492752098315e-23, nan 
-0.875, -53.625, 7.123825976086988e-24, nan 
-0.625, -53.625, 6.939977437795263e-24, nan 
-0.375, -53.625, 7.604104810205056e-24, nan 
-0.125, -53.625, 8.95810513933271e-24, nan 
-5.875, -53.375, 1.847939804734211e-23, nan 
-5.625, -53.375, 9.403631946700104e-24, nan 
-5.375, -53.375, 9.341742794524985e-24, nan 
-5.125, -53.375, 9.10074205114671e-24, nan 
-4.875, -53.375, 7.751928018837792e-24, nan 
-4.625, -53.375, 8.21947235193815e-24, nan 
-4.375, -53.375, 5.162041273796208e-24, nan 
-4.125, -53.375, 9.377923828667439e-24, nan 
-3.875, -53.375, 7.89413274802314e-24, nan 
-3.625, -53.375, 5.525110982761986e-24, nan 
-3.375, -53.375, 1.1366057702962735e-23, nan 
-3.125, -53.375, 1.0711399472608981e-23, nan 
-2.875, -53.375, 1.0562142700947332e-23, nan 
-2.625, -53.375, 8.770269553643385e-24, nan 
-2.375, -53.375, 5.239816033113802e-24, nan 
-2.125, -53.375, 8.315723174041444e-24, nan 
-1.875, -53.375, 3.3690990960704136e-23, nan 
-1.625, -53.375, 4.2985542206095184e-23, nan 
-1.375, -53.375, 3.02953532155111e-23, nan 
-1.125, -53.375, 3.517203196990603e-23, nan 
-0.875, -53.375, 2.5233657915240283e-23, nan 
-0.625, -53.375, 5.746964044335448e-24, nan 
-0.375, -53.375, 5.087995697310942e-24, nan 
-0.125, -53.375, 5.34091923093188e-24, nan 
-5.625, -53.125, 1.807154980534463e-23, nan 
-5.375, -53.125, 1.0244497841269757e-23, nan 
-5.125, -53.125, 1.633011815574415e-23, nan 
-4.875, -53.125, 1.7536632887988807e-23, nan 
-4.625, -53.125, 9.579619520171803e-24, nan 
-4.375, -53.125, 6.2028377586912904e-24, nan 
-4.125, -53.125, 4.750336164555177e-24, nan 
-3.875, -53.125, 4.5691119776619656e-24, nan 
-3.625, -53.125, 4.870479631965885e-24, nan 
-3.375, -53.125, 6.942216853032381e-24, nan 
-3.125, -53.125, 8.099752037082149e-24, nan 
-2.875, -53.125, 5.5604840781317495e-24, nan 
-2.625, -53.125, 5.959102945375566e-24, nan 
-2.375, -53.125, 6.196728346629079e-24, nan 
-2.125, -53.125, 9.945592428395416e-24, nan 
-1.875, -53.125, 2.8282011050123045e-23, nan 
-1.625, -53.125, 3.4848487943974514e-23, nan 
-1.375, -53.125, 2.763017160617343e-23, nan 
-1.125, -53.125, 2.985346866422866e-23, nan 
-0.875, -53.125, 1.9679853470289424e-23, nan 
-0.625, -53.125, 5.205963339180256e-24, nan 
-0.375, -53.125, 4.4682617748264984e-24, nan 
-5.375, -52.875, 4.236652041220247e-23, nan 
-5.125, -52.875, 4.3870372282339405e-23, nan 
-4.875, -52.875, 3.229135519741595e-23, nan 
-4.625, -52.875, 2.4137921948242638e-23, nan 
-4.375, -52.875, 3.041916200362001e-23, nan 
-4.125, -52.875, 1.2211366753988584e-23, nan 
-3.875, -52.875, 7.483530364484127e-24, nan 
-3.625, -52.875, 6.5603166927954886e-24, nan 
-3.375, -52.875, 7.86014581044929e-24, nan 
-3.125, -52.875, 1.0929686423377726e-23, nan 
-2.875, -52.875, 7.787553805671313e-24, nan 
-2.625, -52.875, 5.071188684135314e-24, nan 
-2.375, -52.875, 4.2792588423364625e-24, nan 
-2.125, -52.875, 7.21622522687511e-24, nan 
-1.875, -52.875, 8.617126505242485e-24, nan 
-1.625, -52.875, 2.3074540919689255e-23, nan 
-1.375, -52.875, 2.39162205095274e-23, nan 
-1.125, -52.875, 1.917307955353976e-23, nan 
-0.875, -52.875, 1.018376822561009e-23, nan 
-0.625, -52.875, 6.787258378318714e-24, nan 
-0.375, -52.875, 2.6203229399264843e-24, nan 
-5.375, -52.625, 5.889147628249325e-23, nan 
-5.125, -52.625, 3.264436242385016e-23, nan 
-4.875, -52.625, 1.748266254513085e-23, nan 
-4.625, -52.625, 1.593987469484325e-23, nan 
-4.375, -52.625, 3.251627888655403e-23, nan 
-4.125, -52.625, 2.7344475825663215e-23, nan 
-3.875, -52.625, 7.35628176209959e-24, nan 
-3.625, -52.625, 1.7035621908030306e-24, nan 
-3.375, -52.625, 1.0444781212517747e-23, nan 
-3.125, -52.625, 1.1336979775460998e-23, nan 
-2.875, -52.625, 2.921267598648279e-24, nan 
-2.625, -52.625, 3.453074682178693e-24, nan 
-2.375, -52.625, 3.0981965188793842e-24, nan 
-2.125, -52.625, 2.5557309216018454e-24, nan 
-1.875, -52.625, 4.81613702836371e-24, nan 
-1.625, -52.625, 7.315978302601082e-24, nan 
-1.375, -52.625, 6.859925312016815e-24, nan 
-1.125, -52.625, 5.876459984324808e-24, nan 
-0.875, -52.625, 6.638895908662374e-24, nan 
-0.625, -52.625, 6.4246408390253446e-24, nan 
-0.375, -52.625, 1.5834855486794561e-24, nan 
-5.125, -52.375, 4.400163857467246e-24, nan 
-4.875, -52.375, 3.433949773646618e-24, nan 
-4.625, -52.375, 3.007557892938688e-24, nan 
-4.375, -52.375, 3.782598133463318e-24, nan 
-4.125, -52.375, 2.651115603169771e-23, nan 
-3.875, -52.375, 2.5416033164367264e-23, nan 
-3.625, -52.375, 7.08568793296585e-24, nan 
-3.375, -52.375, 6.3807655311221295e-24, nan 
-3.125, -52.375, 2.939000631842872e-24, nan 
-2.875, -52.375, 1.9434549317118962e-24, nan 
-2.625, -52.375, 3.702273428171475e-24, nan 
-2.375, -52.375, 5.434425365645992e-24, nan 
-2.125, -52.375, 4.389953938520641e-24, nan 
-1.875, -52.375, 6.280824351334943e-24, nan 
-1.625, -52.375, 9.805768286370435e-24, nan 
-1.375, -52.375, 7.887439450960806e-24, nan 
-1.125, -52.375, 7.769293841259479e-24, nan 
-0.875, -52.375, 7.121337030965896e-24, nan 
-0.625, -52.375, 7.003790104726472e-24, nan 
-4.875, -52.125, 1.493407440299488e-24, nan 
-4.625, -52.125, 1.7475516236582132e-24, nan 
-4.375, -52.125, 3.829656986293464e-24, nan 
-4.125, -52.125, 6.0317569600192925e-24, nan 
-3.875, -52.125, 2.4290881615712672e-23, nan 
-3.625, -52.125, 2.15397157260283e-23, nan 
-3.375, -52.125, 4.3027615130408614e-24, nan 
-3.125, -52.125, 3.1884259158485432e-24, nan 
-2.875, -52.125, 1.9019670416597102e-24, nan 
-2.625, -52.125, 3.890884628944355e-24, nan 
-2.375, -52.125, 4.5733498643270864e-24, nan 
-2.125, -52.125, 2.268816297523859e-24, nan 
-1.875, -52.125, 7.051634981865941e-24, nan 
-1.625, -52.125, 9.40145385285693e-24, nan 
-1.375, -52.125, 7.66331248315503e-24, nan 
-1.125, -52.125, 1.1962390447864965e-23, nan 
-0.875, -52.125, 1.1009473748713404e-23, nan 
-0.625, -52.125, 6.090014334969538e-24, nan 
-4.625, -51.875, 3.631653454298191e-24, nan 
-4.375, -51.875, 5.524801140823905e-24, nan 
-4.125, -51.875, 1.8292548432448964e-23, nan 
-3.875, -51.875, 2.807756211387523e-23, nan 
-3.625, -51.875, 2.1031700432815955e-23, nan 
-3.375, -51.875, 4.705069388155982e-24, nan 
-3.125, -51.875, 2.7286828614243777e-24, nan 
-2.875, -51.875, 2.5883282627339627e-24, nan 
-2.625, -51.875, 3.935143467107422e-24, nan 
-2.375, -51.875, 4.671024678902548e-24, nan 
-2.125, -51.875, 4.646513130748432e-24, nan 
-1.875, -51.875, 4.900700934838571e-24, nan 
-1.625, -51.875, 2.9153952967996583e-24, nan 
-1.375, -51.875, 2.3539918714784675e-24, nan 
-1.125, -51.875, 1.1989742787667027e-23, nan 
-0.875, -51.875, 1.3755968437410687e-23, nan 
-4.375, -51.625, 3.194197050652021e-23, nan 
-4.125, -51.625, 3.151588820352307e-23, nan 
-3.875, -51.625, 2.2007940176777866e-23, nan 
-3.625, -51.625, 1.228248831955538e-23, nan 
-3.375, -51.625, 1.1811978625584715e-23, nan 
-3.125, -51.625, 7.998201513721368e-24, nan 
-2.875, -51.625, 2.268053573560083e-24, nan 
-2.625, -51.625, 3.0513197661572e-24, nan 
-2.375, -51.625, 4.988434376151488e-24, nan 
-2.125, -51.625, 6.5985359162151675e-24, nan 
-1.875, -51.625, 6.646639983953919e-24, nan 
-1.625, -51.625, 6.180611790824003e-24, nan 
-1.375, -51.625, 4.218029639244403e-24, nan 
-1.125, -51.625, 4.8216791159788735e-24, nan 
-0.875, -51.625, 5.9055355623563826e-24, nan 
-4.125, -51.375, 6.761378152671246e-24, nan 
-3.875, -51.375, 6.854069350826588e-24, nan 
-3.625, -51.375, 5.968426720788989e-24, nan 
-3.375, -51.375, 3.688214539647876e-24, nan 
-3.125, -51.375, 3.348811858168195e-24, nan 
-2.875, -51.375, 2.684774188858357e-24, nan 
-2.625, -51.375, 5.79974098080563e-24, nan 
-2.375, -51.375, 6.969614538442274e-24, nan 
-2.125, -51.375, 1.0744789923463463e-23, nan 
-1.875, -51.375, 4.7581861359834625e-24, nan 
-1.625, -51.375, 5.675676081842986e-24, nan 
-1.375, -51.375, 4.085920813118196e-24, nan 
-1.125, -51.375, 4.1184160365201014e-24, nan 
-4.125, -51.125, 3.1558082144684154e-24, nan 
-3.875, -51.125, 2.3716683769280293e-24, nan 
-3.625, -51.125, 1.969823804687636e-24, nan 
-3.375, -51.125, 2.4823028863695858e-24, nan 
-3.125, -51.125, 3.665105296762229e-24, nan 
-2.875, -51.125, 3.0028973201026537e-24, nan 
-2.625, -51.125, 4.637370585724469e-24, nan 
-2.375, -51.125, 1.044384577326886e-23, nan 
-2.125, -51.125, 2.6344719620038796e-23, nan 
-1.875, -51.125, 2.2274483446750707e-23, nan 
-1.625, -51.125, 3.1438079601889797e-24, nan 
-1.375, -51.125, 2.5133576269976466e-24, nan 
-1.125, -51.125, 2.507256669326014e-24, nan 
-3.875, -50.875, 3.849565874850232e-24, nan 
-3.625, -50.875, 5.4906390964403104e-24, nan 
-3.375, -50.875, 4.724147096017045e-24, nan 
-3.125, -50.875, 5.12574899869334e-24, nan 
-2.875, -50.875, 5.896770173724097e-24, nan 
-2.625, -50.875, 7.985361088759249e-24, nan 
-2.375, -50.875, 3.6931647446718756e-23, nan 
-2.125, -50.875, 5.038280042636634e-23, nan 
-1.875, -50.875, 4.5596221805012686e-23, nan 
-1.625, -50.875, 3.4573521886800816e-23, nan 
-1.375, -50.875, 3.314078090466586e-24, nan 
-1.125, -50.875, 5.866066881669702e-24, nan 
-3.625, -50.625, 9.804356089395064e-24, nan 
-3.375, -50.625, 4.4280822265455375e-24, nan 
-3.125, -50.625, 4.553341645100411e-24, nan 
-2.875, -50.625, 5.639579814314184e-24, nan 
-2.625, -50.625, 5.5104092863459295e-24, nan 
-2.375, -50.625, 4.6658187095742704e-24, nan 
-2.125, -50.625, 2.660395241385646e-23, nan 
-1.875, -50.625, 1.9107870777340563e-23, nan 
-1.625, -50.625, 3.984442375678574e-24, nan 
-1.375, -50.625, 5.746649435894087e-24, nan 
-3.375, -50.375, 2.0551553123251154e-23, nan 
-3.125, -50.375, 3.697809545072219e-24, nan 
-2.875, -50.375, 5.122119070334718e-24, nan 
-2.625, -50.375, 6.436017671418691e-24, nan 
-2.375, -50.375, 5.6297315237441865e-24, nan 
-2.125, -50.375, 3.728444191393669e-24, nan 
-1.875, -50.375, 3.1577900473384226e-24, nan 
-1.625, -50.375, 5.4342084113721866e-24, nan 
-1.375, -50.375, 8.761300935131996e-24, nan 
-3.125, -50.125, 2.785071848677475e-23, nan 
-2.875, -50.125, 1.258573610858209e-23, nan 
-2.625, -50.125, 6.119041023978903e-24, nan 
-2.375, -50.125, 4.2782894956820776e-24, nan 
-2.125, -50.125, 3.1290941047149513e-24, nan 
-1.875, -50.125, 7.674053209110784e-24, nan 
-1.625, -50.125, 1.1122751419222452e-23, nan 
-2.875, -49.875, 4.9549429953865074e-23, nan 
-2.625, -49.875, 4.726447890671559e-23, nan 
-2.375, -49.875, 4.840277160793004e-23, nan 
-2.125, -49.875, 3.330451809639459e-23, nan 
-1.875, -49.875, 1.8272697110437364e-23, nan 
-2.625, -49.625, 4.863063013950646e-23, 4.872131870447412e-23 
-2.375, -49.625, 5.565039717795266e-23, 5.575744779990163e-23 
-2.125, -49.625, 5.622697014869474e-23, 5.633661825026683e-23 
-1.875, -49.625, 5.033343483037894e-23, 5.043292226307351e-23 
-2.375, -49.375, 8.012452116057225e-24, 8.025607610450773e-24 
-2.125, -49.375, 4.115770036119103e-23, 4.122636615187695e-23 
-2.375, -49.125, 4.956480342754562e-23, 4.9632218156000236e-23 
-2.125, -49.125, 6.122149325949051e-23, 6.130662314933525e-23 
