# lon_gridpoint [deg], lat_gridpoint [deg], P_R_modelGRS [W], P_R_modelFREND [W] 
-54.125, -82.625, 3.8974750398089225e-24, nan 
-53.875, -82.625, 4.081360216240595e-24, nan 
-53.625, -82.625, 3.956069328564351e-24, nan 
-53.375, -82.625, 3.26003437516145e-24, nan 
-53.125, -82.625, 3.0452054658999775e-24, nan 
-52.875, -82.625, 2.920091525661639e-24, nan 
-52.625, -82.625, 2.7889273502476078e-24, nan 
-52.375, -82.625, 2.846366061407878e-24, nan 
-52.125, -82.625, 2.634264748989849e-24, nan 
-51.875, -82.625, 2.562740742693153e-24, nan 
-51.625, -82.625, 2.7690471450597887e-24, nan 
-51.375, -82.625, 2.9673934658459968e-24, nan 
-51.125, -82.625, 3.2197902903796355e-24, nan 
-50.875, -82.625, 3.2528056003725e-24, nan 
-50.625, -82.625, 3.7229269530168024e-24, nan 
-50.375, -82.625, 3.618564029561431e-24, nan 
-50.125, -82.625, 2.8091147105056756e-24, nan 
-49.875, -82.625, 2.455368040823026e-24, nan 
-49.625, -82.625, 2.713834321691788e-24, nan 
-49.375, -82.625, 3.559446144449798e-24, nan 
-49.125, -82.625, 3.71703930442376e-24, nan 
-48.875, -82.625, 4.29503781119515e-24, nan 
-48.625, -82.625, 4.955104647746129e-24, nan 
-48.375, -82.625, 4.2148702096722055e-24, nan 
-48.125, -82.625, 2.8888462704682362e-24, nan 
-47.875, -82.625, 2.5377704799293715e-24, nan 
-47.625, -82.625, 2.628559447926938e-24, nan 
-47.375, -82.625, 2.826825961095608e-24, nan 
-47.125, -82.625, 2.8241184868059212e-24, nan 
-46.875, -82.625, 8.603452834222094e-25, nan 
-46.625, -82.625, 1.8027794820985825e-24, nan 
-46.375, -82.625, 4.19699140556792e-24, nan 
-46.125, -82.625, 4.492594395975818e-24, nan 
-45.875, -82.625, 3.8769899223402326e-24, nan 
-45.625, -82.625, 3.979240041239824e-24, nan 
-45.375, -82.625, 4.355049044774192e-24, nan 
-45.125, -82.625, 4.7332104448214764e-24, nan 
-44.875, -82.625, 3.918893512667167e-24, nan 
-44.625, -82.625, 4.179714653992589e-24, nan 
-44.375, -82.625, 5.214012285797627e-24, nan 
-44.125, -82.625, 5.371024218403598e-24, nan 
-43.875, -82.625, 5.1836878015551804e-24, nan 
-43.625, -82.625, 5.262965695044957e-24, nan 
-43.375, -82.625, 5.37653872441094e-24, nan 
-43.125, -82.625, 5.290011602448498e-24, nan 
-42.875, -82.625, 5.534835981221185e-24, nan 
-42.625, -82.625, 5.621471096026689e-24, nan 
-42.375, -82.625, 5.721050215539104e-24, nan 
-42.125, -82.625, 5.35167334809473e-24, nan 
-41.875, -82.625, 3.5367043881023015e-24, nan 
-41.625, -82.625, 3.2382867196724905e-24, nan 
-41.375, -82.625, 3.4641236915677795e-24, nan 
-41.125, -82.625, 4.079855645179758e-24, nan 
-40.875, -82.625, 4.3406697230052006e-24, nan 
-40.625, -82.625, 4.578800548016088e-24, nan 
-40.375, -82.625, 4.241378626384806e-24, nan 
-40.125, -82.625, 2.7636407470623546e-24, nan 
-39.875, -82.625, 2.2553444540120995e-24, nan 
-61.875, -82.375, 1.2268851835218086e-24, nan 
-61.625, -82.375, 1.6208522804294134e-24, nan 
-61.375, -82.375, 1.4617857646254723e-24, nan 
-61.125, -82.375, 1.5368834678948924e-24, nan 
-60.875, -82.375, 1.3808826980283457e-24, nan 
-60.625, -82.375, 2.025934573710754e-24, nan 
-60.375, -82.375, 2.291444540784859e-24, nan 
-60.125, -82.375, 2.1611723559463966e-24, nan 
-59.875, -82.375, 2.2437676577564757e-24, nan 
-59.625, -82.375, 2.559086362307555e-24, nan 
-59.375, -82.375, 3.338501829101122e-24, nan 
-59.125, -82.375, 2.1243207716869155e-24, nan 
-58.875, -82.375, 1.6460715071288388e-24, nan 
-58.625, -82.375, 1.8499710226785496e-24, nan 
-58.375, -82.375, 2.2446206519767634e-24, nan 
-58.125, -82.375, 2.4210789689613787e-24, nan 
-57.875, -82.375, 2.3586127684433155e-24, nan 
-57.625, -82.375, 2.7911023878253346e-24, nan 
-57.375, -82.375, 2.2111535641054935e-24, nan 
-57.125, -82.375, 1.2938535923892748e-24, nan 
-56.875, -82.375, 1.5266796200208671e-24, nan 
-56.625, -82.375, 1.0481530155628859e-24, nan 
-56.375, -82.375, 6.9529308573793695e-25, nan 
-56.125, -82.375, 4.846474977305903e-25, nan 
-55.875, -82.375, 4.541274869722817e-25, nan 
-55.625, -82.375, 7.280289674044973e-25, nan 
-55.375, -82.375, 1.1867840630944408e-24, nan 
-55.125, -82.375, 2.4477364244972277e-24, nan 
-54.875, -82.375, 2.7382790864953085e-24, nan 
-54.625, -82.375, 2.328876506327515e-24, nan 
-54.375, -82.375, 2.8196068738046624e-24, nan 
-54.125, -82.375, 3.2791577812950168e-24, nan 
-53.875, -82.375, 3.1426356712075008e-24, nan 
-53.625, -82.375, 2.874316989385675e-24, nan 
-53.375, -82.375, 3.3788488342568636e-24, nan 
-53.125, -82.375, 3.402741102939683e-24, nan 
-52.875, -82.375, 2.9064034609499255e-24, nan 
-52.625, -82.375, 3.6699076434929364e-24, nan 
-52.375, -82.375, 3.794768259512604e-24, nan 
-52.125, -82.375, 3.561386692830597e-24, nan 
-51.875, -82.375, 3.398591474459655e-24, nan 
-51.625, -82.375, 3.440610080704893e-24, nan 
-51.375, -82.375, 3.1302249560937476e-24, nan 
-51.125, -82.375, 3.4514766812870825e-24, nan 
-50.875, -82.375, 3.3983324491092236e-24, nan 
-50.625, -82.375, 3.2609847328789284e-24, nan 
-50.375, -82.375, 3.0422929699973746e-24, nan 
-50.125, -82.375, 2.4626469363563974e-24, nan 
-49.875, -82.375, 2.9480291644871496e-24, nan 
-49.625, -82.375, 3.624476023106777e-24, nan 
-49.375, -82.375, 5.162503213972743e-24, nan 
-49.125, -82.375, 4.923342960488655e-24, nan 
-48.875, -82.375, 5.0365673485621465e-24, nan 
-48.625, -82.375, 6.472947977344187e-24, nan 
-48.375, -82.375, 4.7833279891499374e-24, nan 
-48.125, -82.375, 2.2689150464416146e-24, nan 
-47.875, -82.375, 2.50129886753777e-24, nan 
-47.625, -82.375, 3.446194178343977e-24, nan 
-47.375, -82.375, 3.406858820773541e-24, nan 
-47.125, -82.375, 3.404824163965391e-24, nan 
-46.875, -82.375, 5.837262143219513e-24, nan 
-46.625, -82.375, 4.828356597207419e-24, nan 
-46.375, -82.375, 3.254917665122908e-24, nan 
-46.125, -82.375, 2.94764374998179e-24, nan 
-45.875, -82.375, 3.0631244038691074e-24, nan 
-45.625, -82.375, 2.8934171842663857e-24, nan 
-45.375, -82.375, 2.7890968315643385e-24, nan 
-45.125, -82.375, 4.47877527985058e-24, nan 
-44.875, -82.375, 3.604826986517637e-24, nan 
-44.625, -82.375, 1.0083449401554083e-24, nan 
-44.375, -82.375, 1.1264799166767596e-24, nan 
-44.125, -82.375, 2.0522546877627453e-24, nan 
-43.875, -82.375, 1.7050416226558272e-24, nan 
-43.625, -82.375, 1.7637485146548966e-24, nan 
-43.375, -82.375, 2.490348746141096e-24, nan 
-43.125, -82.375, 2.7578924914356397e-24, nan 
-42.875, -82.375, 3.0971051417611172e-24, nan 
-42.625, -82.375, 3.372700791403187e-24, nan 
-42.375, -82.375, 3.32209431205945e-24, nan 
-42.125, -82.375, 2.902535791085277e-24, nan 
-41.875, -82.375, 2.2849596220727117e-24, nan 
-41.625, -82.375, 3.165198238389026e-24, nan 
-41.375, -82.375, 3.5147216716177995e-24, nan 
-41.125, -82.375, 4.123994464423031e-24, nan 
-40.875, -82.375, 4.785676917679534e-24, nan 
-40.625, -82.375, 4.939753211049319e-24, nan 
-40.375, -82.375, 4.932813934325791e-24, nan 
-40.125, -82.375, 4.409416514819697e-24, nan 
-39.875, -82.375, 4.1719304161295176e-24, nan 
-39.625, -82.375, 3.605721749759175e-24, nan 
-39.375, -82.375, 3.375305294243469e-24, nan 
-39.125, -82.375, 3.048100476039189e-24, nan 
-38.875, -82.375, 3.1389721514530166e-24, nan 
-38.625, -82.375, 3.358657959226222e-24, nan 
-38.375, -82.375, 4.050434182905181e-24, nan 
-38.125, -82.375, 4.036126196258428e-24, nan 
-37.875, -82.375, 3.2820703462034804e-24, nan 
-37.625, -82.375, 2.7670010577422705e-24, nan 
-37.375, -82.375, 1.7587178175562534e-24, nan 
-37.125, -82.375, 1.525155653343491e-24, nan 
-36.875, -82.375, 1.5304222674289553e-24, nan 
-36.625, -82.375, 1.4692809794969763e-24, nan 
-36.375, -82.375, 1.3515137753246336e-24, nan 
-36.125, -82.375, 1.0515336274754436e-24, nan 
-35.875, -82.375, 6.11763471218354e-25, nan 
-35.625, -82.375, 6.523097685035825e-25, nan 
-35.375, -82.375, 9.620067401226293e-25, nan 
-35.125, -82.375, 9.61426715539573e-25, nan 
-34.875, -82.375, 1.2649657907941995e-24, nan 
-34.625, -82.375, 1.0958579597122692e-24, nan 
-34.375, -82.375, 1.0737316904461536e-24, nan 
-34.125, -82.375, 1.0655034662066365e-24, nan 
-33.875, -82.375, 8.530024601236539e-25, nan 
-33.625, -82.375, 3.285901492728611e-25, nan 
-33.375, -82.375, 6.341166852295752e-25, nan 
-33.125, -82.375, 1.3522442390649153e-24, nan 
-32.875, -82.375, 1.4628846368799038e-24, nan 
-32.625, -82.375, 1.0454430016206569e-24, nan 
-32.375, -82.375, 9.228271600929705e-25, nan 
-32.125, -82.375, 1.780626822119376e-24, nan 
-66.375, -82.125, 3.959458039844492e-24, nan 
-66.125, -82.125, 3.542455962330679e-24, nan 
-65.875, -82.125, 3.0924926535914e-24, nan 
-65.625, -82.125, 2.4306950638830405e-24, nan 
-65.375, -82.125, 2.1381589546165836e-24, nan 
-65.125, -82.125, 2.1446789809965854e-24, nan 
-64.875, -82.125, 1.9762830805523773e-24, nan 
-64.625, -82.125, 3.0906797540716215e-24, nan 
-64.375, -82.125, 2.4413202048464435e-24, nan 
-64.125, -82.125, 2.023556254839937e-24, nan 
-63.875, -82.125, 1.6572352805734438e-24, nan 
-63.625, -82.125, 1.8551415474404356e-24, nan 
-63.375, -82.125, 2.5665495881162635e-24, nan 
-63.125, -82.125, 2.887908297956628e-24, nan 
-62.875, -82.125, 3.352824734251671e-24, nan 
-62.625, -82.125, 1.625636627720335e-24, nan 
-62.375, -82.125, 7.509526729491267e-25, nan 
-62.125, -82.125, 1.4187651055706045e-24, nan 
-61.875, -82.125, 2.0060248556862422e-24, nan 
-61.625, -82.125, 2.3201302388528534e-24, nan 
-61.375, -82.125, 2.614699904123278e-24, nan 
-61.125, -82.125, 2.717532247804237e-24, nan 
-60.875, -82.125, 1.7859714380825995e-24, nan 
-60.625, -82.125, 2.1384089215878706e-24, nan 
-60.375, -82.125, 1.3189720090229178e-24, nan 
-60.125, -82.125, 1.5068407093029392e-24, nan 
-59.875, -82.125, 2.2592168202274863e-24, nan 
-59.625, -82.125, 3.038931211455758e-24, nan 
-59.375, -82.125, 3.533175120003427e-24, nan 
-59.125, -82.125, 1.9509725978699335e-24, nan 
-58.875, -82.125, 2.0848288032482918e-24, nan 
-58.625, -82.125, 1.2154181516402324e-24, nan 
-58.375, -82.125, 1.3998917834295267e-24, nan 
-58.125, -82.125, 1.975531022474333e-24, nan 
-57.875, -82.125, 2.460793743464899e-24, nan 
-57.625, -82.125, 3.1458913023128785e-24, nan 
-57.375, -82.125, 2.28439313272374e-24, nan 
-57.125, -82.125, 1.8861986829995852e-24, nan 
-56.875, -82.125, 1.813481226134288e-24, nan 
-56.625, -82.125, 1.4980865394712872e-24, nan 
-56.375, -82.125, 1.2216133755899777e-24, nan 
-56.125, -82.125, 8.196312235405798e-25, nan 
-55.875, -82.125, 1.0077167421404712e-24, nan 
-55.625, -82.125, 1.3214391487498927e-24, nan 
-55.375, -82.125, 1.3283306135035076e-24, nan 
-55.125, -82.125, 1.2164715013365846e-24, nan 
-54.875, -82.125, 1.1892838591463275e-24, nan 
-54.625, -82.125, 1.3006881160966834e-24, nan 
-54.375, -82.125, 1.0899766094138428e-24, nan 
-54.125, -82.125, 8.561923294494953e-25, nan 
-53.875, -82.125, 9.987010186310448e-25, nan 
-53.625, -82.125, 1.4379552851914417e-24, nan 
-53.375, -82.125, 2.4975192643843384e-24, nan 
-53.125, -82.125, 2.5466192373872193e-24, nan 
-52.875, -82.125, 2.365278425007606e-24, nan 
-52.625, -82.125, 2.7054076743286435e-24, nan 
-52.375, -82.125, 2.7178822094542172e-24, nan 
-52.125, -82.125, 2.5291409066243055e-24, nan 
-51.875, -82.125, 2.325201554042541e-24, nan 
-51.625, -82.125, 2.0489279135180373e-24, nan 
-51.375, -82.125, 1.4974778818999361e-24, nan 
-51.125, -82.125, 1.1735343280633652e-24, nan 
-50.875, -82.125, 8.414063369911258e-25, nan 
-50.625, -82.125, 6.649451701269527e-25, nan 
-50.375, -82.125, 5.21319349478041e-25, nan 
-50.125, -82.125, 2.6338297764798363e-25, nan 
-49.875, -82.125, 4.147849592300576e-25, nan 
-49.625, -82.125, 9.508926190154202e-25, nan 
-49.375, -82.125, 1.691280870629318e-24, nan 
-49.125, -82.125, 1.679893727850878e-24, nan 
-48.875, -82.125, 1.6021962331978631e-24, nan 
-48.625, -82.125, 1.576630658937493e-24, nan 
-48.375, -82.125, 9.855571608714854e-25, nan 
-48.125, -82.125, 9.476909345829954e-25, nan 
-47.875, -82.125, 8.331616825605516e-25, nan 
-47.625, -82.125, 9.622585982730666e-25, nan 
-47.375, -82.125, 6.018851042005461e-25, nan 
-47.125, -82.125, 5.109207012400656e-25, nan 
-46.875, -82.125, 2.698807398982229e-24, nan 
-46.625, -82.125, 2.528201567914787e-24, nan 
-46.375, -82.125, 1.1942482324711898e-24, nan 
-46.125, -82.125, 1.1128428810581996e-24, nan 
-45.875, -82.125, 1.8878083928208232e-24, nan 
-45.625, -82.125, 1.5138439674757727e-24, nan 
-45.375, -82.125, 8.338913731631045e-25, nan 
-45.125, -82.125, 5.66734901732649e-25, nan 
-44.875, -82.125, 7.21758045780122e-25, nan 
-44.625, -82.125, 6.121285995912913e-25, nan 
-44.375, -82.125, 3.352026165116059e-25, nan 
-44.125, -82.125, 2.399094119993078e-25, nan 
-43.875, -82.125, 3.102929346125614e-25, nan 
-43.625, -82.125, 2.912971879649587e-25, nan 
-43.375, -82.125, 9.74192752780258e-25, nan 
-43.125, -82.125, 1.3713445559901053e-24, nan 
-42.875, -82.125, 9.282306503766061e-25, nan 
-42.625, -82.125, 3.849533171918114e-25, nan 
-42.375, -82.125, 5.310265647260529e-25, nan 
-42.125, -82.125, 5.529742054145785e-25, nan 
-41.875, -82.125, 1.4398743196117353e-24, nan 
-41.625, -82.125, 2.324716446162644e-24, nan 
-41.375, -82.125, 2.519141461449619e-24, nan 
-41.125, -82.125, 2.7113142304838342e-24, nan 
-40.875, -82.125, 3.020623429008192e-24, nan 
-40.625, -82.125, 3.3038479003532687e-24, nan 
-40.375, -82.125, 3.595012084562281e-24, nan 
-40.125, -82.125, 3.498211914881839e-24, nan 
-39.875, -82.125, 3.3942800309544154e-24, nan 
-39.625, -82.125, 3.133905064329338e-24, nan 
-39.375, -82.125, 3.350413480612027e-24, nan 
-39.125, -82.125, 2.7830147858028937e-24, nan 
-38.875, -82.125, 2.1620069501101668e-24, nan 
-38.625, -82.125, 2.1255921596713046e-24, nan 
-38.375, -82.125, 2.1794298038944138e-24, nan 
-38.125, -82.125, 2.3294169622629015e-24, nan 
-37.875, -82.125, 1.855060389788981e-24, nan 
-37.625, -82.125, 1.739066423486118e-24, nan 
-37.375, -82.125, 1.4087031485360188e-24, nan 
-37.125, -82.125, 1.4245725650540205e-24, nan 
-36.875, -82.125, 1.7011427421481583e-24, nan 
-36.625, -82.125, 1.3516174311146258e-24, nan 
-36.375, -82.125, 1.382919209916962e-24, nan 
-36.125, -82.125, 1.2611229623758454e-24, nan 
-35.875, -82.125, 1.3939538728166493e-24, nan 
-35.625, -82.125, 1.4026841705708569e-24, nan 
-35.375, -82.125, 1.5652944840819188e-24, nan 
-35.125, -82.125, 1.4187647622071965e-24, nan 
-34.875, -82.125, 1.3263292986566216e-24, nan 
-34.625, -82.125, 1.2561250731281506e-24, nan 
-34.375, -82.125, 1.1276452208285705e-24, nan 
-34.125, -82.125, 1.3405178160639797e-24, nan 
-33.875, -82.125, 1.7851441574602777e-24, nan 
-33.625, -82.125, 1.885028783102983e-24, nan 
-33.375, -82.125, 1.8152632309257564e-24, nan 
-33.125, -82.125, 1.3279157324760959e-24, nan 
-32.875, -82.125, 5.538696961862739e-25, nan 
-32.625, -82.125, 4.240696587327721e-25, nan 
-32.375, -82.125, 8.61474812230225e-25, nan 
-32.125, -82.125, 2.1829022447838312e-24, nan 
-31.875, -82.125, 2.1634616283156974e-24, nan 
-31.625, -82.125, 1.96648776363032e-24, nan 
-31.375, -82.125, 2.269545507486448e-24, nan 
-31.125, -82.125, 2.8306926242457904e-24, nan 
-30.875, -82.125, 3.036585156989235e-24, nan 
-30.625, -82.125, 1.361050344285387e-24, nan 
-30.375, -82.125, 2.4147651625427547e-24, nan 
-30.125, -82.125, 2.4189317067496123e-24, nan 
-29.875, -82.125, 2.2832735768998893e-24, nan 
-29.625, -82.125, 2.9136388591924387e-24, nan 
-29.375, -82.125, 3.568885643454853e-24, nan 
-29.125, -82.125, 3.546229925378508e-24, nan 
-28.875, -82.125, 1.7672124083075726e-24, nan 
-28.625, -82.125, 1.39930232626751e-24, nan 
-28.375, -82.125, 1.3694072789728172e-24, nan 
-28.125, -82.125, 1.1650850548568488e-24, nan 
-27.875, -82.125, 1.5972497975058963e-24, nan 
-27.625, -82.125, 1.922965207933147e-24, nan 
-67.625, -81.875, 3.838841636279451e-24, nan 
-67.375, -81.875, 3.3033829071776636e-24, nan 
-67.125, -81.875, 2.837619494094579e-24, nan 
-66.875, -81.875, 2.7452461314915357e-24, nan 
-66.625, -81.875, 4.37590808015966e-24, nan 
-66.375, -81.875, 4.930273781496812e-24, nan 
-66.125, -81.875, 4.4484749766014096e-24, nan 
-65.875, -81.875, 3.969918433526169e-24, nan 
-65.625, -81.875, 3.5598452456332944e-24, nan 
-65.375, -81.875, 3.077981428266119e-24, nan 
-65.125, -81.875, 2.487881222962615e-24, nan 
-64.875, -81.875, 1.940635000308929e-24, nan 
-64.625, -81.875, 2.039829718275216e-24, nan 
-64.375, -81.875, 1.9377288681463994e-24, nan 
-64.125, -81.875, 1.671998407852015e-24, nan 
-63.875, -81.875, 2.733576375066739e-24, nan 
-63.625, -81.875, 2.91634555162704e-24, nan 
-63.375, -81.875, 2.907139385810038e-24, nan 
-63.125, -81.875, 3.4150993605454114e-24, nan 
-62.875, -81.875, 3.434445642053097e-24, nan 
-62.625, -81.875, 3.472595465867816e-24, nan 
-62.375, -81.875, 2.3132579505138503e-24, nan 
-62.125, -81.875, 2.812891515782822e-24, nan 
-61.875, -81.875, 3.4236698758546644e-24, nan 
-61.625, -81.875, 3.4651949502812054e-24, nan 
-61.375, -81.875, 3.769366060663964e-24, nan 
-61.125, -81.875, 4.3211258179151246e-24, nan 
-60.875, -81.875, 4.9250888037586894e-24, nan 
-60.625, -81.875, 3.600981504070678e-24, nan 
-60.375, -81.875, 1.5460061790482612e-24, nan 
-60.125, -81.875, 2.3046412924283786e-24, nan 
-59.875, -81.875, 3.112746626429481e-24, nan 
-59.625, -81.875, 3.0055827652303605e-24, nan 
-59.375, -81.875, 3.1576420620037602e-24, nan 
-59.125, -81.875, 2.730338393411156e-24, nan 
-58.875, -81.875, 2.2852295032918875e-24, nan 
-58.625, -81.875, 1.2719670476071788e-24, nan 
-58.375, -81.875, 7.682344033938452e-25, nan 
-58.125, -81.875, 5.909562540316242e-25, nan 
-57.875, -81.875, 4.897211166047871e-25, nan 
-57.625, -81.875, 9.694764976158008e-25, nan 
-57.375, -81.875, 1.4076071486846948e-24, nan 
-57.125, -81.875, 1.3643000357888159e-24, nan 
-56.875, -81.875, 1.1954964967828782e-24, nan 
-56.625, -81.875, 1.0648853116009644e-24, nan 
-56.375, -81.875, 1.4402234710678815e-24, nan 
-56.125, -81.875, 1.3204647003178895e-24, nan 
-55.875, -81.875, 1.6416868654465994e-24, nan 
-55.625, -81.875, 4.422452619309583e-25, nan 
-55.375, -81.875, 3.7449882961391967e-25, nan 
-55.125, -81.875, 3.673895009039817e-25, nan 
-54.875, -81.875, 4.57770866441981e-25, nan 
-54.625, -81.875, 3.897678211000132e-25, nan 
-54.375, -81.875, 4.298196942056063e-25, nan 
-54.125, -81.875, 4.23149963913421e-25, nan 
-53.875, -81.875, 4.1985996167920805e-25, nan 
-53.625, -81.875, 2.972094347396804e-25, nan 
-53.375, -81.875, 3.4396969655283287e-25, nan 
-53.125, -81.875, 2.874591323327981e-25, nan 
-52.875, -81.875, 2.2228745766596764e-25, nan 
-52.625, -81.875, 5.881779410702935e-26, nan 
-52.375, -81.875, 2.6849043534420494e-25, nan 
-52.125, -81.875, 2.132029141720769e-25, nan 
-51.875, -81.875, 1.6232956484558644e-25, nan 
-51.625, -81.875, 1.55052175883888e-25, nan 
-51.375, -81.875, 4.6582114120584405e-25, nan 
-51.125, -81.875, 4.0977023961016613e-25, nan 
-50.875, -81.875, 2.882444773633056e-25, nan 
-50.625, -81.875, 2.5557327280068496e-25, nan 
-50.375, -81.875, 1.86435687260735e-25, nan 
-50.125, -81.875, 1.5112594115498612e-25, nan 
-49.875, -81.875, 1.524895783694243e-25, nan 
-49.625, -81.875, 2.7337963793311206e-25, nan 
-49.375, -81.875, 1.1431076791258152e-25, nan 
-49.125, -81.875, 9.725903038959505e-26, nan 
-48.875, -81.875, 2.3323793028311656e-25, nan 
-48.625, -81.875, 3.0922791104790243e-25, nan 
-48.375, -81.875, 2.9782159237490207e-25, nan 
-48.125, -81.875, 2.860891958113741e-25, nan 
-47.875, -81.875, 5.584562187184907e-25, nan 
-47.625, -81.875, 4.876796956829556e-25, nan 
-47.375, -81.875, 4.1938453865707835e-25, nan 
-47.125, -81.875, 3.1207478224610244e-25, nan 
-46.875, -81.875, 3.0304751133616165e-25, nan 
-46.625, -81.875, 2.8983171573297196e-25, nan 
-46.375, -81.875, 6.878975065410409e-25, nan 
-46.125, -81.875, 5.048866919687212e-25, nan 
-45.875, -81.875, 3.310311795060952e-25, nan 
-45.625, -81.875, 3.275950524271717e-25, nan 
-45.375, -81.875, 2.1656835123287127e-25, nan 
-45.125, -81.875, 3.4008375756346883e-25, nan 
-44.875, -81.875, 5.989864744263793e-25, nan 
-44.625, -81.875, 6.542568029659241e-25, nan 
-44.375, -81.875, 3.120734084385386e-25, nan 
-44.125, -81.875, 1.892770367922068e-25, nan 
-43.875, -81.875, 1.7657958927259787e-25, nan 
-43.625, -81.875, 2.730981489586863e-25, nan 
-43.375, -81.875, 7.0545722347186e-25, nan 
-43.125, -81.875, 1.2505164129041948e-24, nan 
-42.875, -81.875, 1.3548740197502373e-24, nan 
-42.625, -81.875, 6.894983172075249e-25, nan 
-42.375, -81.875, 5.318005999057649e-25, nan 
-42.125, -81.875, 8.993621764906958e-25, nan 
-41.875, -81.875, 1.3772862367064073e-24, nan 
-41.625, -81.875, 9.247498186559791e-25, nan 
-41.375, -81.875, 1.3218093627342235e-24, nan 
-41.125, -81.875, 1.7784727683795644e-24, nan 
-40.875, -81.875, 2.6583977219555833e-24, nan 
-40.625, -81.875, 2.167364529768339e-24, nan 
-40.375, -81.875, 2.055824170316549e-24, nan 
-40.125, -81.875, 2.467298403210668e-24, nan 
-39.875, -81.875, 2.745392847087163e-24, nan 
-39.625, -81.875, 2.111072684634968e-24, nan 
-39.375, -81.875, 2.2764858282035154e-24, nan 
-39.125, -81.875, 2.96067553578489e-24, nan 
-38.875, -81.875, 2.3648753165625973e-24, nan 
-38.625, -81.875, 2.246141953929025e-24, nan 
-38.375, -81.875, 2.575262354541644e-24, nan 
-38.125, -81.875, 2.9019408312443277e-24, nan 
-37.875, -81.875, 1.720572715959414e-24, nan 
-37.625, -81.875, 9.829346414750502e-25, nan 
-37.375, -81.875, 9.01520584004469e-25, nan 
-37.125, -81.875, 9.463310072495367e-25, nan 
-36.875, -81.875, 1.6404703647831432e-24, nan 
-36.625, -81.875, 1.2105673968564685e-24, nan 
-36.375, -81.875, 1.1812066408009955e-24, nan 
-36.125, -81.875, 1.311357745692057e-24, nan 
-35.875, -81.875, 1.5821810384614792e-24, nan 
-35.625, -81.875, 1.3380422489316352e-24, nan 
-35.375, -81.875, 1.118410565443418e-24, nan 
-35.125, -81.875, 1.3763112725790607e-24, nan 
-34.875, -81.875, 1.6124706659916898e-24, nan 
-34.625, -81.875, 1.6203528655060265e-24, nan 
-34.375, -81.875, 1.3774256290951108e-24, nan 
-34.125, -81.875, 1.7213636792603058e-24, nan 
-33.875, -81.875, 1.8237314501827493e-24, nan 
-33.625, -81.875, 1.6507362585036045e-24, nan 
-33.375, -81.875, 1.4608877889332897e-24, nan 
-33.125, -81.875, 1.2797626980798764e-24, nan 
-32.875, -81.875, 1.2969752854656697e-24, nan 
-32.625, -81.875, 1.4116020718127285e-24, nan 
-32.375, -81.875, 2.22511276690423e-24, nan 
-32.125, -81.875, 2.3501258442988994e-24, nan 
-31.875, -81.875, 1.088254374195004e-24, nan 
-31.625, -81.875, 7.176737433924648e-25, nan 
-31.375, -81.875, 1.2677000898089083e-24, nan 
-31.125, -81.875, 1.5334558580499719e-24, nan 
-30.875, -81.875, 1.7697568755195955e-24, nan 
-30.625, -81.875, 1.8204547492583217e-24, nan 
-30.375, -81.875, 1.6153370017834182e-24, nan 
-30.125, -81.875, 1.3683443937096176e-24, nan 
-29.875, -81.875, 1.3309239332258728e-24, nan 
-29.625, -81.875, 1.825759888627797e-24, nan 
-29.375, -81.875, 1.742401472570652e-24, nan 
-29.125, -81.875, 1.5545211504260002e-24, nan 
-28.875, -81.875, 1.1003910862609593e-24, nan 
-28.625, -81.875, 4.452786505436047e-25, nan 
-28.375, -81.875, 2.3216405875734307e-25, nan 
-28.125, -81.875, 1.6827701960348978e-25, nan 
-27.875, -81.875, 2.893790423226288e-25, nan 
-27.625, -81.875, 3.5645537878379744e-25, nan 
-27.375, -81.875, 2.8453068929402923e-25, nan 
-27.125, -81.875, 6.846534687339598e-25, nan 
-26.875, -81.875, 7.145416084265305e-25, nan 
-26.625, -81.875, 5.292448034960867e-25, nan 
-26.375, -81.875, 2.501662533863031e-25, nan 
-26.125, -81.875, 6.7558932437730835e-25, nan 
-25.875, -81.875, 7.555809476719795e-25, nan 
-25.625, -81.875, 9.690777123110655e-25, nan 
-25.375, -81.875, 1.5696262152696813e-24, nan 
-25.125, -81.875, 1.5913826031471942e-24, nan 
-24.875, -81.875, 1.4244379999515382e-24, nan 
-24.625, -81.875, 1.5191170945325522e-24, nan 
-24.375, -81.875, 1.9390731053430285e-24, nan 
-24.125, -81.875, 1.977407465348519e-24, nan 
-23.875, -81.875, 1.900024341721528e-24, nan 
-66.375, -81.625, 3.5229365876269304e-24, nan 
-66.125, -81.625, 2.7364619591748818e-24, nan 
-65.875, -81.625, 2.0372303697776887e-24, nan 
-65.625, -81.625, 1.704925210509835e-24, nan 
-65.375, -81.625, 1.2993467992958684e-24, nan 
-65.125, -81.625, 2.0174399285182716e-24, nan 
-64.875, -81.625, 3.2696054837821854e-24, nan 
-64.625, -81.625, 3.0038916876964886e-24, nan 
-64.375, -81.625, 2.5381225180064454e-24, nan 
-64.125, -81.625, 2.2697895030129457e-24, nan 
-63.875, -81.625, 2.8452141850310723e-24, nan 
-63.625, -81.625, 2.181124785151217e-24, nan 
-63.375, -81.625, 2.317729512017575e-24, nan 
-63.125, -81.625, 2.9513027725788052e-24, nan 
-62.875, -81.625, 4.1434637415989986e-24, nan 
-62.625, -81.625, 4.0695020665590074e-24, nan 
-62.375, -81.625, 3.677187823583543e-24, nan 
-62.125, -81.625, 3.339410102112992e-24, nan 
-61.875, -81.625, 2.607151011720338e-24, nan 
-61.625, -81.625, 2.8602043897577582e-24, nan 
-61.375, -81.625, 3.083729680565344e-24, nan 
-61.125, -81.625, 3.2638408111364837e-24, nan 
-60.875, -81.625, 3.924800021565276e-24, nan 
-60.625, -81.625, 2.6699557702913072e-24, nan 
-60.375, -81.625, 2.486817353511478e-24, nan 
-60.125, -81.625, 2.5760793777170995e-24, nan 
-59.875, -81.625, 3.2453897114337502e-24, nan 
-59.625, -81.625, 2.024218766239308e-24, nan 
-59.375, -81.625, 9.22014311400643e-25, nan 
-59.125, -81.625, 5.629334203385408e-25, nan 
-58.875, -81.625, 6.556343261380982e-25, nan 
-58.625, -81.625, 2.184172664126454e-24, nan 
-58.375, -81.625, 2.0359557084304787e-24, nan 
-58.125, -81.625, 2.8118821588106352e-24, nan 
-57.875, -81.625, 1.9845264245923745e-24, nan 
-57.625, -81.625, 1.695526693476821e-24, nan 
-57.375, -81.625, 4.0861459182543536e-25, nan 
-57.125, -81.625, 5.220202282409854e-25, nan 
-56.875, -81.625, 8.34427313529627e-25, nan 
-56.625, -81.625, 8.880334460655356e-25, nan 
-56.375, -81.625, 2.3165435682543642e-24, nan 
-56.125, -81.625, 2.1393842503301846e-24, nan 
-55.875, -81.625, 2.8667224361232005e-24, nan 
-55.625, -81.625, 5.082511798107631e-25, nan 
-55.375, -81.625, 5.140508008878139e-25, nan 
-55.125, -81.625, 5.456569641259261e-25, nan 
-54.875, -81.625, 3.995053903575341e-25, nan 
-54.625, -81.625, 9.107901380065657e-25, nan 
-54.375, -81.625, 7.808076009992448e-25, nan 
-54.125, -81.625, 1.2554753809376554e-24, nan 
-53.875, -81.625, 4.868677627698204e-25, nan 
-53.625, -81.625, 5.009900311723881e-25, nan 
-53.375, -81.625, 3.8561790166469054e-25, nan 
-53.125, -81.625, 4.344046281971749e-25, nan 
-52.875, -81.625, 5.019721958331523e-25, nan 
-52.625, -81.625, 4.451507243684895e-25, nan 
-52.375, -81.625, 4.835946631652134e-25, nan 
-52.125, -81.625, 5.69445034368337e-25, nan 
-51.875, -81.625, 5.361273495960309e-25, nan 
-51.625, -81.625, 3.1916976211281235e-25, nan 
-51.375, -81.625, 3.3920817568909114e-25, nan 
-51.125, -81.625, 2.6043637099050793e-25, nan 
-50.875, -81.625, 2.9740642079259163e-25, nan 
-50.625, -81.625, 4.0326492641091723e-25, nan 
-50.375, -81.625, 3.9550374438351033e-25, nan 
-50.125, -81.625, 3.148555659779875e-25, nan 
-49.875, -81.625, 2.010307009760807e-25, nan 
-49.625, -81.625, 3.062170103846227e-25, nan 
-49.375, -81.625, 3.630004915328889e-25, nan 
-49.125, -81.625, 2.893478041089541e-25, nan 
-48.875, -81.625, 3.9878910694854214e-25, nan 
-48.625, -81.625, 2.88707915542668e-25, nan 
-48.375, -81.625, 3.7210747633003104e-25, nan 
-48.125, -81.625, 4.660249732335554e-25, nan 
-47.875, -81.625, 4.594903967451222e-25, nan 
-47.625, -81.625, 4.491181870587985e-25, nan 
-47.375, -81.625, 4.07826304108349e-25, nan 
-47.125, -81.625, 4.141261814752101e-25, nan 
-46.875, -81.625, 2.847387869998925e-25, nan 
-46.625, -81.625, 3.7175576285547453e-25, nan 
-46.375, -81.625, 4.544980002016332e-25, nan 
-46.125, -81.625, 2.495838562421124e-25, nan 
-45.875, -81.625, 1.3873324633376542e-25, nan 
-45.625, -81.625, 1.9036978882224523e-25, nan 
-45.375, -81.625, 3.5237532439372386e-25, nan 
-45.125, -81.625, 4.0983319768135847e-25, nan 
-44.875, -81.625, 2.1423806246605013e-25, nan 
-44.625, -81.625, 1.798990323863893e-25, nan 
-44.375, -81.625, 2.9670181507078116e-25, nan 
-44.125, -81.625, 5.33339575103022e-25, nan 
-43.875, -81.625, 7.090964705863982e-25, nan 
-43.625, -81.625, 1.081524984745801e-24, nan 
-43.375, -81.625, 1.4689475417890622e-24, nan 
-43.125, -81.625, 1.3803011800512157e-24, nan 
-42.875, -81.625, 1.549732663734745e-24, nan 
-42.625, -81.625, 1.5442979631562106e-24, nan 
-42.375, -81.625, 1.50344910416785e-24, nan 
-42.125, -81.625, 1.5607338202300441e-24, nan 
-41.875, -81.625, 1.8190215827709973e-24, nan 
-41.625, -81.625, 1.807629464518883e-24, nan 
-41.375, -81.625, 1.7052040003694716e-24, nan 
-41.125, -81.625, 1.8593403663496423e-24, nan 
-40.875, -81.625, 2.408745621690832e-24, nan 
-40.625, -81.625, 2.259484234237032e-24, nan 
-40.375, -81.625, 1.9163541399447864e-24, nan 
-40.125, -81.625, 1.681780600356005e-24, nan 
-39.875, -81.625, 1.931221303878146e-24, nan 
-39.625, -81.625, 1.4025063291683635e-24, nan 
-39.375, -81.625, 1.1385048065385899e-24, nan 
-39.125, -81.625, 1.3335546336391457e-24, nan 
-38.875, -81.625, 2.4882468983320858e-24, nan 
-38.625, -81.625, 1.7765894512478534e-24, nan 
-38.375, -81.625, 1.4694054473883452e-24, nan 
-38.125, -81.625, 1.1267423161608128e-24, nan 
-37.875, -81.625, 1.4750063140343794e-24, nan 
-37.625, -81.625, 1.424151173332142e-24, nan 
-37.375, -81.625, 1.0580469803186722e-24, nan 
-37.125, -81.625, 1.097810077079022e-24, nan 
-36.875, -81.625, 8.51273141282593e-25, nan 
-36.625, -81.625, 8.162551833448577e-25, nan 
-36.375, -81.625, 7.966487294652509e-25, nan 
-36.125, -81.625, 9.083593170307443e-25, nan 
-35.875, -81.625, 1.1792691230566263e-24, nan 
-35.625, -81.625, 1.1675316515032947e-24, nan 
-35.375, -81.625, 1.1881506585646409e-24, nan 
-35.125, -81.625, 1.3799390629379043e-24, nan 
-34.875, -81.625, 1.3966462036954527e-24, nan 
-34.625, -81.625, 1.342416053067862e-24, nan 
-34.375, -81.625, 1.0248524167981733e-24, nan 
-34.125, -81.625, 8.845864154445175e-25, nan 
-33.875, -81.625, 9.67639268486391e-25, nan 
-33.625, -81.625, 1.1440904673086923e-24, nan 
-33.375, -81.625, 1.6095458626714545e-24, nan 
-33.125, -81.625, 2.038115583871367e-24, nan 
-32.875, -81.625, 2.3515219083151256e-24, nan 
-32.625, -81.625, 1.7064047709587377e-24, nan 
-32.375, -81.625, 1.8779770691131386e-24, nan 
-32.125, -81.625, 1.8990666769031225e-24, nan 
-31.875, -81.625, 1.2885333653756133e-24, nan 
-31.625, -81.625, 1.6598957956977742e-24, nan 
-31.375, -81.625, 1.2699545110579014e-24, nan 
-31.125, -81.625, 2.0115706847465163e-24, nan 
-30.875, -81.625, 1.6335639705764636e-24, nan 
-30.625, -81.625, 2.087446740001557e-24, nan 
-30.375, -81.625, 8.945867520399304e-25, nan 
-30.125, -81.625, 1.4095450498294665e-24, nan 
-29.875, -81.625, 1.4984938520057696e-24, nan 
-29.625, -81.625, 6.001427784175514e-25, nan 
-29.375, -81.625, 5.461130449602503e-25, nan 
-29.125, -81.625, 6.841472449519049e-25, nan 
-28.875, -81.625, 1.2010997785166162e-24, nan 
-28.625, -81.625, 7.304815179111232e-25, nan 
-28.375, -81.625, 6.635499709824654e-25, nan 
-28.125, -81.625, 5.924775267463258e-25, nan 
-27.875, -81.625, 6.742359789606138e-25, nan 
-27.625, -81.625, 9.084305207395162e-25, nan 
-27.375, -81.625, 1.2012959691591494e-24, nan 
-27.125, -81.625, 1.2885716411849417e-24, nan 
-26.875, -81.625, 9.219011005976716e-25, nan 
-26.625, -81.625, 1.2988051951437768e-24, nan 
-26.375, -81.625, 1.748389066803358e-24, nan 
-26.125, -81.625, 1.4584245671552156e-24, nan 
-25.875, -81.625, 1.2201209853899791e-24, nan 
-25.625, -81.625, 1.1841369376339042e-24, nan 
-25.375, -81.625, 1.3571182678817513e-24, nan 
-25.125, -81.625, 9.98680949535385e-25, nan 
-24.875, -81.625, 1.1035163330524101e-24, nan 
-24.625, -81.625, 1.7934728361990186e-24, nan 
-24.375, -81.625, 2.193652129754717e-24, nan 
-24.125, -81.625, 2.100859377529645e-24, nan 
-23.875, -81.625, 1.8485953410755954e-24, nan 
-23.625, -81.625, 2.2868443498755702e-24, nan 
-23.375, -81.625, 2.2273262193508063e-24, nan 
-23.125, -81.625, 2.1403161497507438e-24, nan 
-22.875, -81.625, 2.2681247877649543e-24, nan 
-22.625, -81.625, 2.0034223481562384e-24, nan 
-22.375, -81.625, 1.675539484365383e-24, nan 
-22.125, -81.625, 2.0433435578829012e-24, nan 
-21.875, -81.625, 1.7419164912505604e-24, nan 
-21.625, -81.625, 1.2950574186656555e-24, nan 
-21.375, -81.625, 6.615638123770706e-25, nan 
-21.125, -81.625, 3.8642069268671e-25, nan 
-65.375, -81.375, 4.429705180272019e-24, nan 
-65.125, -81.375, 4.2431173721027025e-24, nan 
-64.875, -81.375, 4.016466126962567e-24, nan 
-64.625, -81.375, 4.7589295830604926e-24, nan 
-64.375, -81.375, 5.787619525492787e-24, nan 
-64.125, -81.375, 5.584196110671656e-24, nan 
-63.875, -81.375, 5.341656382023637e-24, nan 
-63.625, -81.375, 4.658799296757896e-24, nan 
-63.375, -81.375, 4.690491802324118e-24, nan 
-63.125, -81.375, 3.817083989318563e-24, nan 
-62.875, -81.375, 5.501443868051819e-24, nan 
-62.625, -81.375, 6.420589602947742e-24, nan 
-62.375, -81.375, 6.408699805106568e-24, nan 
-62.125, -81.375, 5.6071520345430485e-24, nan 
-61.875, -81.375, 4.7184414338129596e-24, nan 
-61.625, -81.375, 4.5755789772134676e-24, nan 
-61.375, -81.375, 3.2658584276900933e-24, nan 
-61.125, -81.375, 3.3199287506678e-24, nan 
-60.875, -81.375, 4.977792086934567e-24, nan 
-60.625, -81.375, 3.836331916384188e-24, nan 
-60.375, -81.375, 3.2163991322422195e-24, nan 
-60.125, -81.375, 1.9810719984983713e-24, nan 
-59.875, -81.375, 2.6072516059055054e-24, nan 
-59.625, -81.375, 2.715002507972383e-24, nan 
-59.375, -81.375, 2.883473240808076e-24, nan 
-59.125, -81.375, 3.405087880712732e-24, nan 
-58.875, -81.375, 3.0230451800799756e-24, nan 
-58.625, -81.375, 3.0995734741030367e-24, nan 
-58.375, -81.375, 1.2554233212543153e-24, nan 
-58.125, -81.375, 2.0755995916788287e-24, nan 
-57.875, -81.375, 1.8826177088054537e-24, nan 
-57.625, -81.375, 8.524559202570186e-25, nan 
-57.375, -81.375, 9.32377704236147e-25, nan 
-57.125, -81.375, 1.0226187737493767e-24, nan 
-56.875, -81.375, 1.01051351189317e-24, nan 
-56.625, -81.375, 8.585557168815529e-25, nan 
-56.375, -81.375, 1.1111430041597865e-24, nan 
-56.125, -81.375, 9.672004402344538e-25, nan 
-55.875, -81.375, 1.2713539575921098e-24, nan 
-55.625, -81.375, 5.1623619569499805e-25, nan 
-55.375, -81.375, 4.699082995535355e-25, nan 
-55.125, -81.375, 3.4711606056388806e-25, nan 
-54.875, -81.375, 3.5319554898995025e-25, nan 
-54.625, -81.375, 6.024341356300493e-25, nan 
-54.375, -81.375, 7.278128220932207e-25, nan 
-54.125, -81.375, 4.278111893415187e-25, nan 
-53.875, -81.375, 3.117379454419405e-25, nan 
-53.625, -81.375, 2.646657184180912e-25, nan 
-53.375, -81.375, 1.644505954893792e-25, nan 
-53.125, -81.375, 2.589635404811196e-25, nan 
-52.875, -81.375, 1.062305688267874e-24, nan 
-52.625, -81.375, 1.3429432907288536e-24, nan 
-52.375, -81.375, 7.493572822477314e-25, nan 
-52.125, -81.375, 5.359583009167538e-25, nan 
-51.875, -81.375, 3.8545385262563023e-25, nan 
-51.625, -81.375, 2.366607829372143e-25, nan 
-51.375, -81.375, 2.507577378146115e-25, nan 
-51.125, -81.375, 5.834649111608265e-25, nan 
-50.875, -81.375, 8.034484276255491e-25, nan 
-50.625, -81.375, 5.336621252457806e-25, nan 
-50.375, -81.375, 3.2305625705667863e-25, nan 
-50.125, -81.375, 2.4366222709474673e-25, nan 
-49.875, -81.375, 3.387325836710923e-25, nan 
-49.625, -81.375, 3.5394511922645597e-25, nan 
-49.375, -81.375, 3.275445510602365e-25, nan 
-49.125, -81.375, 3.9802825827353425e-25, nan 
-48.875, -81.375, 2.916229962053286e-25, nan 
-48.625, -81.375, 1.7104955504209908e-25, nan 
-48.375, -81.375, 3.2795847138730674e-25, nan 
-48.125, -81.375, 5.0368602492269265e-25, nan 
-47.875, -81.375, 4.8332116890435185e-25, nan 
-47.625, -81.375, 3.0771454811244752e-25, nan 
-47.375, -81.375, 3.573765834275304e-25, nan 
-47.125, -81.375, 2.624248111727783e-25, nan 
-46.875, -81.375, 2.1578757559898303e-25, nan 
-46.625, -81.375, 2.8737136144609153e-25, nan 
-46.375, -81.375, 2.890457239521378e-25, nan 
-46.125, -81.375, 3.06810778624792e-25, nan 
-45.875, -81.375, 2.0309473457472851e-25, nan 
-45.625, -81.375, 1.4867579092297862e-25, nan 
-45.375, -81.375, 2.991119013432393e-25, nan 
-45.125, -81.375, 3.402241696371676e-25, nan 
-44.875, -81.375, 4.257101667026838e-25, nan 
-44.625, -81.375, 5.981408292015456e-25, nan 
-44.375, -81.375, 5.048287453343359e-25, nan 
-44.125, -81.375, 6.866266843955049e-25, nan 
-43.875, -81.375, 7.145122533177727e-25, nan 
-43.625, -81.375, 1.1119819671360706e-24, nan 
-43.375, -81.375, 9.776073834752278e-25, nan 
-43.125, -81.375, 1.062807490185458e-24, nan 
-42.875, -81.375, 1.1394330954863831e-24, nan 
-42.625, -81.375, 1.1881837583238535e-24, nan 
-42.375, -81.375, 1.2923494418767738e-24, nan 
-42.125, -81.375, 1.2537474526603314e-24, nan 
-41.875, -81.375, 1.43590691329611e-24, nan 
-41.625, -81.375, 1.2955002954811625e-24, nan 
-41.375, -81.375, 1.338424715119196e-24, nan 
-41.125, -81.375, 1.22541423320141e-24, nan 
-40.875, -81.375, 1.1567927084226041e-24, nan 
-40.625, -81.375, 1.4512547314293716e-24, nan 
-40.375, -81.375, 1.2418017630167136e-24, nan 
-40.125, -81.375, 1.960856996359856e-24, nan 
-39.875, -81.375, 1.7266355064402054e-24, nan 
-39.625, -81.375, 1.8776296296986262e-24, nan 
-39.375, -81.375, 1.7094896478484602e-24, nan 
-39.125, -81.375, 1.3436933839766166e-24, nan 
-38.875, -81.375, 2.5835210666806033e-24, nan 
-38.625, -81.375, 1.8193499851799127e-24, nan 
-38.375, -81.375, 2.967197030634903e-24, nan 
-38.125, -81.375, 2.54233398288589e-24, nan 
-37.875, -81.375, 2.9851903905162653e-24, nan 
-37.625, -81.375, 2.514272368075045e-24, nan 
-37.375, -81.375, 1.2054025965228423e-24, nan 
-37.125, -81.375, 1.316236953358843e-24, nan 
-36.875, -81.375, 1.0084044798459723e-24, nan 
-36.625, -81.375, 2.580338216682254e-24, nan 
-36.375, -81.375, 2.328982597960486e-24, nan 
-36.125, -81.375, 2.3695907056964025e-24, nan 
-35.875, -81.375, 1.9238406901856214e-24, nan 
-35.625, -81.375, 1.1279692039786691e-24, nan 
-35.375, -81.375, 6.332311793701727e-25, nan 
-35.125, -81.375, 5.5103586873150315e-25, nan 
-34.875, -81.375, 5.253667090531379e-25, nan 
-34.625, -81.375, 6.285054211528261e-25, nan 
-34.375, -81.375, 6.127108051814175e-25, nan 
-34.125, -81.375, 4.077251308275611e-25, nan 
-33.875, -81.375, 4.5172256110658995e-25, nan 
-33.625, -81.375, 1.002756598634629e-24, nan 
-33.375, -81.375, 1.5474493917398425e-24, nan 
-33.125, -81.375, 2.1306059410232766e-24, nan 
-32.875, -81.375, 1.986346665057792e-24, nan 
-32.625, -81.375, 1.5234016498959661e-24, nan 
-32.375, -81.375, 9.040180369212644e-25, nan 
-32.125, -81.375, 7.945409676870193e-25, nan 
-31.875, -81.375, 9.470601894281087e-25, nan 
-31.625, -81.375, 1.317918260154564e-24, nan 
-31.375, -81.375, 1.2236046849777668e-24, nan 
-31.125, -81.375, 1.5766374721843896e-24, nan 
-30.875, -81.375, 1.467156082744686e-24, nan 
-30.625, -81.375, 1.2433799854855234e-24, nan 
-30.375, -81.375, 9.578648089878228e-25, nan 
-30.125, -81.375, 9.153745785865419e-25, nan 
-29.875, -81.375, 7.592220726287376e-25, nan 
-29.625, -81.375, 7.977140361503334e-25, nan 
-29.375, -81.375, 1.0029863733662482e-24, nan 
-29.125, -81.375, 1.1393995660181234e-24, nan 
-28.875, -81.375, 8.08105514016201e-25, nan 
-28.625, -81.375, 6.914055049720311e-25, nan 
-28.375, -81.375, 1.1467948403823696e-24, nan 
-28.125, -81.375, 1.1848043280027127e-24, nan 
-27.875, -81.375, 1.191910613951415e-24, nan 
-27.625, -81.375, 1.261892624694423e-24, nan 
-27.375, -81.375, 1.3897851159937612e-24, nan 
-27.125, -81.375, 1.0885583667455401e-24, nan 
-26.875, -81.375, 7.841758538113462e-25, nan 
-26.625, -81.375, 1.6220413285486187e-24, nan 
-26.375, -81.375, 1.941409325902082e-24, nan 
-26.125, -81.375, 1.697859204770654e-24, nan 
-25.875, -81.375, 1.2489582440708886e-24, nan 
-25.625, -81.375, 3.985669341983242e-25, nan 
-25.375, -81.375, 6.113260097686605e-25, nan 
-25.125, -81.375, 7.207832594182109e-25, nan 
-24.875, -81.375, 1.0684382221203126e-24, nan 
-24.625, -81.375, 1.2830552887835e-24, nan 
-24.375, -81.375, 1.2654536859572697e-24, nan 
-24.125, -81.375, 9.005127471568665e-25, nan 
-23.875, -81.375, 5.535143268412361e-25, nan 
-23.625, -81.375, 7.382176810814201e-25, nan 
-23.375, -81.375, 8.720656297230403e-25, nan 
-23.125, -81.375, 1.1849277554590956e-24, nan 
-22.875, -81.375, 1.1452069647735051e-24, nan 
-22.625, -81.375, 9.669016555937438e-25, nan 
-22.375, -81.375, 1.1308865907476852e-24, nan 
-22.125, -81.375, 1.1763819963918164e-24, nan 
-21.875, -81.375, 1.0556413130769618e-24, nan 
-21.625, -81.375, 9.719359801765204e-25, nan 
-21.375, -81.375, 9.090632689778073e-25, nan 
-21.125, -81.375, 8.477201877433181e-25, nan 
-20.875, -81.375, 8.589926195959706e-25, nan 
-20.625, -81.375, 1.0129555860564478e-24, nan 
-20.375, -81.375, 2.1469764049323158e-24, nan 
-20.125, -81.375, 3.8907642679076e-24, nan 
-19.875, -81.375, 5.5859261600420906e-24, nan 
-19.625, -81.375, 5.825015866993642e-24, nan 
-19.375, -81.375, 6.17992150096307e-24, nan 
-19.125, -81.375, 7.685417370624377e-24, nan 
-18.875, -81.375, 7.144930291729466e-24, nan 
-18.625, -81.375, 5.3274319835285565e-24, nan 
-64.125, -81.125, 2.8913215867956995e-24, nan 
-63.875, -81.125, 2.7644679975773597e-24, nan 
-63.625, -81.125, 2.787798146286934e-24, nan 
-63.375, -81.125, 2.880465710930729e-24, nan 
-63.125, -81.125, 1.8991449114763242e-24, nan 
-62.875, -81.125, 2.134755388234991e-24, nan 
-62.625, -81.125, 2.773287672542222e-24, nan 
-62.375, -81.125, 2.589463039232842e-24, nan 
-62.125, -81.125, 2.3035798533645043e-24, nan 
-61.875, -81.125, 2.5473759502061745e-24, nan 
-61.625, -81.125, 2.868163961023764e-24, nan 
-61.375, -81.125, 2.0553871138554872e-24, nan 
-61.125, -81.125, 2.9751352899502555e-24, nan 
-60.875, -81.125, 3.1939365981230296e-24, nan 
-60.625, -81.125, 2.09587410942772e-24, nan 
-60.375, -81.125, 2.254312909837306e-24, nan 
-60.125, -81.125, 1.6090370227375793e-24, nan 
-59.875, -81.125, 2.624306476372698e-24, nan 
-59.625, -81.125, 3.2123643426711825e-24, nan 
-59.375, -81.125, 3.930651284103648e-24, nan 
-59.125, -81.125, 1.973168519008575e-24, nan 
-58.875, -81.125, 1.959565067008183e-24, nan 
-58.625, -81.125, 2.292346884242962e-24, nan 
-58.375, -81.125, 8.893733316643132e-25, nan 
-58.125, -81.125, 7.27614177899674e-25, nan 
-57.875, -81.125, 6.102987522594653e-25, nan 
-57.625, -81.125, 1.4869398528494877e-24, nan 
-57.375, -81.125, 1.405416555008151e-24, nan 
-57.125, -81.125, 9.967821355807435e-25, nan 
-56.875, -81.125, 7.71119153423516e-25, nan 
-56.625, -81.125, 7.297283337096003e-25, nan 
-56.375, -81.125, 6.936018212900852e-25, nan 
-56.125, -81.125, 5.955385266923275e-25, nan 
-55.875, -81.125, 3.8987526038626955e-25, nan 
-55.625, -81.125, 2.891815050540071e-25, nan 
-55.375, -81.125, 3.0516980241286535e-25, nan 
-55.125, -81.125, 2.421193332729825e-25, nan 
-54.875, -81.125, 2.121688102992841e-25, nan 
-54.625, -81.125, 2.143053226079234e-25, nan 
-54.375, -81.125, 2.342664774250878e-25, nan 
-54.125, -81.125, 2.268676924570242e-25, nan 
-53.875, -81.125, 2.3846213978283235e-25, nan 
-53.625, -81.125, 1.9040263565064316e-25, nan 
-53.375, -81.125, 1.8632563784684973e-25, nan 
-53.125, -81.125, 2.0154337738153925e-25, nan 
-52.875, -81.125, 6.620737468587201e-25, nan 
-52.625, -81.125, 8.25029790709303e-25, nan 
-52.375, -81.125, 5.191613342550404e-25, nan 
-52.125, -81.125, 3.6484946150819274e-25, nan 
-51.875, -81.125, 2.415484198509598e-25, nan 
-51.625, -81.125, 1.8468572463852617e-25, nan 
-51.375, -81.125, 1.0244383864483213e-25, nan 
-51.125, -81.125, 1.5317016104460395e-25, nan 
-50.875, -81.125, 2.484667728985614e-25, nan 
-50.625, -81.125, 2.723466782541035e-25, nan 
-50.375, -81.125, 2.3714772264872257e-25, nan 
-50.125, -81.125, 2.0051980930404515e-25, nan 
-49.875, -81.125, 1.4399601187130238e-25, nan 
-49.625, -81.125, 1.9115020447273252e-25, nan 
-49.375, -81.125, 4.4582486362712165e-25, nan 
-49.125, -81.125, 5.468583758595842e-25, nan 
-48.875, -81.125, 7.096400207223102e-25, nan 
-48.625, -81.125, 1.1707772025849792e-24, nan 
-48.375, -81.125, 1.354969827374371e-24, nan 
-48.125, -81.125, 3.2914874385749713e-25, nan 
-47.875, -81.125, 7.670389562824088e-25, nan 
-47.625, -81.125, 7.1588774912759575e-25, nan 
-47.375, -81.125, 5.5605594377807025e-25, nan 
-47.125, -81.125, 5.231649862947559e-25, nan 
-46.875, -81.125, 3.5804062363669207e-25, nan 
-46.625, -81.125, 3.4082286322822762e-25, nan 
-46.375, -81.125, 4.800891561494708e-25, nan 
-46.125, -81.125, 4.703809780727283e-25, nan 
-45.875, -81.125, 3.69159684636282e-25, nan 
-45.625, -81.125, 4.78909938287434e-25, nan 
-45.375, -81.125, 4.598250651900428e-25, nan 
-45.125, -81.125, 5.035522773795043e-25, nan 
-44.875, -81.125, 4.786484666232778e-25, nan 
-44.625, -81.125, 6.621520871026076e-25, nan 
-44.375, -81.125, 7.313203721904957e-25, nan 
-44.125, -81.125, 7.027798640070826e-25, nan 
-43.875, -81.125, 6.11155036404875e-25, nan 
-43.625, -81.125, 7.389614171293872e-25, nan 
-43.375, -81.125, 6.416204464331679e-25, nan 
-43.125, -81.125, 6.951769317938027e-25, nan 
-42.875, -81.125, 7.84038308952407e-25, nan 
-42.625, -81.125, 9.244054216851136e-25, nan 
-42.375, -81.125, 8.33912036191704e-25, nan 
-42.125, -81.125, 7.603015681939332e-25, nan 
-41.875, -81.125, 5.648444322404717e-25, nan 
-41.625, -81.125, 5.526848919289204e-25, nan 
-41.375, -81.125, 6.971124007324784e-25, nan 
-41.125, -81.125, 6.614910405090532e-25, nan 
-40.875, -81.125, 9.8650131699106e-25, nan 
-40.625, -81.125, 1.5558894562730924e-24, nan 
-40.375, -81.125, 1.1417047440174761e-24, nan 
-40.125, -81.125, 1.2927779276662861e-24, nan 
-39.875, -81.125, 1.2853495097900096e-24, nan 
-39.625, -81.125, 1.3280255447446432e-24, nan 
-39.375, -81.125, 1.1507716775972571e-24, nan 
-39.125, -81.125, 1.3337433189211911e-24, nan 
-38.875, -81.125, 2.4303622770590797e-24, nan 
-38.625, -81.125, 1.937921881110654e-24, nan 
-38.375, -81.125, 1.5055348893447586e-24, nan 
-38.125, -81.125, 2.2246647528777848e-24, nan 
-37.875, -81.125, 1.718770037680513e-24, nan 
-37.625, -81.125, 1.353029239033035e-24, nan 
-37.375, -81.125, 1.2968438377564484e-24, nan 
-37.125, -81.125, 1.8279204004851578e-24, nan 
-36.875, -81.125, 1.566885108642391e-24, nan 
-36.625, -81.125, 1.8617533894122483e-24, nan 
-36.375, -81.125, 2.1770629121563165e-24, nan 
-36.125, -81.125, 1.6985843906918723e-24, nan 
-35.875, -81.125, 1.284391681653438e-24, nan 
-35.625, -81.125, 1.1684985293601387e-24, nan 
-35.375, -81.125, 7.869402744747308e-25, nan 
-35.125, -81.125, 4.957495827726828e-25, nan 
-34.875, -81.125, 6.488857418230627e-25, nan 
-34.625, -81.125, 3.451572864795391e-25, nan 
-34.375, -81.125, 2.8240432346803964e-25, nan 
-34.125, -81.125, 2.678192545274343e-25, nan 
-33.875, -81.125, 3.501181363869112e-25, nan 
-33.625, -81.125, 6.176869093865892e-25, nan 
-33.375, -81.125, 9.705390151798704e-25, nan 
-33.125, -81.125, 1.052943150457669e-24, nan 
-32.875, -81.125, 1.0791572444333125e-24, nan 
-32.625, -81.125, 1.1182281963222984e-24, nan 
-32.375, -81.125, 8.686793518225538e-25, nan 
-32.125, -81.125, 5.411548536281831e-25, nan 
-31.875, -81.125, 2.2303321627470715e-25, nan 
-31.625, -81.125, 7.809885963900589e-25, nan 
-31.375, -81.125, 4.48228911066058e-25, nan 
-31.125, -81.125, 8.945102724780984e-25, nan 
-30.875, -81.125, 8.027015280529261e-25, nan 
-30.625, -81.125, 4.231661269072874e-25, nan 
-30.375, -81.125, 5.855779727333047e-25, nan 
-30.125, -81.125, 8.426082368948404e-25, nan 
-29.875, -81.125, 7.784403755269173e-25, nan 
-29.625, -81.125, 7.50974385234113e-25, nan 
-29.375, -81.125, 9.603303105783452e-25, nan 
-29.125, -81.125, 9.597989308417845e-25, nan 
-28.875, -81.125, 9.703825547717528e-25, nan 
-28.625, -81.125, 8.695954011612501e-25, nan 
-28.375, -81.125, 8.137620261966315e-25, nan 
-28.125, -81.125, 6.739006652073969e-25, nan 
-27.875, -81.125, 7.219357589213311e-25, nan 
-27.625, -81.125, 7.522986894085801e-25, nan 
-27.375, -81.125, 8.178400411242452e-25, nan 
-27.125, -81.125, 1.0335166765511148e-24, nan 
-26.875, -81.125, 1.847606695271554e-24, nan 
-26.625, -81.125, 1.6424054912874472e-24, nan 
-26.375, -81.125, 1.0984622879484685e-24, nan 
-26.125, -81.125, 1.0245351319629407e-24, nan 
-25.875, -81.125, 9.399489891399563e-25, nan 
-25.625, -81.125, 7.269547386568726e-25, nan 
-25.375, -81.125, 6.624913904529927e-25, nan 
-25.125, -81.125, 6.880498052358497e-25, nan 
-24.875, -81.125, 5.816439833389849e-25, nan 
-24.625, -81.125, 5.086553787081503e-25, nan 
-24.375, -81.125, 3.387992755215762e-25, nan 
-24.125, -81.125, 4.1102893253287626e-25, nan 
-23.875, -81.125, 4.908840369548812e-25, nan 
-23.625, -81.125, 6.683864076857252e-25, nan 
-23.375, -81.125, 7.9260210875091585e-25, nan 
-23.125, -81.125, 9.75933108323713e-25, nan 
-22.875, -81.125, 9.450560382545096e-25, nan 
-22.625, -81.125, 8.533122648166326e-25, nan 
-22.375, -81.125, 9.19181742034114e-25, nan 
-22.125, -81.125, 1.5792886284016194e-24, nan 
-21.875, -81.125, 3.0595799949874194e-24, nan 
-21.625, -81.125, 4.7326273059319036e-24, nan 
-21.375, -81.125, 4.918452473453556e-24, nan 
-21.125, -81.125, 5.469297576717675e-24, nan 
-20.875, -81.125, 6.646593893538465e-24, nan 
-20.625, -81.125, 5.801646763376581e-24, nan 
-20.375, -81.125, 3.384327814565018e-24, nan 
-20.125, -81.125, 6.506061785285771e-24, nan 
-19.875, -81.125, 1.0235462719485814e-23, nan 
-19.625, -81.125, 1.0839185197952789e-23, nan 
-19.375, -81.125, 1.1878095189273382e-23, nan 
-19.125, -81.125, 1.4748343454786665e-23, nan 
-18.875, -81.125, 1.3353549413861824e-23, nan 
-18.625, -81.125, 8.458082683410622e-24, nan 
-18.375, -81.125, 3.87618857916361e-24, nan 
-18.125, -81.125, 5.6298447533699026e-24, nan 
-17.875, -81.125, 6.1427050866576065e-24, nan 
-17.625, -81.125, 6.782318033383846e-24, nan 
-17.375, -81.125, 8.064896509961752e-24, nan 
-17.125, -81.125, 7.478484866689786e-24, nan 
-16.875, -81.125, 5.3343028076410955e-24, nan 
-16.625, -81.125, 1.9231131323504798e-24, nan 
-63.125, -80.875, 1.5257521893456562e-24, nan 
-62.875, -80.875, 3.353173931303916e-24, nan 
-62.625, -80.875, 3.398051946335269e-24, nan 
-62.375, -80.875, 2.8392827235906234e-24, nan 
-62.125, -80.875, 3.363135368172745e-24, nan 
-61.875, -80.875, 3.831954084576913e-24, nan 
-61.625, -80.875, 4.064884921682483e-24, nan 
-61.375, -80.875, 2.579870964848689e-24, nan 
-61.125, -80.875, 3.71165053536191e-24, nan 
-60.875, -80.875, 2.7985417014765924e-24, nan 
-60.625, -80.875, 2.429600676479622e-24, nan 
-60.375, -80.875, 2.999303593006126e-24, nan 
-60.125, -80.875, 2.2299026871987795e-24, nan 
-59.875, -80.875, 1.3231586881682208e-24, nan 
-59.625, -80.875, 2.957063747288139e-24, nan 
-59.375, -80.875, 2.1745342738254893e-24, nan 
-59.125, -80.875, 3.342874290096831e-24, nan 
-58.875, -80.875, 3.4195804197805966e-24, nan 
-58.625, -80.875, 2.986533511391097e-24, nan 
-58.375, -80.875, 1.7402305401200723e-24, nan 
-58.125, -80.875, 1.071257995057093e-24, nan 
-57.875, -80.875, 1.7699067846287417e-24, nan 
-57.625, -80.875, 7.30016428928802e-25, nan 
-57.375, -80.875, 1.1617895058795804e-24, nan 
-57.125, -80.875, 1.373241038647937e-24, nan 
-56.875, -80.875, 1.1192905117712304e-24, nan 
-56.625, -80.875, 9.997942183042336e-25, nan 
-56.375, -80.875, 9.055199562212705e-25, nan 
-56.125, -80.875, 6.661663632871367e-25, nan 
-55.875, -80.875, 4.981508488476869e-25, nan 
-55.625, -80.875, 4.590382550490597e-25, nan 
-55.375, -80.875, 3.426628247115416e-25, nan 
-55.125, -80.875, 2.4903431216327548e-25, nan 
-54.875, -80.875, 2.6392784002765124e-25, nan 
-54.625, -80.875, 2.209034567359708e-25, nan 
-54.375, -80.875, 9.753166008696664e-26, nan 
-54.125, -80.875, 4.330552418189748e-25, nan 
-53.875, -80.875, 5.769895558767188e-25, nan 
-53.625, -80.875, 4.724716736586265e-25, nan 
-53.375, -80.875, 3.906435881233126e-25, nan 
-53.125, -80.875, 2.8685958924719353e-25, nan 
-52.875, -80.875, 3.5377295165705773e-25, nan 
-52.625, -80.875, 2.7011467576416845e-25, nan 
-52.375, -80.875, 1.8805113362461113e-25, nan 
-52.125, -80.875, 1.6856051749428155e-25, nan 
-51.875, -80.875, 2.6896798919119635e-25, nan 
-51.625, -80.875, 1.9984949420178325e-25, nan 
-51.375, -80.875, 1.944922064327188e-25, nan 
-51.125, -80.875, 3.7677879674195596e-25, nan 
-50.875, -80.875, 4.2939948080356595e-25, nan 
-50.625, -80.875, 2.7152769157334908e-25, nan 
-50.375, -80.875, 8.861258635536992e-25, nan 
-50.125, -80.875, 1.216831689696641e-24, nan 
-49.875, -80.875, 2.566047667160826e-25, nan 
-49.625, -80.875, 5.099903373925322e-25, nan 
-49.375, -80.875, 7.22319388764843e-25, nan 
-49.125, -80.875, 7.570463684370793e-25, nan 
-48.875, -80.875, 6.496415474646215e-25, nan 
-48.625, -80.875, 1.911682316616582e-24, nan 
-48.375, -80.875, 2.51947252485757e-24, nan 
-48.125, -80.875, 4.1244774163162776e-25, nan 
-47.875, -80.875, 1.261651834619721e-24, nan 
-47.625, -80.875, 9.599551778966403e-25, nan 
-47.375, -80.875, 5.997901140930755e-25, nan 
-47.125, -80.875, 5.17936016671469e-25, nan 
-46.875, -80.875, 1.020737529974927e-24, nan 
-46.625, -80.875, 1.3475684355207098e-24, nan 
-46.375, -80.875, 4.829956847032244e-25, nan 
-46.125, -80.875, 6.72906345957743e-25, nan 
-45.875, -80.875, 5.311044737012115e-25, nan 
-45.625, -80.875, 4.016255178737328e-25, nan 
-45.375, -80.875, 4.274666506960695e-25, nan 
-45.125, -80.875, 4.812988310928016e-25, nan 
-44.875, -80.875, 5.312666274367654e-25, nan 
-44.625, -80.875, 5.102522551433648e-25, nan 
-44.375, -80.875, 5.240884560717782e-25, nan 
-44.125, -80.875, 5.014089306475384e-25, nan 
-43.875, -80.875, 4.0866613559832527e-25, nan 
-43.625, -80.875, 5.117425262867239e-25, nan 
-43.375, -80.875, 5.3616093836639725e-25, nan 
-43.125, -80.875, 5.253438640149471e-25, nan 
-42.875, -80.875, 6.173655502116143e-25, nan 
-42.625, -80.875, 8.077114445897288e-25, nan 
-42.375, -80.875, 6.880888647297177e-25, nan 
-42.125, -80.875, 8.161163425300442e-25, nan 
-41.875, -80.875, 4.211541025466765e-25, nan 
-41.625, -80.875, 4.752568258171747e-25, nan 
-41.375, -80.875, 6.812671753309267e-25, nan 
-41.125, -80.875, 1.160682403318726e-24, nan 
-40.875, -80.875, 1.2810898667015455e-24, nan 
-40.625, -80.875, 1.5729951743250717e-24, nan 
-40.375, -80.875, 1.937320563608965e-24, nan 
-40.125, -80.875, 1.1305604651341147e-24, nan 
-39.875, -80.875, 1.190612022792459e-24, nan 
-39.625, -80.875, 1.0703169013775735e-24, nan 
-39.375, -80.875, 1.0100177020810881e-24, nan 
-39.125, -80.875, 9.248044595658239e-25, nan 
-38.875, -80.875, 1.3202272037458008e-24, nan 
-38.625, -80.875, 1.5540634681311376e-24, nan 
-38.375, -80.875, 1.2381650765885088e-24, nan 
-38.125, -80.875, 2.0320762638138816e-24, nan 
-37.875, -80.875, 2.006191770823212e-24, nan 
-37.625, -80.875, 1.5733484272399166e-24, nan 
-37.375, -80.875, 1.2695922302659022e-24, nan 
-37.125, -80.875, 1.18316419047616e-24, nan 
-36.875, -80.875, 1.55279135624879e-24, nan 
-36.625, -80.875, 1.5174495663145639e-24, nan 
-36.375, -80.875, 2.2379784760715092e-24, nan 
-36.125, -80.875, 2.1000624370535494e-24, nan 
-35.875, -80.875, 1.6079392161305858e-24, nan 
-35.625, -80.875, 1.2094256604898763e-24, nan 
-35.375, -80.875, 8.38544843212376e-25, nan 
-35.125, -80.875, 5.540545761623513e-25, nan 
-34.875, -80.875, 6.215885095840298e-25, nan 
-34.625, -80.875, 5.419184089340909e-25, nan 
-34.375, -80.875, 7.592071792257513e-25, nan 
-34.125, -80.875, 7.811754966418627e-25, nan 
-33.875, -80.875, 5.258768714583511e-25, nan 
-33.625, -80.875, 7.901535002964185e-25, nan 
-33.375, -80.875, 1.357008480667538e-24, nan 
-33.125, -80.875, 1.2845721535110962e-24, nan 
-32.875, -80.875, 1.3922137806463044e-24, nan 
-32.625, -80.875, 1.3734250823552697e-24, nan 
-32.375, -80.875, 1.1703325897919238e-24, nan 
-32.125, -80.875, 5.616024723613203e-25, nan 
-31.875, -80.875, 9.96662931395828e-25, nan 
-31.625, -80.875, 1.0421009428212875e-24, nan 
-31.375, -80.875, 6.271760083719273e-25, nan 
-31.125, -80.875, 1.0967905571527794e-24, nan 
-30.875, -80.875, 8.80888989998551e-25, nan 
-30.625, -80.875, 1.4670200176708945e-24, nan 
-30.375, -80.875, 1.572506020893289e-24, nan 
-30.125, -80.875, 1.7397743406552715e-24, nan 
-29.875, -80.875, 1.6044315159743294e-24, nan 
-29.625, -80.875, 1.6874159210524816e-24, nan 
-29.375, -80.875, 1.7387833486193104e-24, nan 
-29.125, -80.875, 1.62878368997684e-24, nan 
-28.875, -80.875, 1.5268858496359257e-24, nan 
-28.625, -80.875, 1.4242649699558513e-24, nan 
-28.375, -80.875, 1.658741029674495e-24, nan 
-28.125, -80.875, 1.6599666702600377e-24, nan 
-27.875, -80.875, 2.2298163101309873e-24, nan 
-27.625, -80.875, 1.9405444883865656e-24, nan 
-27.375, -80.875, 2.254876804041839e-24, nan 
-27.125, -80.875, 2.2307067218583103e-24, nan 
-26.875, -80.875, 1.8200336771035616e-24, nan 
-26.625, -80.875, 1.7914733980678457e-24, nan 
-26.375, -80.875, 1.186650336298018e-24, nan 
-26.125, -80.875, 1.1955315368723124e-24, nan 
-25.875, -80.875, 9.86166412638574e-25, nan 
-25.625, -80.875, 1.1135070848082624e-24, nan 
-25.375, -80.875, 1.0674000388477163e-24, nan 
-25.125, -80.875, 9.600326040125447e-25, nan 
-24.875, -80.875, 1.0554184658350202e-24, nan 
-24.625, -80.875, 6.771181103327063e-25, nan 
-24.375, -80.875, 6.312226292979895e-25, nan 
-24.125, -80.875, 6.244252388609663e-25, nan 
-23.875, -80.875, 5.894155508832134e-25, nan 
-23.625, -80.875, 4.8250127629561865e-25, nan 
-23.375, -80.875, 4.750784285993503e-25, nan 
-23.125, -80.875, 5.556672466243597e-25, nan 
-22.875, -80.875, 5.724883901742515e-25, nan 
-22.625, -80.875, 8.438668975103858e-25, nan 
-22.375, -80.875, 6.717519803844063e-25, nan 
-22.125, -80.875, 6.009741283027494e-25, nan 
-21.875, -80.875, 2.7833847179451193e-25, nan 
-21.625, -80.875, 3.8121983990403686e-25, nan 
-21.375, -80.875, 5.573754918268654e-25, nan 
-21.125, -80.875, 1.0169400639878927e-24, nan 
-20.875, -80.875, 1.398845416393918e-24, nan 
-20.625, -80.875, 1.2297519287222467e-24, nan 
-20.375, -80.875, 1.1446201048273229e-24, nan 
-20.125, -80.875, 3.100999635801341e-24, nan 
-19.875, -80.875, 5.075683998187998e-24, nan 
-19.625, -80.875, 5.406470196092371e-24, nan 
-19.375, -80.875, 6.082982171061307e-24, nan 
-19.125, -80.875, 7.657046237421237e-24, nan 
-18.875, -80.875, 6.7894664013742e-24, nan 
-18.625, -80.875, 4.080829991942597e-24, nan 
-18.375, -80.875, 5.886338593506327e-25, nan 
-18.125, -80.875, 8.042018094603903e-25, nan 
-17.875, -80.875, 9.986140220454786e-25, nan 
-17.625, -80.875, 1.1336351222276983e-24, nan 
-17.375, -80.875, 1.3159788636070255e-24, nan 
-17.125, -80.875, 1.919075775260032e-24, nan 
-16.875, -80.875, 2.389452536232211e-24, nan 
-16.625, -80.875, 1.727727916007439e-24, nan 
-16.375, -80.875, 1.3091207705173366e-24, nan 
-16.125, -80.875, 1.483773275396223e-24, nan 
-15.875, -80.875, 1.555175624686488e-24, nan 
-15.625, -80.875, 1.453087423747605e-24, nan 
-15.375, -80.875, 1.5911680154054487e-24, nan 
-15.125, -80.875, 1.77658323637751e-24, nan 
-14.875, -80.875, 1.3812068168013345e-24, nan 
-14.625, -80.875, 1.2759441805420685e-24, nan 
-62.125, -80.625, 6.365373205414772e-24, nan 
-61.875, -80.625, 7.021707622000916e-24, nan 
-61.625, -80.625, 7.717228862965258e-24, nan 
-61.375, -80.625, 4.778619268202947e-24, nan 
-61.125, -80.625, 4.8136393537176325e-24, nan 
-60.875, -80.625, 2.548796722878983e-24, nan 
-60.625, -80.625, 2.470469680271827e-24, nan 
-60.375, -80.625, 4.337576030235707e-24, nan 
-60.125, -80.625, 5.18741237073547e-24, nan 
-59.875, -80.625, 5.385375067877981e-24, nan 
-59.625, -80.625, 4.191147573072631e-24, nan 
-59.375, -80.625, 3.2335001324031256e-24, nan 
-59.125, -80.625, 4.5355623504380276e-24, nan 
-58.875, -80.625, 3.463182283299057e-24, nan 
-58.625, -80.625, 1.6814329271602594e-24, nan 
-58.375, -80.625, 1.5419496970857e-24, nan 
-58.125, -80.625, 9.185600537545261e-25, nan 
-57.875, -80.625, 7.783455355131039e-25, nan 
-57.625, -80.625, 1.2872392481155124e-24, nan 
-57.375, -80.625, 1.2823495860389427e-24, nan 
-57.125, -80.625, 8.342612862891902e-25, nan 
-56.875, -80.625, 5.384487159602568e-25, nan 
-56.625, -80.625, 1.0736594931020444e-24, nan 
-56.375, -80.625, 8.534983415778629e-25, nan 
-56.125, -80.625, 7.278463629130927e-25, nan 
-55.875, -80.625, 6.975574823168561e-25, nan 
-55.625, -80.625, 6.759764779693078e-25, nan 
-55.375, -80.625, 6.0962458200837295e-25, nan 
-55.125, -80.625, 6.775466089353671e-25, nan 
-54.875, -80.625, 5.449603301296255e-25, nan 
-54.625, -80.625, 7.57751985062138e-25, nan 
-54.375, -80.625, 8.092926153981118e-25, nan 
-54.125, -80.625, 6.83656412204664e-25, nan 
-53.875, -80.625, 7.906866340651348e-25, nan 
-53.625, -80.625, 6.29783848440857e-25, nan 
-53.375, -80.625, 5.541427506586014e-25, nan 
-53.125, -80.625, 4.355692950553847e-25, nan 
-52.875, -80.625, 5.345994247682622e-25, nan 
-52.625, -80.625, 4.2942451307187295e-25, nan 
-52.375, -80.625, 4.401542914149117e-25, nan 
-52.125, -80.625, 4.890369524349237e-25, nan 
-51.875, -80.625, 3.937742507844034e-25, nan 
-51.625, -80.625, 3.6752156873540737e-25, nan 
-51.375, -80.625, 3.413358277045079e-25, nan 
-51.125, -80.625, 4.443062272659243e-25, nan 
-50.875, -80.625, 3.7614947635755723e-25, nan 
-50.625, -80.625, 4.1099177082799964e-25, nan 
-50.375, -80.625, 4.069859626430501e-25, nan 
-50.125, -80.625, 3.264255957429043e-25, nan 
-49.875, -80.625, 2.8340165605405537e-25, nan 
-49.625, -80.625, 3.345982847911206e-25, nan 
-49.375, -80.625, 5.793029635556353e-25, nan 
-49.125, -80.625, 6.437744154865729e-25, nan 
-48.875, -80.625, 2.7139777489195443e-25, nan 
-48.625, -80.625, 8.051951841360319e-25, nan 
-48.375, -80.625, 1.1863144411821287e-24, nan 
-48.125, -80.625, 4.250492148386359e-25, nan 
-47.875, -80.625, 8.770667455283921e-25, nan 
-47.625, -80.625, 6.199693860208974e-25, nan 
-47.375, -80.625, 5.275668201623212e-25, nan 
-47.125, -80.625, 5.048018244143258e-25, nan 
-46.875, -80.625, 4.268657703145308e-25, nan 
-46.625, -80.625, 5.218774642863055e-25, nan 
-46.375, -80.625, 5.408663218225998e-25, nan 
-46.125, -80.625, 5.403421980430644e-25, nan 
-45.875, -80.625, 5.067722442736605e-25, nan 
-45.625, -80.625, 4.728553988728707e-25, nan 
-45.375, -80.625, 4.739388073878705e-25, nan 
-45.125, -80.625, 4.873043954108625e-25, nan 
-44.875, -80.625, 6.376940070973605e-25, nan 
-44.625, -80.625, 5.598745486999205e-25, nan 
-44.375, -80.625, 7.153617132558566e-25, nan 
-44.125, -80.625, 5.010954499526386e-25, nan 
-43.875, -80.625, 4.4659765376592e-25, nan 
-43.625, -80.625, 3.5541409718987917e-25, nan 
-43.375, -80.625, 2.7118373704694485e-25, nan 
-43.125, -80.625, 1.0092196471144959e-25, nan 
-42.875, -80.625, 2.3748956484257026e-25, nan 
-42.625, -80.625, 9.762758600681548e-25, nan 
-42.375, -80.625, 4.0941560208948565e-25, nan 
-42.125, -80.625, 5.648476093140264e-25, nan 
-41.875, -80.625, 8.043866793775657e-25, nan 
-41.625, -80.625, 8.568606732011985e-25, nan 
-41.375, -80.625, 7.267531285188116e-25, nan 
-41.125, -80.625, 1.014247099349474e-24, nan 
-40.875, -80.625, 1.0918450419613778e-24, nan 
-40.625, -80.625, 1.377927925354622e-24, nan 
-40.375, -80.625, 1.69244266801684e-24, nan 
-40.125, -80.625, 1.4455900026194635e-24, nan 
-39.875, -80.625, 1.564213833365213e-24, nan 
-39.625, -80.625, 1.0653523574202216e-24, nan 
-39.375, -80.625, 1.0224399963191326e-24, nan 
-39.125, -80.625, 8.332297697483352e-25, nan 
-38.875, -80.625, 9.700889287361922e-25, nan 
-38.625, -80.625, 7.977050242241485e-25, nan 
-38.375, -80.625, 8.650810676906659e-25, nan 
-38.125, -80.625, 1.2129449407083571e-24, nan 
-37.875, -80.625, 1.4199369823677114e-24, nan 
-37.625, -80.625, 1.3588453441917205e-24, nan 
-37.375, -80.625, 1.2198241965435179e-24, nan 
-37.125, -80.625, 1.4509582436184276e-24, nan 
-36.875, -80.625, 1.8111941449746643e-24, nan 
-36.625, -80.625, 1.7778458045321236e-24, nan 
-36.375, -80.625, 1.597791380687213e-24, nan 
-36.125, -80.625, 1.3409886164125105e-24, nan 
-35.875, -80.625, 1.444940098400531e-24, nan 
-35.625, -80.625, 1.664889959312146e-24, nan 
-35.375, -80.625, 1.2997725082839137e-24, nan 
-35.125, -80.625, 2.029452871847466e-24, nan 
-34.875, -80.625, 1.9844798178030267e-24, nan 
-34.625, -80.625, 1.2732979744252332e-24, nan 
-34.375, -80.625, 7.971259392658908e-25, nan 
-34.125, -80.625, 6.421706422661469e-25, nan 
-33.875, -80.625, 8.130624030379776e-25, nan 
-33.625, -80.625, 1.0645048443782655e-24, nan 
-33.375, -80.625, 2.055738746947298e-24, nan 
-33.125, -80.625, 2.5176153665892848e-24, nan 
-32.875, -80.625, 1.644619536916122e-24, nan 
-32.625, -80.625, 1.7083469256148135e-24, nan 
-32.375, -80.625, 2.744379416837286e-25, nan 
-32.125, -80.625, 1.2297337969562707e-24, nan 
-31.875, -80.625, 1.0011962840672104e-24, nan 
-31.625, -80.625, 1.3948749082007587e-24, nan 
-31.375, -80.625, 2.6834207071922312e-24, nan 
-31.125, -80.625, 1.944870288642756e-24, nan 
-30.875, -80.625, 2.8972637808490897e-24, nan 
-30.625, -80.625, 1.394422989560522e-24, nan 
-30.375, -80.625, 1.7867613814494676e-24, nan 
-30.125, -80.625, 1.8001344775291626e-24, nan 
-29.875, -80.625, 1.795651104430015e-24, nan 
-29.625, -80.625, 2.236040828567453e-24, nan 
-29.375, -80.625, 1.791957779019705e-24, nan 
-29.125, -80.625, 1.9852840616794893e-24, nan 
-28.875, -80.625, 9.779966190087782e-25, nan 
-28.625, -80.625, 1.3854219324062866e-24, nan 
-28.375, -80.625, 1.6652485510047674e-24, nan 
-28.125, -80.625, 1.804189809545878e-24, nan 
-27.875, -80.625, 2.1176759414880134e-24, nan 
-27.625, -80.625, 1.8280950559241312e-24, nan 
-27.375, -80.625, 1.99091457856163e-24, nan 
-27.125, -80.625, 1.9612142994340238e-24, nan 
-26.875, -80.625, 5.814452295261389e-25, nan 
-26.625, -80.625, 6.57798677758475e-25, nan 
-26.375, -80.625, 1.0056454635401955e-24, nan 
-26.125, -80.625, 8.798658268286474e-25, nan 
-25.875, -80.625, 8.875401121951381e-25, nan 
-25.625, -80.625, 8.754236012170444e-25, nan 
-25.375, -80.625, 9.099072306203315e-25, nan 
-25.125, -80.625, 8.161994640953366e-25, nan 
-24.875, -80.625, 9.247602566848892e-25, nan 
-24.625, -80.625, 7.59350047303392e-25, nan 
-24.375, -80.625, 6.998656469486004e-25, nan 
-24.125, -80.625, 7.16283504759972e-25, nan 
-23.875, -80.625, 7.111819268164711e-25, nan 
-23.625, -80.625, 5.127588219385964e-25, nan 
-23.375, -80.625, 4.294143965609733e-25, nan 
-23.125, -80.625, 5.144146750404836e-25, nan 
-22.875, -80.625, 4.318239434665545e-25, nan 
-22.625, -80.625, 3.853017472120418e-25, nan 
-22.375, -80.625, 3.1966239829551413e-25, nan 
-22.125, -80.625, 3.3490671273083316e-25, nan 
-21.875, -80.625, 3.789197184136476e-25, nan 
-21.625, -80.625, 6.59516087501462e-25, nan 
-21.375, -80.625, 4.859780208201164e-25, nan 
-21.125, -80.625, 5.975644385007442e-25, nan 
-20.875, -80.625, 6.951556932718606e-25, nan 
-20.625, -80.625, 7.168404662612163e-25, nan 
-20.375, -80.625, 5.581215166033594e-25, nan 
-20.125, -80.625, 6.629305570912247e-25, nan 
-19.875, -80.625, 1.2911067816103468e-24, nan 
-19.625, -80.625, 1.1010267484205793e-24, nan 
-19.375, -80.625, 1.0093534396617618e-24, nan 
-19.125, -80.625, 8.950652541225824e-25, nan 
-18.875, -80.625, 5.767697699586357e-25, nan 
-18.625, -80.625, 4.805874319100974e-25, nan 
-18.375, -80.625, 5.454371262649533e-25, nan 
-18.125, -80.625, 9.387186008750814e-25, nan 
-17.875, -80.625, 8.924101837783135e-25, nan 
-17.625, -80.625, 7.981714994652408e-25, nan 
-17.375, -80.625, 9.98020604695522e-25, nan 
-17.125, -80.625, 1.3662280632669135e-24, nan 
-16.875, -80.625, 1.723939944688644e-24, nan 
-16.625, -80.625, 1.978183268085887e-24, nan 
-16.375, -80.625, 1.848139004492899e-24, nan 
-16.125, -80.625, 1.9352339106810718e-24, nan 
-15.875, -80.625, 1.774178032328393e-24, nan 
-15.625, -80.625, 1.0799687680736706e-24, nan 
-15.375, -80.625, 1.4744156500253387e-24, nan 
-15.125, -80.625, 1.7679186041805212e-24, nan 
-14.875, -80.625, 1.912712951929543e-24, nan 
-14.625, -80.625, 1.7699108518621386e-24, nan 
-14.375, -80.625, 1.8042649009859272e-24, nan 
-14.125, -80.625, 1.489877479628392e-24, nan 
-13.875, -80.625, 9.050477495088708e-25, nan 
-13.625, -80.625, 4.253254513636866e-25, nan 
-13.375, -80.625, 3.1982262898738574e-25, nan 
-13.125, -80.625, 2.3745212031899287e-25, nan 
-61.125, -80.375, 2.6880801471919088e-24, nan 
-60.875, -80.375, 3.2717665371102623e-24, nan 
-60.625, -80.375, 5.4101164539117586e-24, nan 
-60.375, -80.375, 6.682863100872792e-24, nan 
-60.125, -80.375, 6.49759192650441e-24, nan 
-59.875, -80.375, 5.450684409295291e-24, nan 
-59.625, -80.375, 4.545433881543262e-24, nan 
-59.375, -80.375, 4.766745884119987e-24, nan 
-59.125, -80.375, 9.293260247349752e-24, nan 
-58.875, -80.375, 7.611481942626007e-24, nan 
-58.625, -80.375, 7.605174349645382e-24, nan 
-58.375, -80.375, 3.757123510621643e-24, nan 
-58.125, -80.375, 1.5006228394270443e-24, nan 
-57.875, -80.375, 2.0933594936304243e-24, nan 
-57.625, -80.375, 1.8950131817387647e-24, nan 
-57.375, -80.375, 1.5885179344245972e-24, nan 
-57.125, -80.375, 1.3759764518800022e-24, nan 
-56.875, -80.375, 9.105887325869138e-25, nan 
-56.625, -80.375, 7.507476433036345e-25, nan 
-56.375, -80.375, 5.6430528482251495e-25, nan 
-56.125, -80.375, 5.719191888405173e-25, nan 
-55.875, -80.375, 6.48822803618908e-25, nan 
-55.625, -80.375, 7.219320208642847e-25, nan 
-55.375, -80.375, 6.889239175425577e-25, nan 
-55.125, -80.375, 6.761571888821666e-25, nan 
-54.875, -80.375, 6.3834671283548415e-25, nan 
-54.625, -80.375, 8.397722807861294e-25, nan 
-54.375, -80.375, 9.823412986536905e-25, nan 
-54.125, -80.375, 7.288506855176808e-25, nan 
-53.875, -80.375, 6.328762975088268e-25, nan 
-53.625, -80.375, 6.362135998558286e-25, nan 
-53.375, -80.375, 6.614242366438718e-25, nan 
-53.125, -80.375, 7.004601319088762e-25, nan 
-52.875, -80.375, 8.284823040045705e-25, nan 
-52.625, -80.375, 7.852549622932195e-25, nan 
-52.375, -80.375, 6.070150580940931e-25, nan 
-52.125, -80.375, 1.0129698193724196e-24, nan 
-51.875, -80.375, 1.588346067160152e-24, nan 
-51.625, -80.375, 1.349314857895068e-24, nan 
-51.375, -80.375, 3.3586103118636636e-25, nan 
-51.125, -80.375, 6.51803745872185e-25, nan 
-50.875, -80.375, 7.161107905359363e-25, nan 
-50.625, -80.375, 5.212666928830936e-25, nan 
-50.375, -80.375, 5.136214090386448e-25, nan 
-50.125, -80.375, 3.7419197093658632e-25, nan 
-49.875, -80.375, 3.469194394649599e-25, nan 
-49.625, -80.375, 5.547289364818956e-25, nan 
-49.375, -80.375, 4.928925984687604e-25, nan 
-49.125, -80.375, 5.190301377479102e-25, nan 
-48.875, -80.375, 3.8730622060993005e-25, nan 
-48.625, -80.375, 3.302993530746026e-25, nan 
-48.375, -80.375, 2.3068987213542985e-25, nan 
-48.125, -80.375, 3.929777195369528e-25, nan 
-47.875, -80.375, 3.6935787808782755e-25, nan 
-47.625, -80.375, 2.0184225612583575e-25, nan 
-47.375, -80.375, 4.766691960908245e-25, nan 
-47.125, -80.375, 3.184777057761952e-25, nan 
-46.875, -80.375, 2.6473084780858626e-25, nan 
-46.625, -80.375, 3.4784063509516377e-25, nan 
-46.375, -80.375, 5.013537949520712e-25, nan 
-46.125, -80.375, 4.834684898515624e-25, nan 
-45.875, -80.375, 6.202779747399467e-25, nan 
-45.625, -80.375, 5.881693172482373e-25, nan 
-45.375, -80.375, 5.7208645167029815e-25, nan 
-45.125, -80.375, 5.506134776235602e-25, nan 
-44.875, -80.375, 5.086057064150648e-25, nan 
-44.625, -80.375, 7.338760517012838e-25, nan 
-44.375, -80.375, 6.501737771244188e-25, nan 
-44.125, -80.375, 5.9547538442351855e-25, nan 
-43.875, -80.375, 5.183507242814382e-25, nan 
-43.625, -80.375, 5.069439642941092e-25, nan 
-43.375, -80.375, 3.799834877576035e-25, nan 
-43.125, -80.375, 2.7717827670381063e-25, nan 
-42.875, -80.375, 5.725304693307805e-25, nan 
-42.625, -80.375, 8.209884690480383e-25, nan 
-42.375, -80.375, 7.930427106807968e-25, nan 
-42.125, -80.375, 9.864375154794474e-25, nan 
-41.875, -80.375, 8.927903990864518e-25, nan 
-41.625, -80.375, 9.423847703651274e-25, nan 
-41.375, -80.375, 9.585734824533734e-25, nan 
-41.125, -80.375, 8.786292700846782e-25, nan 
-40.875, -80.375, 1.0628120914696086e-24, nan 
-40.625, -80.375, 9.584389004711135e-25, nan 
-40.375, -80.375, 9.392850966008447e-25, nan 
-40.125, -80.375, 9.764617434770039e-25, nan 
-39.875, -80.375, 9.416095647478665e-25, nan 
-39.625, -80.375, 6.248323614444052e-25, nan 
-39.375, -80.375, 7.420030393206647e-25, nan 
-39.125, -80.375, 7.919102085883743e-25, nan 
-38.875, -80.375, 9.656104275502204e-25, nan 
-38.625, -80.375, 1.1988089434431967e-24, nan 
-38.375, -80.375, 1.52317759036901e-24, nan 
-38.125, -80.375, 1.71352899800852e-24, nan 
-37.875, -80.375, 1.950470127675354e-24, nan 
-37.625, -80.375, 2.0333273735658583e-24, nan 
-37.375, -80.375, 1.7737111327481688e-24, nan 
-37.125, -80.375, 1.694164686194216e-24, nan 
-36.875, -80.375, 2.4531644443385905e-24, nan 
-36.625, -80.375, 2.322013143986523e-24, nan 
-36.375, -80.375, 2.1763378862156766e-24, nan 
-36.125, -80.375, 1.6361774836040985e-24, nan 
-35.875, -80.375, 1.1848255636415887e-24, nan 
-35.625, -80.375, 2.5459722010486433e-24, nan 
-35.375, -80.375, 1.2199646068732821e-24, nan 
-35.125, -80.375, 1.486950778504662e-24, nan 
-34.875, -80.375, 1.6660553144526334e-24, nan 
-34.625, -80.375, 1.860308681058742e-24, nan 
-34.375, -80.375, 2.428377369662582e-24, nan 
-34.125, -80.375, 1.508284452955368e-24, nan 
-33.875, -80.375, 1.4934714501980427e-24, nan 
-33.625, -80.375, 1.4828940950709114e-24, nan 
-33.375, -80.375, 1.2863454054665171e-24, nan 
-33.125, -80.375, 1.3074682127331695e-24, nan 
-32.875, -80.375, 1.0326686327114178e-24, nan 
-32.625, -80.375, 1.8707623712709443e-24, nan 
-32.375, -80.375, 1.5247225909089143e-24, nan 
-32.125, -80.375, 1.3929619544259989e-24, nan 
-31.875, -80.375, 1.0205794259566163e-24, nan 
-31.625, -80.375, 1.1510823449581327e-24, nan 
-31.375, -80.375, 2.1576722252048473e-24, nan 
-31.125, -80.375, 1.706074087770797e-24, nan 
-30.875, -80.375, 2.2737270179547956e-24, nan 
-30.625, -80.375, 8.72708697312125e-25, nan 
-30.375, -80.375, 6.864542465041231e-25, nan 
-30.125, -80.375, 1.1293421620434402e-24, nan 
-29.875, -80.375, 1.2571322581515752e-24, nan 
-29.625, -80.375, 1.0962518982719706e-24, nan 
-29.375, -80.375, 8.307253852955536e-25, nan 
-29.125, -80.375, 6.913098697861e-25, nan 
-28.875, -80.375, 7.6558480876783565e-25, nan 
-28.625, -80.375, 9.890746730961399e-25, nan 
-28.375, -80.375, 1.0920429219968165e-24, nan 
-28.125, -80.375, 9.780582031379119e-25, nan 
-27.875, -80.375, 7.846498278563501e-25, nan 
-27.625, -80.375, 6.073720711403762e-25, nan 
-27.375, -80.375, 4.965566534212721e-25, nan 
-27.125, -80.375, 3.817319839489797e-25, nan 
-26.875, -80.375, 3.669518937704055e-25, nan 
-26.625, -80.375, 3.2898195386536337e-25, nan 
-26.375, -80.375, 3.0170897255115126e-25, nan 
-26.125, -80.375, 3.3353225261712997e-25, nan 
-25.875, -80.375, 2.965448173849292e-25, nan 
-25.625, -80.375, 2.803419265506472e-25, nan 
-25.375, -80.375, 2.859781671355956e-25, nan 
-25.125, -80.375, 3.0052577182512295e-25, nan 
-24.875, -80.375, 3.248759583099467e-25, nan 
-24.625, -80.375, 3.6724417639034457e-25, nan 
-24.375, -80.375, 3.652634705642985e-25, nan 
-24.125, -80.375, 5.395215428923953e-25, nan 
-23.875, -80.375, 5.346602890343631e-25, nan 
-23.625, -80.375, 4.679945805514019e-25, nan 
-23.375, -80.375, 4.591300814310494e-25, nan 
-23.125, -80.375, 4.428696353570336e-25, nan 
-22.875, -80.375, 8.0409765237297905e-25, nan 
-22.625, -80.375, 7.163684888813974e-25, nan 
-22.375, -80.375, 7.450193347077598e-25, nan 
-22.125, -80.375, 7.989777395117244e-25, nan 
-21.875, -80.375, 6.570234784960665e-25, nan 
-21.625, -80.375, 6.623110071924306e-25, nan 
-21.375, -80.375, 8.802611485360301e-25, nan 
-21.125, -80.375, 8.095835823180696e-25, nan 
-20.875, -80.375, 8.235830193014674e-25, nan 
-20.625, -80.375, 8.203006523362309e-25, nan 
-20.375, -80.375, 7.030206031599319e-25, nan 
-20.125, -80.375, 8.030076704647928e-25, nan 
-19.875, -80.375, 5.775791202763901e-25, nan 
-19.625, -80.375, 6.850199074850689e-25, nan 
-19.375, -80.375, 9.823203759065365e-25, nan 
-19.125, -80.375, 1.1244609841761118e-24, nan 
-18.875, -80.375, 1.1117606604533012e-24, nan 
-18.625, -80.375, 1.6651973189834934e-24, nan 
-18.375, -80.375, 2.8871461296546434e-24, nan 
-18.125, -80.375, 3.754803375728929e-24, nan 
-17.875, -80.375, 3.3065518574285714e-24, nan 
-17.625, -80.375, 3.893656723088139e-24, nan 
-17.375, -80.375, 4.082905594173359e-24, nan 
-17.125, -80.375, 2.8172329587283534e-24, nan 
-16.875, -80.375, 1.8055536423595646e-24, nan 
-16.625, -80.375, 2.3825709361508316e-24, nan 
-16.375, -80.375, 2.224614106865244e-24, nan 
-16.125, -80.375, 2.353474034404566e-24, nan 
-15.875, -80.375, 2.297550342338909e-24, nan 
-15.625, -80.375, 2.0629118586559316e-24, nan 
-15.375, -80.375, 2.4780955173131596e-24, nan 
-15.125, -80.375, 2.2910068403151596e-24, nan 
-14.875, -80.375, 2.3562481894599915e-24, nan 
-14.625, -80.375, 2.0145149496572236e-24, nan 
-14.375, -80.375, 2.0393311276111154e-24, nan 
-14.125, -80.375, 1.5341355163750345e-24, nan 
-13.875, -80.375, 1.4143311031739457e-24, nan 
-13.625, -80.375, 1.732320171533379e-24, nan 
-13.375, -80.375, 2.2949632688348055e-24, nan 
-13.125, -80.375, 2.1586277757505032e-24, nan 
-12.875, -80.375, 2.3751221132554366e-24, nan 
-12.625, -80.375, 5.820044387571542e-25, nan 
-12.375, -80.375, 4.7272901052491125e-25, nan 
-12.125, -80.375, 3.8366169627958343e-25, nan 
-11.875, -80.375, 5.10057379283205e-25, nan 
-11.625, -80.375, 5.836671861242589e-25, nan 
-60.375, -80.125, 4.6875419887166076e-24, nan 
-60.125, -80.125, 3.505964069438714e-24, nan 
-59.875, -80.125, 4.012511364498848e-24, nan 
-59.625, -80.125, 3.1600455423294496e-24, nan 
-59.375, -80.125, 6.198563795332113e-24, nan 
-59.125, -80.125, 8.186222283763422e-24, nan 
-58.875, -80.125, 6.423236949068359e-24, nan 
-58.625, -80.125, 8.760846391702937e-24, nan 
-58.375, -80.125, 6.202818500730712e-24, nan 
-58.125, -80.125, 6.014143582955687e-24, nan 
-57.875, -80.125, 5.26642306609071e-24, nan 
-57.625, -80.125, 3.952329518840449e-24, nan 
-57.375, -80.125, 5.94289696044267e-24, nan 
-57.125, -80.125, 8.643315149681314e-25, nan 
-56.875, -80.125, 6.422298643497254e-25, nan 
-56.625, -80.125, 1.646416723197509e-24, nan 
-56.375, -80.125, 2.747391889108601e-24, nan 
-56.125, -80.125, 5.828233796394271e-25, nan 
-55.875, -80.125, 8.556351898160744e-25, nan 
-55.625, -80.125, 8.32366236734095e-25, nan 
-55.375, -80.125, 9.36610821970957e-25, nan 
-55.125, -80.125, 7.233564427918461e-25, nan 
-54.875, -80.125, 7.49748781293818e-25, nan 
-54.625, -80.125, 4.383853662108054e-25, nan 
-54.375, -80.125, 3.7752218444762004e-25, nan 
-54.125, -80.125, 2.120608950367083e-25, nan 
-53.875, -80.125, 3.34301324543775e-25, nan 
-53.625, -80.125, 1.699128527480147e-24, nan 
-53.375, -80.125, 2.336533301936965e-24, nan 
-53.125, -80.125, 2.7868680327728705e-24, nan 
-52.875, -80.125, 2.660339873496194e-24, nan 
-52.625, -80.125, 8.702587414556574e-25, nan 
-52.375, -80.125, 6.892995336097907e-25, nan 
-52.125, -80.125, 2.9631143793513958e-24, nan 
-51.875, -80.125, 3.896418036675166e-24, nan 
-51.625, -80.125, 3.4480550857695494e-24, nan 
-51.375, -80.125, 8.158453977947255e-25, nan 
-51.125, -80.125, 1.3792756481599264e-24, nan 
-50.875, -80.125, 2.2949122148617553e-24, nan 
-50.625, -80.125, 1.9750714783357917e-24, nan 
-50.375, -80.125, 1.4293361223322777e-24, nan 
-50.125, -80.125, 4.844211520919168e-25, nan 
-49.875, -80.125, 1.093888818736691e-24, nan 
-49.625, -80.125, 1.3397140967614244e-24, nan 
-49.375, -80.125, 7.503241486942211e-25, nan 
-49.125, -80.125, 5.3866096002627775e-25, nan 
-48.875, -80.125, 5.879115791205969e-25, nan 
-48.625, -80.125, 4.352639011697956e-25, nan 
-48.375, -80.125, 3.402935056937059e-25, nan 
-48.125, -80.125, 2.397642376749823e-25, nan 
-47.875, -80.125, 1.7290473450042283e-25, nan 
-47.625, -80.125, 1.2747462677902383e-25, nan 
-47.375, -80.125, 2.5344623192582163e-25, nan 
-47.125, -80.125, 2.843764372090175e-25, nan 
-46.875, -80.125, 3.063083321868324e-25, nan 
-46.625, -80.125, 2.267536200632192e-25, nan 
-46.375, -80.125, 2.6601862231716735e-25, nan 
-46.125, -80.125, 2.9255599321663836e-25, nan 
-45.875, -80.125, 2.065993021804185e-25, nan 
-45.625, -80.125, 2.8259461937232834e-25, nan 
-45.375, -80.125, 2.843617429869611e-25, nan 
-45.125, -80.125, 3.233494946938859e-25, nan 
-44.875, -80.125, 4.704234260181945e-25, nan 
-44.625, -80.125, 4.774342417057324e-25, nan 
-44.375, -80.125, 4.7900398495739315e-25, nan 
-44.125, -80.125, 5.898763439479771e-25, nan 
-43.875, -80.125, 5.762459589558273e-25, nan 
-43.625, -80.125, 5.740294367703469e-25, nan 
-43.375, -80.125, 3.6855353814476597e-25, nan 
-43.125, -80.125, 4.884722434841244e-25, nan 
-42.875, -80.125, 8.986913704999578e-25, nan 
-42.625, -80.125, 1.072940454851202e-24, nan 
-42.375, -80.125, 1.1343301896654906e-24, nan 
-42.125, -80.125, 1.2849575512762603e-24, nan 
-41.875, -80.125, 1.152774894963561e-24, nan 
-41.625, -80.125, 1.0114790044548586e-24, nan 
-41.375, -80.125, 1.1663422988688828e-24, nan 
-41.125, -80.125, 1.1208746963503584e-24, nan 
-40.875, -80.125, 1.2136523138856385e-24, nan 
-40.625, -80.125, 1.311120241845453e-24, nan 
-40.375, -80.125, 1.4219388923453529e-24, nan 
-40.125, -80.125, 1.0404884629508568e-24, nan 
-39.875, -80.125, 1.2307560663150653e-24, nan 
-39.625, -80.125, 1.6064115402281796e-24, nan 
-39.375, -80.125, 1.6330881314420403e-24, nan 
-39.125, -80.125, 1.6178697480552569e-24, nan 
-38.875, -80.125, 1.279488655569119e-24, nan 
-38.625, -80.125, 1.2052461858760472e-24, nan 
-38.375, -80.125, 1.6194466099163713e-24, nan 
-38.125, -80.125, 1.4806995966614052e-24, nan 
-37.875, -80.125, 1.7786009475422522e-24, nan 
-37.625, -80.125, 2.1080943413900978e-24, nan 
-37.375, -80.125, 1.938640445391637e-24, nan 
-37.125, -80.125, 1.6331333891780344e-24, nan 
-36.875, -80.125, 1.3148037433077761e-24, nan 
-36.625, -80.125, 1.344049534871661e-24, nan 
-36.375, -80.125, 2.0918460085710258e-24, nan 
-36.125, -80.125, 1.882189924581405e-24, nan 
-35.875, -80.125, 1.0764471602745605e-24, nan 
-35.625, -80.125, 1.4766965467848686e-24, nan 
-35.375, -80.125, 1.6387592483508615e-24, nan 
-35.125, -80.125, 1.5208956767506446e-24, nan 
-34.875, -80.125, 1.4734521463371529e-24, nan 
-34.625, -80.125, 1.6827743194960947e-24, nan 
-34.375, -80.125, 2.6402326103089746e-24, nan 
-34.125, -80.125, 1.9790870952690084e-24, nan 
-33.875, -80.125, 9.154546670052597e-25, nan 
-33.625, -80.125, 8.163464075833095e-25, nan 
-33.375, -80.125, 1.1927447947867976e-24, nan 
-33.125, -80.125, 1.6804341853991084e-24, nan 
-32.875, -80.125, 1.3987425187725176e-24, nan 
-32.625, -80.125, 1.4049745929463565e-24, nan 
-32.375, -80.125, 1.1064112797327791e-24, nan 
-32.125, -80.125, 1.0431728640808939e-24, nan 
-31.875, -80.125, 7.8604230399716785e-25, nan 
-31.625, -80.125, 6.722456324164042e-25, nan 
-31.375, -80.125, 6.658634714333303e-25, nan 
-31.125, -80.125, 5.12165041566542e-25, nan 
-30.875, -80.125, 5.235281385850116e-25, nan 
-30.625, -80.125, 4.310727169511842e-25, nan 
-30.375, -80.125, 8.126103526574352e-25, nan 
-30.125, -80.125, 9.127082249914262e-25, nan 
-29.875, -80.125, 1.0791915420327056e-24, nan 
-29.625, -80.125, 1.1669556180341222e-24, nan 
-29.375, -80.125, 1.3649540100079385e-24, nan 
-29.125, -80.125, 1.0577641591086232e-24, nan 
-28.875, -80.125, 1.09006427355046e-24, nan 
-28.625, -80.125, 1.2609125814394976e-24, nan 
-28.375, -80.125, 1.3100552596699467e-24, nan 
-28.125, -80.125, 1.5003602805380685e-24, nan 
-27.875, -80.125, 9.651004052983085e-25, nan 
-27.625, -80.125, 7.288092916726905e-25, nan 
-27.375, -80.125, 4.267027897153739e-25, nan 
-27.125, -80.125, 3.6060152263171887e-25, nan 
-26.875, -80.125, 3.3682232944000602e-25, nan 
-26.625, -80.125, 3.088561831385319e-25, nan 
-26.375, -80.125, 3.3980638049273095e-25, nan 
-26.125, -80.125, 3.673557410229559e-25, nan 
-25.875, -80.125, 5.504988515667399e-25, nan 
-25.625, -80.125, 8.394723836703081e-25, nan 
-25.375, -80.125, 4.161884308773025e-25, nan 
-25.125, -80.125, 5.485850415660215e-25, nan 
-24.875, -80.125, 8.101725782430753e-25, nan 
-24.625, -80.125, 8.185890229522838e-25, nan 
-24.375, -80.125, 8.60046331259082e-25, nan 
-24.125, -80.125, 1.0221311200915538e-24, nan 
-23.875, -80.125, 9.379334889236485e-25, nan 
-23.625, -80.125, 4.0874500692040554e-25, nan 
-23.375, -80.125, 3.348536904257451e-25, nan 
-23.125, -80.125, 3.4282474619635393e-25, nan 
-22.875, -80.125, 6.085044344686024e-25, nan 
-22.625, -80.125, 6.077444753391308e-25, nan 
-22.375, -80.125, 6.383012247441483e-25, nan 
-22.125, -80.125, 7.586573751713659e-25, nan 
-21.875, -80.125, 7.426969246560912e-25, nan 
-21.625, -80.125, 6.734155004589593e-25, nan 
-21.375, -80.125, 7.7557092250908535e-25, nan 
-21.125, -80.125, 6.35529710035129e-25, nan 
-20.875, -80.125, 8.224144393287239e-25, nan 
-20.625, -80.125, 9.586550598460586e-25, nan 
-20.375, -80.125, 9.019811418126382e-25, nan 
-20.125, -80.125, 7.439464643526351e-25, nan 
-19.875, -80.125, 1.1790496011132828e-24, nan 
-19.625, -80.125, 2.7152604564042523e-24, nan 
-19.375, -80.125, 3.542282642922158e-24, nan 
-19.125, -80.125, 2.888934278202692e-24, nan 
-18.875, -80.125, 3.53889865961574e-24, nan 
-18.625, -80.125, 3.479404467374989e-24, nan 
-18.375, -80.125, 5.844619012586823e-24, nan 
-18.125, -80.125, 7.35926482670622e-24, nan 
-17.875, -80.125, 7.207417957346014e-24, nan 
-17.625, -80.125, 8.910470794347928e-24, nan 
-17.375, -80.125, 9.115488312579156e-24, nan 
-17.125, -80.125, 5.62751652760802e-24, nan 
-16.875, -80.125, 4.825573213271625e-24, nan 
-16.625, -80.125, 4.318327522001647e-24, nan 
-16.375, -80.125, 5.490778352047763e-24, nan 
-16.125, -80.125, 6.927233805803105e-24, nan 
-15.875, -80.125, 4.270957603672033e-24, nan 
-15.625, -80.125, 3.503666164180711e-24, nan 
-15.375, -80.125, 2.6266047466547717e-24, nan 
-15.125, -80.125, 2.1398892940135965e-24, nan 
-14.875, -80.125, 1.5974957443378462e-24, nan 
-14.625, -80.125, 2.0875627201778348e-24, nan 
-14.375, -80.125, 2.2141796433228075e-24, nan 
-14.125, -80.125, 2.1882508917374078e-24, nan 
-13.875, -80.125, 1.817321567839469e-24, nan 
-13.625, -80.125, 2.6884904612957507e-24, nan 
-13.375, -80.125, 3.717438562583581e-24, nan 
-13.125, -80.125, 3.706416462404753e-24, nan 
-12.875, -80.125, 4.400724385914827e-24, nan 
-12.625, -80.125, 1.1555661508152047e-24, nan 
-12.375, -80.125, 1.9835813353058696e-24, nan 
-12.125, -80.125, 2.689287049547738e-24, nan 
-11.875, -80.125, 2.335949980523147e-24, nan 
-11.625, -80.125, 2.6321339391726013e-24, nan 
-11.375, -80.125, 3.7631221464236983e-25, nan 
-11.125, -80.125, 5.470572764767894e-25, nan 
-10.875, -80.125, 5.332958502118765e-25, nan 
-10.625, -80.125, 6.2362562161678965e-25, nan 
-10.375, -80.125, 6.788441129016169e-25, nan 
-10.125, -80.125, 8.42626197395711e-25, nan 
-59.375, -79.875, 6.607521330838447e-24, nan 
-59.125, -79.875, 7.084224388198111e-24, nan 
-58.875, -79.875, 9.004681089484858e-24, nan 
-58.625, -79.875, 8.585888536564487e-24, nan 
-58.375, -79.875, 9.347656467417422e-24, nan 
-58.125, -79.875, 6.3551099229527915e-24, nan 
-57.875, -79.875, 7.450690753332733e-24, nan 
-57.625, -79.875, 1.008578603731859e-23, nan 
-57.375, -79.875, 9.532618175582799e-24, nan 
-57.125, -79.875, 9.609691491534185e-24, nan 
-56.875, -79.875, 7.900702476007902e-24, nan 
-56.625, -79.875, 5.818057249425522e-24, nan 
-56.375, -79.875, 6.722628481279016e-24, nan 
-56.125, -79.875, 2.1278616670858514e-24, nan 
-55.875, -79.875, 1.4866744687530359e-24, nan 
-55.625, -79.875, 1.260780902562784e-24, nan 
-55.375, -79.875, 3.2360246588544987e-24, nan 
-55.125, -79.875, 4.3402847567337814e-24, nan 
-54.875, -79.875, 2.849445982434534e-24, nan 
-54.625, -79.875, 2.1061447693569975e-24, nan 
-54.375, -79.875, 1.5996697109122704e-24, nan 
-54.125, -79.875, 1.4422894194498614e-24, nan 
-53.875, -79.875, 2.564655100146322e-24, nan 
-53.625, -79.875, 4.538174921065079e-24, nan 
-53.375, -79.875, 3.392963674397424e-24, nan 
-53.125, -79.875, 2.4147014115771987e-24, nan 
-52.875, -79.875, 1.6052713234670556e-24, nan 
-52.625, -79.875, 1.4173540290403662e-24, nan 
-52.375, -79.875, 1.7451496700113224e-24, nan 
-52.125, -79.875, 1.6958570382355062e-24, nan 
-51.875, -79.875, 1.648072649833913e-24, nan 
-51.625, -79.875, 1.4117725747098904e-24, nan 
-51.375, -79.875, 1.364584831037296e-24, nan 
-51.125, -79.875, 1.1282269859396187e-24, nan 
-50.875, -79.875, 1.187689680398139e-24, nan 
-50.625, -79.875, 8.311157122897204e-25, nan 
-50.375, -79.875, 7.4269177805043435e-25, nan 
-50.125, -79.875, 8.038020878568595e-25, nan 
-49.875, -79.875, 6.014790767714312e-25, nan 
-49.625, -79.875, 5.644864451552514e-25, nan 
-49.375, -79.875, 7.484592627711233e-25, nan 
-49.125, -79.875, 1.0579229504284313e-24, nan 
-48.875, -79.875, 1.2110516540825782e-24, nan 
-48.625, -79.875, 8.139861129436278e-25, nan 
-48.375, -79.875, 6.310787777060029e-25, nan 
-48.125, -79.875, 6.311726546359001e-25, nan 
-47.875, -79.875, 9.316719156931686e-25, nan 
-47.625, -79.875, 9.91804688487994e-25, nan 
-47.375, -79.875, 7.214004005110284e-25, nan 
-47.125, -79.875, 5.558763226457162e-25, nan 
-46.875, -79.875, 5.563027871645755e-25, nan 
-46.625, -79.875, 1.41515298002258e-25, nan 
-46.375, -79.875, 1.1847535218677304e-25, nan 
-46.125, -79.875, 1.0995460138540473e-25, nan 
-45.875, -79.875, 8.893151129804256e-26, nan 
-45.625, -79.875, 2.249832291960875e-25, nan 
-45.375, -79.875, 4.289684390159206e-25, nan 
-45.125, -79.875, 3.5694938826683375e-25, nan 
-44.875, -79.875, 3.049404795185761e-25, nan 
-44.625, -79.875, 3.4233072748992973e-25, nan 
-44.375, -79.875, 5.112156141137534e-25, nan 
-44.125, -79.875, 6.599363134232579e-25, nan 
-43.875, -79.875, 4.212470484935179e-25, nan 
-43.625, -79.875, 5.221954968289892e-25, nan 
-43.375, -79.875, 1.2250612957876797e-24, nan 
-43.125, -79.875, 1.377448565122533e-24, nan 
-42.875, -79.875, 8.556651750016453e-25, nan 
-42.625, -79.875, 7.986646042326426e-25, nan 
-42.375, -79.875, 8.750530043888996e-25, nan 
-42.125, -79.875, 1.766540280551748e-24, nan 
-41.875, -79.875, 1.7872843478503823e-24, nan 
-41.625, -79.875, 7.305373425292445e-25, nan 
-41.375, -79.875, 6.226206615693731e-25, nan 
-41.125, -79.875, 4.653004978461105e-25, nan 
-40.875, -79.875, 8.327303822744228e-25, nan 
-40.625, -79.875, 7.076217962458198e-25, nan 
-40.375, -79.875, 5.028069715953316e-25, nan 
-40.125, -79.875, 8.513855058380276e-25, nan 
-39.875, -79.875, 1.3643781720228992e-24, nan 
-39.625, -79.875, 1.4375535773607511e-24, nan 
-39.375, -79.875, 1.0947172772143003e-24, nan 
-39.125, -79.875, 9.347423899663092e-25, nan 
-38.875, -79.875, 9.73772705502097e-25, nan 
-38.625, -79.875, 1.161287824885261e-24, nan 
-38.375, -79.875, 1.7575911553265214e-24, nan 
-38.125, -79.875, 1.8899345093818177e-24, nan 
-37.875, -79.875, 2.091074733908538e-24, nan 
-37.625, -79.875, 2.4250342025991467e-24, nan 
-37.375, -79.875, 2.225848826356648e-24, nan 
-37.125, -79.875, 2.4986669318156807e-24, nan 
-36.875, -79.875, 2.3295250392130077e-24, nan 
-36.625, -79.875, 2.5724505388109635e-24, nan 
-36.375, -79.875, 3.0514042891634507e-24, nan 
-36.125, -79.875, 2.888344331887004e-24, nan 
-35.875, -79.875, 2.804883287197879e-24, nan 
-35.625, -79.875, 2.9695670778162193e-24, nan 
-35.375, -79.875, 3.586600983078757e-24, nan 
-35.125, -79.875, 3.201782164924807e-24, nan 
-34.875, -79.875, 2.741725513802172e-24, nan 
-34.625, -79.875, 2.213799588666408e-24, nan 
-34.375, -79.875, 2.0716172937901852e-24, nan 
-34.125, -79.875, 1.8250889612057186e-24, nan 
-33.875, -79.875, 1.8551523857809893e-24, nan 
-33.625, -79.875, 1.96835181067362e-24, nan 
-33.375, -79.875, 1.5639706766789325e-24, nan 
-33.125, -79.875, 1.5379170788984811e-24, nan 
-32.875, -79.875, 1.0823739107325098e-24, nan 
-32.625, -79.875, 8.755248971424325e-25, nan 
-32.375, -79.875, 6.751353735081693e-25, nan 
-32.125, -79.875, 4.392957539096525e-25, nan 
-31.875, -79.875, 4.059933718376423e-25, nan 
-31.625, -79.875, 3.4728115377386914e-25, nan 
-31.375, -79.875, 3.50984692583758e-25, nan 
-31.125, -79.875, 2.9520631442214075e-25, nan 
-30.875, -79.875, 3.4882326313759207e-25, nan 
-30.625, -79.875, 5.834344477395916e-25, nan 
-30.375, -79.875, 4.767149178488101e-25, nan 
-30.125, -79.875, 4.812141380682053e-25, nan 
-29.875, -79.875, 3.912781713826373e-25, nan 
-29.625, -79.875, 4.934136156590205e-25, nan 
-29.375, -79.875, 7.112109448659775e-25, nan 
-29.125, -79.875, 6.431881433851162e-25, nan 
-28.875, -79.875, 7.550868949896278e-25, nan 
-28.625, -79.875, 9.656487297447036e-25, nan 
-28.375, -79.875, 8.241292111162829e-25, nan 
-28.125, -79.875, 7.836232595310208e-25, nan 
-27.875, -79.875, 7.120675543260187e-25, nan 
-27.625, -79.875, 6.412573277036819e-25, nan 
-27.375, -79.875, 6.701119083967878e-25, nan 
-27.125, -79.875, 5.675787452974072e-25, nan 
-26.875, -79.875, 6.908332141314799e-25, nan 
-26.625, -79.875, 5.206911377637542e-25, nan 
-26.375, -79.875, 5.3044994559837125e-25, nan 
-26.125, -79.875, 6.209455735765571e-25, nan 
-25.875, -79.875, 6.496745305384996e-25, nan 
-25.625, -79.875, 9.753376782806992e-25, nan 
-25.375, -79.875, 8.5643129456251e-25, nan 
-25.125, -79.875, 7.399047034849961e-25, nan 
-24.875, -79.875, 1.0556792452230812e-24, nan 
-24.625, -79.875, 1.3679976687347808e-24, nan 
-24.375, -79.875, 1.4207865730263091e-24, nan 
-24.125, -79.875, 1.7405565564801943e-24, nan 
-23.875, -79.875, 1.5831433824448555e-24, nan 
-23.625, -79.875, 9.667492702137582e-25, nan 
-23.375, -79.875, 1.5681099942939388e-24, nan 
-23.125, -79.875, 1.6580110025150125e-24, nan 
-22.875, -79.875, 1.8035410491296056e-24, nan 
-22.625, -79.875, 1.8348448199940174e-24, nan 
-22.375, -79.875, 1.560772667685102e-24, nan 
-22.125, -79.875, 1.6832060471120044e-24, nan 
-21.875, -79.875, 1.769617054501344e-24, nan 
-21.625, -79.875, 1.6440691402427163e-24, nan 
-21.375, -79.875, 1.5801031652987365e-24, nan 
-21.125, -79.875, 1.206951376484296e-24, nan 
-20.875, -79.875, 9.708481218298194e-25, nan 
-20.625, -79.875, 1.0176087165998254e-24, nan 
-20.375, -79.875, 1.5713904065365657e-24, nan 
-20.125, -79.875, 2.1223582725035255e-24, nan 
-19.875, -79.875, 1.906193155427333e-24, nan 
-19.625, -79.875, 2.8857075593658214e-24, nan 
-19.375, -79.875, 1.6118204041962812e-24, nan 
-19.125, -79.875, 2.7318446722073442e-24, nan 
-18.875, -79.875, 2.354279029094646e-24, nan 
-18.625, -79.875, 2.360248183448449e-24, nan 
-18.375, -79.875, 5.1695934787280324e-24, nan 
-18.125, -79.875, 4.0120712704867955e-24, nan 
-17.875, -79.875, 5.360791026182196e-24, nan 
-17.625, -79.875, 5.640357580674353e-24, nan 
-17.375, -79.875, 4.410961386290601e-24, nan 
-17.125, -79.875, 3.324912367761307e-24, nan 
-16.875, -79.875, 1.1205615264775263e-24, nan 
-16.625, -79.875, 1.9774928400400982e-24, nan 
-16.375, -79.875, 2.8097980139979717e-24, nan 
-16.125, -79.875, 3.587249073069501e-24, nan 
-15.875, -79.875, 4.884108600517625e-24, nan 
-15.625, -79.875, 4.656947988065698e-24, nan 
-15.375, -79.875, 3.426237496183546e-24, nan 
-15.125, -79.875, 2.7805683958709015e-24, nan 
-14.875, -79.875, 1.6368984644790684e-24, nan 
-14.625, -79.875, 3.445902166523467e-24, nan 
-14.375, -79.875, 2.3056157056478588e-24, nan 
-14.125, -79.875, 2.3567853009268882e-24, nan 
-13.875, -79.875, 2.2584640739134457e-24, nan 
-13.625, -79.875, 1.833600045691672e-24, nan 
-13.375, -79.875, 2.861019338275927e-24, nan 
-13.125, -79.875, 1.805940567791936e-24, nan 
-12.875, -79.875, 2.768709900243016e-24, nan 
-12.625, -79.875, 1.945171523245869e-24, nan 
-12.375, -79.875, 2.388520857086825e-24, nan 
-12.125, -79.875, 2.5128431156878204e-24, nan 
-11.875, -79.875, 1.0733382458541836e-24, nan 
-11.625, -79.875, 1.4225007921397163e-24, nan 
-11.375, -79.875, 2.2264386389642845e-24, nan 
-11.125, -79.875, 2.4744033152756208e-24, nan 
-10.875, -79.875, 2.4394785520196417e-24, nan 
-10.625, -79.875, 2.4165221955092293e-24, nan 
-10.375, -79.875, 1.8402236793471036e-24, nan 
-10.125, -79.875, 1.2990937347319459e-24, nan 
-9.875, -79.875, 1.8957782212612394e-24, nan 
-9.625, -79.875, 2.4904480742954847e-24, nan 
-9.375, -79.875, 3.174071658860186e-24, nan 
-9.125, -79.875, 2.546722051738478e-24, nan 
-8.875, -79.875, 1.0990639320323074e-24, nan 
-58.625, -79.625, 6.776079245732644e-24, nan 
-58.375, -79.625, 9.583400626274299e-24, nan 
-58.125, -79.625, 8.501185997253154e-24, nan 
-57.875, -79.625, 5.9353610788630366e-24, nan 
-57.625, -79.625, 5.676637760893558e-24, nan 
-57.375, -79.625, 7.61216208282697e-24, nan 
-57.125, -79.625, 9.067214851328054e-24, nan 
-56.875, -79.625, 1.1605500764303254e-23, nan 
-56.625, -79.625, 1.0135191944616135e-23, nan 
-56.375, -79.625, 7.888997674634298e-24, nan 
-56.125, -79.625, 6.134228765011999e-24, nan 
-55.875, -79.625, 6.940103928241286e-24, nan 
-55.625, -79.625, 1.0084664604402226e-23, nan 
-55.375, -79.625, 9.387494327292622e-24, nan 
-55.125, -79.625, 7.698624592508296e-24, nan 
-54.875, -79.625, 4.150220464092878e-24, nan 
-54.625, -79.625, 3.0541883160783543e-24, nan 
-54.375, -79.625, 2.495425659345168e-24, nan 
-54.125, -79.625, 2.8509266817226215e-24, nan 
-53.875, -79.625, 3.797849709699085e-24, nan 
-53.625, -79.625, 3.6712048626881065e-24, nan 
-53.375, -79.625, 3.098398840719062e-24, nan 
-53.125, -79.625, 2.375038031475132e-24, nan 
-52.875, -79.625, 1.834835961485897e-24, nan 
-52.625, -79.625, 2.9047267579052584e-24, nan 
-52.375, -79.625, 2.212860742337526e-24, nan 
-52.125, -79.625, 2.0664980069858347e-24, nan 
-51.875, -79.625, 1.795575494898069e-24, nan 
-51.625, -79.625, 1.613487356673898e-24, nan 
-51.375, -79.625, 1.3127766953696956e-24, nan 
-51.125, -79.625, 1.185212286676404e-24, nan 
-50.875, -79.625, 8.403111565652487e-25, nan 
-50.625, -79.625, 1.0597668419769543e-24, nan 
-50.375, -79.625, 7.214912974158216e-25, nan 
-50.125, -79.625, 7.102746204858014e-25, nan 
-49.875, -79.625, 5.83075584220565e-25, nan 
-49.625, -79.625, 6.182479488506924e-25, nan 
-49.375, -79.625, 5.836648371054139e-25, nan 
-49.125, -79.625, 5.467430576952101e-25, nan 
-48.875, -79.625, 3.3905508580145124e-25, nan 
-48.625, -79.625, 3.097578674680372e-25, nan 
-48.375, -79.625, 5.6103351853069585e-25, nan 
-48.125, -79.625, 8.867317973373674e-25, nan 
-47.875, -79.625, 1.0057831299352576e-24, nan 
-47.625, -79.625, 8.431814060502804e-25, nan 
-47.375, -79.625, 6.534270737261594e-25, nan 
-47.125, -79.625, 5.728020726299165e-25, nan 
-46.875, -79.625, 9.72841910160637e-25, nan 
-46.625, -79.625, 8.391889207724489e-25, nan 
-46.375, -79.625, 6.145309302914546e-25, nan 
-46.125, -79.625, 5.039489659979513e-25, nan 
-45.875, -79.625, 2.9404779417476177e-25, nan 
-45.625, -79.625, 4.267082282334075e-25, nan 
-45.375, -79.625, 5.250027098937178e-25, nan 
-45.125, -79.625, 3.9477553056128933e-25, nan 
-44.875, -79.625, 2.138888626844054e-25, nan 
-44.625, -79.625, 8.499463016339273e-26, nan 
-44.375, -79.625, 1.0087909026694493e-25, nan 
-44.125, -79.625, 2.6214840840376365e-25, nan 
-43.875, -79.625, 4.298467562170839e-25, nan 
-43.625, -79.625, 6.079055584591609e-25, nan 
-43.375, -79.625, 2.954694759954488e-25, nan 
-43.125, -79.625, 4.36805928734498e-25, nan 
-42.875, -79.625, 5.316669427199737e-25, nan 
-42.625, -79.625, 5.078866263107851e-25, nan 
-42.375, -79.625, 8.275763116034193e-25, nan 
-42.125, -79.625, 7.6559129537913485e-25, nan 
-41.875, -79.625, 7.581879284419429e-25, nan 
-41.625, -79.625, 8.237129026407572e-25, nan 
-41.375, -79.625, 5.781764625488345e-25, nan 
-41.125, -79.625, 5.94524274330698e-25, nan 
-40.875, -79.625, 6.205076007861263e-25, nan 
-40.625, -79.625, 7.939064609268689e-25, nan 
-40.375, -79.625, 7.6001834013881725e-25, nan 
-40.125, -79.625, 8.094870959464339e-25, nan 
-39.875, -79.625, 9.361176956225863e-25, nan 
-39.625, -79.625, 7.930574905480662e-25, nan 
-39.375, -79.625, 1.3267500741631478e-24, nan 
-39.125, -79.625, 9.935846959216115e-25, nan 
-38.875, -79.625, 7.436936782313041e-25, nan 
-38.625, -79.625, 5.607734623890742e-25, nan 
-38.375, -79.625, 1.0141855669408404e-24, nan 
-38.125, -79.625, 1.0372977212533381e-24, nan 
-37.875, -79.625, 6.746749657357967e-25, nan 
-37.625, -79.625, 3.8773970802930266e-25, nan 
-37.375, -79.625, 4.241660369813058e-25, nan 
-37.125, -79.625, 1.0521621869856426e-24, nan 
-36.875, -79.625, 9.939875311225555e-25, nan 
-36.625, -79.625, 8.933035640150257e-25, nan 
-36.375, -79.625, 1.8716554454381718e-24, nan 
-36.125, -79.625, 2.0379739141017087e-24, nan 
-35.875, -79.625, 2.0145236854452448e-24, nan 
-35.625, -79.625, 2.3993747450227134e-24, nan 
-35.375, -79.625, 2.7913575793522168e-24, nan 
-35.125, -79.625, 2.533068814531196e-24, nan 
-34.875, -79.625, 2.0482008366888984e-24, nan 
-34.625, -79.625, 1.8354595421297403e-24, nan 
-34.375, -79.625, 1.4555203393805215e-24, nan 
-34.125, -79.625, 1.2091026251418196e-24, nan 
-33.875, -79.625, 6.877247373247587e-25, nan 
-33.625, -79.625, 4.1039624011769722e-25, nan 
-33.375, -79.625, 5.626759040300181e-25, nan 
-33.125, -79.625, 4.229734666925304e-25, nan 
-32.875, -79.625, 4.0572267852493757e-25, nan 
-32.625, -79.625, 3.035359390275976e-25, nan 
-32.375, -79.625, 3.573497066683313e-25, nan 
-32.125, -79.625, 3.2546533580035177e-25, nan 
-31.875, -79.625, 3.587797249176303e-25, nan 
-31.625, -79.625, 2.5468474499707713e-25, nan 
-31.375, -79.625, 3.239065645806973e-25, nan 
-31.125, -79.625, 2.9240357558898376e-25, nan 
-30.875, -79.625, 3.8431869797589297e-25, nan 
-30.625, -79.625, 6.6191974949477515e-25, nan 
-30.375, -79.625, 8.534390567634719e-25, nan 
-30.125, -79.625, 8.610115484657666e-25, nan 
-29.875, -79.625, 1.024204787867636e-24, nan 
-29.625, -79.625, 8.941539194361403e-25, nan 
-29.375, -79.625, 9.549356778759085e-25, nan 
-29.125, -79.625, 1.0559489570943716e-24, nan 
-28.875, -79.625, 1.003254990898518e-24, nan 
-28.625, -79.625, 1.2048786227533421e-24, nan 
-28.375, -79.625, 1.0579797782402989e-24, nan 
-28.125, -79.625, 1.1056307080283192e-24, nan 
-27.875, -79.625, 1.0372524389495372e-24, nan 
-27.625, -79.625, 1.0504353863025634e-24, nan 
-27.375, -79.625, 9.195465680368319e-25, nan 
-27.125, -79.625, 6.997968120379894e-25, nan 
-26.875, -79.625, 6.571852971411239e-25, nan 
-26.625, -79.625, 7.091872155769612e-25, nan 
-26.375, -79.625, 6.81893711535676e-25, nan 
-26.125, -79.625, 6.934970742815764e-25, nan 
-25.875, -79.625, 5.263649980284449e-25, nan 
-25.625, -79.625, 2.949810123948417e-25, nan 
-25.375, -79.625, 5.64170914382172e-25, nan 
-25.125, -79.625, 3.8702048041118873e-25, nan 
-24.875, -79.625, 2.5568866534775422e-25, nan 
-24.625, -79.625, 2.5997483956368156e-25, nan 
-24.375, -79.625, 2.3636222189035797e-25, nan 
-24.125, -79.625, 1.0527349379343544e-25, nan 
-23.875, -79.625, 1.5768029078059077e-25, nan 
-23.625, -79.625, 8.187256807189492e-25, nan 
-23.375, -79.625, 1.4519427347415287e-24, nan 
-23.125, -79.625, 1.6690897632709126e-24, nan 
-22.875, -79.625, 1.8277566605296183e-24, nan 
-22.625, -79.625, 1.848994918696388e-24, nan 
-22.375, -79.625, 1.719170201384357e-24, nan 
-22.125, -79.625, 1.9350716863054712e-24, nan 
-21.875, -79.625, 2.7421354217101413e-24, nan 
-21.625, -79.625, 3.366522759898655e-24, nan 
-21.375, -79.625, 3.54042323742523e-24, nan 
-21.125, -79.625, 3.1345495436163055e-24, nan 
-20.875, -79.625, 2.6309529130346726e-24, nan 
-20.625, -79.625, 2.4825676046622902e-24, nan 
-20.375, -79.625, 3.3150356915796296e-24, nan 
-20.125, -79.625, 3.3122169561268134e-24, nan 
-19.875, -79.625, 2.910978680205312e-24, nan 
-19.625, -79.625, 2.5574673449857973e-24, nan 
-19.375, -79.625, 1.692757120843315e-24, nan 
-19.125, -79.625, 1.432723041966379e-24, nan 
-18.875, -79.625, 1.8410941378483505e-24, nan 
-18.625, -79.625, 2.113779947389767e-24, nan 
-18.375, -79.625, 2.1861991249910013e-24, nan 
-18.125, -79.625, 3.1286593365990093e-24, nan 
-17.875, -79.625, 3.7731542895056244e-24, nan 
-17.625, -79.625, 5.1494082862208384e-24, nan 
-17.375, -79.625, 5.1730431235240136e-24, nan 
-17.125, -79.625, 5.7790416894548254e-24, nan 
-16.875, -79.625, 3.9632402849536804e-24, nan 
-16.625, -79.625, 2.7660811442151508e-24, nan 
-16.375, -79.625, 4.303905491707864e-24, nan 
-16.125, -79.625, 6.0862622342649406e-24, nan 
-15.875, -79.625, 8.313386938863904e-24, nan 
-15.625, -79.625, 7.509825812787593e-24, nan 
-15.375, -79.625, 4.175937300628333e-24, nan 
-15.125, -79.625, 3.0416150705435253e-24, nan 
-14.875, -79.625, 3.817913048119693e-24, nan 
-14.625, -79.625, 5.712061137720204e-24, nan 
-14.375, -79.625, 5.248713907479357e-24, nan 
-14.125, -79.625, 3.699537228874106e-24, nan 
-13.875, -79.625, 2.931770064248528e-24, nan 
-13.625, -79.625, 1.993451971388813e-24, nan 
-13.375, -79.625, 3.1214225116484616e-24, nan 
-13.125, -79.625, 1.8787431290666945e-24, nan 
-12.875, -79.625, 2.5000128058239023e-24, nan 
-12.625, -79.625, 2.7567125227364758e-24, nan 
-12.375, -79.625, 1.8272499466778198e-24, nan 
-12.125, -79.625, 2.2742738154648797e-24, nan 
-11.875, -79.625, 2.2593071305904893e-24, nan 
-11.625, -79.625, 1.930169510445684e-24, nan 
-11.375, -79.625, 2.39259649501006e-24, nan 
-11.125, -79.625, 2.229318605493466e-24, nan 
-10.875, -79.625, 2.1869098268365514e-24, nan 
-10.625, -79.625, 2.228493507150346e-24, nan 
-10.375, -79.625, 2.0961678866414606e-24, nan 
-10.125, -79.625, 1.7992778613677176e-24, nan 
-9.875, -79.625, 2.0367437952792018e-24, nan 
-9.625, -79.625, 2.6667290665329235e-24, nan 
-9.375, -79.625, 4.455093544191462e-24, nan 
-9.125, -79.625, 3.962805075398475e-24, nan 
-8.875, -79.625, 3.441525462800867e-24, nan 
-8.625, -79.625, 3.1444625635610706e-24, nan 
-8.375, -79.625, 3.256625855760085e-24, nan 
-8.125, -79.625, 2.4790761881199932e-24, nan 
-7.875, -79.625, 2.0631102324091658e-24, nan 
-57.875, -79.375, 4.50076302358395e-24, nan 
-57.625, -79.375, 5.9864399269489495e-24, nan 
-57.375, -79.375, 3.9393247548260775e-24, nan 
-57.125, -79.375, 4.11612050690163e-24, nan 
-56.875, -79.375, 4.327729624541723e-24, nan 
-56.625, -79.375, 7.317722259182936e-24, nan 
-56.375, -79.375, 7.66662316102291e-24, nan 
-56.125, -79.375, 9.928144390959856e-24, nan 
-55.875, -79.375, 9.988415983891482e-24, nan 
-55.625, -79.375, 9.623090842276418e-24, nan 
-55.375, -79.375, 7.374995484882614e-24, nan 
-55.125, -79.375, 5.680970127078319e-24, nan 
-54.875, -79.375, 8.995799386139928e-24, nan 
-54.625, -79.375, 8.656241826614286e-24, nan 
-54.375, -79.375, 6.814535463555657e-24, nan 
-54.125, -79.375, 4.194064428286738e-24, nan 
-53.875, -79.375, 1.9323273604665046e-24, nan 
-53.625, -79.375, 3.2709649554198213e-24, nan 
-53.375, -79.375, 3.875306783991961e-24, nan 
-53.125, -79.375, 3.0065068162731036e-24, nan 
-52.875, -79.375, 2.3104336648635446e-24, nan 
-52.625, -79.375, 1.6036155677767965e-24, nan 
-52.375, -79.375, 1.335132165034057e-24, nan 
-52.125, -79.375, 1.356689901186583e-24, nan 
-51.875, -79.375, 1.4241214361256184e-24, nan 
-51.625, -79.375, 1.611832455773603e-24, nan 
-51.375, -79.375, 1.7652967670956947e-24, nan 
-51.125, -79.375, 2.032678807667726e-24, nan 
-50.875, -79.375, 2.0632360361921486e-24, nan 
-50.625, -79.375, 1.353923292339889e-24, nan 
-50.375, -79.375, 1.363343986765909e-24, nan 
-50.125, -79.375, 1.5400891833687308e-24, nan 
-49.875, -79.375, 1.6630219011074524e-24, nan 
-49.625, -79.375, 1.4403802092098776e-24, nan 
-49.375, -79.375, 8.210197629326122e-25, nan 
-49.125, -79.375, 4.0252448033534626e-25, nan 
-48.875, -79.375, 3.40639683573553e-25, nan 
-48.625, -79.375, 4.230745990494285e-25, nan 
-48.375, -79.375, 5.930156340230684e-25, nan 
-48.125, -79.375, 6.949579019463735e-25, nan 
-47.875, -79.375, 8.085852257057985e-25, nan 
-47.625, -79.375, 6.466348020181297e-25, nan 
-47.375, -79.375, 4.967874831087042e-25, nan 
-47.125, -79.375, 7.092558733750856e-25, nan 
-46.875, -79.375, 8.163786843736175e-25, nan 
-46.625, -79.375, 1.0369564913878486e-24, nan 
-46.375, -79.375, 7.188724710431373e-25, nan 
-46.125, -79.375, 4.14441292816612e-25, nan 
-45.875, -79.375, 4.153653097577316e-25, nan 
-45.625, -79.375, 5.247197268350577e-25, nan 
-45.375, -79.375, 8.597212981003542e-25, nan 
-45.125, -79.375, 6.822008703210791e-25, nan 
-44.875, -79.375, 2.984784454797518e-25, nan 
-44.625, -79.375, 2.75640461941177e-25, nan 
-44.375, -79.375, 5.43770391769728e-25, nan 
-44.125, -79.375, 6.868066179588056e-25, nan 
-43.875, -79.375, 7.996928659881186e-25, nan 
-43.625, -79.375, 4.475925099992762e-25, nan 
-43.375, -79.375, 7.999164490055437e-26, nan 
-43.125, -79.375, 4.494037376949093e-25, nan 
-42.875, -79.375, 5.946030267843595e-25, nan 
-42.625, -79.375, 5.949600743622734e-25, nan 
-42.375, -79.375, 5.82263229286271e-25, nan 
-42.125, -79.375, 2.7320894616151e-25, nan 
-41.875, -79.375, 4.480827534239647e-25, nan 
-41.625, -79.375, 7.1648654471390565e-25, nan 
-41.375, -79.375, 6.17538758517298e-25, nan 
-41.125, -79.375, 6.505396268326136e-25, nan 
-40.875, -79.375, 2.1443073913836146e-25, nan 
-40.625, -79.375, 3.100566087922206e-25, nan 
-40.375, -79.375, 2.956365707165637e-25, nan 
-40.125, -79.375, 3.197313111030643e-25, nan 
-39.875, -79.375, 1.3347553488071388e-24, nan 
-39.625, -79.375, 6.658142798522932e-25, nan 
-39.375, -79.375, 9.77618987883623e-25, nan 
-39.125, -79.375, 8.700663997062612e-25, nan 
-38.875, -79.375, 8.361219304877928e-25, nan 
-38.625, -79.375, 1.1153250138944033e-24, nan 
-38.375, -79.375, 6.821878119648711e-25, nan 
-38.125, -79.375, 5.801370278969708e-25, nan 
-37.875, -79.375, 5.932703717804649e-25, nan 
-37.625, -79.375, 6.616701054858034e-25, nan 
-37.375, -79.375, 6.28326884372592e-25, nan 
-37.125, -79.375, 7.3282854433110975e-25, nan 
-36.875, -79.375, 6.138755755544931e-25, nan 
-36.625, -79.375, 5.0387271677307945e-25, nan 
-36.375, -79.375, 7.742691528089012e-25, nan 
-36.125, -79.375, 7.446954182549938e-25, nan 
-35.875, -79.375, 7.394899902434967e-25, nan 
-35.625, -79.375, 8.278930363927252e-25, nan 
-35.375, -79.375, 9.231852760144785e-25, nan 
-35.125, -79.375, 5.747424381204866e-25, nan 
-34.875, -79.375, 6.679094429283373e-25, nan 
-34.625, -79.375, 6.5347432756288e-25, nan 
-34.375, -79.375, 7.106355419087291e-25, nan 
-34.125, -79.375, 7.618093680455108e-25, nan 
-33.875, -79.375, 4.918318552704762e-25, nan 
-33.625, -79.375, 5.853165533153795e-25, nan 
-33.375, -79.375, 7.011017987729453e-25, nan 
-33.125, -79.375, 4.294801298313656e-25, nan 
-32.875, -79.375, 4.502781479059572e-25, nan 
-32.625, -79.375, 2.945910266186258e-25, nan 
-32.375, -79.375, 3.936553144502083e-25, nan 
-32.125, -79.375, 3.6574659145075914e-25, nan 
-31.875, -79.375, 4.269934187301785e-25, nan 
-31.625, -79.375, 3.800259809087935e-25, nan 
-31.375, -79.375, 4.065799177154597e-25, nan 
-31.125, -79.375, 5.415543020915537e-25, nan 
-30.875, -79.375, 3.592919141228457e-25, nan 
-30.625, -79.375, 4.044553511555304e-25, nan 
-30.375, -79.375, 7.043495936524069e-25, nan 
-30.125, -79.375, 5.28238992829129e-25, nan 
-29.875, -79.375, 5.163197951489066e-25, nan 
-29.625, -79.375, 5.469771433223158e-25, nan 
-29.375, -79.375, 5.532980284720852e-25, nan 
-29.125, -79.375, 8.165997608097604e-25, nan 
-28.875, -79.375, 8.20660227875335e-25, nan 
-28.625, -79.375, 8.40732647469724e-25, nan 
-28.375, -79.375, 8.688984720016241e-25, nan 
-28.125, -79.375, 8.96665717568117e-25, nan 
-27.875, -79.375, 8.960053070736045e-25, nan 
-27.625, -79.375, 1.047376691065725e-24, nan 
-27.375, -79.375, 9.621784423979626e-25, nan 
-27.125, -79.375, 7.7608279798463765e-25, nan 
-26.875, -79.375, 7.0256323662775235e-25, nan 
-26.625, -79.375, 6.522111874682908e-25, nan 
-26.375, -79.375, 6.527180333523071e-25, nan 
-26.125, -79.375, 5.221698138129037e-25, nan 
-25.875, -79.375, 6.836762662227078e-25, nan 
-25.625, -79.375, 9.453414657085107e-25, nan 
-25.375, -79.375, 1.050143012710962e-24, nan 
-25.125, -79.375, 9.672696277233846e-25, nan 
-24.875, -79.375, 9.514015628565317e-25, nan 
-24.625, -79.375, 1.1735153524491257e-24, nan 
-24.375, -79.375, 1.495830424124437e-24, nan 
-24.125, -79.375, 1.8778806413279464e-24, nan 
-23.875, -79.375, 1.929202999965728e-24, nan 
-23.625, -79.375, 1.753547134489932e-24, nan 
-23.375, -79.375, 1.7704826470379942e-24, nan 
-23.125, -79.375, 1.2828971079630893e-24, nan 
-22.875, -79.375, 1.6107881626504278e-24, nan 
-22.625, -79.375, 2.32400699243123e-24, nan 
-22.375, -79.375, 2.858979375690398e-24, nan 
-22.125, -79.375, 2.490556013609145e-24, nan 
-21.875, -79.375, 1.0036825593816598e-24, nan 
-21.625, -79.375, 1.460178160636045e-24, nan 
-21.375, -79.375, 2.5259231089734224e-24, nan 
-21.125, -79.375, 2.9875518924896568e-24, nan 
-20.875, -79.375, 2.9007267020473707e-24, nan 
-20.625, -79.375, 3.391422698207374e-24, nan 
-20.375, -79.375, 3.531766760799812e-24, nan 
-20.125, -79.375, 2.3880799665738558e-24, nan 
-19.875, -79.375, 1.6130766744769433e-24, nan 
-19.625, -79.375, 1.7162277585922987e-24, nan 
-19.375, -79.375, 2.2673467754929755e-24, nan 
-19.125, -79.375, 3.59826284786655e-24, nan 
-18.875, -79.375, 1.895756975726476e-24, nan 
-18.625, -79.375, 2.685004466764017e-24, nan 
-18.375, -79.375, 2.3670098055135037e-24, nan 
-18.125, -79.375, 3.212354999152475e-24, nan 
-17.875, -79.375, 3.5812655367866434e-24, nan 
-17.625, -79.375, 3.715902313190449e-24, nan 
-17.375, -79.375, 3.402548751250409e-24, nan 
-17.125, -79.375, 2.8395162330998946e-24, nan 
-16.875, -79.375, 1.8014970269547794e-24, nan 
-16.625, -79.375, 1.6972171233816627e-24, nan 
-16.375, -79.375, 1.7720624870770783e-24, nan 
-16.125, -79.375, 3.2064196193013197e-24, nan 
-15.875, -79.375, 4.344256543473829e-24, nan 
-15.625, -79.375, 4.0765051260352605e-24, nan 
-15.375, -79.375, 3.2964236557781256e-24, nan 
-15.125, -79.375, 3.569891457222235e-24, nan 
-14.875, -79.375, 5.168422152653006e-24, nan 
-14.625, -79.375, 5.257769465239142e-24, nan 
-14.375, -79.375, 4.454738513820104e-24, nan 
-14.125, -79.375, 3.989215930670883e-24, nan 
-13.875, -79.375, 2.9441351974974036e-24, nan 
-13.625, -79.375, 2.1554813551293004e-24, nan 
-13.375, -79.375, 2.211945863357671e-24, nan 
-13.125, -79.375, 2.333056627715819e-24, nan 
-12.875, -79.375, 2.3486206904097335e-24, nan 
-12.625, -79.375, 2.46589499176426e-24, nan 
-12.375, -79.375, 1.8825163772897594e-24, nan 
-12.125, -79.375, 2.2735479146518304e-24, nan 
-11.875, -79.375, 2.243537288359506e-24, nan 
-11.625, -79.375, 1.6142474415810154e-24, nan 
-11.375, -79.375, 1.4348305727988378e-24, nan 
-11.125, -79.375, 1.5191435846302767e-24, nan 
-10.875, -79.375, 1.842108117862157e-24, nan 
-10.625, -79.375, 2.7396733870602386e-24, nan 
-10.375, -79.375, 1.9446158372747057e-24, nan 
-10.125, -79.375, 1.9111756915709755e-24, nan 
-9.875, -79.375, 1.5775089047346513e-24, nan 
-9.625, -79.375, 2.8828918105697554e-24, nan 
-9.375, -79.375, 5.268394014679534e-24, nan 
-9.125, -79.375, 4.742462854058022e-24, nan 
-8.875, -79.375, 4.19543462010605e-24, nan 
-8.625, -79.375, 3.1093593313934604e-24, nan 
-8.375, -79.375, 3.596163050736958e-24, nan 
-8.125, -79.375, 4.215466145741189e-24, nan 
-7.875, -79.375, 2.8581985201881716e-24, nan 
-7.625, -79.375, 1.9398086072457363e-24, nan 
-7.375, -79.375, 1.4699584365036568e-24, nan 
-7.125, -79.375, 2.1530455239592828e-24, nan 
-6.875, -79.375, 3.415927687408456e-24, nan 
-56.875, -79.125, 5.611943161225366e-24, nan 
-56.625, -79.125, 6.774870892799133e-24, nan 
-56.375, -79.125, 7.279298200540998e-24, nan 
-56.125, -79.125, 7.126272025658727e-24, nan 
-55.875, -79.125, 8.088280488052385e-24, nan 
-55.625, -79.125, 8.450977376120229e-24, nan 
-55.375, -79.125, 6.682082657875992e-24, nan 
-55.125, -79.125, 3.431757123473797e-24, nan 
-54.875, -79.125, 4.147989476444855e-24, nan 
-54.625, -79.125, 3.049607885994004e-24, nan 
-54.375, -79.125, 3.3017454464929568e-24, nan 
-54.125, -79.125, 3.257492902015041e-24, nan 
-53.875, -79.125, 2.9352898922754926e-24, nan 
-53.625, -79.125, 3.669599057307802e-24, nan 
-53.375, -79.125, 2.8461888971417606e-24, nan 
-53.125, -79.125, 2.745194168994642e-24, nan 
-52.875, -79.125, 2.3959120679050547e-24, nan 
-52.625, -79.125, 2.5530570146898443e-24, nan 
-52.375, -79.125, 2.3310440224648308e-24, nan 
-52.125, -79.125, 2.1885409912899988e-24, nan 
-51.875, -79.125, 1.0698482902649632e-24, nan 
-51.625, -79.125, 1.4534378320087319e-24, nan 
-51.375, -79.125, 2.453595039568756e-24, nan 
-51.125, -79.125, 3.1903563124894677e-24, nan 
-50.875, -79.125, 3.728975753036102e-24, nan 
-50.625, -79.125, 2.2392328322250935e-24, nan 
-50.375, -79.125, 2.197539547600999e-24, nan 
-50.125, -79.125, 2.4285502867311078e-24, nan 
-49.875, -79.125, 2.5767838280705366e-24, nan 
-49.625, -79.125, 2.922093462636646e-24, nan 
-49.375, -79.125, 1.4164695631892106e-24, nan 
-49.125, -79.125, 4.547479204857135e-25, nan 
-48.875, -79.125, 3.6499102495679534e-25, nan 
-48.625, -79.125, 4.767493773813565e-25, nan 
-48.375, -79.125, 4.268109386498528e-25, nan 
-48.125, -79.125, 6.614540624406836e-25, nan 
-47.875, -79.125, 6.65010344149469e-25, nan 
-47.625, -79.125, 6.928545341900804e-25, nan 
-47.375, -79.125, 1.0241514778152808e-24, nan 
-47.125, -79.125, 7.609351452579525e-25, nan 
-46.875, -79.125, 9.24950788572221e-25, nan 
-46.625, -79.125, 1.362154936089479e-24, nan 
-46.375, -79.125, 1.9155019083905427e-24, nan 
-46.125, -79.125, 1.6156578947565759e-24, nan 
-45.875, -79.125, 1.977726175815999e-24, nan 
-45.625, -79.125, 2.151698966283449e-24, nan 
-45.375, -79.125, 1.642594758362627e-24, nan 
-45.125, -79.125, 2.971994211792444e-25, nan 
-44.875, -79.125, 3.263274899226903e-25, nan 
-44.625, -79.125, 2.7019814335576976e-25, nan 
-44.375, -79.125, 3.265667211670447e-25, nan 
-44.125, -79.125, 3.8516370225689635e-25, nan 
-43.875, -79.125, 4.368076040827194e-25, nan 
-43.625, -79.125, 3.6290888381152014e-25, nan 
-43.375, -79.125, 2.3477449760173133e-25, nan 
-43.125, -79.125, 1.53120268607121e-25, nan 
-42.875, -79.125, 3.7543351250004917e-25, nan 
-42.625, -79.125, 3.755947112917435e-25, nan 
-42.375, -79.125, 4.370736571287961e-25, nan 
-42.125, -79.125, 4.0539854247419043e-25, nan 
-41.875, -79.125, 3.779077363153186e-25, nan 
-41.625, -79.125, 4.481645347034863e-25, nan 
-41.375, -79.125, 6.057786045781517e-25, nan 
-41.125, -79.125, 6.740766639589118e-25, nan 
-40.875, -79.125, 7.4535010031461605e-25, nan 
-40.625, -79.125, 8.277409532537491e-25, nan 
-40.375, -79.125, 7.961600243018468e-25, nan 
-40.125, -79.125, 7.5477225933043935e-25, nan 
-39.875, -79.125, 1.1082722839694527e-24, nan 
-39.625, -79.125, 1.1601428491085447e-24, nan 
-39.375, -79.125, 4.50322107550805e-24, nan 
-39.125, -79.125, 4.129564499450956e-24, nan 
-38.875, -79.125, 8.574659446497253e-25, nan 
-38.625, -79.125, 9.213481854751032e-25, nan 
-38.375, -79.125, 5.748230507557525e-25, nan 
-38.125, -79.125, 6.59459564746828e-25, nan 
-37.875, -79.125, 7.364120672948253e-25, nan 
-37.625, -79.125, 5.628708854845174e-25, nan 
-37.375, -79.125, 7.023503988681875e-25, nan 
-37.125, -79.125, 5.680093819863569e-25, nan 
-36.875, -79.125, 5.384346502130435e-25, nan 
-36.625, -79.125, 6.599043767622209e-25, nan 
-36.375, -79.125, 4.89528485022852e-25, nan 
-36.125, -79.125, 4.797731239917853e-25, nan 
-35.875, -79.125, 4.804281035582774e-25, nan 
-35.625, -79.125, 5.363460018944685e-25, nan 
-35.375, -79.125, 6.876787907152126e-25, nan 
-35.125, -79.125, 2.300440635224753e-25, nan 
-34.875, -79.125, 3.1255737147004447e-25, nan 
-34.625, -79.125, 2.0179299319317349e-25, nan 
-34.375, -79.125, 3.684162391475158e-25, nan 
-34.125, -79.125, 2.620975937397084e-25, nan 
-33.875, -79.125, 5.678254122310687e-25, nan 
-33.625, -79.125, 6.559199022809217e-25, nan 
-33.375, -79.125, 7.497654127416373e-25, nan 
-33.125, -79.125, 5.810275491633448e-25, nan 
-32.875, -79.125, 6.768473976461946e-25, nan 
-32.625, -79.125, 9.341090596831874e-25, nan 
-32.375, -79.125, 8.117980954228234e-25, nan 
-32.125, -79.125, 7.881420368936122e-25, nan 
-31.875, -79.125, 5.383575521026203e-25, nan 
-31.625, -79.125, 4.77621517048086e-25, nan 
-31.375, -79.125, 4.8520938391657095e-25, nan 
-31.125, -79.125, 7.364070526619044e-25, nan 
-30.875, -79.125, 7.042966013221197e-25, nan 
-30.625, -79.125, 7.028864957850662e-25, nan 
-30.375, -79.125, 7.123830533304156e-25, nan 
-30.125, -79.125, 7.900052761088193e-25, nan 
-29.875, -79.125, 1.0128889082097165e-24, nan 
-29.625, -79.125, 7.966917642856579e-25, nan 
-29.375, -79.125, 8.251708979165543e-25, nan 
-29.125, -79.125, 6.8813672642649135e-25, nan 
-28.875, -79.125, 7.955364248031947e-25, nan 
-28.625, -79.125, 8.004188498322769e-25, nan 
-28.375, -79.125, 8.177216795933638e-25, nan 
-28.125, -79.125, 8.007041025791025e-25, nan 
-27.875, -79.125, 7.600404787993937e-25, nan 
-27.625, -79.125, 6.471299311386512e-25, nan 
-27.375, -79.125, 6.266618617799341e-25, nan 
-27.125, -79.125, 6.659457770068862e-25, nan 
-26.875, -79.125, 7.972757908513572e-25, nan 
-26.625, -79.125, 9.62480270473785e-25, nan 
-26.375, -79.125, 8.361915657287613e-25, nan 
-26.125, -79.125, 1.1560390338244542e-24, nan 
-25.875, -79.125, 1.256048522886897e-24, nan 
-25.625, -79.125, 1.4249638237363663e-24, nan 
-25.375, -79.125, 1.5556722163512967e-24, nan 
-25.125, -79.125, 1.7517862138605856e-24, nan 
-24.875, -79.125, 1.6362849583866665e-24, nan 
-24.625, -79.125, 1.7652092180059268e-24, nan 
-24.375, -79.125, 1.8250127512901218e-24, nan 
-24.125, -79.125, 1.8116892234359393e-24, nan 
-23.875, -79.125, 1.6218480679524552e-24, nan 
-23.625, -79.125, 1.450420861385799e-24, nan 
-23.375, -79.125, 1.8428706816403392e-24, nan 
-23.125, -79.125, 1.4691519662172433e-24, nan 
-22.875, -79.125, 1.5837859821764552e-24, nan 
-22.625, -79.125, 2.6006031367888093e-24, nan 
-22.375, -79.125, 2.3238802037364356e-24, nan 
-22.125, -79.125, 3.321220069837396e-24, nan 
-21.875, -79.125, 3.4182558381507484e-24, nan 
-21.625, -79.125, 4.474171694330605e-24, nan 
-21.375, -79.125, 3.572379294684814e-24, nan 
-21.125, -79.125, 2.8260141543849785e-24, nan 
-20.875, -79.125, 3.459099557048418e-24, nan 
-20.625, -79.125, 4.36326534091926e-24, nan 
-20.375, -79.125, 5.465041833578763e-24, nan 
-20.125, -79.125, 3.697296407454346e-24, nan 
-19.875, -79.125, 1.563273482881573e-24, nan 
-19.625, -79.125, 2.5600165043856565e-24, nan 
-19.375, -79.125, 2.5650685791332758e-24, nan 
-19.125, -79.125, 7.731385593670482e-24, nan 
-18.875, -79.125, 3.692620116997732e-24, nan 
-18.625, -79.125, 4.043516752270415e-24, nan 
-18.375, -79.125, 2.9791042399573177e-24, nan 
-18.125, -79.125, 2.2469828708825762e-24, nan 
-17.875, -79.125, 5.680366074623645e-24, nan 
-17.625, -79.125, 2.0322710471539886e-24, nan 
-17.375, -79.125, 3.986522920114928e-24, nan 
-17.125, -79.125, 2.3603876753618485e-24, nan 
-16.875, -79.125, 2.3322278113598034e-24, nan 
-16.625, -79.125, 2.6682727234839298e-24, nan 
-16.375, -79.125, 3.047395954641887e-24, nan 
-16.125, -79.125, 3.052914229393497e-24, nan 
-15.875, -79.125, 1.9036551950009803e-24, nan 
-15.625, -79.125, 2.481878765014993e-24, nan 
-15.375, -79.125, 2.4711582490390314e-24, nan 
-15.125, -79.125, 3.743306155057238e-24, nan 
-14.875, -79.125, 5.334742512463608e-24, nan 
-14.625, -79.125, 3.970126167656422e-24, nan 
-14.375, -79.125, 3.348804873980279e-24, nan 
-14.125, -79.125, 3.061793710393734e-24, nan 
-13.875, -79.125, 3.203145016094897e-24, nan 
-13.625, -79.125, 3.795508598606202e-24, nan 
-13.375, -79.125, 2.418844663026902e-24, nan 
-13.125, -79.125, 1.665129478880286e-24, nan 
-12.875, -79.125, 1.2181280475490718e-24, nan 
-12.625, -79.125, 9.307957385755584e-25, nan 
-12.375, -79.125, 1.117062304134087e-24, nan 
-12.125, -79.125, 8.436839477193354e-25, nan 
-11.875, -79.125, 8.493209448000837e-25, nan 
-11.625, -79.125, 1.0973315605824108e-24, nan 
-11.375, -79.125, 1.3226654855717088e-24, nan 
-11.125, -79.125, 9.572210910640467e-25, nan 
-10.875, -79.125, 1.4935820414302378e-24, nan 
-10.625, -79.125, 1.3845540923817628e-24, nan 
-10.375, -79.125, 3.3003623386318585e-24, nan 
-10.125, -79.125, 2.594767547318897e-24, nan 
-9.875, -79.125, 8.840985044534823e-25, nan 
-9.625, -79.125, 3.0762365836763454e-24, nan 
-9.375, -79.125, 9.98026402356999e-25, nan 
-9.125, -79.125, 5.967342960463132e-24, nan 
-8.875, -79.125, 5.018634190236774e-24, nan 
-8.625, -79.125, 2.6047767123402816e-24, nan 
-8.375, -79.125, 3.546009172096443e-24, nan 
-8.125, -79.125, 2.8414262133137273e-24, nan 
-7.875, -79.125, 4.289843216330327e-24, nan 
-7.625, -79.125, 4.0470323896006735e-24, nan 
-7.375, -79.125, 3.8358321643121815e-24, nan 
-7.125, -79.125, 5.435027297205168e-24, nan 
-6.875, -79.125, 4.172217430160907e-24, nan 
-6.625, -79.125, 5.101309149983794e-24, nan 
-6.375, -79.125, 2.6865566454589004e-24, nan 
-6.125, -79.125, 2.945514659755223e-24, nan 
-5.875, -79.125, 3.512663254493569e-24, nan 
-56.125, -78.875, 6.966155055702817e-24, nan 
-55.875, -78.875, 5.681489080227718e-24, nan 
-55.625, -78.875, 4.5270610408340565e-24, nan 
-55.375, -78.875, 2.041435071885988e-24, nan 
-55.125, -78.875, 3.019498131181595e-24, nan 
-54.875, -78.875, 3.396199745753729e-24, nan 
-54.625, -78.875, 3.1549005909619148e-24, nan 
-54.375, -78.875, 2.9326038821284436e-24, nan 
-54.125, -78.875, 2.2425188598524927e-24, nan 
-53.875, -78.875, 2.56599344428632e-24, nan 
-53.625, -78.875, 2.7200619615310196e-24, nan 
-53.375, -78.875, 2.407483828458445e-24, nan 
-53.125, -78.875, 2.0218662993894446e-24, nan 
-52.875, -78.875, 2.002087491206616e-24, nan 
-52.625, -78.875, 1.40981688204337e-24, nan 
-52.375, -78.875, 2.188834794823075e-24, nan 
-52.125, -78.875, 2.0551042765773717e-24, nan 
-51.875, -78.875, 1.6978036414439448e-24, nan 
-51.625, -78.875, 1.0302778846870966e-24, nan 
-51.375, -78.875, 1.6602543850631122e-24, nan 
-51.125, -78.875, 3.500221776513486e-24, nan 
-50.875, -78.875, 3.916154268456255e-24, nan 
-50.625, -78.875, 3.708276708406656e-24, nan 
-50.375, -78.875, 2.8328246465693496e-24, nan 
-50.125, -78.875, 2.333936280663484e-24, nan 
-49.875, -78.875, 3.1412411193310836e-24, nan 
-49.625, -78.875, 3.553820006725634e-24, nan 
-49.375, -78.875, 3.22743289565099e-24, nan 
-49.125, -78.875, 2.318589146577877e-24, nan 
-48.875, -78.875, 1.4676383892102918e-24, nan 
-48.625, -78.875, 7.757733629703601e-25, nan 
-48.375, -78.875, 5.075034656622276e-25, nan 
-48.125, -78.875, 3.969589745819014e-25, nan 
-47.875, -78.875, 6.404471421735589e-25, nan 
-47.625, -78.875, 1.258682002610886e-24, nan 
-47.375, -78.875, 1.1217632811413294e-24, nan 
-47.125, -78.875, 1.5417734937123793e-24, nan 
-46.875, -78.875, 1.7440343717094656e-24, nan 
-46.625, -78.875, 1.4794052432205587e-24, nan 
-46.375, -78.875, 2.9694466661351513e-24, nan 
-46.125, -78.875, 2.1355833079644823e-24, nan 
-45.875, -78.875, 3.011747420743459e-24, nan 
-45.625, -78.875, 3.384733417043616e-24, nan 
-45.375, -78.875, 2.6712471926517237e-24, nan 
-45.125, -78.875, 2.212052137021592e-24, nan 
-44.875, -78.875, 1.5964931635837834e-24, nan 
-44.625, -78.875, 1.9311709329631403e-24, nan 
-44.375, -78.875, 2.1347396749808643e-24, nan 
-44.125, -78.875, 2.1355943355262506e-24, nan 
-43.875, -78.875, 7.489756060370496e-25, nan 
-43.625, -78.875, 6.963587198188757e-25, nan 
-43.375, -78.875, 7.363550327475136e-25, nan 
-43.125, -78.875, 8.269115016131504e-25, nan 
-42.875, -78.875, 7.8710269948518185e-25, nan 
-42.625, -78.875, 3.0879771155320947e-25, nan 
-42.375, -78.875, 2.172010275883041e-25, nan 
-42.125, -78.875, 2.6185861299949845e-25, nan 
-41.875, -78.875, 3.185764663103628e-25, nan 
-41.625, -78.875, 3.562325615259972e-25, nan 
-41.375, -78.875, 3.5389339667836303e-25, nan 
-41.125, -78.875, 6.19990391344715e-25, nan 
-40.875, -78.875, 5.273709122009458e-25, nan 
-40.625, -78.875, 3.68576502872807e-24, nan 
-40.375, -78.875, 3.3591789566883166e-24, nan 
-40.125, -78.875, 9.000957724677862e-25, nan 
-39.875, -78.875, 1.0655186611463879e-24, nan 
-39.625, -78.875, 1.2516052136574451e-24, nan 
-39.375, -78.875, 7.969663354573766e-24, nan 
-39.125, -78.875, 7.316017332812874e-24, nan 
-38.875, -78.875, 8.550559120827343e-25, nan 
-38.625, -78.875, 9.155970756096473e-25, nan 
-38.375, -78.875, 1.336380285645764e-24, nan 
-38.125, -78.875, 4.282179413409302e-24, nan 
-37.875, -78.875, 4.005258532748819e-24, nan 
-37.625, -78.875, 1.8687435233802012e-25, nan 
-37.375, -78.875, 4.240915539028539e-25, nan 
-37.125, -78.875, 5.391408810027596e-25, nan 
-36.875, -78.875, 2.2596355320001146e-25, nan 
-36.625, -78.875, 2.584008020128913e-25, nan 
-36.375, -78.875, 1.2643967541748635e-25, nan 
-36.125, -78.875, 2.495127409229171e-25, nan 
-35.875, -78.875, 3.204778221648036e-25, nan 
-35.625, -78.875, 2.4936505500822566e-25, nan 
-35.375, -78.875, 2.3465819614791876e-25, nan 
-35.125, -78.875, 3.469630353315989e-25, nan 
-34.875, -78.875, 2.2691045669965233e-25, nan 
-34.625, -78.875, 3.3726714391015943e-25, nan 
-34.375, -78.875, 3.5701502573114476e-25, nan 
-34.125, -78.875, 4.338244540540635e-25, nan 
-33.875, -78.875, 4.81466120278494e-25, nan 
-33.625, -78.875, 5.424561464676828e-25, nan 
-33.375, -78.875, 5.217681414164087e-25, nan 
-33.125, -78.875, 7.338439323084987e-25, nan 
-32.875, -78.875, 9.296107223667909e-25, nan 
-32.625, -78.875, 1.1588785022208404e-24, nan 
-32.375, -78.875, 9.803591683978297e-25, nan 
-32.125, -78.875, 5.263439533907207e-25, nan 
-31.875, -78.875, 6.171702027775088e-25, nan 
-31.625, -78.875, 8.38535559523753e-25, nan 
-31.375, -78.875, 9.63246220047085e-25, nan 
-31.125, -78.875, 9.93129672767597e-25, nan 
-30.875, -78.875, 8.044984869886098e-25, nan 
-30.625, -78.875, 7.630047315368067e-25, nan 
-30.375, -78.875, 8.072324613125582e-25, nan 
-30.125, -78.875, 8.391757110687973e-25, nan 
-29.875, -78.875, 9.559420319540681e-25, nan 
-29.625, -78.875, 9.10155404810769e-25, nan 
-29.375, -78.875, 9.573607082886339e-25, nan 
-29.125, -78.875, 8.860262295229357e-25, nan 
-28.875, -78.875, 8.278629568739753e-25, nan 
-28.625, -78.875, 8.935498147857652e-25, nan 
-28.375, -78.875, 1.0037384667283551e-24, nan 
-28.125, -78.875, 1.064697719914179e-24, nan 
-27.875, -78.875, 1.112625404377534e-24, nan 
-27.625, -78.875, 8.989509621698066e-25, nan 
-27.375, -78.875, 1.0212172716101607e-24, nan 
-27.125, -78.875, 1.2891367737847136e-24, nan 
-26.875, -78.875, 1.3956520517687154e-24, nan 
-26.625, -78.875, 1.2643688762195705e-24, nan 
-26.375, -78.875, 1.750144695311257e-24, nan 
-26.125, -78.875, 1.5669254648897048e-24, nan 
-25.875, -78.875, 1.5108752197995e-24, nan 
-25.625, -78.875, 1.419526634888877e-24, nan 
-25.375, -78.875, 1.3586215313323277e-24, nan 
-25.125, -78.875, 2.005582329985238e-24, nan 
-24.875, -78.875, 1.6005394351294262e-24, nan 
-24.625, -78.875, 1.7533144868016335e-24, nan 
-24.375, -78.875, 1.522116619299689e-24, nan 
-24.125, -78.875, 1.327156015846913e-24, nan 
-23.875, -78.875, 1.9034901857159134e-24, nan 
-23.625, -78.875, 2.0554561608772723e-24, nan 
-23.375, -78.875, 1.8301960844560207e-24, nan 
-23.125, -78.875, 2.379841707960524e-24, nan 
-22.875, -78.875, 3.030030110971902e-24, nan 
-22.625, -78.875, 3.191472260938911e-24, nan 
-22.375, -78.875, 3.6403204738527315e-24, nan 
-22.125, -78.875, 3.588705691728822e-24, nan 
-21.875, -78.875, 3.0438888985211256e-24, nan 
-21.625, -78.875, 3.797097827720869e-24, nan 
-21.375, -78.875, 3.739975163777799e-24, nan 
-21.125, -78.875, 4.897800852582792e-24, nan 
-20.875, -78.875, 4.404470736399147e-24, nan 
-20.625, -78.875, 3.3786117902230576e-24, nan 
-20.375, -78.875, 4.205272961070828e-24, nan 
-20.125, -78.875, 5.577699908262848e-24, nan 
-19.875, -78.875, 4.942165677999427e-24, nan 
-19.625, -78.875, 4.929269454686617e-24, nan 
-19.375, -78.875, 3.072337976329296e-24, nan 
-19.125, -78.875, 5.4910652669117705e-24, nan 
-18.875, -78.875, 4.817504853834387e-24, nan 
-18.625, -78.875, 4.256530354945198e-24, nan 
-18.375, -78.875, 4.1442067874795886e-24, nan 
-18.125, -78.875, 3.1450118787913215e-24, nan 
-17.875, -78.875, 3.601947132406377e-24, nan 
-17.625, -78.875, 3.367529723379373e-24, nan 
-17.375, -78.875, 3.592309871097532e-24, nan 
-17.125, -78.875, 2.9752125374358036e-24, nan 
-16.875, -78.875, 3.394322238774283e-24, nan 
-16.625, -78.875, 4.2391949876726944e-24, nan 
-16.375, -78.875, 5.6661689498297234e-24, nan 
-16.125, -78.875, 4.5829245879175986e-24, nan 
-15.875, -78.875, 4.9007236512763296e-24, nan 
-15.625, -78.875, 5.013685322075428e-24, nan 
-15.375, -78.875, 4.122764794154567e-24, nan 
-15.125, -78.875, 4.0438157718807526e-24, nan 
-14.875, -78.875, 4.131270710959461e-24, nan 
-14.625, -78.875, 3.3974965626505246e-24, nan 
-14.375, -78.875, 3.292654630473863e-24, nan 
-14.125, -78.875, 3.2113834534578563e-24, nan 
-13.875, -78.875, 2.8897849691712114e-24, nan 
-13.625, -78.875, 4.214309800100162e-24, nan 
-13.375, -78.875, 2.939523983533511e-24, nan 
-13.125, -78.875, 3.2599779869160558e-24, nan 
-12.875, -78.875, 1.657735543242878e-24, nan 
-12.625, -78.875, 1.0388982900306445e-24, nan 
-12.375, -78.875, 1.7289425117423e-24, nan 
-12.125, -78.875, 1.5612401938818244e-24, nan 
-11.875, -78.875, 1.2188008675725012e-24, nan 
-11.625, -78.875, 1.0010925699098175e-24, nan 
-11.375, -78.875, 1.096305556721952e-24, nan 
-11.125, -78.875, 8.97991196173143e-25, nan 
-10.875, -78.875, 8.2032213063973745e-25, nan 
-10.625, -78.875, 1.3050131120982502e-24, nan 
-10.375, -78.875, 1.557023539888216e-24, nan 
-10.125, -78.875, 1.777152911922277e-24, nan 
-9.875, -78.875, 1.709270134630461e-24, nan 
-9.625, -78.875, 1.9771892791761647e-24, nan 
-9.375, -78.875, 1.0984139229107908e-24, nan 
-9.125, -78.875, 3.0464835469656775e-24, nan 
-8.875, -78.875, 2.0067824697460637e-24, nan 
-8.625, -78.875, 1.3333877203331458e-24, nan 
-8.375, -78.875, 1.570934875368641e-24, nan 
-8.125, -78.875, 8.91065179072074e-25, nan 
-7.875, -78.875, 1.1751832948276172e-24, nan 
-7.625, -78.875, 2.517921036913365e-24, nan 
-7.375, -78.875, 3.0670052881250846e-24, nan 
-7.125, -78.875, 4.0969735936811355e-24, nan 
-6.875, -78.875, 2.841896496166535e-24, nan 
-6.625, -78.875, 3.4140109521059556e-24, nan 
-6.375, -78.875, 2.6116571775673877e-24, nan 
-6.125, -78.875, 2.214598550603445e-24, nan 
-5.875, -78.875, 1.6630621953604876e-24, nan 
-5.625, -78.875, 1.6587943657864836e-24, nan 
-5.375, -78.875, 1.4441834238235925e-24, nan 
-5.125, -78.875, 1.922194736962093e-24, nan 
-55.625, -78.625, 2.610800919573119e-24, nan 
-55.375, -78.625, 2.1282220507856755e-24, nan 
-55.125, -78.625, 3.0508109737293787e-24, nan 
-54.875, -78.625, 3.2378853702846233e-24, nan 
-54.625, -78.625, 2.570829511472627e-24, nan 
-54.375, -78.625, 2.456656765249226e-24, nan 
-54.125, -78.625, 2.227399684698139e-24, nan 
-53.875, -78.625, 2.8210159024105886e-24, nan 
-53.625, -78.625, 2.8398584448291588e-24, nan 
-53.375, -78.625, 2.5207389222117723e-24, nan 
-53.125, -78.625, 2.247298152720107e-24, nan 
-52.875, -78.625, 1.9437311844675315e-24, nan 
-52.625, -78.625, 1.5742764450869993e-24, nan 
-52.375, -78.625, 1.5804930715359076e-24, nan 
-52.125, -78.625, 1.4022598038162217e-24, nan 
-51.875, -78.625, 1.1366837742178743e-24, nan 
-51.625, -78.625, 1.3072899594389636e-24, nan 
-51.375, -78.625, 1.7556235993551733e-24, nan 
-51.125, -78.625, 2.4932469650422378e-24, nan 
-50.875, -78.625, 2.6707888556824763e-24, nan 
-50.625, -78.625, 2.9281831143383023e-24, nan 
-50.375, -78.625, 2.723203785430323e-24, nan 
-50.125, -78.625, 2.39290954477017e-24, nan 
-49.875, -78.625, 2.6962510354946613e-24, nan 
-49.625, -78.625, 2.7006567593000402e-24, nan 
-49.375, -78.625, 3.0791033644509723e-24, nan 
-49.125, -78.625, 2.627865764693467e-24, nan 
-48.875, -78.625, 1.6076494592008515e-24, nan 
-48.625, -78.625, 1.0487031649004495e-24, nan 
-48.375, -78.625, 9.391087519234886e-25, nan 
-48.125, -78.625, 1.3083063061824691e-24, nan 
-47.875, -78.625, 1.1913460962014255e-24, nan 
-47.625, -78.625, 1.3696764358526785e-24, nan 
-47.375, -78.625, 8.754121825545244e-25, nan 
-47.125, -78.625, 8.482003118521515e-25, nan 
-46.875, -78.625, 1.69791250276988e-24, nan 
-46.625, -78.625, 1.4909275851427392e-24, nan 
-46.375, -78.625, 2.160148250862234e-24, nan 
-46.125, -78.625, 1.3616824459334994e-24, nan 
-45.875, -78.625, 1.1679581769833166e-24, nan 
-45.625, -78.625, 1.503372064361918e-24, nan 
-45.375, -78.625, 1.2163992560234992e-24, nan 
-45.125, -78.625, 1.771661213587244e-24, nan 
-44.875, -78.625, 1.3847049199894902e-24, nan 
-44.625, -78.625, 1.1304793441878592e-24, nan 
-44.375, -78.625, 8.480744359218436e-25, nan 
-44.125, -78.625, 1.030925646633479e-24, nan 
-43.875, -78.625, 9.496495601940592e-25, nan 
-43.625, -78.625, 9.789489449132324e-25, nan 
-43.375, -78.625, 9.408705938213788e-25, nan 
-43.125, -78.625, 9.42916890264011e-25, nan 
-42.875, -78.625, 8.807472767355338e-25, nan 
-42.625, -78.625, 6.959369024041579e-25, nan 
-42.375, -78.625, 6.865938334474752e-25, nan 
-42.125, -78.625, 5.102343786868877e-25, nan 
-41.875, -78.625, 4.8437003719853555e-25, nan 
-41.625, -78.625, 5.169349472608145e-25, nan 
-41.375, -78.625, 4.06872073472094e-25, nan 
-41.125, -78.625, 4.36672208901289e-25, nan 
-40.875, -78.625, 5.178275541698133e-25, nan 
-40.625, -78.625, 4.1123858614026177e-25, nan 
-40.375, -78.625, 5.5779515551363035e-25, nan 
-40.125, -78.625, 9.31665915531129e-25, nan 
-39.875, -78.625, 1.0236073740155135e-24, nan 
-39.625, -78.625, 6.429799246936861e-25, nan 
-39.375, -78.625, 3.487327897151535e-24, nan 
-39.125, -78.625, 3.176592921937165e-24, nan 
-38.875, -78.625, 9.364999937014384e-25, nan 
-38.625, -78.625, 1.128344223189559e-24, nan 
-38.375, -78.625, 1.284928796723955e-24, nan 
-38.125, -78.625, 7.319040359057246e-25, nan 
-37.875, -78.625, 6.730645757135797e-25, nan 
-37.625, -78.625, 5.0183131023161345e-25, nan 
-37.375, -78.625, 7.28342965265722e-25, nan 
-37.125, -78.625, 7.930650300941717e-25, nan 
-36.875, -78.625, 5.087705924160278e-25, nan 
-36.625, -78.625, 5.176001808571397e-25, nan 
-36.375, -78.625, 4.309703224266337e-25, nan 
-36.125, -78.625, 3.794593472919138e-25, nan 
-35.875, -78.625, 5.096429540659078e-25, nan 
-35.625, -78.625, 5.7461794083544985e-25, nan 
-35.375, -78.625, 6.156447464843586e-25, nan 
-35.125, -78.625, 5.470879420013364e-25, nan 
-34.875, -78.625, 7.624177925896389e-25, nan 
-34.625, -78.625, 7.6315315463557385e-25, nan 
-34.375, -78.625, 9.261608240826923e-25, nan 
-34.125, -78.625, 7.46438139248219e-25, nan 
-33.875, -78.625, 9.23154738083514e-25, nan 
-33.625, -78.625, 8.829118982703178e-25, nan 
-33.375, -78.625, 7.933784513122576e-25, nan 
-33.125, -78.625, 9.944045703987265e-25, nan 
-32.875, -78.625, 7.611692717221317e-25, nan 
-32.625, -78.625, 8.11435430870651e-25, nan 
-32.375, -78.625, 5.353648930291269e-25, nan 
-32.125, -78.625, 7.404201767038117e-25, nan 
-31.875, -78.625, 7.730651861721413e-25, nan 
-31.625, -78.625, 8.165448115744486e-25, nan 
-31.375, -78.625, 8.511949346439907e-25, nan 
-31.125, -78.625, 7.768686319467464e-25, nan 
-30.875, -78.625, 6.24141526413781e-25, nan 
-30.625, -78.625, 5.673847065334021e-25, nan 
-30.375, -78.625, 5.963833662440593e-25, nan 
-30.125, -78.625, 6.262946347566049e-25, nan 
-29.875, -78.625, 7.154273580356232e-25, nan 
-29.625, -78.625, 6.990384977522848e-25, nan 
-29.375, -78.625, 7.3390048604588965e-25, nan 
-29.125, -78.625, 7.653148896975471e-25, nan 
-28.875, -78.625, 7.633286936638848e-25, nan 
-28.625, -78.625, 7.520304019616037e-25, nan 
-28.375, -78.625, 8.793635685997921e-25, nan 
-28.125, -78.625, 9.27558492427681e-25, nan 
-27.875, -78.625, 1.0338315251893703e-24, nan 
-27.625, -78.625, 1.0449942395306006e-24, nan 
-27.375, -78.625, 1.049687635257786e-24, nan 
-27.125, -78.625, 1.0882258068039197e-24, nan 
-26.875, -78.625, 1.1927267495568524e-24, nan 
-26.625, -78.625, 1.1075341634791566e-24, nan 
-26.375, -78.625, 1.3052965894420262e-24, nan 
-26.125, -78.625, 9.903076823699017e-25, nan 
-25.875, -78.625, 5.8681132888107595e-25, nan 
-25.625, -78.625, 5.228064182343445e-25, nan 
-25.375, -78.625, 1.1067093837993944e-24, nan 
-25.125, -78.625, 1.0669472224923505e-24, nan 
-24.875, -78.625, 1.3372121504743502e-24, nan 
-24.625, -78.625, 5.653400010433273e-25, nan 
-24.375, -78.625, 1.6532918278032336e-24, nan 
-24.125, -78.625, 1.3647939904571613e-24, nan 
-23.875, -78.625, 1.1960086925342405e-24, nan 
-23.625, -78.625, 1.5455472747244863e-24, nan 
-23.375, -78.625, 1.5465348033832129e-24, nan 
-23.125, -78.625, 1.7650710369162145e-24, nan 
-22.875, -78.625, 1.1512031948371577e-24, nan 
-22.625, -78.625, 1.3317042863416104e-24, nan 
-22.375, -78.625, 1.0318524299542936e-24, nan 
-22.125, -78.625, 1.8495912839723147e-24, nan 
-21.875, -78.625, 1.4173073185107392e-24, nan 
-21.625, -78.625, 2.0830182010345547e-24, nan 
-21.375, -78.625, 2.5924854212081433e-24, nan 
-21.125, -78.625, 3.707740570352229e-24, nan 
-20.875, -78.625, 3.494977852488563e-24, nan 
-20.625, -78.625, 3.168613458600411e-24, nan 
-20.375, -78.625, 4.003797957184042e-24, nan 
-20.125, -78.625, 5.251607386358531e-24, nan 
-19.875, -78.625, 4.298155612379348e-24, nan 
-19.625, -78.625, 6.003434228759244e-24, nan 
-19.375, -78.625, 4.098198748932076e-24, nan 
-19.125, -78.625, 4.1959874250548206e-24, nan 
-18.875, -78.625, 3.354548142242035e-24, nan 
-18.625, -78.625, 3.6944979065012e-24, nan 
-18.375, -78.625, 2.62273471290911e-24, nan 
-18.125, -78.625, 3.4394126675552314e-24, nan 
-17.875, -78.625, 4.323017271180282e-24, nan 
-17.625, -78.625, 5.8866178136376305e-24, nan 
-17.375, -78.625, 8.584857022841298e-24, nan 
-17.125, -78.625, 7.448967712385107e-24, nan 
-16.875, -78.625, 8.562312376202995e-24, nan 
-16.625, -78.625, 9.669087828705118e-24, nan 
-16.375, -78.625, 9.406455943798993e-24, nan 
-16.125, -78.625, 6.86518377560605e-24, nan 
-15.875, -78.625, 5.113034688504372e-24, nan 
-15.625, -78.625, 6.096319606524308e-24, nan 
-15.375, -78.625, 3.8128977647928384e-24, nan 
-15.125, -78.625, 1.5573900373475096e-24, nan 
-14.875, -78.625, 1.690870004589071e-24, nan 
-14.625, -78.625, 2.034330527399083e-24, nan 
-14.375, -78.625, 2.7383090959912387e-24, nan 
-14.125, -78.625, 2.5073450609128306e-24, nan 
-13.875, -78.625, 2.3556659247967676e-24, nan 
-13.625, -78.625, 2.488124824538896e-24, nan 
-13.375, -78.625, 2.5287909695655534e-24, nan 
-13.125, -78.625, 3.0319708776445887e-24, nan 
-12.875, -78.625, 2.2075402954880447e-24, nan 
-12.625, -78.625, 2.1914474281846375e-24, nan 
-12.375, -78.625, 2.175621454545597e-24, nan 
-12.125, -78.625, 1.944529202102983e-24, nan 
-11.875, -78.625, 2.272863234471934e-24, nan 
-11.625, -78.625, 2.1602635930603337e-24, nan 
-11.375, -78.625, 1.705046049295987e-24, nan 
-11.125, -78.625, 1.7514605935734533e-24, nan 
-10.875, -78.625, 1.3055486264051532e-24, nan 
-10.625, -78.625, 1.1530096449482672e-24, nan 
-10.375, -78.625, 1.5627067825651382e-24, nan 
-10.125, -78.625, 1.5885068228708883e-24, nan 
-9.875, -78.625, 1.663356563867532e-24, nan 
-9.625, -78.625, 1.3195402701102158e-24, nan 
-9.375, -78.625, 1.0069528884653258e-24, nan 
-9.125, -78.625, 1.4616642410248412e-24, nan 
-8.875, -78.625, 1.0688586799253996e-24, nan 
-8.625, -78.625, 1.118021562415684e-24, nan 
-8.375, -78.625, 1.0286863578240212e-24, nan 
-8.125, -78.625, 1.0241236395517275e-24, nan 
-7.875, -78.625, 1.2002559981156154e-24, nan 
-7.625, -78.625, 1.2152815115160374e-24, nan 
-7.375, -78.625, 6.695048110175749e-25, nan 
-7.125, -78.625, 1.5309982385768857e-24, nan 
-6.875, -78.625, 8.815579244471455e-25, nan 
-6.625, -78.625, 8.505514714635315e-25, nan 
-6.375, -78.625, 1.6230600474868337e-24, nan 
-6.125, -78.625, 1.3078350696485022e-24, nan 
-5.875, -78.625, 1.4281720054528787e-24, nan 
-5.625, -78.625, 8.263655904232849e-25, nan 
-5.375, -78.625, 7.496170462712421e-25, nan 
-5.125, -78.625, 1.151784335718589e-24, nan 
-4.875, -78.625, 1.5431606438258602e-24, nan 
-4.625, -78.625, 1.0119331423196843e-24, nan 
-4.375, -78.625, 9.886984267600886e-25, nan 
-4.125, -78.625, 8.417928784831786e-25, nan 
-54.875, -78.375, 2.674690360601057e-24, nan 
-54.625, -78.375, 1.4403175912222879e-24, nan 
-54.375, -78.375, 1.5472575109495038e-24, nan 
-54.125, -78.375, 1.5847983089629664e-24, nan 
-53.875, -78.375, 1.732294883494185e-24, nan 
-53.625, -78.375, 2.1927064143729265e-24, nan 
-53.375, -78.375, 1.5566298796470037e-24, nan 
-53.125, -78.375, 1.4547901046969951e-24, nan 
-52.875, -78.375, 1.469643117021128e-24, nan 
-52.625, -78.375, 1.4044585435210219e-24, nan 
-52.375, -78.375, 1.356538147156862e-24, nan 
-52.125, -78.375, 1.1872456600785708e-24, nan 
-51.875, -78.375, 8.458561816998038e-25, nan 
-51.625, -78.375, 1.621134248839583e-24, nan 
-51.375, -78.375, 2.6495033052588747e-24, nan 
-51.125, -78.375, 3.610618092352365e-24, nan 
-50.875, -78.375, 4.051563157261874e-24, nan 
-50.625, -78.375, 3.461553707512539e-24, nan 
-50.375, -78.375, 2.7460860644425822e-24, nan 
-50.125, -78.375, 2.8143454927523327e-24, nan 
-49.875, -78.375, 3.55915512175319e-24, nan 
-49.625, -78.375, 3.63084823567526e-24, nan 
-49.375, -78.375, 3.298186328574299e-24, nan 
-49.125, -78.375, 2.5227587098121923e-24, nan 
-48.875, -78.375, 1.460836673256232e-24, nan 
-48.625, -78.375, 1.0057348416825155e-24, nan 
-48.375, -78.375, 7.568527539853816e-25, nan 
-48.125, -78.375, 1.344722779612819e-24, nan 
-47.875, -78.375, 1.0151500327554326e-24, nan 
-47.625, -78.375, 1.0340881829084365e-24, nan 
-47.375, -78.375, 6.312999768336316e-25, nan 
-47.125, -78.375, 4.993990103724467e-25, nan 
-46.875, -78.375, 1.377297852335211e-24, nan 
-46.625, -78.375, 7.819544878430034e-25, nan 
-46.375, -78.375, 1.3327241728740604e-24, nan 
-46.125, -78.375, 1.0660773628935323e-24, nan 
-45.875, -78.375, 9.03669270627503e-25, nan 
-45.625, -78.375, 1.2986302867481048e-24, nan 
-45.375, -78.375, 6.582668351244865e-25, nan 
-45.125, -78.375, 6.602808796177648e-25, nan 
-44.875, -78.375, 1.0306300718522893e-24, nan 
-44.625, -78.375, 8.940893628584864e-25, nan 
-44.375, -78.375, 8.884709666219957e-25, nan 
-44.125, -78.375, 5.431258902103111e-25, nan 
-43.875, -78.375, 3.8993182587031514e-25, nan 
-43.625, -78.375, 6.569719540633447e-25, nan 
-43.375, -78.375, 1.1530933818234829e-24, nan 
-43.125, -78.375, 1.1077764554521771e-24, nan 
-42.875, -78.375, 7.876664712871444e-25, nan 
-42.625, -78.375, 1.0220428902224819e-24, nan 
-42.375, -78.375, 7.55467417640272e-25, nan 
-42.125, -78.375, 1.1424575940258165e-24, nan 
-41.875, -78.375, 1.0924464716312337e-24, nan 
-41.625, -78.375, 9.069241725307412e-25, nan 
-41.375, -78.375, 9.675404355480672e-25, nan 
-41.125, -78.375, 5.428441454514349e-25, nan 
-40.875, -78.375, 4.698504584957055e-25, nan 
-40.625, -78.375, 3.1950082142785904e-25, nan 
-40.375, -78.375, 3.0626496995780207e-25, nan 
-40.125, -78.375, 2.900718353612151e-25, nan 
-39.875, -78.375, 2.9844922861194892e-25, nan 
-39.625, -78.375, 4.222386795938495e-25, nan 
-39.375, -78.375, 4.340966989729692e-25, nan 
-39.125, -78.375, 6.2071038884267025e-25, nan 
-38.875, -78.375, 8.459991452949173e-25, nan 
-38.625, -78.375, 8.685137869655173e-25, nan 
-38.375, -78.375, 6.326102376893814e-25, nan 
-38.125, -78.375, 4.769008909219394e-25, nan 
-37.875, -78.375, 8.170868260938411e-25, nan 
-37.625, -78.375, 1.0125744220576086e-24, nan 
-37.375, -78.375, 9.486902081489456e-25, nan 
-37.125, -78.375, 9.665037911748665e-25, nan 
-36.875, -78.375, 9.406642663966516e-25, nan 
-36.625, -78.375, 8.175157909779621e-25, nan 
-36.375, -78.375, 9.624314843740197e-25, nan 
-36.125, -78.375, 8.828545155521371e-25, nan 
-35.875, -78.375, 1.0154373486584297e-24, nan 
-35.625, -78.375, 9.547469162800809e-25, nan 
-35.375, -78.375, 1.0379116816499234e-24, nan 
-35.125, -78.375, 1.4227930683808023e-24, nan 
-34.875, -78.375, 1.1924093082846465e-24, nan 
-34.625, -78.375, 1.2108338349414369e-24, nan 
-34.375, -78.375, 1.1975457161808049e-24, nan 
-34.125, -78.375, 1.0565969615618995e-24, nan 
-33.875, -78.375, 1.1052233559550524e-24, nan 
-33.625, -78.375, 9.568135840726134e-25, nan 
-33.375, -78.375, 1.1473747143657508e-24, nan 
-33.125, -78.375, 1.0237051106466512e-24, nan 
-32.875, -78.375, 9.068305692294816e-25, nan 
-32.625, -78.375, 8.260793450335223e-25, nan 
-32.375, -78.375, 6.118928730251211e-25, nan 
-32.125, -78.375, 9.88776418888691e-25, nan 
-31.875, -78.375, 1.12874817867386e-24, nan 
-31.625, -78.375, 9.774747188053584e-25, nan 
-31.375, -78.375, 8.912494314828036e-25, nan 
-31.125, -78.375, 7.739725112352896e-25, nan 
-30.875, -78.375, 6.398630521841169e-25, nan 
-30.625, -78.375, 6.26969544444067e-25, nan 
-30.375, -78.375, 5.71072711839171e-25, nan 
-30.125, -78.375, 5.091042198837917e-25, nan 
-29.875, -78.375, 6.249254873239092e-25, nan 
-29.625, -78.375, 6.115978835794683e-25, nan 
-29.375, -78.375, 7.239737348392368e-25, nan 
-29.125, -78.375, 7.88605574597016e-25, nan 
-28.875, -78.375, 7.185823831085198e-25, nan 
-28.625, -78.375, 7.316240721011668e-25, nan 
-28.375, -78.375, 7.615769919952686e-25, nan 
-28.125, -78.375, 7.1040557517965405e-25, nan 
-27.875, -78.375, 7.580629580459802e-25, nan 
-27.625, -78.375, 8.224272133721081e-25, nan 
-27.375, -78.375, 7.214897715757052e-25, nan 
-27.125, -78.375, 4.973469652144572e-25, nan 
-26.875, -78.375, 6.895959618834103e-25, nan 
-26.625, -78.375, 8.040443672520913e-25, nan 
-26.375, -78.375, 4.540425025008648e-25, nan 
-26.125, -78.375, 2.4037567178821904e-25, nan 
-25.875, -78.375, 4.45952910398662e-25, nan 
-25.625, -78.375, 5.897205363030601e-25, nan 
-25.375, -78.375, 8.346920045468763e-25, nan 
-25.125, -78.375, 8.889712939103474e-25, nan 
-24.875, -78.375, 1.4930786543264929e-24, nan 
-24.625, -78.375, 8.01732693660079e-25, nan 
-24.375, -78.375, 8.767732533345446e-25, nan 
-24.125, -78.375, 1.1042091459658738e-24, nan 
-23.875, -78.375, 1.261274128405651e-24, nan 
-23.625, -78.375, 1.5111059103188683e-24, nan 
-23.375, -78.375, 8.745328383333253e-25, nan 
-23.125, -78.375, 1.103764125955981e-24, nan 
-22.875, -78.375, 8.573047502958637e-25, nan 
-22.625, -78.375, 1.0147148977468866e-24, nan 
-22.375, -78.375, 9.996064244784163e-25, nan 
-22.125, -78.375, 2.503653663336161e-24, nan 
-21.875, -78.375, 2.9365133309461224e-24, nan 
-21.625, -78.375, 3.5404016470818934e-24, nan 
-21.375, -78.375, 4.194954288488329e-24, nan 
-21.125, -78.375, 2.4550742385497904e-24, nan 
-20.875, -78.375, 3.453774676302896e-24, nan 
-20.625, -78.375, 3.727468119370186e-24, nan 
-20.375, -78.375, 5.122207263046021e-24, nan 
-20.125, -78.375, 6.449365727553873e-24, nan 
-19.875, -78.375, 3.7921968254114616e-24, nan 
-19.625, -78.375, 5.9640253784101176e-24, nan 
-19.375, -78.375, 3.807757138934683e-24, nan 
-19.125, -78.375, 3.840462509583911e-24, nan 
-18.875, -78.375, 5.8384444020096474e-24, nan 
-18.625, -78.375, 7.952931108997484e-24, nan 
-18.375, -78.375, 8.155224449168877e-24, nan 
-18.125, -78.375, 8.77034749979236e-24, nan 
-17.875, -78.375, 1.0071844704301701e-23, nan 
-17.625, -78.375, 9.072131740053147e-24, nan 
-17.375, -78.375, 1.0787451035167042e-23, nan 
-17.125, -78.375, 1.1684682473557268e-23, nan 
-16.875, -78.375, 1.3701507614105765e-23, nan 
-16.625, -78.375, 1.6243979610951134e-23, nan 
-16.375, -78.375, 1.4516839800689686e-23, nan 
-16.125, -78.375, 7.990037809918204e-24, nan 
-15.875, -78.375, 6.479823531005834e-24, nan 
-15.625, -78.375, 8.165041513786705e-24, nan 
-15.375, -78.375, 9.712712512881925e-24, nan 
-15.125, -78.375, 1.1463593625543299e-23, nan 
-14.875, -78.375, 5.3901941609289096e-24, nan 
-14.625, -78.375, 4.375146627315303e-24, nan 
-14.375, -78.375, 5.984084230650497e-24, nan 
-14.125, -78.375, 2.931471773758936e-24, nan 
-13.875, -78.375, 1.8729667967832855e-24, nan 
-13.625, -78.375, 1.2109514736496945e-24, nan 
-13.375, -78.375, 1.0884068161893351e-24, nan 
-13.125, -78.375, 4.978137627975871e-25, nan 
-12.875, -78.375, 1.5717784174315978e-24, nan 
-12.625, -78.375, 2.2232503734657524e-24, nan 
-12.375, -78.375, 1.4604456029021991e-24, nan 
-12.125, -78.375, 2.0333728121892684e-24, nan 
-11.875, -78.375, 2.7642491664947777e-24, nan 
-11.625, -78.375, 3.59792224134543e-24, nan 
-11.375, -78.375, 3.384856312018868e-24, nan 
-11.125, -78.375, 2.8190364956382253e-24, nan 
-10.875, -78.375, 2.5258221685376365e-24, nan 
-10.625, -78.375, 2.6417353016987497e-24, nan 
-10.375, -78.375, 4.1477216420293025e-24, nan 
-10.125, -78.375, 4.4207045983893156e-24, nan 
-9.875, -78.375, 3.1210223638901327e-24, nan 
-9.625, -78.375, 2.2318436986817377e-24, nan 
-9.375, -78.375, 1.5747604196937456e-24, nan 
-9.125, -78.375, 2.4492250769253054e-24, nan 
-8.875, -78.375, 1.9707930382441733e-24, nan 
-8.625, -78.375, 1.7756369512679563e-24, nan 
-8.375, -78.375, 1.6946261740134506e-24, nan 
-8.125, -78.375, 1.4519525491239114e-24, nan 
-7.875, -78.375, 9.286602114589514e-25, nan 
-7.625, -78.375, 1.1662230061191474e-24, nan 
-7.375, -78.375, 1.6839366201084598e-24, nan 
-7.125, -78.375, 1.7170536324399756e-24, nan 
-6.875, -78.375, 1.2527760527429534e-24, nan 
-6.625, -78.375, 1.1722376372435156e-24, nan 
-6.375, -78.375, 1.236960291740728e-24, nan 
-6.125, -78.375, 1.0082087617847433e-24, nan 
-5.875, -78.375, 1.3184235527328063e-24, nan 
-5.625, -78.375, 9.873803338790045e-25, nan 
-5.375, -78.375, 8.172242285106388e-25, nan 
-5.125, -78.375, 1.0620660643478412e-24, nan 
-4.875, -78.375, 1.3272026484189484e-24, nan 
-4.625, -78.375, 9.144118567155468e-25, nan 
-4.375, -78.375, 1.712163223066551e-24, nan 
-4.125, -78.375, 1.2189814725798044e-24, nan 
-3.875, -78.375, 3.212809772927408e-24, nan 
-3.625, -78.375, 4.0459169722495374e-24, nan 
-3.375, -78.375, 5.034770239899201e-24, nan 
-54.125, -78.125, 1.3296363842668801e-24, nan 
-53.875, -78.125, 1.320129421340267e-24, nan 
-53.625, -78.125, 1.6787855405848457e-24, nan 
-53.375, -78.125, 1.5199702074345061e-24, nan 
-53.125, -78.125, 1.023450387233032e-24, nan 
-52.875, -78.125, 1.694901070645327e-24, nan 
-52.625, -78.125, 1.3490180696500855e-24, nan 
-52.375, -78.125, 1.9167032987069604e-24, nan 
-52.125, -78.125, 2.007375868941609e-24, nan 
-51.875, -78.125, 1.8028055993627737e-24, nan 
-51.625, -78.125, 1.708071523482497e-24, nan 
-51.375, -78.125, 2.5658413165344962e-24, nan 
-51.125, -78.125, 2.5943487271709794e-24, nan 
-50.875, -78.125, 3.116311033664273e-24, nan 
-50.625, -78.125, 2.9888613656249994e-24, nan 
-50.375, -78.125, 2.901074300327748e-24, nan 
-50.125, -78.125, 2.722403287681624e-24, nan 
-49.875, -78.125, 2.3655190247491815e-24, nan 
-49.625, -78.125, 1.6364816368975811e-24, nan 
-49.375, -78.125, 1.9715491898757663e-24, nan 
-49.125, -78.125, 2.8310229152508093e-24, nan 
-48.875, -78.125, 1.7671293292395252e-24, nan 
-48.625, -78.125, 2.008980929152066e-24, nan 
-48.375, -78.125, 1.2635109766735918e-24, nan 
-48.125, -78.125, 1.2731012032164161e-24, nan 
-47.875, -78.125, 6.711019568569555e-25, nan 
-47.625, -78.125, 5.382611187699825e-25, nan 
-47.375, -78.125, 3.093751058372133e-25, nan 
-47.125, -78.125, 4.658413377741578e-25, nan 
-46.875, -78.125, 1.0244284634389493e-24, nan 
-46.625, -78.125, 7.835867691448213e-25, nan 
-46.375, -78.125, 8.36514035329357e-25, nan 
-46.125, -78.125, 7.1367012350497005e-25, nan 
-45.875, -78.125, 6.349381569266609e-25, nan 
-45.625, -78.125, 6.695907055821997e-25, nan 
-45.375, -78.125, 8.0638553130377855e-25, nan 
-45.125, -78.125, 9.883965234604223e-25, nan 
-44.875, -78.125, 9.463345655378605e-25, nan 
-44.625, -78.125, 9.154444106802813e-25, nan 
-44.375, -78.125, 8.301415846102765e-25, nan 
-44.125, -78.125, 9.06476545830418e-25, nan 
-43.875, -78.125, 7.924096680625192e-25, nan 
-43.625, -78.125, 2.639869744087446e-25, nan 
-43.375, -78.125, 2.5355838107425097e-25, nan 
-43.125, -78.125, 2.9224172416789015e-25, nan 
-42.875, -78.125, 2.404367803173197e-25, nan 
-42.625, -78.125, 4.219754889741323e-25, nan 
-42.375, -78.125, 3.770834700165839e-25, nan 
-42.125, -78.125, 7.703659575683663e-25, nan 
-41.875, -78.125, 6.958125102977365e-25, nan 
-41.625, -78.125, 8.41034973156683e-25, nan 
-41.375, -78.125, 7.469835884785918e-25, nan 
-41.125, -78.125, 7.68939516790434e-25, nan 
-40.875, -78.125, 6.258511658613449e-25, nan 
-40.625, -78.125, 8.731820923294023e-25, nan 
-40.375, -78.125, 6.511626089108692e-25, nan 
-40.125, -78.125, 5.868877533223269e-25, nan 
-39.875, -78.125, 4.559905477100383e-25, nan 
-39.625, -78.125, 6.8858553299520395e-25, nan 
-39.375, -78.125, 5.678339546534624e-25, nan 
-39.125, -78.125, 5.6002468723285745e-25, nan 
-38.875, -78.125, 5.862816616350108e-25, nan 
-38.625, -78.125, 4.778966681248385e-25, nan 
-38.375, -78.125, 5.996635647523332e-25, nan 
-38.125, -78.125, 5.825986222735327e-25, nan 
-37.875, -78.125, 8.370451057956564e-25, nan 
-37.625, -78.125, 1.0791103150868615e-24, nan 
-37.375, -78.125, 1.0047784200623535e-24, nan 
-37.125, -78.125, 1.093401987365413e-24, nan 
-36.875, -78.125, 1.0241536568557394e-24, nan 
-36.625, -78.125, 1.0330368079863349e-24, nan 
-36.375, -78.125, 1.1849734845142454e-24, nan 
-36.125, -78.125, 1.2377484445163125e-24, nan 
-35.875, -78.125, 1.1827399130593472e-24, nan 
-35.625, -78.125, 8.997494310846685e-25, nan 
-35.375, -78.125, 1.0145478342860336e-24, nan 
-35.125, -78.125, 1.2261991223061782e-24, nan 
-34.875, -78.125, 1.0245282368056496e-24, nan 
-34.625, -78.125, 1.2318439200907578e-24, nan 
-34.375, -78.125, 9.19983512114474e-25, nan 
-34.125, -78.125, 1.0891494332944916e-24, nan 
-33.875, -78.125, 8.367002788223673e-25, nan 
-33.625, -78.125, 9.14164294707006e-25, nan 
-33.375, -78.125, 1.1718106457849127e-24, nan 
-33.125, -78.125, 8.06726938540395e-25, nan 
-32.875, -78.125, 1.8898767995308377e-24, nan 
-32.625, -78.125, 1.5169690383235082e-24, nan 
-32.375, -78.125, 1.363622883263379e-24, nan 
-32.125, -78.125, 8.089794696601131e-25, nan 
-31.875, -78.125, 1.2396053435983458e-24, nan 
-31.625, -78.125, 1.4927314066581755e-24, nan 
-31.375, -78.125, 1.4724640774308718e-24, nan 
-31.125, -78.125, 1.4211812213212275e-24, nan 
-30.875, -78.125, 1.0679587421490129e-24, nan 
-30.625, -78.125, 1.0665321534236884e-24, nan 
-30.375, -78.125, 8.031206741865869e-25, nan 
-30.125, -78.125, 5.985401474802433e-25, nan 
-29.875, -78.125, 3.893309853841824e-25, nan 
-29.625, -78.125, 6.112806307830029e-25, nan 
-29.375, -78.125, 7.485847550007016e-25, nan 
-29.125, -78.125, 7.516264420191498e-25, nan 
-28.875, -78.125, 6.652264676686499e-25, nan 
-28.625, -78.125, 6.475879649585293e-25, nan 
-28.375, -78.125, 9.501030146235857e-25, nan 
-28.125, -78.125, 7.597143832178086e-25, nan 
-27.875, -78.125, 7.011025790852919e-25, nan 
-27.625, -78.125, 7.031337297579436e-25, nan 
-27.375, -78.125, 8.971551984559008e-25, nan 
-27.125, -78.125, 5.37109353173375e-25, nan 
-26.875, -78.125, 6.930419203873348e-25, nan 
-26.625, -78.125, 7.674388012853322e-25, nan 
-26.375, -78.125, 6.899535558953404e-25, nan 
-26.125, -78.125, 4.893580451833807e-25, nan 
-25.875, -78.125, 6.929605780275387e-25, nan 
-25.625, -78.125, 9.500493276510941e-25, nan 
-25.375, -78.125, 1.3022229040135607e-24, nan 
-25.125, -78.125, 1.4393893505843678e-24, nan 
-24.875, -78.125, 1.6755565583753042e-24, nan 
-24.625, -78.125, 9.513516600081974e-25, nan 
-24.375, -78.125, 1.3948177614462723e-24, nan 
-24.125, -78.125, 1.921207357693002e-24, nan 
-23.875, -78.125, 2.1987016795383442e-24, nan 
-23.625, -78.125, 2.2195828874701224e-24, nan 
-23.375, -78.125, 1.4534024378869793e-24, nan 
-23.125, -78.125, 1.946926958522265e-24, nan 
-22.875, -78.125, 1.5728096695340928e-24, nan 
-22.625, -78.125, 1.6720648857823575e-24, nan 
-22.375, -78.125, 7.375675235708599e-25, nan 
-22.125, -78.125, 1.7954645427154456e-24, nan 
-21.875, -78.125, 1.6269978326642402e-24, nan 
-21.625, -78.125, 2.1948698673057673e-24, nan 
-21.375, -78.125, 3.429389009656543e-24, nan 
-21.125, -78.125, 1.7073265884375012e-24, nan 
-20.875, -78.125, 3.033815644235876e-24, nan 
-20.625, -78.125, 2.9361545093723425e-24, nan 
-20.375, -78.125, 3.1756185307449e-24, nan 
-20.125, -78.125, 5.644911909546438e-24, nan 
-19.875, -78.125, 2.2603088630246674e-24, nan 
-19.625, -78.125, 4.2202627455049624e-24, nan 
-19.375, -78.125, 3.920143642021893e-24, nan 
-19.125, -78.125, 3.5309746138017174e-24, nan 
-18.875, -78.125, 4.273971505576839e-24, nan 
-18.625, -78.125, 7.493245055215257e-24, nan 
-18.375, -78.125, 6.176690941663862e-24, nan 
-18.125, -78.125, 7.806923590116188e-24, nan 
-17.875, -78.125, 8.426339574467606e-24, nan 
-17.625, -78.125, 6.877042817480078e-24, nan 
-17.375, -78.125, 8.809288219246823e-24, nan 
-17.125, -78.125, 7.58899245717515e-24, nan 
-16.875, -78.125, 1.0308546459816785e-23, nan 
-16.625, -78.125, 1.2129729546895629e-23, nan 
-16.375, -78.125, 1.0116150429076936e-23, nan 
-16.125, -78.125, 5.755459409918388e-24, nan 
-15.875, -78.125, 4.365647856815466e-24, nan 
-15.625, -78.125, 6.2775315251136905e-24, nan 
-15.375, -78.125, 6.394635245657996e-24, nan 
-15.125, -78.125, 1.0097766440814228e-23, nan 
-14.875, -78.125, 4.3343354668915095e-24, nan 
-14.625, -78.125, 7.42212906897702e-24, nan 
-14.375, -78.125, 1.0915451397704586e-23, nan 
-14.125, -78.125, 4.7057918326933544e-24, nan 
-13.875, -78.125, 5.5564707271459304e-24, nan 
-13.625, -78.125, 1.1422222020750778e-24, nan 
-13.375, -78.125, 4.324985427597826e-24, nan 
-13.125, -78.125, 5.908428398841433e-24, nan 
-12.875, -78.125, 2.4210918457180897e-24, nan 
-12.625, -78.125, 1.954753154882666e-24, nan 
-12.375, -78.125, 1.9718188055347822e-24, nan 
-12.125, -78.125, 2.128437467265569e-24, nan 
-11.875, -78.125, 2.0676592072355477e-24, nan 
-11.625, -78.125, 2.171387336674919e-24, nan 
-11.375, -78.125, 1.3841418248304347e-24, nan 
-11.125, -78.125, 1.8760739392835268e-24, nan 
-10.875, -78.125, 2.7443643531685456e-24, nan 
-10.625, -78.125, 2.6248920992618852e-24, nan 
-10.375, -78.125, 2.602485523857295e-24, nan 
-10.125, -78.125, 2.7314825255072953e-24, nan 
-9.875, -78.125, 2.4541763608315225e-24, nan 
-9.625, -78.125, 3.703376975376817e-24, nan 
-9.375, -78.125, 2.890508122280988e-24, nan 
-9.125, -78.125, 1.2978376455419283e-24, nan 
-8.875, -78.125, 1.406662252698406e-24, nan 
-8.625, -78.125, 2.6303834747060403e-24, nan 
-8.375, -78.125, 3.1835573290398825e-24, nan 
-8.125, -78.125, 2.1745564127663068e-24, nan 
-7.875, -78.125, 1.690428087668243e-24, nan 
-7.625, -78.125, 1.71077884707381e-24, nan 
-7.375, -78.125, 2.5178213266456474e-24, nan 
-7.125, -78.125, 2.7588858348672465e-24, nan 
-6.875, -78.125, 9.846798382175711e-24, nan 
-6.625, -78.125, 1.140830470595209e-23, nan 
-6.375, -78.125, 9.90806148327075e-24, nan 
-6.125, -78.125, 1.435768762704241e-24, nan 
-5.875, -78.125, 6.523998368885066e-25, nan 
-5.625, -78.125, 4.086954004241015e-25, nan 
-5.375, -78.125, 9.299508508957113e-25, nan 
-5.125, -78.125, 2.153615984391167e-24, nan 
-4.875, -78.125, 2.8037932551004324e-24, nan 
-4.625, -78.125, 3.576037698748513e-24, nan 
-4.375, -78.125, 4.85281705022757e-24, nan 
-4.125, -78.125, 5.257893819404264e-24, nan 
-3.875, -78.125, 5.7796175408647664e-24, nan 
-3.625, -78.125, 6.647212576210506e-24, nan 
-3.375, -78.125, 7.576562828232696e-24, nan 
-3.125, -78.125, 8.843163678360388e-24, nan 
-2.875, -78.125, 9.497651470239596e-24, nan 
-2.625, -78.125, 8.05894242378839e-24, nan 
-53.375, -77.875, 1.6150687294386058e-24, nan 
-53.125, -77.875, 1.1342899006482415e-24, nan 
-52.875, -77.875, 1.626473453718298e-24, nan 
-52.625, -77.875, 1.692872276760249e-24, nan 
-52.375, -77.875, 1.9080116152946942e-24, nan 
-52.125, -77.875, 1.9402391808051757e-24, nan 
-51.875, -77.875, 1.6865790394649652e-24, nan 
-51.625, -77.875, 1.6631525268381777e-24, nan 
-51.375, -77.875, 1.8811355664568452e-24, nan 
-51.125, -77.875, 1.76199627372862e-24, nan 
-50.875, -77.875, 2.166496869212896e-24, nan 
-50.625, -77.875, 2.8496809161247313e-24, nan 
-50.375, -77.875, 3.663292074356374e-24, nan 
-50.125, -77.875, 3.3719575160746814e-24, nan 
-49.875, -77.875, 3.0339143945109347e-24, nan 
-49.625, -77.875, 2.456560535298553e-24, nan 
-49.375, -77.875, 2.2825570766075e-24, nan 
-49.125, -77.875, 2.6007959763883488e-24, nan 
-48.875, -77.875, 2.4287151353905342e-24, nan 
-48.625, -77.875, 2.3457871326121265e-24, nan 
-48.375, -77.875, 1.904005491320815e-24, nan 
-48.125, -77.875, 1.5488452121133587e-24, nan 
-47.875, -77.875, 8.048259206300841e-25, nan 
-47.625, -77.875, 8.732318536619352e-25, nan 
-47.375, -77.875, 7.0516656385069395e-25, nan 
-47.125, -77.875, 8.698155340440439e-25, nan 
-46.875, -77.875, 8.921396566995357e-25, nan 
-46.625, -77.875, 1.0326520128519784e-24, nan 
-46.375, -77.875, 6.779078390757025e-25, nan 
-46.125, -77.875, 5.704629014370316e-25, nan 
-45.875, -77.875, 7.457027298044122e-25, nan 
-45.625, -77.875, 8.586966269666419e-25, nan 
-45.375, -77.875, 8.931491590807299e-25, nan 
-45.125, -77.875, 6.524112677855321e-25, nan 
-44.875, -77.875, 6.623976623605531e-25, nan 
-44.625, -77.875, 9.145904726746453e-25, nan 
-44.375, -77.875, 1.1347543312964393e-24, nan 
-44.125, -77.875, 1.127772215865626e-24, nan 
-43.875, -77.875, 9.178144672756216e-25, nan 
-43.625, -77.875, 8.109582579788209e-25, nan 
-43.375, -77.875, 1.0792307556990509e-24, nan 
-43.125, -77.875, 1.2240794186178112e-24, nan 
-42.875, -77.875, 1.098552669525099e-24, nan 
-42.625, -77.875, 7.614512651668096e-25, nan 
-42.375, -77.875, 1.1230347605072278e-24, nan 
-42.125, -77.875, 1.0863718463334679e-24, nan 
-41.875, -77.875, 1.4404047951906444e-24, nan 
-41.625, -77.875, 1.0967625555831746e-24, nan 
-41.375, -77.875, 1.2892271359994973e-24, nan 
-41.125, -77.875, 8.494629607632363e-25, nan 
-40.875, -77.875, 8.00725781332055e-25, nan 
-40.625, -77.875, 1.0449550949592041e-24, nan 
-40.375, -77.875, 1.0092698707383396e-24, nan 
-40.125, -77.875, 8.670680215527373e-25, nan 
-39.875, -77.875, 7.654961179258159e-25, nan 
-39.625, -77.875, 6.301340734395354e-25, nan 
-39.375, -77.875, 7.860246817483861e-25, nan 
-39.125, -77.875, 5.999469498895771e-25, nan 
-38.875, -77.875, 6.323409627516633e-25, nan 
-38.625, -77.875, 7.796465077551078e-25, nan 
-38.375, -77.875, 8.96300079231633e-25, nan 
-38.125, -77.875, 8.380659283954926e-25, nan 
-37.875, -77.875, 8.814111571128246e-25, nan 
-37.625, -77.875, 9.861569481802616e-25, nan 
-37.375, -77.875, 1.0304837995599044e-24, nan 
-37.125, -77.875, 9.560910654655894e-25, nan 
-36.875, -77.875, 7.885474597434463e-25, nan 
-36.625, -77.875, 8.93541784957131e-25, nan 
-36.375, -77.875, 9.109453223926467e-25, nan 
-36.125, -77.875, 1.0657255261145864e-24, nan 
-35.875, -77.875, 7.076248317845393e-25, nan 
-35.625, -77.875, 6.591201013997489e-25, nan 
-35.375, -77.875, 5.208772956213608e-25, nan 
-35.125, -77.875, 5.943253290210205e-25, nan 
-34.875, -77.875, 8.389790610406817e-25, nan 
-34.625, -77.875, 3.965873727436696e-25, nan 
-34.375, -77.875, 6.101055733793713e-25, nan 
-34.125, -77.875, 8.434038219488015e-25, nan 
-33.875, -77.875, 9.112603481834833e-25, nan 
-33.625, -77.875, 6.7466739897901585e-25, nan 
-33.375, -77.875, 2.749523754620082e-25, nan 
-33.125, -77.875, 8.997370811249774e-25, nan 
-32.875, -77.875, 1.739074960772038e-24, nan 
-32.625, -77.875, 1.6352771031534561e-24, nan 
-32.375, -77.875, 1.6315399753467827e-24, nan 
-32.125, -77.875, 4.7888130511450555e-25, nan 
-31.875, -77.875, 8.730578568027617e-25, nan 
-31.625, -77.875, 1.5211248842251484e-24, nan 
-31.375, -77.875, 1.8564381284559438e-24, nan 
-31.125, -77.875, 1.930624796457575e-24, nan 
-30.875, -77.875, 1.5424952646695878e-24, nan 
-30.625, -77.875, 1.1790421392411312e-24, nan 
-30.375, -77.875, 1.2760347277148514e-24, nan 
-30.125, -77.875, 1.4794241221934642e-24, nan 
-29.875, -77.875, 1.6113666648059678e-24, nan 
-29.625, -77.875, 1.403753116690018e-24, nan 
-29.375, -77.875, 1.1333786931788523e-24, nan 
-29.125, -77.875, 6.118755129744234e-25, nan 
-28.875, -77.875, 5.126419895367605e-25, nan 
-28.625, -77.875, 3.819622985900187e-25, nan 
-28.375, -77.875, 6.100006134925399e-25, nan 
-28.125, -77.875, 6.235326361474878e-25, nan 
-27.875, -77.875, 6.97117539112206e-25, nan 
-27.625, -77.875, 6.914450384670501e-25, nan 
-27.375, -77.875, 7.964141769882091e-25, nan 
-27.125, -77.875, 4.477959010355074e-25, nan 
-26.875, -77.875, 6.708242125476299e-25, nan 
-26.625, -77.875, 7.557523715971182e-25, nan 
-26.375, -77.875, 8.479228654848687e-25, nan 
-26.125, -77.875, 2.697908941800776e-25, nan 
-25.875, -77.875, 5.334454880149469e-25, nan 
-25.625, -77.875, 6.246259412587367e-25, nan 
-25.375, -77.875, 4.735037604026028e-25, nan 
-25.125, -77.875, 3.475709642301629e-25, nan 
-24.875, -77.875, 4.431247276259522e-25, nan 
-24.625, -77.875, 3.5973997700615814e-25, nan 
-24.375, -77.875, 8.879984320454851e-25, nan 
-24.125, -77.875, 1.429142442946926e-24, nan 
-23.875, -77.875, 1.6311905466308865e-24, nan 
-23.625, -77.875, 1.788541017225333e-24, nan 
-23.375, -77.875, 1.4436203381589163e-24, nan 
-23.125, -77.875, 1.8091512709891882e-24, nan 
-22.875, -77.875, 9.12279982077212e-25, nan 
-22.625, -77.875, 1.6657433111042538e-24, nan 
-22.375, -77.875, 1.3769383916340153e-24, nan 
-22.125, -77.875, 1.4902883638487097e-24, nan 
-21.875, -77.875, 1.797867373971398e-24, nan 
-21.625, -77.875, 1.9048041833603903e-24, nan 
-21.375, -77.875, 2.4048581664403354e-24, nan 
-21.125, -77.875, 2.189538439175974e-24, nan 
-20.875, -77.875, 2.625753116200892e-24, nan 
-20.625, -77.875, 2.0660328155021785e-24, nan 
-20.375, -77.875, 1.7148433052319106e-24, nan 
-20.125, -77.875, 4.030017921744484e-24, nan 
-19.875, -77.875, 2.431175297708602e-24, nan 
-19.625, -77.875, 2.9958628318308917e-24, nan 
-19.375, -77.875, 3.19684868246521e-24, nan 
-19.125, -77.875, 2.6068592656603282e-24, nan 
-18.875, -77.875, 1.0917575622961569e-24, nan 
-18.625, -77.875, 2.2597105427871364e-24, nan 
-18.375, -77.875, 9.255336475508346e-25, nan 
-18.125, -77.875, 1.928902779878117e-24, nan 
-17.875, -77.875, 1.0283257087653998e-24, nan 
-17.625, -77.875, 1.1857630995065748e-24, nan 
-17.375, -77.875, 5.039922861963099e-24, nan 
-17.125, -77.875, 4.801547848375517e-24, nan 
-16.875, -77.875, 6.2935596972414236e-24, nan 
-16.625, -77.875, 7.473678671381413e-24, nan 
-16.375, -77.875, 7.604124874079872e-24, nan 
-16.125, -77.875, 4.05666242841728e-24, nan 
-15.875, -77.875, 2.2329612007979474e-24, nan 
-15.625, -77.875, 2.5851221283639834e-24, nan 
-15.375, -77.875, 2.1862676523685032e-24, nan 
-15.125, -77.875, 5.11182996128624e-24, nan 
-14.875, -77.875, 7.381915572092955e-25, nan 
-14.625, -77.875, 4.112993294589676e-24, nan 
-14.375, -77.875, 6.29953815163985e-24, nan 
-14.125, -77.875, 3.374345800682557e-24, nan 
-13.875, -77.875, 1.1644822883202987e-24, nan 
-13.625, -77.875, 2.129949326569172e-24, nan 
-13.375, -77.875, 2.4817795306571672e-24, nan 
-13.125, -77.875, 2.0503771811129457e-24, nan 
-12.875, -77.875, 3.056914920096642e-24, nan 
-12.625, -77.875, 3.655086864475881e-24, nan 
-12.375, -77.875, 2.3830820368678224e-24, nan 
-12.125, -77.875, 2.643569060246311e-24, nan 
-11.875, -77.875, 2.2222128206247995e-24, nan 
-11.625, -77.875, 1.8335452758381616e-24, nan 
-11.375, -77.875, 1.145270528774181e-24, nan 
-11.125, -77.875, 1.955842059242547e-24, nan 
-10.875, -77.875, 1.755211100226974e-24, nan 
-10.625, -77.875, 9.744352977618193e-25, nan 
-10.375, -77.875, 7.788922290515929e-25, nan 
-10.125, -77.875, 1.2569253749282163e-24, nan 
-9.875, -77.875, 2.5820149807525145e-24, nan 
-9.625, -77.875, 3.344304530574053e-24, nan 
-9.375, -77.875, 2.7021904859985563e-24, nan 
-9.125, -77.875, 1.9024745467499538e-24, nan 
-8.875, -77.875, 2.0457831443688026e-24, nan 
-8.625, -77.875, 2.7017017160822682e-24, nan 
-8.375, -77.875, 1.9346289313092907e-24, nan 
-8.125, -77.875, 9.115745120874898e-24, nan 
-7.875, -77.875, 1.11061068474117e-23, nan 
-7.625, -77.875, 9.993250708013694e-24, nan 
-7.375, -77.875, 3.3836255902066515e-24, nan 
-7.125, -77.875, 1.6037072320863756e-24, nan 
-6.875, -77.875, 1.8620359640957112e-23, nan 
-6.625, -77.875, 2.223044118584583e-23, nan 
-6.375, -77.875, 1.9286397672066964e-23, nan 
-6.125, -77.875, 2.9467325317134974e-24, nan 
-5.875, -77.875, 2.5696547672893857e-24, nan 
-5.625, -77.875, 9.615633507156296e-24, nan 
-5.375, -77.875, 1.0461605815478075e-23, nan 
-5.125, -77.875, 8.906098845769823e-24, nan 
-4.875, -77.875, 3.0984247163940678e-24, nan 
-4.625, -77.875, 3.638193067373851e-24, nan 
-4.375, -77.875, 3.279934524965877e-24, nan 
-4.125, -77.875, 5.0149428377703034e-24, nan 
-3.875, -77.875, 6.214414854837842e-24, nan 
-3.625, -77.875, 6.10523586190557e-24, nan 
-3.375, -77.875, 5.488589511076355e-24, nan 
-3.125, -77.875, 4.989313122173226e-24, nan 
-2.875, -77.875, 5.875271299468974e-24, nan 
-2.625, -77.875, 7.001935149728902e-24, nan 
-2.375, -77.875, 7.120962365731182e-24, nan 
-2.125, -77.875, 7.057111461888109e-24, nan 
-52.875, -77.625, 2.185957544749654e-24, nan 
-52.625, -77.625, 2.5634521476741894e-24, nan 
-52.375, -77.625, 2.5242647714132562e-24, nan 
-52.125, -77.625, 2.6163546197107346e-24, nan 
-51.875, -77.625, 2.927141783988493e-24, nan 
-51.625, -77.625, 3.0069588341572953e-24, nan 
-51.375, -77.625, 2.874700560807692e-24, nan 
-51.125, -77.625, 2.7397391554431855e-24, nan 
-50.875, -77.625, 2.863421370597272e-24, nan 
-50.625, -77.625, 3.052549005083592e-24, nan 
-50.375, -77.625, 3.505128400795477e-24, nan 
-50.125, -77.625, 3.275880608560666e-24, nan 
-49.875, -77.625, 2.8801472935468454e-24, nan 
-49.625, -77.625, 2.205204214702812e-24, nan 
-49.375, -77.625, 1.103180283411169e-24, nan 
-49.125, -77.625, 4.227505209012858e-25, nan 
-48.875, -77.625, 2.7282689328627643e-25, nan 
-48.625, -77.625, 5.216818496077529e-25, nan 
-48.375, -77.625, 4.305288022241228e-25, nan 
-48.125, -77.625, 4.890233205466282e-25, nan 
-47.875, -77.625, 7.151577511335564e-25, nan 
-47.625, -77.625, 5.671266087932587e-25, nan 
-47.375, -77.625, 4.892706323302525e-25, nan 
-47.125, -77.625, 4.784340586442313e-25, nan 
-46.875, -77.625, 4.864521311634314e-25, nan 
-46.625, -77.625, 8.522904160881365e-25, nan 
-46.375, -77.625, 5.315655537699458e-25, nan 
-46.125, -77.625, 3.237824887543321e-25, nan 
-45.875, -77.625, 2.9407810182428556e-25, nan 
-45.625, -77.625, 4.961318100483006e-25, nan 
-45.375, -77.625, 5.744171814682478e-25, nan 
-45.125, -77.625, 6.703822542104519e-25, nan 
-44.875, -77.625, 8.48882590376998e-25, nan 
-44.625, -77.625, 7.044190696884121e-25, nan 
-44.375, -77.625, 4.988410774582598e-25, nan 
-44.125, -77.625, 6.712765449528186e-25, nan 
-43.875, -77.625, 8.678314809747893e-25, nan 
-43.625, -77.625, 9.237330090391344e-25, nan 
-43.375, -77.625, 1.0946996660537053e-24, nan 
-43.125, -77.625, 1.0859852969966551e-24, nan 
-42.875, -77.625, 9.44340149687026e-25, nan 
-42.625, -77.625, 7.7720533661406875e-25, nan 
-42.375, -77.625, 1.2092270284842785e-24, nan 
-42.125, -77.625, 1.2066037304288665e-24, nan 
-41.875, -77.625, 1.689713979191634e-24, nan 
-41.625, -77.625, 1.1081046386325412e-24, nan 
-41.375, -77.625, 1.5030014081360104e-24, nan 
-41.125, -77.625, 7.16611672641148e-25, nan 
-40.875, -77.625, 9.580493628041426e-25, nan 
-40.625, -77.625, 8.646276285933271e-25, nan 
-40.375, -77.625, 1.017824032833644e-24, nan 
-40.125, -77.625, 1.0832564014000999e-24, nan 
-39.875, -77.625, 6.204343502420483e-25, nan 
-39.625, -77.625, 8.26286301426372e-25, nan 
-39.375, -77.625, 7.088701991382649e-25, nan 
-39.125, -77.625, 6.545435777457644e-25, nan 
-38.875, -77.625, 6.975581339558603e-25, nan 
-38.625, -77.625, 1.0455130893347449e-24, nan 
-38.375, -77.625, 9.197821705456377e-25, nan 
-38.125, -77.625, 8.49566815294121e-25, nan 
-37.875, -77.625, 7.481614350525819e-25, nan 
-37.625, -77.625, 1.0108663591998016e-24, nan 
-37.375, -77.625, 8.432129281472109e-25, nan 
-37.125, -77.625, 5.8008488055195e-25, nan 
-36.875, -77.625, 5.184324502113458e-25, nan 
-36.625, -77.625, 3.456771794602605e-25, nan 
-36.375, -77.625, 6.959140078487952e-25, nan 
-36.125, -77.625, 5.142364784145064e-25, nan 
-35.875, -77.625, 6.206077674326769e-25, nan 
-35.625, -77.625, 7.465021321925984e-25, nan 
-35.375, -77.625, 7.856277285395889e-25, nan 
-35.125, -77.625, 5.973841958350268e-25, nan 
-34.875, -77.625, 6.547384522645979e-25, nan 
-34.625, -77.625, 9.888399347420288e-25, nan 
-34.375, -77.625, 1.542861014788674e-25, nan 
-34.125, -77.625, 1.0417270913599061e-24, nan 
-33.875, -77.625, 1.0374576336213571e-24, nan 
-33.625, -77.625, 7.77164336305239e-25, nan 
-33.375, -77.625, 9.442590473830257e-25, nan 
-33.125, -77.625, 3.405154101593831e-25, nan 
-32.875, -77.625, 8.89716949889147e-25, nan 
-32.625, -77.625, 1.4928133950623806e-24, nan 
-32.375, -77.625, 1.5581312164845492e-24, nan 
-32.125, -77.625, 8.004136698578184e-25, nan 
-31.875, -77.625, 4.671345144550037e-25, nan 
-31.625, -77.625, 1.0558857630558288e-24, nan 
-31.375, -77.625, 1.219343847471577e-24, nan 
-31.125, -77.625, 1.482681605106816e-24, nan 
-30.875, -77.625, 9.837186776104977e-25, nan 
-30.625, -77.625, 4.890138226492277e-25, nan 
-30.375, -77.625, 7.70089534470521e-25, nan 
-30.125, -77.625, 8.874867823271756e-25, nan 
-29.875, -77.625, 1.1581240846086151e-24, nan 
-29.625, -77.625, 1.1440594020379323e-24, nan 
-29.375, -77.625, 9.884562804321971e-25, nan 
-29.125, -77.625, 1.0200059009402144e-24, nan 
-28.875, -77.625, 1.1656166283020307e-24, nan 
-28.625, -77.625, 1.1832263945295495e-24, nan 
-28.375, -77.625, 1.2028863945761265e-24, nan 
-28.125, -77.625, 1.0467604216632353e-24, nan 
-27.875, -77.625, 9.202956496278352e-25, nan 
-27.625, -77.625, 8.146992784688184e-25, nan 
-27.375, -77.625, 7.557240059461389e-25, nan 
-27.125, -77.625, 6.108481481351536e-25, nan 
-26.875, -77.625, 9.085199378058362e-25, nan 
-26.625, -77.625, 9.595629587150896e-25, nan 
-26.375, -77.625, 9.021955695612097e-25, nan 
-26.125, -77.625, 9.937399729428556e-25, nan 
-25.875, -77.625, 9.184643548026598e-25, nan 
-25.625, -77.625, 1.106504170857366e-24, nan 
-25.375, -77.625, 1.0916433003472358e-24, nan 
-25.125, -77.625, 4.800101862878618e-25, nan 
-24.875, -77.625, 7.26965817427833e-25, nan 
-24.625, -77.625, 8.59632033646641e-25, nan 
-24.375, -77.625, 8.86898729473277e-25, nan 
-24.125, -77.625, 1.0099908954672506e-24, nan 
-23.875, -77.625, 9.24824723150034e-25, nan 
-23.625, -77.625, 7.971146806786327e-25, nan 
-23.375, -77.625, 8.796557441116463e-25, nan 
-23.125, -77.625, 5.911141469144908e-25, nan 
-22.875, -77.625, 5.2340071169416015e-25, nan 
-22.625, -77.625, 7.511752407700067e-25, nan 
-22.375, -77.625, 1.2659373092416698e-24, nan 
-22.125, -77.625, 1.2622419683228447e-24, nan 
-21.875, -77.625, 1.3957688799559022e-24, nan 
-21.625, -77.625, 1.5105071273025455e-24, nan 
-21.375, -77.625, 5.971304253204505e-25, nan 
-21.125, -77.625, 6.89725749172863e-25, nan 
-20.875, -77.625, 9.85774618789925e-25, nan 
-20.625, -77.625, 1.0293979530887727e-24, nan 
-20.375, -77.625, 1.2609179228830328e-24, nan 
-20.125, -77.625, 1.3938424558648116e-24, nan 
-19.875, -77.625, 2.172695661340242e-24, nan 
-19.625, -77.625, 1.3101449498246766e-24, nan 
-19.375, -77.625, 7.950493788491667e-25, nan 
-19.125, -77.625, 9.122291404249568e-25, nan 
-18.875, -77.625, 1.7088799630297026e-24, nan 
-18.625, -77.625, 2.129391470152325e-24, nan 
-18.375, -77.625, 1.5148778736929519e-24, nan 
-18.125, -77.625, 1.0499323739840111e-24, nan 
-17.875, -77.625, 1.823871986006376e-24, nan 
-17.625, -77.625, 2.1707671886687683e-24, nan 
-17.375, -77.625, 2.724684701617632e-24, nan 
-17.125, -77.625, 2.8705123095720296e-24, nan 
-16.875, -77.625, 3.2431655837837225e-24, nan 
-16.625, -77.625, 4.774617355352856e-24, nan 
-16.375, -77.625, 2.5202538364513265e-24, nan 
-16.125, -77.625, 5.709880508687669e-24, nan 
-15.875, -77.625, 5.845960727749319e-24, nan 
-15.625, -77.625, 6.65224057292568e-24, nan 
-15.375, -77.625, 6.472277503360711e-24, nan 
-15.125, -77.625, 5.793839739379947e-24, nan 
-14.875, -77.625, 6.765897807757993e-24, nan 
-14.625, -77.625, 6.174309321868616e-24, nan 
-14.375, -77.625, 4.6422417504253424e-24, nan 
-14.125, -77.625, 5.719436128833059e-24, nan 
-13.875, -77.625, 6.555295625993719e-24, nan 
-13.625, -77.625, 5.359934333420311e-24, nan 
-13.375, -77.625, 5.278281503464274e-24, nan 
-13.125, -77.625, 5.921877286400072e-24, nan 
-12.875, -77.625, 4.999859802926249e-24, nan 
-12.625, -77.625, 5.618748671867582e-24, nan 
-12.375, -77.625, 3.406501400608145e-24, nan 
-12.125, -77.625, 3.2947524855428358e-24, nan 
-11.875, -77.625, 3.2422046391046937e-24, nan 
-11.625, -77.625, 2.9682316393369942e-24, nan 
-11.375, -77.625, 5.4653767706964165e-24, nan 
-11.125, -77.625, 2.5709810842251748e-24, nan 
-10.875, -77.625, 2.9525935400804127e-24, nan 
-10.625, -77.625, 2.6532694371288762e-24, nan 
-10.375, -77.625, 2.3208013444962966e-24, nan 
-10.125, -77.625, 2.22431603381733e-24, nan 
-9.875, -77.625, 1.8275286840651858e-24, nan 
-9.625, -77.625, 1.5984305497113819e-24, nan 
-9.375, -77.625, 1.4900863591247764e-24, nan 
-9.125, -77.625, 2.3105619489307433e-24, nan 
-8.875, -77.625, 2.4814294876493696e-24, nan 
-8.625, -77.625, 1.985019011975408e-24, nan 
-8.375, -77.625, 1.3343210562481066e-24, nan 
-8.125, -77.625, 1.7905957847302432e-24, nan 
-7.875, -77.625, 2.4802973953495943e-24, nan 
-7.625, -77.625, 2.656301886136004e-24, nan 
-7.375, -77.625, 2.6600392636152354e-24, nan 
-7.125, -77.625, 1.4621618106672383e-24, nan 
-6.875, -77.625, 9.054693415669314e-24, nan 
-6.625, -77.625, 1.181795962379414e-23, nan 
-6.375, -77.625, 1.0230752241711581e-23, nan 
-6.125, -77.625, 1.4820886773415327e-24, nan 
-5.875, -77.625, 2.3313528319880092e-24, nan 
-5.625, -77.625, 1.4757767726631103e-24, nan 
-5.375, -77.625, 1.811221814144692e-24, nan 
-5.125, -77.625, 2.4469568466472002e-24, nan 
-4.875, -77.625, 3.4464865243298745e-24, nan 
-4.625, -77.625, 2.8919947916399788e-24, nan 
-4.375, -77.625, 3.38187420465035e-24, nan 
-4.125, -77.625, 3.847592193715008e-24, nan 
-3.875, -77.625, 4.0062083241532296e-24, nan 
-3.625, -77.625, 4.224855881382163e-24, nan 
-3.375, -77.625, 4.005669974609511e-24, nan 
-3.125, -77.625, 3.754088115245717e-24, nan 
-2.875, -77.625, 5.077850051044285e-24, nan 
-2.625, -77.625, 5.954188853852969e-24, nan 
-2.375, -77.625, 7.018601121730667e-24, nan 
-2.125, -77.625, 6.381423273915781e-24, nan 
-1.875, -77.625, 6.924317066144625e-24, nan 
-1.625, -77.625, 7.448969225847681e-24, nan 
-1.375, -77.625, 7.358129990517121e-24, nan 
-52.125, -77.375, 3.489914094919879e-24, nan 
-51.875, -77.375, 3.327319622032269e-24, nan 
-51.625, -77.375, 3.038752087020592e-24, nan 
-51.375, -77.375, 2.930274724560669e-24, nan 
-51.125, -77.375, 2.5109693784356573e-24, nan 
-50.875, -77.375, 2.2595112758193552e-24, nan 
-50.625, -77.375, 2.001064371526151e-24, nan 
-50.375, -77.375, 1.945500149301992e-24, nan 
-50.125, -77.375, 2.0524827476029016e-24, nan 
-49.875, -77.375, 1.4904447938655494e-24, nan 
-49.625, -77.375, 1.0031988056119484e-24, nan 
-49.375, -77.375, 5.399122259978498e-25, nan 
-49.125, -77.375, 5.7887686971709665e-25, nan 
-48.875, -77.375, 4.527632449049768e-25, nan 
-48.625, -77.375, 4.087514017594081e-25, nan 
-48.375, -77.375, 5.377483708862537e-25, nan 
-48.125, -77.375, 8.777931865140607e-25, nan 
-47.875, -77.375, 6.778022452957987e-25, nan 
-47.625, -77.375, 3.5888539255688777e-25, nan 
-47.375, -77.375, 2.052965841345971e-25, nan 
-47.125, -77.375, 2.0313910441474104e-25, nan 
-46.875, -77.375, 2.7073273309034805e-25, nan 
-46.625, -77.375, 3.64433249538867e-25, nan 
-46.375, -77.375, 4.324212908733487e-25, nan 
-46.125, -77.375, 4.675867202959765e-25, nan 
-45.875, -77.375, 5.093740772171516e-25, nan 
-45.625, -77.375, 4.857536464023927e-25, nan 
-45.375, -77.375, 6.561538144452639e-25, nan 
-45.125, -77.375, 7.961975394518508e-25, nan 
-44.875, -77.375, 8.197989367522371e-25, nan 
-44.625, -77.375, 7.872871390701011e-25, nan 
-44.375, -77.375, 6.233290877604057e-25, nan 
-44.125, -77.375, 9.708459161239596e-25, nan 
-43.875, -77.375, 9.39275571271196e-25, nan 
-43.625, -77.375, 4.148682175492253e-25, nan 
-43.375, -77.375, 5.470463416066249e-25, nan 
-43.125, -77.375, 6.273757239006218e-25, nan 
-42.875, -77.375, 9.453433930842646e-25, nan 
-42.625, -77.375, 6.778318478213892e-25, nan 
-42.375, -77.375, 6.2144140526155725e-25, nan 
-42.125, -77.375, 9.594896702252975e-25, nan 
-41.875, -77.375, 1.098485721951919e-24, nan 
-41.625, -77.375, 1.3346246602412383e-24, nan 
-41.375, -77.375, 7.654607611986718e-25, nan 
-41.125, -77.375, 7.224845818603634e-25, nan 
-40.875, -77.375, 8.38642297645524e-25, nan 
-40.625, -77.375, 9.035799365212968e-25, nan 
-40.375, -77.375, 9.601917043297946e-25, nan 
-40.125, -77.375, 7.057164677736363e-25, nan 
-39.875, -77.375, 6.267120759453145e-25, nan 
-39.625, -77.375, 6.403301943999023e-25, nan 
-39.375, -77.375, 5.491501955359778e-25, nan 
-39.125, -77.375, 4.738988613150485e-25, nan 
-38.875, -77.375, 4.179753221726458e-25, nan 
-38.625, -77.375, 9.144606811671562e-25, nan 
-38.375, -77.375, 7.346147334996682e-25, nan 
-38.125, -77.375, 6.2604444049517165e-25, nan 
-37.875, -77.375, 5.498259806869385e-25, nan 
-37.625, -77.375, 7.310078543040464e-25, nan 
-37.375, -77.375, 6.727875256646258e-25, nan 
-37.125, -77.375, 5.384797606372435e-25, nan 
-36.875, -77.375, 4.718518021061922e-25, nan 
-36.625, -77.375, 5.662654865209587e-25, nan 
-36.375, -77.375, 3.49772610726801e-25, nan 
-36.125, -77.375, 2.5439003110827964e-25, nan 
-35.875, -77.375, 7.46756320677407e-25, nan 
-35.625, -77.375, 9.993168053877688e-25, nan 
-35.375, -77.375, 1.0792161136575934e-24, nan 
-35.125, -77.375, 8.0239024540253135e-25, nan 
-34.875, -77.375, 6.647080007417485e-25, nan 
-34.625, -77.375, 1.9342640459607907e-24, nan 
-34.375, -77.375, 6.423655456124254e-25, nan 
-34.125, -77.375, 6.99691679540982e-25, nan 
-33.875, -77.375, 6.839434277542617e-25, nan 
-33.625, -77.375, 1.0859815860821285e-24, nan 
-33.375, -77.375, 1.6600054783092128e-24, nan 
-33.125, -77.375, 2.4210484537219275e-25, nan 
-32.875, -77.375, 3.9624113395074203e-25, nan 
-32.625, -77.375, 6.144517277935165e-25, nan 
-32.375, -77.375, 5.257254074498385e-25, nan 
-32.125, -77.375, 9.077586908652048e-25, nan 
-31.875, -77.375, 5.780364620927704e-25, nan 
-31.625, -77.375, 6.520983962652393e-25, nan 
-31.375, -77.375, 8.1053498618536085e-25, nan 
-31.125, -77.375, 9.767996802353104e-25, nan 
-30.875, -77.375, 7.163566555006135e-25, nan 
-30.625, -77.375, 6.840695553637726e-25, nan 
-30.375, -77.375, 7.123203104933905e-25, nan 
-30.125, -77.375, 5.184730260947142e-25, nan 
-29.875, -77.375, 4.829626847355141e-25, nan 
-29.625, -77.375, 7.88353918817455e-25, nan 
-29.375, -77.375, 8.581123978614296e-25, nan 
-29.125, -77.375, 1.3291211301598965e-24, nan 
-28.875, -77.375, 1.5685780574535857e-24, nan 
-28.625, -77.375, 1.4977749228420489e-24, nan 
-28.375, -77.375, 1.5516520498248323e-24, nan 
-28.125, -77.375, 9.99763554873707e-25, nan 
-27.875, -77.375, 1.1707575686921546e-24, nan 
-27.625, -77.375, 1.1151144416714488e-24, nan 
-27.375, -77.375, 8.566145209434738e-25, nan 
-27.125, -77.375, 8.1230991473798e-25, nan 
-26.875, -77.375, 9.579135872004659e-25, nan 
-26.625, -77.375, 1.1020119424877717e-24, nan 
-26.375, -77.375, 1.2928116739723768e-24, nan 
-26.125, -77.375, 1.7075575603634657e-24, nan 
-25.875, -77.375, 1.975396388949017e-24, nan 
-25.625, -77.375, 1.8942037964990173e-24, nan 
-25.375, -77.375, 2.589313366237155e-24, nan 
-25.125, -77.375, 2.935714410828855e-24, nan 
-24.875, -77.375, 2.422599546594446e-24, nan 
-24.625, -77.375, 1.8312034115701887e-24, nan 
-24.375, -77.375, 1.3310441229613463e-24, nan 
-24.125, -77.375, 1.109280684772022e-24, nan 
-23.875, -77.375, 9.943607284344503e-25, nan 
-23.625, -77.375, 1.9637478209531657e-24, nan 
-23.375, -77.375, 1.9174056233199e-24, nan 
-23.125, -77.375, 1.5105697450299303e-24, nan 
-22.875, -77.375, 3.0088440370115287e-24, nan 
-22.625, -77.375, 3.774066522445177e-24, nan 
-22.375, -77.375, 2.6875438478322228e-24, nan 
-22.125, -77.375, 1.8196721605802798e-24, nan 
-21.875, -77.375, 1.3074453341617054e-24, nan 
-21.625, -77.375, 3.3639343972700415e-24, nan 
-21.375, -77.375, 1.0484558518399466e-24, nan 
-21.125, -77.375, 3.442260515615087e-24, nan 
-20.875, -77.375, 2.0152731674349437e-24, nan 
-20.625, -77.375, 2.6221953560154674e-24, nan 
-20.375, -77.375, 3.207281597762136e-24, nan 
-20.125, -77.375, 4.347323380639741e-24, nan 
-19.875, -77.375, 3.8842863086678905e-24, nan 
-19.625, -77.375, 4.241886029778702e-24, nan 
-19.375, -77.375, 3.421885749619117e-24, nan 
-19.125, -77.375, 4.7191607487042815e-24, nan 
-18.875, -77.375, 4.009198710599188e-24, nan 
-18.625, -77.375, 5.248024604672385e-24, nan 
-18.375, -77.375, 5.968523557973312e-24, nan 
-18.125, -77.375, 4.967375895785719e-24, nan 
-17.875, -77.375, 5.3545942603185855e-24, nan 
-17.625, -77.375, 4.896462741379949e-24, nan 
-17.375, -77.375, 5.529195706869262e-24, nan 
-17.125, -77.375, 5.436627701052423e-24, nan 
-16.875, -77.375, 5.497862259688473e-24, nan 
-16.625, -77.375, 6.095163148226335e-24, nan 
-16.375, -77.375, 4.4771082416402274e-24, nan 
-16.125, -77.375, 6.788522106907123e-24, nan 
-15.875, -77.375, 6.653238582136578e-24, nan 
-15.625, -77.375, 7.78783292338885e-24, nan 
-15.375, -77.375, 6.93305604698711e-24, nan 
-15.125, -77.375, 6.788918773791038e-24, nan 
-14.875, -77.375, 6.964449656476236e-24, nan 
-14.625, -77.375, 6.212933474660718e-24, nan 
-14.375, -77.375, 6.125129443367835e-24, nan 
-14.125, -77.375, 5.62340064327256e-24, nan 
-13.875, -77.375, 6.2833743765757806e-24, nan 
-13.625, -77.375, 5.1819932763644754e-24, nan 
-13.375, -77.375, 5.108197727938862e-24, nan 
-13.125, -77.375, 6.633319983340236e-24, nan 
-12.875, -77.375, 3.842420278639583e-24, nan 
-12.625, -77.375, 2.0676384245170197e-24, nan 
-12.375, -77.375, 3.749607507444338e-24, nan 
-12.125, -77.375, 3.8726438464217444e-24, nan 
-11.875, -77.375, 4.6691348926284145e-24, nan 
-11.625, -77.375, 3.8868726712463465e-24, nan 
-11.375, -77.375, 5.582428086033008e-24, nan 
-11.125, -77.375, 3.994516560085189e-24, nan 
-10.875, -77.375, 3.366835065804203e-24, nan 
-10.625, -77.375, 3.378153770353184e-24, nan 
-10.375, -77.375, 3.700301072555873e-24, nan 
-10.125, -77.375, 4.457377795405428e-24, nan 
-9.875, -77.375, 2.738517278113758e-24, nan 
-9.625, -77.375, 1.466262416230817e-24, nan 
-9.375, -77.375, 1.542373019542145e-24, nan 
-9.125, -77.375, 3.726330692052688e-24, nan 
-8.875, -77.375, 3.537352633568653e-24, nan 
-8.625, -77.375, 2.5104088721930162e-24, nan 
-8.375, -77.375, 2.0921286458307485e-24, nan 
-8.125, -77.375, 2.1468514571565814e-24, nan 
-7.875, -77.375, 3.1708732246370952e-24, nan 
-7.625, -77.375, 3.579083155154182e-24, nan 
-7.375, -77.375, 4.7709826149578806e-24, nan 
-7.125, -77.375, 3.369865756163008e-24, nan 
-6.875, -77.375, 2.7766743834289624e-24, nan 
-6.625, -77.375, 2.9156341046724212e-24, nan 
-6.375, -77.375, 3.0686861063596216e-24, nan 
-6.125, -77.375, 2.728276181222005e-24, nan 
-5.875, -77.375, 2.8539233929904784e-24, nan 
-5.625, -77.375, 2.561480518690494e-24, nan 
-5.375, -77.375, 2.592641072779193e-24, nan 
-5.125, -77.375, 3.064164248787495e-24, nan 
-4.875, -77.375, 2.891786735003302e-24, nan 
-4.625, -77.375, 1.8877869543548534e-24, nan 
-4.375, -77.375, 1.4050390145656873e-24, nan 
-4.125, -77.375, 1.66608027532937e-24, nan 
-3.875, -77.375, 2.326993770103263e-24, nan 
-3.625, -77.375, 2.0656700114950962e-24, nan 
-3.375, -77.375, 2.743699559783862e-24, nan 
-3.125, -77.375, 4.126048944859433e-24, nan 
-2.875, -77.375, 4.827893745670831e-24, nan 
-2.625, -77.375, 5.2891770861579436e-24, nan 
-2.375, -77.375, 5.164313416965991e-24, nan 
-2.125, -77.375, 4.9023031016323544e-24, nan 
-1.875, -77.375, 2.86178262789606e-24, nan 
-1.625, -77.375, 3.2921368804740095e-24, nan 
-1.375, -77.375, 3.794143944849824e-24, nan 
-1.125, -77.375, 6.501548541906113e-24, nan 
-0.875, -77.375, 6.4359260502379556e-24, nan 
-51.625, -77.125, 2.828827044547869e-24, nan 
-51.375, -77.125, 2.5512270151394964e-24, nan 
-51.125, -77.125, 1.7339114878748473e-24, nan 
-50.875, -77.125, 1.0017757043072985e-24, nan 
-50.625, -77.125, 7.674996160906594e-25, nan 
-50.375, -77.125, 9.883809345421557e-25, nan 
-50.125, -77.125, 1.0132060687856949e-24, nan 
-49.875, -77.125, 1.2672591922029146e-24, nan 
-49.625, -77.125, 1.5146663894972046e-24, nan 
-49.375, -77.125, 1.2420152130755193e-24, nan 
-49.125, -77.125, 1.1291692903277216e-24, nan 
-48.875, -77.125, 8.1198199910167945e-25, nan 
-48.625, -77.125, 9.486307432155145e-25, nan 
-48.375, -77.125, 1.225346481076718e-24, nan 
-48.125, -77.125, 1.5916635096812781e-24, nan 
-47.875, -77.125, 1.2596389833389965e-24, nan 
-47.625, -77.125, 6.284976892964048e-25, nan 
-47.375, -77.125, 1.5769372656678188e-25, nan 
-47.125, -77.125, 3.1407596074534623e-25, nan 
-46.875, -77.125, 6.790052209868496e-25, nan 
-46.625, -77.125, 6.158801291433291e-25, nan 
-46.375, -77.125, 4.929284434348731e-25, nan 
-46.125, -77.125, 5.370844927253657e-25, nan 
-45.875, -77.125, 3.6140159174310746e-25, nan 
-45.625, -77.125, 3.014239872085547e-25, nan 
-45.375, -77.125, 3.5417708834054344e-25, nan 
-45.125, -77.125, 4.1642948368214e-25, nan 
-44.875, -77.125, 4.530693543048138e-25, nan 
-44.625, -77.125, 2.704348287729947e-25, nan 
-44.375, -77.125, 7.093053475865598e-25, nan 
-44.125, -77.125, 5.250040597452756e-25, nan 
-43.875, -77.125, 6.816775416671557e-25, nan 
-43.625, -77.125, 5.108058942931162e-25, nan 
-43.375, -77.125, 5.8344600653761445e-25, nan 
-43.125, -77.125, 4.991448802177583e-25, nan 
-42.875, -77.125, 2.803294173367564e-25, nan 
-42.625, -77.125, 6.341609337090632e-25, nan 
-42.375, -77.125, 6.754637381782797e-25, nan 
-42.125, -77.125, 6.830398208570288e-25, nan 
-41.875, -77.125, 6.319190331424836e-25, nan 
-41.625, -77.125, 6.935039880555088e-25, nan 
-41.375, -77.125, 4.383648858088671e-25, nan 
-41.125, -77.125, 5.350094552939041e-25, nan 
-40.875, -77.125, 5.197244074874135e-25, nan 
-40.625, -77.125, 4.6099757017197405e-25, nan 
-40.375, -77.125, 5.46449195393769e-25, nan 
-40.125, -77.125, 4.171788440700006e-25, nan 
-39.875, -77.125, 6.989147929872963e-25, nan 
-39.625, -77.125, 5.439392924807968e-25, nan 
-39.375, -77.125, 8.336237455804453e-25, nan 
-39.125, -77.125, 4.559541479287015e-25, nan 
-38.875, -77.125, 4.768546533063977e-25, nan 
-38.625, -77.125, 1.1040875329591644e-24, nan 
-38.375, -77.125, 4.312932458724861e-25, nan 
-38.125, -77.125, 3.79783376987835e-25, nan 
-37.875, -77.125, 4.247094505961906e-25, nan 
-37.625, -77.125, 3.462618071030899e-25, nan 
-37.375, -77.125, 2.0173713467254612e-25, nan 
-37.125, -77.125, 3.849808390551086e-25, nan 
-36.875, -77.125, 4.245066806891665e-25, nan 
-36.625, -77.125, 6.828434611828512e-25, nan 
-36.375, -77.125, 5.822437497894506e-25, nan 
-36.125, -77.125, 5.424505753554749e-25, nan 
-35.875, -77.125, 9.159756860228836e-25, nan 
-35.625, -77.125, 7.524360965826501e-25, nan 
-35.375, -77.125, 6.451904148000831e-25, nan 
-35.125, -77.125, 6.956781210157214e-25, nan 
-34.875, -77.125, 1.0152682818695982e-24, nan 
-34.625, -77.125, 1.542918233959669e-24, nan 
-34.375, -77.125, 6.839915090013969e-25, nan 
-34.125, -77.125, 3.055708847733019e-25, nan 
-33.875, -77.125, 5.036433425431408e-25, nan 
-33.625, -77.125, 1.8803973058838617e-24, nan 
-33.375, -77.125, 7.379671284554045e-25, nan 
-33.125, -77.125, 2.9730062600488585e-25, nan 
-32.875, -77.125, 2.5250402328571706e-25, nan 
-32.625, -77.125, 5.82179966160759e-25, nan 
-32.375, -77.125, 1.1024834590003507e-24, nan 
-32.125, -77.125, 5.627761179926103e-25, nan 
-31.875, -77.125, 5.033158532356712e-25, nan 
-31.625, -77.125, 7.370248710160531e-25, nan 
-31.375, -77.125, 6.0870004045029355e-25, nan 
-31.125, -77.125, 4.792076575901072e-25, nan 
-30.875, -77.125, 5.532848410905777e-25, nan 
-30.625, -77.125, 6.406368795053885e-25, nan 
-30.375, -77.125, 1.2098081208468392e-24, nan 
-30.125, -77.125, 5.253344870877427e-25, nan 
-29.875, -77.125, 5.4702932756506565e-25, nan 
-29.625, -77.125, 5.137056399915917e-25, nan 
-29.375, -77.125, 6.713390003509248e-25, nan 
-29.125, -77.125, 8.2324358382386975e-25, nan 
-28.875, -77.125, 1.043750331866153e-24, nan 
-28.625, -77.125, 1.2676947981634168e-24, nan 
-28.375, -77.125, 1.2336835240630037e-24, nan 
-28.125, -77.125, 7.472746954957089e-25, nan 
-27.875, -77.125, 5.509919606789468e-25, nan 
-27.625, -77.125, 9.434816236115762e-25, nan 
-27.375, -77.125, 1.0757864166611923e-24, nan 
-27.125, -77.125, 1.6129159730666278e-24, nan 
-26.875, -77.125, 1.4504514820009245e-24, nan 
-26.625, -77.125, 2.3772544210031676e-24, nan 
-26.375, -77.125, 3.0156410542036816e-24, nan 
-26.125, -77.125, 2.611177734181462e-24, nan 
-25.875, -77.125, 2.0424416403708073e-24, nan 
-25.625, -77.125, 1.7361133035811863e-24, nan 
-25.375, -77.125, 3.507800269577904e-24, nan 
-25.125, -77.125, 5.059981410980458e-24, nan 
-24.875, -77.125, 3.760140270747505e-24, nan 
-24.625, -77.125, 1.677480164110937e-24, nan 
-24.375, -77.125, 1.1596673479054838e-24, nan 
-24.125, -77.125, 3.1903520565501963e-24, nan 
-23.875, -77.125, 3.98873801238451e-24, nan 
-23.625, -77.125, 2.5238033916584018e-24, nan 
-23.375, -77.125, 3.6139620498022695e-24, nan 
-23.125, -77.125, 4.4920653416951196e-24, nan 
-22.875, -77.125, 4.659944351887164e-24, nan 
-22.625, -77.125, 5.7937189121744444e-24, nan 
-22.375, -77.125, 3.600815843975727e-24, nan 
-22.125, -77.125, 3.2822614615190133e-24, nan 
-21.875, -77.125, 6.82923119133873e-24, nan 
-21.625, -77.125, 3.690804884317585e-24, nan 
-21.375, -77.125, 6.4567450177729616e-24, nan 
-21.125, -77.125, 3.84355609185436e-24, nan 
-20.875, -77.125, 3.00439348783325e-24, nan 
-20.625, -77.125, 4.708677200473962e-24, nan 
-20.375, -77.125, 3.2899579816755257e-24, nan 
-20.125, -77.125, 6.168547030282347e-24, nan 
-19.875, -77.125, 3.973852731276321e-24, nan 
-19.625, -77.125, 4.834199063946487e-24, nan 
-19.375, -77.125, 3.838882913284354e-24, nan 
-19.125, -77.125, 4.736679345271671e-24, nan 
-18.875, -77.125, 4.700802279943492e-24, nan 
-18.625, -77.125, 5.569036449924744e-24, nan 
-18.375, -77.125, 5.855100581909584e-24, nan 
-18.125, -77.125, 5.5038724994989246e-24, nan 
-17.875, -77.125, 4.874701292341541e-24, nan 
-17.625, -77.125, 4.942411904332755e-24, nan 
-17.375, -77.125, 3.475662419080931e-24, nan 
-17.125, -77.125, 3.2008439503423454e-24, nan 
-16.875, -77.125, 3.403074037873596e-24, nan 
-16.625, -77.125, 2.3419519441130432e-24, nan 
-16.375, -77.125, 2.742637350363983e-24, nan 
-16.125, -77.125, 1.9814567083082486e-24, nan 
-15.875, -77.125, 2.5127550706864467e-24, nan 
-15.625, -77.125, 3.9085510985665305e-24, nan 
-15.375, -77.125, 4.123719589836211e-24, nan 
-15.125, -77.125, 2.3775581046458103e-24, nan 
-14.875, -77.125, 1.4811405179675191e-24, nan 
-14.625, -77.125, 1.1069800408944784e-24, nan 
-14.375, -77.125, 3.581664785095552e-24, nan 
-14.125, -77.125, 1.3936714890405153e-24, nan 
-13.875, -77.125, 2.795816287356556e-24, nan 
-13.625, -77.125, 9.754485283405615e-25, nan 
-13.375, -77.125, 1.714974784420553e-24, nan 
-13.125, -77.125, 2.5794325721671615e-24, nan 
-12.875, -77.125, 1.639579358173021e-24, nan 
-12.625, -77.125, 1.5328490304241829e-24, nan 
-12.375, -77.125, 1.3125431229966176e-24, nan 
-12.125, -77.125, 2.7898614339278598e-24, nan 
-11.875, -77.125, 3.55649250765583e-24, nan 
-11.625, -77.125, 4.331281918250697e-24, nan 
-11.375, -77.125, 4.186226376390854e-24, nan 
-11.125, -77.125, 4.91105497028666e-24, nan 
-10.875, -77.125, 3.2974943615594467e-24, nan 
-10.625, -77.125, 4.258652476403616e-24, nan 
-10.375, -77.125, 4.874444845381157e-24, nan 
-10.125, -77.125, 4.515662287258916e-24, nan 
-9.875, -77.125, 5.001545581430136e-24, nan 
-9.625, -77.125, 3.1471410695936797e-24, nan 
-9.375, -77.125, 2.7654267551824273e-24, nan 
-9.125, -77.125, 2.791911376610032e-24, nan 
-8.875, -77.125, 3.2477178949195612e-24, nan 
-8.625, -77.125, 5.628557265622449e-24, nan 
-8.375, -77.125, 5.999374742885764e-24, nan 
-8.125, -77.125, 5.497551174378644e-24, nan 
-7.875, -77.125, 4.092114236712481e-24, nan 
-7.625, -77.125, 3.6261747660422725e-24, nan 
-7.375, -77.125, 5.7158605004403445e-24, nan 
-7.125, -77.125, 4.8828692789665976e-24, nan 
-6.875, -77.125, 4.513606264295767e-24, nan 
-6.625, -77.125, 3.5052858523736885e-24, nan 
-6.375, -77.125, 3.2032004430953976e-24, nan 
-6.125, -77.125, 1.988135108178866e-24, nan 
-5.875, -77.125, 3.060157333321253e-24, nan 
-5.625, -77.125, 4.144841697692418e-24, nan 
-5.375, -77.125, 3.151070491487155e-24, nan 
-5.125, -77.125, 3.125668309456048e-24, nan 
-4.875, -77.125, 1.014368569185733e-24, nan 
-4.625, -77.125, 2.4001768751520026e-24, nan 
-4.375, -77.125, 5.134114463572696e-24, nan 
-4.125, -77.125, 6.820245876955823e-24, nan 
-3.875, -77.125, 4.422979565747845e-24, nan 
-3.625, -77.125, 2.0812420001999367e-24, nan 
-3.375, -77.125, 3.52651459117104e-24, nan 
-3.125, -77.125, 5.7777294667827746e-24, nan 
-2.875, -77.125, 5.759079175986159e-24, nan 
-2.625, -77.125, 5.3062679406493334e-24, nan 
-2.375, -77.125, 2.7475796280530857e-24, nan 
-2.125, -77.125, 2.055069677330972e-24, nan 
-1.875, -77.125, 1.4203524866001055e-24, nan 
-1.625, -77.125, 4.032252159492493e-24, nan 
-1.375, -77.125, 1.3185939230807812e-23, nan 
-1.125, -77.125, 1.310020001982921e-23, nan 
-0.875, -77.125, 8.886911141275254e-24, nan 
-0.625, -77.125, 2.896755130985435e-24, nan 
-0.375, -77.125, 3.421699532621128e-24, nan 
-50.875, -76.875, 4.582323320467887e-25, nan 
-50.625, -76.875, 3.109103972117072e-25, nan 
-50.375, -76.875, 8.262404575691322e-25, nan 
-50.125, -76.875, 4.528686627542517e-25, nan 
-49.875, -76.875, 7.760056020652826e-25, nan 
-49.625, -76.875, 1.1623098335399453e-24, nan 
-49.375, -76.875, 1.1036446148265323e-24, nan 
-49.125, -76.875, 8.81606046904209e-25, nan 
-48.875, -76.875, 7.195305339677921e-25, nan 
-48.625, -76.875, 8.68061092047185e-25, nan 
-48.375, -76.875, 1.4574330952585872e-24, nan 
-48.125, -76.875, 1.2846249347739492e-24, nan 
-47.875, -76.875, 1.1185810521823532e-24, nan 
-47.625, -76.875, 7.622991555872874e-25, nan 
-47.375, -76.875, 4.832639409689417e-25, nan 
-47.125, -76.875, 6.216102325352248e-25, nan 
-46.875, -76.875, 6.938044964683495e-25, nan 
-46.625, -76.875, 7.222282506466814e-25, nan 
-46.375, -76.875, 5.501478437854984e-25, nan 
-46.125, -76.875, 6.35943161107562e-25, nan 
-45.875, -76.875, 3.5890918205916183e-25, nan 
-45.625, -76.875, 4.169328287086103e-25, nan 
-45.375, -76.875, 6.428503859528365e-25, nan 
-45.125, -76.875, 5.843134747748394e-25, nan 
-44.875, -76.875, 6.280617202509805e-25, nan 
-44.625, -76.875, 7.103925006341141e-25, nan 
-44.375, -76.875, 9.459561828916263e-25, nan 
-44.125, -76.875, 7.842805173564557e-25, nan 
-43.875, -76.875, 6.881612560420825e-25, nan 
-43.625, -76.875, 6.447177198731682e-25, nan 
-43.375, -76.875, 9.515366421607456e-25, nan 
-43.125, -76.875, 1.0288871380458305e-24, nan 
-42.875, -76.875, 9.381369757813238e-25, nan 
-42.625, -76.875, 9.80124558462485e-25, nan 
-42.375, -76.875, 4.905866597871548e-25, nan 
-42.125, -76.875, 1.0451316722105803e-24, nan 
-41.875, -76.875, 1.108378743773482e-24, nan 
-41.625, -76.875, 4.182587521969775e-25, nan 
-41.375, -76.875, 4.291729378743399e-25, nan 
-41.125, -76.875, 5.08758983134764e-25, nan 
-40.875, -76.875, 9.324978518899722e-25, nan 
-40.625, -76.875, 1.2319158810325936e-24, nan 
-40.375, -76.875, 7.350835292648781e-25, nan 
-40.125, -76.875, 7.978745150532734e-25, nan 
-39.875, -76.875, 1.2425870847234951e-24, nan 
-39.625, -76.875, 9.70828062395845e-25, nan 
-39.375, -76.875, 1.573170248257555e-24, nan 
-39.125, -76.875, 7.634452460378338e-25, nan 
-38.875, -76.875, 9.29488410462684e-25, nan 
-38.625, -76.875, 2.181310656710628e-24, nan 
-38.375, -76.875, 5.358765405829064e-25, nan 
-38.125, -76.875, 7.668966271553314e-25, nan 
-37.875, -76.875, 8.154457114363369e-25, nan 
-37.625, -76.875, 6.392272704345349e-25, nan 
-37.375, -76.875, 9.880472290368345e-25, nan 
-37.125, -76.875, 1.1751569808862118e-24, nan 
-36.875, -76.875, 8.647121662124006e-25, nan 
-36.625, -76.875, 1.083671827769012e-24, nan 
-36.375, -76.875, 9.784494829526344e-25, nan 
-36.125, -76.875, 7.539383897500664e-25, nan 
-35.875, -76.875, 7.2598621103663325e-25, nan 
-35.625, -76.875, 4.570713405454779e-25, nan 
-35.375, -76.875, 3.931235359326124e-25, nan 
-35.125, -76.875, 4.414048289166752e-25, nan 
-34.875, -76.875, 4.621328530841125e-25, nan 
-34.625, -76.875, 4.812873718406263e-25, nan 
-34.375, -76.875, 9.169481750719514e-25, nan 
-34.125, -76.875, 5.102757115089727e-25, nan 
-33.875, -76.875, 7.0482562521925285e-25, nan 
-33.625, -76.875, 1.6438852496370567e-24, nan 
-33.375, -76.875, 1.555615375850999e-24, nan 
-33.125, -76.875, 1.6986100607310203e-24, nan 
-32.875, -76.875, 1.6933816491495792e-24, nan 
-32.625, -76.875, 2.4074449552753972e-24, nan 
-32.375, -76.875, 2.9189041325226897e-24, nan 
-32.125, -76.875, 2.095329588145144e-24, nan 
-31.875, -76.875, 2.2240340447793385e-24, nan 
-31.625, -76.875, 2.31208343023803e-24, nan 
-31.375, -76.875, 2.2606729926796053e-24, nan 
-31.125, -76.875, 1.5075093928291137e-24, nan 
-30.875, -76.875, 1.881494644603624e-24, nan 
-30.625, -76.875, 1.657165577558551e-24, nan 
-30.375, -76.875, 1.8742973469606282e-24, nan 
-30.125, -76.875, 1.4727087628416344e-24, nan 
-29.875, -76.875, 4.436209836097608e-25, nan 
-29.625, -76.875, 4.243946222963351e-25, nan 
-29.375, -76.875, 1.1015327666041426e-24, nan 
-29.125, -76.875, 8.594337606641443e-25, nan 
-28.875, -76.875, 1.5060185870810796e-24, nan 
-28.625, -76.875, 1.5311287969924815e-24, nan 
-28.375, -76.875, 3.409716288961218e-24, nan 
-28.125, -76.875, 1.7453833104476214e-24, nan 
-27.875, -76.875, 2.7831516883794382e-24, nan 
-27.625, -76.875, 1.8870000698651713e-24, nan 
-27.375, -76.875, 2.4010612270660544e-24, nan 
-27.125, -76.875, 2.414907893850264e-24, nan 
-26.875, -76.875, 2.1360854067538227e-24, nan 
-26.625, -76.875, 2.2933959384280685e-24, nan 
-26.375, -76.875, 2.372345677343882e-24, nan 
-26.125, -76.875, 2.7721506980412542e-24, nan 
-25.875, -76.875, 3.1822104236637145e-24, nan 
-25.625, -76.875, 3.098687798230839e-24, nan 
-25.375, -76.875, 3.2459513221309342e-24, nan 
-25.125, -76.875, 4.300789715595551e-24, nan 
-24.875, -76.875, 4.316536505316395e-24, nan 
-24.625, -76.875, 4.253604840384043e-24, nan 
-24.375, -76.875, 5.126406153875973e-24, nan 
-24.125, -76.875, 4.793770673668538e-24, nan 
-23.875, -76.875, 4.361315572805274e-24, nan 
-23.625, -76.875, 3.675070798196864e-24, nan 
-23.375, -76.875, 4.8157530201543725e-24, nan 
-23.125, -76.875, 5.5763830231027315e-24, nan 
-22.875, -76.875, 4.165637978488695e-24, nan 
-22.625, -76.875, 2.7204501641443464e-24, nan 
-22.375, -76.875, 3.2874234149339756e-24, nan 
-22.125, -76.875, 2.8747571951050437e-24, nan 
-21.875, -76.875, 5.5881085697356644e-24, nan 
-21.625, -76.875, 1.5513582475004276e-24, nan 
-21.375, -76.875, 4.237264596803373e-24, nan 
-21.125, -76.875, 3.8744232318287546e-24, nan 
-20.875, -76.875, 1.8195294746994124e-24, nan 
-20.625, -76.875, 1.6016921708221104e-24, nan 
-20.375, -76.875, 9.96413359028746e-25, nan 
-20.125, -76.875, 1.6883579300138543e-24, nan 
-19.875, -76.875, 3.570262214586416e-24, nan 
-19.625, -76.875, 2.8567347417563414e-24, nan 
-19.375, -76.875, 3.8146421571546976e-24, nan 
-19.125, -76.875, 3.4785456496165754e-24, nan 
-18.875, -76.875, 3.0702630158657415e-24, nan 
-18.625, -76.875, 4.926828460918449e-24, nan 
-18.375, -76.875, 3.89499866715748e-24, nan 
-18.125, -76.875, 5.760511103949877e-24, nan 
-17.875, -76.875, 6.3101144887190506e-24, nan 
-17.625, -76.875, 3.525040250822126e-24, nan 
-17.375, -76.875, 4.591460217388738e-24, nan 
-17.125, -76.875, 5.0263177377105244e-24, nan 
-16.875, -76.875, 5.7643553027107324e-24, nan 
-16.625, -76.875, 4.237309285682481e-24, nan 
-16.375, -76.875, 1.8075878122624153e-24, nan 
-16.125, -76.875, 4.7207167963881725e-24, nan 
-15.875, -76.875, 5.6260103710675516e-24, nan 
-15.625, -76.875, 6.571442466099795e-24, nan 
-15.375, -76.875, 5.989669130972875e-24, nan 
-15.125, -76.875, 1.6245658366387366e-24, nan 
-14.875, -76.875, 4.507550995480583e-24, nan 
-14.625, -76.875, 4.3628626139755366e-24, nan 
-14.375, -76.875, 3.6954921007240085e-24, nan 
-14.125, -76.875, 3.171731918105521e-24, nan 
-13.875, -76.875, 3.1807409609663168e-24, nan 
-13.625, -76.875, 2.2833977757835897e-24, nan 
-13.375, -76.875, 4.7646817104641895e-24, nan 
-13.125, -76.875, 4.7612472576277844e-24, nan 
-12.875, -76.875, 3.8920870107208196e-24, nan 
-12.625, -76.875, 3.789583797631015e-24, nan 
-12.375, -76.875, 1.6435802001872205e-24, nan 
-12.125, -76.875, 3.2177183023437084e-24, nan 
-11.875, -76.875, 3.577095048950487e-24, nan 
-11.625, -76.875, 3.394050343229937e-24, nan 
-11.375, -76.875, 3.0997100232751774e-24, nan 
-11.125, -76.875, 1.513168281793069e-24, nan 
-10.875, -76.875, 2.053417848322547e-24, nan 
-10.625, -76.875, 3.1294395842799608e-24, nan 
-10.375, -76.875, 3.0727678148339857e-24, nan 
-10.125, -76.875, 2.4351498644978615e-24, nan 
-9.875, -76.875, 2.8137183062068406e-24, nan 
-9.625, -76.875, 2.1288421986994283e-24, nan 
-9.375, -76.875, 2.2446333111620603e-24, nan 
-9.125, -76.875, 2.3784140869720012e-24, nan 
-8.875, -76.875, 2.758766575879951e-24, nan 
-8.625, -76.875, 4.070486141397329e-24, nan 
-8.375, -76.875, 4.255404826122918e-24, nan 
-8.125, -76.875, 3.968348407228561e-24, nan 
-7.875, -76.875, 3.2398177114688122e-24, nan 
-7.625, -76.875, 2.3537772479358077e-24, nan 
-7.375, -76.875, 4.625830697196694e-25, nan 
-7.125, -76.875, 1.004098596941437e-24, nan 
-6.875, -76.875, 2.029018150987123e-24, nan 
-6.625, -76.875, 1.7499628206770853e-24, nan 
-6.375, -76.875, 1.099772162564948e-24, nan 
-6.125, -76.875, 5.771444459708768e-25, nan 
-5.875, -76.875, 2.2631166280506205e-24, nan 
-5.625, -76.875, 5.925609978287308e-24, nan 
-5.375, -76.875, 5.8577715237647986e-24, nan 
-5.125, -76.875, 2.90915715634556e-24, nan 
-4.875, -76.875, 2.6032478843740073e-24, nan 
-4.625, -76.875, 3.9381774866148254e-24, nan 
-4.375, -76.875, 5.5165544075195925e-24, nan 
-4.125, -76.875, 7.200103006819687e-24, nan 
-3.875, -76.875, 4.836336993074473e-24, nan 
-3.625, -76.875, 5.126232487375923e-24, nan 
-3.375, -76.875, 4.7354608017734814e-24, nan 
-3.125, -76.875, 3.1158959112206342e-24, nan 
-2.875, -76.875, 4.682661902689259e-24, nan 
-2.625, -76.875, 1.3822842148437862e-23, nan 
-2.375, -76.875, 1.3859887325860258e-23, nan 
-2.125, -76.875, 9.442918108789425e-24, nan 
-1.875, -76.875, 1.50285843422896e-24, nan 
-1.625, -76.875, 7.274351948116578e-24, nan 
-1.375, -76.875, 2.5334318339135537e-23, nan 
-1.125, -76.875, 2.5025948108573125e-23, nan 
-0.875, -76.875, 1.5312432671362256e-23, nan 
-0.625, -76.875, 1.954870210046633e-24, nan 
-0.375, -76.875, 4.198637079208353e-24, nan 
-0.125, -76.875, 1.144765667388035e-23, nan 
0.125, -76.875, 1.1943614259313951e-23, nan 
-50.375, -76.625, 5.123162545487703e-25, nan 
-50.125, -76.625, 4.800314263650978e-25, nan 
-49.875, -76.625, 3.9975639203336e-25, nan 
-49.625, -76.625, 4.9997626179925905e-25, nan 
-49.375, -76.625, 6.910799244946101e-25, nan 
-49.125, -76.625, 8.315724069784698e-25, nan 
-48.875, -76.625, 8.034939670158285e-25, nan 
-48.625, -76.625, 6.7671552941586105e-25, nan 
-48.375, -76.625, 8.163024136527841e-25, nan 
-48.125, -76.625, 8.289501224453709e-25, nan 
-47.875, -76.625, 9.862933494858084e-25, nan 
-47.625, -76.625, 9.617192153930955e-25, nan 
-47.375, -76.625, 5.901305888341166e-25, nan 
-47.125, -76.625, 2.9577939681908154e-25, nan 
-46.875, -76.625, 4.97862694662052e-25, nan 
-46.625, -76.625, 7.60896827566747e-25, nan 
-46.375, -76.625, 7.739992783525177e-25, nan 
-46.125, -76.625, 7.332730408509451e-25, nan 
-45.875, -76.625, 5.981311301550299e-25, nan 
-45.625, -76.625, 5.455680689705951e-25, nan 
-45.375, -76.625, 8.317770931810568e-25, nan 
-45.125, -76.625, 7.884861354101606e-25, nan 
-44.875, -76.625, 7.005245731869237e-25, nan 
-44.625, -76.625, 7.231550581471673e-25, nan 
-44.375, -76.625, 8.519720493503039e-25, nan 
-44.125, -76.625, 9.211958455914898e-25, nan 
-43.875, -76.625, 1.2055851829161689e-24, nan 
-43.625, -76.625, 1.095416532577693e-24, nan 
-43.375, -76.625, 1.039176885273155e-24, nan 
-43.125, -76.625, 1.1444030552215916e-24, nan 
-42.875, -76.625, 1.0945468686178086e-24, nan 
-42.625, -76.625, 1.340787436898198e-24, nan 
-42.375, -76.625, 6.508640948993741e-25, nan 
-42.125, -76.625, 1.010011994534796e-24, nan 
-41.875, -76.625, 1.07155198128117e-24, nan 
-41.625, -76.625, 6.291153971340778e-25, nan 
-41.375, -76.625, 8.403228205405748e-25, nan 
-41.125, -76.625, 1.1045304546742026e-24, nan 
-40.875, -76.625, 1.0312001854123687e-24, nan 
-40.625, -76.625, 8.952493555337325e-25, nan 
-40.375, -76.625, 7.3490044477699e-25, nan 
-40.125, -76.625, 7.173736562266889e-25, nan 
-39.875, -76.625, 6.1309127703366285e-25, nan 
-39.625, -76.625, 7.798905877251167e-25, nan 
-39.375, -76.625, 1.103143198971422e-24, nan 
-39.125, -76.625, 7.983629147652268e-25, nan 
-38.875, -76.625, 8.172058230065051e-25, nan 
-38.625, -76.625, 1.8552660343525207e-24, nan 
-38.375, -76.625, 1.6834866016349395e-24, nan 
-38.125, -76.625, 1.3623418643161152e-24, nan 
-37.875, -76.625, 1.112517067913777e-24, nan 
-37.625, -76.625, 1.8306053651865767e-24, nan 
-37.375, -76.625, 1.4269523951833985e-24, nan 
-37.125, -76.625, 2.0158653938711245e-24, nan 
-36.875, -76.625, 1.59098992920096e-24, nan 
-36.625, -76.625, 1.1722080942992629e-24, nan 
-36.375, -76.625, 1.6063082385031912e-24, nan 
-36.125, -76.625, 6.711958015157421e-25, nan 
-35.875, -76.625, 5.635169819823385e-25, nan 
-35.625, -76.625, 9.194670008107766e-25, nan 
-35.375, -76.625, 9.737164309312348e-25, nan 
-35.125, -76.625, 9.250683418251116e-25, nan 
-34.875, -76.625, 1.708946718110002e-24, nan 
-34.625, -76.625, 2.9156758839743386e-24, nan 
-34.375, -76.625, 3.138838467163891e-24, nan 
-34.125, -76.625, 6.684913919487343e-24, nan 
-33.875, -76.625, 7.201994438449552e-24, nan 
-33.625, -76.625, 4.829800222553376e-24, nan 
-33.375, -76.625, 2.514235488876586e-24, nan 
-33.125, -76.625, 4.572254666493569e-24, nan 
-32.875, -76.625, 4.419215379598679e-24, nan 
-32.625, -76.625, 3.951196472283688e-24, nan 
-32.375, -76.625, 4.101793299358433e-24, nan 
-32.125, -76.625, 3.711709844013434e-24, nan 
-31.875, -76.625, 3.437011804542989e-24, nan 
-31.625, -76.625, 2.7108757533559523e-24, nan 
-31.375, -76.625, 2.438152467189967e-24, nan 
-31.125, -76.625, 2.2798990383492074e-24, nan 
-30.875, -76.625, 2.356787405716435e-24, nan 
-30.625, -76.625, 1.959199817519691e-24, nan 
-30.375, -76.625, 1.986035899853413e-24, nan 
-30.125, -76.625, 2.0887785674144116e-24, nan 
-29.875, -76.625, 2.7009260630612965e-24, nan 
-29.625, -76.625, 3.2266701338087392e-24, nan 
-29.375, -76.625, 1.7096950594653204e-24, nan 
-29.125, -76.625, 1.968372661820038e-24, nan 
-28.875, -76.625, 1.9427021380250134e-24, nan 
-28.625, -76.625, 3.5713004235257105e-24, nan 
-28.375, -76.625, 6.690886393470019e-24, nan 
-28.125, -76.625, 1.3120938276847368e-23, nan 
-27.875, -76.625, 1.2857817974973504e-23, nan 
-27.625, -76.625, 1.2411165181640801e-23, nan 
-27.375, -76.625, 1.1613668420260721e-23, nan 
-27.125, -76.625, 6.052707512574982e-24, nan 
-26.875, -76.625, 5.220843642796109e-24, nan 
-26.625, -76.625, 5.521693423792142e-24, nan 
-26.375, -76.625, 5.5294583649848325e-24, nan 
-26.125, -76.625, 4.3839003943965965e-24, nan 
-25.875, -76.625, 3.735637289968004e-24, nan 
-25.625, -76.625, 3.774517843574329e-24, nan 
-25.375, -76.625, 3.7332597977680364e-24, nan 
-25.125, -76.625, 3.881856377986636e-24, nan 
-24.875, -76.625, 3.57819098599356e-24, nan 
-24.625, -76.625, 3.0311603943993914e-24, nan 
-24.375, -76.625, 3.579173857987661e-24, nan 
-24.125, -76.625, 3.210209514947252e-24, nan 
-23.875, -76.625, 2.8459113107043866e-24, nan 
-23.625, -76.625, 1.839764857801282e-24, nan 
-23.375, -76.625, 1.5921563093366902e-24, nan 
-23.125, -76.625, 1.4267449646451853e-24, nan 
-22.875, -76.625, 1.0524621799303454e-24, nan 
-22.625, -76.625, 7.461143766244853e-25, nan 
-22.375, -76.625, 8.713358658246466e-25, nan 
-22.125, -76.625, 6.573057993900241e-25, nan 
-21.875, -76.625, 1.3761517647721572e-24, nan 
-21.625, -76.625, 2.2710895596308696e-24, nan 
-21.375, -76.625, 2.730909711728002e-24, nan 
-21.125, -76.625, 4.024301523652747e-24, nan 
-20.875, -76.625, 1.4882383640478807e-24, nan 
-20.625, -76.625, 1.3377194563672196e-24, nan 
-20.375, -76.625, 2.0036093103687575e-24, nan 
-20.125, -76.625, 2.3255603052600416e-24, nan 
-19.875, -76.625, 2.7226140132142534e-24, nan 
-19.625, -76.625, 2.2287449230329374e-24, nan 
-19.375, -76.625, 1.986787219400508e-24, nan 
-19.125, -76.625, 2.271540274898e-24, nan 
-18.875, -76.625, 2.069340478236777e-24, nan 
-18.625, -76.625, 3.419918296975282e-24, nan 
-18.375, -76.625, 3.3955675558458405e-24, nan 
-18.125, -76.625, 4.1454741553575264e-24, nan 
-17.875, -76.625, 4.606929419957658e-24, nan 
-17.625, -76.625, 3.23041474232564e-24, nan 
-17.375, -76.625, 4.276208857569341e-24, nan 
-17.125, -76.625, 4.472455681147214e-24, nan 
-16.875, -76.625, 5.560851566432551e-24, nan 
-16.625, -76.625, 5.92874671106698e-24, nan 
-16.375, -76.625, 4.9959120411678986e-24, nan 
-16.125, -76.625, 5.683808285667282e-24, nan 
-15.875, -76.625, 5.577277804905969e-24, nan 
-15.625, -76.625, 5.0626381859058515e-24, nan 
-15.375, -76.625, 3.8150311041116214e-24, nan 
-15.125, -76.625, 3.6642669355910905e-24, nan 
-14.875, -76.625, 3.635532487340396e-24, nan 
-14.625, -76.625, 2.4434967041425154e-24, nan 
-14.375, -76.625, 8.400794693665303e-25, nan 
-14.125, -76.625, 2.1009554628486058e-24, nan 
-13.875, -76.625, 1.7328390140753974e-24, nan 
-13.625, -76.625, 1.909991971511685e-24, nan 
-13.375, -76.625, 3.968449697185284e-24, nan 
-13.125, -76.625, 3.316400317006916e-24, nan 
-12.875, -76.625, 2.7083339510957705e-24, nan 
-12.625, -76.625, 2.6724421683663824e-24, nan 
-12.375, -76.625, 1.143475803529861e-24, nan 
-12.125, -76.625, 1.6343799743597452e-24, nan 
-11.875, -76.625, 2.8577915500864985e-24, nan 
-11.625, -76.625, 2.070240318555933e-24, nan 
-11.375, -76.625, 1.2753379589566552e-24, nan 
-11.125, -76.625, 1.6444709687183647e-24, nan 
-10.875, -76.625, 1.4889966764078165e-24, nan 
-10.625, -76.625, 1.1372871843314312e-24, nan 
-10.375, -76.625, 1.235265464831235e-24, nan 
-10.125, -76.625, 1.2159927853717568e-24, nan 
-9.875, -76.625, 8.719243760518301e-25, nan 
-9.625, -76.625, 8.44423503640305e-25, nan 
-9.375, -76.625, 2.4526682779858307e-24, nan 
-9.125, -76.625, 3.1743757252498607e-24, nan 
-8.875, -76.625, 4.512519431305427e-24, nan 
-8.625, -76.625, 5.1451508064882444e-24, nan 
-8.375, -76.625, 5.805618710664465e-24, nan 
-8.125, -76.625, 3.9809232124488944e-24, nan 
-7.875, -76.625, 2.3676328474434838e-24, nan 
-7.625, -76.625, 2.1414559231017803e-24, nan 
-7.375, -76.625, 1.2624292922372969e-24, nan 
-7.125, -76.625, 1.4511417853069768e-24, nan 
-6.875, -76.625, 2.2690619247618035e-24, nan 
-6.625, -76.625, 1.940607870150768e-24, nan 
-6.375, -76.625, 2.4080725861445468e-24, nan 
-6.125, -76.625, 2.0371256194073554e-24, nan 
-5.875, -76.625, 3.2581708498684664e-24, nan 
-5.625, -76.625, 5.62523897707822e-24, nan 
-5.375, -76.625, 4.712883286448535e-24, nan 
-5.125, -76.625, 4.365687482493115e-24, nan 
-4.875, -76.625, 4.335474222103419e-24, nan 
-4.625, -76.625, 5.823292979248866e-24, nan 
-4.375, -76.625, 6.862823281023837e-24, nan 
-4.125, -76.625, 4.267964064619729e-24, nan 
-3.875, -76.625, 6.610426290599374e-24, nan 
-3.625, -76.625, 7.135658650282758e-24, nan 
-3.375, -76.625, 6.4206235685327176e-24, nan 
-3.125, -76.625, 5.1971011544885664e-24, nan 
-2.875, -76.625, 4.77461182304146e-24, nan 
-2.625, -76.625, 5.2630796108615405e-24, nan 
-2.375, -76.625, 4.570815986646405e-24, nan 
-2.125, -76.625, 3.948942338135555e-24, nan 
-1.875, -76.625, 3.077816198293573e-24, nan 
-1.625, -76.625, 3.612208412584852e-24, nan 
-1.375, -76.625, 1.2704843339376656e-23, nan 
-1.125, -76.625, 1.2805893819768531e-23, nan 
-0.875, -76.625, 7.609706809942146e-24, nan 
-0.625, -76.625, 1.6329112232127417e-24, nan 
-0.375, -76.625, 1.9159062907042708e-24, nan 
-0.125, -76.625, 1.229874765858423e-24, nan 
0.125, -76.625, 1.9686904108713876e-24, nan 
0.375, -76.625, 1.0153195643878207e-24, nan 
0.625, -76.625, 9.69368802641022e-25, nan 
-49.875, -76.375, 4.042182704817015e-25, nan 
-49.625, -76.375, 5.339217573642154e-25, nan 
-49.375, -76.375, 7.708809955629943e-25, nan 
-49.125, -76.375, 8.937392677217759e-25, nan 
-48.875, -76.375, 5.063451850721466e-25, nan 
-48.625, -76.375, 3.3982614987548127e-25, nan 
-48.375, -76.375, 4.027681048192473e-25, nan 
-48.125, -76.375, 5.845260432111315e-25, nan 
-47.875, -76.375, 8.735482287860463e-25, nan 
-47.625, -76.375, 7.93755001655709e-25, nan 
-47.375, -76.375, 9.051140072788244e-25, nan 
-47.125, -76.375, 6.487699354202275e-25, nan 
-46.875, -76.375, 5.929927234516033e-25, nan 
-46.625, -76.375, 8.499347698961642e-25, nan 
-46.375, -76.375, 6.876213374677742e-25, nan 
-46.125, -76.375, 9.052069647767046e-25, nan 
-45.875, -76.375, 7.054697348409657e-25, nan 
-45.625, -76.375, 6.741242814104366e-25, nan 
-45.375, -76.375, 6.270077239750344e-25, nan 
-45.125, -76.375, 6.2586018338007165e-25, nan 
-44.875, -76.375, 9.349324914120712e-25, nan 
-44.625, -76.375, 9.676355706991705e-25, nan 
-44.375, -76.375, 4.6646894569425045e-25, nan 
-44.125, -76.375, 6.371149083538276e-25, nan 
-43.875, -76.375, 1.1238797974577828e-24, nan 
-43.625, -76.375, 1.211780244769551e-24, nan 
-43.375, -76.375, 9.10371011255896e-25, nan 
-43.125, -76.375, 3.8480860474815105e-25, nan 
-42.875, -76.375, 6.95973768455304e-25, nan 
-42.625, -76.375, 1.1838090237377364e-24, nan 
-42.375, -76.375, 7.5748702503123e-25, nan 
-42.125, -76.375, 7.30001072045828e-25, nan 
-41.875, -76.375, 5.761050458243357e-25, nan 
-41.625, -76.375, 7.029719870085515e-25, nan 
-41.375, -76.375, 1.0503345710254598e-24, nan 
-41.125, -76.375, 1.610544797841675e-24, nan 
-40.875, -76.375, 1.5462722989230817e-24, nan 
-40.625, -76.375, 8.725677196102534e-25, nan 
-40.375, -76.375, 8.051309819801384e-25, nan 
-40.125, -76.375, 7.255772654020675e-25, nan 
-39.875, -76.375, 1.0829730715241651e-24, nan 
-39.625, -76.375, 1.2169593463388467e-24, nan 
-39.375, -76.375, 8.2527795311266055e-25, nan 
-39.125, -76.375, 1.5913573594580045e-24, nan 
-38.875, -76.375, 1.5108984653907034e-24, nan 
-38.625, -76.375, 2.3595137306945625e-24, nan 
-38.375, -76.375, 2.683843204929926e-24, nan 
-38.125, -76.375, 3.2007083289685098e-24, nan 
-37.875, -76.375, 2.8414377934948318e-24, nan 
-37.625, -76.375, 2.734855094885522e-24, nan 
-37.375, -76.375, 2.1171636617150235e-24, nan 
-37.125, -76.375, 1.6258620741888016e-24, nan 
-36.875, -76.375, 1.1864647358315779e-24, nan 
-36.625, -76.375, 6.841067955363777e-25, nan 
-36.375, -76.375, 9.680685962348208e-25, nan 
-36.125, -76.375, 1.379378113707072e-24, nan 
-35.875, -76.375, 2.32080859801417e-24, nan 
-35.625, -76.375, 2.0885219012015222e-24, nan 
-35.375, -76.375, 6.235320322641012e-24, nan 
-35.125, -76.375, 6.725903070990435e-24, nan 
-34.875, -76.375, 5.06446206656416e-24, nan 
-34.625, -76.375, 4.026951101386717e-24, nan 
-34.375, -76.375, 8.343956613233646e-24, nan 
-34.125, -76.375, 1.605984428440099e-23, nan 
-33.875, -76.375, 1.7061855054553004e-23, nan 
-33.625, -76.375, 1.1787586914640034e-23, nan 
-33.375, -76.375, 2.6559096195470787e-24, nan 
-33.125, -76.375, 8.339393152443388e-24, nan 
-32.875, -76.375, 1.1399911687009589e-23, nan 
-32.625, -76.375, 1.0866605066691005e-23, nan 
-32.375, -76.375, 8.007534258900441e-24, nan 
-32.125, -76.375, 4.622813394875464e-24, nan 
-31.875, -76.375, 3.5653820113437676e-24, nan 
-31.625, -76.375, 2.2796787141355855e-24, nan 
-31.375, -76.375, 2.287930479173794e-24, nan 
-31.125, -76.375, 2.3607528804405647e-24, nan 
-30.875, -76.375, 2.557565380910541e-24, nan 
-30.625, -76.375, 2.908028552067956e-24, nan 
-30.375, -76.375, 2.0006653785052005e-24, nan 
-30.125, -76.375, 1.2941520263822075e-24, nan 
-29.875, -76.375, 2.7889865709008908e-24, nan 
-29.625, -76.375, 3.944818691999403e-24, nan 
-29.375, -76.375, 1.0940022519279655e-23, nan 
-29.125, -76.375, 1.0328917549990879e-23, nan 
-28.875, -76.375, 1.0913315589858084e-23, nan 
-28.625, -76.375, 1.203432322018575e-23, nan 
-28.375, -76.375, 8.388800146865613e-24, nan 
-28.125, -76.375, 2.7039852393733015e-23, nan 
-27.875, -76.375, 2.5903859222252124e-23, nan 
-27.625, -76.375, 2.6364290879051524e-23, nan 
-27.375, -76.375, 2.456110310204743e-23, nan 
-27.125, -76.375, 1.180545221404525e-23, nan 
-26.875, -76.375, 1.6635115231742945e-23, nan 
-26.625, -76.375, 1.6440382421952836e-23, nan 
-26.375, -76.375, 1.673993602626928e-23, nan 
-26.125, -76.375, 1.412119294290379e-23, nan 
-25.875, -76.375, 7.767874534260756e-24, nan 
-25.625, -76.375, 2.0136515504018667e-24, nan 
-25.375, -76.375, 2.4641057357223067e-24, nan 
-25.125, -76.375, 2.9261136887287813e-24, nan 
-24.875, -76.375, 2.6171138735133212e-24, nan 
-24.625, -76.375, 1.4244700028017995e-24, nan 
-24.375, -76.375, 9.100603729808062e-25, nan 
-24.125, -76.375, 1.522966614707195e-24, nan 
-23.875, -76.375, 1.3963204856379186e-24, nan 
-23.625, -76.375, 1.781423160661232e-24, nan 
-23.375, -76.375, 1.1464396747815461e-24, nan 
-23.125, -76.375, 1.2118350825053937e-24, nan 
-22.875, -76.375, 1.1646063694684516e-24, nan 
-22.625, -76.375, 1.3421455516387627e-24, nan 
-22.375, -76.375, 1.4418294936135354e-24, nan 
-22.125, -76.375, 5.781386548649752e-25, nan 
-21.875, -76.375, 2.3643384181635644e-24, nan 
-21.625, -76.375, 3.584559454952725e-24, nan 
-21.375, -76.375, 4.281801986392194e-24, nan 
-21.125, -76.375, 4.123253980369155e-24, nan 
-20.875, -76.375, 7.884495297175484e-25, nan 
-20.625, -76.375, 1.8076268525677008e-24, nan 
-20.375, -76.375, 2.7043969153642246e-24, nan 
-20.125, -76.375, 3.057839311068662e-24, nan 
-19.875, -76.375, 3.0522209808097764e-24, nan 
-19.625, -76.375, 1.4667524509714972e-24, nan 
-19.375, -76.375, 1.941333353238852e-24, nan 
-19.125, -76.375, 1.829285726315151e-24, nan 
-18.875, -76.375, 1.1640753351661148e-24, nan 
-18.625, -76.375, 1.29680919252309e-24, nan 
-18.375, -76.375, 2.289135521814017e-24, nan 
-18.125, -76.375, 2.921990659896402e-24, nan 
-17.875, -76.375, 4.217247745351941e-24, nan 
-17.625, -76.375, 3.912927792280172e-24, nan 
-17.375, -76.375, 5.9995926700165396e-24, nan 
-17.125, -76.375, 7.355667163240972e-24, nan 
-16.875, -76.375, 7.441944499926178e-24, nan 
-16.625, -76.375, 7.140213895699757e-24, nan 
-16.375, -76.375, 6.504955439699787e-24, nan 
-16.125, -76.375, 8.032569682377191e-24, nan 
-15.875, -76.375, 8.044419331571117e-24, nan 
-15.625, -76.375, 5.3148798300121655e-24, nan 
-15.375, -76.375, 1.3982708287212181e-24, nan 
-15.125, -76.375, 4.500692658003227e-24, nan 
-14.875, -76.375, 4.149637332139056e-24, nan 
-14.625, -76.375, 3.8298338220942214e-24, nan 
-14.375, -76.375, 2.44738426539304e-24, nan 
-14.125, -76.375, 2.8496242283840377e-24, nan 
-13.875, -76.375, 2.8423177936839117e-24, nan 
-13.625, -76.375, 1.4526062269188941e-24, nan 
-13.375, -76.375, 2.161188825807138e-24, nan 
-13.125, -76.375, 1.245174386805757e-24, nan 
-12.875, -76.375, 2.102031003359107e-24, nan 
-12.625, -76.375, 2.6718887782311587e-24, nan 
-12.375, -76.375, 2.402437523598039e-24, nan 
-12.125, -76.375, 2.9344893512842156e-24, nan 
-11.875, -76.375, 5.450391592162464e-24, nan 
-11.625, -76.375, 4.3781980138292996e-24, nan 
-11.375, -76.375, 6.9023441866328e-24, nan 
-11.125, -76.375, 5.055126628447629e-24, nan 
-10.875, -76.375, 4.3589692734946256e-24, nan 
-10.625, -76.375, 4.725715807256557e-24, nan 
-10.375, -76.375, 4.872268106579279e-24, nan 
-10.125, -76.375, 6.338392556057715e-24, nan 
-9.875, -76.375, 5.373349980181899e-24, nan 
-9.625, -76.375, 5.3527319891287475e-24, nan 
-9.375, -76.375, 3.1546672866061036e-24, nan 
-9.125, -76.375, 3.375648694631376e-24, nan 
-8.875, -76.375, 6.399210125856915e-24, nan 
-8.625, -76.375, 8.176826928199652e-24, nan 
-8.375, -76.375, 9.888523202898291e-24, nan 
-8.125, -76.375, 6.981313437610036e-24, nan 
-7.875, -76.375, 4.4747771999779444e-24, nan 
-7.625, -76.375, 3.972430936658323e-24, nan 
-7.375, -76.375, 3.591854070000889e-24, nan 
-7.125, -76.375, 4.8555100889202675e-24, nan 
-6.875, -76.375, 4.174454117822155e-24, nan 
-6.625, -76.375, 3.506660144519304e-24, nan 
-6.375, -76.375, 2.938580610371189e-24, nan 
-6.125, -76.375, 2.007680263742826e-24, nan 
-5.875, -76.375, 1.8880280508181696e-24, nan 
-5.625, -76.375, 3.442067828983827e-24, nan 
-5.375, -76.375, 2.984938934348276e-24, nan 
-5.125, -76.375, 3.1280978717254312e-24, nan 
-4.875, -76.375, 3.122779366114733e-24, nan 
-4.625, -76.375, 4.405332426402785e-24, nan 
-4.375, -76.375, 5.104484795816168e-24, nan 
-4.125, -76.375, 5.661971290220046e-24, nan 
-3.875, -76.375, 6.019175068186799e-24, nan 
-3.625, -76.375, 5.278783601365001e-24, nan 
-3.375, -76.375, 5.187758082884898e-24, nan 
-3.125, -76.375, 4.180134123861588e-24, nan 
-2.875, -76.375, 5.273742915975072e-24, nan 
-2.625, -76.375, 4.558971639597297e-24, nan 
-2.375, -76.375, 3.2874384388702605e-24, nan 
-2.125, -76.375, 2.7493307762926544e-24, nan 
-1.875, -76.375, 1.4426705299227182e-24, nan 
-1.625, -76.375, 1.014677389369387e-24, nan 
-1.375, -76.375, 5.263717546333031e-25, nan 
-1.125, -76.375, 7.9261477088999185e-25, nan 
-0.875, -76.375, 1.666168560970466e-24, nan 
-0.625, -76.375, 1.041369399582636e-24, nan 
-0.375, -76.375, 5.745570513936092e-25, nan 
-0.125, -76.375, 1.5059814548562627e-24, nan 
0.125, -76.375, 1.3472574648320208e-24, nan 
0.375, -76.375, 9.310160154949422e-25, nan 
0.625, -76.375, 1.1869342918919388e-24, nan 
0.875, -76.375, 2.6508652153113483e-25, nan 
1.125, -76.375, 1.726636045789308e-24, nan 
-49.125, -76.125, 6.819686155386107e-25, nan 
-48.875, -76.125, 4.330694037279639e-25, nan 
-48.625, -76.125, 1.3950118947971494e-25, nan 
-48.375, -76.125, 3.4152708082021693e-25, nan 
-48.125, -76.125, 2.9189025284812687e-25, nan 
-47.875, -76.125, 8.166142054900891e-25, nan 
-47.625, -76.125, 6.377245949626219e-25, nan 
-47.375, -76.125, 6.204365414232271e-25, nan 
-47.125, -76.125, 4.562089481550637e-25, nan 
-46.875, -76.125, 5.697753409997506e-25, nan 
-46.625, -76.125, 1.094978305591637e-24, nan 
-46.375, -76.125, 7.956282518626451e-25, nan 
-46.125, -76.125, 6.121091956511139e-25, nan 
-45.875, -76.125, 4.636335230208075e-25, nan 
-45.625, -76.125, 5.25375320960992e-25, nan 
-45.375, -76.125, 8.022123992484342e-25, nan 
-45.125, -76.125, 7.222012602993993e-25, nan 
-44.875, -76.125, 8.087019634589118e-25, nan 
-44.625, -76.125, 9.783123258296266e-25, nan 
-44.375, -76.125, 1.825569348432427e-25, nan 
-44.125, -76.125, 6.177779328343533e-25, nan 
-43.875, -76.125, 3.5594449545674433e-25, nan 
-43.625, -76.125, 1.8246654118227592e-25, nan 
-43.375, -76.125, 1.3555274367782046e-25, nan 
-43.125, -76.125, 4.668319859993031e-25, nan 
-42.875, -76.125, 7.488786087328385e-25, nan 
-42.625, -76.125, 9.313777777942922e-25, nan 
-42.375, -76.125, 4.076815265644576e-25, nan 
-42.125, -76.125, 5.966214667680212e-25, nan 
-41.875, -76.125, 9.155670993773348e-25, nan 
-41.625, -76.125, 1.196739341437153e-24, nan 
-41.375, -76.125, 1.4467948027868579e-24, nan 
-41.125, -76.125, 1.01427172435385e-24, nan 
-40.875, -76.125, 9.59499359443536e-25, nan 
-40.625, -76.125, 9.935735367853764e-25, nan 
-40.375, -76.125, 1.585072626751524e-24, nan 
-40.125, -76.125, 1.4404103097451858e-24, nan 
-39.875, -76.125, 1.7439011495375637e-24, nan 
-39.625, -76.125, 2.5376197156497525e-24, nan 
-39.375, -76.125, 2.6638375830152994e-24, nan 
-39.125, -76.125, 2.8656470243050133e-24, nan 
-38.875, -76.125, 2.769010358178693e-24, nan 
-38.625, -76.125, 2.5770568893783404e-24, nan 
-38.375, -76.125, 3.5674896452949844e-24, nan 
-38.125, -76.125, 4.2988410841660846e-24, nan 
-37.875, -76.125, 3.999877105447845e-24, nan 
-37.625, -76.125, 3.807374122075053e-24, nan 
-37.375, -76.125, 2.4798757340166286e-24, nan 
-37.125, -76.125, 1.7466286190807953e-24, nan 
-36.875, -76.125, 2.0427291939413406e-24, nan 
-36.625, -76.125, 1.8966045438310622e-24, nan 
-36.375, -76.125, 1.8425210391303233e-24, nan 
-36.125, -76.125, 1.3956989061043282e-24, nan 
-35.875, -76.125, 1.8584006517014846e-24, nan 
-35.625, -76.125, 1.5389938362244903e-24, nan 
-35.375, -76.125, 1.973840418086344e-24, nan 
-35.125, -76.125, 2.958821685039905e-24, nan 
-34.875, -76.125, 2.03491977443737e-24, nan 
-34.625, -76.125, 2.583464127032604e-24, nan 
-34.375, -76.125, 4.195555139954667e-24, nan 
-34.125, -76.125, 8.896695203699717e-24, nan 
-33.875, -76.125, 1.0176201790364067e-23, nan 
-33.625, -76.125, 7.107622350805123e-24, nan 
-33.375, -76.125, 1.7737454596841075e-24, nan 
-33.125, -76.125, 3.035409652907718e-24, nan 
-32.875, -76.125, 2.799690445854483e-24, nan 
-32.625, -76.125, 1.837608830252217e-24, nan 
-32.375, -76.125, 1.8128200310531462e-24, nan 
-32.125, -76.125, 2.327060266388764e-24, nan 
-31.875, -76.125, 2.2806271302016283e-24, nan 
-31.625, -76.125, 1.5604495291647357e-24, nan 
-31.375, -76.125, 1.6255826453113362e-24, nan 
-31.125, -76.125, 1.891952927365731e-24, nan 
-30.875, -76.125, 1.4604216992610054e-24, nan 
-30.625, -76.125, 2.880203601961386e-24, nan 
-30.375, -76.125, 2.8022086411169192e-24, nan 
-30.125, -76.125, 1.003158112342647e-24, nan 
-29.875, -76.125, 1.215163284456929e-24, nan 
-29.625, -76.125, 1.2496403345703731e-24, nan 
-29.375, -76.125, 2.4297766365945363e-24, nan 
-29.125, -76.125, 2.5406018737029482e-24, nan 
-28.875, -76.125, 2.5796351729039068e-24, nan 
-28.625, -76.125, 2.2497668149288934e-24, nan 
-28.375, -76.125, 5.6828363404709574e-24, nan 
-28.125, -76.125, 1.44879247849534e-23, nan 
-27.875, -76.125, 1.410995592823505e-23, nan 
-27.625, -76.125, 1.436034834092935e-23, nan 
-27.375, -76.125, 1.3244050776716632e-23, nan 
-27.125, -76.125, 7.815987405567804e-24, nan 
-26.875, -76.125, 3.658804337269055e-24, nan 
-26.625, -76.125, 5.143944906159142e-24, nan 
-26.375, -76.125, 4.979482242948339e-24, nan 
-26.125, -76.125, 3.4514839080946394e-24, nan 
-25.875, -76.125, 2.659744206321157e-24, nan 
-25.625, -76.125, 1.9403820925498094e-24, nan 
-25.375, -76.125, 1.6130393781995792e-24, nan 
-25.125, -76.125, 1.4790757558254163e-24, nan 
-24.875, -76.125, 1.4116012249411005e-24, nan 
-24.625, -76.125, 1.1204998877631051e-24, nan 
-24.375, -76.125, 1.08535610478064e-24, nan 
-24.125, -76.125, 2.5238156237883353e-24, nan 
-23.875, -76.125, 1.953304677929494e-24, nan 
-23.625, -76.125, 3.2202357911018617e-24, nan 
-23.375, -76.125, 2.397007832360554e-24, nan 
-23.125, -76.125, 1.5173774483803074e-24, nan 
-22.875, -76.125, 1.8553643539119233e-24, nan 
-22.625, -76.125, 1.6016654048837553e-24, nan 
-22.375, -76.125, 1.7898295630017432e-24, nan 
-22.125, -76.125, 1.5545521022707769e-24, nan 
-21.875, -76.125, 2.5343206738056263e-24, nan 
-21.625, -76.125, 2.917336506299136e-24, nan 
-21.375, -76.125, 3.0728540258550756e-24, nan 
-21.125, -76.125, 3.391454577497507e-24, nan 
-20.875, -76.125, 2.0276500658327074e-24, nan 
-20.625, -76.125, 1.764444545875013e-24, nan 
-20.375, -76.125, 1.8454287335609666e-24, nan 
-20.125, -76.125, 1.0694257326573281e-24, nan 
-19.875, -76.125, 1.627792660093337e-24, nan 
-19.625, -76.125, 1.4228814390587035e-24, nan 
-19.375, -76.125, 1.0124826660950318e-24, nan 
-19.125, -76.125, 1.7020607557482116e-24, nan 
-18.875, -76.125, 2.9290495253902696e-24, nan 
-18.625, -76.125, 4.186682019879484e-24, nan 
-18.375, -76.125, 5.2111796091604685e-24, nan 
-18.125, -76.125, 6.542306214788484e-24, nan 
-17.875, -76.125, 6.166350340920048e-24, nan 
-17.625, -76.125, 4.810400220737882e-24, nan 
-17.375, -76.125, 5.779737026004249e-24, nan 
-17.125, -76.125, 8.351660562318642e-24, nan 
-16.875, -76.125, 1.0153731023977267e-23, nan 
-16.625, -76.125, 9.778346707449271e-24, nan 
-16.375, -76.125, 8.043471669291829e-24, nan 
-16.125, -76.125, 7.769492048922172e-24, nan 
-15.875, -76.125, 5.5536189828995816e-24, nan 
-15.625, -76.125, 5.3678452522463656e-24, nan 
-15.375, -76.125, 5.268290355950677e-24, nan 
-15.125, -76.125, 4.7051884229036416e-24, nan 
-14.875, -76.125, 4.988132808286234e-24, nan 
-14.625, -76.125, 3.592021206864504e-24, nan 
-14.375, -76.125, 2.466519464943508e-24, nan 
-14.125, -76.125, 2.7493296619201785e-24, nan 
-13.875, -76.125, 2.6132406820332526e-24, nan 
-13.625, -76.125, 2.5594298956748913e-24, nan 
-13.375, -76.125, 2.455601257514277e-24, nan 
-13.125, -76.125, 3.583573159352647e-24, nan 
-12.875, -76.125, 1.9934106176287166e-24, nan 
-12.625, -76.125, 5.08023146436507e-24, nan 
-12.375, -76.125, 3.654403421735664e-24, nan 
-12.125, -76.125, 3.589781319944601e-24, nan 
-11.875, -76.125, 7.951854864395389e-24, nan 
-11.625, -76.125, 5.512329404268099e-24, nan 
-11.375, -76.125, 9.403144896948226e-24, nan 
-11.125, -76.125, 7.226032491354526e-24, nan 
-10.875, -76.125, 7.051451229140707e-24, nan 
-10.625, -76.125, 7.01665714869245e-24, nan 
-10.375, -76.125, 7.960666251353747e-24, nan 
-10.125, -76.125, 8.291937834209819e-24, nan 
-9.875, -76.125, 5.1742613362404246e-24, nan 
-9.625, -76.125, 3.7282942756622816e-24, nan 
-9.375, -76.125, 3.7234508040301255e-24, nan 
-9.125, -76.125, 4.6129586768230386e-24, nan 
-8.875, -76.125, 5.208365158933749e-24, nan 
-8.625, -76.125, 4.803688564068712e-24, nan 
-8.375, -76.125, 5.1684877073902035e-24, nan 
-8.125, -76.125, 4.607285066432636e-24, nan 
-7.875, -76.125, 3.520669167524067e-24, nan 
-7.625, -76.125, 2.976689873967731e-24, nan 
-7.375, -76.125, 2.7980833373368253e-24, nan 
-7.125, -76.125, 1.9481372567944884e-24, nan 
-6.875, -76.125, 1.1579629236313801e-24, nan 
-6.625, -76.125, 1.0295120948782133e-24, nan 
-6.375, -76.125, 4.849672054605787e-25, nan 
-6.125, -76.125, 2.8417861046701925e-24, nan 
-5.875, -76.125, 1.6678630376557884e-24, nan 
-5.625, -76.125, 4.398161431118519e-24, nan 
-5.375, -76.125, 3.424143635716784e-24, nan 
-5.125, -76.125, 2.5103204754578087e-24, nan 
-4.875, -76.125, 2.290352043083718e-24, nan 
-4.625, -76.125, 2.666360911449967e-24, nan 
-4.375, -76.125, 2.6633529602464213e-24, nan 
-4.125, -76.125, 4.3916873829968195e-24, nan 
-3.875, -76.125, 3.991101989956112e-24, nan 
-3.625, -76.125, 1.99084723266254e-24, nan 
-3.375, -76.125, 1.7527469808457126e-24, nan 
-3.125, -76.125, 2.5127874784322694e-24, nan 
-2.875, -76.125, 2.2835431383905133e-24, nan 
-2.625, -76.125, 1.307419762208753e-24, nan 
-2.375, -76.125, 9.106846685523954e-25, nan 
-2.125, -76.125, 9.786897640100737e-25, nan 
-1.875, -76.125, 1.0066293055973977e-24, nan 
-1.625, -76.125, 1.1131637211254291e-24, nan 
-1.375, -76.125, 1.2278419679868892e-24, nan 
-1.125, -76.125, 9.911480899510742e-25, nan 
-0.875, -76.125, 1.5595528726894559e-24, nan 
-0.625, -76.125, 1.3973404114121747e-24, nan 
-0.375, -76.125, 1.346868382838521e-24, nan 
-0.125, -76.125, 2.2204473470569703e-24, nan 
0.125, -76.125, 1.8946750571078064e-24, nan 
0.375, -76.125, 1.1159042185159216e-24, nan 
0.625, -76.125, 2.0156915009790157e-24, nan 
0.875, -76.125, 8.684697325647785e-25, nan 
1.125, -76.125, 1.5983001992450326e-24, nan 
1.375, -76.125, 2.0270104152537224e-24, nan 
-48.625, -75.875, 5.923396200184569e-25, nan 
-48.375, -75.875, 5.462298678499601e-25, nan 
-48.125, -75.875, 5.382452544884541e-25, nan 
-47.875, -75.875, 4.703278622662894e-25, nan 
-47.625, -75.875, 4.075918456689572e-25, nan 
-47.375, -75.875, 5.198155127227808e-25, nan 
-47.125, -75.875, 6.3239819732185865e-25, nan 
-46.875, -75.875, 8.420377039908159e-25, nan 
-46.625, -75.875, 1.147875521058093e-24, nan 
-46.375, -75.875, 7.360971429823858e-25, nan 
-46.125, -75.875, 5.54928563709108e-25, nan 
-45.875, -75.875, 1.630616758997791e-24, nan 
-45.625, -75.875, 2.3440059956012214e-24, nan 
-45.375, -75.875, 8.79698780079837e-25, nan 
-45.125, -75.875, 7.11672703028696e-25, nan 
-44.875, -75.875, 7.380870580541186e-25, nan 
-44.625, -75.875, 6.641265661562871e-25, nan 
-44.375, -75.875, 6.3828486466114635e-25, nan 
-44.125, -75.875, 8.742401854813299e-25, nan 
-43.875, -75.875, 6.377540278046952e-25, nan 
-43.625, -75.875, 5.766270834495927e-25, nan 
-43.375, -75.875, 4.8339635855560085e-25, nan 
-43.125, -75.875, 8.822791089372022e-25, nan 
-42.875, -75.875, 1.6277584390857373e-24, nan 
-42.625, -75.875, 1.611512470182301e-24, nan 
-42.375, -75.875, 1.3566797118090893e-24, nan 
-42.125, -75.875, 1.2237486399316149e-24, nan 
-41.875, -75.875, 1.108584189235298e-24, nan 
-41.625, -75.875, 1.0515402247942336e-24, nan 
-41.375, -75.875, 1.211512608919159e-24, nan 
-41.125, -75.875, 1.0674471738383514e-24, nan 
-40.875, -75.875, 9.640710192802113e-25, nan 
-40.625, -75.875, 7.913716443155798e-25, nan 
-40.375, -75.875, 1.0986656669835595e-24, nan 
-40.125, -75.875, 1.8834829976555344e-24, nan 
-39.875, -75.875, 2.2911231161848814e-24, nan 
-39.625, -75.875, 5.424269478247707e-24, nan 
-39.375, -75.875, 4.7307981369300005e-24, nan 
-39.125, -75.875, 5.024153770495371e-24, nan 
-38.875, -75.875, 4.185743539175788e-24, nan 
-38.625, -75.875, 3.6905603370173156e-24, nan 
-38.375, -75.875, 3.3737330811661665e-24, nan 
-38.125, -75.875, 3.3431204960226744e-24, nan 
-37.875, -75.875, 4.311592692811977e-24, nan 
-37.625, -75.875, 3.741863733085767e-24, nan 
-37.375, -75.875, 3.6315058456300755e-24, nan 
-37.125, -75.875, 1.69247925777898e-24, nan 
-36.875, -75.875, 1.73014760641799e-24, nan 
-36.625, -75.875, 2.40980300852376e-24, nan 
-36.375, -75.875, 2.8473187163023838e-24, nan 
-36.125, -75.875, 2.0503955422328945e-24, nan 
-35.875, -75.875, 1.8477899071152234e-24, nan 
-35.625, -75.875, 2.022938788620645e-24, nan 
-35.375, -75.875, 2.838840281473195e-24, nan 
-35.125, -75.875, 3.291276222482516e-24, nan 
-34.875, -75.875, 2.725604270105613e-24, nan 
-34.625, -75.875, 1.9661650781368868e-24, nan 
-34.375, -75.875, 2.3138256492271975e-24, nan 
-34.125, -75.875, 2.003285206164944e-24, nan 
-33.875, -75.875, 2.1692613341007962e-24, nan 
-33.625, -75.875, 1.8569610952695404e-24, nan 
-33.375, -75.875, 2.1574108300454758e-24, nan 
-33.125, -75.875, 2.976487669195799e-24, nan 
-32.875, -75.875, 2.4084751406405426e-24, nan 
-32.625, -75.875, 1.9066304819886528e-24, nan 
-32.375, -75.875, 1.576269140116536e-24, nan 
-32.125, -75.875, 2.2013695788817652e-24, nan 
-31.875, -75.875, 3.346279065653356e-24, nan 
-31.625, -75.875, 3.948584269720148e-24, nan 
-31.375, -75.875, 4.040892166429276e-24, nan 
-31.125, -75.875, 3.2264478405007357e-24, nan 
-30.875, -75.875, 2.029976565373614e-24, nan 
-30.625, -75.875, 2.4927129135518182e-24, nan 
-30.375, -75.875, 3.767768707173504e-24, nan 
-30.125, -75.875, 3.3155267641275735e-24, nan 
-29.875, -75.875, 2.4712387328448007e-24, nan 
-29.625, -75.875, 1.0679234914051238e-24, nan 
-29.375, -75.875, 2.229444437727241e-24, nan 
-29.125, -75.875, 3.419260245891042e-24, nan 
-28.875, -75.875, 4.046646459855994e-24, nan 
-28.625, -75.875, 2.6956905415273066e-24, nan 
-28.375, -75.875, 4.1571423358768714e-24, nan 
-28.125, -75.875, 3.522148940749066e-24, nan 
-27.875, -75.875, 4.8022073105788755e-24, nan 
-27.625, -75.875, 4.7269335839534175e-24, nan 
-27.375, -75.875, 3.996711352990458e-24, nan 
-27.125, -75.875, 3.59768122956584e-24, nan 
-26.875, -75.875, 3.1467931066603054e-24, nan 
-26.625, -75.875, 4.137464113109819e-24, nan 
-26.375, -75.875, 4.2669347803425425e-24, nan 
-26.125, -75.875, 4.0217686673672676e-24, nan 
-25.875, -75.875, 3.287633707411733e-24, nan 
-25.625, -75.875, 2.9464839801253996e-24, nan 
-25.375, -75.875, 1.9401849131515063e-24, nan 
-25.125, -75.875, 1.3394007517143013e-24, nan 
-24.875, -75.875, 2.504358310593227e-24, nan 
-24.625, -75.875, 2.3119940618324073e-24, nan 
-24.375, -75.875, 2.0899756134487834e-24, nan 
-24.125, -75.875, 2.3707265136397783e-24, nan 
-23.875, -75.875, 1.6356609836848843e-24, nan 
-23.625, -75.875, 2.7171458572317662e-24, nan 
-23.375, -75.875, 2.8643892527897663e-24, nan 
-23.125, -75.875, 4.4881195692524075e-24, nan 
-22.875, -75.875, 4.7110897896989686e-24, nan 
-22.625, -75.875, 4.218939073213276e-24, nan 
-22.375, -75.875, 3.899891400144333e-24, nan 
-22.125, -75.875, 3.136727539705392e-24, nan 
-21.875, -75.875, 3.615418469440311e-24, nan 
-21.625, -75.875, 3.773267177181351e-24, nan 
-21.375, -75.875, 2.841269775629516e-24, nan 
-21.125, -75.875, 3.526048073718643e-24, nan 
-20.875, -75.875, 2.233128231487896e-24, nan 
-20.625, -75.875, 1.390582797937316e-24, nan 
-20.375, -75.875, 1.9269101077436995e-24, nan 
-20.125, -75.875, 1.0603684829615054e-24, nan 
-19.875, -75.875, 1.887629390032099e-24, nan 
-19.625, -75.875, 1.28588597169033e-24, nan 
-19.375, -75.875, 2.5990136739867067e-24, nan 
-19.125, -75.875, 3.397332123878545e-24, nan 
-18.875, -75.875, 3.975039245009085e-24, nan 
-18.625, -75.875, 4.5387654863883236e-24, nan 
-18.375, -75.875, 2.1001459722531542e-24, nan 
-18.125, -75.875, 3.1486410991427644e-24, nan 
-17.875, -75.875, 1.6234776226881788e-24, nan 
-17.625, -75.875, 2.4932866990354097e-24, nan 
-17.375, -75.875, 3.6711037120398435e-24, nan 
-17.125, -75.875, 4.931095357094237e-24, nan 
-16.875, -75.875, 6.3176336189196466e-24, nan 
-16.625, -75.875, 6.84141235227053e-24, nan 
-16.375, -75.875, 6.398821127680554e-24, nan 
-16.125, -75.875, 6.891449467097138e-24, nan 
-15.875, -75.875, 5.1986194279132816e-24, nan 
-15.625, -75.875, 4.7364512662486e-24, nan 
-15.375, -75.875, 4.2713050556233404e-24, nan 
-15.125, -75.875, 3.4974272469651586e-24, nan 
-14.875, -75.875, 3.294649784163726e-24, nan 
-14.625, -75.875, 2.5144423104032523e-24, nan 
-14.375, -75.875, 1.9072357391006176e-24, nan 
-14.125, -75.875, 2.579278262544849e-24, nan 
-13.875, -75.875, 3.1925673012080285e-24, nan 
-13.625, -75.875, 6.102172207819343e-24, nan 
-13.375, -75.875, 4.892170532221571e-24, nan 
-13.125, -75.875, 3.2411002284686724e-24, nan 
-12.875, -75.875, 9.166915250945894e-24, nan 
-12.625, -75.875, 4.307477543980563e-24, nan 
-12.375, -75.875, 1.40526019309781e-23, nan 
-12.125, -75.875, 1.2073111893926134e-23, nan 
-11.875, -75.875, 6.3256240266624205e-24, nan 
-11.625, -75.875, 4.980575134341553e-24, nan 
-11.375, -75.875, 6.877155252987949e-24, nan 
-11.125, -75.875, 5.9813046457974764e-24, nan 
-10.875, -75.875, 5.876086019610167e-24, nan 
-10.625, -75.875, 8.64088309147994e-24, nan 
-10.375, -75.875, 5.886530440052127e-24, nan 
-10.125, -75.875, 5.7494918034993e-24, nan 
-9.875, -75.875, 4.815504253554132e-24, nan 
-9.625, -75.875, 7.657812992839291e-24, nan 
-9.375, -75.875, 3.0601746692069497e-24, nan 
-9.125, -75.875, 3.4515473513156866e-24, nan 
-8.875, -75.875, 3.065221035067478e-24, nan 
-8.625, -75.875, 1.0101641970292364e-23, nan 
-8.375, -75.875, 1.0235099680232785e-23, nan 
-8.125, -75.875, 7.376088141579716e-24, nan 
-7.875, -75.875, 2.1195814025043005e-24, nan 
-7.625, -75.875, 2.0463019834219254e-24, nan 
-7.375, -75.875, 2.2125733157211558e-24, nan 
-7.125, -75.875, 1.0543160799737304e-24, nan 
-6.875, -75.875, 3.4083409997574894e-24, nan 
-6.625, -75.875, 1.9420630886927837e-24, nan 
-6.375, -75.875, 1.7452269300413613e-24, nan 
-6.125, -75.875, 2.433017540186527e-24, nan 
-5.875, -75.875, 1.4920288470282982e-24, nan 
-5.625, -75.875, 6.53013520340467e-24, nan 
-5.375, -75.875, 1.0376591260544084e-23, nan 
-5.125, -75.875, 2.29387605342752e-24, nan 
-4.875, -75.875, 2.3986920075145475e-24, nan 
-4.625, -75.875, 2.154768608086422e-24, nan 
-4.375, -75.875, 2.5993892366036416e-24, nan 
-4.125, -75.875, 2.4796955199212843e-24, nan 
-3.875, -75.875, 9.208999074649431e-25, nan 
-3.625, -75.875, 1.0075849859895869e-24, nan 
-3.375, -75.875, 1.2563209075250352e-24, nan 
-3.125, -75.875, 1.038990281929207e-24, nan 
-2.875, -75.875, 8.218483286750374e-25, nan 
-2.625, -75.875, 1.2599862430812238e-24, nan 
-2.375, -75.875, 7.537819905315152e-25, nan 
-2.125, -75.875, 1.174583298787986e-24, nan 
-1.875, -75.875, 1.2062947425005542e-24, nan 
-1.625, -75.875, 1.167995603517632e-24, nan 
-1.375, -75.875, 1.0905859787656e-24, nan 
-1.125, -75.875, 1.0479422940700884e-24, nan 
-0.875, -75.875, 7.8208966380556265e-25, nan 
-0.625, -75.875, 1.3802326156223551e-24, nan 
-0.375, -75.875, 1.605867635890611e-24, nan 
-0.125, -75.875, 1.656640214154089e-24, nan 
0.125, -75.875, 1.5852750546423811e-24, nan 
0.375, -75.875, 1.6131749363613424e-24, nan 
0.625, -75.875, 2.2733360190807086e-24, nan 
0.875, -75.875, 1.3474864689617152e-24, nan 
1.125, -75.875, 1.2125652111340228e-24, nan 
1.375, -75.875, 1.7769191400126632e-24, nan 
1.625, -75.875, 1.6484029470709206e-24, nan 
1.875, -75.875, 7.39111240186338e-25, nan 
-48.125, -75.625, 1.3462737803388749e-24, nan 
-47.875, -75.625, 8.973687566839049e-25, nan 
-47.625, -75.625, 6.761081412819952e-25, nan 
-47.375, -75.625, 1.1939999740885724e-24, nan 
-47.125, -75.625, 1.3652991527001275e-24, nan 
-46.875, -75.625, 1.6294961553017882e-24, nan 
-46.625, -75.625, 1.3195957788563836e-24, nan 
-46.375, -75.625, 7.769081428336586e-25, nan 
-46.125, -75.625, 4.4015478001096265e-25, nan 
-45.875, -75.625, 2.222028742317716e-24, nan 
-45.625, -75.625, 3.476907570860984e-24, nan 
-45.375, -75.625, 8.624160254287941e-25, nan 
-45.125, -75.625, 8.100466261379546e-25, nan 
-44.875, -75.625, 1.1053901726131005e-24, nan 
-44.625, -75.625, 1.840241507500955e-24, nan 
-44.375, -75.625, 2.09280126207542e-24, nan 
-44.125, -75.625, 9.562220317236013e-25, nan 
-43.875, -75.625, 1.705675276554662e-24, nan 
-43.625, -75.625, 2.2823011063157086e-24, nan 
-43.375, -75.625, 2.6242624546494143e-24, nan 
-43.125, -75.625, 3.3968779217908e-24, nan 
-42.875, -75.625, 3.317867112486361e-24, nan 
-42.625, -75.625, 3.568152661949901e-24, nan 
-42.375, -75.625, 4.5366326260855e-24, nan 
-42.125, -75.625, 5.5665170740259916e-24, nan 
-41.875, -75.625, 5.233077378768239e-24, nan 
-41.625, -75.625, 4.565370550339651e-24, nan 
-41.375, -75.625, 4.145012054681467e-24, nan 
-41.125, -75.625, 4.497862002872538e-24, nan 
-40.875, -75.625, 4.150261354800204e-24, nan 
-40.625, -75.625, 3.7667457557463085e-24, nan 
-40.375, -75.625, 3.006986268140277e-24, nan 
-40.125, -75.625, 4.1910694579229436e-24, nan 
-39.875, -75.625, 5.212818240893619e-24, nan 
-39.625, -75.625, 5.9037291930621104e-24, nan 
-39.375, -75.625, 4.9646943715687805e-24, nan 
-39.125, -75.625, 4.774346636593017e-24, nan 
-38.875, -75.625, 3.970151466405048e-24, nan 
-38.625, -75.625, 3.723323395660801e-24, nan 
-38.375, -75.625, 1.835156959479703e-24, nan 
-38.125, -75.625, 2.230204495889795e-24, nan 
-37.875, -75.625, 3.436826100558291e-24, nan 
-37.625, -75.625, 1.1851919709303832e-24, nan 
-37.375, -75.625, 1.288202637602712e-24, nan 
-37.125, -75.625, 2.002610776392859e-24, nan 
-36.875, -75.625, 2.0075656452671836e-24, nan 
-36.625, -75.625, 3.2914007705432025e-24, nan 
-36.375, -75.625, 2.335462580030236e-24, nan 
-36.125, -75.625, 2.0084314260419816e-24, nan 
-35.875, -75.625, 1.6723061974078724e-24, nan 
-35.625, -75.625, 2.1400704752371e-24, nan 
-35.375, -75.625, 3.0216408660173205e-24, nan 
-35.125, -75.625, 2.539462324369784e-24, nan 
-34.875, -75.625, 3.2358594421804485e-24, nan 
-34.625, -75.625, 1.998229737417766e-24, nan 
-34.375, -75.625, 2.480002142879921e-24, nan 
-34.125, -75.625, 1.9044122885620885e-24, nan 
-33.875, -75.625, 2.3300838586180353e-24, nan 
-33.625, -75.625, 2.345483782688303e-24, nan 
-33.375, -75.625, 2.347831758766919e-24, nan 
-33.125, -75.625, 2.402535018810378e-24, nan 
-32.875, -75.625, 3.1764927122408558e-24, nan 
-32.625, -75.625, 3.6771720456018556e-24, nan 
-32.375, -75.625, 3.484032307559024e-24, nan 
-32.125, -75.625, 2.815184752268302e-24, nan 
-31.875, -75.625, 2.5611696587411386e-24, nan 
-31.625, -75.625, 4.5349560842738814e-24, nan 
-31.375, -75.625, 5.6494168530093504e-24, nan 
-31.125, -75.625, 4.454024995670731e-24, nan 
-30.875, -75.625, 3.1869008480346156e-24, nan 
-30.625, -75.625, 2.350246344618983e-24, nan 
-30.375, -75.625, 3.899407430689422e-24, nan 
-30.125, -75.625, 4.799830291999498e-24, nan 
-29.875, -75.625, 3.958676703068638e-24, nan 
-29.625, -75.625, 3.000037772562952e-24, nan 
-29.375, -75.625, 1.4798741500438133e-24, nan 
-29.125, -75.625, 2.0735676290423254e-24, nan 
-28.875, -75.625, 3.3878766861711894e-24, nan 
-28.625, -75.625, 3.5312131046910804e-24, nan 
-28.375, -75.625, 4.335436037467397e-24, nan 
-28.125, -75.625, 2.9772441856565293e-24, nan 
-27.875, -75.625, 2.958824695438833e-24, nan 
-27.625, -75.625, 4.130720772300356e-24, nan 
-27.375, -75.625, 4.142101076202281e-24, nan 
-27.125, -75.625, 3.2617482426424735e-24, nan 
-26.875, -75.625, 2.75068298281104e-24, nan 
-26.625, -75.625, 3.076085821099605e-24, nan 
-26.375, -75.625, 3.9297317371814226e-24, nan 
-26.125, -75.625, 5.017564750548945e-24, nan 
-25.875, -75.625, 4.373475904572843e-24, nan 
-25.625, -75.625, 4.126561996228569e-24, nan 
-25.375, -75.625, 3.330143775667059e-24, nan 
-25.125, -75.625, 1.9842763179964404e-24, nan 
-24.875, -75.625, 3.398918786843187e-24, nan 
-24.625, -75.625, 3.632020173050791e-24, nan 
-24.375, -75.625, 3.778441889458755e-24, nan 
-24.125, -75.625, 3.770861072276748e-24, nan 
-23.875, -75.625, 3.7449691659019685e-24, nan 
-23.625, -75.625, 3.812335387375328e-24, nan 
-23.375, -75.625, 4.3539894893016205e-24, nan 
-23.125, -75.625, 4.041642379868653e-24, nan 
-22.875, -75.625, 4.5202699988278205e-24, nan 
-22.625, -75.625, 4.840909842429713e-24, nan 
-22.375, -75.625, 4.613674691924817e-24, nan 
-22.125, -75.625, 4.345488127060527e-24, nan 
-21.875, -75.625, 2.8301685829895517e-24, nan 
-21.625, -75.625, 2.420369016678917e-24, nan 
-21.375, -75.625, 1.9541237344872065e-24, nan 
-21.125, -75.625, 1.689247687681272e-24, nan 
-20.875, -75.625, 1.7168336605062683e-24, nan 
-20.625, -75.625, 1.9071422748904507e-24, nan 
-20.375, -75.625, 2.6791596185840364e-24, nan 
-20.125, -75.625, 3.025537634717423e-24, nan 
-19.875, -75.625, 3.997388925439498e-24, nan 
-19.625, -75.625, 2.3853494611526018e-24, nan 
-19.375, -75.625, 3.554655067182263e-24, nan 
-19.125, -75.625, 6.3897025124925124e-24, nan 
-18.875, -75.625, 7.261525854374126e-24, nan 
-18.625, -75.625, 9.679471962216285e-24, nan 
-18.375, -75.625, 4.246514070770962e-24, nan 
-18.125, -75.625, 6.034514005844788e-24, nan 
-17.875, -75.625, 3.91967956076635e-24, nan 
-17.625, -75.625, 4.409195008047565e-24, nan 
-17.375, -75.625, 6.207669854291867e-24, nan 
-17.125, -75.625, 4.012768939492184e-24, nan 
-16.875, -75.625, 5.28466623823515e-24, nan 
-16.625, -75.625, 3.478018608772606e-24, nan 
-16.375, -75.625, 1.8942611012597497e-24, nan 
-16.125, -75.625, 4.371524434062116e-24, nan 
-15.875, -75.625, 6.501578523562355e-24, nan 
-15.625, -75.625, 2.8028191828665506e-24, nan 
-15.375, -75.625, 2.4332804850487148e-24, nan 
-15.125, -75.625, 2.6746239717096875e-24, nan 
-14.875, -75.625, 3.58784202207055e-24, nan 
-14.625, -75.625, 2.9653337995209798e-24, nan 
-14.375, -75.625, 2.7881407030796355e-24, nan 
-14.125, -75.625, 8.54511776936018e-24, nan 
-13.875, -75.625, 7.16943067005333e-24, nan 
-13.625, -75.625, 8.480163310734832e-24, nan 
-13.375, -75.625, 8.514568386231063e-24, nan 
-13.125, -75.625, 3.497369972191986e-24, nan 
-12.875, -75.625, 1.1776430114066346e-23, nan 
-12.625, -75.625, 6.3001681677945466e-24, nan 
-12.375, -75.625, 1.6709083374028772e-23, nan 
-12.125, -75.625, 1.665569511854773e-23, nan 
-11.875, -75.625, 5.674426465777475e-24, nan 
-11.625, -75.625, 5.171787123104583e-24, nan 
-11.375, -75.625, 4.3282994257833605e-24, nan 
-11.125, -75.625, 7.896467139320727e-24, nan 
-10.875, -75.625, 7.602395282699249e-24, nan 
-10.625, -75.625, 9.374382867240916e-24, nan 
-10.375, -75.625, 6.82475732521901e-24, nan 
-10.125, -75.625, 7.774711211326813e-24, nan 
-9.875, -75.625, 1.0804039010226867e-23, nan 
-9.625, -75.625, 9.555596225523332e-24, nan 
-9.375, -75.625, 8.502499687263121e-24, nan 
-9.125, -75.625, 4.5731542157334745e-24, nan 
-8.875, -75.625, 4.703296322167511e-24, nan 
-8.625, -75.625, 1.5069288804987806e-23, nan 
-8.375, -75.625, 1.420775233466432e-23, nan 
-8.125, -75.625, 1.1246897551244661e-23, nan 
-7.875, -75.625, 1.227186608287512e-24, nan 
-7.625, -75.625, 7.533366836499423e-25, nan 
-7.375, -75.625, 7.460156640913759e-24, nan 
-7.125, -75.625, 7.903327342226922e-24, nan 
-6.875, -75.625, 8.609371514435765e-24, nan 
-6.625, -75.625, 9.900911537206147e-24, nan 
-6.375, -75.625, 1.910467629068927e-24, nan 
-6.125, -75.625, 3.1266360870461653e-24, nan 
-5.875, -75.625, 2.7019950567065763e-24, nan 
-5.625, -75.625, 1.2453619109190331e-23, nan 
-5.375, -75.625, 2.0699735126421896e-23, nan 
-5.125, -75.625, 1.498603794266614e-24, nan 
-4.875, -75.625, 1.0330133776771033e-24, nan 
-4.625, -75.625, 1.35953826334416e-24, nan 
-4.375, -75.625, 5.777012208041841e-24, nan 
-4.125, -75.625, 9.95507953109087e-24, nan 
-3.875, -75.625, 3.5997007377007655e-24, nan 
-3.625, -75.625, 3.482840098987547e-24, nan 
-3.375, -75.625, 1.77501399520458e-24, nan 
-3.125, -75.625, 7.725912748084349e-25, nan 
-2.875, -75.625, 7.532650951089706e-25, nan 
-2.625, -75.625, 1.476681990057675e-24, nan 
-2.375, -75.625, 1.21293263763243e-24, nan 
-2.125, -75.625, 9.637849379653048e-25, nan 
-1.875, -75.625, 7.146386695711577e-25, nan 
-1.625, -75.625, 4.733063900882916e-25, nan 
-1.375, -75.625, 7.575548188539108e-25, nan 
-1.125, -75.625, 1.6260683872854253e-24, nan 
-0.875, -75.625, 2.0581601198960176e-24, nan 
-0.625, -75.625, 1.7121113564910466e-24, nan 
-0.375, -75.625, 8.737895756969342e-25, nan 
-0.125, -75.625, 8.753529838427646e-25, nan 
0.125, -75.625, 1.7065390130920954e-24, nan 
0.375, -75.625, 2.741584601832643e-24, nan 
0.625, -75.625, 2.4070146105335764e-24, nan 
0.875, -75.625, 9.34572246288135e-25, nan 
1.125, -75.625, 1.1314146466753025e-24, nan 
1.375, -75.625, 1.2663565561425055e-24, nan 
1.625, -75.625, 1.6651342737119687e-24, nan 
1.875, -75.625, 1.5563367643112654e-24, nan 
2.125, -75.625, 1.812501664472088e-24, nan 
-47.625, -75.375, 3.9641858483203164e-25, nan 
-47.375, -75.375, 6.858959907098287e-25, nan 
-47.125, -75.375, 7.812257372191165e-25, nan 
-46.875, -75.375, 7.604740338867817e-25, nan 
-46.625, -75.375, 1.3098938900052615e-24, nan 
-46.375, -75.375, 5.652018167572013e-25, nan 
-46.125, -75.375, 3.719530932740182e-25, nan 
-45.875, -75.375, 1.5792576881529266e-24, nan 
-45.625, -75.375, 1.863416002715492e-24, nan 
-45.375, -75.375, 1.9647165558578613e-24, nan 
-45.125, -75.375, 1.7692144257317833e-24, nan 
-44.875, -75.375, 1.631157895249546e-24, nan 
-44.625, -75.375, 1.9974542169445862e-24, nan 
-44.375, -75.375, 1.7184811611661232e-24, nan 
-44.125, -75.375, 2.838747040443202e-24, nan 
-43.875, -75.375, 3.62466663990418e-24, nan 
-43.625, -75.375, 3.969986431169176e-24, nan 
-43.375, -75.375, 4.143617033978857e-24, nan 
-43.125, -75.375, 5.028368634103705e-24, nan 
-42.875, -75.375, 5.1987914084287636e-24, nan 
-42.625, -75.375, 5.245804746721537e-24, nan 
-42.375, -75.375, 5.8170607892187895e-24, nan 
-42.125, -75.375, 6.850869192182257e-24, nan 
-41.875, -75.375, 6.024995216305645e-24, nan 
-41.625, -75.375, 5.791286082690868e-24, nan 
-41.375, -75.375, 6.41988882319447e-24, nan 
-41.125, -75.375, 7.970663448265131e-24, nan 
-40.875, -75.375, 8.042607805178e-24, nan 
-40.625, -75.375, 6.345569722185656e-24, nan 
-40.375, -75.375, 7.905336609191116e-24, nan 
-40.125, -75.375, 3.784055462200023e-24, nan 
-39.875, -75.375, 5.399140843714176e-24, nan 
-39.625, -75.375, 4.8591794490102e-24, nan 
-39.375, -75.375, 1.0107188956894721e-24, nan 
-39.125, -75.375, 1.506818613667649e-24, nan 
-38.875, -75.375, 2.0965726586954005e-24, nan 
-38.625, -75.375, 5.809488443272346e-25, nan 
-38.375, -75.375, 1.4743020112237748e-24, nan 
-38.125, -75.375, 2.135356531054475e-24, nan 
-37.875, -75.375, 1.9622893480859695e-24, nan 
-37.625, -75.375, 1.3667989942440299e-24, nan 
-37.375, -75.375, 1.4161413298221169e-24, nan 
-37.125, -75.375, 1.200642471096536e-24, nan 
-36.875, -75.375, 1.2478315648633565e-24, nan 
-36.625, -75.375, 1.8431911276573524e-24, nan 
-36.375, -75.375, 1.608153705338541e-24, nan 
-36.125, -75.375, 2.1884679534640525e-24, nan 
-35.875, -75.375, 2.3455915022555564e-24, nan 
-35.625, -75.375, 2.0570816305479955e-24, nan 
-35.375, -75.375, 2.412877069207904e-24, nan 
-35.125, -75.375, 2.4209732645957915e-24, nan 
-34.875, -75.375, 2.1440107779971098e-24, nan 
-34.625, -75.375, 2.079647828588309e-24, nan 
-34.375, -75.375, 1.8038881876493818e-24, nan 
-34.125, -75.375, 1.6175402449735063e-24, nan 
-33.875, -75.375, 1.825560114094848e-24, nan 
-33.625, -75.375, 2.121840718852596e-24, nan 
-33.375, -75.375, 2.282870457720448e-24, nan 
-33.125, -75.375, 2.1000754751975624e-24, nan 
-32.875, -75.375, 2.3765530841253275e-24, nan 
-32.625, -75.375, 2.6705513184687164e-24, nan 
-32.375, -75.375, 3.327023805969331e-24, nan 
-32.125, -75.375, 3.2477813479482543e-24, nan 
-31.875, -75.375, 2.0973729611120624e-24, nan 
-31.625, -75.375, 6.986919957170378e-25, nan 
-31.375, -75.375, 3.4719468075958156e-24, nan 
-31.125, -75.375, 4.731104058233053e-24, nan 
-30.875, -75.375, 5.003726751253989e-24, nan 
-30.625, -75.375, 4.246504733446076e-24, nan 
-30.375, -75.375, 5.043780325221282e-24, nan 
-30.125, -75.375, 4.8003606891078965e-24, nan 
-29.875, -75.375, 2.2942429688760144e-24, nan 
-29.625, -75.375, 1.5951707149743191e-24, nan 
-29.375, -75.375, 2.1888408191355192e-24, nan 
-29.125, -75.375, 3.176775060280488e-24, nan 
-28.875, -75.375, 2.763530165871217e-24, nan 
-28.625, -75.375, 1.990416805595231e-24, nan 
-28.375, -75.375, 2.8573476075083213e-24, nan 
-28.125, -75.375, 1.72766257158334e-24, nan 
-27.875, -75.375, 1.1543486091448182e-24, nan 
-27.625, -75.375, 9.248064337183388e-25, nan 
-27.375, -75.375, 4.020868097209171e-24, nan 
-27.125, -75.375, 3.983659737562723e-24, nan 
-26.875, -75.375, 3.3840496088067125e-24, nan 
-26.625, -75.375, 4.263718467122236e-24, nan 
-26.375, -75.375, 3.7091508743004054e-24, nan 
-26.125, -75.375, 3.283823946273693e-24, nan 
-25.875, -75.375, 2.7046664383001976e-24, nan 
-25.625, -75.375, 5.9328724392342596e-24, nan 
-25.375, -75.375, 6.35047396561e-24, nan 
-25.125, -75.375, 4.44667106943381e-24, nan 
-24.875, -75.375, 5.700035847202906e-24, nan 
-24.625, -75.375, 7.495235684665989e-24, nan 
-24.375, -75.375, 6.928666289605592e-24, nan 
-24.125, -75.375, 4.7072320897002944e-24, nan 
-23.875, -75.375, 5.3011884798113264e-24, nan 
-23.625, -75.375, 6.559264543581197e-24, nan 
-23.375, -75.375, 5.8667657301421815e-24, nan 
-23.125, -75.375, 3.359179628826216e-24, nan 
-22.875, -75.375, 2.879693044755976e-24, nan 
-22.625, -75.375, 3.469947774893709e-24, nan 
-22.375, -75.375, 2.4007344446332415e-24, nan 
-22.125, -75.375, 2.9832746535988927e-24, nan 
-21.875, -75.375, 3.600229471120068e-24, nan 
-21.625, -75.375, 2.9534260500586966e-24, nan 
-21.375, -75.375, 2.235818353929214e-24, nan 
-21.125, -75.375, 1.3097567671122052e-24, nan 
-20.875, -75.375, 9.358165915963267e-25, nan 
-20.625, -75.375, 1.589975243490861e-24, nan 
-20.375, -75.375, 1.658836917703051e-24, nan 
-20.125, -75.375, 1.834703147692631e-24, nan 
-19.875, -75.375, 2.538949060404548e-24, nan 
-19.625, -75.375, 2.1375524391967254e-24, nan 
-19.375, -75.375, 3.325045447476024e-24, nan 
-19.125, -75.375, 4.936198484789178e-24, nan 
-18.875, -75.375, 5.8319583047528564e-24, nan 
-18.625, -75.375, 7.168508489173286e-24, nan 
-18.375, -75.375, 3.688895336916978e-24, nan 
-18.125, -75.375, 5.572548034776327e-24, nan 
-17.875, -75.375, 2.8794066330291817e-24, nan 
-17.625, -75.375, 1.7420928687701883e-24, nan 
-17.375, -75.375, 2.1072746238432206e-24, nan 
-17.125, -75.375, 1.469360051639997e-24, nan 
-16.875, -75.375, 6.553321675262314e-24, nan 
-16.625, -75.375, 8.129983154766422e-24, nan 
-16.375, -75.375, 1.783788647793559e-24, nan 
-16.125, -75.375, 1.1527347426826516e-23, nan 
-15.875, -75.375, 1.4041530111379153e-23, nan 
-15.625, -75.375, 2.7750545361577774e-24, nan 
-15.375, -75.375, 6.212318634282737e-24, nan 
-15.125, -75.375, 6.937275687715644e-24, nan 
-14.875, -75.375, 8.50367057278526e-24, nan 
-14.625, -75.375, 1.0228683453551672e-23, nan 
-14.375, -75.375, 5.785679826889536e-24, nan 
-14.125, -75.375, 1.1183131403437878e-23, nan 
-13.875, -75.375, 1.439938032566817e-23, nan 
-13.625, -75.375, 7.455582869443523e-24, nan 
-13.375, -75.375, 3.986582432099333e-24, nan 
-13.125, -75.375, 1.122833220324481e-23, nan 
-12.875, -75.375, 6.0081226826221616e-24, nan 
-12.625, -75.375, 9.866044862913683e-24, nan 
-12.375, -75.375, 1.2492055430052302e-23, nan 
-12.125, -75.375, 8.075586291185056e-24, nan 
-11.875, -75.375, 6.564990872374417e-24, nan 
-11.625, -75.375, 8.382386324685126e-24, nan 
-11.375, -75.375, 6.99392171139732e-24, nan 
-11.125, -75.375, 7.575941871183085e-24, nan 
-10.875, -75.375, 7.991459532958431e-24, nan 
-10.625, -75.375, 8.086836895098534e-24, nan 
-10.375, -75.375, 1.1528567703415108e-23, nan 
-10.125, -75.375, 1.3398420167595413e-23, nan 
-9.875, -75.375, 1.1167292073559381e-23, nan 
-9.625, -75.375, 7.804922134630393e-24, nan 
-9.375, -75.375, 8.133938329182034e-24, nan 
-9.125, -75.375, 6.245428702079628e-24, nan 
-8.875, -75.375, 5.540039519423946e-24, nan 
-8.625, -75.375, 6.79135082802143e-24, nan 
-8.375, -75.375, 7.467208079034871e-24, nan 
-8.125, -75.375, 5.889744953292847e-24, nan 
-7.875, -75.375, 5.541641471893852e-24, nan 
-7.625, -75.375, 6.3157294287351724e-24, nan 
-7.375, -75.375, 6.33548764956267e-24, nan 
-7.125, -75.375, 4.981894919464769e-24, nan 
-6.875, -75.375, 5.5913372827879206e-24, nan 
-6.625, -75.375, 5.591171626349314e-24, nan 
-6.375, -75.375, 6.1447813719816824e-24, nan 
-6.125, -75.375, 1.05212154322476e-23, nan 
-5.875, -75.375, 8.514537638031436e-24, nan 
-5.625, -75.375, 9.43258026916994e-24, nan 
-5.375, -75.375, 1.3194484418004734e-23, nan 
-5.125, -75.375, 4.3010421313477264e-24, nan 
-4.875, -75.375, 2.702986783903861e-24, nan 
-4.625, -75.375, 3.309808393733972e-24, nan 
-4.375, -75.375, 4.114656591173683e-24, nan 
-4.125, -75.375, 3.3062996967698263e-24, nan 
-3.875, -75.375, 5.746359017626721e-24, nan 
-3.625, -75.375, 6.249559461470218e-24, nan 
-3.375, -75.375, 1.7521928327175466e-24, nan 
-3.125, -75.375, 3.466536626695456e-24, nan 
-2.875, -75.375, 3.5227617072782475e-24, nan 
-2.625, -75.375, 1.5249461742260958e-24, nan 
-2.375, -75.375, 1.9681661188346166e-24, nan 
-2.125, -75.375, 1.2392151085463308e-24, nan 
-1.875, -75.375, 1.658243159577655e-24, nan 
-1.625, -75.375, 1.575063698160879e-24, nan 
-1.375, -75.375, 2.7550746173175404e-25, nan 
-1.125, -75.375, 1.1879342368058199e-24, nan 
-0.875, -75.375, 1.5250691143643657e-24, nan 
-0.625, -75.375, 1.2584480119218274e-24, nan 
-0.375, -75.375, 1.4723258065799088e-24, nan 
-0.125, -75.375, 1.5120783792140534e-24, nan 
0.125, -75.375, 1.446913320183374e-24, nan 
0.375, -75.375, 1.880063003735939e-24, nan 
0.625, -75.375, 1.2281324870479604e-24, nan 
0.875, -75.375, 1.7436311516244226e-24, nan 
1.125, -75.375, 3.0145627474139292e-24, nan 
1.375, -75.375, 3.836831216174908e-24, nan 
1.625, -75.375, 4.0440349325356546e-24, nan 
1.875, -75.375, 4.247088388018893e-24, nan 
2.125, -75.375, 4.4827818346181566e-24, nan 
2.375, -75.375, 4.638632474641328e-24, nan 
-47.125, -75.125, 3.7949630757605505e-25, nan 
-46.875, -75.125, 5.188252864610985e-25, nan 
-46.625, -75.125, 4.98780503081751e-25, nan 
-46.375, -75.125, 9.946984600354384e-25, nan 
-46.125, -75.125, 1.708956101745027e-24, nan 
-45.875, -75.125, 2.67118160045432e-24, nan 
-45.625, -75.125, 1.5833567624417378e-24, nan 
-45.375, -75.125, 2.4820456760923233e-24, nan 
-45.125, -75.125, 3.476591500345832e-24, nan 
-44.875, -75.125, 3.22466038911899e-24, nan 
-44.625, -75.125, 4.668175957942657e-24, nan 
-44.375, -75.125, 4.174012779245946e-24, nan 
-44.125, -75.125, 3.1668100673204057e-24, nan 
-43.875, -75.125, 7.725705428998741e-24, nan 
-43.625, -75.125, 8.87172031447415e-24, nan 
-43.375, -75.125, 6.379741041112247e-24, nan 
-43.125, -75.125, 6.4326451673057006e-24, nan 
-42.875, -75.125, 8.636387924783126e-24, nan 
-42.625, -75.125, 7.921629119677728e-24, nan 
-42.375, -75.125, 9.653397360574621e-24, nan 
-42.125, -75.125, 1.0814164037535271e-23, nan 
-41.875, -75.125, 1.2202695924440814e-23, nan 
-41.625, -75.125, 1.399238840818838e-23, nan 
-41.375, -75.125, 1.350463875663187e-23, nan 
-41.125, -75.125, 1.5033671834155983e-23, nan 
-40.875, -75.125, 1.4866242352877832e-23, nan 
-40.625, -75.125, 5.73370937158874e-24, nan 
-40.375, -75.125, 6.849201076952225e-24, nan 
-40.125, -75.125, 6.0135908665669274e-24, nan 
-39.875, -75.125, 3.097435564182168e-24, nan 
-39.625, -75.125, 1.9563798473157038e-24, nan 
-39.375, -75.125, 1.0959786581120581e-24, nan 
-39.125, -75.125, 2.0841302989732364e-24, nan 
-38.875, -75.125, 3.389535316568946e-24, nan 
-38.625, -75.125, 9.355001075795406e-25, nan 
-38.375, -75.125, 3.369817882261416e-24, nan 
-38.125, -75.125, 3.531093691008726e-24, nan 
-37.875, -75.125, 1.4810003254358113e-24, nan 
-37.625, -75.125, 3.707895359665091e-24, nan 
-37.375, -75.125, 1.7158847343865745e-24, nan 
-37.125, -75.125, 1.8308721364793156e-24, nan 
-36.875, -75.125, 2.0889475764840837e-24, nan 
-36.625, -75.125, 1.931648931146857e-24, nan 
-36.375, -75.125, 1.4513605177884292e-24, nan 
-36.125, -75.125, 1.478696583164528e-24, nan 
-35.875, -75.125, 1.3882853181558739e-24, nan 
-35.625, -75.125, 1.3548524170776404e-24, nan 
-35.375, -75.125, 1.4091892704558597e-24, nan 
-35.125, -75.125, 1.7666578175186155e-24, nan 
-34.875, -75.125, 2.3639851550602982e-24, nan 
-34.625, -75.125, 2.42990769271479e-24, nan 
-34.375, -75.125, 2.4404313963881572e-24, nan 
-34.125, -75.125, 2.510874625813462e-24, nan 
-33.875, -75.125, 2.3573335219426633e-24, nan 
-33.625, -75.125, 2.1220454942184627e-24, nan 
-33.375, -75.125, 1.9035606077585808e-24, nan 
-33.125, -75.125, 1.8129210118431234e-24, nan 
-32.875, -75.125, 1.9776492968859667e-24, nan 
-32.625, -75.125, 1.568460908641772e-24, nan 
-32.375, -75.125, 1.707586179638764e-24, nan 
-32.125, -75.125, 1.8351159141691816e-24, nan 
-31.875, -75.125, 1.1888359954056621e-24, nan 
-31.625, -75.125, 2.243655366099251e-24, nan 
-31.375, -75.125, 3.3907875241984376e-24, nan 
-31.125, -75.125, 2.83904632989354e-24, nan 
-30.875, -75.125, 3.227993668479614e-24, nan 
-30.625, -75.125, 4.038413946795225e-24, nan 
-30.375, -75.125, 4.0950383299862494e-24, nan 
-30.125, -75.125, 4.1909250906479184e-24, nan 
-29.875, -75.125, 2.9454568265094345e-24, nan 
-29.625, -75.125, 3.198472048446986e-24, nan 
-29.375, -75.125, 2.4926476168935825e-24, nan 
-29.125, -75.125, 2.594871008319387e-24, nan 
-28.875, -75.125, 1.5879380752222147e-24, nan 
-28.625, -75.125, 2.084485417985213e-24, nan 
-28.375, -75.125, 2.2436304149415862e-24, nan 
-28.125, -75.125, 3.2929674400365412e-24, nan 
-27.875, -75.125, 3.0815916467161682e-24, nan 
-27.625, -75.125, 3.39729602643391e-24, nan 
-27.375, -75.125, 3.769122591246021e-24, nan 
-27.125, -75.125, 3.264684478956019e-24, nan 
-26.875, -75.125, 3.422770338452078e-24, nan 
-26.625, -75.125, 2.4488370705137575e-24, nan 
-26.375, -75.125, 3.1145194614544674e-24, nan 
-26.125, -75.125, 2.1436524470098243e-24, nan 
-25.875, -75.125, 3.6291651966105964e-24, nan 
-25.625, -75.125, 4.578848641390738e-24, nan 
-25.375, -75.125, 4.809083427799553e-24, nan 
-25.125, -75.125, 5.298384747917437e-24, nan 
-24.875, -75.125, 4.8098582367316355e-24, nan 
-24.625, -75.125, 6.530234014726394e-24, nan 
-24.375, -75.125, 7.044124086880246e-24, nan 
-24.125, -75.125, 3.674219799706647e-24, nan 
-23.875, -75.125, 4.745811075806869e-24, nan 
-23.625, -75.125, 5.5525761982198624e-24, nan 
-23.375, -75.125, 3.564895309500294e-24, nan 
-23.125, -75.125, 2.9514557029656734e-24, nan 
-22.875, -75.125, 3.1148696321783366e-24, nan 
-22.625, -75.125, 2.610999441049403e-24, nan 
-22.375, -75.125, 3.2170020619758182e-24, nan 
-22.125, -75.125, 2.675641482513758e-24, nan 
-21.875, -75.125, 2.6015418618750418e-24, nan 
-21.625, -75.125, 2.3658638936181785e-24, nan 
-21.375, -75.125, 1.4845900945479579e-24, nan 
-21.125, -75.125, 1.1136758550846055e-24, nan 
-20.875, -75.125, 1.2254771990777325e-24, nan 
-20.625, -75.125, 2.0634948795693044e-24, nan 
-20.375, -75.125, 2.3478831805921595e-24, nan 
-20.125, -75.125, 2.543136076684512e-24, nan 
-19.875, -75.125, 2.199461960116751e-24, nan 
-19.625, -75.125, 3.1763269812419105e-24, nan 
-19.375, -75.125, 2.3448395638404843e-24, nan 
-19.125, -75.125, 1.9674796570405626e-24, nan 
-18.875, -75.125, 3.8296422417974325e-24, nan 
-18.625, -75.125, 2.640183386435577e-24, nan 
-18.375, -75.125, 3.1162607520953844e-24, nan 
-18.125, -75.125, 2.6079189501244718e-24, nan 
-17.875, -75.125, 2.2681030566569806e-24, nan 
-17.625, -75.125, 2.3044851163210523e-24, nan 
-17.375, -75.125, 2.5486655189879165e-24, nan 
-17.125, -75.125, 2.465800196037456e-24, nan 
-16.875, -75.125, 2.680198297212808e-24, nan 
-16.625, -75.125, 1.0816656433023641e-23, nan 
-16.375, -75.125, 1.845962053221698e-23, nan 
-16.125, -75.125, 2.3041303646613472e-23, nan 
-15.875, -75.125, 2.155009227482021e-23, nan 
-15.625, -75.125, 2.1766357235459922e-23, nan 
-15.375, -75.125, 1.5264137392407333e-23, nan 
-15.125, -75.125, 4.164188915417008e-24, nan 
-14.875, -75.125, 1.0788582119763371e-23, nan 
-14.625, -75.125, 1.0793858931186294e-23, nan 
-14.375, -75.125, 8.469709540479927e-24, nan 
-14.125, -75.125, 1.087291809481724e-23, nan 
-13.875, -75.125, 1.3297319869390292e-23, nan 
-13.625, -75.125, 1.1867565678820446e-23, nan 
-13.375, -75.125, 5.8953407041327135e-24, nan 
-13.125, -75.125, 8.060919618890728e-24, nan 
-12.875, -75.125, 8.64929679260126e-24, nan 
-12.625, -75.125, 7.515782089181181e-24, nan 
-12.375, -75.125, 6.644848663836057e-24, nan 
-12.125, -75.125, 4.616448454063593e-24, nan 
-11.875, -75.125, 3.356224735950133e-24, nan 
-11.625, -75.125, 6.690740296979056e-24, nan 
-11.375, -75.125, 8.36671136833166e-24, nan 
-11.125, -75.125, 4.416530834942398e-24, nan 
-10.875, -75.125, 5.394387855502388e-24, nan 
-10.625, -75.125, 8.568447698817928e-24, nan 
-10.375, -75.125, 6.954175864708035e-24, nan 
-10.125, -75.125, 8.418433229849451e-24, nan 
-9.875, -75.125, 8.024925001275761e-24, nan 
-9.625, -75.125, 9.391955233144037e-24, nan 
-9.375, -75.125, 9.228914452612567e-24, nan 
-9.125, -75.125, 6.653666595024834e-24, nan 
-8.875, -75.125, 6.810550239413873e-24, nan 
-8.625, -75.125, 8.585103652350025e-24, nan 
-8.375, -75.125, 6.698794343008639e-24, nan 
-8.125, -75.125, 4.4021467000457336e-24, nan 
-7.875, -75.125, 3.766302298503844e-24, nan 
-7.625, -75.125, 3.873201398273059e-24, nan 
-7.375, -75.125, 5.042134082858913e-24, nan 
-7.125, -75.125, 6.845350526253214e-24, nan 
-6.875, -75.125, 6.159717778989457e-24, nan 
-6.625, -75.125, 6.5904331173014176e-24, nan 
-6.375, -75.125, 5.981484067290219e-24, nan 
-6.125, -75.125, 9.249866485417476e-24, nan 
-5.875, -75.125, 7.9478383847948e-24, nan 
-5.625, -75.125, 5.8930352466891384e-24, nan 
-5.375, -75.125, 4.894936725031821e-24, nan 
-5.125, -75.125, 6.4002130807534355e-24, nan 
-4.875, -75.125, 6.038233146874914e-24, nan 
-4.625, -75.125, 5.844513596076862e-24, nan 
-4.375, -75.125, 4.4691954944687215e-24, nan 
-4.125, -75.125, 7.640101198910488e-24, nan 
-3.875, -75.125, 7.045580946046606e-24, nan 
-3.625, -75.125, 4.231236522779304e-24, nan 
-3.375, -75.125, 3.419372256983881e-24, nan 
-3.125, -75.125, 4.002045945883379e-24, nan 
-2.875, -75.125, 2.8820102556315177e-24, nan 
-2.625, -75.125, 7.114786370245247e-25, nan 
-2.375, -75.125, 1.2900747537101259e-24, nan 
-2.125, -75.125, 2.6928057437432935e-24, nan 
-1.875, -75.125, 1.8560306108074284e-24, nan 
-1.625, -75.125, 1.1091453753187411e-24, nan 
-1.375, -75.125, 2.1502566185506957e-24, nan 
-1.125, -75.125, 1.9854944322985824e-24, nan 
-0.875, -75.125, 1.7588511557930123e-24, nan 
-0.625, -75.125, 1.6169354750779822e-24, nan 
-0.375, -75.125, 1.7099297929483573e-24, nan 
-0.125, -75.125, 1.7406667459557276e-24, nan 
0.125, -75.125, 1.4708424069177784e-24, nan 
0.375, -75.125, 1.4366633118387383e-24, nan 
0.625, -75.125, 2.8937515826155284e-24, nan 
0.875, -75.125, 3.821036084749767e-24, nan 
1.125, -75.125, 4.780826367436572e-24, nan 
1.375, -75.125, 4.84253623117418e-24, nan 
1.625, -75.125, 5.232804417129417e-24, nan 
1.875, -75.125, 7.042114341854235e-24, nan 
2.125, -75.125, 8.353538746960246e-24, nan 
2.375, -75.125, 9.595686833145976e-24, nan 
2.625, -75.125, 8.207383056242367e-24, nan 
2.875, -75.125, 1.1995992962406827e-23, nan 
-46.625, -74.875, 1.3736710661050723e-24, nan 
-46.375, -74.875, 2.354303788576865e-24, nan 
-46.125, -74.875, 2.7880855412851596e-24, nan 
-45.875, -74.875, 4.082475870796365e-24, nan 
-45.625, -74.875, 4.29079000498861e-24, nan 
-45.375, -74.875, 5.0605990313554786e-24, nan 
-45.125, -74.875, 5.147709654633604e-24, nan 
-44.875, -74.875, 9.22331711376242e-24, nan 
-44.625, -74.875, 1.3651981220639242e-23, nan 
-44.375, -74.875, 1.570826790732621e-23, nan 
-44.125, -74.875, 9.063583186300217e-24, nan 
-43.875, -74.875, 1.3100253470845266e-23, nan 
-43.625, -74.875, 1.6028070115762095e-23, nan 
-43.375, -74.875, 7.781508887134925e-24, nan 
-43.125, -74.875, 5.8695853557261944e-24, nan 
-42.875, -74.875, 8.82400067243674e-24, nan 
-42.625, -74.875, 6.5098148306828516e-24, nan 
-42.375, -74.875, 7.744946752954603e-24, nan 
-42.125, -74.875, 1.0467910152181557e-23, nan 
-41.875, -74.875, 1.0685456240137163e-23, nan 
-41.625, -74.875, 1.3716222316093568e-23, nan 
-41.375, -74.875, 1.9157454433517917e-23, nan 
-41.125, -74.875, 1.8427976057325974e-23, nan 
-40.875, -74.875, 1.5933366978042557e-23, nan 
-40.625, -74.875, 1.7892531432012318e-23, nan 
-40.375, -74.875, 1.4831063837806987e-23, nan 
-40.125, -74.875, 9.832535688385835e-24, nan 
-39.875, -74.875, 3.349461014220021e-24, nan 
-39.625, -74.875, 3.2666788712109975e-24, nan 
-39.375, -74.875, 2.772972037533426e-24, nan 
-39.125, -74.875, 2.7371696470150614e-24, nan 
-38.875, -74.875, 2.453296306979008e-24, nan 
-38.625, -74.875, 2.7242158582976093e-24, nan 
-38.375, -74.875, 2.9462243202795295e-24, nan 
-38.125, -74.875, 3.445485393509709e-24, nan 
-37.875, -74.875, 3.7393061268799385e-24, nan 
-37.625, -74.875, 3.166057545928372e-24, nan 
-37.375, -74.875, 1.3368337241440592e-24, nan 
-37.125, -74.875, 2.2606514036695404e-24, nan 
-36.875, -74.875, 1.6709037536185572e-24, nan 
-36.625, -74.875, 1.382916580621435e-24, nan 
-36.375, -74.875, 1.5721503939578939e-24, nan 
-36.125, -74.875, 1.4868646799995592e-24, nan 
-35.875, -74.875, 1.2451150591586803e-24, nan 
-35.625, -74.875, 1.8152332746109417e-24, nan 
-35.375, -74.875, 2.046342435231357e-24, nan 
-35.125, -74.875, 2.199544113869434e-24, nan 
-34.875, -74.875, 2.5271711184276815e-24, nan 
-34.625, -74.875, 2.42208403717945e-24, nan 
-34.375, -74.875, 2.6239398008039275e-24, nan 
-34.125, -74.875, 2.411368278992749e-24, nan 
-33.875, -74.875, 1.95088011200105e-24, nan 
-33.625, -74.875, 2.3793800174719142e-24, nan 
-33.375, -74.875, 2.6618066396022436e-24, nan 
-33.125, -74.875, 2.182002628690117e-24, nan 
-32.875, -74.875, 1.9832590833692174e-24, nan 
-32.625, -74.875, 2.397325225716961e-24, nan 
-32.375, -74.875, 2.506183368618985e-24, nan 
-32.125, -74.875, 2.5462008251835238e-24, nan 
-31.875, -74.875, 1.8693423959197222e-24, nan 
-31.625, -74.875, 1.635441944173366e-24, nan 
-31.375, -74.875, 2.500320442628793e-24, nan 
-31.125, -74.875, 2.7470271772582564e-24, nan 
-30.875, -74.875, 3.9658631552791574e-24, nan 
-30.625, -74.875, 3.801480191603152e-24, nan 
-30.375, -74.875, 3.522000187824777e-24, nan 
-30.125, -74.875, 5.193229097128361e-24, nan 
-29.875, -74.875, 5.926118403663337e-24, nan 
-29.625, -74.875, 6.870682399678379e-24, nan 
-29.375, -74.875, 5.619568050790926e-24, nan 
-29.125, -74.875, 5.2546681352385624e-24, nan 
-28.875, -74.875, 4.713418590463256e-24, nan 
-28.625, -74.875, 4.0387953394305004e-24, nan 
-28.375, -74.875, 3.59909625406796e-24, nan 
-28.125, -74.875, 2.2180771095123317e-24, nan 
-27.875, -74.875, 1.8838955539764394e-24, nan 
-27.625, -74.875, 2.8915344748630537e-24, nan 
-27.375, -74.875, 2.261599008119958e-24, nan 
-27.125, -74.875, 2.5639825155339584e-24, nan 
-26.875, -74.875, 1.4273308967958476e-24, nan 
-26.625, -74.875, 2.3890888284016004e-24, nan 
-26.375, -74.875, 5.440653866922961e-24, nan 
-26.125, -74.875, 6.955748009362567e-24, nan 
-25.875, -74.875, 7.841759486665645e-24, nan 
-25.625, -74.875, 8.436975715549098e-24, nan 
-25.375, -74.875, 8.165946074930214e-24, nan 
-25.125, -74.875, 8.826716438202527e-24, nan 
-24.875, -74.875, 1.0217761305266524e-23, nan 
-24.625, -74.875, 1.4769456358883656e-23, nan 
-24.375, -74.875, 8.011269712169534e-24, nan 
-24.125, -74.875, 6.653205335103172e-24, nan 
-23.875, -74.875, 1.1974175977687384e-23, nan 
-23.625, -74.875, 3.1488936626810408e-24, nan 
-23.375, -74.875, 3.128597755985085e-24, nan 
-23.125, -74.875, 3.0646707848117085e-24, nan 
-22.875, -74.875, 3.373246426519414e-24, nan 
-22.625, -74.875, 3.1391146669038018e-24, nan 
-22.375, -74.875, 3.339160733861255e-24, nan 
-22.125, -74.875, 2.496884262415989e-24, nan 
-21.875, -74.875, 4.302655195131681e-24, nan 
-21.625, -74.875, 2.9670332049995304e-24, nan 
-21.375, -74.875, 1.5585452501896625e-24, nan 
-21.125, -74.875, 2.6408199588059276e-24, nan 
-20.875, -74.875, 2.996395340807311e-24, nan 
-20.625, -74.875, 2.296944273707189e-24, nan 
-20.375, -74.875, 2.926807745278982e-24, nan 
-20.125, -74.875, 3.84484022463593e-24, nan 
-19.875, -74.875, 3.5802142295426734e-24, nan 
-19.625, -74.875, 3.48438279029826e-24, nan 
-19.375, -74.875, 4.329034352602305e-24, nan 
-19.125, -74.875, 8.626781241145281e-24, nan 
-18.875, -74.875, 4.798241940430514e-24, nan 
-18.625, -74.875, 2.176103894394201e-24, nan 
-18.375, -74.875, 5.1960776519625586e-24, nan 
-18.125, -74.875, 4.4602925412665236e-24, nan 
-17.875, -74.875, 3.798816965054984e-24, nan 
-17.625, -74.875, 4.500775839296853e-24, nan 
-17.375, -74.875, 1.3272309738380385e-23, nan 
-17.125, -74.875, 2.394004154655555e-23, nan 
-16.875, -74.875, 2.845652759503581e-23, nan 
-16.625, -74.875, 2.1765151080669823e-23, nan 
-16.375, -74.875, 3.1739117279483587e-23, nan 
-16.125, -74.875, 3.645282655674159e-23, nan 
-15.875, -74.875, 3.451910825874849e-23, nan 
-15.625, -74.875, 3.694981097252827e-23, nan 
-15.375, -74.875, 2.4458963123733397e-23, nan 
-15.125, -74.875, 2.6988466654312545e-23, nan 
-14.875, -74.875, 3.211503908027477e-23, nan 
-14.625, -74.875, 2.16258093066222e-23, nan 
-14.375, -74.875, 1.1393920837119938e-23, nan 
-14.125, -74.875, 1.425012181492211e-23, nan 
-13.875, -74.875, 1.8842839410737095e-23, nan 
-13.625, -74.875, 1.3622884559397802e-23, nan 
-13.375, -74.875, 7.882923541281936e-24, nan 
-13.125, -74.875, 1.1251189875787952e-23, nan 
-12.875, -74.875, 9.981444017249596e-24, nan 
-12.625, -74.875, 6.3835558542487466e-24, nan 
-12.375, -74.875, 1.7657036875504414e-24, nan 
-12.125, -74.875, 1.8699204672493063e-24, nan 
-11.875, -74.875, 5.455176998515424e-24, nan 
-11.625, -74.875, 9.79010568284739e-24, nan 
-11.375, -74.875, 9.578806214850498e-24, nan 
-11.125, -74.875, 3.315187226445996e-24, nan 
-10.875, -74.875, 1.3381506405473938e-23, nan 
-10.625, -74.875, 1.410338292040744e-23, nan 
-10.375, -74.875, 8.20657217423335e-25, nan 
-10.125, -74.875, 7.01128826069609e-24, nan 
-9.875, -74.875, 7.588479153202572e-24, nan 
-9.625, -74.875, 3.288162341908834e-24, nan 
-9.375, -74.875, 2.8907874836180734e-24, nan 
-9.125, -74.875, 2.938523508710393e-24, nan 
-8.875, -74.875, 4.166181326188009e-24, nan 
-8.625, -74.875, 5.181169379556097e-24, nan 
-8.375, -74.875, 5.099501900404275e-24, nan 
-8.125, -74.875, 4.4309790607246144e-24, nan 
-7.875, -74.875, 5.098021547287067e-24, nan 
-7.625, -74.875, 4.7488651298317614e-24, nan 
-7.375, -74.875, 3.638937434801014e-24, nan 
-7.125, -74.875, 1.1090470889832338e-23, nan 
-6.875, -74.875, 1.0392603550081373e-23, nan 
-6.625, -74.875, 1.0565366020283774e-23, nan 
-6.375, -74.875, 9.477200345654011e-24, nan 
-6.125, -74.875, 6.319429934400513e-24, nan 
-5.875, -74.875, 8.564342151624129e-24, nan 
-5.625, -74.875, 1.1493566169803926e-23, nan 
-5.375, -74.875, 3.566687421884785e-24, nan 
-5.125, -74.875, 7.947624189513092e-24, nan 
-4.875, -74.875, 9.806147130134113e-24, nan 
-4.625, -74.875, 6.242069471865987e-24, nan 
-4.375, -74.875, 6.845004274806175e-24, nan 
-4.125, -74.875, 4.114057932131872e-24, nan 
-3.875, -74.875, 5.668435072116895e-24, nan 
-3.625, -74.875, 3.013099831495685e-24, nan 
-3.375, -74.875, 1.1277592984688379e-24, nan 
-3.125, -74.875, 1.2621304511364825e-24, nan 
-2.875, -74.875, 1.1098102285557421e-24, nan 
-2.625, -74.875, 1.6366127144407157e-24, nan 
-2.375, -74.875, 1.5164574858466896e-24, nan 
-2.125, -74.875, 1.6356107373889666e-24, nan 
-1.875, -74.875, 1.0403781511091119e-24, nan 
-1.625, -74.875, 1.0619689471956477e-24, nan 
-1.375, -74.875, 1.1760698136439193e-24, nan 
-1.125, -74.875, 1.2959218019730883e-24, nan 
-0.875, -74.875, 1.5700843249305397e-24, nan 
-0.625, -74.875, 1.6596190855526802e-24, nan 
-0.375, -74.875, 1.787590520068022e-24, nan 
-0.125, -74.875, 1.8548969458411152e-24, nan 
0.125, -74.875, 1.9881301249280612e-24, nan 
0.375, -74.875, 2.545795548757549e-24, nan 
0.625, -74.875, 2.9235050672211225e-24, nan 
0.875, -74.875, 3.1663864477442145e-24, nan 
1.125, -74.875, 3.5476086366995814e-24, nan 
1.375, -74.875, 3.528606839245938e-24, nan 
1.625, -74.875, 6.994628286391073e-24, nan 
1.875, -74.875, 5.949265042625302e-24, nan 
2.125, -74.875, 7.372949881794703e-24, nan 
2.375, -74.875, 1.0085118529062506e-23, nan 
2.625, -74.875, 7.350098677734423e-24, nan 
2.875, -74.875, 5.603084473878013e-24, nan 
3.125, -74.875, 6.990168082843652e-24, nan 
-46.125, -74.625, 2.9503556959191586e-24, nan 
-45.875, -74.625, 2.311608467993106e-24, nan 
-45.625, -74.625, 2.050559177550796e-24, nan 
-45.375, -74.625, 4.742242508351073e-24, nan 
-45.125, -74.625, 5.9442069069635854e-24, nan 
-44.875, -74.625, 6.837631488002347e-24, nan 
-44.625, -74.625, 8.006552787300809e-24, nan 
-44.375, -74.625, 9.506302523146972e-24, nan 
-44.125, -74.625, 6.281231918905871e-24, nan 
-43.875, -74.625, 4.6585847954564874e-24, nan 
-43.625, -74.625, 2.7857310534153193e-24, nan 
-43.375, -74.625, 1.885994364761669e-24, nan 
-43.125, -74.625, 2.015450217038449e-24, nan 
-42.875, -74.625, 2.1797746508606207e-24, nan 
-42.625, -74.625, 2.7768889534863585e-24, nan 
-42.375, -74.625, 2.400949199896423e-24, nan 
-42.125, -74.625, 1.8054526873106794e-24, nan 
-41.875, -74.625, 2.919062347998668e-24, nan 
-41.625, -74.625, 3.671425702271335e-24, nan 
-41.375, -74.625, 4.306365048270368e-24, nan 
-41.125, -74.625, 8.522910538775662e-24, nan 
-40.875, -74.625, 1.478604384478851e-23, nan 
-40.625, -74.625, 1.5315928968538128e-23, nan 
-40.375, -74.625, 1.0900772126206554e-23, nan 
-40.125, -74.625, 1.5336758035285315e-23, nan 
-39.875, -74.625, 1.1420893822675801e-23, nan 
-39.625, -74.625, 3.697423466358967e-24, nan 
-39.375, -74.625, 5.7454559846850846e-24, nan 
-39.125, -74.625, 5.900852335762752e-24, nan 
-38.875, -74.625, 2.1651580645832402e-24, nan 
-38.625, -74.625, 2.3429030149169333e-24, nan 
-38.375, -74.625, 3.804466686762619e-24, nan 
-38.125, -74.625, 4.084371330695982e-24, nan 
-37.875, -74.625, 3.752963967435918e-24, nan 
-37.625, -74.625, 3.727156118384289e-24, nan 
-37.375, -74.625, 3.41491476787139e-24, nan 
-37.125, -74.625, 3.1498878048403125e-24, nan 
-36.875, -74.625, 2.433118169403828e-24, nan 
-36.625, -74.625, 2.72175056498417e-24, nan 
-36.375, -74.625, 2.7169731375921712e-24, nan 
-36.125, -74.625, 2.373674410597792e-24, nan 
-35.875, -74.625, 2.2488856278523715e-24, nan 
-35.625, -74.625, 2.807635174249883e-24, nan 
-35.375, -74.625, 2.6619697291554716e-24, nan 
-35.125, -74.625, 2.8338383300796265e-24, nan 
-34.875, -74.625, 2.6745044827470756e-24, nan 
-34.625, -74.625, 2.4438152002445253e-24, nan 
-34.375, -74.625, 2.092162676748936e-24, nan 
-34.125, -74.625, 2.8091417376018027e-24, nan 
-33.875, -74.625, 1.9870392196533185e-24, nan 
-33.625, -74.625, 1.817132018127283e-24, nan 
-33.375, -74.625, 3.1991482649424623e-24, nan 
-33.125, -74.625, 3.2971909603592143e-24, nan 
-32.875, -74.625, 3.07256365736526e-24, nan 
-32.625, -74.625, 2.5054852157386288e-24, nan 
-32.375, -74.625, 3.8212401623161835e-24, nan 
-32.125, -74.625, 3.299805841846156e-24, nan 
-31.875, -74.625, 2.578668220616531e-24, nan 
-31.625, -74.625, 4.249565563896373e-24, nan 
-31.375, -74.625, 1.7665217742859676e-24, nan 
-31.125, -74.625, 3.4127324513436414e-24, nan 
-30.875, -74.625, 5.289489350581619e-24, nan 
-30.625, -74.625, 4.379111601436989e-24, nan 
-30.375, -74.625, 5.1429400708134415e-24, nan 
-30.125, -74.625, 3.962599553547974e-24, nan 
-29.875, -74.625, 7.269192521609083e-24, nan 
-29.625, -74.625, 8.375812347929676e-24, nan 
-29.375, -74.625, 6.016319798564537e-24, nan 
-29.125, -74.625, 7.497821276340874e-24, nan 
-28.875, -74.625, 7.353161480301269e-24, nan 
-28.625, -74.625, 5.837917562361949e-24, nan 
-28.375, -74.625, 6.061316659813223e-24, nan 
-28.125, -74.625, 5.156784933062914e-24, nan 
-27.875, -74.625, 4.0826277859814826e-24, nan 
-27.625, -74.625, 3.490322171726224e-24, nan 
-27.375, -74.625, 3.0812473679118713e-24, nan 
-27.125, -74.625, 5.9192124052961e-24, nan 
-26.875, -74.625, 7.501211671956074e-24, nan 
-26.625, -74.625, 7.835178308296742e-24, nan 
-26.375, -74.625, 7.923712608734974e-24, nan 
-26.125, -74.625, 9.743955264744612e-24, nan 
-25.875, -74.625, 1.0320131969110473e-23, nan 
-25.625, -74.625, 9.219377347395944e-24, nan 
-25.375, -74.625, 8.281348119386109e-24, nan 
-25.125, -74.625, 5.895835638285661e-24, nan 
-24.875, -74.625, 9.957056910821877e-24, nan 
-24.625, -74.625, 9.78016192802121e-24, nan 
-24.375, -74.625, 5.3412084190495386e-24, nan 
-24.125, -74.625, 2.1919572316340902e-24, nan 
-23.875, -74.625, 4.0270174053947304e-24, nan 
-23.625, -74.625, 2.9152180067628647e-24, nan 
-23.375, -74.625, 1.6914640095339773e-24, nan 
-23.125, -74.625, 1.4528541233295052e-24, nan 
-22.875, -74.625, 1.2741311347220074e-24, nan 
-22.625, -74.625, 1.2559071598882303e-24, nan 
-22.375, -74.625, 1.7866971385493232e-24, nan 
-22.125, -74.625, 1.1231431373602121e-24, nan 
-21.875, -74.625, 2.60899597275043e-24, nan 
-21.625, -74.625, 5.4974841202189505e-24, nan 
-21.375, -74.625, 6.623144973947423e-24, nan 
-21.125, -74.625, 4.1624810549511816e-24, nan 
-20.875, -74.625, 4.124448626201275e-24, nan 
-20.625, -74.625, 3.861208815081524e-24, nan 
-20.375, -74.625, 4.520081664282958e-24, nan 
-20.125, -74.625, 3.0725168123547558e-24, nan 
-19.875, -74.625, 4.979339124021255e-24, nan 
-19.625, -74.625, 3.73643198508782e-24, nan 
-19.375, -74.625, 4.352116771639854e-24, nan 
-19.125, -74.625, 1.051361595392654e-23, nan 
-18.875, -74.625, 4.176256145838218e-24, nan 
-18.625, -74.625, 2.0786405709732045e-24, nan 
-18.375, -74.625, 5.3445881646121524e-24, nan 
-18.125, -74.625, 2.8507967161855084e-24, nan 
-17.875, -74.625, 3.6703611817272724e-24, nan 
-17.625, -74.625, 2.9686512409098074e-24, nan 
-17.375, -74.625, 6.5601648463898475e-24, nan 
-17.125, -74.625, 2.813738488672253e-23, nan 
-16.875, -74.625, 2.7423442241373875e-23, nan 
-16.625, -74.625, 2.2128619387241683e-23, nan 
-16.375, -74.625, 3.809878789223792e-23, nan 
-16.125, -74.625, 3.973250748398717e-23, nan 
-15.875, -74.625, 4.253540247490529e-23, nan 
-15.625, -74.625, 3.507784961702288e-23, nan 
-15.375, -74.625, 2.480302310942291e-23, nan 
-15.125, -74.625, 2.926210902348909e-23, nan 
-14.875, -74.625, 2.595978573014846e-23, nan 
-14.625, -74.625, 1.4541120595279462e-23, nan 
-14.375, -74.625, 7.333784457329801e-24, nan 
-14.125, -74.625, 7.98649797891395e-24, nan 
-13.875, -74.625, 1.1521834270414582e-23, nan 
-13.625, -74.625, 9.035368357820591e-24, nan 
-13.375, -74.625, 7.367895470104555e-24, nan 
-13.125, -74.625, 2.77618826512288e-24, nan 
-12.875, -74.625, 3.2009337547593893e-24, nan 
-12.625, -74.625, 4.053195879846591e-24, nan 
-12.375, -74.625, 2.1537692701868734e-24, nan 
-12.125, -74.625, 1.6423553139362941e-24, nan 
-11.875, -74.625, 1.1181003786209452e-24, nan 
-11.625, -74.625, 1.2108927368518703e-24, nan 
-11.375, -74.625, 7.514050999793506e-25, nan 
-11.125, -74.625, 1.7008110677599678e-24, nan 
-10.875, -74.625, 6.482884866976451e-24, nan 
-10.625, -74.625, 6.800485890368736e-24, nan 
-10.375, -74.625, 2.726407258314587e-24, nan 
-10.125, -74.625, 2.7976543611744253e-24, nan 
-9.875, -74.625, 3.1639497213866127e-24, nan 
-9.625, -74.625, 5.073314973206608e-24, nan 
-9.375, -74.625, 5.7473321762519784e-24, nan 
-9.125, -74.625, 7.314734467248402e-24, nan 
-8.875, -74.625, 5.642067418981815e-24, nan 
-8.625, -74.625, 4.393093362878405e-24, nan 
-8.375, -74.625, 3.594222797769018e-24, nan 
-8.125, -74.625, 2.921054938437645e-24, nan 
-7.875, -74.625, 1.1400955981304847e-23, nan 
-7.625, -74.625, 1.0621680207056582e-23, nan 
-7.375, -74.625, 7.454681661299971e-24, nan 
-7.125, -74.625, 1.356935533900922e-23, nan 
-6.875, -74.625, 1.0801440417838448e-23, nan 
-6.625, -74.625, 7.938497613433072e-24, nan 
-6.375, -74.625, 7.574495707585158e-24, nan 
-6.125, -74.625, 5.8533253162773915e-24, nan 
-5.875, -74.625, 2.365029932743812e-24, nan 
-5.625, -74.625, 3.656068181239405e-24, nan 
-5.375, -74.625, 4.6438089692503606e-24, nan 
-5.125, -74.625, 9.487493370707743e-24, nan 
-4.875, -74.625, 1.2291344484810098e-23, nan 
-4.625, -74.625, 9.128969095210102e-24, nan 
-4.375, -74.625, 8.713991563436192e-24, nan 
-4.125, -74.625, 1.0224660441627594e-23, nan 
-3.875, -74.625, 8.819558718277103e-24, nan 
-3.625, -74.625, 2.9052077025410637e-24, nan 
-3.375, -74.625, 2.199899438795843e-24, nan 
-3.125, -74.625, 1.7752513957086806e-24, nan 
-2.875, -74.625, 1.5559185231548254e-24, nan 
-2.625, -74.625, 2.719396703897914e-24, nan 
-2.375, -74.625, 2.322265342412039e-24, nan 
-2.125, -74.625, 1.1900314565520233e-24, nan 
-1.875, -74.625, 1.4369785622613898e-24, nan 
-1.625, -74.625, 1.4340744971127754e-24, nan 
-1.375, -74.625, 1.5397229552995143e-24, nan 
-1.125, -74.625, 1.6168865768726107e-24, nan 
-0.875, -74.625, 1.4848106070956412e-24, nan 
-0.625, -74.625, 1.5824416661352271e-24, nan 
-0.375, -74.625, 1.6890591480733914e-24, nan 
-0.125, -74.625, 1.9226638175730184e-24, nan 
0.125, -74.625, 2.549082026776055e-24, nan 
0.375, -74.625, 4.154394877023336e-24, nan 
0.625, -74.625, 5.121226333715429e-24, nan 
0.875, -74.625, 9.995441960395425e-24, nan 
1.125, -74.625, 7.97671810918198e-24, nan 
1.375, -74.625, 9.472578230623965e-24, nan 
1.625, -74.625, 1.2523244192005528e-23, nan 
1.875, -74.625, 9.769013318016695e-24, nan 
2.125, -74.625, 9.02422615727335e-24, nan 
2.375, -74.625, 1.222706282565122e-23, nan 
2.625, -74.625, 1.1822013369021897e-23, nan 
2.875, -74.625, 9.717584836492463e-24, nan 
3.125, -74.625, 1.1928795048901027e-23, nan 
3.375, -74.625, 1.0398650163569074e-23, nan 
-45.625, -74.375, 1.7083313072470764e-24, nan 
-45.375, -74.375, 3.989277978357738e-24, nan 
-45.125, -74.375, 4.170809378105526e-24, nan 
-44.875, -74.375, 5.002569449326296e-24, nan 
-44.625, -74.375, 9.10175124280228e-24, nan 
-44.375, -74.375, 5.834381492604205e-24, nan 
-44.125, -74.375, 4.884507060427895e-24, nan 
-43.875, -74.375, 2.6621042913393913e-24, nan 
-43.625, -74.375, 2.392220489639462e-24, nan 
-43.375, -74.375, 2.5396928495217015e-24, nan 
-43.125, -74.375, 1.794513950260954e-24, nan 
-42.875, -74.375, 2.431511099297136e-24, nan 
-42.625, -74.375, 2.8358943361886914e-24, nan 
-42.375, -74.375, 7.28121349345617e-25, nan 
-42.125, -74.375, 1.7147803428694424e-24, nan 
-41.875, -74.375, 2.17324835842742e-24, nan 
-41.625, -74.375, 1.877312561043453e-24, nan 
-41.375, -74.375, 3.341974258894117e-24, nan 
-41.125, -74.375, 8.509928300011618e-24, nan 
-40.875, -74.375, 1.4864433106961942e-23, nan 
-40.625, -74.375, 1.2920621086363146e-23, nan 
-40.375, -74.375, 8.98142584255564e-24, nan 
-40.125, -74.375, 1.435211344360977e-23, nan 
-39.875, -74.375, 1.279831173982812e-23, nan 
-39.625, -74.375, 2.9109623601838202e-24, nan 
-39.375, -74.375, 6.641887979464304e-24, nan 
-39.125, -74.375, 9.818838056881086e-24, nan 
-38.875, -74.375, 3.0175871580541884e-24, nan 
-38.625, -74.375, 4.007898055168057e-24, nan 
-38.375, -74.375, 5.2710692268121164e-24, nan 
-38.125, -74.375, 3.9730755718896564e-24, nan 
-37.875, -74.375, 3.989451687966775e-24, nan 
-37.625, -74.375, 4.322215726852626e-24, nan 
-37.375, -74.375, 3.809201685000686e-24, nan 
-37.125, -74.375, 3.130661713447332e-24, nan 
-36.875, -74.375, 3.763942390433561e-24, nan 
-36.625, -74.375, 3.5052672111067926e-24, nan 
-36.375, -74.375, 3.041957526174352e-24, nan 
-36.125, -74.375, 2.5803213100682566e-24, nan 
-35.875, -74.375, 3.36013019004856e-24, nan 
-35.625, -74.375, 2.6032563569610553e-24, nan 
-35.375, -74.375, 2.0315022474723068e-24, nan 
-35.125, -74.375, 2.174301579800904e-24, nan 
-34.875, -74.375, 2.144590285802232e-24, nan 
-34.625, -74.375, 2.3156792084962447e-24, nan 
-34.375, -74.375, 2.646367409916866e-24, nan 
-34.125, -74.375, 3.963115257106568e-24, nan 
-33.875, -74.375, 3.873718307531069e-24, nan 
-33.625, -74.375, 3.1781813424989217e-24, nan 
-33.375, -74.375, 5.184734059792042e-24, nan 
-33.125, -74.375, 5.539679902928816e-24, nan 
-32.875, -74.375, 3.9624998380637795e-24, nan 
-32.625, -74.375, 3.423777848496781e-24, nan 
-32.375, -74.375, 4.5609158822566584e-24, nan 
-32.125, -74.375, 2.704935013268461e-24, nan 
-31.875, -74.375, 2.501905611386278e-24, nan 
-31.625, -74.375, 4.100751950702075e-24, nan 
-31.375, -74.375, 3.39917718231201e-24, nan 
-31.125, -74.375, 5.1876994268639146e-24, nan 
-30.875, -74.375, 3.280300340815656e-24, nan 
-30.625, -74.375, 3.297560981778699e-24, nan 
-30.375, -74.375, 6.95111014143373e-24, nan 
-30.125, -74.375, 1.0636686135626627e-23, nan 
-29.875, -74.375, 1.7379294264310497e-23, nan 
-29.625, -74.375, 1.3303375786928814e-23, nan 
-29.375, -74.375, 1.473352479768179e-23, nan 
-29.125, -74.375, 1.5689598055624377e-23, nan 
-28.875, -74.375, 8.700442145976917e-24, nan 
-28.625, -74.375, 8.535510141509817e-24, nan 
-28.375, -74.375, 9.58529258311567e-24, nan 
-28.125, -74.375, 7.850393518518402e-24, nan 
-27.875, -74.375, 5.676856177983212e-24, nan 
-27.625, -74.375, 4.763270826940322e-24, nan 
-27.375, -74.375, 2.304954855239568e-24, nan 
-27.125, -74.375, 2.2408060113881454e-24, nan 
-26.875, -74.375, 6.1503405975751776e-24, nan 
-26.625, -74.375, 5.214022475680858e-24, nan 
-26.375, -74.375, 4.970325239872089e-24, nan 
-26.125, -74.375, 7.638024348782276e-24, nan 
-25.875, -74.375, 7.324533230672816e-24, nan 
-25.625, -74.375, 5.73867162500998e-24, nan 
-25.375, -74.375, 8.288413608815492e-24, nan 
-25.125, -74.375, 1.027178472245329e-23, nan 
-24.875, -74.375, 1.075597131048509e-23, nan 
-24.625, -74.375, 6.932483605166254e-24, nan 
-24.375, -74.375, 8.161140100424514e-24, nan 
-24.125, -74.375, 7.869102652023872e-24, nan 
-23.875, -74.375, 3.458609235564264e-24, nan 
-23.625, -74.375, 1.1788901640363918e-24, nan 
-23.375, -74.375, 1.312521203668297e-24, nan 
-23.125, -74.375, 5.102375160970926e-24, nan 
-22.875, -74.375, 8.175919749991688e-24, nan 
-22.625, -74.375, 9.977014644827196e-25, nan 
-22.375, -74.375, 4.012337539114367e-24, nan 
-22.125, -74.375, 7.50373943156882e-24, nan 
-21.875, -74.375, 4.866536874686674e-24, nan 
-21.625, -74.375, 6.133991146720562e-24, nan 
-21.375, -74.375, 9.731805249340888e-24, nan 
-21.125, -74.375, 5.733548785833539e-24, nan 
-20.875, -74.375, 3.1389227819558086e-24, nan 
-20.625, -74.375, 4.1800545147799556e-24, nan 
-20.375, -74.375, 6.1305429193386985e-24, nan 
-20.125, -74.375, 1.4347244320152892e-24, nan 
-19.875, -74.375, 7.321608927211227e-25, nan 
-19.625, -74.375, 2.2167492352567117e-24, nan 
-19.375, -74.375, 1.174625673532365e-24, nan 
-19.125, -74.375, 3.6190404267617675e-24, nan 
-18.875, -74.375, 1.282865054994998e-24, nan 
-18.625, -74.375, 1.0312490319808039e-24, nan 
-18.375, -74.375, 1.4161553352682222e-24, nan 
-18.125, -74.375, 1.621731958375269e-24, nan 
-17.875, -74.375, 3.132406493704045e-24, nan 
-17.625, -74.375, 4.134092023501197e-24, nan 
-17.375, -74.375, 5.667902588088364e-24, nan 
-17.125, -74.375, 4.823420241646807e-24, nan 
-16.875, -74.375, 5.205160419428617e-24, nan 
-16.625, -74.375, 1.0325310197010991e-23, nan 
-16.375, -74.375, 2.516911106068575e-23, nan 
-16.125, -74.375, 2.5518166988285442e-23, nan 
-15.875, -74.375, 2.6112747585614205e-23, nan 
-15.625, -74.375, 2.5744273050073343e-23, nan 
-15.375, -74.375, 1.5422000585969158e-23, nan 
-15.125, -74.375, 5.3151811269171e-24, nan 
-14.875, -74.375, 4.906238815319326e-24, nan 
-14.625, -74.375, 4.799015120531371e-24, nan 
-14.375, -74.375, 4.293173053048662e-24, nan 
-14.125, -74.375, 4.064077801054267e-24, nan 
-13.875, -74.375, 4.114275240744083e-24, nan 
-13.625, -74.375, 4.138726858712017e-24, nan 
-13.375, -74.375, 3.5830154721677724e-24, nan 
-13.125, -74.375, 3.9176600310744465e-24, nan 
-12.875, -74.375, 4.1038801149761224e-24, nan 
-12.625, -74.375, 3.834947552295545e-24, nan 
-12.375, -74.375, 2.2995577359913927e-24, nan 
-12.125, -74.375, 2.6933070500241058e-24, nan 
-11.875, -74.375, 3.2381805113236845e-24, nan 
-11.625, -74.375, 4.2090732976991195e-24, nan 
-11.375, -74.375, 3.3499772758545386e-24, nan 
-11.125, -74.375, 1.8762822239998657e-24, nan 
-10.875, -74.375, 2.5100452231814572e-24, nan 
-10.625, -74.375, 2.4570084433020132e-24, nan 
-10.375, -74.375, 1.1743041123869887e-24, nan 
-10.125, -74.375, 1.646155863454636e-24, nan 
-9.875, -74.375, 3.405763222341843e-24, nan 
-9.625, -74.375, 4.639000123974301e-24, nan 
-9.375, -74.375, 4.660476400188281e-24, nan 
-9.125, -74.375, 6.5977882727063e-24, nan 
-8.875, -74.375, 6.32313508810555e-24, nan 
-8.625, -74.375, 5.327461633291274e-24, nan 
-8.375, -74.375, 7.49663902398006e-24, nan 
-8.125, -74.375, 8.037148174855652e-24, nan 
-7.875, -74.375, 6.821018272881106e-24, nan 
-7.625, -74.375, 9.507678513668982e-24, nan 
-7.375, -74.375, 9.55219017335637e-24, nan 
-7.125, -74.375, 6.5450381322636996e-24, nan 
-6.875, -74.375, 8.138067840583293e-24, nan 
-6.625, -74.375, 3.8014773665235595e-24, nan 
-6.375, -74.375, 9.94985489002838e-24, nan 
-6.125, -74.375, 1.1711832083614306e-23, nan 
-5.875, -74.375, 5.363070765034662e-24, nan 
-5.625, -74.375, 4.192726730222979e-24, nan 
-5.375, -74.375, 1.0912442844085625e-23, nan 
-5.125, -74.375, 1.8671074241334138e-23, nan 
-4.875, -74.375, 1.60495536250342e-23, nan 
-4.625, -74.375, 1.0337724724341078e-23, nan 
-4.375, -74.375, 1.445686179137026e-23, nan 
-4.125, -74.375, 1.4504698750620013e-23, nan 
-3.875, -74.375, 1.2440602805355475e-23, nan 
-3.625, -74.375, 8.695243312903791e-24, nan 
-3.375, -74.375, 2.2373158630589754e-24, nan 
-3.125, -74.375, 2.522747877089376e-24, nan 
-2.875, -74.375, 2.096836309732712e-24, nan 
-2.625, -74.375, 8.816958724821204e-25, nan 
-2.375, -74.375, 1.2379304283660472e-24, nan 
-2.125, -74.375, 1.0881716219648979e-24, nan 
-1.875, -74.375, 8.306417498084093e-25, nan 
-1.625, -74.375, 1.2467664384486042e-24, nan 
-1.375, -74.375, 1.2470360631607857e-24, nan 
-1.125, -74.375, 1.3423465750718667e-24, nan 
-0.875, -74.375, 1.6894769136151706e-24, nan 
-0.625, -74.375, 1.6703406011409572e-24, nan 
-0.375, -74.375, 1.3670176610913697e-24, nan 
-0.125, -74.375, 2.599304275514758e-24, nan 
0.125, -74.375, 3.1017307816662018e-24, nan 
0.375, -74.375, 7.511754819373475e-24, nan 
0.625, -74.375, 1.1215327850076043e-23, nan 
0.875, -74.375, 1.2549188349508773e-23, nan 
1.125, -74.375, 1.1734153621817935e-23, nan 
1.375, -74.375, 1.453195207161206e-23, nan 
1.625, -74.375, 1.5426636990896953e-23, nan 
1.875, -74.375, 1.1929298329064327e-23, nan 
2.125, -74.375, 1.047909964467588e-23, nan 
2.375, -74.375, 6.40969238960408e-24, nan 
2.625, -74.375, 7.716695316286141e-24, nan 
2.875, -74.375, 1.451399761449269e-23, nan 
3.125, -74.375, 1.447706326196495e-23, nan 
3.375, -74.375, 8.818649281476615e-24, nan 
3.625, -74.375, 1.1724198605603464e-23, nan 
-45.125, -74.125, 1.8085875449034903e-24, nan 
-44.875, -74.125, 6.905339518959173e-24, nan 
-44.625, -74.125, 1.5587398785544447e-23, nan 
-44.375, -74.125, 7.261082802966017e-24, nan 
-44.125, -74.125, 6.432027915000107e-24, nan 
-43.875, -74.125, 1.162319867764193e-23, nan 
-43.625, -74.125, 8.109787344984022e-24, nan 
-43.375, -74.125, 5.325420277613785e-24, nan 
-43.125, -74.125, 3.717914254920132e-24, nan 
-42.875, -74.125, 3.289978119443089e-24, nan 
-42.625, -74.125, 2.707078648486676e-24, nan 
-42.375, -74.125, 2.1642111241237398e-24, nan 
-42.125, -74.125, 1.5563195550413009e-24, nan 
-41.875, -74.125, 1.701386461855845e-24, nan 
-41.625, -74.125, 1.0853720028846741e-23, nan 
-41.375, -74.125, 1.3501889611948015e-23, nan 
-41.125, -74.125, 1.0305315827017346e-23, nan 
-40.875, -74.125, 1.3808840577419244e-23, nan 
-40.625, -74.125, 1.594908207623652e-23, nan 
-40.375, -74.125, 1.0599041549635577e-23, nan 
-40.125, -74.125, 5.044723096433071e-24, nan 
-39.875, -74.125, 4.972943333045115e-24, nan 
-39.625, -74.125, 4.455598805753711e-24, nan 
-39.375, -74.125, 4.356774255678437e-24, nan 
-39.125, -74.125, 5.520626210064701e-24, nan 
-38.875, -74.125, 4.79078871216685e-24, nan 
-38.625, -74.125, 4.9616332922566154e-24, nan 
-38.375, -74.125, 4.360569685510134e-24, nan 
-38.125, -74.125, 4.209916533852862e-24, nan 
-37.875, -74.125, 5.797181262478189e-24, nan 
-37.625, -74.125, 5.038311938271206e-24, nan 
-37.375, -74.125, 5.463748684056828e-24, nan 
-37.125, -74.125, 5.618473060881217e-24, nan 
-36.875, -74.125, 5.2760482936964406e-24, nan 
-36.625, -74.125, 4.7254027006820584e-24, nan 
-36.375, -74.125, 3.633314839770342e-24, nan 
-36.125, -74.125, 3.854639832327526e-24, nan 
-35.875, -74.125, 3.364361256714174e-24, nan 
-35.625, -74.125, 3.5444324249482174e-24, nan 
-35.375, -74.125, 2.5218857914435566e-24, nan 
-35.125, -74.125, 2.270277609076645e-24, nan 
-34.875, -74.125, 3.2219822687602786e-24, nan 
-34.625, -74.125, 2.2439903584862207e-24, nan 
-34.375, -74.125, 3.426994265661135e-24, nan 
-34.125, -74.125, 7.047545821063565e-24, nan 
-33.875, -74.125, 5.4418371531562485e-24, nan 
-33.625, -74.125, 5.5394628112012286e-24, nan 
-33.375, -74.125, 7.748868105233756e-24, nan 
-33.125, -74.125, 6.37980865348453e-24, nan 
-32.875, -74.125, 5.308384746489069e-24, nan 
-32.625, -74.125, 5.401758867073772e-24, nan 
-32.375, -74.125, 7.019263927939117e-24, nan 
-32.125, -74.125, 4.551718495717044e-24, nan 
-31.875, -74.125, 6.032073798417344e-24, nan 
-31.625, -74.125, 6.773878115585598e-24, nan 
-31.375, -74.125, 4.9866802333530056e-24, nan 
-31.125, -74.125, 6.504645595627941e-24, nan 
-30.875, -74.125, 1.1250441704144582e-23, nan 
-30.625, -74.125, 1.9536085966472967e-23, nan 
-30.375, -74.125, 1.0929638019613361e-23, nan 
-30.125, -74.125, 1.2534368292309169e-23, nan 
-29.875, -74.125, 2.8496584224613154e-23, nan 
-29.625, -74.125, 1.7862595740894227e-23, nan 
-29.375, -74.125, 1.2851569373714916e-23, nan 
-29.125, -74.125, 1.7714548559329962e-23, nan 
-28.875, -74.125, 1.0541843903983798e-23, nan 
-28.625, -74.125, 5.654355049288269e-24, nan 
-28.375, -74.125, 5.4050205506089704e-24, nan 
-28.125, -74.125, 4.016100502497482e-24, nan 
-27.875, -74.125, 2.9945391479542e-24, nan 
-27.625, -74.125, 2.6480544855196736e-24, nan 
-27.375, -74.125, 2.2523983994881487e-24, nan 
-27.125, -74.125, 2.221033120187519e-24, nan 
-26.875, -74.125, 2.2214381065767946e-24, nan 
-26.625, -74.125, 5.1957756652880746e-24, nan 
-26.375, -74.125, 9.846628536833171e-24, nan 
-26.125, -74.125, 7.966853863939868e-24, nan 
-25.875, -74.125, 6.236585724652395e-24, nan 
-25.625, -74.125, 5.717480658335751e-24, nan 
-25.375, -74.125, 5.710556133683616e-24, nan 
-25.125, -74.125, 6.799216645004554e-24, nan 
-24.875, -74.125, 7.139866777920674e-24, nan 
-24.625, -74.125, 2.111212480602725e-24, nan 
-24.375, -74.125, 1.0860659891738096e-24, nan 
-24.125, -74.125, 1.3983412884920627e-24, nan 
-23.875, -74.125, 6.194177106906599e-24, nan 
-23.625, -74.125, 1.0289505292215087e-23, nan 
-23.375, -74.125, 3.875732085958348e-24, nan 
-23.125, -74.125, 1.039748295841883e-23, nan 
-22.875, -74.125, 1.6484952014526958e-23, nan 
-22.625, -74.125, 4.386361720529933e-24, nan 
-22.375, -74.125, 9.66215826460849e-24, nan 
-22.125, -74.125, 1.195302444081873e-23, nan 
-21.875, -74.125, 8.760286305780473e-24, nan 
-21.625, -74.125, 7.915561050629961e-24, nan 
-21.375, -74.125, 6.582444876041483e-24, nan 
-21.125, -74.125, 1.0703881850154103e-23, nan 
-20.875, -74.125, 6.29395865801758e-24, nan 
-20.625, -74.125, 6.214121928900332e-24, nan 
-20.375, -74.125, 1.4015105208829263e-23, nan 
-20.125, -74.125, 1.3630821528511443e-24, nan 
-19.875, -74.125, 4.891338276838279e-24, nan 
-19.625, -74.125, 8.639239560827777e-24, nan 
-19.375, -74.125, 1.5259792237949875e-24, nan 
-19.125, -74.125, 6.229132607210839e-25, nan 
-18.875, -74.125, 8.486219360773695e-25, nan 
-18.625, -74.125, 1.612934346827839e-24, nan 
-18.375, -74.125, 1.946519182901153e-24, nan 
-18.125, -74.125, 2.7284578466020705e-24, nan 
-17.875, -74.125, 2.492367786425903e-24, nan 
-17.625, -74.125, 3.1709074552337895e-24, nan 
-17.375, -74.125, 3.499577453364774e-24, nan 
-17.125, -74.125, 4.489417353544451e-24, nan 
-16.875, -74.125, 4.681626646564357e-24, nan 
-16.625, -74.125, 4.78581635549853e-24, nan 
-16.375, -74.125, 5.742477053744812e-24, nan 
-16.125, -74.125, 5.753079475836116e-24, nan 
-15.875, -74.125, 5.350881077349133e-24, nan 
-15.625, -74.125, 4.9185706679435714e-24, nan 
-15.375, -74.125, 5.336872075576731e-24, nan 
-15.125, -74.125, 4.642663053080374e-24, nan 
-14.875, -74.125, 4.3641399918919575e-24, nan 
-14.625, -74.125, 4.452577776252923e-24, nan 
-14.375, -74.125, 3.658413643766693e-24, nan 
-14.125, -74.125, 3.855350661700678e-24, nan 
-13.875, -74.125, 4.013152049468592e-24, nan 
-13.625, -74.125, 3.687182976581496e-24, nan 
-13.375, -74.125, 2.3503119083585483e-24, nan 
-13.125, -74.125, 2.5797433905994682e-24, nan 
-12.875, -74.125, 1.3589677336040316e-24, nan 
-12.625, -74.125, 1.8206762090727014e-24, nan 
-12.375, -74.125, 2.4209016187804673e-24, nan 
-12.125, -74.125, 2.7366365620216484e-24, nan 
-11.875, -74.125, 3.653870827119044e-24, nan 
-11.625, -74.125, 4.614180640941122e-24, nan 
-11.375, -74.125, 2.8185498210761888e-24, nan 
-11.125, -74.125, 1.443315237509498e-24, nan 
-10.875, -74.125, 1.884339125877171e-24, nan 
-10.625, -74.125, 1.2158005288508187e-24, nan 
-10.375, -74.125, 1.8638396084849403e-24, nan 
-10.125, -74.125, 2.7684105871118218e-24, nan 
-9.875, -74.125, 2.053512877915591e-24, nan 
-9.625, -74.125, 2.832087165825116e-24, nan 
-9.375, -74.125, 3.441730501186656e-24, nan 
-9.125, -74.125, 6.496069701034703e-24, nan 
-8.875, -74.125, 6.703401319870328e-24, nan 
-8.625, -74.125, 1.811617165944513e-24, nan 
-8.375, -74.125, 4.0717655496178826e-24, nan 
-8.125, -74.125, 5.166901295403906e-24, nan 
-7.875, -74.125, 3.9404090446104765e-24, nan 
-7.625, -74.125, 8.92536450783041e-24, nan 
-7.375, -74.125, 5.0659049268267954e-24, nan 
-7.125, -74.125, 4.0380038250974985e-24, nan 
-6.875, -74.125, 1.4818636813232786e-23, nan 
-6.625, -74.125, 4.039433330093685e-24, nan 
-6.375, -74.125, 7.746843695974104e-24, nan 
-6.125, -74.125, 1.1894628024833538e-23, nan 
-5.875, -74.125, 7.215282408534796e-24, nan 
-5.625, -74.125, 1.1700771569619335e-23, nan 
-5.375, -74.125, 1.1456513145771895e-23, nan 
-5.125, -74.125, 1.7038887296858701e-23, nan 
-4.875, -74.125, 2.698378530290481e-23, nan 
-4.625, -74.125, 2.657322541384591e-23, nan 
-4.375, -74.125, 1.7908433351494423e-23, nan 
-4.125, -74.125, 2.178278163325138e-23, nan 
-3.875, -74.125, 2.7894152389246935e-23, nan 
-3.625, -74.125, 2.182999273067287e-23, nan 
-3.375, -74.125, 1.2879376586946782e-23, nan 
-3.125, -74.125, 1.6928324986863946e-23, nan 
-2.875, -74.125, 1.3196312276280316e-23, nan 
-2.625, -74.125, 1.226788565580469e-24, nan 
-2.375, -74.125, 2.6720146581539537e-24, nan 
-2.125, -74.125, 2.3867526455584858e-24, nan 
-1.875, -74.125, 1.3884393399066295e-24, nan 
-1.625, -74.125, 8.080622379315957e-25, nan 
-1.375, -74.125, 8.928400012904529e-25, nan 
-1.125, -74.125, 1.2583750490299463e-24, nan 
-0.875, -74.125, 1.1096573495555168e-24, nan 
-0.625, -74.125, 1.3611386736794423e-24, nan 
-0.375, -74.125, 1.6204102494927905e-24, nan 
-0.125, -74.125, 1.9510192521628184e-24, nan 
0.125, -74.125, 2.084343157080379e-24, nan 
0.375, -74.125, 2.619108250597048e-24, nan 
0.625, -74.125, 4.921518299739971e-24, nan 
0.875, -74.125, 5.3529026296017814e-24, nan 
1.125, -74.125, 7.312060126569218e-24, nan 
1.375, -74.125, 1.064470649772343e-23, nan 
1.625, -74.125, 1.561689312379526e-23, nan 
1.875, -74.125, 1.386034559999945e-23, nan 
2.125, -74.125, 1.6181166751643875e-23, nan 
2.375, -74.125, 1.5751939530459677e-23, nan 
2.625, -74.125, 1.3239353634885526e-23, nan 
2.875, -74.125, 1.87380211737505e-23, nan 
3.125, -74.125, 9.422083053105896e-24, nan 
3.375, -74.125, 2.177851270834546e-23, nan 
3.625, -74.125, 2.4839044398386162e-23, nan 
3.875, -74.125, 2.114849164304448e-23, nan 
-44.625, -73.875, 7.706749798197251e-24, nan 
-44.375, -73.875, 3.39972721128671e-24, nan 
-44.125, -73.875, 3.7438169380466544e-24, nan 
-43.875, -73.875, 5.593958704320919e-24, nan 
-43.625, -73.875, 8.583863196133937e-24, nan 
-43.375, -73.875, 7.550989030901314e-24, nan 
-43.125, -73.875, 4.736869394665129e-24, nan 
-42.875, -73.875, 5.9859497843404045e-24, nan 
-42.625, -73.875, 5.068520100564636e-24, nan 
-42.375, -73.875, 3.482904300433412e-24, nan 
-42.125, -73.875, 5.450794492879485e-24, nan 
-41.875, -73.875, 2.906926832257658e-24, nan 
-41.625, -73.875, 4.2238122796963546e-24, nan 
-41.375, -73.875, 8.16565409913964e-24, nan 
-41.125, -73.875, 4.691542160480845e-24, nan 
-40.875, -73.875, 5.256391321550414e-24, nan 
-40.625, -73.875, 7.420130777450065e-24, nan 
-40.375, -73.875, 5.174981702574037e-24, nan 
-40.125, -73.875, 4.192460719711527e-24, nan 
-39.875, -73.875, 6.671949429921312e-24, nan 
-39.625, -73.875, 6.2120447512480695e-24, nan 
-39.375, -73.875, 3.749192801187323e-24, nan 
-39.125, -73.875, 4.060628488889496e-24, nan 
-38.875, -73.875, 3.979607664334031e-24, nan 
-38.625, -73.875, 2.5673268721349593e-24, nan 
-38.375, -73.875, 3.2535785661733276e-24, nan 
-38.125, -73.875, 4.270466458979752e-24, nan 
-37.875, -73.875, 4.395846055885242e-24, nan 
-37.625, -73.875, 5.070233372452415e-24, nan 
-37.375, -73.875, 5.683869607985672e-24, nan 
-37.125, -73.875, 5.820277212347419e-24, nan 
-36.875, -73.875, 5.347273440412329e-24, nan 
-36.625, -73.875, 5.414966128433197e-24, nan 
-36.375, -73.875, 4.9917348609682286e-24, nan 
-36.125, -73.875, 4.311947651718912e-24, nan 
-35.875, -73.875, 4.261828174928633e-24, nan 
-35.625, -73.875, 3.992368487952235e-24, nan 
-35.375, -73.875, 3.0596720479118218e-24, nan 
-35.125, -73.875, 2.3156010065484086e-24, nan 
-34.875, -73.875, 2.212938783735149e-24, nan 
-34.625, -73.875, 2.3698557601382808e-24, nan 
-34.375, -73.875, 4.691357331596391e-24, nan 
-34.125, -73.875, 5.686630361617991e-24, nan 
-33.875, -73.875, 4.069664575042942e-24, nan 
-33.625, -73.875, 4.7010980926038324e-24, nan 
-33.375, -73.875, 5.866086070703132e-24, nan 
-33.125, -73.875, 4.018075312825565e-24, nan 
-32.875, -73.875, 5.8615980769074906e-24, nan 
-32.625, -73.875, 8.775708808803334e-24, nan 
-32.375, -73.875, 6.551540012102007e-24, nan 
-32.125, -73.875, 7.536299025826522e-24, nan 
-31.875, -73.875, 9.524668721950632e-24, nan 
-31.625, -73.875, 8.480660292331724e-24, nan 
-31.375, -73.875, 7.187143270763093e-24, nan 
-31.125, -73.875, 7.257069824011e-24, nan 
-30.875, -73.875, 8.77601582968555e-24, nan 
-30.625, -73.875, 9.146381877355385e-24, nan 
-30.375, -73.875, 7.623217434731936e-24, nan 
-30.125, -73.875, 3.26354143195423e-24, nan 
-29.875, -73.875, 8.241115900967414e-24, nan 
-29.625, -73.875, 1.1650017245382003e-23, nan 
-29.375, -73.875, 9.904992370903682e-24, nan 
-29.125, -73.875, 1.4158343197847776e-23, nan 
-28.875, -73.875, 1.177002007946037e-23, nan 
-28.625, -73.875, 1.1441816380962416e-23, nan 
-28.375, -73.875, 1.1550005239386762e-23, nan 
-28.125, -73.875, 6.4459977535232276e-24, nan 
-27.875, -73.875, 3.493221110490768e-24, nan 
-27.625, -73.875, 5.249811496569093e-24, nan 
-27.375, -73.875, 7.125193158790959e-24, nan 
-27.125, -73.875, 1.0503728310039938e-23, nan 
-26.875, -73.875, 6.523511085151193e-24, nan 
-26.625, -73.875, 8.12933991454233e-24, nan 
-26.375, -73.875, 1.7779154299032054e-23, nan 
-26.125, -73.875, 1.3335349299521727e-23, nan 
-25.875, -73.875, 9.531058134309347e-24, nan 
-25.625, -73.875, 1.3248056527646435e-23, nan 
-25.375, -73.875, 8.26937555298709e-24, nan 
-25.125, -73.875, 9.578185213644635e-24, nan 
-24.875, -73.875, 1.335422670195725e-23, nan 
-24.625, -73.875, 4.068765026578797e-24, nan 
-24.375, -73.875, 4.5261577986528156e-24, nan 
-24.125, -73.875, 8.743497029120108e-24, nan 
-23.875, -73.875, 4.474659026454687e-24, nan 
-23.625, -73.875, 2.3515597704024072e-24, nan 
-23.375, -73.875, 6.765357451394396e-24, nan 
-23.125, -73.875, 1.1103154651798943e-23, nan 
-22.875, -73.875, 1.3036856695026103e-23, nan 
-22.625, -73.875, 9.280140202850914e-24, nan 
-22.375, -73.875, 1.4762483579235716e-23, nan 
-22.125, -73.875, 1.5043147331951794e-23, nan 
-21.875, -73.875, 1.2728243133116076e-23, nan 
-21.625, -73.875, 9.682628487184733e-24, nan 
-21.375, -73.875, 9.690180265349588e-24, nan 
-21.125, -73.875, 1.0800319792704521e-23, nan 
-20.875, -73.875, 1.1759647428343906e-23, nan 
-20.625, -73.875, 7.595856817017486e-24, nan 
-20.375, -73.875, 8.738524606166067e-24, nan 
-20.125, -73.875, 7.369230346193869e-24, nan 
-19.875, -73.875, 1.4769640510498434e-24, nan 
-19.625, -73.875, 2.0505388830680738e-24, nan 
-19.375, -73.875, 1.3759976349591966e-24, nan 
-19.125, -73.875, 1.3844223346301837e-24, nan 
-18.875, -73.875, 2.1432327451537844e-24, nan 
-18.625, -73.875, 1.4694690731176108e-24, nan 
-18.375, -73.875, 1.4415969303569969e-24, nan 
-18.125, -73.875, 2.576055331385994e-24, nan 
-17.875, -73.875, 2.8729854333426716e-24, nan 
-17.625, -73.875, 2.556039173967542e-24, nan 
-17.375, -73.875, 2.7292161506569352e-24, nan 
-17.125, -73.875, 4.3596649143717056e-24, nan 
-16.875, -73.875, 3.897419635749158e-24, nan 
-16.625, -73.875, 5.705250808489906e-24, nan 
-16.375, -73.875, 5.9804512416554556e-24, nan 
-16.125, -73.875, 6.020710792659027e-24, nan 
-15.875, -73.875, 4.531364216001513e-24, nan 
-15.625, -73.875, 4.281340797122856e-24, nan 
-15.375, -73.875, 3.6726977147531145e-24, nan 
-15.125, -73.875, 3.33436872986411e-24, nan 
-14.875, -73.875, 3.638442527636536e-24, nan 
-14.625, -73.875, 2.4401810720007047e-24, nan 
-14.375, -73.875, 3.196178738191319e-24, nan 
-14.125, -73.875, 3.928379981416353e-24, nan 
-13.875, -73.875, 3.365201709526376e-24, nan 
-13.625, -73.875, 2.316350933910773e-24, nan 
-13.375, -73.875, 9.277114124579289e-24, nan 
-13.125, -73.875, 1.0030122112221941e-23, nan 
-12.875, -73.875, 2.9351955976457258e-24, nan 
-12.625, -73.875, 1.0518439247191263e-23, nan 
-12.375, -73.875, 6.519374828727991e-24, nan 
-12.125, -73.875, 2.6869018789406092e-24, nan 
-11.875, -73.875, 1.7145405165634433e-24, nan 
-11.625, -73.875, 1.6616229078975075e-24, nan 
-11.375, -73.875, 1.1316025665054784e-24, nan 
-11.125, -73.875, 7.329190837814408e-25, nan 
-10.875, -73.875, 9.548280254441712e-25, nan 
-10.625, -73.875, 1.4830448632515215e-24, nan 
-10.375, -73.875, 2.4134371638607957e-24, nan 
-10.125, -73.875, 3.2755752050189557e-24, nan 
-9.875, -73.875, 9.47202534630506e-24, nan 
-9.625, -73.875, 9.355772459481417e-24, nan 
-9.375, -73.875, 3.474287181992112e-24, nan 
-9.125, -73.875, 1.5091973785065903e-23, nan 
-8.875, -73.875, 1.9401417645232578e-23, nan 
-8.625, -73.875, 7.012718960877248e-24, nan 
-8.375, -73.875, 1.0876873059942841e-23, nan 
-8.125, -73.875, 1.2782649813087361e-23, nan 
-7.875, -73.875, 6.497882319690865e-24, nan 
-7.625, -73.875, 9.481407499673438e-24, nan 
-7.375, -73.875, 5.3162099482391736e-24, nan 
-7.125, -73.875, 8.637034431268539e-24, nan 
-6.875, -73.875, 1.0535613962520843e-23, nan 
-6.625, -73.875, 6.632290305965829e-24, nan 
-6.375, -73.875, 1.4920058783654046e-23, nan 
-6.125, -73.875, 5.3891548777128675e-24, nan 
-5.875, -73.875, 1.9108920393549336e-23, nan 
-5.625, -73.875, 2.9024003731699334e-23, nan 
-5.375, -73.875, 2.001587544104258e-23, nan 
-5.125, -73.875, 2.012539037633455e-23, nan 
-4.875, -73.875, 4.489166129325102e-23, nan 
-4.625, -73.875, 4.3622163871776334e-23, nan 
-4.375, -73.875, 2.651021598806433e-23, nan 
-4.125, -73.875, 2.6959306838881517e-23, nan 
-3.875, -73.875, 2.8824817888233746e-23, nan 
-3.625, -73.875, 2.0678266783189802e-23, nan 
-3.375, -73.875, 1.2979272763582015e-24, nan 
-3.125, -73.875, 2.8255676502482355e-24, nan 
-2.875, -73.875, 2.0439772072302908e-24, nan 
-2.625, -73.875, 1.030257082478773e-24, nan 
-2.375, -73.875, 1.6525157781562393e-24, nan 
-2.125, -73.875, 2.1530770404088715e-24, nan 
-1.875, -73.875, 1.5299639271301058e-24, nan 
-1.625, -73.875, 2.080774060942249e-24, nan 
-1.375, -73.875, 2.4322261987393268e-24, nan 
-1.125, -73.875, 2.131758959042803e-24, nan 
-0.875, -73.875, 1.916912650031494e-24, nan 
-0.625, -73.875, 1.720937663347756e-24, nan 
-0.375, -73.875, 2.001107815736716e-24, nan 
-0.125, -73.875, 1.9185920747210414e-24, nan 
0.125, -73.875, 1.904416364541742e-24, nan 
0.375, -73.875, 2.208527044642323e-24, nan 
0.625, -73.875, 2.424151852508349e-24, nan 
0.875, -73.875, 3.21837733415498e-24, nan 
1.125, -73.875, 3.890126305663314e-24, nan 
1.375, -73.875, 4.51237818906529e-24, nan 
1.625, -73.875, 5.0954538827709714e-24, nan 
1.875, -73.875, 6.623381414159554e-24, nan 
2.125, -73.875, 1.1048809772999547e-23, nan 
2.375, -73.875, 1.8690537212385682e-23, nan 
2.625, -73.875, 1.895012086769292e-23, nan 
2.875, -73.875, 1.54518421952868e-23, nan 
3.125, -73.875, 1.8370982150564816e-23, nan 
3.375, -73.875, 2.1950979091354343e-23, nan 
3.625, -73.875, 8.766951866939844e-24, nan 
3.875, -73.875, 9.242434565222207e-24, nan 
4.125, -73.875, 1.8674706346454126e-23, nan 
-44.125, -73.625, 2.3352652861120292e-24, nan 
-43.875, -73.625, 2.8645231423611375e-24, nan 
-43.625, -73.625, 4.5973425515636165e-24, nan 
-43.375, -73.625, 3.700684578550043e-24, nan 
-43.125, -73.625, 2.0195024910336097e-24, nan 
-42.875, -73.625, 1.7378638044790473e-24, nan 
-42.625, -73.625, 1.9052049102745182e-24, nan 
-42.375, -73.625, 1.4622817643843078e-24, nan 
-42.125, -73.625, 8.37101290085112e-25, nan 
-41.875, -73.625, 7.388136618205739e-25, nan 
-41.625, -73.625, 1.5052748418355522e-24, nan 
-41.375, -73.625, 3.535744868897683e-24, nan 
-41.125, -73.625, 3.1591776366947316e-24, nan 
-40.875, -73.625, 4.060969094717298e-24, nan 
-40.625, -73.625, 2.518103717529014e-24, nan 
-40.375, -73.625, 3.5029765225119274e-24, nan 
-40.125, -73.625, 4.5171236001840774e-24, nan 
-39.875, -73.625, 4.789497426878149e-24, nan 
-39.625, -73.625, 4.53491045740048e-24, nan 
-39.375, -73.625, 3.3697864633289e-24, nan 
-39.125, -73.625, 2.394217033783118e-24, nan 
-38.875, -73.625, 1.7564880734897076e-24, nan 
-38.625, -73.625, 2.609016493607873e-24, nan 
-38.375, -73.625, 4.118207022525568e-24, nan 
-38.125, -73.625, 3.842460837714802e-24, nan 
-37.875, -73.625, 4.13853713676038e-24, nan 
-37.625, -73.625, 4.361139435022554e-24, nan 
-37.375, -73.625, 4.63671627843724e-24, nan 
-37.125, -73.625, 5.193311098624482e-24, nan 
-36.875, -73.625, 4.890619972188565e-24, nan 
-36.625, -73.625, 5.476793634005955e-24, nan 
-36.375, -73.625, 4.934207971508636e-24, nan 
-36.125, -73.625, 5.3706214627670344e-24, nan 
-35.875, -73.625, 5.7785015117956845e-24, nan 
-35.625, -73.625, 4.3805616205520456e-24, nan 
-35.375, -73.625, 4.863213755191127e-24, nan 
-35.125, -73.625, 4.834361272768504e-24, nan 
-34.875, -73.625, 5.418719570335624e-24, nan 
-34.625, -73.625, 5.077434196337033e-24, nan 
-34.375, -73.625, 4.97914108588695e-24, nan 
-34.125, -73.625, 5.1743192174634195e-24, nan 
-33.875, -73.625, 3.9016803929138675e-24, nan 
-33.625, -73.625, 2.877749416567192e-24, nan 
-33.375, -73.625, 2.933619541611775e-24, nan 
-33.125, -73.625, 4.393331841333857e-24, nan 
-32.875, -73.625, 3.1357369317425862e-24, nan 
-32.625, -73.625, 5.2348768456099e-24, nan 
-32.375, -73.625, 1.0151204094534554e-23, nan 
-32.125, -73.625, 1.0144539403392713e-23, nan 
-31.875, -73.625, 9.014212083286926e-24, nan 
-31.625, -73.625, 1.1898620382493113e-23, nan 
-31.375, -73.625, 1.2108933991248682e-23, nan 
-31.125, -73.625, 9.919158497105703e-24, nan 
-30.875, -73.625, 9.444096203982328e-24, nan 
-30.625, -73.625, 9.060230474062077e-24, nan 
-30.375, -73.625, 9.363520764156778e-24, nan 
-30.125, -73.625, 9.87665070540117e-24, nan 
-29.875, -73.625, 1.450089347114001e-23, nan 
-29.625, -73.625, 1.3691805469010818e-23, nan 
-29.375, -73.625, 1.4525918305896818e-23, nan 
-29.125, -73.625, 1.632625717773525e-23, nan 
-28.875, -73.625, 1.3285842449472415e-23, nan 
-28.625, -73.625, 1.80330929287643e-23, nan 
-28.375, -73.625, 9.718226536296917e-24, nan 
-28.125, -73.625, 5.5472411078900384e-24, nan 
-27.875, -73.625, 9.425701213205161e-24, nan 
-27.625, -73.625, 9.395907022927708e-24, nan 
-27.375, -73.625, 8.62243842277514e-24, nan 
-27.125, -73.625, 7.404384410894667e-24, nan 
-26.875, -73.625, 7.45937816080626e-24, nan 
-26.625, -73.625, 7.529875929550697e-24, nan 
-26.375, -73.625, 8.056422697458426e-24, nan 
-26.125, -73.625, 5.954415757005364e-24, nan 
-25.875, -73.625, 5.9182526689968596e-24, nan 
-25.625, -73.625, 3.7458121436079545e-24, nan 
-25.375, -73.625, 1.616535159193508e-24, nan 
-25.125, -73.625, 5.9610420161545225e-24, nan 
-24.875, -73.625, 5.400593231466831e-24, nan 
-24.625, -73.625, 1.807128690917801e-24, nan 
-24.375, -73.625, 3.3869540625121285e-24, nan 
-24.125, -73.625, 4.611508291245672e-24, nan 
-23.875, -73.625, 4.096578420826832e-24, nan 
-23.625, -73.625, 4.1950997578007915e-24, nan 
-23.375, -73.625, 3.1612965754817332e-24, nan 
-23.125, -73.625, 3.3333708033304115e-24, nan 
-22.875, -73.625, 4.4300528923740494e-24, nan 
-22.625, -73.625, 5.054302252789528e-24, nan 
-22.375, -73.625, 8.020361132231886e-24, nan 
-22.125, -73.625, 7.799663855972142e-24, nan 
-21.875, -73.625, 8.275915715032687e-24, nan 
-21.625, -73.625, 7.936617222022051e-24, nan 
-21.375, -73.625, 6.93549165688248e-24, nan 
-21.125, -73.625, 6.4315288391531e-24, nan 
-20.875, -73.625, 7.385882532475925e-24, nan 
-20.625, -73.625, 2.089196935147063e-24, nan 
-20.375, -73.625, 1.6228776009234753e-24, nan 
-20.125, -73.625, 2.2219196557023678e-24, nan 
-19.875, -73.625, 2.9502015079146563e-24, nan 
-19.625, -73.625, 2.1680298155226565e-24, nan 
-19.375, -73.625, 1.5612532646810871e-24, nan 
-19.125, -73.625, 1.5771024256987048e-24, nan 
-18.875, -73.625, 1.3999744507499549e-24, nan 
-18.625, -73.625, 3.162976820510732e-25, nan 
-18.375, -73.625, 5.8133877773564605e-25, nan 
-18.125, -73.625, 1.6352648815647789e-24, nan 
-17.875, -73.625, 1.536535336555781e-24, nan 
-17.625, -73.625, 2.190411803458845e-24, nan 
-17.375, -73.625, 6.74955283029781e-24, nan 
-17.125, -73.625, 6.3328043661580626e-24, nan 
-16.875, -73.625, 7.491772140998703e-24, nan 
-16.625, -73.625, 6.735282736804737e-24, nan 
-16.375, -73.625, 4.725327195103903e-24, nan 
-16.125, -73.625, 8.785973451169734e-24, nan 
-15.875, -73.625, 1.0206409108024934e-23, nan 
-15.625, -73.625, 2.801135946965843e-24, nan 
-15.375, -73.625, 3.336450495951065e-24, nan 
-15.125, -73.625, 3.803071141215703e-24, nan 
-14.875, -73.625, 3.6748216079543156e-24, nan 
-14.625, -73.625, 3.949950555963359e-24, nan 
-14.375, -73.625, 4.064058790555628e-24, nan 
-14.125, -73.625, 1.1871484695226551e-23, nan 
-13.875, -73.625, 1.1992312912531542e-23, nan 
-13.625, -73.625, 8.175085251042581e-24, nan 
-13.375, -73.625, 1.496814088255022e-23, nan 
-13.125, -73.625, 1.6412005218703725e-23, nan 
-12.875, -73.625, 8.969452822004881e-24, nan 
-12.625, -73.625, 1.7013808478132303e-23, nan 
-12.375, -73.625, 1.2842905622588428e-23, nan 
-12.125, -73.625, 4.971604274639023e-24, nan 
-11.875, -73.625, 1.3379826805671167e-23, nan 
-11.625, -73.625, 9.293976682686822e-24, nan 
-11.375, -73.625, 3.8100706629504866e-24, nan 
-11.125, -73.625, 1.2579874221817694e-24, nan 
-10.875, -73.625, 1.0858799109695446e-24, nan 
-10.625, -73.625, 1.3953649010330359e-24, nan 
-10.375, -73.625, 5.463906776836236e-24, nan 
-10.125, -73.625, 4.297494937883449e-24, nan 
-9.875, -73.625, 2.8967321628994498e-24, nan 
-9.625, -73.625, 8.37239982501844e-24, nan 
-9.375, -73.625, 7.389787798428534e-24, nan 
-9.125, -73.625, 9.94619959825724e-24, nan 
-8.875, -73.625, 1.3092313290020786e-23, nan 
-8.625, -73.625, 1.0468451430836187e-23, nan 
-8.375, -73.625, 1.5827625743192357e-23, nan 
-8.125, -73.625, 1.349071743979353e-23, nan 
-7.875, -73.625, 1.1590170797091613e-23, nan 
-7.625, -73.625, 1.3316027585238128e-23, nan 
-7.375, -73.625, 4.206865266716013e-24, nan 
-7.125, -73.625, 3.148096818957311e-24, nan 
-6.875, -73.625, 1.2825684103602677e-23, nan 
-6.625, -73.625, 1.6263568686993863e-23, nan 
-6.375, -73.625, 1.6205719238622473e-23, nan 
-6.125, -73.625, 1.6175524630106243e-23, nan 
-5.875, -73.625, 2.4646420234583518e-23, nan 
-5.625, -73.625, 2.502463672201395e-23, nan 
-5.375, -73.625, 8.207122846306721e-24, nan 
-5.125, -73.625, 1.451715323730537e-23, nan 
-4.875, -73.625, 2.4449138584367813e-23, nan 
-4.625, -73.625, 2.2221461075049654e-23, nan 
-4.375, -73.625, 1.7607892636757047e-23, nan 
-4.125, -73.625, 2.8418171364543143e-24, nan 
-3.875, -73.625, 2.945471670615408e-24, nan 
-3.625, -73.625, 1.7985809705346e-24, nan 
-3.375, -73.625, 2.900733282525867e-24, nan 
-3.125, -73.625, 6.0327791905550356e-24, nan 
-2.875, -73.625, 4.328578599586991e-24, nan 
-2.625, -73.625, 3.600635514696503e-24, nan 
-2.375, -73.625, 5.183133718718015e-24, nan 
-2.125, -73.625, 4.854785836975279e-24, nan 
-1.875, -73.625, 3.472956226039947e-24, nan 
-1.625, -73.625, 2.4187833455538856e-24, nan 
-1.375, -73.625, 2.7297845336654374e-24, nan 
-1.125, -73.625, 2.480574644191837e-24, nan 
-0.875, -73.625, 1.86765848284507e-24, nan 
-0.625, -73.625, 1.7177654221044505e-24, nan 
-0.375, -73.625, 1.7874617984762566e-24, nan 
-0.125, -73.625, 2.2804736389096195e-24, nan 
0.125, -73.625, 2.220355073620872e-24, nan 
0.375, -73.625, 2.703425296870287e-24, nan 
0.625, -73.625, 2.5824272882781546e-24, nan 
0.875, -73.625, 2.765396905982286e-24, nan 
1.125, -73.625, 3.612693506836522e-24, nan 
1.375, -73.625, 4.8230051693337454e-24, nan 
1.625, -73.625, 3.354979209150756e-24, nan 
1.875, -73.625, 3.69295418011805e-24, nan 
2.125, -73.625, 5.1723110215838824e-24, nan 
2.375, -73.625, 9.230341660881882e-24, nan 
2.625, -73.625, 1.357448325366139e-23, nan 
2.875, -73.625, 1.2606790206667976e-23, nan 
3.125, -73.625, 1.602567821559455e-23, nan 
3.375, -73.625, 1.833104646405229e-23, nan 
3.625, -73.625, 1.2293530812019656e-23, nan 
3.875, -73.625, 1.4061991069657954e-23, nan 
4.125, -73.625, 9.043266396292725e-24, nan 
-43.625, -73.375, 1.1317157859146802e-24, nan 
-43.375, -73.375, 1.243418701467114e-24, nan 
-43.125, -73.375, 8.632892304300305e-25, nan 
-42.875, -73.375, 8.880972729548245e-25, nan 
-42.625, -73.375, 9.980207009118371e-25, nan 
-42.375, -73.375, 6.425007380680651e-25, nan 
-42.125, -73.375, 3.0963781133079185e-25, nan 
-41.875, -73.375, 8.763687903280586e-25, nan 
-41.625, -73.375, 1.176549548451365e-24, nan 
-41.375, -73.375, 5.83284825452818e-25, nan 
-41.125, -73.375, 7.128227007867142e-25, nan 
-40.875, -73.375, 1.2816561901217483e-24, nan 
-40.625, -73.375, 1.1591070688184463e-24, nan 
-40.375, -73.375, 2.4132058583543774e-24, nan 
-40.125, -73.375, 3.352438997970035e-24, nan 
-39.875, -73.375, 2.5368306001108095e-24, nan 
-39.625, -73.375, 3.11590711141142e-24, nan 
-39.375, -73.375, 3.0087069776548053e-24, nan 
-39.125, -73.375, 2.8170774111009636e-24, nan 
-38.875, -73.375, 1.879661050542545e-24, nan 
-38.625, -73.375, 3.850323311161761e-24, nan 
-38.375, -73.375, 6.296979328109691e-24, nan 
-38.125, -73.375, 6.585564436679369e-24, nan 
-37.875, -73.375, 5.110864463026679e-24, nan 
-37.625, -73.375, 6.4349541790569775e-24, nan 
-37.375, -73.375, 6.790701730849114e-24, nan 
-37.125, -73.375, 4.2544383255630446e-24, nan 
-36.875, -73.375, 4.901531522091717e-24, nan 
-36.625, -73.375, 4.8696395102879095e-24, nan 
-36.375, -73.375, 6.698902144473401e-24, nan 
-36.125, -73.375, 7.622717029331096e-24, nan 
-35.875, -73.375, 8.206950187910056e-24, nan 
-35.625, -73.375, 9.276563798601104e-24, nan 
-35.375, -73.375, 9.152209031521719e-24, nan 
-35.125, -73.375, 9.364284538461828e-24, nan 
-34.875, -73.375, 8.738020068014946e-24, nan 
-34.625, -73.375, 8.537246090996323e-24, nan 
-34.375, -73.375, 6.4949278894440495e-24, nan 
-34.125, -73.375, 1.0328608859925688e-23, nan 
-33.875, -73.375, 2.0479865427032126e-23, nan 
-33.625, -73.375, 1.9472906939472344e-23, nan 
-33.375, -73.375, 1.405445154568276e-23, nan 
-33.125, -73.375, 1.405080370680606e-23, nan 
-32.875, -73.375, 1.65606032603519e-23, nan 
-32.625, -73.375, 1.2243212454737717e-23, nan 
-32.375, -73.375, 1.8967331779169828e-23, nan 
-32.125, -73.375, 1.389989544670492e-23, nan 
-31.875, -73.375, 1.9322941348459806e-23, nan 
-31.625, -73.375, 6.472596469720022e-24, nan 
-31.375, -73.375, 8.960354038409806e-24, nan 
-31.125, -73.375, 8.81834842072167e-24, nan 
-30.875, -73.375, 9.902309768671811e-24, nan 
-30.625, -73.375, 1.1429799147340488e-23, nan 
-30.375, -73.375, 1.0193894082140674e-23, nan 
-30.125, -73.375, 1.0498763831800376e-23, nan 
-29.875, -73.375, 9.868575805648051e-24, nan 
-29.625, -73.375, 9.435357091284835e-24, nan 
-29.375, -73.375, 4.8806705359346766e-24, nan 
-29.125, -73.375, 6.319609409776185e-24, nan 
-28.875, -73.375, 8.773011150699715e-24, nan 
-28.625, -73.375, 9.761162829177035e-24, nan 
-28.375, -73.375, 8.40773962285976e-24, nan 
-28.125, -73.375, 6.989792389951749e-24, nan 
-27.875, -73.375, 6.902802735615361e-24, nan 
-27.625, -73.375, 7.716835822303913e-24, nan 
-27.375, -73.375, 6.976716451332491e-24, nan 
-27.125, -73.375, 8.897195208032209e-24, nan 
-26.875, -73.375, 1.0001881590861217e-23, nan 
-26.625, -73.375, 7.046809410354435e-24, nan 
-26.375, -73.375, 5.9065905659351954e-24, nan 
-26.125, -73.375, 7.301262751309662e-24, nan 
-25.875, -73.375, 4.965819071599274e-24, nan 
-25.625, -73.375, 3.238411032491523e-24, nan 
-25.375, -73.375, 4.130820909496281e-24, nan 
-25.125, -73.375, 4.2740765317048115e-24, nan 
-24.875, -73.375, 5.008445790681578e-24, nan 
-24.625, -73.375, 4.815018119523964e-24, nan 
-24.375, -73.375, 3.784096080152822e-24, nan 
-24.125, -73.375, 6.380049965718474e-24, nan 
-23.875, -73.375, 4.6387020084503406e-24, nan 
-23.625, -73.375, 5.9694464359655274e-24, nan 
-23.375, -73.375, 7.598301444225557e-24, nan 
-23.125, -73.375, 7.210490649698716e-24, nan 
-22.875, -73.375, 7.185902664156137e-24, nan 
-22.625, -73.375, 6.046480992252737e-24, nan 
-22.375, -73.375, 9.284132634832854e-24, nan 
-22.125, -73.375, 8.594690002851521e-24, nan 
-21.875, -73.375, 6.697645560574175e-24, nan 
-21.625, -73.375, 4.461910224932766e-24, nan 
-21.375, -73.375, 4.602548046446134e-24, nan 
-21.125, -73.375, 5.51531086677062e-24, nan 
-20.875, -73.375, 4.7443385967172344e-24, nan 
-20.625, -73.375, 4.861874472871135e-24, nan 
-20.375, -73.375, 4.39400633944969e-24, nan 
-20.125, -73.375, 7.247194841898114e-24, nan 
-19.875, -73.375, 8.131021269882984e-24, nan 
-19.625, -73.375, 5.213148494821244e-24, nan 
-19.375, -73.375, 4.921024224618615e-24, nan 
-19.125, -73.375, 4.606009337203638e-24, nan 
-18.875, -73.375, 3.777805483820689e-24, nan 
-18.625, -73.375, 2.0604942168875197e-24, nan 
-18.375, -73.375, 2.6989099266194385e-24, nan 
-18.125, -73.375, 4.0912678118786256e-24, nan 
-17.875, -73.375, 5.18444505939359e-24, nan 
-17.625, -73.375, 6.891589763259078e-24, nan 
-17.375, -73.375, 5.853230000396792e-24, nan 
-17.125, -73.375, 1.1107514207142105e-23, nan 
-16.875, -73.375, 1.8037510013637657e-23, nan 
-16.625, -73.375, 1.7664332771261196e-23, nan 
-16.375, -73.375, 1.970747009790073e-23, nan 
-16.125, -73.375, 2.6651035048593734e-23, nan 
-15.875, -73.375, 2.726358567526014e-23, nan 
-15.625, -73.375, 2.7203534728942335e-23, nan 
-15.375, -73.375, 1.4138709476424543e-23, nan 
-15.125, -73.375, 1.496185065638338e-23, nan 
-14.875, -73.375, 5.79893272219939e-24, nan 
-14.625, -73.375, 7.96230988453532e-24, nan 
-14.375, -73.375, 1.3599265698379598e-23, nan 
-14.125, -73.375, 1.2197647934299778e-23, nan 
-13.875, -73.375, 1.206899366007002e-23, nan 
-13.625, -73.375, 1.834056586026777e-23, nan 
-13.375, -73.375, 1.4848597466575636e-23, nan 
-13.125, -73.375, 1.6895903985579156e-23, nan 
-12.875, -73.375, 2.0035270733914403e-23, nan 
-12.625, -73.375, 1.6823784898206913e-23, nan 
-12.375, -73.375, 1.095872612315488e-23, nan 
-12.125, -73.375, 1.3538929377137384e-23, nan 
-11.875, -73.375, 1.3377992993741652e-23, nan 
-11.625, -73.375, 4.029868784369245e-24, nan 
-11.375, -73.375, 1.9619084222834627e-24, nan 
-11.125, -73.375, 2.8274253940882065e-24, nan 
-10.875, -73.375, 2.8095312431084454e-24, nan 
-10.625, -73.375, 8.0239596205111e-24, nan 
-10.375, -73.375, 1.078298090533863e-23, nan 
-10.125, -73.375, 1.1513851714007374e-23, nan 
-9.875, -73.375, 8.538910011507033e-24, nan 
-9.625, -73.375, 3.3852063978513934e-24, nan 
-9.375, -73.375, 5.993387788535113e-24, nan 
-9.125, -73.375, 1.0159593075129162e-23, nan 
-8.875, -73.375, 1.1680276911042811e-23, nan 
-8.625, -73.375, 9.680769102156939e-24, nan 
-8.375, -73.375, 1.3568131580344436e-23, nan 
-8.125, -73.375, 2.1317764055572777e-23, nan 
-7.875, -73.375, 1.9620117193271395e-23, nan 
-7.625, -73.375, 1.7627347734310148e-23, nan 
-7.375, -73.375, 1.7110847523031327e-23, nan 
-7.125, -73.375, 2.0058149875512342e-23, nan 
-6.875, -73.375, 1.4979656415276098e-23, nan 
-6.625, -73.375, 8.143452206387915e-24, nan 
-6.375, -73.375, 2.8321523568221508e-24, nan 
-6.125, -73.375, 9.44282829049814e-24, nan 
-5.875, -73.375, 1.2641705899050742e-23, nan 
-5.625, -73.375, 1.1959149406564632e-23, nan 
-5.375, -73.375, 4.3193957536947604e-24, nan 
-5.125, -73.375, 7.26325940428241e-24, nan 
-4.875, -73.375, 3.1679128097141996e-24, nan 
-4.625, -73.375, 3.0748281774194334e-24, nan 
-4.375, -73.375, 2.0027403084706053e-24, nan 
-4.125, -73.375, 1.775555996376884e-24, nan 
-3.875, -73.375, 1.469472351801226e-24, nan 
-3.625, -73.375, 1.4759387469841269e-24, nan 
-3.375, -73.375, 3.340384490280853e-24, nan 
-3.125, -73.375, 5.409322505600985e-24, nan 
-2.875, -73.375, 6.635502022994224e-24, nan 
-2.625, -73.375, 4.422078136128475e-24, nan 
-2.375, -73.375, 1.976610335836429e-23, nan 
-2.125, -73.375, 2.5068529137060918e-23, nan 
-1.875, -73.375, 2.7451179580070255e-23, nan 
-1.625, -73.375, 1.5418592054854043e-23, nan 
-1.375, -73.375, 2.0845867230789004e-24, nan 
-1.125, -73.375, 1.2701488030388674e-24, nan 
-0.875, -73.375, 1.0680676405650454e-24, nan 
-0.625, -73.375, 1.2101670712026467e-24, nan 
-0.375, -73.375, 1.0586021173345432e-24, nan 
-0.125, -73.375, 1.0979208946802862e-24, nan 
0.125, -73.375, 1.2292184859483893e-24, nan 
0.375, -73.375, 9.404145737304699e-25, nan 
0.625, -73.375, 2.329541287648303e-24, nan 
0.875, -73.375, 1.7741053135555673e-24, nan 
1.125, -73.375, 3.2494427920872155e-24, nan 
1.375, -73.375, 5.95628883903964e-24, nan 
1.625, -73.375, 2.891554366496048e-24, nan 
1.875, -73.375, 3.189210145584261e-24, nan 
2.125, -73.375, 4.662741869839361e-24, nan 
2.375, -73.375, 4.17075587291221e-24, nan 
2.625, -73.375, 5.994494915790373e-24, nan 
2.875, -73.375, 7.789116497454783e-24, nan 
3.125, -73.375, 9.767512704881826e-24, nan 
3.375, -73.375, 1.2764347500054403e-23, nan 
3.625, -73.375, 1.0318582147081349e-23, nan 
3.875, -73.375, 1.2420871829531328e-23, nan 
4.125, -73.375, 8.231981642458039e-24, nan 
4.375, -73.375, 1.3039739643104031e-23, nan 
-43.125, -73.125, 8.1001577384227355e-25, nan 
-42.875, -73.125, 5.691045703742553e-25, nan 
-42.625, -73.125, 3.771604490324233e-25, nan 
-42.375, -73.125, 6.101133494945632e-25, nan 
-42.125, -73.125, 3.809010058895497e-25, nan 
-41.875, -73.125, 5.455668142050656e-25, nan 
-41.625, -73.125, 1.082981560856927e-24, nan 
-41.375, -73.125, 5.011061603608965e-25, nan 
-41.125, -73.125, 3.9836384397092023e-25, nan 
-40.875, -73.125, 9.594758692046347e-25, nan 
-40.625, -73.125, 6.335746270949639e-25, nan 
-40.375, -73.125, 1.2868282706733036e-24, nan 
-40.125, -73.125, 2.700818333818877e-24, nan 
-39.875, -73.125, 2.8664878415450974e-24, nan 
-39.625, -73.125, 2.056044083346565e-24, nan 
-39.375, -73.125, 3.767980748745593e-24, nan 
-39.125, -73.125, 3.009548063029281e-24, nan 
-38.875, -73.125, 2.5969579121488794e-24, nan 
-38.625, -73.125, 3.237921458341466e-24, nan 
-38.375, -73.125, 5.0347515368483976e-24, nan 
-38.125, -73.125, 5.601238210054699e-24, nan 
-37.875, -73.125, 5.2197162392729236e-24, nan 
-37.625, -73.125, 5.130313308213453e-24, nan 
-37.375, -73.125, 4.753079539745196e-24, nan 
-37.125, -73.125, 3.975980354858469e-24, nan 
-36.875, -73.125, 3.7885506622646565e-24, nan 
-36.625, -73.125, 5.6384961481039596e-24, nan 
-36.375, -73.125, 5.1237112673407964e-24, nan 
-36.125, -73.125, 7.150468150983912e-24, nan 
-35.875, -73.125, 7.40428443640808e-24, nan 
-35.625, -73.125, 8.133380172654674e-24, nan 
-35.375, -73.125, 8.49648692891499e-24, nan 
-35.125, -73.125, 8.518743554635443e-24, nan 
-34.875, -73.125, 9.949656383890155e-24, nan 
-34.625, -73.125, 2.279368993231672e-23, nan 
-34.375, -73.125, 2.7538603510436955e-23, nan 
-34.125, -73.125, 1.793925888599012e-23, nan 
-33.875, -73.125, 2.7225041222148033e-23, nan 
-33.625, -73.125, 2.810689049958328e-23, nan 
-33.375, -73.125, 1.7524195343653545e-23, nan 
-33.125, -73.125, 1.7723873013559406e-23, nan 
-32.875, -73.125, 1.8888863950605183e-23, nan 
-32.625, -73.125, 1.6609954232225258e-23, nan 
-32.375, -73.125, 2.748791682320741e-23, nan 
-32.125, -73.125, 2.0084592948939828e-23, nan 
-31.875, -73.125, 2.5969363138937548e-23, nan 
-31.625, -73.125, 2.6876676299333363e-23, nan 
-31.375, -73.125, 2.007849868365955e-23, nan 
-31.125, -73.125, 2.237719334669155e-23, nan 
-30.875, -73.125, 1.148934150389259e-23, nan 
-30.625, -73.125, 1.1001563536181197e-23, nan 
-30.375, -73.125, 8.11921028588638e-24, nan 
-30.125, -73.125, 7.01934139968612e-24, nan 
-29.875, -73.125, 6.79474422166466e-24, nan 
-29.625, -73.125, 6.5956424481851924e-24, nan 
-29.375, -73.125, 4.738443769418958e-24, nan 
-29.125, -73.125, 5.3006165096999594e-24, nan 
-28.875, -73.125, 2.7022029627779367e-24, nan 
-28.625, -73.125, 3.0630743306572013e-24, nan 
-28.375, -73.125, 2.754039720608829e-24, nan 
-28.125, -73.125, 6.89347789459045e-24, nan 
-27.875, -73.125, 6.067881364539919e-24, nan 
-27.625, -73.125, 5.932132879792339e-24, nan 
-27.375, -73.125, 7.822855763491418e-24, nan 
-27.125, -73.125, 8.597185030790857e-24, nan 
-26.875, -73.125, 8.386318334198312e-24, nan 
-26.625, -73.125, 6.647669868661957e-24, nan 
-26.375, -73.125, 8.461806811233958e-24, nan 
-26.125, -73.125, 1.2015768173324975e-23, nan 
-25.875, -73.125, 1.0029382077054098e-23, nan 
-25.625, -73.125, 7.66989590446322e-24, nan 
-25.375, -73.125, 1.0505317009447617e-23, nan 
-25.125, -73.125, 9.482926343441117e-24, nan 
-24.875, -73.125, 6.130007122628352e-24, nan 
-24.625, -73.125, 6.276458777789173e-24, nan 
-24.375, -73.125, 5.617385615658987e-24, nan 
-24.125, -73.125, 4.322537424344193e-24, nan 
-23.875, -73.125, 3.7850431525049176e-24, nan 
-23.625, -73.125, 5.971499988163092e-24, nan 
-23.375, -73.125, 7.128970134694287e-24, nan 
-23.125, -73.125, 5.6423382086464715e-24, nan 
-22.875, -73.125, 6.98788804425212e-24, nan 
-22.625, -73.125, 6.737135920320152e-24, nan 
-22.375, -73.125, 1.019268504327363e-23, nan 
-22.125, -73.125, 1.2438650970913889e-23, nan 
-21.875, -73.125, 1.1351584857388563e-23, nan 
-21.625, -73.125, 9.048844558900538e-24, nan 
-21.375, -73.125, 1.177648045978539e-23, nan 
-21.125, -73.125, 1.0833035930560332e-23, nan 
-20.875, -73.125, 6.034649135552932e-24, nan 
-20.625, -73.125, 5.823693358568369e-24, nan 
-20.375, -73.125, 5.039255531831977e-24, nan 
-20.125, -73.125, 6.031139840775377e-24, nan 
-19.875, -73.125, 7.653926202852366e-24, nan 
-19.625, -73.125, 6.0664773327221045e-24, nan 
-19.375, -73.125, 5.3393238358886104e-24, nan 
-19.125, -73.125, 5.0477235041256576e-24, nan 
-18.875, -73.125, 4.403650410977183e-24, nan 
-18.625, -73.125, 3.1531108105088877e-24, nan 
-18.375, -73.125, 3.455771138731298e-24, nan 
-18.125, -73.125, 2.2505228946307025e-24, nan 
-17.875, -73.125, 3.512034997059032e-24, nan 
-17.625, -73.125, 4.669480413916487e-24, nan 
-17.375, -73.125, 8.671881035450775e-24, nan 
-17.125, -73.125, 2.720535293480603e-23, nan 
-16.875, -73.125, 3.5347418190143673e-23, nan 
-16.625, -73.125, 2.7754705833408705e-23, nan 
-16.375, -73.125, 4.121518307158822e-23, nan 
-16.125, -73.125, 5.379068078004389e-23, nan 
-15.875, -73.125, 5.231835653576492e-23, nan 
-15.625, -73.125, 4.9221337515019815e-23, nan 
-15.375, -73.125, 2.6539855373415754e-23, nan 
-15.125, -73.125, 3.4604423065936416e-23, nan 
-14.875, -73.125, 3.1998599860643653e-23, nan 
-14.625, -73.125, 9.49931880751159e-24, nan 
-14.375, -73.125, 6.438593685775193e-24, nan 
-14.125, -73.125, 5.865662436202348e-24, nan 
-13.875, -73.125, 6.2153518884582294e-24, nan 
-13.625, -73.125, 1.0106351327911035e-23, nan 
-13.375, -73.125, 1.0376873482696291e-23, nan 
-13.125, -73.125, 1.1847815546719412e-23, nan 
-12.875, -73.125, 1.2964945349705614e-23, nan 
-12.625, -73.125, 1.1166025412586707e-23, nan 
-12.375, -73.125, 3.034451880522992e-24, nan 
-12.125, -73.125, 2.089072029651472e-24, nan 
-11.875, -73.125, 2.088713954063777e-24, nan 
-11.625, -73.125, 2.373963790741113e-24, nan 
-11.375, -73.125, 7.668702176358938e-24, nan 
-11.125, -73.125, 9.952783009333463e-24, nan 
-10.875, -73.125, 8.86703842667267e-24, nan 
-10.625, -73.125, 1.1990006697582287e-23, nan 
-10.375, -73.125, 1.8253054880879192e-23, nan 
-10.125, -73.125, 1.773293074927319e-23, nan 
-9.875, -73.125, 1.2146796732638437e-23, nan 
-9.625, -73.125, 1.1526964088042054e-23, nan 
-9.375, -73.125, 1.0455749909894519e-23, nan 
-9.125, -73.125, 1.2249351064991915e-23, nan 
-8.875, -73.125, 1.3112443485938228e-23, nan 
-8.625, -73.125, 1.4660776179890857e-23, nan 
-8.375, -73.125, 9.369949183892789e-24, nan 
-8.125, -73.125, 1.1992783885798652e-23, nan 
-7.875, -73.125, 1.6009464313421182e-23, nan 
-7.625, -73.125, 2.096600925613279e-23, nan 
-7.375, -73.125, 1.8269719672492075e-23, nan 
-7.125, -73.125, 2.4609706455185943e-23, nan 
-6.875, -73.125, 2.956294535568411e-23, nan 
-6.625, -73.125, 2.315597544301085e-23, nan 
-6.375, -73.125, 2.9997141572026887e-23, nan 
-6.125, -73.125, 2.775534196938729e-23, nan 
-5.875, -73.125, 2.906571533393328e-23, nan 
-5.625, -73.125, 2.45014170366913e-23, nan 
-5.375, -73.125, 2.3414549591949812e-23, nan 
-5.125, -73.125, 2.353175530676135e-23, nan 
-4.875, -73.125, 2.3561647446585383e-23, nan 
-4.625, -73.125, 5.489956147347554e-24, nan 
-4.375, -73.125, 4.9360580278816014e-24, nan 
-4.125, -73.125, 5.285333398155238e-24, nan 
-3.875, -73.125, 6.64581521907262e-24, nan 
-3.625, -73.125, 2.117157644692414e-23, nan 
-3.375, -73.125, 1.200864992795304e-23, nan 
-3.125, -73.125, 2.5718356946966784e-23, nan 
-2.875, -73.125, 3.3147322210047e-23, nan 
-2.625, -73.125, 4.1585250084954404e-23, nan 
-2.375, -73.125, 3.589459798558196e-23, nan 
-2.125, -73.125, 5.0689409438157325e-23, nan 
-1.875, -73.125, 5.598777863617167e-23, nan 
-1.625, -73.125, 2.940540047512871e-23, nan 
-1.375, -73.125, 4.186931069897971e-23, nan 
-1.125, -73.125, 4.0479249644629296e-23, nan 
-0.875, -73.125, 2.3454793107852474e-23, nan 
-0.625, -73.125, 3.060308640530335e-24, nan 
-0.375, -73.125, 2.224601013294077e-24, nan 
-0.125, -73.125, 1.5875803804004842e-24, nan 
0.125, -73.125, 2.228928755712982e-24, nan 
0.375, -73.125, 2.338078134417127e-24, nan 
0.625, -73.125, 1.4778233443926277e-24, nan 
0.875, -73.125, 1.1606629581229994e-24, nan 
1.125, -73.125, 1.8895829253946325e-24, nan 
1.375, -73.125, 2.1580279091869966e-24, nan 
1.625, -73.125, 1.8420011783513787e-24, nan 
1.875, -73.125, 2.1925709809074203e-24, nan 
2.125, -73.125, 2.401414481552631e-24, nan 
2.375, -73.125, 2.5120214427279842e-24, nan 
2.625, -73.125, 2.637089773460127e-24, nan 
2.875, -73.125, 3.641360123691598e-24, nan 
3.125, -73.125, 7.455205675306755e-24, nan 
3.375, -73.125, 7.458018412932035e-24, nan 
3.625, -73.125, 1.2309880213237967e-23, nan 
3.875, -73.125, 1.1868306458694548e-23, nan 
4.125, -73.125, 8.794173699993383e-24, nan 
4.375, -73.125, 1.447618981059783e-23, nan 
4.625, -73.125, 1.2237854577363411e-23, nan 
-42.875, -72.875, 8.574220229892695e-25, nan 
-42.625, -72.875, 8.819820126258013e-25, nan 
-42.375, -72.875, 1.579664978504166e-24, nan 
-42.125, -72.875, 5.747549870860498e-25, nan 
-41.875, -72.875, 1.5155285414578757e-24, nan 
-41.625, -72.875, 1.6505903206063641e-24, nan 
-41.375, -72.875, 7.527144622035112e-25, nan 
-41.125, -72.875, 8.984440994519145e-25, nan 
-40.875, -72.875, 1.2710644015959266e-24, nan 
-40.625, -72.875, 1.4219853392721774e-24, nan 
-40.375, -72.875, 1.8981414168384762e-24, nan 
-40.125, -72.875, 1.8518231112718885e-24, nan 
-39.875, -72.875, 2.9950080352640295e-24, nan 
-39.625, -72.875, 2.6790980794407325e-24, nan 
-39.375, -72.875, 2.3261869557580067e-24, nan 
-39.125, -72.875, 3.0141878447875958e-24, nan 
-38.875, -72.875, 4.540547656707064e-24, nan 
-38.625, -72.875, 6.3301002282709655e-24, nan 
-38.375, -72.875, 5.427511365144053e-24, nan 
-38.125, -72.875, 5.341804000240464e-24, nan 
-37.875, -72.875, 7.50371637478554e-24, nan 
-37.625, -72.875, 4.791030031444812e-24, nan 
-37.375, -72.875, 4.409706064150573e-24, nan 
-37.125, -72.875, 5.344585767572788e-24, nan 
-36.875, -72.875, 6.723482023095948e-24, nan 
-36.625, -72.875, 7.215425991619083e-24, nan 
-36.375, -72.875, 6.958470948585962e-24, nan 
-36.125, -72.875, 8.16980392945645e-24, nan 
-35.875, -72.875, 6.668437191483034e-24, nan 
-35.625, -72.875, 7.286781506259287e-24, nan 
-35.375, -72.875, 1.7423437634944845e-23, nan 
-35.125, -72.875, 1.985793751537823e-23, nan 
-34.875, -72.875, 1.55380546095596e-23, nan 
-34.625, -72.875, 2.2739834424502646e-23, nan 
-34.375, -72.875, 2.689868346607126e-23, nan 
-34.125, -72.875, 1.7714691506843335e-23, nan 
-33.875, -72.875, 2.043675911250241e-24, nan 
-33.625, -72.875, 2.5334348816386165e-24, nan 
-33.375, -72.875, 7.66163841557596e-24, nan 
-33.125, -72.875, 7.650499034214042e-24, nan 
-32.875, -72.875, 4.1953482827934556e-24, nan 
-32.625, -72.875, 8.945046906133792e-24, nan 
-32.375, -72.875, 2.807563041146123e-24, nan 
-32.125, -72.875, 1.1269465760671063e-23, nan 
-31.875, -72.875, 5.7224754110269956e-24, nan 
-31.625, -72.875, 2.0655795583860835e-23, nan 
-31.375, -72.875, 2.170380785070825e-23, nan 
-31.125, -72.875, 2.04297760868516e-23, nan 
-30.875, -72.875, 1.701229887558935e-23, nan 
-30.625, -72.875, 1.4846964052089495e-23, nan 
-30.375, -72.875, 1.3992331309234875e-23, nan 
-30.125, -72.875, 1.244994239532656e-23, nan 
-29.875, -72.875, 4.3951974092869395e-24, nan 
-29.625, -72.875, 5.046961275259522e-24, nan 
-29.375, -72.875, 4.401251237251478e-24, nan 
-29.125, -72.875, 3.1739391351271344e-24, nan 
-28.875, -72.875, 3.087260281554709e-24, nan 
-28.625, -72.875, 2.99620393580588e-24, nan 
-28.375, -72.875, 3.152492090635579e-24, nan 
-28.125, -72.875, 3.729939209198827e-24, nan 
-27.875, -72.875, 4.645008037663403e-24, nan 
-27.625, -72.875, 5.643286657995937e-24, nan 
-27.375, -72.875, 8.313650224286279e-24, nan 
-27.125, -72.875, 4.961576347070879e-24, nan 
-26.875, -72.875, 5.941059065501469e-24, nan 
-26.625, -72.875, 9.695708186867314e-24, nan 
-26.375, -72.875, 5.0480555988694884e-24, nan 
-26.125, -72.875, 8.050348910851386e-24, nan 
-25.875, -72.875, 8.953494900084678e-24, nan 
-25.625, -72.875, 3.9200431887688354e-24, nan 
-25.375, -72.875, 4.0725203034632954e-24, nan 
-25.125, -72.875, 5.15507774952814e-24, nan 
-24.875, -72.875, 6.085478798558755e-24, nan 
-24.625, -72.875, 6.125217687830131e-24, nan 
-24.375, -72.875, 5.529422444679382e-24, nan 
-24.125, -72.875, 5.7797865784632636e-24, nan 
-23.875, -72.875, 4.8246604740168084e-24, nan 
-23.625, -72.875, 4.461159109446211e-24, nan 
-23.375, -72.875, 4.79824879012485e-24, nan 
-23.125, -72.875, 1.460900061919472e-24, nan 
-22.875, -72.875, 2.8420551814530075e-24, nan 
-22.625, -72.875, 3.32282255571157e-24, nan 
-22.375, -72.875, 2.2076634045167524e-24, nan 
-22.125, -72.875, 4.200691153480544e-24, nan 
-21.875, -72.875, 1.3394787460420285e-23, nan 
-21.625, -72.875, 1.46271219978697e-23, nan 
-21.375, -72.875, 1.4109148347512764e-23, nan 
-21.125, -72.875, 1.3924008362814634e-23, nan 
-20.875, -72.875, 1.4796576928321925e-23, nan 
-20.625, -72.875, 1.530611205769834e-23, nan 
-20.375, -72.875, 7.656765804838517e-24, nan 
-20.125, -72.875, 4.1917827634050526e-24, nan 
-19.875, -72.875, 4.1822321778014234e-24, nan 
-19.625, -72.875, 4.2092565008848476e-24, nan 
-19.375, -72.875, 4.727688717510577e-24, nan 
-19.125, -72.875, 6.344174328572693e-24, nan 
-18.875, -72.875, 8.881087744164551e-24, nan 
-18.625, -72.875, 6.431033564422102e-24, nan 
-18.375, -72.875, 4.455115971782188e-24, nan 
-18.125, -72.875, 1.801958676827679e-24, nan 
-17.875, -72.875, 1.6156392022809192e-24, nan 
-17.625, -72.875, 2.6531167958579165e-24, nan 
-17.375, -72.875, 2.182365330602032e-24, nan 
-17.125, -72.875, 2.877035782114802e-24, nan 
-16.875, -72.875, 4.808109738208553e-24, nan 
-16.625, -72.875, 8.790396899846162e-24, nan 
-16.375, -72.875, 2.4544221325500792e-23, nan 
-16.125, -72.875, 2.8576829130527936e-23, nan 
-15.875, -72.875, 3.090120707630356e-23, nan 
-15.625, -72.875, 2.976619460206677e-23, nan 
-15.375, -72.875, 7.809132635387815e-24, nan 
-15.125, -72.875, 5.54785848236517e-24, nan 
-14.875, -72.875, 5.0350557831381636e-24, nan 
-14.625, -72.875, 5.06008830588745e-24, nan 
-14.375, -72.875, 3.820234217568478e-24, nan 
-14.125, -72.875, 2.414890034413833e-24, nan 
-13.875, -72.875, 1.6538878553327476e-24, nan 
-13.625, -72.875, 2.0783298043407857e-24, nan 
-13.375, -72.875, 2.699926197388944e-24, nan 
-13.125, -72.875, 2.7141673526154666e-24, nan 
-12.875, -72.875, 6.889983243743909e-24, nan 
-12.625, -72.875, 8.627748596753541e-24, nan 
-12.375, -72.875, 1.6420502799228812e-24, nan 
-12.125, -72.875, 4.175480323062746e-24, nan 
-11.875, -72.875, 7.00069219157657e-24, nan 
-11.625, -72.875, 6.553347557363993e-24, nan 
-11.375, -72.875, 6.4727758421273504e-24, nan 
-11.125, -72.875, 3.5069524132377694e-24, nan 
-10.875, -72.875, 1.3983653254811833e-24, nan 
-10.625, -72.875, 6.169288727742968e-24, nan 
-10.375, -72.875, 8.241898119687217e-24, nan 
-10.125, -72.875, 8.115820196036138e-24, nan 
-9.875, -72.875, 9.545658155887369e-24, nan 
-9.625, -72.875, 5.6636467054724646e-24, nan 
-9.375, -72.875, 3.275744426339145e-24, nan 
-9.125, -72.875, 1.5568304733173007e-23, nan 
-8.875, -72.875, 1.424949652226103e-23, nan 
-8.625, -72.875, 2.811982510689629e-23, nan 
-8.375, -72.875, 2.0604058222659514e-23, nan 
-8.125, -72.875, 1.8963991592384066e-23, nan 
-7.875, -72.875, 2.799830330014885e-23, nan 
-7.625, -72.875, 1.860704570319698e-23, nan 
-7.375, -72.875, 1.6588234017010544e-23, nan 
-7.125, -72.875, 1.1516514366189546e-23, nan 
-6.875, -72.875, 2.6258639295799557e-23, nan 
-6.625, -72.875, 2.1752324618739096e-23, nan 
-6.375, -72.875, 2.791702785213643e-23, nan 
-6.125, -72.875, 2.9904921887785073e-23, nan 
-5.875, -72.875, 3.051345430414218e-23, nan 
-5.625, -72.875, 2.59852564607112e-23, nan 
-5.375, -72.875, 3.4570473889828064e-23, nan 
-5.125, -72.875, 3.585829022941137e-23, nan 
-4.875, -72.875, 3.62687624516087e-23, nan 
-4.625, -72.875, 3.490042173380536e-23, nan 
-4.375, -72.875, 4.333619450092101e-23, nan 
-4.125, -72.875, 3.064019510834634e-23, nan 
-3.875, -72.875, 5.4803812474583134e-24, nan 
-3.625, -72.875, 3.7068578646792547e-23, nan 
-3.375, -72.875, 2.6440786125572843e-23, nan 
-3.125, -72.875, 4.8833181988910705e-23, nan 
-2.875, -72.875, 4.4912106163864383e-23, nan 
-2.625, -72.875, 3.4056072555309566e-23, nan 
-2.375, -72.875, 4.157419399619245e-23, nan 
-2.125, -72.875, 3.570499853783115e-23, nan 
-1.875, -72.875, 1.991306118381048e-23, nan 
-1.625, -72.875, 2.8636639776959136e-23, nan 
-1.375, -72.875, 4.74644628566712e-23, nan 
-1.125, -72.875, 4.0729640161515316e-23, nan 
-0.875, -72.875, 3.1893894464547116e-23, nan 
-0.625, -72.875, 3.6203074547259285e-23, nan 
-0.375, -72.875, 2.998568155691136e-23, nan 
-0.125, -72.875, 1.899631455699331e-23, nan 
0.125, -72.875, 4.5354740731300464e-24, nan 
0.375, -72.875, 2.822922398343332e-24, nan 
0.625, -72.875, 2.0202689730751254e-24, nan 
0.875, -72.875, 1.2126202385792082e-24, nan 
1.125, -72.875, 8.789805966472579e-25, nan 
1.375, -72.875, 9.081615830893043e-25, nan 
1.625, -72.875, 6.176153881710194e-25, nan 
1.875, -72.875, 1.2134543532777848e-24, nan 
2.125, -72.875, 1.8037582309794005e-24, nan 
2.375, -72.875, 1.97988716651411e-24, nan 
2.625, -72.875, 2.2662969903146893e-24, nan 
2.875, -72.875, 2.7752825553155645e-24, nan 
3.125, -72.875, 3.837371486636631e-24, nan 
3.375, -72.875, 7.0713816900263e-24, nan 
3.625, -72.875, 9.555440101971805e-24, nan 
3.875, -72.875, 1.3853157740957732e-23, nan 
4.125, -72.875, 1.5883619335446495e-23, nan 
4.375, -72.875, 1.6396495508184625e-23, nan 
4.625, -72.875, 1.339055045884993e-23, nan 
4.875, -72.875, 1.9683002274451378e-23, nan 
-42.375, -72.625, 2.9872057401191683e-24, nan 
-42.125, -72.625, 4.438814577548758e-24, nan 
-41.875, -72.625, 3.197492824527807e-24, nan 
-41.625, -72.625, 2.3539761163046136e-24, nan 
-41.375, -72.625, 2.3741148887397916e-24, nan 
-41.125, -72.625, 3.9876597627253464e-24, nan 
-40.875, -72.625, 3.3574752749467324e-24, nan 
-40.625, -72.625, 5.187739836168606e-24, nan 
-40.375, -72.625, 3.989380108859654e-24, nan 
-40.125, -72.625, 3.216155202696611e-24, nan 
-39.875, -72.625, 4.030972048275517e-24, nan 
-39.625, -72.625, 3.182357242071708e-24, nan 
-39.375, -72.625, 3.6615683571074444e-24, nan 
-39.125, -72.625, 4.5242459636129495e-24, nan 
-38.875, -72.625, 4.061877767869361e-24, nan 
-38.625, -72.625, 3.631018774064576e-24, nan 
-38.375, -72.625, 5.476377769275024e-24, nan 
-38.125, -72.625, 5.392036730275854e-24, nan 
-37.875, -72.625, 5.809364693319061e-24, nan 
-37.625, -72.625, 5.607137620293429e-24, nan 
-37.375, -72.625, 5.994244361365812e-24, nan 
-37.125, -72.625, 8.054878442091422e-24, nan 
-36.875, -72.625, 1.0500457389722775e-23, nan 
-36.625, -72.625, 6.951273314043658e-24, nan 
-36.375, -72.625, 9.124930885737184e-24, nan 
-36.125, -72.625, 1.3270638448287022e-23, nan 
-35.875, -72.625, 1.0969294515685329e-23, nan 
-35.625, -72.625, 1.5127371781369806e-23, nan 
-35.375, -72.625, 1.5953622106779835e-23, nan 
-35.125, -72.625, 1.3252973881480725e-23, nan 
-34.875, -72.625, 1.6066424904976582e-23, nan 
-34.625, -72.625, 1.5577031143800886e-23, nan 
-34.375, -72.625, 7.116247896667997e-24, nan 
-34.125, -72.625, 1.809354652794333e-24, nan 
-33.875, -72.625, 2.4802349387993837e-24, nan 
-33.625, -72.625, 2.569491319647869e-24, nan 
-33.375, -72.625, 1.966875068229777e-24, nan 
-33.125, -72.625, 2.004879316388698e-24, nan 
-32.875, -72.625, 1.63090381527148e-24, nan 
-32.625, -72.625, 1.3793330226222576e-24, nan 
-32.375, -72.625, 1.2088748614078284e-24, nan 
-32.125, -72.625, 1.6841418691789023e-24, nan 
-31.875, -72.625, 1.2295875310743067e-24, nan 
-31.625, -72.625, 4.4470197806331895e-24, nan 
-31.375, -72.625, 1.259790663881384e-23, nan 
-31.125, -72.625, 1.8748977937385545e-23, nan 
-30.875, -72.625, 1.7713513199058036e-23, nan 
-30.625, -72.625, 1.7682932708163117e-23, nan 
-30.375, -72.625, 1.9514254624734158e-23, nan 
-30.125, -72.625, 1.7107695560591074e-23, nan 
-29.875, -72.625, 8.633571158517041e-24, nan 
-29.625, -72.625, 2.1555928691521716e-24, nan 
-29.375, -72.625, 2.9641426478198944e-24, nan 
-29.125, -72.625, 2.687052195173117e-24, nan 
-28.875, -72.625, 3.237640251072213e-24, nan 
-28.625, -72.625, 4.151308084774931e-24, nan 
-28.375, -72.625, 3.2522696734388236e-24, nan 
-28.125, -72.625, 4.2635404641673074e-24, nan 
-27.875, -72.625, 5.5848551724420986e-24, nan 
-27.625, -72.625, 4.607795209426619e-24, nan 
-27.375, -72.625, 4.636767084217838e-24, nan 
-27.125, -72.625, 4.01498174089662e-24, nan 
-26.875, -72.625, 8.404380640760198e-24, nan 
-26.625, -72.625, 9.998745932782696e-24, nan 
-26.375, -72.625, 8.762754256179947e-24, nan 
-26.125, -72.625, 9.696670303886415e-24, nan 
-25.875, -72.625, 1.0614945519439072e-23, nan 
-25.625, -72.625, 5.317109196986782e-24, nan 
-25.375, -72.625, 5.107160168603163e-24, nan 
-25.125, -72.625, 4.981703111017658e-24, nan 
-24.875, -72.625, 5.2819109054774626e-24, nan 
-24.625, -72.625, 5.8356686821701995e-24, nan 
-24.375, -72.625, 4.158382270683331e-24, nan 
-24.125, -72.625, 3.5000787467447e-24, nan 
-23.875, -72.625, 3.3240261305506645e-24, nan 
-23.625, -72.625, 4.261693100900652e-24, nan 
-23.375, -72.625, 3.757875394588719e-24, nan 
-23.125, -72.625, 3.553909490881387e-24, nan 
-22.875, -72.625, 3.039612811295389e-24, nan 
-22.625, -72.625, 2.844964862320389e-24, nan 
-22.375, -72.625, 3.2126762466276088e-24, nan 
-22.125, -72.625, 3.6970839439410635e-24, nan 
-21.875, -72.625, 6.13503515976992e-24, nan 
-21.625, -72.625, 1.718031359550239e-23, nan 
-21.375, -72.625, 2.0143619849830836e-23, nan 
-21.125, -72.625, 1.8424038998930873e-23, nan 
-20.875, -72.625, 1.832752298282524e-23, nan 
-20.625, -72.625, 2.2884258686237094e-23, nan 
-20.375, -72.625, 1.734497036703989e-23, nan 
-20.125, -72.625, 4.707418832201321e-24, nan 
-19.875, -72.625, 9.648095248271081e-24, nan 
-19.625, -72.625, 8.580489081159702e-24, nan 
-19.375, -72.625, 6.203066190918291e-24, nan 
-19.125, -72.625, 7.925355109676408e-24, nan 
-18.875, -72.625, 1.296439041134856e-23, nan 
-18.625, -72.625, 8.32116764019646e-24, nan 
-18.375, -72.625, 7.265221028910508e-24, nan 
-18.125, -72.625, 9.758765629315516e-24, nan 
-17.875, -72.625, 6.2047580121126206e-24, nan 
-17.625, -72.625, 4.639714057745303e-24, nan 
-17.375, -72.625, 2.7209611559691763e-24, nan 
-17.125, -72.625, 2.9583135110556726e-24, nan 
-16.875, -72.625, 5.0741074583883184e-24, nan 
-16.625, -72.625, 3.5975121371660314e-24, nan 
-16.375, -72.625, 3.478170246962815e-24, nan 
-16.125, -72.625, 2.6414598176688626e-24, nan 
-15.875, -72.625, 3.766130496971551e-24, nan 
-15.625, -72.625, 3.320666843845099e-24, nan 
-15.375, -72.625, 3.219640736944305e-24, nan 
-15.125, -72.625, 3.177691431106267e-24, nan 
-14.875, -72.625, 2.1533238633270295e-24, nan 
-14.625, -72.625, 2.052453118983059e-24, nan 
-14.375, -72.625, 1.8044778049475663e-24, nan 
-14.125, -72.625, 3.633483444498743e-24, nan 
-13.875, -72.625, 2.212178027540642e-24, nan 
-13.625, -72.625, 7.02882253791422e-24, nan 
-13.375, -72.625, 7.94349845807612e-24, nan 
-13.125, -72.625, 3.613622601136809e-24, nan 
-12.875, -72.625, 1.1985650548334146e-23, nan 
-12.625, -72.625, 1.3084656765383864e-23, nan 
-12.375, -72.625, 7.846428081635287e-24, nan 
-12.125, -72.625, 6.106352304622282e-24, nan 
-11.875, -72.625, 9.808911378491966e-24, nan 
-11.625, -72.625, 1.3727207389386633e-23, nan 
-11.375, -72.625, 1.1321049913672855e-23, nan 
-11.125, -72.625, 8.387503439813484e-24, nan 
-10.875, -72.625, 8.197265404584427e-24, nan 
-10.625, -72.625, 7.699137129794779e-24, nan 
-10.375, -72.625, 4.769691223227471e-24, nan 
-10.125, -72.625, 2.8190678938615363e-24, nan 
-9.875, -72.625, 7.242345620142524e-24, nan 
-9.625, -72.625, 8.186154404157883e-24, nan 
-9.375, -72.625, 1.1378181144456132e-23, nan 
-9.125, -72.625, 1.8270069582806513e-23, nan 
-8.875, -72.625, 2.77304614134628e-23, nan 
-8.625, -72.625, 2.632408686781641e-23, nan 
-8.375, -72.625, 1.9151792924176418e-23, nan 
-8.125, -72.625, 2.274698681664231e-23, nan 
-7.875, -72.625, 1.8879419294241405e-23, nan 
-7.625, -72.625, 1.4129429994330948e-23, nan 
-7.375, -72.625, 2.2044156917796702e-24, nan 
-7.125, -72.625, 2.131581244596161e-24, nan 
-6.875, -72.625, 2.9290047887678724e-24, nan 
-6.625, -72.625, 2.8298109977877004e-24, nan 
-6.375, -72.625, 2.4890324330408288e-24, nan 
-6.125, -72.625, 3.515117525255828e-24, nan 
-5.875, -72.625, 3.971476448382312e-24, nan 
-5.625, -72.625, 1.2622237409331258e-24, nan 
-5.375, -72.625, 1.714148100621207e-24, nan 
-5.125, -72.625, 1.4402111123600898e-24, nan 
-4.875, -72.625, 2.7023720366825657e-23, nan 
-4.625, -72.625, 3.9042787470896665e-23, nan 
-4.375, -72.625, 4.0023761869452454e-23, nan 
-4.125, -72.625, 4.424423688516526e-23, nan 
-3.875, -72.625, 5.410852981322075e-23, nan 
-3.625, -72.625, 5.025835382297504e-23, nan 
-3.375, -72.625, 3.965012809613056e-23, nan 
-3.125, -72.625, 5.877509261907832e-23, nan 
-2.875, -72.625, 5.676686675151721e-23, nan 
-2.625, -72.625, 3.7500999115587716e-23, nan 
-2.375, -72.625, 2.9860460445785496e-23, nan 
-2.125, -72.625, 1.4019449729560107e-23, nan 
-1.875, -72.625, 1.820546599769235e-23, nan 
-1.625, -72.625, 1.8984101170748278e-23, nan 
-1.375, -72.625, 2.5299970035792664e-23, nan 
-1.125, -72.625, 2.5184550715669214e-23, nan 
-0.875, -72.625, 2.3955784827543374e-23, nan 
-0.625, -72.625, 2.456166108869689e-23, nan 
-0.375, -72.625, 1.9012536302412988e-23, nan 
-0.125, -72.625, 2.2577246169399338e-23, nan 
0.125, -72.625, 1.334614665303509e-23, nan 
0.375, -72.625, 7.352464154783088e-24, nan 
0.625, -72.625, 4.304465913604706e-24, nan 
0.875, -72.625, 3.721605895085103e-24, nan 
1.125, -72.625, 1.8025533126886296e-24, nan 
1.375, -72.625, 1.9593520715282314e-24, nan 
1.625, -72.625, 3.309867119454325e-24, nan 
1.875, -72.625, 1.4554480161076114e-24, nan 
2.125, -72.625, 2.202988663687469e-24, nan 
2.375, -72.625, 2.3958740183328508e-24, nan 
2.625, -72.625, 2.3925490316955403e-24, nan 
2.875, -72.625, 2.573310710280594e-24, nan 
3.125, -72.625, 3.136376956653219e-24, nan 
3.375, -72.625, 3.487613329115049e-24, nan 
3.625, -72.625, 4.052323016849304e-24, nan 
3.875, -72.625, 1.2609638668660975e-23, nan 
4.125, -72.625, 1.504679412281085e-23, nan 
4.375, -72.625, 1.7058330634906524e-23, nan 
4.625, -72.625, 2.043006310014408e-23, nan 
4.875, -72.625, 2.2979744807314003e-23, nan 
-41.875, -72.375, 6.290524882591961e-24, nan 
-41.625, -72.375, 7.630106560274513e-24, nan 
-41.375, -72.375, 8.744660104793396e-24, nan 
-41.125, -72.375, 8.049712586213263e-24, nan 
-40.875, -72.375, 8.165609714683305e-24, nan 
-40.625, -72.375, 6.867607136473801e-24, nan 
-40.375, -72.375, 4.931372774893286e-24, nan 
-40.125, -72.375, 5.641888117809602e-24, nan 
-39.875, -72.375, 5.835821965821691e-24, nan 
-39.625, -72.375, 4.527752023897044e-24, nan 
-39.375, -72.375, 5.8576047404545024e-24, nan 
-39.125, -72.375, 6.664618619131423e-24, nan 
-38.875, -72.375, 4.666051204050726e-24, nan 
-38.625, -72.375, 8.521917607086243e-24, nan 
-38.375, -72.375, 9.545072570624791e-24, nan 
-38.125, -72.375, 5.3292433269573925e-24, nan 
-37.875, -72.375, 6.718877694945089e-24, nan 
-37.625, -72.375, 6.785124701458e-24, nan 
-37.375, -72.375, 4.314156121680786e-24, nan 
-37.125, -72.375, 6.380036531644563e-24, nan 
-36.875, -72.375, 5.914553117699533e-24, nan 
-36.625, -72.375, 4.742123938288127e-24, nan 
-36.375, -72.375, 6.501663860141706e-24, nan 
-36.125, -72.375, 1.0190701468467753e-23, nan 
-35.875, -72.375, 6.820901836642902e-24, nan 
-35.625, -72.375, 1.0216410867806211e-23, nan 
-35.375, -72.375, 1.3095166870563531e-23, nan 
-35.125, -72.375, 7.966418162654954e-24, nan 
-34.875, -72.375, 9.08412743431041e-24, nan 
-34.625, -72.375, 1.1889998396570749e-23, nan 
-34.375, -72.375, 8.469029776056036e-24, nan 
-34.125, -72.375, 4.342890190255287e-24, nan 
-33.875, -72.375, 3.771382482279852e-24, nan 
-33.625, -72.375, 2.8701651546149115e-24, nan 
-33.375, -72.375, 2.0824592010762695e-24, nan 
-33.125, -72.375, 1.66127955989692e-24, nan 
-32.875, -72.375, 1.9774172833212612e-24, nan 
-32.625, -72.375, 4.0711106436567106e-24, nan 
-32.375, -72.375, 2.450425086211201e-24, nan 
-32.125, -72.375, 2.6020003989425245e-24, nan 
-31.875, -72.375, 3.2024962877802346e-24, nan 
-31.625, -72.375, 4.007013695451107e-24, nan 
-31.375, -72.375, 2.697779100796188e-24, nan 
-31.125, -72.375, 1.0934880132123828e-23, nan 
-30.875, -72.375, 1.6532078463866335e-23, nan 
-30.625, -72.375, 2.5468983251446573e-23, nan 
-30.375, -72.375, 1.7885443795308388e-23, nan 
-30.125, -72.375, 1.7593515965067207e-23, nan 
-29.875, -72.375, 1.914665196529351e-23, nan 
-29.625, -72.375, 1.1820935856672614e-23, nan 
-29.375, -72.375, 6.858688072326338e-24, nan 
-29.125, -72.375, 9.06795654092323e-24, nan 
-28.875, -72.375, 4.7727578915880435e-24, nan 
-28.625, -72.375, 3.538242881547884e-24, nan 
-28.375, -72.375, 1.8381603444121027e-24, nan 
-28.125, -72.375, 1.1916704273565806e-24, nan 
-27.875, -72.375, 2.1419007099247647e-24, nan 
-27.625, -72.375, 1.3676802253850362e-24, nan 
-27.375, -72.375, 3.707824047404225e-24, nan 
-27.125, -72.375, 6.091906887150264e-24, nan 
-26.875, -72.375, 1.97565049722759e-24, nan 
-26.625, -72.375, 1.2323377329809447e-23, nan 
-26.375, -72.375, 1.7767918166669303e-23, nan 
-26.125, -72.375, 1.120101873976087e-23, nan 
-25.875, -72.375, 1.9294905457697292e-23, nan 
-25.625, -72.375, 1.7888850063596613e-23, nan 
-25.375, -72.375, 1.0198913447510227e-23, nan 
-25.125, -72.375, 4.01905949848956e-24, nan 
-24.875, -72.375, 4.831303274979735e-24, nan 
-24.625, -72.375, 4.0888753220795416e-24, nan 
-24.375, -72.375, 5.355974739450354e-24, nan 
-24.125, -72.375, 6.989433346116988e-24, nan 
-23.875, -72.375, 6.684012514688796e-24, nan 
-23.625, -72.375, 4.2783104973640305e-24, nan 
-23.375, -72.375, 3.900753917969788e-24, nan 
-23.125, -72.375, 4.383384877815725e-24, nan 
-22.875, -72.375, 3.368695244264058e-24, nan 
-22.625, -72.375, 3.2274405688093523e-24, nan 
-22.375, -72.375, 6.05893834298454e-24, nan 
-22.125, -72.375, 9.979220344177733e-24, nan 
-21.875, -72.375, 2.102868564000374e-23, nan 
-21.625, -72.375, 2.6324818285809325e-23, nan 
-21.375, -72.375, 2.4890478727371702e-23, nan 
-21.125, -72.375, 1.7566265775709277e-23, nan 
-20.875, -72.375, 2.177444680291865e-23, nan 
-20.625, -72.375, 1.9084250619585167e-23, nan 
-20.375, -72.375, 6.488018852101479e-24, nan 
-20.125, -72.375, 1.0392435895144179e-23, nan 
-19.875, -72.375, 9.219467040974007e-24, nan 
-19.625, -72.375, 7.24125352599259e-24, nan 
-19.375, -72.375, 7.951493713353642e-24, nan 
-19.125, -72.375, 6.001987599422381e-24, nan 
-18.875, -72.375, 7.041618749326318e-24, nan 
-18.625, -72.375, 8.905528495030075e-24, nan 
-18.375, -72.375, 8.676208198037045e-24, nan 
-18.125, -72.375, 9.601033646738461e-24, nan 
-17.875, -72.375, 8.183558818113519e-24, nan 
-17.625, -72.375, 7.363800147597305e-24, nan 
-17.375, -72.375, 6.2948342575645655e-24, nan 
-17.125, -72.375, 3.372727900346664e-24, nan 
-16.875, -72.375, 3.1059728356515124e-24, nan 
-16.625, -72.375, 1.9100520122181655e-24, nan 
-16.375, -72.375, 1.2832280083212827e-24, nan 
-16.125, -72.375, 1.4340076776066646e-24, nan 
-15.875, -72.375, 1.6269248392310517e-24, nan 
-15.625, -72.375, 1.429745227799237e-24, nan 
-15.375, -72.375, 1.0164472348256806e-24, nan 
-15.125, -72.375, 1.1392744168453922e-24, nan 
-14.875, -72.375, 1.0182546152925065e-24, nan 
-14.625, -72.375, 1.1312721606378549e-24, nan 
-14.375, -72.375, 1.4050733131789881e-24, nan 
-14.125, -72.375, 1.4857030689852e-24, nan 
-13.875, -72.375, 1.4131280688943745e-24, nan 
-13.625, -72.375, 1.4163794981090339e-24, nan 
-13.375, -72.375, 3.361344903119955e-24, nan 
-13.125, -72.375, 2.0143904537479867e-24, nan 
-12.875, -72.375, 1.0036416759430691e-23, nan 
-12.625, -72.375, 1.2685995295298953e-23, nan 
-12.375, -72.375, 1.3650945658275005e-23, nan 
-12.125, -72.375, 1.304802561500041e-23, nan 
-11.875, -72.375, 9.778571901609546e-24, nan 
-11.625, -72.375, 1.871507360840602e-23, nan 
-11.375, -72.375, 1.683224436071588e-23, nan 
-11.125, -72.375, 1.1048531100695141e-23, nan 
-10.875, -72.375, 1.5255630631689e-23, nan 
-10.625, -72.375, 1.4549900931263105e-23, nan 
-10.375, -72.375, 8.114508276644828e-24, nan 
-10.125, -72.375, 1.1871359401254345e-23, nan 
-9.875, -72.375, 2.2545072877375853e-23, nan 
-9.625, -72.375, 2.3713946111286625e-23, nan 
-9.375, -72.375, 2.2906078216905884e-23, nan 
-9.125, -72.375, 3.2984271677689985e-23, nan 
-8.875, -72.375, 3.0603806141999594e-23, nan 
-8.625, -72.375, 2.2437364206317768e-23, nan 
-8.375, -72.375, 1.1728411512296546e-23, nan 
-8.125, -72.375, 2.0776059084536875e-24, nan 
-7.875, -72.375, 2.9822098411844235e-24, nan 
-7.625, -72.375, 3.2651124530471202e-24, nan 
-7.375, -72.375, 2.685244895124772e-24, nan 
-7.125, -72.375, 1.8012128994254532e-24, nan 
-6.875, -72.375, 2.552746757354484e-24, nan 
-6.625, -72.375, 2.5425456785546397e-24, nan 
-6.375, -72.375, 1.3470197698537418e-24, nan 
-6.125, -72.375, 1.1146437005106059e-24, nan 
-5.875, -72.375, 2.0914372347095317e-24, nan 
-5.625, -72.375, 3.085471412828959e-24, nan 
-5.375, -72.375, 1.059906232608774e-23, nan 
-5.125, -72.375, 3.4949993987535635e-23, nan 
-4.875, -72.375, 3.3270716742781256e-23, nan 
-4.625, -72.375, 3.1750516607643254e-23, nan 
-4.375, -72.375, 3.9461368578312535e-23, nan 
-4.125, -72.375, 4.658106451247529e-23, nan 
-3.875, -72.375, 4.4467325513639886e-23, nan 
-3.625, -72.375, 2.9813746629223766e-23, nan 
-3.375, -72.375, 3.839332900501516e-23, nan 
-3.125, -72.375, 4.2276831384270697e-23, nan 
-2.875, -72.375, 4.139376692101126e-23, nan 
-2.625, -72.375, 4.400560217528981e-23, nan 
-2.375, -72.375, 3.937411392197825e-23, nan 
-2.125, -72.375, 3.6261047999908994e-23, nan 
-1.875, -72.375, 3.7918525621788645e-23, nan 
-1.625, -72.375, 3.0367476494110026e-23, nan 
-1.375, -72.375, 2.684085527725709e-23, nan 
-1.125, -72.375, 3.186644159665619e-23, nan 
-0.875, -72.375, 2.941669969248657e-23, nan 
-0.625, -72.375, 1.2310350879807856e-23, nan 
-0.375, -72.375, 1.1681184516719073e-23, nan 
-0.125, -72.375, 2.8029667944834005e-23, nan 
0.125, -72.375, 1.229310912745849e-23, nan 
0.375, -72.375, 1.2506774110421438e-23, nan 
0.625, -72.375, 3.502886401202823e-23, nan 
0.875, -72.375, 2.7605804226614826e-23, nan 
1.125, -72.375, 3.462177534528879e-23, nan 
1.375, -72.375, 4.414809724618181e-23, nan 
1.625, -72.375, 4.1488986615352817e-23, nan 
1.875, -72.375, 4.710515399384977e-23, nan 
2.125, -72.375, 1.8512672051436554e-23, nan 
2.375, -72.375, 5.058802526746323e-24, nan 
2.625, -72.375, 6.144353228208835e-24, nan 
2.875, -72.375, 1.9408623226034406e-23, nan 
3.125, -72.375, 1.3692239775317384e-23, nan 
3.375, -72.375, 4.063230361961064e-23, nan 
3.625, -72.375, 1.464456461061765e-23, nan 
3.875, -72.375, 6.825550805650241e-24, nan 
4.125, -72.375, 6.5847602374048154e-24, nan 
4.375, -72.375, 6.210830035713126e-24, nan 
4.625, -72.375, 1.822691099462183e-23, nan 
4.875, -72.375, 1.8901771021677012e-23, nan 
5.125, -72.375, 1.943275475156513e-23, nan 
-41.375, -72.125, 9.094550096173435e-24, nan 
-41.125, -72.125, 1.0004518816921913e-23, nan 
-40.875, -72.125, 9.742745199109435e-24, nan 
-40.625, -72.125, 4.60363495240442e-24, nan 
-40.375, -72.125, 6.4262406354697295e-24, nan 
-40.125, -72.125, 7.16578521527062e-24, nan 
-39.875, -72.125, 5.0673019043079535e-24, nan 
-39.625, -72.125, 3.92103500406919e-24, nan 
-39.375, -72.125, 3.015534932943255e-24, nan 
-39.125, -72.125, 3.651633877430561e-24, nan 
-38.875, -72.125, 4.153145743229825e-24, nan 
-38.625, -72.125, 6.848203160677108e-24, nan 
-38.375, -72.125, 7.646676055244714e-24, nan 
-38.125, -72.125, 4.178607931630222e-24, nan 
-37.875, -72.125, 4.920403879200572e-24, nan 
-37.625, -72.125, 5.459069365565894e-24, nan 
-37.375, -72.125, 4.109102163531025e-24, nan 
-37.125, -72.125, 6.001922347622924e-24, nan 
-36.875, -72.125, 6.669644426050332e-24, nan 
-36.625, -72.125, 6.3610231585961954e-24, nan 
-36.375, -72.125, 4.772966736438385e-24, nan 
-36.125, -72.125, 5.260108485166273e-24, nan 
-35.875, -72.125, 4.437909397485039e-24, nan 
-35.625, -72.125, 3.7775255125240936e-24, nan 
-35.375, -72.125, 6.172067059846978e-24, nan 
-35.125, -72.125, 5.75003135453466e-24, nan 
-34.875, -72.125, 6.563945707393427e-24, nan 
-34.625, -72.125, 7.739280558824576e-24, nan 
-34.375, -72.125, 8.171154083253254e-24, nan 
-34.125, -72.125, 7.784176720484514e-24, nan 
-33.875, -72.125, 4.908490071399222e-24, nan 
-33.625, -72.125, 3.880519833272237e-24, nan 
-33.375, -72.125, 3.1310029404414986e-24, nan 
-33.125, -72.125, 4.207331052613524e-24, nan 
-32.875, -72.125, 4.196970109973625e-24, nan 
-32.625, -72.125, 6.073555456019583e-24, nan 
-32.375, -72.125, 4.90581784814165e-24, nan 
-32.125, -72.125, 6.228418215679167e-24, nan 
-31.875, -72.125, 5.051428419377584e-24, nan 
-31.625, -72.125, 7.431567973744225e-24, nan 
-31.375, -72.125, 2.112972075263424e-23, nan 
-31.125, -72.125, 2.101853624462728e-23, nan 
-30.875, -72.125, 2.0039702615019936e-23, nan 
-30.625, -72.125, 3.047168462448657e-23, nan 
-30.375, -72.125, 2.4226544678431063e-23, nan 
-30.125, -72.125, 1.9806430529999158e-23, nan 
-29.875, -72.125, 1.2205841387520677e-23, nan 
-29.625, -72.125, 1.47668208001599e-23, nan 
-29.375, -72.125, 2.4538497919313143e-24, nan 
-29.125, -72.125, 1.3484479425935778e-23, nan 
-28.875, -72.125, 1.1913540022064873e-23, nan 
-28.625, -72.125, 2.3802179342260884e-24, nan 
-28.375, -72.125, 7.233908617778246e-24, nan 
-28.125, -72.125, 7.94574002639438e-24, nan 
-27.875, -72.125, 1.1855698331944549e-24, nan 
-27.625, -72.125, 1.9888624560585735e-24, nan 
-27.375, -72.125, 2.712189764927588e-24, nan 
-27.125, -72.125, 2.6337792665183938e-24, nan 
-26.875, -72.125, 5.293898740990487e-24, nan 
-26.625, -72.125, 6.916923214112507e-24, nan 
-26.375, -72.125, 4.711454800108996e-24, nan 
-26.125, -72.125, 1.1884670057894363e-23, nan 
-25.875, -72.125, 2.116067705762116e-23, nan 
-25.625, -72.125, 1.5549673891071077e-23, nan 
-25.375, -72.125, 1.9351808788294284e-23, nan 
-25.125, -72.125, 2.3313038476591805e-23, nan 
-24.875, -72.125, 1.770869736785869e-23, nan 
-24.625, -72.125, 1.5313631942989794e-23, nan 
-24.375, -72.125, 1.0895994786531017e-23, nan 
-24.125, -72.125, 9.111788729602813e-24, nan 
-23.875, -72.125, 6.927927118652482e-24, nan 
-23.625, -72.125, 5.7826934513769094e-24, nan 
-23.375, -72.125, 1.0072058001360523e-23, nan 
-23.125, -72.125, 1.360376539081111e-23, nan 
-22.875, -72.125, 1.1230525004101515e-23, nan 
-22.625, -72.125, 2.7050684920010107e-23, nan 
-22.375, -72.125, 2.670979345493427e-23, nan 
-22.125, -72.125, 2.4840541813515072e-23, nan 
-21.875, -72.125, 2.5568438537845216e-23, nan 
-21.625, -72.125, 2.725195439391967e-23, nan 
-21.375, -72.125, 2.5823764071112308e-23, nan 
-21.125, -72.125, 7.947735065255618e-24, nan 
-20.875, -72.125, 3.787303141991729e-24, nan 
-20.625, -72.125, 6.479651411273542e-24, nan 
-20.375, -72.125, 4.907594907081977e-24, nan 
-20.125, -72.125, 4.990883974004101e-24, nan 
-19.875, -72.125, 5.021813084329908e-24, nan 
-19.625, -72.125, 3.130887935180773e-24, nan 
-19.375, -72.125, 2.804870260768708e-24, nan 
-19.125, -72.125, 6.563733411835117e-24, nan 
-18.875, -72.125, 7.669082038341055e-24, nan 
-18.625, -72.125, 9.830542027863734e-24, nan 
-18.375, -72.125, 1.050830931124011e-23, nan 
-18.125, -72.125, 1.0772984209479491e-23, nan 
-17.875, -72.125, 1.0990106575983388e-23, nan 
-17.625, -72.125, 9.836056238758426e-24, nan 
-17.375, -72.125, 9.74903732606707e-24, nan 
-17.125, -72.125, 7.845149977112865e-24, nan 
-16.875, -72.125, 6.521805397286881e-24, nan 
-16.625, -72.125, 4.467277194821912e-24, nan 
-16.375, -72.125, 2.0703765745263948e-24, nan 
-16.125, -72.125, 1.6900301086158866e-24, nan 
-15.875, -72.125, 2.275603494263926e-24, nan 
-15.625, -72.125, 1.4171624632100287e-24, nan 
-15.375, -72.125, 9.840530591662927e-25, nan 
-15.125, -72.125, 1.8354786568870358e-24, nan 
-14.875, -72.125, 1.5823243970752615e-24, nan 
-14.625, -72.125, 1.4565915664250674e-24, nan 
-14.375, -72.125, 1.683408523572449e-24, nan 
-14.125, -72.125, 1.709844937264713e-24, nan 
-13.875, -72.125, 1.3014191034246086e-24, nan 
-13.625, -72.125, 1.0046089026007682e-24, nan 
-13.375, -72.125, 6.343864418835542e-24, nan 
-13.125, -72.125, 4.336716374063286e-24, nan 
-12.875, -72.125, 2.191941318004165e-23, nan 
-12.625, -72.125, 1.559625523338803e-23, nan 
-12.375, -72.125, 2.002721973990113e-23, nan 
-12.125, -72.125, 1.8325542572993583e-23, nan 
-11.875, -72.125, 9.293302765159457e-24, nan 
-11.625, -72.125, 1.460383784044094e-23, nan 
-11.375, -72.125, 1.615375720108207e-23, nan 
-11.125, -72.125, 1.5645978345769653e-23, nan 
-10.875, -72.125, 1.5585961192853358e-23, nan 
-10.625, -72.125, 1.845964291546764e-23, nan 
-10.375, -72.125, 1.5105008184636588e-23, nan 
-10.125, -72.125, 1.8269758630792824e-23, nan 
-9.875, -72.125, 6.390875789346742e-24, nan 
-9.625, -72.125, 2.0710873512499413e-23, nan 
-9.375, -72.125, 2.648604391913768e-23, nan 
-9.125, -72.125, 3.643400422889988e-23, nan 
-8.875, -72.125, 2.4242425848974497e-23, nan 
-8.625, -72.125, 2.3621942625944092e-23, nan 
-8.375, -72.125, 2.7212513291547684e-23, nan 
-8.125, -72.125, 1.3405034530601166e-23, nan 
-7.875, -72.125, 1.2755554766666995e-23, nan 
-7.625, -72.125, 1.4421446740449768e-23, nan 
-7.375, -72.125, 1.1222461973235093e-23, nan 
-7.125, -72.125, 5.925833889467942e-24, nan 
-6.875, -72.125, 5.04618978901352e-24, nan 
-6.625, -72.125, 6.1640774723032635e-24, nan 
-6.375, -72.125, 5.720073257127826e-24, nan 
-6.125, -72.125, 2.746642582657859e-23, nan 
-5.875, -72.125, 4.591532915060583e-23, nan 
-5.625, -72.125, 5.0128438236541264e-23, nan 
-5.375, -72.125, 5.183507580434725e-23, nan 
-5.125, -72.125, 5.559043899149758e-23, nan 
-4.875, -72.125, 5.315265422780576e-23, nan 
-4.625, -72.125, 4.2282809471192717e-23, nan 
-4.375, -72.125, 3.720434144464764e-23, nan 
-4.125, -72.125, 2.9531316664497803e-23, nan 
-3.875, -72.125, 2.8503356102300597e-23, nan 
-3.625, -72.125, 1.8460353117226665e-23, nan 
-3.375, -72.125, 5.442030325149524e-24, nan 
-3.125, -72.125, 5.786568415706532e-24, nan 
-2.875, -72.125, 1.5290920123546118e-24, nan 
-2.625, -72.125, 2.3893900176563964e-24, nan 
-2.375, -72.125, 2.2411418763018538e-23, nan 
-2.125, -72.125, 4.5507065560700307e-23, nan 
-1.875, -72.125, 5.045528667048546e-23, nan 
-1.625, -72.125, 2.9909224627197263e-23, nan 
-1.375, -72.125, 6.350840784727177e-23, nan 
-1.125, -72.125, 7.547921830164181e-23, nan 
-0.875, -72.125, 3.744695308406955e-23, nan 
-0.625, -72.125, 3.337173606552037e-23, nan 
-0.375, -72.125, 4.026867786104753e-23, nan 
-0.125, -72.125, 3.319825965698399e-23, nan 
0.125, -72.125, 1.472640543686868e-23, nan 
0.375, -72.125, 2.6234031739863767e-23, nan 
0.625, -72.125, 4.636152052984063e-23, nan 
0.875, -72.125, 4.2749538746574606e-23, nan 
1.125, -72.125, 5.64280839887924e-23, nan 
1.375, -72.125, 6.907242625811422e-23, nan 
1.625, -72.125, 7.591691435120467e-23, nan 
1.875, -72.125, 8.09923381530189e-23, nan 
2.125, -72.125, 3.6792482860243946e-23, nan 
2.375, -72.125, 4.5929621967171054e-23, nan 
2.625, -72.125, 6.428738472399055e-23, nan 
2.875, -72.125, 2.5448733307675825e-23, nan 
3.125, -72.125, 2.2822337378169678e-23, nan 
3.375, -72.125, 8.476369737338666e-23, nan 
3.625, -72.125, 2.1614656490477416e-23, nan 
3.875, -72.125, 9.970581847264316e-24, nan 
4.125, -72.125, 4.2252208906253425e-23, nan 
4.375, -72.125, 1.2693617511047462e-23, nan 
4.625, -72.125, 2.8808984531065553e-24, nan 
4.875, -72.125, 4.1960853282412594e-24, nan 
5.125, -72.125, 4.551104865401779e-24, nan 
-41.125, -71.875, 9.490003726522019e-24, nan 
-40.875, -71.875, 1.2057335991305773e-23, nan 
-40.625, -71.875, 9.651816339438449e-24, nan 
-40.375, -71.875, 1.0378271728169366e-23, nan 
-40.125, -71.875, 9.29970860851783e-24, nan 
-39.875, -71.875, 2.6003643493566383e-24, nan 
-39.625, -71.875, 3.687894295598076e-24, nan 
-39.375, -71.875, 4.972153684190846e-24, nan 
-39.125, -71.875, 4.562861588015161e-24, nan 
-38.875, -71.875, 5.0681065059649316e-24, nan 
-38.625, -71.875, 3.580019646831133e-24, nan 
-38.375, -71.875, 2.9145764074030576e-24, nan 
-38.125, -71.875, 2.4257133907548154e-24, nan 
-37.875, -71.875, 2.689504413764694e-24, nan 
-37.625, -71.875, 1.89547399673456e-24, nan 
-37.375, -71.875, 3.054812689992183e-24, nan 
-37.125, -71.875, 3.8855831251073874e-24, nan 
-36.875, -71.875, 3.6016707577728025e-24, nan 
-36.625, -71.875, 4.593458914874147e-24, nan 
-36.375, -71.875, 5.505570828147204e-24, nan 
-36.125, -71.875, 7.5865354418932e-24, nan 
-35.875, -71.875, 1.0100154082624377e-23, nan 
-35.625, -71.875, 1.5160322085262103e-23, nan 
-35.375, -71.875, 1.6725233432257002e-23, nan 
-35.125, -71.875, 8.750141989395259e-24, nan 
-34.875, -71.875, 1.0023883773406196e-23, nan 
-34.625, -71.875, 9.128759609188453e-24, nan 
-34.375, -71.875, 9.338402560199289e-24, nan 
-34.125, -71.875, 1.0192146904823065e-23, nan 
-33.875, -71.875, 7.906438163518626e-24, nan 
-33.625, -71.875, 9.21120366588339e-24, nan 
-33.375, -71.875, 1.208831972104375e-23, nan 
-33.125, -71.875, 8.393321945737729e-24, nan 
-32.875, -71.875, 6.6743573737765e-24, nan 
-32.625, -71.875, 4.252716361347792e-24, nan 
-32.375, -71.875, 8.149922592609879e-24, nan 
-32.125, -71.875, 1.1384945735566436e-23, nan 
-31.875, -71.875, 7.338805140881022e-24, nan 
-31.625, -71.875, 7.68154750828547e-24, nan 
-31.375, -71.875, 8.914929072864732e-24, nan 
-31.125, -71.875, 2.6627639867521916e-23, nan 
-30.875, -71.875, 2.863841791790024e-23, nan 
-30.625, -71.875, 3.089155414525446e-23, nan 
-30.375, -71.875, 2.7333118824973456e-23, nan 
-30.125, -71.875, 2.9260177657017363e-23, nan 
-29.875, -71.875, 2.973662665716357e-23, nan 
-29.625, -71.875, 1.4707466232199692e-23, nan 
-29.375, -71.875, 1.8956529155851432e-23, nan 
-29.125, -71.875, 2.1449583222360596e-23, nan 
-28.875, -71.875, 2.3828311452455586e-23, nan 
-28.625, -71.875, 2.4757225562305367e-23, nan 
-28.375, -71.875, 2.4490692703392118e-23, nan 
-28.125, -71.875, 2.3523224587774095e-23, nan 
-27.875, -71.875, 2.7461716442977233e-23, nan 
-27.625, -71.875, 2.622718528683781e-23, nan 
-27.375, -71.875, 2.377190314933152e-23, nan 
-27.125, -71.875, 1.2893431221029067e-23, nan 
-26.875, -71.875, 6.721674133602901e-24, nan 
-26.625, -71.875, 7.410343895203871e-24, nan 
-26.375, -71.875, 7.30594944040787e-24, nan 
-26.125, -71.875, 7.85461217275627e-24, nan 
-25.875, -71.875, 9.017420805407584e-24, nan 
-25.625, -71.875, 8.050387387462475e-24, nan 
-25.375, -71.875, 1.8593537077424554e-23, nan 
-25.125, -71.875, 2.4892056246852063e-23, nan 
-24.875, -71.875, 1.8370667521750374e-23, nan 
-24.625, -71.875, 1.9941401557096042e-23, nan 
-24.375, -71.875, 1.9449536619371885e-23, nan 
-24.125, -71.875, 1.8214766862454514e-23, nan 
-23.875, -71.875, 2.1151884962162605e-23, nan 
-23.625, -71.875, 1.7241575662344407e-23, nan 
-23.375, -71.875, 1.8680246694507864e-23, nan 
-23.125, -71.875, 1.9064481931321779e-23, nan 
-22.875, -71.875, 1.818052639268449e-23, nan 
-22.625, -71.875, 2.5326136414049404e-23, nan 
-22.375, -71.875, 2.0363695191029896e-23, nan 
-22.125, -71.875, 1.8631494526315084e-23, nan 
-21.875, -71.875, 1.0052009677550741e-23, nan 
-21.625, -71.875, 9.745741178229824e-24, nan 
-21.375, -71.875, 5.3051388488120365e-24, nan 
-21.125, -71.875, 5.947236636727526e-24, nan 
-20.875, -71.875, 7.556203510805982e-24, nan 
-20.625, -71.875, 5.615582275938485e-24, nan 
-20.375, -71.875, 4.588907989215194e-24, nan 
-20.125, -71.875, 1.9266910207890537e-24, nan 
-19.875, -71.875, 4.654984722974259e-24, nan 
-19.625, -71.875, 6.016516986740741e-24, nan 
-19.375, -71.875, 7.442590163292764e-24, nan 
-19.125, -71.875, 4.810070320068177e-24, nan 
-18.875, -71.875, 6.109988211495751e-24, nan 
-18.625, -71.875, 7.360809094317521e-24, nan 
-18.375, -71.875, 7.809415155839008e-24, nan 
-18.125, -71.875, 7.300312613663424e-24, nan 
-17.875, -71.875, 8.90241455357266e-24, nan 
-17.625, -71.875, 9.163240055004802e-24, nan 
-17.375, -71.875, 9.734172746975907e-24, nan 
-17.125, -71.875, 9.199193396398318e-24, nan 
-16.875, -71.875, 7.571861571009479e-24, nan 
-16.625, -71.875, 6.912438740873724e-24, nan 
-16.375, -71.875, 6.56364348561514e-24, nan 
-16.125, -71.875, 4.4072029690162104e-24, nan 
-15.875, -71.875, 2.5568880840426206e-24, nan 
-15.625, -71.875, 1.272293629505358e-24, nan 
-15.375, -71.875, 2.059300336610515e-24, nan 
-15.125, -71.875, 2.1919256675190905e-24, nan 
-14.875, -71.875, 2.4309173685565753e-24, nan 
-14.625, -71.875, 1.7045042853740886e-24, nan 
-14.375, -71.875, 1.7204773398778424e-24, nan 
-14.125, -71.875, 2.1447598076810358e-24, nan 
-13.875, -71.875, 1.8082848649560808e-24, nan 
-13.625, -71.875, 1.7426676008517085e-23, nan 
-13.375, -71.875, 1.8708980282971955e-23, nan 
-13.125, -71.875, 1.993550697428549e-23, nan 
-12.875, -71.875, 2.5880908628297006e-23, nan 
-12.625, -71.875, 2.2508553725386046e-23, nan 
-12.375, -71.875, 2.508165603783181e-23, nan 
-12.125, -71.875, 2.4296520248846523e-24, nan 
-11.875, -71.875, 6.96280758429409e-24, nan 
-11.625, -71.875, 8.523652716504123e-24, nan 
-11.375, -71.875, 8.333123433563233e-24, nan 
-11.125, -71.875, 9.628401975329284e-24, nan 
-10.875, -71.875, 1.0289387974936653e-23, nan 
-10.625, -71.875, 1.6798339724572935e-23, nan 
-10.375, -71.875, 1.231432878045066e-23, nan 
-10.125, -71.875, 2.092127741141445e-23, nan 
-9.875, -71.875, 1.7931799141468455e-23, nan 
-9.625, -71.875, 1.842441588021309e-23, nan 
-9.375, -71.875, 1.6033092259757832e-23, nan 
-9.125, -71.875, 2.680315864387706e-23, nan 
-8.875, -71.875, 2.3497765946315498e-23, nan 
-8.625, -71.875, 2.5326262795648736e-23, nan 
-8.375, -71.875, 2.712478830282471e-23, nan 
-8.125, -71.875, 1.8340882664223816e-23, nan 
-7.875, -71.875, 2.3142758406865493e-23, nan 
-7.625, -71.875, 2.75942870099619e-23, nan 
-7.375, -71.875, 1.857935252152197e-23, nan 
-7.125, -71.875, 1.7060396844205096e-23, nan 
-6.875, -71.875, 3.4767120113346314e-23, nan 
-6.625, -71.875, 3.40568079267184e-23, nan 
-6.375, -71.875, 3.9554419359255683e-23, nan 
-6.125, -71.875, 4.796438125525448e-23, nan 
-5.875, -71.875, 4.153558418192932e-23, nan 
-5.625, -71.875, 5.232794728166567e-23, nan 
-5.375, -71.875, 7.322685801098904e-23, nan 
-5.125, -71.875, 3.311630396248383e-23, nan 
-4.875, -71.875, 4.0247948205296476e-23, nan 
-4.625, -71.875, 4.5923875901858365e-23, nan 
-4.375, -71.875, 5.625524220463836e-23, nan 
-4.125, -71.875, 2.8567337731650226e-23, nan 
-3.875, -71.875, 4.130174610941303e-23, nan 
-3.625, -71.875, 5.789602387516233e-23, nan 
-3.375, -71.875, 6.2283822984443445e-24, nan 
-3.125, -71.875, 1.6553590792305013e-23, nan 
-2.875, -71.875, 2.190405608939532e-23, nan 
-2.625, -71.875, 5.3969352835785824e-24, nan 
-2.375, -71.875, 4.123587307177913e-24, nan 
-2.125, -71.875, 4.050190397067923e-24, nan 
-1.875, -71.875, 3.304693632567159e-24, nan 
-1.625, -71.875, 1.9864525518130905e-23, nan 
-1.375, -71.875, 3.516366077904947e-23, nan 
-1.125, -71.875, 4.043163118783028e-23, nan 
-0.875, -71.875, 3.6465246915382414e-23, nan 
-0.625, -71.875, 1.8855911130817656e-24, nan 
-0.375, -71.875, 4.4376376791060556e-23, nan 
-0.125, -71.875, 4.695278223903062e-23, nan 
0.125, -71.875, 4.988317210588154e-23, nan 
0.375, -71.875, 4.856718052279291e-23, nan 
0.625, -71.875, 5.2702935033441604e-23, nan 
0.875, -71.875, 4.8194759621187664e-23, nan 
1.125, -71.875, 3.7045395102627066e-23, nan 
1.375, -71.875, 4.3707719004295175e-23, nan 
1.625, -71.875, 5.377895838822099e-23, nan 
1.875, -71.875, 6.488528630968983e-23, nan 
2.125, -71.875, 4.183059586851777e-23, nan 
2.375, -71.875, 3.4786478007627443e-23, nan 
2.625, -71.875, 3.4158592808466346e-24, nan 
2.875, -71.875, 1.5742286279115812e-23, nan 
3.125, -71.875, 9.694947895653382e-24, nan 
3.375, -71.875, 4.2766000410403856e-23, nan 
3.625, -71.875, 1.1811013397023926e-23, nan 
3.875, -71.875, 2.5092145212713666e-24, nan 
4.125, -71.875, 3.002393993013867e-24, nan 
4.375, -71.875, 2.0130797418386303e-24, nan 
4.625, -71.875, 3.354901919501499e-24, nan 
4.875, -71.875, 3.825237258984006e-24, nan 
5.125, -71.875, 3.4766068743100304e-24, nan 
5.375, -71.875, 2.8519750356008567e-24, nan 
-40.625, -71.625, 1.5884095237050593e-23, nan 
-40.375, -71.625, 1.5728208659717156e-23, nan 
-40.125, -71.625, 8.048325836761672e-24, nan 
-39.875, -71.625, 9.567440453303568e-24, nan 
-39.625, -71.625, 9.922085750072449e-24, nan 
-39.375, -71.625, 6.540947962060952e-24, nan 
-39.125, -71.625, 5.26552445608251e-24, nan 
-38.875, -71.625, 6.0488257606291724e-24, nan 
-38.625, -71.625, 4.3257248819123405e-24, nan 
-38.375, -71.625, 4.066013083916048e-24, nan 
-38.125, -71.625, 3.979007521736437e-24, nan 
-37.875, -71.625, 3.786469170567359e-24, nan 
-37.625, -71.625, 2.6113990122690484e-24, nan 
-37.375, -71.625, 2.84755902706024e-24, nan 
-37.125, -71.625, 3.4952707216327785e-24, nan 
-36.875, -71.625, 7.980104612467105e-24, nan 
-36.625, -71.625, 1.271538020072765e-23, nan 
-36.375, -71.625, 2.1390963594398967e-23, nan 
-36.125, -71.625, 2.905453410299e-23, nan 
-35.875, -71.625, 2.370245509832514e-23, nan 
-35.625, -71.625, 4.6417334987196935e-23, nan 
-35.375, -71.625, 4.9181009798512293e-23, nan 
-35.125, -71.625, 2.4185239122469223e-23, nan 
-34.875, -71.625, 2.976051596892009e-23, nan 
-34.625, -71.625, 2.6539084813071366e-23, nan 
-34.375, -71.625, 1.535142714354878e-23, nan 
-34.125, -71.625, 5.297484154103163e-24, nan 
-33.875, -71.625, 6.676729700466819e-24, nan 
-33.625, -71.625, 7.395833231422113e-24, nan 
-33.375, -71.625, 1.6161109486625442e-23, nan 
-33.125, -71.625, 1.8072461887383135e-23, nan 
-32.875, -71.625, 1.6347812630426458e-23, nan 
-32.625, -71.625, 1.7818221767084567e-23, nan 
-32.375, -71.625, 2.2698460154479227e-23, nan 
-32.125, -71.625, 2.3558281553774413e-23, nan 
-31.875, -71.625, 2.154627214486714e-23, nan 
-31.625, -71.625, 2.2876364665752738e-23, nan 
-31.375, -71.625, 2.3432562841302134e-23, nan 
-31.125, -71.625, 3.715901110982646e-23, nan 
-30.875, -71.625, 4.22953648103843e-23, nan 
-30.625, -71.625, 4.344205335687033e-23, nan 
-30.375, -71.625, 3.0250255293605154e-23, nan 
-30.125, -71.625, 4.184188833642299e-23, nan 
-29.875, -71.625, 4.574595871981905e-23, nan 
-29.625, -71.625, 4.157219700856449e-23, nan 
-29.375, -71.625, 3.453959236664477e-23, nan 
-29.125, -71.625, 3.8138439804401836e-23, nan 
-28.875, -71.625, 3.939528179864045e-23, nan 
-28.625, -71.625, 2.7609078327040614e-23, nan 
-28.375, -71.625, 2.597185594766018e-23, nan 
-28.125, -71.625, 2.371154089698118e-23, nan 
-27.875, -71.625, 3.3958421006625033e-23, nan 
-27.625, -71.625, 3.9740257853367847e-23, nan 
-27.375, -71.625, 3.970000024110222e-23, nan 
-27.125, -71.625, 3.1939239022138157e-23, nan 
-26.875, -71.625, 3.2376591402816964e-23, nan 
-26.625, -71.625, 3.592303511420668e-23, nan 
-26.375, -71.625, 2.6010154709331544e-23, nan 
-26.125, -71.625, 1.839128045530884e-23, nan 
-25.875, -71.625, 9.342450059980598e-24, nan 
-25.625, -71.625, 7.740936133109838e-24, nan 
-25.375, -71.625, 1.1486101289538326e-23, nan 
-25.125, -71.625, 1.36406620683937e-23, nan 
-24.875, -71.625, 1.02366297724718e-23, nan 
-24.625, -71.625, 6.0981414438816696e-24, nan 
-24.375, -71.625, 1.5260070021162535e-23, nan 
-24.125, -71.625, 1.8606538285402448e-23, nan 
-23.875, -71.625, 1.6826367558766586e-23, nan 
-23.625, -71.625, 1.4825436668563916e-23, nan 
-23.375, -71.625, 1.0264304652129382e-23, nan 
-23.125, -71.625, 6.301298580961024e-24, nan 
-22.875, -71.625, 9.949528965102337e-24, nan 
-22.625, -71.625, 2.400355636826385e-24, nan 
-22.375, -71.625, 2.4901956963699362e-24, nan 
-22.125, -71.625, 3.1993186414518587e-24, nan 
-21.875, -71.625, 4.820941787937534e-24, nan 
-21.625, -71.625, 7.781081520093956e-24, nan 
-21.375, -71.625, 7.78581567130136e-24, nan 
-21.125, -71.625, 9.866042553078608e-24, nan 
-20.875, -71.625, 7.217940587838833e-24, nan 
-20.625, -71.625, 7.14835992554268e-24, nan 
-20.375, -71.625, 8.477625167290764e-24, nan 
-20.125, -71.625, 1.612369336512665e-23, nan 
-19.875, -71.625, 1.976349660011393e-23, nan 
-19.625, -71.625, 2.2140886483987102e-23, nan 
-19.375, -71.625, 2.512046457551905e-23, nan 
-19.125, -71.625, 1.1313717379254974e-23, nan 
-18.875, -71.625, 8.375745021770864e-24, nan 
-18.625, -71.625, 1.0591252604417609e-23, nan 
-18.375, -71.625, 7.432438089582996e-24, nan 
-18.125, -71.625, 5.333892455770213e-24, nan 
-17.875, -71.625, 7.950469878960156e-24, nan 
-17.625, -71.625, 1.0357527552032571e-23, nan 
-17.375, -71.625, 9.538841781119477e-24, nan 
-17.125, -71.625, 9.364816210450795e-24, nan 
-16.875, -71.625, 9.648531197359858e-24, nan 
-16.625, -71.625, 1.2192181061074972e-23, nan 
-16.375, -71.625, 1.1454979050797775e-23, nan 
-16.125, -71.625, 1.1263710995665007e-23, nan 
-15.875, -71.625, 5.123204134914991e-24, nan 
-15.625, -71.625, 3.675136240733747e-24, nan 
-15.375, -71.625, 3.56284526182479e-24, nan 
-15.125, -71.625, 2.280573609848072e-24, nan 
-14.875, -71.625, 2.0403052162616662e-24, nan 
-14.625, -71.625, 1.213233484653185e-24, nan 
-14.375, -71.625, 9.341254453651448e-25, nan 
-14.125, -71.625, 2.770348586092383e-24, nan 
-13.875, -71.625, 5.0425850133308495e-24, nan 
-13.625, -71.625, 9.319419650414434e-24, nan 
-13.375, -71.625, 1.9842031039291388e-23, nan 
-13.125, -71.625, 1.9257494824715655e-23, nan 
-12.875, -71.625, 1.9585996025799647e-23, nan 
-12.625, -71.625, 2.626385130602113e-23, nan 
-12.375, -71.625, 2.5943998393935923e-23, nan 
-12.125, -71.625, 2.087411671951108e-23, nan 
-11.875, -71.625, 1.7160751102728324e-23, nan 
-11.625, -71.625, 1.916600396162337e-23, nan 
-11.375, -71.625, 2.0209711581502038e-23, nan 
-11.125, -71.625, 1.5798329951557773e-23, nan 
-10.875, -71.625, 1.4105816100646095e-23, nan 
-10.625, -71.625, 2.5620673419823052e-23, nan 
-10.375, -71.625, 2.1217250502685375e-23, nan 
-10.125, -71.625, 2.203378423128845e-23, nan 
-9.875, -71.625, 1.1169259723509167e-23, nan 
-9.625, -71.625, 1.5261157751979254e-23, nan 
-9.375, -71.625, 1.3729577858181622e-23, nan 
-9.125, -71.625, 1.2275368806149914e-23, nan 
-8.875, -71.625, 1.9596404504186524e-23, nan 
-8.625, -71.625, 2.1165728460344564e-23, nan 
-8.375, -71.625, 2.265135346792394e-23, nan 
-8.125, -71.625, 1.808492878368539e-23, nan 
-7.875, -71.625, 1.5226479318997378e-23, nan 
-7.625, -71.625, 6.160306628895569e-24, nan 
-7.375, -71.625, 1.1058497049463276e-23, nan 
-7.125, -71.625, 2.3823855550836508e-23, nan 
-6.875, -71.625, 2.30050578163666e-23, nan 
-6.625, -71.625, 2.4321304571515696e-23, nan 
-6.375, -71.625, 2.68019944379745e-23, nan 
-6.125, -71.625, 1.6553799288740463e-24, nan 
-5.875, -71.625, 4.932510919105462e-25, nan 
-5.625, -71.625, 1.1316302428697338e-23, nan 
-5.375, -71.625, 3.7940121314362593e-23, nan 
-5.125, -71.625, 2.4355310108187008e-23, nan 
-4.875, -71.625, 2.3882842595016674e-23, nan 
-4.625, -71.625, 1.8909682569381353e-23, nan 
-4.375, -71.625, 2.592469526158254e-23, nan 
-4.125, -71.625, 4.425224528223325e-24, nan 
-3.875, -71.625, 1.36776451852698e-23, nan 
-3.625, -71.625, 1.9493277684486212e-23, nan 
-3.375, -71.625, 2.0929525723482894e-24, nan 
-3.125, -71.625, 2.710483886036116e-24, nan 
-2.875, -71.625, 3.792407236622804e-24, nan 
-2.625, -71.625, 3.8407318194975885e-24, nan 
-2.375, -71.625, 2.925091141614532e-24, nan 
-2.125, -71.625, 6.916107943450674e-24, nan 
-1.875, -71.625, 4.5271025312380995e-24, nan 
-1.625, -71.625, 3.388372786539762e-23, nan 
-1.375, -71.625, 3.0715015967730066e-24, nan 
-1.125, -71.625, 5.2936424153168345e-23, nan 
-0.875, -71.625, 5.703426003271004e-23, nan 
-0.625, -71.625, 7.519840197186402e-23, nan 
-0.375, -71.625, 7.620870862991358e-23, nan 
-0.125, -71.625, 5.7749235497714e-23, nan 
0.125, -71.625, 8.546839893673622e-23, nan 
0.375, -71.625, 6.325558693680064e-23, nan 
0.625, -71.625, 7.398721723696745e-23, nan 
0.875, -71.625, 5.418022963348532e-23, nan 
1.125, -71.625, 4.905541184833698e-23, nan 
1.375, -71.625, 6.66237297939052e-23, nan 
1.625, -71.625, 4.708433288576131e-23, nan 
1.875, -71.625, 7.727866095354454e-23, nan 
2.125, -71.625, 6.963741641297261e-23, nan 
2.375, -71.625, 5.2464672793484735e-23, nan 
2.625, -71.625, 6.836271000053641e-23, nan 
2.875, -71.625, 7.057681277015302e-23, nan 
3.125, -71.625, 3.916183531608365e-23, nan 
3.375, -71.625, 4.85478351898681e-24, nan 
3.625, -71.625, 3.485831960588586e-24, nan 
3.875, -71.625, 3.243318123668632e-24, nan 
4.125, -71.625, 9.424343716523468e-24, nan 
4.375, -71.625, 4.494344659701642e-24, nan 
4.625, -71.625, 3.815591319172703e-24, nan 
4.875, -71.625, 2.8789205071649136e-24, nan 
5.125, -71.625, 2.9844388347154077e-24, nan 
5.375, -71.625, 3.1522159215604927e-24, nan 
-40.125, -71.375, 5.5645623332792046e-24, nan 
-39.875, -71.375, 7.918701857804316e-24, nan 
-39.625, -71.375, 7.925817107647298e-24, nan 
-39.375, -71.375, 7.341989664088729e-24, nan 
-39.125, -71.375, 6.120801553517273e-24, nan 
-38.875, -71.375, 6.092808997915419e-24, nan 
-38.625, -71.375, 6.362420059430575e-24, nan 
-38.375, -71.375, 5.622504539948653e-24, nan 
-38.125, -71.375, 4.289973690974776e-24, nan 
-37.875, -71.375, 2.7894286134511277e-24, nan 
-37.625, -71.375, 3.167637108006548e-24, nan 
-37.375, -71.375, 1.9880479196307834e-24, nan 
-37.125, -71.375, 3.8007108615326945e-24, nan 
-36.875, -71.375, 4.782357192828494e-24, nan 
-36.625, -71.375, 5.776969126067358e-24, nan 
-36.375, -71.375, 7.336157309453319e-24, nan 
-36.125, -71.375, 6.188867588994477e-24, nan 
-35.875, -71.375, 1.915867057069591e-23, nan 
-35.625, -71.375, 2.860005357597705e-23, nan 
-35.375, -71.375, 2.846688418484041e-23, nan 
-35.125, -71.375, 1.869943749239857e-23, nan 
-34.875, -71.375, 4.777183008182192e-24, nan 
-34.625, -71.375, 4.05473211813704e-24, nan 
-34.375, -71.375, 4.208413583966447e-24, nan 
-34.125, -71.375, 4.850020897044437e-24, nan 
-33.875, -71.375, 3.334943045196016e-24, nan 
-33.625, -71.375, 2.5411655832785903e-24, nan 
-33.375, -71.375, 8.724433320725568e-24, nan 
-33.125, -71.375, 6.556433835249792e-24, nan 
-32.875, -71.375, 2.035118665934245e-24, nan 
-32.625, -71.375, 1.1209505107746001e-23, nan 
-32.375, -71.375, 1.520852582782968e-23, nan 
-32.125, -71.375, 1.6385232670424376e-23, nan 
-31.875, -71.375, 2.0908081095392974e-23, nan 
-31.625, -71.375, 2.4979505385009818e-23, nan 
-31.375, -71.375, 2.6987327259365607e-23, nan 
-31.125, -71.375, 2.7915162709034764e-23, nan 
-30.875, -71.375, 3.1751195398062017e-23, nan 
-30.625, -71.375, 3.5998992953718826e-23, nan 
-30.375, -71.375, 3.912439742569131e-23, nan 
-30.125, -71.375, 5.192979283864564e-23, nan 
-29.875, -71.375, 4.146436775063715e-23, nan 
-29.625, -71.375, 4.2197168498423085e-23, nan 
-29.375, -71.375, 4.1886760781045083e-23, nan 
-29.125, -71.375, 2.702398858764729e-23, nan 
-28.875, -71.375, 6.5557781502306036e-24, nan 
-28.625, -71.375, 4.6945473502692754e-24, nan 
-28.375, -71.375, 2.954787404511803e-24, nan 
-28.125, -71.375, 3.382675318647338e-24, nan 
-27.875, -71.375, 1.0724728081482391e-23, nan 
-27.625, -71.375, 2.653254840191218e-23, nan 
-27.375, -71.375, 2.4055271154215428e-23, nan 
-27.125, -71.375, 2.444275689665109e-23, nan 
-26.875, -71.375, 3.148967515881828e-23, nan 
-26.625, -71.375, 3.646145318449449e-23, nan 
-26.375, -71.375, 2.708699405565953e-23, nan 
-26.125, -71.375, 1.6549504746285267e-23, nan 
-25.875, -71.375, 1.5883002703175876e-23, nan 
-25.625, -71.375, 1.0293503428121627e-23, nan 
-25.375, -71.375, 8.14891767471013e-24, nan 
-25.125, -71.375, 6.653822643180494e-24, nan 
-24.875, -71.375, 5.023726696421798e-24, nan 
-24.625, -71.375, 4.8615129972639074e-24, nan 
-24.375, -71.375, 1.0799417286188517e-23, nan 
-24.125, -71.375, 1.1151607755924876e-23, nan 
-23.875, -71.375, 8.46663502282229e-24, nan 
-23.625, -71.375, 6.986643467159065e-24, nan 
-23.375, -71.375, 7.300327290343996e-24, nan 
-23.125, -71.375, 6.4729438720302245e-24, nan 
-22.875, -71.375, 2.8853114574153813e-24, nan 
-22.625, -71.375, 2.4364825498625857e-24, nan 
-22.375, -71.375, 6.4581031882122254e-24, nan 
-22.125, -71.375, 6.2288900679825135e-24, nan 
-21.875, -71.375, 6.676810562714598e-24, nan 
-21.625, -71.375, 9.344428764142213e-24, nan 
-21.375, -71.375, 1.0567328941117687e-23, nan 
-21.125, -71.375, 1.355770625961058e-23, nan 
-20.875, -71.375, 1.287823235132169e-23, nan 
-20.625, -71.375, 1.915298214746797e-23, nan 
-20.375, -71.375, 2.3474086474397686e-23, nan 
-20.125, -71.375, 2.3227006592917986e-23, nan 
-19.875, -71.375, 2.7628779080307114e-23, nan 
-19.625, -71.375, 3.925734920219186e-23, nan 
-19.375, -71.375, 4.025298579427027e-23, nan 
-19.125, -71.375, 2.228701919206844e-23, nan 
-18.875, -71.375, 2.8937662188310686e-23, nan 
-18.625, -71.375, 3.2117743862048527e-23, nan 
-18.375, -71.375, 1.4808174250150852e-23, nan 
-18.125, -71.375, 7.42621017583592e-24, nan 
-17.875, -71.375, 7.511430367901979e-24, nan 
-17.625, -71.375, 8.455999464602282e-24, nan 
-17.375, -71.375, 5.696961071874199e-24, nan 
-17.125, -71.375, 7.147190403782715e-24, nan 
-16.875, -71.375, 9.323872391319096e-24, nan 
-16.625, -71.375, 1.725884032882124e-23, nan 
-16.375, -71.375, 1.8214915255131046e-23, nan 
-16.125, -71.375, 1.8065442654302313e-23, nan 
-15.875, -71.375, 1.7038178526025104e-23, nan 
-15.625, -71.375, 1.5536507350052323e-23, nan 
-15.375, -71.375, 1.581485538015173e-23, nan 
-15.125, -71.375, 4.626689568086396e-24, nan 
-14.875, -71.375, 2.482837854457597e-24, nan 
-14.625, -71.375, 2.076719648302046e-24, nan 
-14.375, -71.375, 5.355503382810406e-24, nan 
-14.125, -71.375, 7.705132555043196e-24, nan 
-13.875, -71.375, 6.744042978954341e-24, nan 
-13.625, -71.375, 8.76005511772719e-24, nan 
-13.375, -71.375, 1.1322510011661689e-23, nan 
-13.125, -71.375, 1.0844290291612465e-23, nan 
-12.875, -71.375, 6.6062829468487435e-24, nan 
-12.625, -71.375, 1.925417713393659e-23, nan 
-12.375, -71.375, 1.957625790115551e-23, nan 
-12.125, -71.375, 2.0611332677069325e-23, nan 
-11.875, -71.375, 2.3881066735396295e-23, nan 
-11.625, -71.375, 2.4481723572305954e-23, nan 
-11.375, -71.375, 1.363565344927006e-23, nan 
-11.125, -71.375, 2.0293157183726838e-23, nan 
-10.875, -71.375, 1.7217825250144465e-23, nan 
-10.625, -71.375, 1.0674363037005125e-23, nan 
-10.375, -71.375, 1.415321526516248e-23, nan 
-10.125, -71.375, 1.0884738982158499e-23, nan 
-9.875, -71.375, 1.6563642556519255e-24, nan 
-9.625, -71.375, 5.1546184495086806e-24, nan 
-9.375, -71.375, 5.5517958766772134e-24, nan 
-9.125, -71.375, 2.1059923442301416e-24, nan 
-8.875, -71.375, 2.438997889312096e-24, nan 
-8.625, -71.375, 2.6180838230034286e-24, nan 
-8.375, -71.375, 3.318400736334507e-24, nan 
-8.125, -71.375, 3.301363747144927e-24, nan 
-7.875, -71.375, 1.925967174970438e-24, nan 
-7.625, -71.375, 1.9493219110654046e-24, nan 
-7.375, -71.375, 4.101909880351365e-24, nan 
-7.125, -71.375, 1.3216280434333275e-23, nan 
-6.875, -71.375, 1.7955983152766215e-24, nan 
-6.625, -71.375, 7.825833126913216e-25, nan 
-6.375, -71.375, 7.216686543899337e-25, nan 
-6.125, -71.375, 8.693700402632194e-25, nan 
-5.875, -71.375, 1.1070719171545245e-24, nan 
-5.625, -71.375, 1.012319019474635e-24, nan 
-5.375, -71.375, 9.511043932795762e-25, nan 
-5.125, -71.375, 1.3226520605640955e-24, nan 
-4.875, -71.375, 3.8265641868911504e-24, nan 
-4.625, -71.375, 1.4509020063558253e-24, nan 
-4.375, -71.375, 1.7782284917036815e-24, nan 
-4.125, -71.375, 2.8313585085715628e-24, nan 
-3.875, -71.375, 2.4658621413380005e-24, nan 
-3.625, -71.375, 3.3676614565653765e-24, nan 
-3.375, -71.375, 3.857319776697484e-24, nan 
-3.125, -71.375, 3.1813933052501137e-24, nan 
-2.875, -71.375, 1.0114586339323346e-23, nan 
-2.625, -71.375, 7.672105653900537e-24, nan 
-2.375, -71.375, 4.56044361744904e-24, nan 
-2.125, -71.375, 1.4777713336142365e-23, nan 
-1.875, -71.375, 1.103790215679747e-23, nan 
-1.625, -71.375, 1.2049716758719643e-23, nan 
-1.375, -71.375, 5.07811916873011e-23, nan 
-1.125, -71.375, 5.712107598730142e-23, nan 
-0.875, -71.375, 5.737254430568847e-23, nan 
-0.625, -71.375, 8.213150774341614e-23, nan 
-0.375, -71.375, 6.56146413953671e-23, nan 
-0.125, -71.375, 5.2130278316419616e-23, nan 
0.125, -71.375, 1.5062752336463192e-23, nan 
0.375, -71.375, 2.5323159964148692e-23, nan 
0.625, -71.375, 2.747266930316675e-23, nan 
0.875, -71.375, 4.57961554425399e-23, nan 
1.125, -71.375, 4.6286716358811025e-23, nan 
1.375, -71.375, 4.922062598739878e-23, nan 
1.625, -71.375, 9.327472596684412e-23, nan 
1.875, -71.375, 1.0389099709497989e-22, nan 
2.125, -71.375, 4.0238643632093276e-23, nan 
2.375, -71.375, 5.409122766411978e-23, nan 
2.625, -71.375, 9.996316315126507e-23, nan 
2.875, -71.375, 9.22533689024916e-23, nan 
3.125, -71.375, 4.656762561929105e-23, nan 
3.375, -71.375, 5.856806851626828e-23, nan 
3.625, -71.375, 6.229396894344523e-23, nan 
3.875, -71.375, 9.950774465442926e-24, nan 
4.125, -71.375, 1.6605641715009134e-23, nan 
4.375, -71.375, 6.2519281462809276e-24, nan 
4.625, -71.375, 4.592405951178585e-24, nan 
4.875, -71.375, 8.177840952920548e-24, nan 
5.125, -71.375, 3.8412362802647464e-24, nan 
5.375, -71.375, 3.958758215978985e-24, nan 
5.625, -71.375, 4.7381381637598114e-24, nan 
-39.875, -71.125, 5.7293573064032276e-24, nan 
-39.625, -71.125, 4.382398750546365e-24, nan 
-39.375, -71.125, 4.371529712938378e-24, nan 
-39.125, -71.125, 3.718046535796058e-24, nan 
-38.875, -71.125, 6.443667576521647e-24, nan 
-38.625, -71.125, 7.225273093253042e-24, nan 
-38.375, -71.125, 4.612326870374771e-24, nan 
-38.125, -71.125, 5.609822039604367e-24, nan 
-37.875, -71.125, 4.777749804727309e-24, nan 
-37.625, -71.125, 4.0120972512766745e-24, nan 
-37.375, -71.125, 3.0365481492313067e-24, nan 
-37.125, -71.125, 4.711951347780961e-24, nan 
-36.875, -71.125, 3.956552826343073e-24, nan 
-36.625, -71.125, 5.0156965530865545e-24, nan 
-36.375, -71.125, 4.466698885965049e-24, nan 
-36.125, -71.125, 3.993671574232555e-24, nan 
-35.875, -71.125, 4.200741969780811e-24, nan 
-35.625, -71.125, 4.13030306241557e-24, nan 
-35.375, -71.125, 4.0437508497876336e-24, nan 
-35.125, -71.125, 4.842673756420731e-24, nan 
-34.875, -71.125, 3.798577408912325e-24, nan 
-34.625, -71.125, 4.599553531144297e-24, nan 
-34.375, -71.125, 6.363933661634543e-24, nan 
-34.125, -71.125, 4.883577179494904e-24, nan 
-33.875, -71.125, 3.507904816622402e-24, nan 
-33.625, -71.125, 1.9291928076138693e-24, nan 
-33.375, -71.125, 7.164768619833023e-24, nan 
-33.125, -71.125, 5.531168452666766e-24, nan 
-32.875, -71.125, 2.6166586293577722e-24, nan 
-32.625, -71.125, 2.9796666764861207e-24, nan 
-32.375, -71.125, 3.596953581689138e-24, nan 
-32.125, -71.125, 3.910808264522592e-24, nan 
-31.875, -71.125, 5.986687227591282e-24, nan 
-31.625, -71.125, 9.378399986180613e-24, nan 
-31.375, -71.125, 1.0895075471143725e-23, nan 
-31.125, -71.125, 7.210963186549209e-24, nan 
-30.875, -71.125, 2.7893634060216037e-23, nan 
-30.625, -71.125, 3.8511914838705337e-23, nan 
-30.375, -71.125, 3.055557764529713e-23, nan 
-30.125, -71.125, 5.383077197848053e-23, nan 
-29.875, -71.125, 6.071209758958244e-23, nan 
-29.625, -71.125, 4.226373050331689e-23, nan 
-29.375, -71.125, 3.734436164286197e-23, nan 
-29.125, -71.125, 3.535544401319228e-23, nan 
-28.875, -71.125, 3.433430986536785e-23, nan 
-28.625, -71.125, 3.326071018220239e-23, nan 
-28.375, -71.125, 2.759186277050348e-23, nan 
-28.125, -71.125, 2.8026673415083597e-23, nan 
-27.875, -71.125, 3.544820493124859e-23, nan 
-27.625, -71.125, 5.624014443172406e-23, nan 
-27.375, -71.125, 5.42786836113316e-23, nan 
-27.125, -71.125, 4.072682398153927e-23, nan 
-26.875, -71.125, 4.647219547440854e-23, nan 
-26.625, -71.125, 4.8531797643130784e-23, nan 
-26.375, -71.125, 3.485332946432591e-23, nan 
-26.125, -71.125, 1.0398283541802975e-23, nan 
-25.875, -71.125, 6.669600700585176e-24, nan 
-25.625, -71.125, 1.0131622385323472e-23, nan 
-25.375, -71.125, 9.038455687833787e-24, nan 
-25.125, -71.125, 7.427365321886172e-24, nan 
-24.875, -71.125, 7.384677510244549e-24, nan 
-24.625, -71.125, 6.01620307493076e-24, nan 
-24.375, -71.125, 5.626057111727515e-24, nan 
-24.125, -71.125, 6.401057008015795e-24, nan 
-23.875, -71.125, 5.102623223991504e-24, nan 
-23.625, -71.125, 3.665426430789844e-24, nan 
-23.375, -71.125, 6.157363746848649e-24, nan 
-23.125, -71.125, 4.704068326982316e-24, nan 
-22.875, -71.125, 3.781971151231894e-24, nan 
-22.625, -71.125, 3.836685877829357e-24, nan 
-22.375, -71.125, 7.308800344639915e-24, nan 
-22.125, -71.125, 8.183318588328318e-24, nan 
-21.875, -71.125, 7.590171903146002e-24, nan 
-21.625, -71.125, 5.274303286936109e-24, nan 
-21.375, -71.125, 9.491032704856983e-24, nan 
-21.125, -71.125, 8.986859355749108e-24, nan 
-20.875, -71.125, 6.024160834567681e-24, nan 
-20.625, -71.125, 1.327862802177341e-23, nan 
-20.375, -71.125, 2.4103085106355793e-23, nan 
-20.125, -71.125, 2.5657593134954897e-23, nan 
-19.875, -71.125, 1.333609612882762e-23, nan 
-19.625, -71.125, 2.947793707411166e-23, nan 
-19.375, -71.125, 3.68028726363583e-23, nan 
-19.125, -71.125, 2.578471002941285e-23, nan 
-18.875, -71.125, 2.479681150903993e-23, nan 
-18.625, -71.125, 3.0158895929330774e-23, nan 
-18.375, -71.125, 2.4994067003669765e-23, nan 
-18.125, -71.125, 2.9596509986511665e-23, nan 
-17.875, -71.125, 2.92035670733603e-23, nan 
-17.625, -71.125, 8.597618379037135e-24, nan 
-17.375, -71.125, 6.372402253872831e-24, nan 
-17.125, -71.125, 5.48850053335702e-24, nan 
-16.875, -71.125, 4.3774679605147173e-23, nan 
-16.625, -71.125, 4.5500839789693053e-23, nan 
-16.375, -71.125, 4.626606068758513e-23, nan 
-16.125, -71.125, 2.564217656205053e-23, nan 
-15.875, -71.125, 2.605648387520363e-23, nan 
-15.625, -71.125, 2.310329949947864e-23, nan 
-15.375, -71.125, 2.0785654840025736e-23, nan 
-15.125, -71.125, 1.631463263540991e-23, nan 
-14.875, -71.125, 9.447781205561746e-24, nan 
-14.625, -71.125, 7.772580241762035e-24, nan 
-14.375, -71.125, 5.9958778924305004e-24, nan 
-14.125, -71.125, 7.907148125826003e-24, nan 
-13.875, -71.125, 4.2053380109280074e-24, nan 
-13.625, -71.125, 5.096035555382549e-24, nan 
-13.375, -71.125, 8.113576016193934e-24, nan 
-13.125, -71.125, 9.117218550473279e-24, nan 
-12.875, -71.125, 1.730486650407427e-23, nan 
-12.625, -71.125, 8.695799073237197e-24, nan 
-12.375, -71.125, 9.369266368451787e-24, nan 
-12.125, -71.125, 2.4571365071204568e-23, nan 
-11.875, -71.125, 1.5560761199831635e-23, nan 
-11.625, -71.125, 1.5131514996867577e-23, nan 
-11.375, -71.125, 1.420538868066184e-23, nan 
-11.125, -71.125, 1.9972875712546954e-23, nan 
-10.875, -71.125, 1.639308496201141e-23, nan 
-10.625, -71.125, 6.60669472941996e-24, nan 
-10.375, -71.125, 9.487607618258143e-24, nan 
-10.125, -71.125, 8.120149007288826e-24, nan 
-9.875, -71.125, 1.786123007906004e-24, nan 
-9.625, -71.125, 1.2030657811669392e-24, nan 
-9.375, -71.125, 1.5020933048216477e-24, nan 
-9.125, -71.125, 1.4279934902833396e-24, nan 
-8.875, -71.125, 2.14471864543963e-24, nan 
-8.625, -71.125, 3.475046378580999e-24, nan 
-8.375, -71.125, 3.716687166510397e-24, nan 
-8.125, -71.125, 4.641612349399071e-24, nan 
-7.875, -71.125, 3.358620128585273e-24, nan 
-7.625, -71.125, 4.166091716262256e-24, nan 
-7.375, -71.125, 1.5043661942229778e-23, nan 
-7.125, -71.125, 4.647591180284814e-24, nan 
-6.875, -71.125, 1.7013254083444607e-24, nan 
-6.625, -71.125, 1.3320472581570259e-24, nan 
-6.375, -71.125, 1.5107396094186579e-24, nan 
-6.125, -71.125, 1.751759981868679e-24, nan 
-5.875, -71.125, 1.9103777399256234e-24, nan 
-5.625, -71.125, 3.0951490302569755e-24, nan 
-5.375, -71.125, 3.4090860636572386e-24, nan 
-5.125, -71.125, 4.776836447070444e-24, nan 
-4.875, -71.125, 3.76992661706146e-24, nan 
-4.625, -71.125, 3.0304047844296093e-24, nan 
-4.375, -71.125, 2.5659650098195586e-24, nan 
-4.125, -71.125, 5.258068843341023e-24, nan 
-3.875, -71.125, 5.781389045874893e-24, nan 
-3.625, -71.125, 4.7158897835343114e-23, nan 
-3.375, -71.125, 1.3062385556945865e-23, nan 
-3.125, -71.125, 2.2018574590456135e-23, nan 
-2.875, -71.125, 1.4382929426955104e-23, nan 
-2.625, -71.125, 3.348724432257786e-23, nan 
-2.375, -71.125, 3.1913205898937635e-23, nan 
-2.125, -71.125, 1.822375378037255e-23, nan 
-1.875, -71.125, 1.1992375202019695e-23, nan 
-1.625, -71.125, 6.0899043418348906e-24, nan 
-1.375, -71.125, 1.9015967998438134e-23, nan 
-1.125, -71.125, 3.4576748291499003e-23, nan 
-0.875, -71.125, 7.417780542291294e-23, nan 
-0.625, -71.125, 7.783018119593061e-23, nan 
-0.375, -71.125, 6.789553595872642e-23, nan 
-0.125, -71.125, 8.65429135974172e-23, nan 
0.125, -71.125, 6.516091712517035e-23, nan 
0.375, -71.125, 4.976134968042102e-23, nan 
0.625, -71.125, 3.043622639906822e-23, nan 
0.875, -71.125, 2.2090011433085598e-23, nan 
1.125, -71.125, 3.9251780661145736e-23, nan 
1.375, -71.125, 9.425622444969721e-23, nan 
1.625, -71.125, 1.2356073258550563e-22, nan 
1.875, -71.125, 9.655151130284941e-23, nan 
2.125, -71.125, 5.187925721610747e-23, nan 
2.375, -71.125, 7.345780356255771e-23, nan 
2.625, -71.125, 6.065583518596374e-23, nan 
2.875, -71.125, 6.14713712088394e-23, nan 
3.125, -71.125, 5.1149361822239344e-23, nan 
3.375, -71.125, 6.652090929087343e-23, nan 
3.625, -71.125, 7.453748756631647e-23, nan 
3.875, -71.125, 7.228461558829598e-23, nan 
4.125, -71.125, 5.670251433312266e-23, nan 
4.375, -71.125, 4.7204272448656985e-24, nan 
4.625, -71.125, 5.0980991210382995e-24, nan 
4.875, -71.125, 4.4354249519717275e-24, nan 
5.125, -71.125, 6.751011526102273e-24, nan 
5.375, -71.125, 8.639991727341014e-24, nan 
5.625, -71.125, 9.180182448613308e-24, nan 
-39.375, -70.875, 3.920991491579363e-24, nan 
-39.125, -70.875, 5.183375927641799e-24, nan 
-38.875, -70.875, 6.564336974110047e-24, nan 
-38.625, -70.875, 7.784958429812162e-24, nan 
-38.375, -70.875, 5.488034388137389e-24, nan 
-38.125, -70.875, 8.304410745807155e-24, nan 
-37.875, -70.875, 8.260684171026452e-24, nan 
-37.625, -70.875, 4.736813932171597e-24, nan 
-37.375, -70.875, 5.072917088156318e-24, nan 
-37.125, -70.875, 8.266684347771657e-24, nan 
-36.875, -70.875, 6.339954599545887e-24, nan 
-36.625, -70.875, 5.559186691555755e-24, nan 
-36.375, -70.875, 8.515299319827614e-24, nan 
-36.125, -70.875, 6.385925433791137e-24, nan 
-35.875, -70.875, 1.6420550301408937e-24, nan 
-35.625, -70.875, 2.988774977791868e-24, nan 
-35.375, -70.875, 1.943460687858742e-24, nan 
-35.125, -70.875, 1.9480310165467087e-24, nan 
-34.875, -70.875, 8.980937929623958e-25, nan 
-34.625, -70.875, 2.4425992614411112e-24, nan 
-34.375, -70.875, 6.95318514974836e-24, nan 
-34.125, -70.875, 9.64918049029e-24, nan 
-33.875, -70.875, 6.315411654663022e-24, nan 
-33.625, -70.875, 5.1386962223800175e-24, nan 
-33.375, -70.875, 1.0136126588674953e-23, nan 
-33.125, -70.875, 6.70662466900411e-24, nan 
-32.875, -70.875, 4.0803065350536186e-24, nan 
-32.625, -70.875, 3.7579701863705e-24, nan 
-32.375, -70.875, 4.000670881609404e-24, nan 
-32.125, -70.875, 3.8615912163100985e-24, nan 
-31.875, -70.875, 6.4722878726427184e-24, nan 
-31.625, -70.875, 8.212572088534419e-24, nan 
-31.375, -70.875, 9.97149144110548e-24, nan 
-31.125, -70.875, 1.1748574502931597e-23, nan 
-30.875, -70.875, 1.0115847431148596e-23, nan 
-30.625, -70.875, 1.1283702562825103e-23, nan 
-30.375, -70.875, 1.8566173570920797e-23, nan 
-30.125, -70.875, 2.906360161390534e-23, nan 
-29.875, -70.875, 4.182406133788501e-23, nan 
-29.625, -70.875, 4.433872818134915e-23, nan 
-29.375, -70.875, 3.208807350525337e-23, nan 
-29.125, -70.875, 3.945299113632972e-23, nan 
-28.875, -70.875, 3.79511096855659e-23, nan 
-28.625, -70.875, 3.552923756892943e-23, nan 
-28.375, -70.875, 3.419933407225811e-23, nan 
-28.125, -70.875, 3.175141228391487e-23, nan 
-27.875, -70.875, 3.5643574196816216e-23, nan 
-27.625, -70.875, 3.9672457701499877e-23, nan 
-27.375, -70.875, 3.6772403605140876e-23, nan 
-27.125, -70.875, 2.693023427865963e-23, nan 
-26.875, -70.875, 1.0668475646122904e-23, nan 
-26.625, -70.875, 1.2021466545932623e-23, nan 
-26.375, -70.875, 1.4225801742845955e-23, nan 
-26.125, -70.875, 8.985286657505085e-24, nan 
-25.875, -70.875, 4.0281875840901644e-24, nan 
-25.625, -70.875, 4.528576054068057e-24, nan 
-25.375, -70.875, 4.087874211279054e-24, nan 
-25.125, -70.875, 3.277096719445821e-24, nan 
-24.875, -70.875, 5.0047820719706886e-24, nan 
-24.625, -70.875, 3.1653803787550405e-24, nan 
-24.375, -70.875, 3.840141418555695e-24, nan 
-24.125, -70.875, 5.816981195312262e-24, nan 
-23.875, -70.875, 3.1757943771529842e-24, nan 
-23.625, -70.875, 6.128875211065819e-24, nan 
-23.375, -70.875, 8.177553471852713e-24, nan 
-23.125, -70.875, 8.937667890590967e-24, nan 
-22.875, -70.875, 6.044908864961603e-24, nan 
-22.625, -70.875, 7.70364843081209e-24, nan 
-22.375, -70.875, 1.0240031937279539e-23, nan 
-22.125, -70.875, 7.974481611551138e-24, nan 
-21.875, -70.875, 6.779000441224841e-24, nan 
-21.625, -70.875, 2.2933133937166013e-24, nan 
-21.375, -70.875, 1.2514088232584329e-23, nan 
-21.125, -70.875, 1.3066354735906034e-23, nan 
-20.875, -70.875, 1.1685713559628874e-23, nan 
-20.625, -70.875, 1.489420484424021e-23, nan 
-20.375, -70.875, 1.2877570580521727e-23, nan 
-20.125, -70.875, 1.7299777604588627e-23, nan 
-19.875, -70.875, 1.5434163755209692e-23, nan 
-19.625, -70.875, 1.7775902964657687e-23, nan 
-19.375, -70.875, 3.3836377272951654e-23, nan 
-19.125, -70.875, 4.65689606823683e-23, nan 
-18.875, -70.875, 6.640662678824311e-23, nan 
-18.625, -70.875, 6.92149966155811e-23, nan 
-18.375, -70.875, 5.2414063034931905e-23, nan 
-18.125, -70.875, 5.775951469646442e-23, nan 
-17.875, -70.875, 5.413569709673297e-23, nan 
-17.625, -70.875, 6.176372015204227e-23, nan 
-17.375, -70.875, 6.162383368532308e-23, nan 
-17.125, -70.875, 7.56354634642705e-23, nan 
-16.875, -70.875, 7.497864288490585e-23, nan 
-16.625, -70.875, 7.270709540331434e-23, nan 
-16.375, -70.875, 7.337736311743823e-23, nan 
-16.125, -70.875, 4.4398431094370594e-23, nan 
-15.875, -70.875, 2.7963959247699395e-23, nan 
-15.625, -70.875, 2.431108770307983e-23, nan 
-15.375, -70.875, 1.9245660776000907e-23, nan 
-15.125, -70.875, 1.4988974365458235e-23, nan 
-14.875, -70.875, 1.6911930085404455e-23, nan 
-14.625, -70.875, 1.996298469209635e-23, nan 
-14.375, -70.875, 1.364994207498629e-23, nan 
-14.125, -70.875, 1.674022567977586e-23, nan 
-13.875, -70.875, 1.0178542420175372e-23, nan 
-13.625, -70.875, 7.118482385128634e-24, nan 
-13.375, -70.875, 5.916219553037246e-24, nan 
-13.125, -70.875, 3.6649721261020846e-24, nan 
-12.875, -70.875, 1.805760395079243e-24, nan 
-12.625, -70.875, 3.7447919295634675e-24, nan 
-12.375, -70.875, 4.101162753973652e-24, nan 
-12.125, -70.875, 1.81361628338137e-23, nan 
-11.875, -70.875, 9.623793989615173e-24, nan 
-11.625, -70.875, 1.064211465806235e-23, nan 
-11.375, -70.875, 1.6289325736004332e-23, nan 
-11.125, -70.875, 1.721022844595838e-23, nan 
-10.875, -70.875, 1.5805659360668908e-23, nan 
-10.625, -70.875, 9.507119460476672e-24, nan 
-10.375, -70.875, 7.38327054716036e-24, nan 
-10.125, -70.875, 1.0844055832681966e-23, nan 
-9.875, -70.875, 1.455261939762333e-23, nan 
-9.625, -70.875, 1.0300744341931615e-23, nan 
-9.375, -70.875, 6.824582812523606e-24, nan 
-9.125, -70.875, 2.428899216205809e-24, nan 
-8.875, -70.875, 5.8911190838460884e-24, nan 
-8.625, -70.875, 1.0589249411129658e-23, nan 
-8.375, -70.875, 1.1959592386409944e-23, nan 
-8.125, -70.875, 2.5456952557324893e-23, nan 
-7.875, -70.875, 2.2140619337024164e-23, nan 
-7.625, -70.875, 1.1310603634498657e-23, nan 
-7.375, -70.875, 3.2893370140924806e-23, nan 
-7.125, -70.875, 9.242572817261203e-24, nan 
-6.875, -70.875, 1.6365901228120837e-23, nan 
-6.625, -70.875, 2.892723759760948e-23, nan 
-6.375, -70.875, 2.1909067824305558e-23, nan 
-6.125, -70.875, 2.387629948782161e-23, nan 
-5.875, -70.875, 2.6187348144416863e-23, nan 
-5.625, -70.875, 2.511240055832689e-23, nan 
-5.375, -70.875, 2.254973519567365e-23, nan 
-5.125, -70.875, 1.8715934373816597e-23, nan 
-4.875, -70.875, 9.683509102744785e-24, nan 
-4.625, -70.875, 1.1715960626418504e-23, nan 
-4.375, -70.875, 5.696997152765929e-23, nan 
-4.125, -70.875, 1.782258216791819e-23, nan 
-3.875, -70.875, 2.8713172085996385e-23, nan 
-3.625, -70.875, 1.0274381934951729e-22, nan 
-3.375, -70.875, 3.229897898904343e-23, nan 
-3.125, -70.875, 3.427594481119463e-23, nan 
-2.875, -70.875, 6.002451060716466e-23, nan 
-2.625, -70.875, 6.432355066405211e-23, nan 
-2.375, -70.875, 6.59094418898306e-23, nan 
-2.125, -70.875, 3.180555854676967e-23, nan 
-1.875, -70.875, 3.619857362492141e-23, nan 
-1.625, -70.875, 4.464022010754446e-23, nan 
-1.375, -70.875, 2.1104504736406014e-23, nan 
-1.125, -70.875, 1.9775039331109037e-23, nan 
-0.875, -70.875, 3.048057848949044e-23, nan 
-0.625, -70.875, 6.77198711627631e-23, nan 
-0.375, -70.875, 7.948797928421841e-23, nan 
-0.125, -70.875, 8.959352895745809e-23, nan 
0.125, -70.875, 7.781284657985741e-23, nan 
0.375, -70.875, 8.812359485681098e-23, nan 
0.625, -70.875, 1.2277160942100643e-22, nan 
0.875, -70.875, 9.559063774673684e-23, nan 
1.125, -70.875, 4.875665681241542e-23, nan 
1.375, -70.875, 1.5377817484142017e-22, nan 
1.625, -70.875, 1.57476208823075e-22, nan 
1.875, -70.875, 7.457039707007649e-23, nan 
2.125, -70.875, 9.819286489506523e-23, nan 
2.375, -70.875, 1.2584016195227608e-22, nan 
2.625, -70.875, 4.4329559313802937e-23, nan 
2.875, -70.875, 5.872703824332077e-23, nan 
3.125, -70.875, 5.67038850819668e-23, nan 
3.375, -70.875, 6.243750062378854e-23, nan 
3.625, -70.875, 9.640731878721145e-23, nan 
3.875, -70.875, 1.0308311289223272e-22, nan 
4.125, -70.875, 8.840770768764312e-23, nan 
4.375, -70.875, 6.715841146134931e-23, nan 
4.625, -70.875, 7.25101617079838e-23, nan 
4.875, -70.875, 6.067351592757486e-23, nan 
5.125, -70.875, 1.2144478566332631e-23, nan 
5.375, -70.875, 1.5135689202935604e-23, nan 
5.625, -70.875, 1.33156883803053e-23, nan 
-38.875, -70.625, 6.388431116161991e-24, nan 
-38.625, -70.625, 4.148010192413792e-24, nan 
-38.375, -70.625, 6.976132320795007e-24, nan 
-38.125, -70.625, 9.399463472697883e-24, nan 
-37.875, -70.625, 6.977409928895358e-24, nan 
-37.625, -70.625, 7.268755796893208e-24, nan 
-37.375, -70.625, 1.1613853451732753e-23, nan 
-37.125, -70.625, 8.591383154184502e-24, nan 
-36.875, -70.625, 5.416538124980169e-24, nan 
-36.625, -70.625, 4.120830249293478e-24, nan 
-36.375, -70.625, 7.024965595366802e-24, nan 
-36.125, -70.625, 4.821202248187912e-24, nan 
-35.875, -70.625, 2.9568089790185403e-24, nan 
-35.625, -70.625, 1.5649874201918257e-24, nan 
-35.375, -70.625, 3.1290906891826556e-24, nan 
-35.125, -70.625, 4.82267762740973e-24, nan 
-34.875, -70.625, 3.51267739358602e-24, nan 
-34.625, -70.625, 3.125572436466229e-24, nan 
-34.375, -70.625, 5.443547442998044e-24, nan 
-34.125, -70.625, 5.059215942568973e-24, nan 
-33.875, -70.625, 4.7029332050289426e-24, nan 
-33.625, -70.625, 2.428476722582873e-24, nan 
-33.375, -70.625, 4.635127593775562e-24, nan 
-33.125, -70.625, 5.024096896230491e-24, nan 
-32.875, -70.625, 2.0157496774468812e-24, nan 
-32.625, -70.625, 1.4632343560156481e-24, nan 
-32.375, -70.625, 3.841856805893115e-24, nan 
-32.125, -70.625, 3.628322734818024e-24, nan 
-31.875, -70.625, 2.410707279347992e-24, nan 
-31.625, -70.625, 4.443712456205984e-24, nan 
-31.375, -70.625, 7.028311104802864e-24, nan 
-31.125, -70.625, 7.542026325406082e-24, nan 
-30.875, -70.625, 7.595291349318244e-24, nan 
-30.625, -70.625, 1.6154091857489452e-23, nan 
-30.375, -70.625, 1.3293259856321243e-23, nan 
-30.125, -70.625, 1.293813409702928e-23, nan 
-29.875, -70.625, 3.8823402107983626e-23, nan 
-29.625, -70.625, 3.3407572243032076e-23, nan 
-29.375, -70.625, 1.5936699006944203e-23, nan 
-29.125, -70.625, 2.8280852581416485e-23, nan 
-28.875, -70.625, 2.3847215336854006e-23, nan 
-28.625, -70.625, 1.5411197932920612e-23, nan 
-28.375, -70.625, 9.618745249734108e-24, nan 
-28.125, -70.625, 1.1541776759873157e-23, nan 
-27.875, -70.625, 1.501711794732162e-23, nan 
-27.625, -70.625, 1.292494843415602e-23, nan 
-27.375, -70.625, 1.4846445309860052e-23, nan 
-27.125, -70.625, 1.6893597246647822e-23, nan 
-26.875, -70.625, 1.432197587349855e-23, nan 
-26.625, -70.625, 1.5987676514797836e-23, nan 
-26.375, -70.625, 2.259794477613681e-23, nan 
-26.125, -70.625, 1.926490749749397e-23, nan 
-25.875, -70.625, 2.0117470866498079e-23, nan 
-25.625, -70.625, 2.0097489389929683e-23, nan 
-25.375, -70.625, 1.8855347673148267e-23, nan 
-25.125, -70.625, 1.493124700115972e-23, nan 
-24.875, -70.625, 1.4005556893410374e-23, nan 
-24.625, -70.625, 9.589532736213715e-24, nan 
-24.375, -70.625, 8.90993210244215e-24, nan 
-24.125, -70.625, 9.005531889318309e-24, nan 
-23.875, -70.625, 9.477440138040957e-24, nan 
-23.625, -70.625, 1.4189574788706218e-23, nan 
-23.375, -70.625, 1.474716527234648e-23, nan 
-23.125, -70.625, 1.240478991431438e-23, nan 
-22.875, -70.625, 1.3744191492294098e-23, nan 
-22.625, -70.625, 1.3154171634248496e-23, nan 
-22.375, -70.625, 1.478637493388773e-23, nan 
-22.125, -70.625, 1.615724653470759e-23, nan 
-21.875, -70.625, 1.0684499194332188e-23, nan 
-21.625, -70.625, 2.1346908918213598e-23, nan 
-21.375, -70.625, 1.602131424763099e-23, nan 
-21.125, -70.625, 1.528548800690417e-23, nan 
-20.875, -70.625, 1.937793036531733e-23, nan 
-20.625, -70.625, 1.9132496547129377e-23, nan 
-20.375, -70.625, 1.5219041126832598e-23, nan 
-20.125, -70.625, 1.2658701212230764e-23, nan 
-19.875, -70.625, 2.4799011337264502e-23, nan 
-19.625, -70.625, 4.881505546920326e-23, nan 
-19.375, -70.625, 5.951938998692407e-23, nan 
-19.125, -70.625, 5.868085031029504e-23, nan 
-18.875, -70.625, 7.31718104656742e-23, nan 
-18.625, -70.625, 7.765152910074054e-23, nan 
-18.375, -70.625, 6.071253576460838e-23, nan 
-18.125, -70.625, 2.340638793956329e-23, nan 
-17.875, -70.625, 2.6090915521652757e-23, nan 
-17.625, -70.625, 5.478122517846381e-23, nan 
-17.375, -70.625, 5.0252748018122924e-23, nan 
-17.125, -70.625, 7.317200095429399e-23, nan 
-16.875, -70.625, 6.47274767364654e-23, nan 
-16.625, -70.625, 6.547563004044988e-23, nan 
-16.375, -70.625, 6.884576654855486e-23, nan 
-16.125, -70.625, 5.737560694119288e-23, nan 
-15.875, -70.625, 3.8617097831111135e-23, nan 
-15.625, -70.625, 4.435965934249257e-23, nan 
-15.375, -70.625, 3.511362072927614e-23, nan 
-15.125, -70.625, 4.316817060385831e-23, nan 
-14.875, -70.625, 2.0911648440363644e-23, nan 
-14.625, -70.625, 3.0848117295434705e-23, nan 
-14.375, -70.625, 1.8292456836370366e-23, nan 
-14.125, -70.625, 2.561776264812696e-23, nan 
-13.875, -70.625, 1.878941367614969e-23, nan 
-13.625, -70.625, 1.7600647533483874e-23, nan 
-13.375, -70.625, 2.974130368616904e-23, nan 
-13.125, -70.625, 1.909294521124706e-23, nan 
-12.875, -70.625, 7.563878207281386e-24, nan 
-12.625, -70.625, 6.25380685453724e-24, nan 
-12.375, -70.625, 2.1159494963433698e-24, nan 
-12.125, -70.625, 1.8368715052941963e-24, nan 
-11.875, -70.625, 4.6992380349313684e-24, nan 
-11.625, -70.625, 3.702396208028815e-24, nan 
-11.375, -70.625, 5.066107688315512e-24, nan 
-11.125, -70.625, 7.215556582493196e-24, nan 
-10.875, -70.625, 9.547512407087002e-24, nan 
-10.625, -70.625, 1.0563261757631253e-23, nan 
-10.375, -70.625, 9.128532277946432e-24, nan 
-10.125, -70.625, 1.4867395394857642e-23, nan 
-9.875, -70.625, 2.805581281203333e-23, nan 
-9.625, -70.625, 1.587673848487949e-23, nan 
-9.375, -70.625, 1.065401002978096e-23, nan 
-9.125, -70.625, 2.5026992784739858e-23, nan 
-8.875, -70.625, 2.2316930064395434e-23, nan 
-8.625, -70.625, 2.0755289034148264e-23, nan 
-8.375, -70.625, 2.050649075245032e-23, nan 
-8.125, -70.625, 4.119277825861359e-23, nan 
-7.875, -70.625, 4.7089206356065047e-23, nan 
-7.625, -70.625, 2.7019583835747375e-23, nan 
-7.375, -70.625, 4.3560631976983017e-23, nan 
-7.125, -70.625, 4.0259736061774446e-23, nan 
-6.875, -70.625, 4.8032252386044875e-23, nan 
-6.625, -70.625, 5.42084567721094e-23, nan 
-6.375, -70.625, 5.081554935177579e-23, nan 
-6.125, -70.625, 4.9621250418600357e-23, nan 
-5.875, -70.625, 5.420231642680555e-23, nan 
-5.625, -70.625, 5.457886124363611e-23, nan 
-5.375, -70.625, 5.738972748667865e-23, nan 
-5.125, -70.625, 4.929322196329189e-23, nan 
-4.875, -70.625, 3.877135481343532e-23, nan 
-4.625, -70.625, 3.9383800952733586e-23, nan 
-4.375, -70.625, 3.9849374782547874e-23, nan 
-4.125, -70.625, 4.1005767603917264e-23, nan 
-3.875, -70.625, 5.376046065619119e-23, nan 
-3.625, -70.625, 8.538161971592997e-23, nan 
-3.375, -70.625, 8.541631904221546e-23, nan 
-3.125, -70.625, 9.791890840455269e-23, nan 
-2.875, -70.625, 9.94282039377889e-23, nan 
-2.625, -70.625, 1.3611034913900109e-22, nan 
-2.375, -70.625, 1.4866077405557774e-22, nan 
-2.125, -70.625, 7.566177872214969e-23, nan 
-1.875, -70.625, 7.140071236278743e-23, nan 
-1.625, -70.625, 8.313591926892576e-23, nan 
-1.375, -70.625, 7.190031498878626e-23, nan 
-1.125, -70.625, 4.655174715313846e-23, nan 
-0.875, -70.625, 4.414012123301507e-23, nan 
-0.625, -70.625, 7.033617715532619e-23, nan 
-0.375, -70.625, 7.477840190771128e-23, nan 
-0.125, -70.625, 5.036913303848467e-23, nan 
0.125, -70.625, 4.575976767604474e-23, nan 
0.375, -70.625, 4.764065806390566e-23, nan 
0.625, -70.625, 6.824595463959366e-23, nan 
0.875, -70.625, 8.795709118091707e-23, nan 
1.125, -70.625, 5.608043996714762e-23, nan 
1.375, -70.625, 6.381545411609829e-23, nan 
1.625, -70.625, 5.584394377853514e-23, nan 
1.875, -70.625, 5.317652649862621e-23, nan 
2.125, -70.625, 7.073747807837828e-23, nan 
2.375, -70.625, 1.0449592555373329e-22, nan 
2.625, -70.625, 8.553645335769013e-23, nan 
2.875, -70.625, 1.0207580239875689e-22, nan 
3.125, -70.625, 1.187274889355373e-22, nan 
3.375, -70.625, 8.888814604613372e-23, nan 
3.625, -70.625, 1.1295015268949464e-22, nan 
3.875, -70.625, 1.1037495626336046e-22, nan 
4.125, -70.625, 8.121997080738708e-23, nan 
4.375, -70.625, 8.302297402516334e-23, nan 
4.625, -70.625, 8.459757946267024e-23, nan 
4.875, -70.625, 5.785237297510199e-23, nan 
5.125, -70.625, 1.5672370110941143e-23, nan 
5.375, -70.625, 1.6202370685132093e-23, nan 
5.625, -70.625, 1.1324084130147806e-23, nan 
-38.625, -70.375, 8.858407342113208e-24, nan 
-38.375, -70.375, 5.898847720814441e-24, nan 
-38.125, -70.375, 2.6378977230877004e-24, nan 
-37.875, -70.375, 6.919298261264031e-24, nan 
-37.625, -70.375, 6.741422831820464e-24, nan 
-37.375, -70.375, 9.804539248186448e-24, nan 
-37.125, -70.375, 5.3294865623719474e-24, nan 
-36.875, -70.375, 3.850794778226697e-24, nan 
-36.625, -70.375, 6.745598370910648e-24, nan 
-36.375, -70.375, 4.220631620415836e-24, nan 
-36.125, -70.375, 4.025697998392948e-24, nan 
-35.875, -70.375, 6.371723227918854e-24, nan 
-35.625, -70.375, 5.132075166010257e-24, nan 
-35.375, -70.375, 3.294225803131137e-24, nan 
-35.125, -70.375, 5.430822114985887e-24, nan 
-34.875, -70.375, 5.925056586081209e-24, nan 
-34.625, -70.375, 3.9858943537731465e-24, nan 
-34.375, -70.375, 6.129080083485268e-24, nan 
-34.125, -70.375, 5.540978108013182e-24, nan 
-33.875, -70.375, 3.9740746338661024e-24, nan 
-33.625, -70.375, 7.742314933459551e-25, nan 
-33.375, -70.375, 3.0464631188743125e-24, nan 
-33.125, -70.375, 3.118479346569069e-24, nan 
-32.875, -70.375, 4.065259974460261e-24, nan 
-32.625, -70.375, 4.42046363328304e-24, nan 
-32.375, -70.375, 3.7937637226871104e-24, nan 
-32.125, -70.375, 4.853649168737547e-24, nan 
-31.875, -70.375, 5.626399450764443e-24, nan 
-31.625, -70.375, 1.1025565125912938e-23, nan 
-31.375, -70.375, 1.9944256124422144e-23, nan 
-31.125, -70.375, 2.2949525563506494e-23, nan 
-30.875, -70.375, 5.5777905185828015e-24, nan 
-30.625, -70.375, 6.705819946373326e-24, nan 
-30.375, -70.375, 4.207547340183994e-24, nan 
-30.125, -70.375, 3.973938458484593e-24, nan 
-29.875, -70.375, 1.6721356038389242e-23, nan 
-29.625, -70.375, 1.3288330515397704e-23, nan 
-29.375, -70.375, 1.2694342098969717e-23, nan 
-29.125, -70.375, 1.2112695894085809e-23, nan 
-28.875, -70.375, 1.2883068214120124e-23, nan 
-28.625, -70.375, 1.389251427073986e-23, nan 
-28.375, -70.375, 5.119220602842299e-24, nan 
-28.125, -70.375, 8.357460015824404e-24, nan 
-27.875, -70.375, 1.1636332755838928e-23, nan 
-27.625, -70.375, 1.2964165721189571e-23, nan 
-27.375, -70.375, 1.2266701409495965e-23, nan 
-27.125, -70.375, 1.582816488027664e-23, nan 
-26.875, -70.375, 2.1864521284392037e-23, nan 
-26.625, -70.375, 2.3221263317059863e-23, nan 
-26.375, -70.375, 2.1871792736731411e-23, nan 
-26.125, -70.375, 2.2148497065141816e-23, nan 
-25.875, -70.375, 2.5567103368164955e-23, nan 
-25.625, -70.375, 2.3133762380675566e-23, nan 
-25.375, -70.375, 2.3447506196455304e-23, nan 
-25.125, -70.375, 2.0835112280375962e-23, nan 
-24.875, -70.375, 2.2337593202841652e-23, nan 
-24.625, -70.375, 2.2731495920836536e-23, nan 
-24.375, -70.375, 2.291835335682003e-23, nan 
-24.125, -70.375, 2.0499565415082002e-23, nan 
-23.875, -70.375, 2.131429151446918e-23, nan 
-23.625, -70.375, 1.974375238068216e-23, nan 
-23.375, -70.375, 1.8997347711661176e-23, nan 
-23.125, -70.375, 1.691423134270178e-23, nan 
-22.875, -70.375, 1.8740140052755344e-23, nan 
-22.625, -70.375, 2.176169292836156e-23, nan 
-22.375, -70.375, 2.0172833970288955e-23, nan 
-22.125, -70.375, 1.9469865677280596e-23, nan 
-21.875, -70.375, 1.8646919601814358e-23, nan 
-21.625, -70.375, 2.3117824418162578e-23, nan 
-21.375, -70.375, 1.4965788875614543e-23, nan 
-21.125, -70.375, 1.4226731408772672e-23, nan 
-20.875, -70.375, 1.3346788506153652e-23, nan 
-20.625, -70.375, 1.754540197521689e-23, nan 
-20.375, -70.375, 1.6717842042279294e-23, nan 
-20.125, -70.375, 1.9074471185902777e-23, nan 
-19.875, -70.375, 2.3614203520152128e-23, nan 
-19.625, -70.375, 4.2883681966423796e-23, nan 
-19.375, -70.375, 4.898927709864253e-23, nan 
-19.125, -70.375, 4.688199427680867e-23, nan 
-18.875, -70.375, 5.172024937031586e-23, nan 
-18.625, -70.375, 6.42717791830124e-23, nan 
-18.375, -70.375, 5.431324591994562e-23, nan 
-18.125, -70.375, 1.5651960863263688e-23, nan 
-17.875, -70.375, 9.309788169423137e-24, nan 
-17.625, -70.375, 1.3233556277600948e-23, nan 
-17.375, -70.375, 1.2241508898982205e-23, nan 
-17.125, -70.375, 2.9676781109875705e-23, nan 
-16.875, -70.375, 4.7063492356615334e-23, nan 
-16.625, -70.375, 4.154884920328374e-23, nan 
-16.375, -70.375, 5.3690802766777e-23, nan 
-16.125, -70.375, 5.464839909825626e-23, nan 
-15.875, -70.375, 5.856425254660206e-23, nan 
-15.625, -70.375, 2.1419026247866003e-23, nan 
-15.375, -70.375, 4.2237091202788516e-23, nan 
-15.125, -70.375, 8.064137530403118e-23, nan 
-14.875, -70.375, 2.5574376504470622e-23, nan 
-14.625, -70.375, 3.643634256941959e-23, nan 
-14.375, -70.375, 4.897520762613938e-23, nan 
-14.125, -70.375, 3.833547505871936e-23, nan 
-13.875, -70.375, 6.625037428797771e-23, nan 
-13.625, -70.375, 5.814188119707857e-23, nan 
-13.375, -70.375, 5.541422703885402e-23, nan 
-13.125, -70.375, 4.4679723211418185e-23, nan 
-12.875, -70.375, 3.5797067365081074e-23, nan 
-12.625, -70.375, 3.4188753043685585e-23, nan 
-12.375, -70.375, 1.8185677225827995e-23, nan 
-12.125, -70.375, 5.560582959857332e-24, nan 
-11.875, -70.375, 1.3729204456245983e-23, nan 
-11.625, -70.375, 1.1891966345284822e-23, nan 
-11.375, -70.375, 1.2718894015758594e-23, nan 
-11.125, -70.375, 1.344795802578547e-23, nan 
-10.875, -70.375, 6.999651769485528e-24, nan 
-10.625, -70.375, 1.2419829886918529e-23, nan 
-10.375, -70.375, 1.2790711408633853e-23, nan 
-10.125, -70.375, 8.862250335623524e-24, nan 
-9.875, -70.375, 1.3542789113537833e-23, nan 
-9.625, -70.375, 1.4505105458453967e-23, nan 
-9.375, -70.375, 1.9819674388856352e-23, nan 
-9.125, -70.375, 2.059902376588987e-23, nan 
-8.875, -70.375, 9.837920196872564e-24, nan 
-8.625, -70.375, 6.2308685519800194e-24, nan 
-8.375, -70.375, 1.1044073307389962e-23, nan 
-8.125, -70.375, 1.8731781925369032e-23, nan 
-7.875, -70.375, 2.255035561430906e-23, nan 
-7.625, -70.375, 1.5196321381532666e-23, nan 
-7.375, -70.375, 2.63623339779735e-23, nan 
-7.125, -70.375, 2.2115609394615023e-23, nan 
-6.875, -70.375, 4.3709775631266553e-23, nan 
-6.625, -70.375, 5.241844687109717e-23, nan 
-6.375, -70.375, 4.864210502570543e-23, nan 
-6.125, -70.375, 5.0863430736423433e-23, nan 
-5.875, -70.375, 5.212109900488982e-23, nan 
-5.625, -70.375, 5.041193759748577e-23, nan 
-5.375, -70.375, 4.666696852271298e-23, nan 
-5.125, -70.375, 4.082332165024992e-23, nan 
-4.875, -70.375, 3.433596521576597e-23, nan 
-4.625, -70.375, 1.8750877262608295e-23, nan 
-4.375, -70.375, 5.597200952120761e-24, nan 
-4.125, -70.375, 8.416142487370316e-24, nan 
-3.875, -70.375, 4.177008292644277e-24, nan 
-3.625, -70.375, 2.7474245869530954e-23, nan 
-3.375, -70.375, 5.045734510647407e-23, nan 
-3.125, -70.375, 5.414575380424971e-23, nan 
-2.875, -70.375, 8.522398446760698e-23, nan 
-2.625, -70.375, 1.1733079034152782e-22, nan 
-2.375, -70.375, 1.2685094701204407e-22, nan 
-2.125, -70.375, 7.234368800319499e-23, nan 
-1.875, -70.375, 3.9145415537555664e-23, nan 
-1.625, -70.375, 2.897662332361408e-23, nan 
-1.375, -70.375, 3.2951902333609464e-23, nan 
-1.125, -70.375, 4.626449848508296e-23, nan 
-0.875, -70.375, 4.658571660687198e-23, nan 
-0.625, -70.375, 9.222357240268941e-23, nan 
-0.375, -70.375, 1.2988428598295202e-22, nan 
-0.125, -70.375, 1.0524436409730551e-22, nan 
0.125, -70.375, 1.4122643092897939e-22, nan 
0.375, -70.375, 1.3609455410204e-22, nan 
0.625, -70.375, 9.351563960320643e-23, nan 
0.875, -70.375, 1.2004472218619975e-22, nan 
1.125, -70.375, 1.438942251627873e-22, nan 
1.375, -70.375, 9.457652433785635e-23, nan 
1.625, -70.375, 1.0614313407423897e-22, nan 
1.875, -70.375, 1.7952910530912518e-22, nan 
2.125, -70.375, 1.3391714957856761e-22, nan 
2.375, -70.375, 5.692711491223809e-23, nan 
2.625, -70.375, 1.2742663029389138e-22, nan 
2.875, -70.375, 1.189252570246255e-22, nan 
3.125, -70.375, 1.0142301248554289e-22, nan 
3.375, -70.375, 9.761858417942572e-23, nan 
3.625, -70.375, 1.0478992465654131e-22, nan 
3.875, -70.375, 9.903554703178686e-23, nan 
4.125, -70.375, 7.017550676611384e-23, nan 
4.375, -70.375, 3.386838353323688e-24, nan 
4.625, -70.375, 1.1195574357639924e-23, nan 
4.875, -70.375, 3.722930085425402e-23, nan 
5.125, -70.375, 9.845329865823429e-24, nan 
5.375, -70.375, 1.7035696290210387e-23, nan 
5.625, -70.375, 3.671394284845797e-23, nan 
5.875, -70.375, 3.686441852619586e-23, nan 
-38.125, -70.125, 6.319389763378592e-24, nan 
-37.875, -70.125, 7.2985454258653e-24, nan 
-37.625, -70.125, 6.700940613271541e-24, nan 
-37.375, -70.125, 4.921651855227251e-24, nan 
-37.125, -70.125, 5.546899211952716e-24, nan 
-36.875, -70.125, 6.89034829112547e-24, nan 
-36.625, -70.125, 9.727987565979445e-24, nan 
-36.375, -70.125, 7.121368681295537e-24, nan 
-36.125, -70.125, 5.687020183703748e-24, nan 
-35.875, -70.125, 1.0465195969686274e-23, nan 
-35.625, -70.125, 9.088564978259201e-24, nan 
-35.375, -70.125, 6.731780540534974e-24, nan 
-35.125, -70.125, 6.0596017006535764e-24, nan 
-34.875, -70.125, 6.6046463914743325e-24, nan 
-34.625, -70.125, 6.1928283285311865e-24, nan 
-34.375, -70.125, 5.148183044766543e-24, nan 
-34.125, -70.125, 3.5101868405451575e-24, nan 
-33.875, -70.125, 2.501306085282321e-24, nan 
-33.625, -70.125, 4.698005418079761e-24, nan 
-33.375, -70.125, 3.308657519582664e-24, nan 
-33.125, -70.125, 3.565857892324366e-24, nan 
-32.875, -70.125, 5.054060261332532e-24, nan 
-32.625, -70.125, 5.061352269801143e-24, nan 
-32.375, -70.125, 1.3294322661527153e-23, nan 
-32.125, -70.125, 2.5415008477169173e-23, nan 
-31.875, -70.125, 2.625389814755972e-23, nan 
-31.625, -70.125, 2.5310135834819967e-23, nan 
-31.375, -70.125, 4.6540441933723474e-23, nan 
-31.125, -70.125, 4.6437400011410483e-23, nan 
-30.875, -70.125, 1.766920563332899e-23, nan 
-30.625, -70.125, 2.588391572969747e-23, nan 
-30.375, -70.125, 2.6481132376117435e-23, nan 
-30.125, -70.125, 4.8582074589588456e-24, nan 
-29.875, -70.125, 4.692177213915749e-24, nan 
-29.625, -70.125, 4.914244037906597e-24, nan 
-29.375, -70.125, 6.75452109040707e-24, nan 
-29.125, -70.125, 1.0044034485824006e-23, nan 
-28.875, -70.125, 1.0264141136739402e-23, nan 
-28.625, -70.125, 1.0552072454183375e-23, nan 
-28.375, -70.125, 1.138333893818403e-23, nan 
-28.125, -70.125, 7.693885349644341e-24, nan 
-27.875, -70.125, 4.081960167651979e-24, nan 
-27.625, -70.125, 6.454744603923469e-24, nan 
-27.375, -70.125, 9.239029972457393e-24, nan 
-27.125, -70.125, 1.4780609425490004e-23, nan 
-26.875, -70.125, 1.950742521977663e-23, nan 
-26.625, -70.125, 1.7264022816673954e-23, nan 
-26.375, -70.125, 1.0479196781315875e-23, nan 
-26.125, -70.125, 1.2397649539474622e-23, nan 
-25.875, -70.125, 8.193969070950611e-24, nan 
-25.625, -70.125, 8.930364290490702e-24, nan 
-25.375, -70.125, 1.1295556118623599e-23, nan 
-25.125, -70.125, 1.672228328370689e-23, nan 
-24.875, -70.125, 1.8531204806758196e-23, nan 
-24.625, -70.125, 2.1236429534995846e-23, nan 
-24.375, -70.125, 2.419912879428381e-23, nan 
-24.125, -70.125, 2.373850111273455e-23, nan 
-23.875, -70.125, 2.3135120569439662e-23, nan 
-23.625, -70.125, 1.9587760477134478e-23, nan 
-23.375, -70.125, 1.880358397063757e-23, nan 
-23.125, -70.125, 2.358605901661235e-23, nan 
-22.875, -70.125, 2.3507756356791324e-23, nan 
-22.625, -70.125, 2.432763291092857e-23, nan 
-22.375, -70.125, 2.1370785452992606e-23, nan 
-22.125, -70.125, 1.8369922550550397e-23, nan 
-21.875, -70.125, 2.2072549056211195e-23, nan 
-21.625, -70.125, 1.780595674531609e-23, nan 
-21.375, -70.125, 1.8917171234157956e-23, nan 
-21.125, -70.125, 1.7417730765144932e-23, nan 
-20.875, -70.125, 1.2594638549818564e-23, nan 
-20.625, -70.125, 1.0259138274962322e-23, nan 
-20.375, -70.125, 1.3331354678424837e-23, nan 
-20.125, -70.125, 1.9533442361042008e-23, nan 
-19.875, -70.125, 2.0911929132719925e-23, nan 
-19.625, -70.125, 2.1929480967448033e-23, nan 
-19.375, -70.125, 2.1479306752086778e-23, nan 
-19.125, -70.125, 3.061189476619997e-23, nan 
-18.875, -70.125, 5.405055467711517e-23, nan 
-18.625, -70.125, 6.394891152256673e-23, nan 
-18.375, -70.125, 4.1546605813105845e-23, nan 
-18.125, -70.125, 4.374699901960834e-23, nan 
-17.875, -70.125, 4.380944841698185e-23, nan 
-17.625, -70.125, 2.4569622351329448e-23, nan 
-17.375, -70.125, 8.024596472956888e-24, nan 
-17.125, -70.125, 1.0045224393637753e-23, nan 
-16.875, -70.125, 1.3094015850431279e-23, nan 
-16.625, -70.125, 1.495138411744085e-23, nan 
-16.375, -70.125, 1.8494196814036834e-23, nan 
-16.125, -70.125, 3.691250064700316e-23, nan 
-15.875, -70.125, 4.1940477182971995e-23, nan 
-15.625, -70.125, 2.8642510100208545e-23, nan 
-15.375, -70.125, 4.990909406014369e-23, nan 
-15.125, -70.125, 4.844376242828031e-23, nan 
-14.875, -70.125, 3.094179597199738e-23, nan 
-14.625, -70.125, 3.5230058676534534e-23, nan 
-14.375, -70.125, 4.262193916873828e-23, nan 
-14.125, -70.125, 4.795315967889988e-23, nan 
-13.875, -70.125, 8.588660805212774e-23, nan 
-13.625, -70.125, 8.385226442542229e-23, nan 
-13.375, -70.125, 7.955191257671289e-23, nan 
-13.125, -70.125, 7.366713754552391e-23, nan 
-12.875, -70.125, 6.897343317147059e-23, nan 
-12.625, -70.125, 6.647078213465786e-23, nan 
-12.375, -70.125, 5.589090250042604e-23, nan 
-12.125, -70.125, 2.785548765943743e-23, nan 
-11.875, -70.125, 5.0347406247686464e-24, nan 
-11.625, -70.125, 2.0028949114955664e-23, nan 
-11.375, -70.125, 9.164470798860607e-24, nan 
-11.125, -70.125, 1.0472614852835792e-23, nan 
-10.875, -70.125, 1.0376278289327913e-23, nan 
-10.625, -70.125, 1.2957088220924284e-23, nan 
-10.375, -70.125, 1.9458620709740145e-23, nan 
-10.125, -70.125, 1.5805111667486042e-23, nan 
-9.875, -70.125, 1.4776474935667756e-23, nan 
-9.625, -70.125, 2.355354967742973e-23, nan 
-9.375, -70.125, 2.9159681770594294e-23, nan 
-9.125, -70.125, 2.5838352416576998e-23, nan 
-8.875, -70.125, 2.6326330267948416e-23, nan 
-8.625, -70.125, 3.2534803387806485e-23, nan 
-8.375, -70.125, 2.3171763266751434e-23, nan 
-8.125, -70.125, 1.9213028064920362e-23, nan 
-7.875, -70.125, 2.700440883538375e-23, nan 
-7.625, -70.125, 2.7139517385737216e-23, nan 
-7.375, -70.125, 4.951592237716082e-23, nan 
-7.125, -70.125, 3.28062478095841e-23, nan 
-6.875, -70.125, 2.2947723368597443e-23, nan 
-6.625, -70.125, 3.315472103144268e-23, nan 
-6.375, -70.125, 3.078023211726309e-23, nan 
-6.125, -70.125, 2.930579499915757e-23, nan 
-5.875, -70.125, 2.7674619323717934e-23, nan 
-5.625, -70.125, 3.201995161630174e-23, nan 
-5.375, -70.125, 3.689148782464901e-23, nan 
-5.125, -70.125, 3.07775538301444e-23, nan 
-4.875, -70.125, 4.3836739805959126e-23, nan 
-4.625, -70.125, 3.784353979705472e-23, nan 
-4.375, -70.125, 1.9590855858077663e-23, nan 
-4.125, -70.125, 2.3656827679495674e-23, nan 
-3.875, -70.125, 3.275260680840195e-23, nan 
-3.625, -70.125, 3.970481066908022e-23, nan 
-3.375, -70.125, 3.89985370108937e-23, nan 
-3.125, -70.125, 2.0460063925430197e-23, nan 
-2.875, -70.125, 1.1574330322070662e-23, nan 
-2.625, -70.125, 2.170351493213257e-23, nan 
-2.375, -70.125, 3.1340196911880233e-23, nan 
-2.125, -70.125, 1.8794715692887167e-23, nan 
-1.875, -70.125, 2.4788053794747398e-23, nan 
-1.625, -70.125, 3.212811027928284e-23, nan 
-1.375, -70.125, 3.5887654981902154e-23, nan 
-1.125, -70.125, 2.631317255706914e-23, nan 
-0.875, -70.125, 3.468161274289522e-23, nan 
-0.625, -70.125, 4.625061233187752e-23, nan 
-0.375, -70.125, 1.0389546973799544e-22, nan 
-0.125, -70.125, 1.739405070208457e-22, nan 
0.125, -70.125, 1.4077302805454411e-22, nan 
0.375, -70.125, 1.4726219445620522e-22, nan 
0.625, -70.125, 2.134157436169008e-22, nan 
0.875, -70.125, 4.6258245145128387e-23, nan 
1.125, -70.125, 5.403498802827701e-23, nan 
1.375, -70.125, 1.0138778791716339e-22, nan 
1.625, -70.125, 7.545102775447702e-23, nan 
1.875, -70.125, 1.29938861930449e-22, nan 
2.125, -70.125, 1.115487224610652e-22, nan 
2.375, -70.125, 2.3437762690571603e-23, nan 
2.625, -70.125, 2.818637862841478e-23, nan 
2.875, -70.125, 1.9237934481631643e-23, nan 
3.125, -70.125, 1.583463446764335e-23, nan 
3.375, -70.125, 2.3987838746175098e-23, nan 
3.625, -70.125, 2.912259148569852e-23, nan 
3.875, -70.125, 2.7721099669818256e-23, nan 
4.125, -70.125, 5.580470500996901e-23, nan 
4.375, -70.125, 2.4056861495180879e-23, nan 
4.625, -70.125, 3.1185293048267574e-23, nan 
4.875, -70.125, 7.862057388897098e-23, nan 
5.125, -70.125, 4.034554627816465e-23, nan 
5.375, -70.125, 3.67334024359216e-23, nan 
5.625, -70.125, 7.363441973493833e-23, nan 
5.875, -70.125, 2.386458932809854e-23, nan 
-37.875, -69.875, 6.741971902979089e-24, nan 
-37.625, -69.875, 6.254015789941159e-24, nan 
-37.375, -69.875, 6.001502991546337e-24, nan 
-37.125, -69.875, 6.608732313309802e-24, nan 
-36.875, -69.875, 7.125443679658392e-24, nan 
-36.625, -69.875, 6.777266400669502e-24, nan 
-36.375, -69.875, 6.438075649220642e-24, nan 
-36.125, -69.875, 5.380250190987912e-24, nan 
-35.875, -69.875, 8.573216306198532e-24, nan 
-35.625, -69.875, 7.571407889460865e-24, nan 
-35.375, -69.875, 6.2719515056001326e-24, nan 
-35.125, -69.875, 8.338462886470496e-24, nan 
-34.875, -69.875, 7.35536794539085e-24, nan 
-34.625, -69.875, 5.296842244802294e-24, nan 
-34.375, -69.875, 3.908660803539654e-24, nan 
-34.125, -69.875, 2.8727424168325512e-24, nan 
-33.875, -69.875, 3.880359724411252e-24, nan 
-33.625, -69.875, 6.761525909410662e-24, nan 
-33.375, -69.875, 9.040220076887201e-24, nan 
-33.125, -69.875, 7.937644895931591e-24, nan 
-32.875, -69.875, 2.467044401407927e-24, nan 
-32.625, -69.875, 2.6809427682285888e-24, nan 
-32.375, -69.875, 5.3533095624703164e-24, nan 
-32.125, -69.875, 4.019363282496087e-24, nan 
-31.875, -69.875, 1.0293377286829937e-23, nan 
-31.625, -69.875, 1.4329500826876717e-23, nan 
-31.375, -69.875, 2.356923663904241e-23, nan 
-31.125, -69.875, 2.257876258774221e-23, nan 
-30.875, -69.875, 9.441642025428441e-24, nan 
-30.625, -69.875, 4.5786041250128764e-24, nan 
-30.375, -69.875, 8.537987950559842e-24, nan 
-30.125, -69.875, 9.332166059384095e-24, nan 
-29.875, -69.875, 8.171516105816153e-24, nan 
-29.625, -69.875, 9.119239198027512e-24, nan 
-29.375, -69.875, 1.045139417080708e-23, nan 
-29.125, -69.875, 1.1013935970849658e-23, nan 
-28.875, -69.875, 4.5957811867852156e-24, nan 
-28.625, -69.875, 6.420142315141287e-24, nan 
-28.375, -69.875, 1.1718102231483686e-23, nan 
-28.125, -69.875, 7.989321494943544e-24, nan 
-27.875, -69.875, 2.8863077509218287e-24, nan 
-27.625, -69.875, 4.424037554639164e-24, nan 
-27.375, -69.875, 1.9240836973338798e-23, nan 
-27.125, -69.875, 4.263156037785141e-23, nan 
-26.875, -69.875, 4.756465491627482e-23, nan 
-26.625, -69.875, 4.624691648890334e-23, nan 
-26.375, -69.875, 4.3629816606973503e-23, nan 
-26.125, -69.875, 1.341538436769875e-23, nan 
-25.875, -69.875, 2.1321805310055195e-23, nan 
-25.625, -69.875, 1.6089876641225766e-23, nan 
-25.375, -69.875, 1.6893799491347334e-23, nan 
-25.125, -69.875, 1.9133345650371442e-23, nan 
-24.875, -69.875, 2.1600393870677003e-23, nan 
-24.625, -69.875, 2.3494247631064916e-23, nan 
-24.375, -69.875, 2.0984433233138744e-23, nan 
-24.125, -69.875, 2.1231466179985004e-23, nan 
-23.875, -69.875, 1.6938293261645372e-23, nan 
-23.625, -69.875, 2.0036796498415735e-23, nan 
-23.375, -69.875, 2.1447766019317414e-23, nan 
-23.125, -69.875, 2.775546224587949e-23, nan 
-22.875, -69.875, 2.662821118990058e-23, nan 
-22.625, -69.875, 2.493100278134444e-23, nan 
-22.375, -69.875, 2.2208028662798202e-23, nan 
-22.125, -69.875, 1.5430019038703675e-23, nan 
-21.875, -69.875, 1.702020172446883e-23, nan 
-21.625, -69.875, 1.3636873097820097e-23, nan 
-21.375, -69.875, 1.9026498635203052e-23, nan 
-21.125, -69.875, 1.5480632564142792e-23, nan 
-20.875, -69.875, 1.1766722655294033e-23, nan 
-20.625, -69.875, 1.0541850509393861e-23, nan 
-20.375, -69.875, 1.0987678217367895e-23, nan 
-20.125, -69.875, 1.5112124795873863e-23, nan 
-19.875, -69.875, 1.950896624551506e-23, nan 
-19.625, -69.875, 1.966386324789936e-23, nan 
-19.375, -69.875, 3.227801102030436e-23, nan 
-19.125, -69.875, 3.380662174687093e-23, nan 
-18.875, -69.875, 3.858371374801102e-23, nan 
-18.625, -69.875, 5.308341149798195e-23, nan 
-18.375, -69.875, 4.5984842808992587e-23, nan 
-18.125, -69.875, 6.791053397822302e-23, nan 
-17.875, -69.875, 5.0666556462231185e-23, nan 
-17.625, -69.875, 3.4066219787148106e-23, nan 
-17.375, -69.875, 4.504378336285774e-24, nan 
-17.125, -69.875, 5.9435342576906834e-24, nan 
-16.875, -69.875, 5.929058617592683e-24, nan 
-16.625, -69.875, 6.3739544606553875e-24, nan 
-16.375, -69.875, 4.274255154959515e-23, nan 
-16.125, -69.875, 4.918049365810335e-23, nan 
-15.875, -69.875, 5.492921463537054e-23, nan 
-15.625, -69.875, 6.583959787345106e-23, nan 
-15.375, -69.875, 8.635351027512727e-23, nan 
-15.125, -69.875, 9.15726002390987e-23, nan 
-14.875, -69.875, 7.63119262471864e-23, nan 
-14.625, -69.875, 8.661075194136761e-23, nan 
-14.375, -69.875, 8.21647334468617e-23, nan 
-14.125, -69.875, 5.696358815083564e-23, nan 
-13.875, -69.875, 4.599800826787971e-23, nan 
-13.625, -69.875, 7.42015030175849e-23, nan 
-13.375, -69.875, 9.521527504718037e-23, nan 
-13.125, -69.875, 1.1854791054525908e-22, nan 
-12.875, -69.875, 9.42777210765782e-23, nan 
-12.625, -69.875, 9.316819236991504e-23, nan 
-12.375, -69.875, 9.987204124296278e-23, nan 
-12.125, -69.875, 6.529977186315018e-23, nan 
-11.875, -69.875, 2.5102283841042328e-23, nan 
-11.625, -69.875, 1.811467337007072e-23, nan 
-11.375, -69.875, 5.42263059148841e-24, nan 
-11.125, -69.875, 9.250694551619544e-24, nan 
-10.875, -69.875, 8.172955038964e-24, nan 
-10.625, -69.875, 1.2963148383017146e-23, nan 
-10.375, -69.875, 1.87443428955914e-23, nan 
-10.125, -69.875, 1.9188832191706806e-23, nan 
-9.875, -69.875, 1.8888325846509423e-23, nan 
-9.625, -69.875, 1.5487495085211386e-23, nan 
-9.375, -69.875, 1.894957876595601e-23, nan 
-9.125, -69.875, 1.851293972632176e-23, nan 
-8.875, -69.875, 3.354566765315389e-23, nan 
-8.625, -69.875, 3.785829228958687e-23, nan 
-8.375, -69.875, 3.2585522363103785e-23, nan 
-8.125, -69.875, 6.180492930330353e-23, nan 
-7.875, -69.875, 4.0602538769304697e-23, nan 
-7.625, -69.875, 3.6094299032403436e-23, nan 
-7.375, -69.875, 7.521418034962842e-23, nan 
-7.125, -69.875, 4.2198510975025306e-23, nan 
-6.875, -69.875, 3.0304563873413257e-23, nan 
-6.625, -69.875, 3.2374551013339465e-23, nan 
-6.375, -69.875, 3.3168200552859904e-23, nan 
-6.125, -69.875, 2.759232335957942e-23, nan 
-5.875, -69.875, 4.0480743637117964e-23, nan 
-5.625, -69.875, 5.1956171690818434e-23, nan 
-5.375, -69.875, 4.236700222224146e-23, nan 
-5.125, -69.875, 4.6022372016935704e-23, nan 
-4.875, -69.875, 7.36804861247184e-23, nan 
-4.625, -69.875, 3.106321132811306e-23, nan 
-4.375, -69.875, 4.638140785999239e-23, nan 
-4.125, -69.875, 9.283797454289288e-23, nan 
-3.875, -69.875, 5.270118356434886e-23, nan 
-3.625, -69.875, 5.977274063098888e-23, nan 
-3.375, -69.875, 6.364801158316471e-23, nan 
-3.125, -69.875, 4.237328717694139e-23, nan 
-2.875, -69.875, 4.135409212435434e-23, nan 
-2.625, -69.875, 4.8400704457017e-23, nan 
-2.375, -69.875, 5.934050603902452e-23, nan 
-2.125, -69.875, 4.899635377950528e-23, nan 
-1.875, -69.875, 4.319302542665368e-23, nan 
-1.625, -69.875, 5.655744466432634e-23, nan 
-1.375, -69.875, 5.640006411785288e-23, nan 
-1.125, -69.875, 5.0539078566389446e-23, nan 
-0.875, -69.875, 3.029496771276991e-23, nan 
-0.625, -69.875, 3.128687389386749e-23, nan 
-0.375, -69.875, 4.524710659434685e-23, nan 
-0.125, -69.875, 5.382255737837242e-23, nan 
0.125, -69.875, 5.16213811171968e-23, nan 
0.375, -69.875, 1.081880512546102e-22, nan 
0.625, -69.875, 1.4960143672384862e-22, nan 
0.875, -69.875, 7.324512506706792e-23, nan 
1.125, -69.875, 4.7646161489083355e-23, nan 
1.375, -69.875, 2.5085282213825634e-23, nan 
1.625, -69.875, 1.7223464231066438e-23, nan 
1.875, -69.875, 4.655917048745113e-23, nan 
2.125, -69.875, 5.978944467543821e-23, nan 
2.375, -69.875, 4.3263991852455733e-23, nan 
2.625, -69.875, 4.529562916034809e-23, nan 
2.875, -69.875, 5.997292070574659e-23, nan 
3.125, -69.875, 6.414941309701659e-23, nan 
3.375, -69.875, 5.673946269687642e-23, nan 
3.625, -69.875, 7.620781663097495e-23, nan 
3.875, -69.875, 1.0993547870630267e-22, nan 
4.125, -69.875, 8.132233234512618e-23, nan 
4.375, -69.875, 6.947141320438532e-23, nan 
4.625, -69.875, 9.921605513289278e-23, nan 
4.875, -69.875, 7.807375296566475e-23, nan 
5.125, -69.875, 8.961108986633815e-23, nan 
5.375, -69.875, 1.011060428097046e-22, nan 
5.625, -69.875, 1.3074739800907872e-22, nan 
5.875, -69.875, 5.725028341336466e-23, nan 
-37.375, -69.625, 3.913445209655643e-24, nan 
-37.125, -69.625, 5.537782219749883e-24, nan 
-36.875, -69.625, 5.6369689238914396e-24, nan 
-36.625, -69.625, 4.694033330172506e-24, nan 
-36.375, -69.625, 6.894406705076535e-24, nan 
-36.125, -69.625, 7.06205934534319e-24, nan 
-35.875, -69.625, 5.697792066013465e-24, nan 
-35.625, -69.625, 7.147219036630078e-24, nan 
-35.375, -69.625, 8.184746782637464e-24, nan 
-35.125, -69.625, 7.878568748836422e-24, nan 
-34.875, -69.625, 5.610150884869203e-24, nan 
-34.625, -69.625, 5.205860602616883e-24, nan 
-34.375, -69.625, 6.893500676333883e-24, nan 
-34.125, -69.625, 6.000616317945671e-24, nan 
-33.875, -69.625, 5.4434445277297335e-24, nan 
-33.625, -69.625, 9.20965808357186e-24, nan 
-33.375, -69.625, 1.2002393428684038e-23, nan 
-33.125, -69.625, 9.146784116080249e-24, nan 
-32.875, -69.625, 5.3760970660291134e-24, nan 
-32.625, -69.625, 7.242701196044862e-24, nan 
-32.375, -69.625, 5.4126867131859284e-24, nan 
-32.125, -69.625, 3.286388088274032e-24, nan 
-31.875, -69.625, 5.1784089776547986e-24, nan 
-31.625, -69.625, 6.785925379933929e-24, nan 
-31.375, -69.625, 3.8580917724827435e-24, nan 
-31.125, -69.625, 1.0597966449114297e-23, nan 
-30.875, -69.625, 1.1268295841351929e-23, nan 
-30.625, -69.625, 7.007756186688104e-24, nan 
-30.375, -69.625, 7.046236945447802e-24, nan 
-30.125, -69.625, 1.479258700541207e-23, nan 
-29.875, -69.625, 2.788979982181895e-23, nan 
-29.625, -69.625, 3.806206304817913e-23, nan 
-29.375, -69.625, 4.0231467867267315e-23, nan 
-29.125, -69.625, 4.847937014513005e-23, nan 
-28.875, -69.625, 3.50824885403906e-23, nan 
-28.625, -69.625, 1.1785312732448004e-23, nan 
-28.375, -69.625, 1.5996445156821557e-23, nan 
-28.125, -69.625, 1.925627615020596e-23, nan 
-27.875, -69.625, 4.815355359316344e-23, nan 
-27.625, -69.625, 5.686874470207204e-23, nan 
-27.375, -69.625, 4.012107152589092e-23, nan 
-27.125, -69.625, 6.527708927172394e-23, nan 
-26.875, -69.625, 7.90488730704952e-23, nan 
-26.625, -69.625, 7.618245894423991e-23, nan 
-26.375, -69.625, 6.522821496109078e-23, nan 
-26.125, -69.625, 4.9682155849030325e-23, nan 
-25.875, -69.625, 7.111394453504533e-23, nan 
-25.625, -69.625, 5.267826074966836e-23, nan 
-25.375, -69.625, 2.162216206988892e-23, nan 
-25.125, -69.625, 1.989039362278397e-23, nan 
-24.875, -69.625, 2.1566358538095838e-23, nan 
-24.625, -69.625, 2.476029285227288e-23, nan 
-24.375, -69.625, 2.3832287025911038e-23, nan 
-24.125, -69.625, 2.494721866179644e-23, nan 
-23.875, -69.625, 2.2941131475968533e-23, nan 
-23.625, -69.625, 2.7946514497545494e-23, nan 
-23.375, -69.625, 2.5545364630564874e-23, nan 
-23.125, -69.625, 3.2146766567142807e-23, nan 
-22.875, -69.625, 3.410136747515634e-23, nan 
-22.625, -69.625, 3.2224837885599436e-23, nan 
-22.375, -69.625, 3.265400697686278e-23, nan 
-22.125, -69.625, 3.227837481488301e-23, nan 
-21.875, -69.625, 2.969306258567211e-23, nan 
-21.625, -69.625, 2.8567563069126804e-23, nan 
-21.375, -69.625, 1.659002246247289e-23, nan 
-21.125, -69.625, 9.145846066019858e-24, nan 
-20.875, -69.625, 1.005671199183112e-23, nan 
-20.625, -69.625, 9.458289458871382e-24, nan 
-20.375, -69.625, 1.203565947734398e-23, nan 
-20.125, -69.625, 1.92465543883114e-23, nan 
-19.875, -69.625, 1.3593779509686407e-23, nan 
-19.625, -69.625, 1.504985567211236e-23, nan 
-19.375, -69.625, 3.7320347765728696e-23, nan 
-19.125, -69.625, 4.503899853629965e-23, nan 
-18.875, -69.625, 2.4597817160914483e-23, nan 
-18.625, -69.625, 5.792946413031766e-23, nan 
-18.375, -69.625, 8.828584467932748e-23, nan 
-18.125, -69.625, 9.230797936319909e-23, nan 
-17.875, -69.625, 9.605662228107124e-23, nan 
-17.625, -69.625, 7.607826082689575e-23, nan 
-17.375, -69.625, 7.162965876277484e-23, nan 
-17.125, -69.625, 4.460179199669722e-23, nan 
-16.875, -69.625, 4.7373734843207536e-23, nan 
-16.625, -69.625, 8.984146146172087e-23, nan 
-16.375, -69.625, 8.368309512702646e-23, nan 
-16.125, -69.625, 9.442446794110642e-23, nan 
-15.875, -69.625, 1.009081013463213e-22, nan 
-15.625, -69.625, 8.582918453245032e-23, nan 
-15.375, -69.625, 9.431737499029568e-23, nan 
-15.125, -69.625, 9.432901043029791e-23, nan 
-14.875, -69.625, 8.064976925251809e-23, nan 
-14.625, -69.625, 8.464473224234424e-23, nan 
-14.375, -69.625, 8.469635528502372e-23, nan 
-14.125, -69.625, 1.4702427756718924e-22, nan 
-13.875, -69.625, 1.6153091634820256e-22, nan 
-13.625, -69.625, 1.4932844060603582e-22, nan 
-13.375, -69.625, 1.265556382050757e-22, nan 
-13.125, -69.625, 1.4478598715245886e-22, nan 
-12.875, -69.625, 1.3144686804069224e-22, nan 
-12.625, -69.625, 1.0748886810194672e-22, nan 
-12.375, -69.625, 4.4873610545902734e-23, nan 
-12.125, -69.625, 3.5847666719783596e-23, nan 
-11.875, -69.625, 1.6757796041024518e-23, nan 
-11.625, -69.625, 1.1017971909917893e-23, nan 
-11.375, -69.625, 9.880982534948051e-24, nan 
-11.125, -69.625, 1.2161166878411625e-23, nan 
-10.875, -69.625, 1.2237692762539482e-23, nan 
-10.625, -69.625, 1.4259082929235234e-23, nan 
-10.375, -69.625, 1.763232475003202e-23, nan 
-10.125, -69.625, 2.1332966442120185e-23, nan 
-9.875, -69.625, 2.390974197416182e-23, nan 
-9.625, -69.625, 2.86861563192312e-23, nan 
-9.375, -69.625, 3.561853289701547e-23, nan 
-9.125, -69.625, 3.353472955865149e-23, nan 
-8.875, -69.625, 3.236980723684658e-23, nan 
-8.625, -69.625, 2.5507267022980232e-23, nan 
-8.375, -69.625, 3.510031730988292e-23, nan 
-8.125, -69.625, 4.9998586753063314e-23, nan 
-7.875, -69.625, 3.341179818387471e-23, nan 
-7.625, -69.625, 3.30786554910109e-23, nan 
-7.375, -69.625, 2.0202790262583996e-23, nan 
-7.125, -69.625, 3.2525274551355464e-23, nan 
-6.875, -69.625, 2.796013864649081e-23, nan 
-6.625, -69.625, 2.068847956294384e-23, nan 
-6.375, -69.625, 1.7067816102400083e-23, nan 
-6.125, -69.625, 1.9896074423048715e-23, nan 
-5.875, -69.625, 3.4991997725595747e-23, nan 
-5.625, -69.625, 4.251546930780065e-23, nan 
-5.375, -69.625, 3.365721736021016e-23, nan 
-5.125, -69.625, 3.3127593210558696e-23, nan 
-4.875, -69.625, 9.228370887432596e-24, nan 
-4.625, -69.625, 2.2735817667615706e-23, nan 
-4.375, -69.625, 4.771199443840129e-23, nan 
-4.125, -69.625, 8.283094185772156e-23, nan 
-3.875, -69.625, 5.381627300008952e-23, nan 
-3.625, -69.625, 4.4320713822253916e-23, nan 
-3.375, -69.625, 4.960596702031178e-23, nan 
-3.125, -69.625, 6.180557688679454e-23, nan 
-2.875, -69.625, 6.527015843854437e-23, nan 
-2.625, -69.625, 6.18725273059509e-23, nan 
-2.375, -69.625, 5.47665088688484e-23, nan 
-2.125, -69.625, 6.05174257560962e-23, nan 
-1.875, -69.625, 4.713139080836232e-23, nan 
-1.625, -69.625, 5.1562274052922744e-23, nan 
-1.375, -69.625, 3.6221240577951525e-23, nan 
-1.125, -69.625, 3.8943020774177173e-23, nan 
-0.875, -69.625, 3.748325409520004e-23, nan 
-0.625, -69.625, 2.7367140938073586e-23, nan 
-0.375, -69.625, 4.485771899727993e-23, nan 
-0.125, -69.625, 4.7282652520784685e-23, nan 
0.125, -69.625, 5.854734687731819e-23, nan 
0.375, -69.625, 3.7281878188988e-23, nan 
0.625, -69.625, 4.735069784001928e-23, nan 
0.875, -69.625, 1.473818110639728e-22, nan 
1.125, -69.625, 7.605343881567051e-23, nan 
1.375, -69.625, 2.966224293975656e-23, nan 
1.625, -69.625, 7.635213591849568e-23, nan 
1.875, -69.625, 5.604232015358089e-23, nan 
2.125, -69.625, 3.061664845569177e-23, nan 
2.375, -69.625, 4.7886861371361117e-23, nan 
2.625, -69.625, 6.701164262536004e-23, nan 
2.875, -69.625, 6.435211862057551e-23, nan 
3.125, -69.625, 1.0183465523132045e-22, nan 
3.375, -69.625, 8.426460578766691e-23, nan 
3.625, -69.625, 8.799104125959963e-23, nan 
3.875, -69.625, 1.1970492505186802e-22, nan 
4.125, -69.625, 1.109804437163148e-22, nan 
4.375, -69.625, 1.3407904607330267e-22, nan 
4.625, -69.625, 1.308313268009101e-22, nan 
4.875, -69.625, 1.3181271765750992e-22, nan 
5.125, -69.625, 1.0069545559130506e-22, nan 
5.375, -69.625, 9.546402852479875e-23, nan 
5.625, -69.625, 9.975772694075188e-23, nan 
5.875, -69.625, 5.2224769056002894e-23, nan 
-36.875, -69.375, 2.657674660723935e-24, nan 
-36.625, -69.375, 3.949593354641871e-24, nan 
-36.375, -69.375, 2.1959327271462965e-24, nan 
-36.125, -69.375, 4.959305225904766e-24, nan 
-35.875, -69.375, 6.2187716314168386e-24, nan 
-35.625, -69.375, 9.758551224001723e-24, nan 
-35.375, -69.375, 1.025647764259987e-23, nan 
-35.125, -69.375, 8.288129884747416e-24, nan 
-34.875, -69.375, 9.279639985584161e-24, nan 
-34.625, -69.375, 1.0482844528480195e-23, nan 
-34.375, -69.375, 7.603158341147249e-24, nan 
-34.125, -69.375, 6.48482484205238e-24, nan 
-33.875, -69.375, 6.250110980774586e-24, nan 
-33.625, -69.375, 6.314582617455166e-24, nan 
-33.375, -69.375, 1.0077293490617981e-23, nan 
-33.125, -69.375, 7.479958743360997e-24, nan 
-32.875, -69.375, 5.854117742338036e-24, nan 
-32.625, -69.375, 9.572481139164803e-24, nan 
-32.375, -69.375, 2.6673920100417837e-23, nan 
-32.125, -69.375, 2.49574435662903e-23, nan 
-31.875, -69.375, 1.181541143102594e-23, nan 
-31.625, -69.375, 4.595197610022686e-24, nan 
-31.375, -69.375, 4.272375112613204e-24, nan 
-31.125, -69.375, 1.2607438941693463e-23, nan 
-30.875, -69.375, 2.0963647521982258e-23, nan 
-30.625, -69.375, 3.298039466168815e-23, nan 
-30.375, -69.375, 4.447403125086927e-23, nan 
-30.125, -69.375, 5.2116557624792357e-23, nan 
-29.875, -69.375, 5.361784127524203e-23, nan 
-29.625, -69.375, 6.568564023013913e-23, nan 
-29.375, -69.375, 8.328738828032334e-23, nan 
-29.125, -69.375, 8.287499068354738e-23, nan 
-28.875, -69.375, 4.8662246958753117e-23, nan 
-28.625, -69.375, 4.2488691789783933e-23, nan 
-28.375, -69.375, 4.2529291519051827e-23, nan 
-28.125, -69.375, 3.7207430813481554e-23, nan 
-27.875, -69.375, 3.555981167073439e-23, nan 
-27.625, -69.375, 4.114462600112265e-23, nan 
-27.375, -69.375, 3.5002940012401013e-23, nan 
-27.125, -69.375, 2.9648907494248664e-23, nan 
-26.875, -69.375, 2.9636910760482937e-23, nan 
-26.625, -69.375, 2.824604648651909e-23, nan 
-26.375, -69.375, 6.290645121023224e-23, nan 
-26.125, -69.375, 6.224099748124298e-23, nan 
-25.875, -69.375, 6.290522609459863e-23, nan 
-25.625, -69.375, 6.516154857143652e-23, nan 
-25.375, -69.375, 5.586406691859904e-23, nan 
-25.125, -69.375, 4.1548019131083117e-23, nan 
-24.875, -69.375, 9.747616911196602e-24, nan 
-24.625, -69.375, 1.1540158120420754e-23, nan 
-24.375, -69.375, 1.820385926032192e-23, nan 
-24.125, -69.375, 1.8928746022143204e-23, nan 
-23.875, -69.375, 2.123491482736169e-23, nan 
-23.625, -69.375, 2.5627459709848455e-23, nan 
-23.375, -69.375, 2.3071789313225317e-23, nan 
-23.125, -69.375, 2.63266929669864e-23, nan 
-22.875, -69.375, 2.660683399539414e-23, nan 
-22.625, -69.375, 2.953394632087462e-23, nan 
-22.375, -69.375, 3.1753471028806274e-23, nan 
-22.125, -69.375, 3.7157997376713223e-23, nan 
-21.875, -69.375, 3.779809216697238e-23, nan 
-21.625, -69.375, 3.7069927095853925e-23, nan 
-21.375, -69.375, 2.365662660864448e-23, nan 
-21.125, -69.375, 3.049791775446131e-23, nan 
-20.875, -69.375, 3.395199980616797e-23, nan 
-20.625, -69.375, 2.656246620473421e-23, nan 
-20.375, -69.375, 2.3243726472315428e-23, nan 
-20.125, -69.375, 2.0446405029865163e-23, nan 
-19.875, -69.375, 1.9743291916422452e-23, nan 
-19.625, -69.375, 2.601534838423317e-23, nan 
-19.375, -69.375, 3.515445053180819e-23, nan 
-19.125, -69.375, 3.266929756316961e-23, nan 
-18.875, -69.375, 2.5984195030593417e-23, nan 
-18.625, -69.375, 2.2722662123787832e-23, nan 
-18.375, -69.375, 8.980467007205988e-23, nan 
-18.125, -69.375, 1.2498031850804052e-22, nan 
-17.875, -69.375, 1.419765856723887e-22, nan 
-17.625, -69.375, 1.415115446975327e-22, nan 
-17.375, -69.375, 2.0597992572490474e-22, nan 
-17.125, -69.375, 1.784406677467231e-22, nan 
-16.875, -69.375, 1.0647175049368474e-22, nan 
-16.625, -69.375, 1.2953059061420019e-22, nan 
-16.375, -69.375, 1.4033709364564039e-22, nan 
-16.125, -69.375, 1.8408941022897636e-22, nan 
-15.875, -69.375, 1.2926599653240724e-22, nan 
-15.625, -69.375, 1.1044692586564492e-22, nan 
-15.375, -69.375, 1.4213732509658278e-22, nan 
-15.125, -69.375, 1.4923151423299604e-22, nan 
-14.875, -69.375, 1.8565407707698947e-22, nan 
-14.625, -69.375, 1.8829847977484684e-22, nan 
-14.375, -69.375, 1.7808962700677589e-22, nan 
-14.125, -69.375, 1.9896894454867447e-22, nan 
-13.875, -69.375, 1.9203752089063593e-22, nan 
-13.625, -69.375, 1.7261927782717865e-22, nan 
-13.375, -69.375, 1.3293040808767437e-22, nan 
-13.125, -69.375, 9.403730891926824e-23, nan 
-12.875, -69.375, 9.0440761059772e-23, nan 
-12.625, -69.375, 9.346647616181339e-23, nan 
-12.375, -69.375, 8.562338664915099e-23, nan 
-12.125, -69.375, 3.121286504169952e-23, nan 
-11.875, -69.375, 4.9711080927054126e-23, nan 
-11.625, -69.375, 5.650549279194011e-23, nan 
-11.375, -69.375, 4.0155547135665144e-23, nan 
-11.125, -69.375, 3.2930095407687704e-23, nan 
-10.875, -69.375, 4.934070810346203e-23, nan 
-10.625, -69.375, 4.0330185472272404e-23, nan 
-10.375, -69.375, 3.6264037137906457e-23, nan 
-10.125, -69.375, 4.77611851924763e-23, nan 
-9.875, -69.375, 4.515008033898444e-23, nan 
-9.625, -69.375, 4.5952065176896283e-23, nan 
-9.375, -69.375, 5.788890268445221e-23, nan 
-9.125, -69.375, 4.88430016405187e-23, nan 
-8.875, -69.375, 3.438435246312208e-23, nan 
-8.625, -69.375, 3.181387478421229e-23, nan 
-8.375, -69.375, 5.996163088928133e-23, nan 
-8.125, -69.375, 6.349118614578011e-23, nan 
-7.875, -69.375, 4.3816016398804025e-23, nan 
-7.625, -69.375, 1.565513038338504e-23, nan 
-7.375, -69.375, 2.0288547935705522e-23, nan 
-7.125, -69.375, 2.1450663980010976e-23, nan 
-6.875, -69.375, 1.5306017648644428e-23, nan 
-6.625, -69.375, 1.5329728926739836e-23, nan 
-6.375, -69.375, 1.928787440095849e-23, nan 
-6.125, -69.375, 1.561254433106064e-23, nan 
-5.875, -69.375, 2.256991275159477e-23, nan 
-5.625, -69.375, 1.8944184658361352e-23, nan 
-5.375, -69.375, 1.4034634239306725e-23, nan 
-5.125, -69.375, 2.2784945914375792e-23, nan 
-4.875, -69.375, 2.5253790197880214e-23, nan 
-4.625, -69.375, 4.309082772810943e-23, nan 
-4.375, -69.375, 5.36934259267576e-23, nan 
-4.125, -69.375, 5.1178446721541415e-23, nan 
-3.875, -69.375, 7.531166632959051e-23, nan 
-3.625, -69.375, 1.2258194149199576e-22, nan 
-3.375, -69.375, 8.892737095074618e-23, nan 
-3.125, -69.375, 9.514970079957441e-23, nan 
-2.875, -69.375, 1.2695007951243213e-22, nan 
-2.625, -69.375, 8.294781946375294e-23, nan 
-2.375, -69.375, 6.610228671985206e-23, nan 
-2.125, -69.375, 5.267107527911315e-23, nan 
-1.875, -69.375, 4.9413729388878905e-23, nan 
-1.625, -69.375, 4.494147795077808e-23, nan 
-1.375, -69.375, 5.025644731176835e-23, nan 
-1.125, -69.375, 4.365989784779655e-23, nan 
-0.875, -69.375, 4.9928762104418066e-23, nan 
-0.625, -69.375, 4.836350662063072e-23, nan 
-0.375, -69.375, 4.393794099271039e-23, nan 
-0.125, -69.375, 5.243049038228289e-23, nan 
0.125, -69.375, 6.238512761968692e-23, nan 
0.375, -69.375, 5.649436921640101e-23, nan 
0.625, -69.375, 8.10793829999342e-23, nan 
0.875, -69.375, 1.4457922954461795e-22, nan 
1.125, -69.375, 8.659492521761424e-23, nan 
1.375, -69.375, 3.284819074522082e-23, nan 
1.625, -69.375, 4.745535129303813e-23, nan 
1.875, -69.375, 4.4823990226651996e-23, nan 
2.125, -69.375, 3.3002920769704684e-23, nan 
2.375, -69.375, 8.026006785306609e-23, nan 
2.625, -69.375, 8.901395633818654e-23, nan 
2.875, -69.375, 9.412972723500369e-23, nan 
3.125, -69.375, 1.7978722379083537e-22, nan 
3.375, -69.375, 8.698960546399293e-23, nan 
3.625, -69.375, 1.9756050437625772e-22, nan 
3.875, -69.375, 2.798396773605087e-22, nan 
4.125, -69.375, 1.785208516542125e-22, nan 
4.375, -69.375, 2.713341676412489e-22, nan 
4.625, -69.375, 2.9101215084547747e-22, nan 
4.875, -69.375, 2.288624665936056e-22, nan 
5.125, -69.375, 2.432005282185583e-22, nan 
5.375, -69.375, 2.1882285056766256e-22, nan 
5.625, -69.375, 1.758562222895068e-22, nan 
5.875, -69.375, 1.322904912814551e-22, nan 
-36.625, -69.125, 1.6260102410873652e-23, nan 
-36.375, -69.125, 2.5611741956040275e-23, nan 
-36.125, -69.125, 1.0556371973986351e-23, nan 
-35.875, -69.125, 1.2080965687674614e-23, nan 
-35.625, -69.125, 1.3682177278877794e-23, nan 
-35.375, -69.125, 1.0812405828016151e-23, nan 
-35.125, -69.125, 1.1048565342528123e-23, nan 
-34.875, -69.125, 1.2016613529636785e-23, nan 
-34.625, -69.125, 1.8506281914468842e-23, nan 
-34.375, -69.125, 2.2984103526232482e-23, nan 
-34.125, -69.125, 1.583270232272271e-23, nan 
-33.875, -69.125, 1.1399607855531168e-23, nan 
-33.625, -69.125, 6.2130927227632424e-24, nan 
-33.375, -69.125, 5.358540217963694e-24, nan 
-33.125, -69.125, 1.7286787599404053e-23, nan 
-32.875, -69.125, 2.0388750331912876e-23, nan 
-32.625, -69.125, 1.177583565114529e-23, nan 
-32.375, -69.125, 4.2692267874958006e-23, nan 
-32.125, -69.125, 4.064929114856112e-23, nan 
-31.875, -69.125, 1.5274927505830434e-23, nan 
-31.625, -69.125, 2.984976277597012e-23, nan 
-31.375, -69.125, 3.694571514954465e-23, nan 
-31.125, -69.125, 2.5506987049152125e-23, nan 
-30.875, -69.125, 2.419166686940665e-23, nan 
-30.625, -69.125, 2.3651582877332966e-23, nan 
-30.375, -69.125, 2.0425823375742925e-23, nan 
-30.125, -69.125, 1.7187565557269635e-23, nan 
-29.875, -69.125, 2.6019099613090675e-23, nan 
-29.625, -69.125, 3.199015465968541e-23, nan 
-29.375, -69.125, 3.709605193224199e-23, nan 
-29.125, -69.125, 4.779343258377244e-23, nan 
-28.875, -69.125, 2.583143148124256e-23, nan 
-28.625, -69.125, 1.5087909738535186e-23, nan 
-28.375, -69.125, 1.2909067361804812e-23, nan 
-28.125, -69.125, 4.1285052290755676e-23, nan 
-27.875, -69.125, 3.7273712501158995e-23, nan 
-27.625, -69.125, 3.4693387398026376e-23, nan 
-27.375, -69.125, 6.330289768266514e-23, nan 
-27.125, -69.125, 7.103242948529865e-23, nan 
-26.875, -69.125, 7.191868850936335e-23, nan 
-26.625, -69.125, 5.53547203147176e-23, nan 
-26.375, -69.125, 7.706992237415756e-23, nan 
-26.125, -69.125, 7.305861466221752e-23, nan 
-25.875, -69.125, 6.334223039007597e-23, nan 
-25.625, -69.125, 7.404937845546961e-23, nan 
-25.375, -69.125, 6.771260835838843e-23, nan 
-25.125, -69.125, 3.9127326639582117e-23, nan 
-24.875, -69.125, 1.44672915784013e-23, nan 
-24.625, -69.125, 1.3375827223266595e-23, nan 
-24.375, -69.125, 1.9575311112519051e-23, nan 
-24.125, -69.125, 1.271469386318335e-23, nan 
-23.875, -69.125, 1.5975918953003235e-23, nan 
-23.625, -69.125, 1.9958970778872382e-23, nan 
-23.375, -69.125, 1.836736077435886e-23, nan 
-23.125, -69.125, 1.5829662404937866e-23, nan 
-22.875, -69.125, 1.4518264980711067e-23, nan 
-22.625, -69.125, 1.6397027027576078e-23, nan 
-22.375, -69.125, 1.379585508633593e-23, nan 
-22.125, -69.125, 2.0029280144737414e-23, nan 
-21.875, -69.125, 1.6845930325669085e-23, nan 
-21.625, -69.125, 1.960261713730204e-23, nan 
-21.375, -69.125, 1.849379191609237e-23, nan 
-21.125, -69.125, 2.498095455646677e-23, nan 
-20.875, -69.125, 3.2823855797842727e-23, nan 
-20.625, -69.125, 2.8057038497847744e-23, nan 
-20.375, -69.125, 2.426286040876468e-23, nan 
-20.125, -69.125, 2.2264897192188075e-23, nan 
-19.875, -69.125, 2.2666447799439702e-23, nan 
-19.625, -69.125, 2.4056440205504272e-23, nan 
-19.375, -69.125, 2.3581010159193817e-23, nan 
-19.125, -69.125, 1.8324119169361226e-23, nan 
-18.875, -69.125, 1.9031128360570938e-23, nan 
-18.625, -69.125, 1.3988190475229376e-23, nan 
-18.375, -69.125, 1.7851338063221396e-23, nan 
-18.125, -69.125, 3.904963769124877e-23, nan 
-17.875, -69.125, 5.479969357911037e-23, nan 
-17.625, -69.125, 1.637800084690634e-22, nan 
-17.375, -69.125, 1.9533667218050074e-22, nan 
-17.125, -69.125, 1.4825626298445324e-22, nan 
-16.875, -69.125, 1.341472155035118e-22, nan 
-16.625, -69.125, 1.8621611529118307e-22, nan 
-16.375, -69.125, 2.0134128984413926e-22, nan 
-16.125, -69.125, 1.7500699839183275e-22, nan 
-15.875, -69.125, 1.76214413394011e-22, nan 
-15.625, -69.125, 1.432867295030736e-22, nan 
-15.375, -69.125, 2.000899701031956e-22, nan 
-15.125, -69.125, 2.128602621563688e-22, nan 
-14.875, -69.125, 2.1871029566884785e-22, nan 
-14.625, -69.125, 2.0657460816454157e-22, nan 
-14.375, -69.125, 1.945990027988014e-22, nan 
-14.125, -69.125, 1.2157354835491836e-22, nan 
-13.875, -69.125, 7.97315711344791e-23, nan 
-13.625, -69.125, 7.960402020334917e-23, nan 
-13.375, -69.125, 1.4127791151020207e-22, nan 
-13.125, -69.125, 1.1243146365997362e-22, nan 
-12.875, -69.125, 7.925032449721105e-23, nan 
-12.625, -69.125, 3.675317655077526e-23, nan 
-12.375, -69.125, 4.27476389098691e-23, nan 
-12.125, -69.125, 2.7950424494065734e-23, nan 
-11.875, -69.125, 5.0812609861299263e-23, nan 
-11.625, -69.125, 5.221090156805509e-23, nan 
-11.375, -69.125, 4.6593613223018984e-23, nan 
-11.125, -69.125, 6.04220083667983e-23, nan 
-10.875, -69.125, 6.864036757078383e-23, nan 
-10.625, -69.125, 4.8754045290474013e-23, nan 
-10.375, -69.125, 4.931726593047363e-23, nan 
-10.125, -69.125, 4.622857529241453e-23, nan 
-9.875, -69.125, 3.7518088578548784e-23, nan 
-9.625, -69.125, 4.9906864820549116e-23, nan 
-9.375, -69.125, 4.6344413066372395e-23, nan 
-9.125, -69.125, 6.339874168796305e-23, nan 
-8.875, -69.125, 5.296851285510564e-23, nan 
-8.625, -69.125, 5.904886341151806e-23, nan 
-8.375, -69.125, 1.350325546740886e-22, nan 
-8.125, -69.125, 1.5853925109150036e-22, nan 
-7.875, -69.125, 1.1424484815587256e-22, nan 
-7.625, -69.125, 9.687723886233323e-23, nan 
-7.375, -69.125, 9.718328923782716e-23, nan 
-7.125, -69.125, 6.937759613098988e-23, nan 
-6.875, -69.125, 3.7397618712298035e-23, nan 
-6.625, -69.125, 3.2329911185817197e-23, nan 
-6.375, -69.125, 5.162051351840918e-23, nan 
-6.125, -69.125, 6.091420041662511e-23, nan 
-5.875, -69.125, 5.077913698680811e-23, nan 
-5.625, -69.125, 6.160271734995004e-23, nan 
-5.375, -69.125, 5.527140731878435e-23, nan 
-5.125, -69.125, 6.243914966721149e-23, nan 
-4.875, -69.125, 6.520710925873852e-23, nan 
-4.625, -69.125, 1.1749490992396401e-22, nan 
-4.375, -69.125, 1.3618548147517803e-22, nan 
-4.125, -69.125, 6.761966509438628e-23, nan 
-3.875, -69.125, 1.0978617093656716e-22, nan 
-3.625, -69.125, 1.658063077151147e-22, nan 
-3.375, -69.125, 1.8829365066230952e-22, nan 
-3.125, -69.125, 1.3716892538988284e-22, nan 
-2.875, -69.125, 1.2985680927701697e-22, nan 
-2.625, -69.125, 1.8344902707894013e-22, nan 
-2.375, -69.125, 1.398243686387216e-22, nan 
-2.125, -69.125, 9.798402635765425e-23, nan 
-1.875, -69.125, 8.047998703562682e-23, nan 
-1.625, -69.125, 7.764260931641271e-23, nan 
-1.375, -69.125, 7.023677694165667e-23, nan 
-1.125, -69.125, 6.282464280726443e-23, nan 
-0.875, -69.125, 6.604700009777732e-23, nan 
-0.625, -69.125, 7.30776586092798e-23, nan 
-0.375, -69.125, 3.030958212079944e-23, nan 
-0.125, -69.125, 4.980889108380004e-23, nan 
0.125, -69.125, 1.0778994713810604e-22, nan 
0.375, -69.125, 6.717143414387148e-23, nan 
0.625, -69.125, 1.7464381761125359e-22, nan 
0.875, -69.125, 1.6805006146316247e-22, nan 
1.125, -69.125, 1.0210604445587217e-22, nan 
1.375, -69.125, 1.62406889031487e-22, nan 
1.625, -69.125, 6.92844237422599e-23, nan 
1.875, -69.125, 6.86553432397991e-23, nan 
2.125, -69.125, 7.722479820439327e-23, nan 
2.375, -69.125, 9.271608935357751e-23, nan 
2.625, -69.125, 7.293323935006263e-23, nan 
2.875, -69.125, 6.564337342923072e-23, nan 
3.125, -69.125, 7.003315626481166e-23, nan 
3.375, -69.125, 5.967616166533077e-23, nan 
3.625, -69.125, 1.7877373342553947e-22, nan 
3.875, -69.125, 2.297570862795041e-22, nan 
4.125, -69.125, 1.5809603244377388e-22, nan 
4.375, -69.125, 6.317035324617954e-23, nan 
4.625, -69.125, 1.2654749608230447e-22, nan 
4.875, -69.125, 5.198757039815027e-22, nan 
5.125, -69.125, 1.2492974231439717e-21, nan 
5.375, -69.125, 8.0610893889085525e-22, nan 
5.625, -69.125, 2.2848584878740706e-22, nan 
5.875, -69.125, 1.5988962969558307e-22, nan 
-36.125, -68.875, 6.952224421827772e-23, nan 
-35.875, -68.875, 7.326587726859682e-23, nan 
-35.625, -68.875, 4.6154216157439616e-23, nan 
-35.375, -68.875, 3.256895627981316e-23, nan 
-35.125, -68.875, 3.7762410406169945e-23, nan 
-34.875, -68.875, 2.983273858966144e-23, nan 
-34.625, -68.875, 2.946958043676849e-23, nan 
-34.375, -68.875, 4.279495354172524e-23, nan 
-34.125, -68.875, 2.875789789384785e-23, nan 
-33.875, -68.875, 1.3172578580804395e-23, nan 
-33.625, -68.875, 1.8041490013685496e-23, nan 
-33.375, -68.875, 1.0034927399232348e-23, nan 
-33.125, -68.875, 8.056464426312888e-24, nan 
-32.875, -68.875, 1.4622426252275174e-23, nan 
-32.625, -68.875, 8.612340947563261e-24, nan 
-32.375, -68.875, 1.4913904298454584e-23, nan 
-32.125, -68.875, 1.5493229771181854e-23, nan 
-31.875, -68.875, 1.707150566802953e-23, nan 
-31.625, -68.875, 2.5028093513106665e-23, nan 
-31.375, -68.875, 2.5875307763942775e-23, nan 
-31.125, -68.875, 2.4004942958145444e-23, nan 
-30.875, -68.875, 1.262151483735247e-23, nan 
-30.625, -68.875, 3.3754805358140314e-23, nan 
-30.375, -68.875, 4.7940638508694006e-23, nan 
-30.125, -68.875, 5.416596400898094e-23, nan 
-29.875, -68.875, 5.0797145703332487e-23, nan 
-29.625, -68.875, 4.425959842458329e-23, nan 
-29.375, -68.875, 1.549693325531242e-23, nan 
-29.125, -68.875, 1.4594256596694375e-23, nan 
-28.875, -68.875, 1.6295867332662986e-23, nan 
-28.625, -68.875, 1.8037555948952403e-23, nan 
-28.375, -68.875, 1.2332507658739095e-23, nan 
-28.125, -68.875, 1.769600040597764e-23, nan 
-27.875, -68.875, 2.557238964232595e-23, nan 
-27.625, -68.875, 2.165725697678672e-23, nan 
-27.375, -68.875, 5.2428889039272695e-23, nan 
-27.125, -68.875, 8.359157039571997e-23, nan 
-26.875, -68.875, 9.293077924664751e-23, nan 
-26.625, -68.875, 7.27959218312621e-23, nan 
-26.375, -68.875, 7.467062114975646e-23, nan 
-26.125, -68.875, 8.705355136725113e-23, nan 
-25.875, -68.875, 9.863424012810785e-23, nan 
-25.625, -68.875, 7.523431670480303e-23, nan 
-25.375, -68.875, 9.925718852310269e-23, nan 
-25.125, -68.875, 5.360715796469596e-23, nan 
-24.875, -68.875, 2.053299460492861e-23, nan 
-24.625, -68.875, 1.239107085003632e-23, nan 
-24.375, -68.875, 1.6441466442778872e-23, nan 
-24.125, -68.875, 2.1105643593083916e-23, nan 
-23.875, -68.875, 1.9550176173451036e-23, nan 
-23.625, -68.875, 1.8096435616472725e-23, nan 
-23.375, -68.875, 2.650321945473479e-23, nan 
-23.125, -68.875, 2.325267020692109e-23, nan 
-22.875, -68.875, 1.6430683213631992e-23, nan 
-22.625, -68.875, 1.1934906640065922e-23, nan 
-22.375, -68.875, 1.7611406147066133e-23, nan 
-22.125, -68.875, 2.2642935633406833e-23, nan 
-21.875, -68.875, 2.803630574435818e-23, nan 
-21.625, -68.875, 2.7585219097744215e-23, nan 
-21.375, -68.875, 2.147064097761118e-23, nan 
-21.125, -68.875, 2.565841501566799e-23, nan 
-20.875, -68.875, 2.7482938478255517e-23, nan 
-20.625, -68.875, 1.406755763114685e-23, nan 
-20.375, -68.875, 1.5081150930176097e-23, nan 
-20.125, -68.875, 1.4009926991354942e-23, nan 
-19.875, -68.875, 1.1766141906995334e-23, nan 
-19.625, -68.875, 6.0858731188067386e-24, nan 
-19.375, -68.875, 1.559626346385785e-23, nan 
-19.125, -68.875, 1.1457071589301564e-23, nan 
-18.875, -68.875, 1.8777231897873897e-23, nan 
-18.625, -68.875, 2.3932491079435716e-23, nan 
-18.375, -68.875, 3.377433986332345e-23, nan 
-18.125, -68.875, 4.7378843880807307e-23, nan 
-17.875, -68.875, 5.024627317890661e-23, nan 
-17.625, -68.875, 5.694989519763475e-23, nan 
-17.375, -68.875, 5.38671323776197e-23, nan 
-17.125, -68.875, 3.5158956381490144e-23, nan 
-16.875, -68.875, 9.033894348788401e-23, nan 
-16.625, -68.875, 1.113159691364183e-22, nan 
-16.375, -68.875, 1.5560834183802979e-22, nan 
-16.125, -68.875, 1.2493670930181303e-22, nan 
-15.875, -68.875, 1.4920047320447246e-22, nan 
-15.625, -68.875, 1.8435469459358744e-22, nan 
-15.375, -68.875, 1.6030949285734168e-22, nan 
-15.125, -68.875, 2.1567077724686724e-22, nan 
-14.875, -68.875, 2.6966599757447537e-22, nan 
-14.625, -68.875, 2.2540607725140604e-22, nan 
-14.375, -68.875, 1.6739065637059395e-22, nan 
-14.125, -68.875, 2.220815073309151e-22, nan 
-13.875, -68.875, 2.1517978673259297e-22, nan 
-13.625, -68.875, 1.7430003246191905e-22, nan 
-13.375, -68.875, 1.8663029399979308e-22, nan 
-13.125, -68.875, 2.3359403802753118e-22, nan 
-12.875, -68.875, 2.508068757529503e-22, nan 
-12.625, -68.875, 1.6603722746618247e-22, nan 
-12.375, -68.875, 9.086366624992674e-23, nan 
-12.125, -68.875, 8.555801586583378e-23, nan 
-11.875, -68.875, 6.793053390966964e-23, nan 
-11.625, -68.875, 8.693457879509494e-23, nan 
-11.375, -68.875, 3.524593731873628e-23, nan 
-11.125, -68.875, 6.308255418451868e-23, nan 
-10.875, -68.875, 7.866643456878566e-23, nan 
-10.625, -68.875, 4.9759855383897364e-23, nan 
-10.375, -68.875, 5.324036786214316e-23, nan 
-10.125, -68.875, 6.307066348687874e-23, nan 
-9.875, -68.875, 5.366549195456274e-23, nan 
-9.625, -68.875, 5.2594953873211367e-23, nan 
-9.375, -68.875, 9.558493460436288e-23, nan 
-9.125, -68.875, 7.20835317904549e-23, nan 
-8.875, -68.875, 1.1246692540263467e-22, nan 
-8.625, -68.875, 2.357782091009346e-22, nan 
-8.375, -68.875, 1.5139471197180857e-22, nan 
-8.125, -68.875, 1.5351036461481578e-22, nan 
-7.875, -68.875, 2.1132303278305397e-22, nan 
-7.625, -68.875, 1.14506503853187e-22, nan 
-7.375, -68.875, 5.50000864667281e-23, nan 
-7.125, -68.875, 6.551571872906545e-23, nan 
-6.875, -68.875, 6.910136232818617e-23, nan 
-6.625, -68.875, 5.672948196041334e-23, nan 
-6.375, -68.875, 8.448810774690605e-23, nan 
-6.125, -68.875, 1.1535349323057998e-22, nan 
-5.875, -68.875, 1.3184569822888358e-22, nan 
-5.625, -68.875, 1.2733141738608285e-22, nan 
-5.375, -68.875, 1.3669280291196785e-22, nan 
-5.125, -68.875, 1.1181208530200855e-22, nan 
-4.875, -68.875, 1.5721341010255466e-22, nan 
-4.625, -68.875, 1.8788757148062554e-22, nan 
-4.375, -68.875, 1.7956963770232668e-22, nan 
-4.125, -68.875, 1.3072115402667517e-22, nan 
-3.875, -68.875, 1.6115427095179297e-22, nan 
-3.625, -68.875, 2.0409676838846626e-22, nan 
-3.375, -68.875, 2.5267296053517496e-22, nan 
-3.125, -68.875, 2.3192316508754586e-22, nan 
-2.875, -68.875, 1.7836807444199728e-22, nan 
-2.625, -68.875, 2.181183568364009e-22, nan 
-2.375, -68.875, 2.094078021439697e-22, nan 
-2.125, -68.875, 1.6460579031967546e-22, nan 
-1.875, -68.875, 1.4480019122272018e-22, nan 
-1.625, -68.875, 1.2204042730147465e-22, nan 
-1.375, -68.875, 1.1916442666190452e-22, nan 
-1.125, -68.875, 1.321800112850165e-22, nan 
-0.875, -68.875, 1.1385668622623337e-22, nan 
-0.625, -68.875, 1.348169665071077e-22, nan 
-0.375, -68.875, 1.3003510969020955e-22, nan 
-0.125, -68.875, 1.5262810130121352e-22, nan 
0.125, -68.875, 1.604635333076101e-22, nan 
0.375, -68.875, 1.985818404511306e-22, nan 
0.625, -68.875, 3.1163301962677313e-22, nan 
0.875, -68.875, 5.653396831366859e-22, nan 
1.125, -68.875, 3.795161870620695e-22, nan 
1.375, -68.875, 3.9522395885487106e-22, nan 
1.625, -68.875, 3.4303040321140886e-22, nan 
1.875, -68.875, 2.5283516099057515e-22, nan 
2.125, -68.875, 1.5523985825580859e-22, nan 
2.375, -68.875, 1.8656196208941646e-22, nan 
2.625, -68.875, 1.2245880573484316e-22, nan 
2.875, -68.875, 1.754194925908917e-22, nan 
3.125, -68.875, 1.556605954650565e-22, nan 
3.375, -68.875, 7.102170709965655e-23, nan 
3.625, -68.875, 1.1133341754013215e-22, nan 
3.875, -68.875, 1.6611189309161827e-22, nan 
4.125, -68.875, 7.148644854075853e-22, nan 
4.375, -68.875, 1.5525709815115977e-21, nan 
4.625, -68.875, 9.818706106299664e-22, nan 
4.875, -68.875, 1.2327021991024538e-21, nan 
5.125, -68.875, 2.8216939257172105e-21, nan 
5.375, -68.875, 1.955548893937472e-21, nan 
5.625, -68.875, 7.867602815955935e-22, nan 
5.875, -68.875, 2.8944139482158996e-21, nan 
6.125, -68.875, 1.5212103572720796e-21, nan 
-35.875, -68.625, 1.1760047127533764e-22, nan 
-35.625, -68.625, 5.313404911033506e-23, nan 
-35.375, -68.625, 1.0281412838931539e-22, nan 
-35.125, -68.625, 8.016394868110657e-23, nan 
-34.875, -68.625, 2.4563037049710946e-23, nan 
-34.625, -68.625, 5.31010119521762e-23, nan 
-34.375, -68.625, 4.984654373802852e-23, nan 
-34.125, -68.625, 2.863137271020082e-23, nan 
-33.875, -68.625, 1.4845071571284207e-23, nan 
-33.625, -68.625, 1.9633614678447214e-23, nan 
-33.375, -68.625, 4.248048159924654e-24, nan 
-33.125, -68.625, 6.998309660430583e-24, nan 
-32.875, -68.625, 1.4248549047144256e-23, nan 
-32.625, -68.625, 1.332405881495152e-23, nan 
-32.375, -68.625, 1.4488069795171796e-23, nan 
-32.125, -68.625, 1.3895137673351193e-23, nan 
-31.875, -68.625, 2.05743279099646e-23, nan 
-31.625, -68.625, 2.931601825505649e-23, nan 
-31.375, -68.625, 2.7985023417062915e-23, nan 
-31.125, -68.625, 5.757545435524417e-23, nan 
-30.875, -68.625, 6.546948824493818e-23, nan 
-30.625, -68.625, 6.094147126031505e-23, nan 
-30.375, -68.625, 9.022977909269998e-23, nan 
-30.125, -68.625, 1.1293465475393267e-22, nan 
-29.875, -68.625, 9.968096152068134e-23, nan 
-29.625, -68.625, 8.13291502348524e-23, nan 
-29.375, -68.625, 5.017101946206669e-23, nan 
-29.125, -68.625, 6.11862994839383e-23, nan 
-28.875, -68.625, 4.6969146271045884e-23, nan 
-28.625, -68.625, 1.4530443806747336e-23, nan 
-28.375, -68.625, 1.6943559651309134e-23, nan 
-28.125, -68.625, 2.196540425612622e-23, nan 
-27.875, -68.625, 1.625833550918149e-23, nan 
-27.625, -68.625, 4.716079021785855e-23, nan 
-27.375, -68.625, 6.03840368302464e-23, nan 
-27.125, -68.625, 6.644885204442501e-23, nan 
-26.875, -68.625, 9.162456164746397e-23, nan 
-26.625, -68.625, 8.381184283923424e-23, nan 
-26.375, -68.625, 7.363152623240292e-23, nan 
-26.125, -68.625, 7.359843599512378e-23, nan 
-25.875, -68.625, 1.035121183608384e-22, nan 
-25.625, -68.625, 1.0446479129018946e-22, nan 
-25.375, -68.625, 1.2228081969387184e-22, nan 
-25.125, -68.625, 8.944778496576118e-23, nan 
-24.875, -68.625, 8.476092322804887e-23, nan 
-24.625, -68.625, 8.688931220530733e-23, nan 
-24.375, -68.625, 6.275576224034452e-23, nan 
-24.125, -68.625, 3.236409927462035e-23, nan 
-23.875, -68.625, 3.753228907723601e-23, nan 
-23.625, -68.625, 4.555455323549399e-23, nan 
-23.375, -68.625, 6.406223066604733e-23, nan 
-23.125, -68.625, 6.953695469060883e-23, nan 
-22.875, -68.625, 5.936650637654552e-23, nan 
-22.625, -68.625, 5.375154058390468e-23, nan 
-22.375, -68.625, 2.678761224427085e-23, nan 
-22.125, -68.625, 3.10413247835484e-23, nan 
-21.875, -68.625, 2.984520601319562e-23, nan 
-21.625, -68.625, 2.838261095896669e-23, nan 
-21.375, -68.625, 3.3449769476120366e-23, nan 
-21.125, -68.625, 3.46190320426181e-23, nan 
-20.875, -68.625, 3.272745226190216e-23, nan 
-20.625, -68.625, 2.711423499001669e-23, nan 
-20.375, -68.625, 3.6589353077215184e-23, nan 
-20.125, -68.625, 3.587468909649352e-23, nan 
-19.875, -68.625, 3.2759359418821944e-23, nan 
-19.625, -68.625, 2.7580684675943286e-23, nan 
-19.375, -68.625, 3.469967590868912e-23, nan 
-19.125, -68.625, 2.79299002650412e-23, nan 
-18.875, -68.625, 3.177502294533055e-23, nan 
-18.625, -68.625, 1.7708120431344993e-23, nan 
-18.375, -68.625, 3.635001509330384e-23, nan 
-18.125, -68.625, 2.7539283139820883e-23, nan 
-17.875, -68.625, 2.1562355851592874e-23, nan 
-17.625, -68.625, 3.466804474243328e-23, nan 
-17.375, -68.625, 3.1229786082120555e-23, nan 
-17.125, -68.625, 3.978825030852373e-23, nan 
-16.875, -68.625, 5.083021383472927e-23, nan 
-16.625, -68.625, 6.445805520217273e-23, nan 
-16.375, -68.625, 7.651727470422184e-23, nan 
-16.125, -68.625, 8.386155211246308e-23, nan 
-15.875, -68.625, 1.1928277845858567e-22, nan 
-15.625, -68.625, 2.8899835607466604e-22, nan 
-15.375, -68.625, 3.3604954105132285e-22, nan 
-15.125, -68.625, 1.8924299699437185e-22, nan 
-14.875, -68.625, 3.031557952519577e-22, nan 
-14.625, -68.625, 3.951521500319265e-22, nan 
-14.375, -68.625, 1.7828953062368688e-22, nan 
-14.125, -68.625, 8.135021054452227e-23, nan 
-13.875, -68.625, 2.263048284045113e-23, nan 
-13.625, -68.625, 1.7634047884079078e-22, nan 
-13.375, -68.625, 3.2984163936781158e-22, nan 
-13.125, -68.625, 3.5794462786933057e-22, nan 
-12.875, -68.625, 3.008981981573897e-22, nan 
-12.625, -68.625, 3.621531480600169e-22, nan 
-12.375, -68.625, 3.2265993386805364e-22, nan 
-12.125, -68.625, 1.460283296347311e-22, nan 
-11.875, -68.625, 1.181638081352914e-22, nan 
-11.625, -68.625, 9.721592162884923e-23, nan 
-11.375, -68.625, 4.361923180782909e-23, nan 
-11.125, -68.625, 5.649736475081624e-23, nan 
-10.875, -68.625, 8.509236024501836e-23, nan 
-10.625, -68.625, 5.313428663624102e-23, nan 
-10.375, -68.625, 8.661899742502617e-23, nan 
-10.125, -68.625, 7.145525689930663e-23, nan 
-9.875, -68.625, 7.066517883917994e-23, nan 
-9.625, -68.625, 7.625524697419005e-23, nan 
-9.375, -68.625, 8.424835397185295e-23, nan 
-9.125, -68.625, 7.562488273413198e-23, nan 
-8.875, -68.625, 1.3178070801816568e-22, nan 
-8.625, -68.625, 2.362722279503708e-22, nan 
-8.375, -68.625, 1.6663903844931734e-22, nan 
-8.125, -68.625, 1.1134564912235471e-22, nan 
-7.875, -68.625, 1.285772890280721e-22, nan 
-7.625, -68.625, 8.791704703976023e-23, nan 
-7.375, -68.625, 1.2640557311529524e-22, nan 
-7.125, -68.625, 1.5556189864191117e-22, nan 
-6.875, -68.625, 1.0501545529738335e-22, nan 
-6.625, -68.625, 1.4608612252541208e-22, nan 
-6.375, -68.625, 7.268772895305494e-23, nan 
-6.125, -68.625, 1.2844152561778173e-22, nan 
-5.875, -68.625, 3.3777832125963335e-22, nan 
-5.625, -68.625, 2.8830188004312818e-22, nan 
-5.375, -68.625, 3.3515508498004947e-22, nan 
-5.125, -68.625, 2.525012008879955e-22, nan 
-4.875, -68.625, 2.7648181776489243e-22, nan 
-4.625, -68.625, 2.8536276188507144e-22, nan 
-4.375, -68.625, 2.00123957780864e-22, nan 
-4.125, -68.625, 3.2148951343797116e-22, nan 
-3.875, -68.625, 4.553230454403955e-22, nan 
-3.625, -68.625, 2.6317712653398216e-22, nan 
-3.375, -68.625, 3.8184585894456635e-22, nan 
-3.125, -68.625, 4.089855962858023e-22, nan 
-2.875, -68.625, 3.05086882337248e-22, nan 
-2.625, -68.625, 3.5102339073027807e-22, nan 
-2.375, -68.625, 3.5257770402666825e-22, nan 
-2.125, -68.625, 3.0969513454105615e-22, nan 
-1.875, -68.625, 2.761880639222608e-22, nan 
-1.625, -68.625, 3.3687542077398097e-22, nan 
-1.375, -68.625, 2.380863897889483e-22, nan 
-1.125, -68.625, 2.0122585455223126e-22, nan 
-0.875, -68.625, 2.262565819409396e-22, nan 
-0.625, -68.625, 3.270693496899498e-22, nan 
-0.375, -68.625, 3.4166975385622035e-22, nan 
-0.125, -68.625, 3.3812359562817512e-22, nan 
0.125, -68.625, 7.50207666162877e-22, nan 
0.375, -68.625, 9.32280620899392e-22, nan 
0.625, -68.625, 1.1841595748739355e-21, nan 
0.875, -68.625, 1.1976009668338055e-21, nan 
1.125, -68.625, 1.1754739665010829e-21, nan 
1.375, -68.625, 3.010667175158127e-21, nan 
1.625, -68.625, 1.994079942765869e-21, nan 
1.875, -68.625, 2.9442637578961473e-22, nan 
2.125, -68.625, 3.3596013457753997e-22, nan 
2.375, -68.625, 2.475297242376878e-22, nan 
2.625, -68.625, 6.375024517168507e-23, nan 
2.875, -68.625, 7.122974437028026e-22, nan 
3.125, -68.625, 3.494248561538146e-22, nan 
3.375, -68.625, 2.44498167225963e-22, nan 
3.625, -68.625, 3.5447014315193573e-22, nan 
3.875, -68.625, 1.3420841301783308e-21, nan 
4.125, -68.625, 1.705299889411042e-21, nan 
4.375, -68.625, 2.4507454365403074e-21, nan 
4.625, -68.625, 1.488586569667948e-21, nan 
4.875, -68.625, 3.49014319724068e-21, nan 
5.125, -68.625, 7.020699227207209e-21, nan 
5.375, -68.625, 3.0319701313245475e-21, nan 
5.625, -68.625, 2.8076701510717923e-21, nan 
5.875, -68.625, 4.753659432801385e-21, nan 
6.125, -68.625, 1.7800501193291456e-21, nan 
-35.375, -68.375, 6.048601560584841e-23, nan 
-35.125, -68.375, 1.3188643701728256e-23, nan 
-34.875, -68.375, 1.7078493807614078e-23, nan 
-34.625, -68.375, 3.3518276773735744e-23, nan 
-34.375, -68.375, 3.377632511850572e-23, nan 
-34.125, -68.375, 2.5018341906093852e-23, nan 
-33.875, -68.375, 2.4409765819061972e-23, nan 
-33.625, -68.375, 1.7873326814059215e-23, nan 
-33.375, -68.375, 1.3444703309872847e-23, nan 
-33.125, -68.375, 1.7286713867305332e-23, nan 
-32.875, -68.375, 1.8315746859644215e-23, nan 
-32.625, -68.375, 2.0050435596384626e-23, nan 
-32.375, -68.375, 1.8910171148670346e-23, nan 
-32.125, -68.375, 1.8998655637232108e-23, nan 
-31.875, -68.375, 1.9919863149654463e-23, nan 
-31.625, -68.375, 2.0437037623425596e-23, nan 
-31.375, -68.375, 1.4200824689096797e-23, nan 
-31.125, -68.375, 1.5906068408754942e-23, nan 
-30.875, -68.375, 2.2236916547081706e-23, nan 
-30.625, -68.375, 3.684347130697032e-23, nan 
-30.375, -68.375, 4.925967530934295e-23, nan 
-30.125, -68.375, 6.113630409214489e-23, nan 
-29.875, -68.375, 6.546455856570972e-23, nan 
-29.625, -68.375, 5.745184282478352e-23, nan 
-29.375, -68.375, 1.2767800289551984e-23, nan 
-29.125, -68.375, 1.1553895269774607e-23, nan 
-28.875, -68.375, 1.7463472518555024e-23, nan 
-28.625, -68.375, 1.8573416804212317e-23, nan 
-28.375, -68.375, 2.113559525951772e-23, nan 
-28.125, -68.375, 2.415414235479546e-23, nan 
-27.875, -68.375, 1.748088533077817e-23, nan 
-27.625, -68.375, 2.161758163352562e-23, nan 
-27.375, -68.375, 4.1604100561422174e-23, nan 
-27.125, -68.375, 7.902451454883286e-23, nan 
-26.875, -68.375, 7.968225907646116e-23, nan 
-26.625, -68.375, 7.454110807825952e-23, nan 
-26.375, -68.375, 1.242973667444546e-22, nan 
-26.125, -68.375, 1.2394908901855482e-22, nan 
-25.875, -68.375, 1.262293142118618e-22, nan 
-25.625, -68.375, 1.487125152170477e-22, nan 
-25.375, -68.375, 1.4806879715663946e-22, nan 
-25.125, -68.375, 1.196144946908513e-22, nan 
-24.875, -68.375, 1.1291738819284216e-22, nan 
-24.625, -68.375, 1.0333275280920933e-22, nan 
-24.375, -68.375, 6.212298273145301e-23, nan 
-24.125, -68.375, 3.044722846197468e-23, nan 
-23.875, -68.375, 4.1427012127947873e-23, nan 
-23.625, -68.375, 5.004783869840195e-23, nan 
-23.375, -68.375, 7.344485320262879e-23, nan 
-23.125, -68.375, 1.1256803477204808e-22, nan 
-22.875, -68.375, 9.17288285010546e-23, nan 
-22.625, -68.375, 7.81388378470415e-23, nan 
-22.375, -68.375, 9.638905649345925e-23, nan 
-22.125, -68.375, 7.62179017977036e-23, nan 
-21.875, -68.375, 5.619973407437369e-23, nan 
-21.625, -68.375, 3.419345776823248e-23, nan 
-21.375, -68.375, 3.144605760475164e-23, nan 
-21.125, -68.375, 2.2928904727941117e-23, nan 
-20.875, -68.375, 2.974275258080866e-23, nan 
-20.625, -68.375, 3.241548078609516e-23, nan 
-20.375, -68.375, 5.522916628703824e-23, nan 
-20.125, -68.375, 4.7039825112952664e-23, nan 
-19.875, -68.375, 4.1332623397013977e-23, nan 
-19.625, -68.375, 5.08064679203734e-23, nan 
-19.375, -68.375, 5.347209660415927e-23, nan 
-19.125, -68.375, 3.822287542152794e-23, nan 
-18.875, -68.375, 4.245818926141452e-23, nan 
-18.625, -68.375, 4.2251768897101006e-23, nan 
-18.375, -68.375, 5.890049926919293e-23, nan 
-18.125, -68.375, 5.02550767509332e-23, nan 
-17.875, -68.375, 4.9304582746471856e-23, nan 
-17.625, -68.375, 7.089952392899496e-23, nan 
-17.375, -68.375, 5.304078094340326e-23, nan 
-17.125, -68.375, 3.864991148871057e-23, nan 
-16.875, -68.375, 5.2683601914286703e-23, nan 
-16.625, -68.375, 7.996781118039084e-23, nan 
-16.375, -68.375, 6.772495823673803e-23, nan 
-16.125, -68.375, 6.068758646105034e-23, nan 
-15.875, -68.375, 1.620318474845836e-22, nan 
-15.625, -68.375, 2.283806445325023e-22, nan 
-15.375, -68.375, 3.3843892479847887e-22, nan 
-15.125, -68.375, 3.602539168192539e-22, nan 
-14.875, -68.375, 4.56204353338243e-22, nan 
-14.625, -68.375, 6.16348933309826e-22, nan 
-14.375, -68.375, 4.092176271026212e-22, nan 
-14.125, -68.375, 2.50125362120224e-22, nan 
-13.875, -68.375, 2.614017603886248e-22, nan 
-13.625, -68.375, 4.2835599501701095e-22, nan 
-13.375, -68.375, 5.280564906048543e-22, nan 
-13.125, -68.375, 4.1566828478626995e-22, nan 
-12.875, -68.375, 4.536885744223903e-22, nan 
-12.625, -68.375, 4.1472818102349046e-22, nan 
-12.375, -68.375, 2.8840801649904587e-22, nan 
-12.125, -68.375, 7.868844048477642e-23, nan 
-11.875, -68.375, 6.51745707208983e-23, nan 
-11.625, -68.375, 8.024946138564658e-23, nan 
-11.375, -68.375, 7.046147154658153e-23, nan 
-11.125, -68.375, 1.8292988855184047e-22, nan 
-10.875, -68.375, 1.8541511126883773e-22, nan 
-10.625, -68.375, 1.3553058238261327e-22, nan 
-10.375, -68.375, 1.8916977855950237e-22, nan 
-10.125, -68.375, 1.6091379338374445e-22, nan 
-9.875, -68.375, 1.7412939032034301e-22, nan 
-9.625, -68.375, 1.2351444037316708e-22, nan 
-9.375, -68.375, 1.1832796937345169e-22, nan 
-9.125, -68.375, 1.6410487867602973e-22, nan 
-8.875, -68.375, 1.278733160435057e-22, nan 
-8.625, -68.375, 1.746123635172727e-22, nan 
-8.375, -68.375, 2.0621441145446295e-22, nan 
-8.125, -68.375, 2.8137014512414346e-22, nan 
-7.875, -68.375, 3.06711672469363e-22, nan 
-7.625, -68.375, 2.8461673015108696e-22, nan 
-7.375, -68.375, 2.4563839975878655e-22, nan 
-7.125, -68.375, 2.858696390009732e-22, nan 
-6.875, -68.375, 2.537240301615204e-22, nan 
-6.625, -68.375, 4.508782739574117e-22, nan 
-6.375, -68.375, 4.0915597208133497e-22, nan 
-6.125, -68.375, 4.668325474453144e-22, nan 
-5.875, -68.375, 7.277933901667703e-22, nan 
-5.625, -68.375, 7.557132795310876e-22, nan 
-5.375, -68.375, 8.804392345858797e-22, nan 
-5.125, -68.375, 8.153545247731567e-22, nan 
-4.875, -68.375, 8.75406953822387e-22, nan 
-4.625, -68.375, 9.48302227133146e-22, nan 
-4.375, -68.375, 7.714490858635229e-22, nan 
-4.125, -68.375, 1.221464389655331e-21, nan 
-3.875, -68.375, 1.7642108625246306e-21, nan 
-3.625, -68.375, 5.677862886370245e-22, nan 
-3.375, -68.375, 1.1201711632009307e-21, nan 
-3.125, -68.375, 1.610947818563993e-21, nan 
-2.875, -68.375, 5.580350112722712e-22, nan 
-2.625, -68.375, 1.056301062009741e-21, nan 
-2.375, -68.375, 7.944831015450205e-22, nan 
-2.125, -68.375, 8.623416083655465e-22, nan 
-1.875, -68.375, 9.652376310576087e-22, nan 
-1.625, -68.375, 8.193882006876503e-22, nan 
-1.375, -68.375, 8.631229457326187e-22, nan 
-1.125, -68.375, 5.6810030560605335e-22, nan 
-0.875, -68.375, 4.708697405520708e-22, nan 
-0.625, -68.375, 7.311304916485386e-22, nan 
-0.375, -68.375, 8.032082881944712e-22, nan 
-0.125, -68.375, 1.5875936310910942e-21, nan 
0.125, -68.375, 2.5266249784215175e-21, nan 
0.375, -68.375, 3.0601100857714237e-21, nan 
0.625, -68.375, 7.298102858197853e-21, nan 
0.875, -68.375, 5.075743165010079e-21, nan 
1.125, -68.375, 3.199769727430673e-21, nan 
1.375, -68.375, 8.630364231980537e-21, nan 
1.625, -68.375, 6.3321158879176516e-21, nan 
1.875, -68.375, 4.099378995820783e-22, nan 
2.125, -68.375, 3.138383153424459e-21, nan 
2.375, -68.375, 2.5012031889047273e-21, nan 
2.625, -68.375, 7.864060796930583e-22, nan 
2.875, -68.375, 3.177605256883386e-21, nan 
3.125, -68.375, 8.88909280978906e-22, nan 
3.375, -68.375, 2.176978291825315e-22, nan 
3.625, -68.375, 1.71253473741176e-21, nan 
3.875, -68.375, 2.3939213228146753e-21, nan 
4.125, -68.375, 2.2150687915056264e-21, nan 
4.375, -68.375, 1.1247861359927726e-21, nan 
4.625, -68.375, 4.958323612194081e-21, nan 
4.875, -68.375, 5.982798086961216e-21, nan 
5.125, -68.375, 9.615813718088797e-21, nan 
5.375, -68.375, 4.761311533057408e-21, nan 
5.625, -68.375, 2.275739334501018e-21, nan 
5.875, -68.375, 1.4727867696368876e-21, nan 
6.125, -68.375, 4.901473521736058e-22, nan 
-35.125, -68.125, 1.9302771575371644e-23, nan 
-34.875, -68.125, 1.9854137860370683e-23, nan 
-34.625, -68.125, 1.718224944206813e-23, nan 
-34.375, -68.125, 1.9341172974045937e-23, nan 
-34.125, -68.125, 1.6866310374954925e-23, nan 
-33.875, -68.125, 1.862961244422342e-23, nan 
-33.625, -68.125, 1.3728228880529234e-23, nan 
-33.375, -68.125, 1.5617532361897336e-23, nan 
-33.125, -68.125, 1.56478629028671e-23, nan 
-32.875, -68.125, 1.6749390553777347e-23, nan 
-32.625, -68.125, 1.6926754322525396e-23, nan 
-32.375, -68.125, 1.6448177118068196e-23, nan 
-32.125, -68.125, 1.4852609611162453e-23, nan 
-31.875, -68.125, 1.4488281983876337e-23, nan 
-31.625, -68.125, 1.3291928766256837e-23, nan 
-31.375, -68.125, 1.077622772812854e-23, nan 
-31.125, -68.125, 9.639476218751057e-24, nan 
-30.875, -68.125, 1.7285518920471453e-23, nan 
-30.625, -68.125, 1.4982073484199408e-23, nan 
-30.375, -68.125, 6.250707302671701e-24, nan 
-30.125, -68.125, 7.923013053157044e-24, nan 
-29.875, -68.125, 1.1424217099447719e-23, nan 
-29.625, -68.125, 1.2981894958405144e-23, nan 
-29.375, -68.125, 1.0704430717666802e-23, nan 
-29.125, -68.125, 1.1697833215970197e-23, nan 
-28.875, -68.125, 2.089518321397221e-23, nan 
-28.625, -68.125, 1.7573406888583353e-23, nan 
-28.375, -68.125, 1.2694001680811643e-23, nan 
-28.125, -68.125, 1.0032315044602711e-23, nan 
-27.875, -68.125, 2.020951676135856e-23, nan 
-27.625, -68.125, 1.7548547708003283e-23, nan 
-27.375, -68.125, 1.5366243773746766e-23, nan 
-27.125, -68.125, 2.0540657353215105e-23, nan 
-26.875, -68.125, 2.291011784878081e-23, nan 
-26.625, -68.125, 4.917703677016529e-23, nan 
-26.375, -68.125, 1.0892728835873995e-22, nan 
-26.125, -68.125, 1.2598823746895693e-22, nan 
-25.875, -68.125, 1.3601173548900144e-22, nan 
-25.625, -68.125, 1.369728256582205e-22, nan 
-25.375, -68.125, 1.4288587258082657e-22, nan 
-25.125, -68.125, 1.2577984203889698e-22, nan 
-24.875, -68.125, 5.1013941445693296e-23, nan 
-24.625, -68.125, 3.469896999148936e-23, nan 
-24.375, -68.125, 4.4891037834832025e-23, nan 
-24.125, -68.125, 5.491304943567138e-23, nan 
-23.875, -68.125, 8.023105416408055e-23, nan 
-23.625, -68.125, 2.658375759974689e-23, nan 
-23.375, -68.125, 6.451366658883056e-23, nan 
-23.125, -68.125, 1.456109898485835e-22, nan 
-22.875, -68.125, 8.88941302716368e-23, nan 
-22.625, -68.125, 8.138577292636466e-23, nan 
-22.375, -68.125, 1.446473160179935e-22, nan 
-22.125, -68.125, 9.576093664251948e-23, nan 
-21.875, -68.125, 7.723319517475879e-23, nan 
-21.625, -68.125, 8.206204169669719e-23, nan 
-21.375, -68.125, 4.660172361319404e-23, nan 
-21.125, -68.125, 3.42642684602034e-23, nan 
-20.875, -68.125, 4.3641973316289114e-23, nan 
-20.625, -68.125, 5.221505159548948e-23, nan 
-20.375, -68.125, 5.116746214612247e-23, nan 
-20.125, -68.125, 3.2967223534154185e-23, nan 
-19.875, -68.125, 3.288336728703661e-23, nan 
-19.625, -68.125, 6.02809005620865e-23, nan 
-19.375, -68.125, 5.858480669658815e-23, nan 
-19.125, -68.125, 5.489208206759549e-23, nan 
-18.875, -68.125, 5.0450644327652786e-23, nan 
-18.625, -68.125, 7.011959752068059e-23, nan 
-18.375, -68.125, 5.802649751897453e-23, nan 
-18.125, -68.125, 6.873334571024021e-23, nan 
-17.875, -68.125, 8.355963057744178e-23, nan 
-17.625, -68.125, 8.141346247937255e-23, nan 
-17.375, -68.125, 7.527546402407572e-23, nan 
-17.125, -68.125, 1.0102603023448855e-22, nan 
-16.875, -68.125, 1.0893881144531464e-22, nan 
-16.625, -68.125, 1.010107319672891e-22, nan 
-16.375, -68.125, 1.0531683293424415e-22, nan 
-16.125, -68.125, 6.721636986823478e-23, nan 
-15.875, -68.125, 6.335998451975816e-23, nan 
-15.625, -68.125, 1.0508400108544819e-22, nan 
-15.375, -68.125, 6.652474274767526e-23, nan 
-15.125, -68.125, 3.1990136304619084e-22, nan 
-14.875, -68.125, 5.813397723786985e-22, nan 
-14.625, -68.125, 6.873262240258128e-22, nan 
-14.375, -68.125, 5.602630968273755e-22, nan 
-14.125, -68.125, 6.368488830621582e-22, nan 
-13.875, -68.125, 6.045618869337066e-22, nan 
-13.625, -68.125, 5.100183490023892e-22, nan 
-13.375, -68.125, 7.217993057623575e-22, nan 
-13.125, -68.125, 6.323650301731079e-22, nan 
-12.875, -68.125, 1.885751153718611e-22, nan 
-12.625, -68.125, 1.4286611689849755e-22, nan 
-12.375, -68.125, 1.4904497796899231e-22, nan 
-12.125, -68.125, 6.002544013094547e-23, nan 
-11.875, -68.125, 9.071546381111268e-23, nan 
-11.625, -68.125, 2.0115427321340432e-22, nan 
-11.375, -68.125, 2.493518586840851e-22, nan 
-11.125, -68.125, 2.9680133570810663e-22, nan 
-10.875, -68.125, 3.325967855670101e-22, nan 
-10.625, -68.125, 2.9276274260591916e-22, nan 
-10.375, -68.125, 2.160399965812687e-22, nan 
-10.125, -68.125, 1.7354581077704434e-22, nan 
-9.875, -68.125, 1.5039605453239436e-22, nan 
-9.625, -68.125, 1.3699186747956234e-22, nan 
-9.375, -68.125, 1.699186312814053e-22, nan 
-9.125, -68.125, 3.3855318368830133e-22, nan 
-8.875, -68.125, 3.756995882692606e-22, nan 
-8.625, -68.125, 3.967753202958052e-22, nan 
-8.375, -68.125, 5.283274292068128e-22, nan 
-8.125, -68.125, 6.019040096749122e-22, nan 
-7.875, -68.125, 5.578972574602657e-22, nan 
-7.625, -68.125, 6.649628324826953e-22, nan 
-7.375, -68.125, 4.067925590845201e-22, nan 
-7.125, -68.125, 1.7200499512968394e-22, nan 
-6.875, -68.125, 6.383775399052078e-22, nan 
-6.625, -68.125, 7.692643385197572e-22, nan 
-6.375, -68.125, 1.1115690500211843e-21, nan 
-6.125, -68.125, 1.1824318026216836e-21, nan 
-5.875, -68.125, 7.223411258320364e-22, nan 
-5.625, -68.125, 4.000369326039306e-22, nan 
-5.375, -68.125, 8.237105186047992e-22, nan 
-5.125, -68.125, 1.8647679696543587e-21, nan 
-4.875, -68.125, 2.0149200285385234e-21, nan 
-4.625, -68.125, 2.341615854535172e-21, nan 
-4.375, -68.125, 2.76877731479159e-21, nan 
-4.125, -68.125, 3.073033297391603e-21, nan 
-3.875, -68.125, 3.728788425694205e-21, nan 
-3.625, -68.125, 2.0377416838017252e-21, nan 
-3.375, -68.125, 3.904681198556335e-21, nan 
-3.125, -68.125, 2.9154465961007477e-21, nan 
-2.875, -68.125, 1.6472271958620889e-21, nan 
-2.625, -68.125, 3.394764973421479e-21, nan 
-2.375, -68.125, 2.190252429447173e-21, nan 
-2.125, -68.125, 1.857109625578825e-21, nan 
-1.875, -68.125, 1.2621111424689383e-21, nan 
-1.625, -68.125, 1.194762233135061e-21, nan 
-1.375, -68.125, 1.0025909309157884e-21, nan 
-1.125, -68.125, 1.3638120658997202e-21, nan 
-0.875, -68.125, 1.3933155900049321e-21, nan 
-0.625, -68.125, 1.0325216666885808e-21, nan 
-0.375, -68.125, 9.35101256431108e-22, nan 
-0.125, -68.125, 2.4880154900689104e-21, nan 
0.125, -68.125, 2.7363210542146012e-21, nan 
0.375, -68.125, 6.669809346139511e-21, nan 
0.625, -68.125, 9.396383709437765e-21, nan 
0.875, -68.125, 4.290849275903966e-21, nan 
1.125, -68.125, 7.314394287839776e-21, nan 
1.375, -68.125, 8.068033474151363e-21, nan 
1.625, -68.125, 5.258724663464574e-21, nan 
1.875, -68.125, 3.820472252014109e-21, nan 
2.125, -68.125, 4.5124654072061424e-21, nan 
2.375, -68.125, 2.2373697663213586e-21, nan 
2.625, -68.125, 3.0745247207028225e-21, nan 
2.875, -68.125, 4.184629083366869e-21, nan 
3.125, -68.125, 1.0965222615972533e-21, nan 
3.375, -68.125, 1.6629982246332103e-21, nan 
3.625, -68.125, 6.994140771191443e-22, nan 
3.875, -68.125, 7.141488200415103e-22, nan 
4.125, -68.125, 5.507490650515908e-22, nan 
4.375, -68.125, 5.760602293349569e-22, nan 
4.625, -68.125, 5.82348758689964e-21, nan 
4.875, -68.125, 4.719396759169003e-21, nan 
5.125, -68.125, 2.60316924977057e-21, nan 
5.375, -68.125, 8.230592781802412e-22, nan 
5.625, -68.125, 3.7304791821248935e-22, nan 
5.875, -68.125, 4.908400715240059e-22, nan 
6.125, -68.125, 6.104644953904368e-22, nan 
-34.625, -67.875, 1.517118346202185e-23, nan 
-34.375, -67.875, 1.409952789374902e-23, nan 
-34.125, -67.875, 1.9119592141481475e-23, nan 
-33.875, -67.875, 1.8611857527834286e-23, nan 
-33.625, -67.875, 1.582424151389728e-23, nan 
-33.375, -67.875, 1.943329369430671e-23, nan 
-33.125, -67.875, 1.518492688367269e-23, nan 
-32.875, -67.875, 1.51333814702427e-23, nan 
-32.625, -67.875, 1.0579403333056507e-23, nan 
-32.375, -67.875, 9.687257164894515e-24, nan 
-32.125, -67.875, 1.1661320515074037e-23, nan 
-31.875, -67.875, 1.2200788642332904e-23, nan 
-31.625, -67.875, 1.3576596519401023e-23, nan 
-31.375, -67.875, 1.2215663213905245e-23, nan 
-31.125, -67.875, 1.2253208264674805e-23, nan 
-30.875, -67.875, 1.4337258086072117e-23, nan 
-30.625, -67.875, 1.447157446937406e-23, nan 
-30.375, -67.875, 1.1888254874215743e-23, nan 
-30.125, -67.875, 1.1652028428829656e-23, nan 
-29.875, -67.875, 1.2456353213221116e-23, nan 
-29.625, -67.875, 9.976942901197482e-24, nan 
-29.375, -67.875, 5.43737888754473e-24, nan 
-29.125, -67.875, 6.561630436537454e-24, nan 
-28.875, -67.875, 1.1195719344823548e-23, nan 
-28.625, -67.875, 2.4623251635636457e-23, nan 
-28.375, -67.875, 1.4258612658531254e-23, nan 
-28.125, -67.875, 1.886244313702862e-23, nan 
-27.875, -67.875, 2.4171788403119148e-23, nan 
-27.625, -67.875, 2.081408204698959e-23, nan 
-27.375, -67.875, 2.5641560253278552e-23, nan 
-27.125, -67.875, 1.9185669524322304e-23, nan 
-26.875, -67.875, 3.783988323549747e-23, nan 
-26.625, -67.875, 4.521452686351933e-23, nan 
-26.375, -67.875, 5.842574280391273e-23, nan 
-26.125, -67.875, 6.394717034880735e-23, nan 
-25.875, -67.875, 6.882878311495692e-23, nan 
-25.625, -67.875, 6.966136382958846e-23, nan 
-25.375, -67.875, 3.761918836433748e-23, nan 
-25.125, -67.875, 2.238746453115538e-23, nan 
-24.875, -67.875, 4.060226831854726e-23, nan 
-24.625, -67.875, 4.815706788844956e-23, nan 
-24.375, -67.875, 6.187716405295822e-23, nan 
-24.125, -67.875, 6.815885230952373e-23, nan 
-23.875, -67.875, 8.359461258731166e-23, nan 
-23.625, -67.875, 1.0254990064747399e-22, nan 
-23.375, -67.875, 1.1801877132965812e-22, nan 
-23.125, -67.875, 2.2243100723777987e-22, nan 
-22.875, -67.875, 1.633947670316961e-22, nan 
-22.625, -67.875, 1.3201016211508055e-22, nan 
-22.375, -67.875, 1.665777747493831e-22, nan 
-22.125, -67.875, 9.690246221365777e-23, nan 
-21.875, -67.875, 7.642621728654405e-23, nan 
-21.625, -67.875, 4.051054677758621e-23, nan 
-21.375, -67.875, 4.394890878053561e-23, nan 
-21.125, -67.875, 6.25105997819237e-23, nan 
-20.875, -67.875, 7.92968185527528e-23, nan 
-20.625, -67.875, 6.888825359519988e-23, nan 
-20.375, -67.875, 5.452436017310702e-23, nan 
-20.125, -67.875, 5.363923274102501e-23, nan 
-19.875, -67.875, 3.595629576903877e-23, nan 
-19.625, -67.875, 8.089176943005112e-23, nan 
-19.375, -67.875, 8.515268447270294e-23, nan 
-19.125, -67.875, 1.4374781346716203e-22, nan 
-18.875, -67.875, 6.384695858167163e-23, nan 
-18.625, -67.875, 8.766521939880785e-23, nan 
-18.375, -67.875, 8.503235189965308e-23, nan 
-18.125, -67.875, 9.172464546773848e-23, nan 
-17.875, -67.875, 8.139513721936578e-23, nan 
-17.625, -67.875, 8.008425742668908e-23, nan 
-17.375, -67.875, 1.064402535498995e-22, nan 
-17.125, -67.875, 1.613640610694026e-22, nan 
-16.875, -67.875, 1.6609027115902315e-22, nan 
-16.625, -67.875, 1.4712613761667723e-22, nan 
-16.375, -67.875, 1.342675652700168e-22, nan 
-16.125, -67.875, 1.6522070785396909e-22, nan 
-15.875, -67.875, 1.3423856869431612e-22, nan 
-15.625, -67.875, 1.1337405737383617e-22, nan 
-15.375, -67.875, 1.3180599024899532e-22, nan 
-15.125, -67.875, 1.1656336798260978e-22, nan 
-14.875, -67.875, 1.8817115588828913e-22, nan 
-14.625, -67.875, 1.9621465343974387e-22, nan 
-14.375, -67.875, 3.2936252990255704e-22, nan 
-14.125, -67.875, 5.242107535662639e-22, nan 
-13.875, -67.875, 3.949141897026026e-22, nan 
-13.625, -67.875, 3.0838173131134886e-22, nan 
-13.375, -67.875, 1.0745357044502697e-22, nan 
-13.125, -67.875, 2.0619053501883002e-22, nan 
-12.875, -67.875, 6.461359029120982e-23, nan 
-12.625, -67.875, 1.544423909750101e-22, nan 
-12.375, -67.875, 3.313622364994051e-22, nan 
-12.125, -67.875, 4.142782682928025e-22, nan 
-11.875, -67.875, 6.612443417239376e-22, nan 
-11.625, -67.875, 6.54437486794565e-22, nan 
-11.375, -67.875, 5.644274513144721e-22, nan 
-11.125, -67.875, 6.741188329020294e-22, nan 
-10.875, -67.875, 5.666798419211738e-22, nan 
-10.625, -67.875, 4.3591430056141625e-22, nan 
-10.375, -67.875, 4.893565506903806e-22, nan 
-10.125, -67.875, 6.247053520922619e-22, nan 
-9.875, -67.875, 5.154567443027444e-22, nan 
-9.625, -67.875, 7.790225527978647e-22, nan 
-9.375, -67.875, 8.025787894606571e-22, nan 
-9.125, -67.875, 4.286884377917544e-22, nan 
-8.875, -67.875, 1.2795710806314566e-21, nan 
-8.625, -67.875, 2.295370431659038e-21, nan 
-8.375, -67.875, 1.9486823798694458e-21, nan 
-8.125, -67.875, 1.5581463362685344e-21, nan 
-7.875, -67.875, 2.3128894825846595e-21, nan 
-7.625, -67.875, 2.2715803033559093e-21, nan 
-7.375, -67.875, 1.8539762804581772e-21, nan 
-7.125, -67.875, 2.2603122312134955e-21, nan 
-6.875, -67.875, 3.145915931596086e-21, nan 
-6.625, -67.875, 1.8563580702359328e-21, nan 
-6.375, -67.875, 5.346943790194041e-21, nan 
-6.125, -67.875, 4.8524254385823715e-21, nan 
-5.875, -67.875, 3.185246753328582e-21, nan 
-5.625, -67.875, 2.167916139452664e-21, nan 
-5.375, -67.875, 2.634197298895171e-21, nan 
-5.125, -67.875, 3.158255372715597e-21, nan 
-4.875, -67.875, 1.788773347597215e-21, nan 
-4.625, -67.875, 5.902625688149314e-21, nan 
-4.375, -67.875, 8.211997245080699e-21, nan 
-4.125, -67.875, 9.587057522201382e-21, nan 
-3.875, -67.875, 1.1643609933367565e-20, nan 
-3.625, -67.875, 7.963022970857791e-21, nan 
-3.375, -67.875, 8.993192016997273e-21, nan 
-3.125, -67.875, 7.778548818661474e-21, nan 
-2.875, -67.875, 4.404193733823148e-21, nan 
-2.625, -67.875, 9.075275182208512e-21, nan 
-2.375, -67.875, 4.487421529743153e-21, nan 
-2.125, -67.875, 4.285109253147127e-21, nan 
-1.875, -67.875, 7.37236243468001e-21, nan 
-1.625, -67.875, 4.526372188139148e-21, nan 
-1.375, -67.875, 2.1052938968644077e-21, nan 
-1.125, -67.875, 2.311466958695192e-21, nan 
-0.875, -67.875, 4.232647849763028e-21, nan 
-0.625, -67.875, 4.377275734633248e-21, nan 
-0.375, -67.875, 3.934031642662415e-21, nan 
-0.125, -67.875, 3.929253484500255e-21, nan 
0.125, -67.875, 3.2580215342507176e-21, nan 
0.375, -67.875, 3.858527824361452e-21, nan 
0.625, -67.875, 3.510067613427811e-21, nan 
0.875, -67.875, 4.2965721244799665e-21, nan 
1.125, -67.875, 6.762269967712883e-21, nan 
1.375, -67.875, 8.351429576328785e-21, nan 
1.625, -67.875, 6.303071716805581e-21, nan 
1.875, -67.875, 5.897084155264386e-21, nan 
2.125, -67.875, 7.165666491258262e-21, nan 
2.375, -67.875, 4.432010320549734e-21, nan 
2.625, -67.875, 4.419151513773194e-21, nan 
2.875, -67.875, 4.867370111240755e-21, nan 
3.125, -67.875, 2.263042289037908e-21, nan 
3.375, -67.875, 7.757607014498503e-22, nan 
3.625, -67.875, 5.992904356147955e-22, nan 
3.875, -67.875, 3.9945230105293993e-22, nan 
4.125, -67.875, 3.4810806367223425e-22, nan 
4.375, -67.875, 4.775770041765113e-22, nan 
4.625, -67.875, 4.1494740178194012e-22, nan 
4.875, -67.875, 3.4769718071819493e-22, nan 
5.125, -67.875, 4.76457984288575e-22, nan 
5.375, -67.875, 4.255067477929976e-22, nan 
5.625, -67.875, 5.49370411880266e-22, nan 
5.875, -67.875, 7.702278558533867e-22, nan 
6.125, -67.875, 8.5165654982032e-22, nan 
-34.375, -67.625, 1.589733784239965e-23, nan 
-34.125, -67.625, 2.172024326245013e-23, nan 
-33.875, -67.625, 2.0549128983717713e-23, nan 
-33.625, -67.625, 1.7592328105193357e-23, nan 
-33.375, -67.625, 1.8565923227372247e-23, nan 
-33.125, -67.625, 1.5166276503210574e-23, nan 
-32.875, -67.625, 1.1556061769909972e-23, nan 
-32.625, -67.625, 9.349641353762957e-24, nan 
-32.375, -67.625, 1.5445142217972971e-23, nan 
-32.125, -67.625, 1.5038272146545128e-23, nan 
-31.875, -67.625, 1.5999093953378427e-23, nan 
-31.625, -67.625, 1.372340243517258e-23, nan 
-31.375, -67.625, 1.6251275442682676e-23, nan 
-31.125, -67.625, 1.8880017235191226e-23, nan 
-30.875, -67.625, 1.1868172101073481e-23, nan 
-30.625, -67.625, 1.3818915198815197e-23, nan 
-30.375, -67.625, 1.6536802724939565e-23, nan 
-30.125, -67.625, 1.4454137503137955e-23, nan 
-29.875, -67.625, 1.7971301964129924e-23, nan 
-29.625, -67.625, 1.1949081322445517e-23, nan 
-29.375, -67.625, 1.4437733599763785e-23, nan 
-29.125, -67.625, 1.528788494210118e-23, nan 
-28.875, -67.625, 1.8720051327220032e-23, nan 
-28.625, -67.625, 2.5451733567000514e-23, nan 
-28.375, -67.625, 2.748646501671149e-23, nan 
-28.125, -67.625, 3.0918800413646593e-23, nan 
-27.875, -67.625, 2.798702741342788e-23, nan 
-27.625, -67.625, 2.7496792122903414e-23, nan 
-27.375, -67.625, 3.2059445476711595e-23, nan 
-27.125, -67.625, 3.3501825427357803e-23, nan 
-26.875, -67.625, 3.0595171435207424e-23, nan 
-26.625, -67.625, 2.8107216049088426e-23, nan 
-26.375, -67.625, 4.464507604898597e-23, nan 
-26.125, -67.625, 5.064700264960087e-23, nan 
-25.875, -67.625, 5.194298223337754e-23, nan 
-25.625, -67.625, 5.952044413056427e-23, nan 
-25.375, -67.625, 5.297846433848341e-23, nan 
-25.125, -67.625, 4.7307689237564974e-23, nan 
-24.875, -67.625, 4.862672626564076e-23, nan 
-24.625, -67.625, 3.6754627153522126e-23, nan 
-24.375, -67.625, 3.895304278534804e-23, nan 
-24.125, -67.625, 6.491626673127323e-23, nan 
-23.875, -67.625, 7.609683234011081e-23, nan 
-23.625, -67.625, 1.2452638113647843e-22, nan 
-23.375, -67.625, 1.3446884682316112e-22, nan 
-23.125, -67.625, 2.0393689507626162e-22, nan 
-22.875, -67.625, 1.9939221931038475e-22, nan 
-22.625, -67.625, 1.5417970753621195e-22, nan 
-22.375, -67.625, 4.635881255131317e-23, nan 
-22.125, -67.625, 5.039368925407829e-23, nan 
-21.875, -67.625, 3.620466133046982e-23, nan 
-21.625, -67.625, 3.19229567470343e-23, nan 
-21.375, -67.625, 2.3217168208930797e-23, nan 
-21.125, -67.625, 7.934362538992185e-23, nan 
-20.875, -67.625, 1.1109093172999779e-22, nan 
-20.625, -67.625, 8.489983709266944e-23, nan 
-20.375, -67.625, 1.4068977866894797e-22, nan 
-20.125, -67.625, 2.207855016401145e-22, nan 
-19.875, -67.625, 2.635950737508206e-22, nan 
-19.625, -67.625, 2.2031436358612228e-22, nan 
-19.375, -67.625, 2.273952265689555e-22, nan 
-19.125, -67.625, 2.623277678776261e-22, nan 
-18.875, -67.625, 3.372941527808472e-23, nan 
-18.625, -67.625, 4.984634671047694e-23, nan 
-18.375, -67.625, 1.7938330527730866e-22, nan 
-18.125, -67.625, 3.351718782006414e-23, nan 
-17.875, -67.625, 9.316340988072448e-23, nan 
-17.625, -67.625, 7.845139099131293e-23, nan 
-17.375, -67.625, 1.146626247413712e-22, nan 
-17.125, -67.625, 2.3833923309715713e-22, nan 
-16.875, -67.625, 2.0181471088454054e-22, nan 
-16.625, -67.625, 2.255533091375689e-22, nan 
-16.375, -67.625, 2.2970669226954765e-22, nan 
-16.125, -67.625, 3.2263429294711084e-22, nan 
-15.875, -67.625, 3.2585633177526295e-22, nan 
-15.625, -67.625, 2.946248183286827e-22, nan 
-15.375, -67.625, 2.9553653073823e-22, nan 
-15.125, -67.625, 4.442050886797724e-22, nan 
-14.875, -67.625, 4.0521632185080975e-22, nan 
-14.625, -67.625, 3.8122648475038327e-22, nan 
-14.375, -67.625, 3.3235282291685958e-22, nan 
-14.125, -67.625, 3.748424543886929e-22, nan 
-13.875, -67.625, 2.888637928490839e-22, nan 
-13.625, -67.625, 2.679929639802067e-22, nan 
-13.375, -67.625, 6.089764915773723e-22, nan 
-13.125, -67.625, 8.247305429077283e-22, nan 
-12.875, -67.625, 9.179876566529496e-22, nan 
-12.625, -67.625, 9.391435032794256e-22, nan 
-12.375, -67.625, 1.3151268731257882e-21, nan 
-12.125, -67.625, 1.5134706242823329e-21, nan 
-11.875, -67.625, 1.6461868962700092e-21, nan 
-11.625, -67.625, 1.5380976623615953e-21, nan 
-11.375, -67.625, 1.1379847948641874e-21, nan 
-11.125, -67.625, 9.49115360264535e-22, nan 
-10.875, -67.625, 1.2678548768461868e-21, nan 
-10.625, -67.625, 1.4093179905618409e-21, nan 
-10.375, -67.625, 1.4250538648935492e-21, nan 
-10.125, -67.625, 4.2383981112277695e-21, nan 
-9.875, -67.625, 2.815448983606241e-21, nan 
-9.625, -67.625, 2.8575768453556905e-21, nan 
-9.375, -67.625, 4.2045903154637375e-21, nan 
-9.125, -67.625, 5.410745213126045e-21, nan 
-8.875, -67.625, 5.0658185639740115e-21, nan 
-8.625, -67.625, 1.091306874620859e-20, nan 
-8.375, -67.625, 1.21146811034474e-20, nan 
-8.125, -67.625, 6.256109946897611e-21, nan 
-7.875, -67.625, 5.718453551490763e-21, nan 
-7.625, -67.625, 8.892462563421699e-21, nan 
-7.375, -67.625, 1.965444449795592e-20, nan 
-7.125, -67.625, 7.561795603488069e-21, nan 
-6.875, -67.625, 1.7298160590606414e-20, nan 
-6.625, -67.625, 1.7377115367526684e-20, nan 
-6.375, -67.625, 1.403393694428999e-20, nan 
-6.125, -67.625, 1.8018505386112288e-20, nan 
-5.875, -67.625, 1.4143283100557635e-20, nan 
-5.625, -67.625, 7.071145064657346e-21, nan 
-5.375, -67.625, 9.431079907237366e-21, nan 
-5.125, -67.625, 1.3564538816298543e-20, nan 
-4.875, -67.625, 1.9862079066477882e-20, nan 
-4.625, -67.625, 3.5238571387138146e-21, nan 
-4.375, -67.625, 1.9286453556836227e-20, nan 
-4.125, -67.625, 3.1490393176999197e-20, nan 
-3.875, -67.625, 1.7837949275535984e-20, nan 
-3.625, -67.625, 8.743875767918155e-21, nan 
-3.375, -67.625, 5.666426000234147e-21, nan 
-3.125, -67.625, 1.3578116067308935e-20, nan 
-2.875, -67.625, 6.776564463262502e-21, nan 
-2.625, -67.625, 9.018727768364163e-21, nan 
-2.375, -67.625, 9.670501180940262e-21, nan 
-2.125, -67.625, 8.314791372586383e-21, nan 
-1.875, -67.625, 5.445664516678341e-21, nan 
-1.625, -67.625, 5.009545950475183e-21, nan 
-1.375, -67.625, 3.018020198136225e-21, nan 
-1.125, -67.625, 2.365881887884999e-21, nan 
-0.875, -67.625, 3.125052345458474e-21, nan 
-0.625, -67.625, 2.7919036216199897e-21, nan 
-0.375, -67.625, 2.8267012012310716e-21, nan 
-0.125, -67.625, 2.6787167311223856e-21, nan 
0.125, -67.625, 2.5232868272487265e-21, nan 
0.375, -67.625, 2.6407697738019123e-21, nan 
0.625, -67.625, 3.2191175665426668e-21, nan 
0.875, -67.625, 2.9498610132977193e-21, nan 
1.125, -67.625, 2.396356104180508e-21, nan 
1.375, -67.625, 2.5220113926114855e-21, nan 
1.625, -67.625, 2.9033554841775742e-21, nan 
1.875, -67.625, 3.172482524432355e-21, nan 
2.125, -67.625, 2.7829006835990248e-21, nan 
2.375, -67.625, 2.2560094732763008e-21, nan 
2.625, -67.625, 2.0945448710614547e-21, nan 
2.875, -67.625, 1.3128288366431667e-21, nan 
3.125, -67.625, 5.332068594029552e-22, nan 
3.375, -67.625, 2.979267997954507e-22, nan 
3.625, -67.625, 2.6756031743587293e-22, nan 
3.875, -67.625, 1.7955512518590327e-22, nan 
4.125, -67.625, 3.247675446003702e-22, nan 
4.375, -67.625, 4.2154944431515727e-22, nan 
4.625, -67.625, 2.414572307456535e-22, nan 
4.875, -67.625, 2.9987970322185236e-22, nan 
5.125, -67.625, 4.966785168561308e-22, nan 
5.375, -67.625, 4.9413482065469785e-22, nan 
5.625, -67.625, 6.028601663284765e-22, nan 
5.875, -67.625, 3.8625630377767137e-22, nan 
-33.875, -67.375, 6.350094476505909e-24, nan 
-33.625, -67.375, 1.500926845132493e-23, nan 
-33.375, -67.375, 1.7352977576418078e-23, nan 
-33.125, -67.375, 1.580151547810703e-23, nan 
-32.875, -67.375, 1.594846150566057e-23, nan 
-32.625, -67.375, 1.6938654978372062e-23, nan 
-32.375, -67.375, 1.818743820954245e-23, nan 
-32.125, -67.375, 1.6771121067059266e-23, nan 
-31.875, -67.375, 1.4980613923238903e-23, nan 
-31.625, -67.375, 1.4791126424417905e-23, nan 
-31.375, -67.375, 1.8943177045422688e-23, nan 
-31.125, -67.375, 2.062345705793487e-23, nan 
-30.875, -67.375, 1.7354318826381336e-23, nan 
-30.625, -67.375, 2.1861525869511534e-23, nan 
-30.375, -67.375, 2.4164681760969022e-23, nan 
-30.125, -67.375, 2.418987477654612e-23, nan 
-29.875, -67.375, 2.62533886278181e-23, nan 
-29.625, -67.375, 1.7201486927331636e-23, nan 
-29.375, -67.375, 1.9846667945996996e-23, nan 
-29.125, -67.375, 2.4374591554939453e-23, nan 
-28.875, -67.375, 2.2377451910767077e-23, nan 
-28.625, -67.375, 2.2838567318232265e-23, nan 
-28.375, -67.375, 2.738435164721651e-23, nan 
-28.125, -67.375, 3.23078360830088e-23, nan 
-27.875, -67.375, 4.7149193727447634e-23, nan 
-27.625, -67.375, 4.444109803883829e-23, nan 
-27.375, -67.375, 3.792700770962757e-23, nan 
-27.125, -67.375, 4.856489644530281e-23, nan 
-26.875, -67.375, 4.915698461264831e-23, nan 
-26.625, -67.375, 4.087280552912946e-23, nan 
-26.375, -67.375, 4.413488699832912e-23, nan 
-26.125, -67.375, 4.485466780881043e-23, nan 
-25.875, -67.375, 4.3927622141302436e-23, nan 
-25.625, -67.375, 4.1657774750959064e-23, nan 
-25.375, -67.375, 5.516889924896641e-23, nan 
-25.125, -67.375, 5.72794233891401e-23, nan 
-24.875, -67.375, 8.01651222614637e-23, nan 
-24.625, -67.375, 4.1259500535850186e-23, nan 
-24.375, -67.375, 4.288762409266424e-23, nan 
-24.125, -67.375, 5.893510554615858e-23, nan 
-23.875, -67.375, 5.867204154866344e-23, nan 
-23.625, -67.375, 9.339329396883827e-23, nan 
-23.375, -67.375, 8.631449800124429e-23, nan 
-23.125, -67.375, 6.998628157813091e-23, nan 
-22.875, -67.375, 1.06175657390144e-22, nan 
-22.625, -67.375, 1.0047412562596099e-22, nan 
-22.375, -67.375, 7.119955868974737e-23, nan 
-22.125, -67.375, 5.2002459456886364e-23, nan 
-21.875, -67.375, 5.928135313652347e-23, nan 
-21.625, -67.375, 6.31023315606339e-23, nan 
-21.375, -67.375, 9.438339074204383e-23, nan 
-21.125, -67.375, 2.25787173557442e-22, nan 
-20.875, -67.375, 3.0572874965672247e-22, nan 
-20.625, -67.375, 2.757045765995551e-22, nan 
-20.375, -67.375, 3.4819740305580756e-22, nan 
-20.125, -67.375, 4.415964679424387e-22, nan 
-19.875, -67.375, 4.524569942895346e-22, nan 
-19.625, -67.375, 3.897383991828474e-22, nan 
-19.375, -67.375, 4.1471744153650523e-22, nan 
-19.125, -67.375, 2.7895388114389698e-22, nan 
-18.875, -67.375, 2.9785399973946925e-22, nan 
-18.625, -67.375, 3.7215141920355145e-22, nan 
-18.375, -67.375, 2.733626961368115e-22, nan 
-18.125, -67.375, 7.664624447225805e-23, nan 
-17.875, -67.375, 9.977097453895704e-23, nan 
-17.625, -67.375, 1.7663562648204477e-22, nan 
-17.375, -67.375, 2.327693144718994e-22, nan 
-17.125, -67.375, 3.2843884707962563e-22, nan 
-16.875, -67.375, 3.7663474431664983e-22, nan 
-16.625, -67.375, 4.960147966609175e-22, nan 
-16.375, -67.375, 5.496910349818564e-22, nan 
-16.125, -67.375, 6.191154922277174e-22, nan 
-15.875, -67.375, 9.056784648674732e-22, nan 
-15.625, -67.375, 1.750561849914476e-21, nan 
-15.375, -67.375, 1.6581871215341788e-21, nan 
-15.125, -67.375, 1.0952980268374659e-21, nan 
-14.875, -67.375, 1.0839813671673713e-21, nan 
-14.625, -67.375, 1.6675130983501587e-21, nan 
-14.375, -67.375, 1.6392613313389621e-21, nan 
-14.125, -67.375, 1.8222616587847365e-21, nan 
-13.875, -67.375, 1.8549835654902295e-21, nan 
-13.625, -67.375, 1.9331086636488662e-21, nan 
-13.375, -67.375, 2.9317716694871773e-21, nan 
-13.125, -67.375, 3.120723970159925e-21, nan 
-12.875, -67.375, 3.364243105875685e-21, nan 
-12.625, -67.375, 2.598647917651964e-21, nan 
-12.375, -67.375, 2.6488657997844397e-21, nan 
-12.125, -67.375, 3.661449556806477e-21, nan 
-11.875, -67.375, 3.508950390515908e-21, nan 
-11.625, -67.375, 4.1785703819217875e-21, nan 
-11.375, -67.375, 5.5875277579764e-21, nan 
-11.125, -67.375, 6.440382951580961e-21, nan 
-10.875, -67.375, 2.2238572367985788e-20, nan 
-10.625, -67.375, 1.2167891718747322e-20, nan 
-10.375, -67.375, 1.506885729639337e-20, nan 
-10.125, -67.375, 7.112898521875415e-20, nan 
-9.875, -67.375, 3.0136153831478506e-20, nan 
-9.625, -67.375, 2.3962002381280954e-20, nan 
-9.375, -67.375, 7.175784383536264e-20, nan 
-9.125, -67.375, 8.037920682919587e-20, nan 
-8.875, -67.375, 6.28914682201061e-20, nan 
-8.625, -67.375, 5.497860605548042e-20, nan 
-8.375, -67.375, 6.38630548826905e-20, nan 
-8.125, -67.375, 5.934154462353536e-20, nan 
-7.875, -67.375, 3.4963946393901825e-20, nan 
-7.625, -67.375, 1.5811495605236158e-20, nan 
-7.375, -67.375, 4.449468461326049e-20, nan 
-7.125, -67.375, 1.0663993408820525e-20, nan 
-6.875, -67.375, 1.2751954395226449e-20, nan 
-6.625, -67.375, 1.1188511321905442e-20, nan 
-6.375, -67.375, 6.126191543256316e-21, nan 
-6.125, -67.375, 7.618847588675428e-21, nan 
-5.875, -67.375, 6.563802057829646e-21, nan 
-5.625, -67.375, 2.02186804827719e-21, nan 
-5.375, -67.375, 2.641734800110745e-21, nan 
-5.125, -67.375, 3.503606482014327e-21, nan 
-4.875, -67.375, 2.5369237381921773e-21, nan 
-4.625, -67.375, 2.0994222003790867e-21, nan 
-4.375, -67.375, 6.482425465239977e-21, nan 
-4.125, -67.375, 1.1138363698181272e-20, nan 
-3.875, -67.375, 5.30129624036251e-21, nan 
-3.625, -67.375, 3.866990582808434e-21, nan 
-3.375, -67.375, 6.657046246623691e-21, nan 
-3.125, -67.375, 6.018310617338723e-21, nan 
-2.875, -67.375, 5.056155038500908e-21, nan 
-2.625, -67.375, 3.2494483150131215e-21, nan 
-2.375, -67.375, 3.743511250358605e-21, nan 
-2.125, -67.375, 3.8539112394721004e-21, nan 
-1.875, -67.375, 2.701495961004578e-21, nan 
-1.625, -67.375, 2.3182521526929833e-21, nan 
-1.375, -67.375, 1.795548853041774e-21, nan 
-1.125, -67.375, 2.8525549701239886e-21, nan 
-0.875, -67.375, 2.1344762972688453e-21, nan 
-0.625, -67.375, 1.1914485766258759e-21, nan 
-0.375, -67.375, 9.690290474183862e-22, nan 
-0.125, -67.375, 1.2269821353544083e-21, nan 
0.125, -67.375, 1.3124607988611489e-21, nan 
0.375, -67.375, 1.2936710075631525e-21, nan 
0.625, -67.375, 1.2369773358106663e-21, nan 
0.875, -67.375, 1.193797067960516e-21, nan 
1.125, -67.375, 9.962999959170427e-22, nan 
1.375, -67.375, 6.8256487533290865e-22, nan 
1.625, -67.375, 7.280309799929226e-22, nan 
1.875, -67.375, 8.79707300512979e-22, nan 
2.125, -67.375, 8.251527779030977e-22, nan 
2.375, -67.375, 4.710581006433964e-22, nan 
2.625, -67.375, 3.850360273827695e-22, nan 
2.875, -67.375, 5.559186892085174e-22, nan 
3.125, -67.375, 2.787024303160781e-22, nan 
3.375, -67.375, 2.287754506415701e-22, nan 
3.625, -67.375, 1.2666214443395196e-22, nan 
3.875, -67.375, 2.119052567450844e-22, nan 
4.125, -67.375, 3.0744412153676577e-22, nan 
4.375, -67.375, 3.5970458282166322e-22, nan 
4.625, -67.375, 4.40231412264107e-22, nan 
4.875, -67.375, 6.213690437891579e-22, nan 
5.125, -67.375, 5.239750820574477e-22, nan 
5.375, -67.375, 3.974571018664838e-22, nan 
5.625, -67.375, 7.036654707314984e-22, nan 
5.875, -67.375, 4.718610585038114e-22, nan 
-33.625, -67.125, 1.7446562306857372e-23, nan 
-33.375, -67.125, 2.793694122284295e-23, nan 
-33.125, -67.125, 2.476195541731018e-23, nan 
-32.875, -67.125, 2.81039837066238e-23, nan 
-32.625, -67.125, 2.2380256471177554e-23, nan 
-32.375, -67.125, 1.5920046199382407e-23, nan 
-32.125, -67.125, 2.4307338196069817e-23, nan 
-31.875, -67.125, 1.9493696096330662e-23, nan 
-31.625, -67.125, 1.4784336260781542e-23, nan 
-31.375, -67.125, 2.819095794849629e-23, nan 
-31.125, -67.125, 3.51354276955966e-23, nan 
-30.875, -67.125, 2.984444998216934e-23, nan 
-30.625, -67.125, 2.958032887518715e-23, nan 
-30.375, -67.125, 3.732766953233742e-23, nan 
-30.125, -67.125, 3.518869516398962e-23, nan 
-29.875, -67.125, 1.7502847894106068e-23, nan 
-29.625, -67.125, 1.207509490774271e-23, nan 
-29.375, -67.125, 1.4587451263988132e-23, nan 
-29.125, -67.125, 3.6631096627910293e-23, nan 
-28.875, -67.125, 5.52720240981883e-23, nan 
-28.625, -67.125, 5.924843998346087e-23, nan 
-28.375, -67.125, 5.1953794507417373e-23, nan 
-28.125, -67.125, 5.902363271629753e-23, nan 
-27.875, -67.125, 6.24104006501616e-23, nan 
-27.625, -67.125, 5.4378659585521e-23, nan 
-27.375, -67.125, 4.902655562459484e-23, nan 
-27.125, -67.125, 4.2311161971993787e-23, nan 
-26.875, -67.125, 3.9497984973673336e-23, nan 
-26.625, -67.125, 5.2160298252371723e-23, nan 
-26.375, -67.125, 6.266959095650716e-23, nan 
-26.125, -67.125, 6.378814642535165e-23, nan 
-25.875, -67.125, 6.990484677933787e-23, nan 
-25.625, -67.125, 7.527080231963578e-23, nan 
-25.375, -67.125, 8.503140575458152e-23, nan 
-25.125, -67.125, 9.163461634670697e-23, nan 
-24.875, -67.125, 9.708905564940088e-23, nan 
-24.625, -67.125, 4.333558329343698e-23, nan 
-24.375, -67.125, 3.86924870680253e-23, nan 
-24.125, -67.125, 7.607920397679258e-23, nan 
-23.875, -67.125, 8.480632794657231e-23, nan 
-23.625, -67.125, 1.366830487939689e-22, nan 
-23.375, -67.125, 1.3148855325214768e-22, nan 
-23.125, -67.125, 1.4302551215399595e-22, nan 
-22.875, -67.125, 1.1904094823700906e-22, nan 
-22.625, -67.125, 1.3594853921021316e-22, nan 
-22.375, -67.125, 1.8826683702572863e-22, nan 
-22.125, -67.125, 1.3072094793897288e-22, nan 
-21.875, -67.125, 1.3935780325855656e-22, nan 
-21.625, -67.125, 1.410997155645099e-22, nan 
-21.375, -67.125, 1.6025741420398557e-22, nan 
-21.125, -67.125, 5.0017104168960415e-22, nan 
-20.875, -67.125, 5.980110415355134e-22, nan 
-20.625, -67.125, 5.077024642591e-22, nan 
-20.375, -67.125, 9.472243931577448e-22, nan 
-20.125, -67.125, 1.0168273799171216e-21, nan 
-19.875, -67.125, 6.687123816197943e-22, nan 
-19.625, -67.125, 5.552604588254589e-22, nan 
-19.375, -67.125, 4.997631399274013e-22, nan 
-19.125, -67.125, 5.455721163890233e-22, nan 
-18.875, -67.125, 4.695728167360028e-22, nan 
-18.625, -67.125, 4.638131062627006e-22, nan 
-18.375, -67.125, 5.038685785179756e-22, nan 
-18.125, -67.125, 3.9213848286851175e-22, nan 
-17.875, -67.125, 3.2431417201024586e-22, nan 
-17.625, -67.125, 3.1678603280656655e-22, nan 
-17.375, -67.125, 4.938273634512128e-22, nan 
-17.125, -67.125, 5.187110731306218e-22, nan 
-16.875, -67.125, 6.448464862082708e-22, nan 
-16.625, -67.125, 9.18420641175727e-22, nan 
-16.375, -67.125, 1.7185412715158115e-21, nan 
-16.125, -67.125, 1.8597935412226095e-21, nan 
-15.875, -67.125, 3.403047783003402e-21, nan 
-15.625, -67.125, 4.7990566931707666e-21, nan 
-15.375, -67.125, 5.3876939866876814e-21, nan 
-15.125, -67.125, 7.170646453867085e-21, nan 
-14.875, -67.125, 7.824436999692178e-21, nan 
-14.625, -67.125, 8.141889697032419e-21, nan 
-14.375, -67.125, 9.557321255997153e-21, nan 
-14.125, -67.125, 4.792977402206452e-21, nan 
-13.875, -67.125, 6.948332910854239e-21, nan 
-13.625, -67.125, 1.386922606069448e-20, nan 
-13.375, -67.125, 1.999470348630094e-20, nan 
-13.125, -67.125, 2.7000819246387588e-20, nan 
-12.875, -67.125, 5.03871773935648e-20, nan 
-12.625, -67.125, 6.570296736192379e-20, nan 
-12.375, -67.125, 5.719237204954288e-20, nan 
-12.125, -67.125, 6.173644831756778e-20, nan 
-11.875, -67.125, 1.1445628649744396e-19, nan 
-11.625, -67.125, 3.938593504784016e-19, nan 
-11.375, -67.125, 7.9853848703644605e-19, nan 
-11.125, -67.125, 1.1056680322522615e-18, nan 
-10.875, -67.125, 6.104638346458233e-19, nan 
-10.625, -67.125, 2.208744697889414e-19, nan 
-10.375, -67.125, 1.1532731431412728e-19, nan 
-10.125, -67.125, 1.3128108290774507e-19, nan 
-9.875, -67.125, 7.773898365231267e-20, nan 
-9.625, -67.125, 3.009838365842457e-20, nan 
-9.375, -67.125, 2.3358833763674245e-20, nan 
-9.125, -67.125, 2.0461425284575044e-20, nan 
-8.875, -67.125, 1.8196439959523156e-20, nan 
-8.625, -67.125, 1.0634292059089185e-20, nan 
-8.375, -67.125, 5.40300368872513e-21, nan 
-8.125, -67.125, 5.398746468846548e-21, nan 
-7.875, -67.125, 3.895134647326913e-21, nan 
-7.625, -67.125, 1.3635185981894153e-21, nan 
-7.375, -67.125, 6.857293377342206e-22, nan 
-7.125, -67.125, 9.777054693647597e-22, nan 
-6.875, -67.125, 7.316773685116354e-22, nan 
-6.625, -67.125, 8.38172825533439e-22, nan 
-6.375, -67.125, 1.2114295468985038e-21, nan 
-6.125, -67.125, 8.393913529996161e-22, nan 
-5.875, -67.125, 9.452055420213125e-22, nan 
-5.625, -67.125, 8.001022937390785e-22, nan 
-5.375, -67.125, 4.1499235778609544e-22, nan 
-5.125, -67.125, 5.840244324494379e-22, nan 
-4.875, -67.125, 7.213121514267065e-22, nan 
-4.625, -67.125, 5.847727895990648e-22, nan 
-4.375, -67.125, 4.0667996038747646e-22, nan 
-4.125, -67.125, 3.087671023364526e-22, nan 
-3.875, -67.125, 1.0833297323043292e-21, nan 
-3.625, -67.125, 8.380119295342906e-22, nan 
-3.375, -67.125, 1.439724414978008e-21, nan 
-3.125, -67.125, 2.023060714771357e-21, nan 
-2.875, -67.125, 1.2942616478883438e-21, nan 
-2.625, -67.125, 8.005077809385054e-22, nan 
-2.375, -67.125, 1.0479389994886075e-21, nan 
-2.125, -67.125, 5.317925902311954e-22, nan 
-1.875, -67.125, 2.2414007425953186e-22, nan 
-1.625, -67.125, 6.487946814725988e-22, nan 
-1.375, -67.125, 5.813322638497451e-22, nan 
-1.125, -67.125, 9.262683443622956e-22, nan 
-0.875, -67.125, 7.573452182040314e-22, nan 
-0.625, -67.125, 5.229748648384464e-22, nan 
-0.375, -67.125, 4.239487635624248e-22, nan 
-0.125, -67.125, 3.799122839111478e-22, nan 
0.125, -67.125, 4.623160553634684e-22, nan 
0.375, -67.125, 4.302843653461206e-22, nan 
0.625, -67.125, 2.4384085807447113e-22, nan 
0.875, -67.125, 1.7645829797698615e-22, nan 
1.125, -67.125, 2.1337146260049915e-22, nan 
1.375, -67.125, 3.0668256048121657e-22, nan 
1.625, -67.125, 3.0308211322773833e-22, nan 
1.875, -67.125, 3.9693895369453455e-22, nan 
2.125, -67.125, 5.044790528079647e-22, nan 
2.375, -67.125, 2.9328053815018173e-22, nan 
2.625, -67.125, 2.1031562007640264e-22, nan 
2.875, -67.125, 1.5558868001034625e-22, nan 
3.125, -67.125, 2.14849434574812e-22, nan 
3.375, -67.125, 2.6455922652071227e-22, nan 
3.625, -67.125, 2.517481782388453e-22, nan 
3.875, -67.125, 3.495894609752341e-22, nan 
4.125, -67.125, 3.0642120828707983e-22, nan 
4.375, -67.125, 2.795270405767144e-22, nan 
4.625, -67.125, 2.991127472642979e-22, nan 
4.875, -67.125, 3.956769351517042e-22, nan 
5.125, -67.125, 3.650186752377692e-22, nan 
5.375, -67.125, 3.81511025508991e-22, nan 
5.625, -67.125, 2.986790789528083e-22, nan 
5.875, -67.125, 3.559619778464891e-22, nan 
-33.125, -66.875, 2.991416974362874e-23, nan 
-32.875, -66.875, 2.9995772004153826e-23, nan 
-32.625, -66.875, 1.1911654030165763e-23, nan 
-32.375, -66.875, 2.4530523935202772e-23, nan 
-32.125, -66.875, 2.4602025918056368e-23, nan 
-31.875, -66.875, 1.652466827873287e-23, nan 
-31.625, -66.875, 2.2257171512164444e-23, nan 
-31.375, -66.875, 3.773726374109875e-23, nan 
-31.125, -66.875, 3.355464246617217e-23, nan 
-30.875, -66.875, 2.5180118909647704e-23, nan 
-30.625, -66.875, 3.2746012313580986e-23, nan 
-30.375, -66.875, 3.3528301812026155e-23, nan 
-30.125, -66.875, 3.0994382191307995e-23, nan 
-29.875, -66.875, 3.912220739749424e-23, nan 
-29.625, -66.875, 4.541481910657597e-23, nan 
-29.375, -66.875, 5.873654297559098e-23, nan 
-29.125, -66.875, 5.532470458636979e-23, nan 
-28.875, -66.875, 1.7911575823408575e-22, nan 
-28.625, -66.875, 8.716749663882025e-23, nan 
-28.375, -66.875, 6.440325210870759e-23, nan 
-28.125, -66.875, 1.3415561388663888e-22, nan 
-27.875, -66.875, 6.248077124546946e-23, nan 
-27.625, -66.875, 7.426450566047708e-23, nan 
-27.375, -66.875, 6.792467567742804e-23, nan 
-27.125, -66.875, 5.585687639133952e-23, nan 
-26.875, -66.875, 4.380044373186932e-23, nan 
-26.625, -66.875, 5.31318978121731e-23, nan 
-26.375, -66.875, 5.509668946315179e-23, nan 
-26.125, -66.875, 8.409933689622654e-23, nan 
-25.875, -66.875, 9.059976144687162e-23, nan 
-25.625, -66.875, 8.059473907317143e-23, nan 
-25.375, -66.875, 9.355615832252078e-23, nan 
-25.125, -66.875, 1.0242141241402052e-22, nan 
-24.875, -66.875, 1.0156535380725559e-22, nan 
-24.625, -66.875, 1.4312208263060315e-22, nan 
-24.375, -66.875, 1.0184237606210504e-22, nan 
-24.125, -66.875, 2.5805172270162857e-22, nan 
-23.875, -66.875, 2.703904556151695e-22, nan 
-23.625, -66.875, 2.780137196597487e-22, nan 
-23.375, -66.875, 2.952723917827299e-22, nan 
-23.125, -66.875, 3.7238526609420998e-22, nan 
-22.875, -66.875, 3.8123245776184414e-22, nan 
-22.625, -66.875, 3.9676368632787006e-22, nan 
-22.375, -66.875, 6.887855155307614e-22, nan 
-22.125, -66.875, 5.569822499015736e-22, nan 
-21.875, -66.875, 3.345463440144269e-22, nan 
-21.625, -66.875, 3.3979013822494666e-22, nan 
-21.375, -66.875, 3.385192680326667e-22, nan 
-21.125, -66.875, 3.237021010076773e-22, nan 
-20.875, -66.875, 2.9729700952707246e-22, nan 
-20.625, -66.875, 6.854069611999778e-22, nan 
-20.375, -66.875, 1.1343440736375653e-21, nan 
-20.125, -66.875, 1.1561874944222474e-21, nan 
-19.875, -66.875, 1.312772052667867e-21, nan 
-19.625, -66.875, 9.832401278123654e-22, nan 
-19.375, -66.875, 7.084038034334062e-22, nan 
-19.125, -66.875, 8.016762221728444e-22, nan 
-18.875, -66.875, 2.89509200626216e-22, nan 
-18.625, -66.875, 4.319120446418711e-22, nan 
-18.375, -66.875, 4.1362991781650027e-22, nan 
-18.125, -66.875, 7.075002833173279e-22, nan 
-17.875, -66.875, 1.3523899054588199e-21, nan 
-17.625, -66.875, 1.2795847404204458e-21, nan 
-17.375, -66.875, 1.1152333946694875e-21, nan 
-17.125, -66.875, 1.7498518202955367e-21, nan 
-16.875, -66.875, 2.31843023820927e-21, nan 
-16.625, -66.875, 9.73335688365978e-21, nan 
-16.375, -66.875, 1.9169401586341486e-20, nan 
-16.125, -66.875, 2.741732852431905e-20, nan 
-15.875, -66.875, 2.560337638895895e-20, nan 
-15.625, -66.875, 3.7795623966141904e-20, nan 
-15.375, -66.875, 4.722353072377068e-20, nan 
-15.125, -66.875, 3.039980247475188e-20, nan 
-14.875, -66.875, 3.119064846968588e-20, nan 
-14.625, -66.875, 3.9182205810086804e-20, nan 
-14.375, -66.875, 4.4108540750389996e-20, nan 
-14.125, -66.875, 9.337656454907836e-20, nan 
-13.875, -66.875, 1.6188823193244385e-19, nan 
-13.625, -66.875, 4.767390442522359e-19, nan 
-13.375, -66.875, 2.536732193473996e-18, nan 
-13.125, -66.875, 3.759422173304222e-18, nan 
-12.875, -66.875, 8.119420541355117e-19, nan 
-12.625, -66.875, 2.9495619641338976e-19, nan 
-12.375, -66.875, 1.4140615349056961e-19, nan 
-12.125, -66.875, 6.199436457719189e-20, nan 
-11.875, -66.875, 3.5967834414900396e-20, nan 
-11.625, -66.875, 2.1797194814145933e-20, nan 
-11.375, -66.875, 1.0109181975172693e-20, nan 
-11.125, -66.875, 7.251568578516059e-21, nan 
-10.875, -66.875, 2.6504960186189154e-21, nan 
-10.625, -66.875, 1.6065725962218733e-21, nan 
-10.375, -66.875, 2.5783607660315883e-21, nan 
-10.125, -66.875, 1.775975154473911e-21, nan 
-9.875, -66.875, 8.115790984089377e-22, nan 
-9.625, -66.875, 1.258483803426505e-21, nan 
-9.375, -66.875, 1.6821281718126004e-21, nan 
-9.125, -66.875, 1.5549293286698119e-21, nan 
-8.875, -66.875, 1.6234481203115372e-21, nan 
-8.625, -66.875, 1.2488060954861036e-21, nan 
-8.375, -66.875, 7.557147533199313e-22, nan 
-8.125, -66.875, 3.69825419671592e-22, nan 
-7.875, -66.875, 5.130130840156955e-22, nan 
-7.625, -66.875, 3.4244747616103956e-22, nan 
-7.375, -66.875, 1.7542977835205576e-22, nan 
-7.125, -66.875, 1.4432106387616274e-22, nan 
-6.875, -66.875, 2.121166398979993e-22, nan 
-6.625, -66.875, 2.344851768562154e-22, nan 
-6.375, -66.875, 2.6750414541268835e-22, nan 
-6.125, -66.875, 1.1936041701886357e-22, nan 
-5.875, -66.875, 1.385916493078604e-22, nan 
-5.625, -66.875, 2.8769279196850273e-22, nan 
-5.375, -66.875, 3.0879370740476673e-22, nan 
-5.125, -66.875, 1.527771271154144e-22, nan 
-4.875, -66.875, 2.467038577442162e-22, nan 
-4.625, -66.875, 3.2153893548561202e-22, nan 
-4.375, -66.875, 1.918018918851827e-22, nan 
-4.125, -66.875, 1.1762366546546192e-22, nan 
-3.875, -66.875, 1.2596543066217255e-22, nan 
-3.625, -66.875, 2.3129517679250447e-22, nan 
-3.375, -66.875, 2.861218956002724e-22, nan 
-3.125, -66.875, 1.3269423871685817e-21, nan 
-2.875, -66.875, 9.43874685911734e-22, nan 
-2.625, -66.875, 5.592556317792183e-22, nan 
-2.375, -66.875, 1.0985558871927767e-22, nan 
-2.125, -66.875, 1.0890873738038834e-22, nan 
-1.875, -66.875, 2.815545623298941e-23, nan 
-1.625, -66.875, 1.3389113556982568e-22, nan 
-1.375, -66.875, 1.635631047001808e-22, nan 
-1.125, -66.875, 1.4703263846967794e-22, nan 
-0.875, -66.875, 1.8808499493654925e-22, nan 
-0.625, -66.875, 2.0383386541028915e-22, nan 
-0.375, -66.875, 1.875084267636739e-22, nan 
-0.125, -66.875, 1.3270657977671592e-22, nan 
0.125, -66.875, 1.787149463199862e-22, nan 
0.375, -66.875, 1.940414300579902e-22, nan 
0.625, -66.875, 2.1862552294155647e-22, nan 
0.875, -66.875, 2.6667542289610715e-22, nan 
1.125, -66.875, 2.0288056884362098e-22, nan 
1.375, -66.875, 4.88038495321879e-23, nan 
1.625, -66.875, 1.5745795354274301e-22, nan 
1.875, -66.875, 3.083034013327359e-22, nan 
2.125, -66.875, 2.802761833669525e-22, nan 
2.375, -66.875, 1.753458959803099e-22, nan 
2.625, -66.875, 2.394846514918331e-22, nan 
2.875, -66.875, 2.0138122824675367e-22, nan 
3.125, -66.875, 9.747759525172056e-23, nan 
3.375, -66.875, 7.986456642467157e-23, nan 
3.625, -66.875, 1.4215171769567395e-22, nan 
3.875, -66.875, 1.838531061870156e-22, nan 
4.125, -66.875, 1.2818616107897365e-22, nan 
4.375, -66.875, 1.597103806138016e-22, nan 
4.625, -66.875, 1.7448869076024907e-22, nan 
4.875, -66.875, 1.3775858283191746e-22, nan 
5.125, -66.875, 1.2200882618027344e-22, nan 
5.375, -66.875, 1.6998870849813754e-22, nan 
5.625, -66.875, 1.5888173503989198e-22, nan 
5.875, -66.875, 1.084983625316993e-22, nan 
-32.875, -66.625, 2.1298910446868408e-23, nan 
-32.625, -66.625, 1.363843007840988e-23, nan 
-32.375, -66.625, 1.9981131213942484e-23, nan 
-32.125, -66.625, 2.0787051983259645e-23, nan 
-31.875, -66.625, 2.1436566127209738e-23, nan 
-31.625, -66.625, 1.0079907846811138e-23, nan 
-31.375, -66.625, 2.783385269482873e-23, nan 
-31.125, -66.625, 4.6373678423196775e-23, nan 
-30.875, -66.625, 3.623751935591085e-23, nan 
-30.625, -66.625, 2.777379083325957e-23, nan 
-30.375, -66.625, 5.073247824276957e-23, nan 
-30.125, -66.625, 5.398665564872398e-23, nan 
-29.875, -66.625, 5.711964277184848e-23, nan 
-29.625, -66.625, 7.048280013553281e-23, nan 
-29.375, -66.625, 7.624401839145278e-23, nan 
-29.125, -66.625, 7.619966459548525e-23, nan 
-28.875, -66.625, 2.126586062494757e-22, nan 
-28.625, -66.625, 2.294012941476301e-22, nan 
-28.375, -66.625, 2.2642954735113706e-22, nan 
-28.125, -66.625, 2.1489119217530167e-22, nan 
-27.875, -66.625, 1.273557137086341e-22, nan 
-27.625, -66.625, 1.04498008280926e-22, nan 
-27.375, -66.625, 9.219893144144824e-23, nan 
-27.125, -66.625, 6.608648492826649e-23, nan 
-26.875, -66.625, 6.451325713743245e-23, nan 
-26.625, -66.625, 7.022016965718736e-23, nan 
-26.375, -66.625, 6.890221731362658e-23, nan 
-26.125, -66.625, 8.977740191725075e-23, nan 
-25.875, -66.625, 1.243469339686701e-22, nan 
-25.625, -66.625, 1.4362048312940325e-22, nan 
-25.375, -66.625, 1.2910874739866393e-22, nan 
-25.125, -66.625, 1.510419024506399e-22, nan 
-24.875, -66.625, 3.531616969088797e-22, nan 
-24.625, -66.625, 5.607675123576583e-22, nan 
-24.375, -66.625, 3.6209743085011244e-22, nan 
-24.125, -66.625, 5.136658160580819e-22, nan 
-23.875, -66.625, 6.577306086869535e-22, nan 
-23.625, -66.625, 3.8842203168439988e-22, nan 
-23.375, -66.625, 3.661433175585189e-22, nan 
-23.125, -66.625, 4.2346924199329746e-22, nan 
-22.875, -66.625, 5.518911293706328e-22, nan 
-22.625, -66.625, 8.065982863633898e-22, nan 
-22.375, -66.625, 1.044253838201021e-21, nan 
-22.125, -66.625, 1.063090574628884e-21, nan 
-21.875, -66.625, 1.0786186330053593e-21, nan 
-21.625, -66.625, 9.867917567744447e-22, nan 
-21.375, -66.625, 9.567560248853059e-22, nan 
-21.125, -66.625, 7.921841189422133e-22, nan 
-20.875, -66.625, 6.573655491860721e-22, nan 
-20.625, -66.625, 8.18903581790956e-22, nan 
-20.375, -66.625, 8.114804587770218e-22, nan 
-20.125, -66.625, 7.507820433116165e-22, nan 
-19.875, -66.625, 1.7227379957863445e-21, nan 
-19.625, -66.625, 5.589756511381402e-22, nan 
-19.375, -66.625, 4.558688154468084e-22, nan 
-19.125, -66.625, 4.39555708637036e-22, nan 
-18.875, -66.625, 6.5075375156515055e-22, nan 
-18.625, -66.625, 4.127085912029996e-22, nan 
-18.375, -66.625, 9.656203018024653e-22, nan 
-18.125, -66.625, 1.4330795605785107e-21, nan 
-17.875, -66.625, 3.1384712775694738e-21, nan 
-17.625, -66.625, 5.5054402094870095e-21, nan 
-17.375, -66.625, 8.99754645991435e-21, nan 
-17.125, -66.625, 7.171098839029711e-21, nan 
-16.875, -66.625, 1.627521050776399e-20, nan 
-16.625, -66.625, 8.429702961485528e-20, nan 
-16.375, -66.625, 1.4081858449893235e-19, nan 
-16.125, -66.625, 1.971020347934837e-19, nan 
-15.875, -66.625, 7.841573166905415e-19, nan 
-15.625, -66.625, 6.634482787729535e-19, nan 
-15.375, -66.625, 5.682785723285382e-19, nan 
-15.125, -66.625, 1.3029597616521783e-18, nan 
-14.875, -66.625, 1.6107443208650345e-18, nan 
-14.625, -66.625, 1.0919937171623906e-18, nan 
-14.375, -66.625, 1.1512075233486214e-18, nan 
-14.125, -66.625, 6.943790492431086e-19, nan 
-13.875, -66.625, 4.459049578681823e-19, nan 
-13.625, -66.625, 2.1382634053800218e-19, nan 
-13.375, -66.625, 2.1016568769041445e-20, nan 
-13.125, -66.625, 1.0906504854564538e-20, nan 
-12.875, -66.625, 7.266663820436736e-21, nan 
-12.625, -66.625, 5.8277995904768456e-21, nan 
-12.375, -66.625, 4.683832171968732e-21, nan 
-12.125, -66.625, 3.347824998742109e-21, nan 
-11.875, -66.625, 2.1763073987730034e-21, nan 
-11.625, -66.625, 1.5240903796700103e-21, nan 
-11.375, -66.625, 1.0011914678765904e-21, nan 
-11.125, -66.625, 6.321787296230259e-22, nan 
-10.875, -66.625, 2.496669788775337e-22, nan 
-10.625, -66.625, 2.0103154107505958e-22, nan 
-10.375, -66.625, 2.6105171704725483e-22, nan 
-10.125, -66.625, 2.913639592131215e-22, nan 
-9.875, -66.625, 1.4178413026274476e-22, nan 
-9.625, -66.625, 1.5638968158161992e-22, nan 
-9.375, -66.625, 2.1041524517339538e-22, nan 
-9.125, -66.625, 1.5080384515823517e-22, nan 
-8.875, -66.625, 1.6079977597379416e-22, nan 
-8.625, -66.625, 1.2636155946213604e-22, nan 
-8.375, -66.625, 5.674300350771054e-23, nan 
-8.125, -66.625, 3.757444599699763e-23, nan 
-7.875, -66.625, 1.378919622126416e-22, nan 
-7.625, -66.625, 1.2884446456512686e-22, nan 
-7.375, -66.625, 1.3393031896345146e-22, nan 
-7.125, -66.625, 9.97053065066732e-23, nan 
-6.875, -66.625, 7.771633977851024e-23, nan 
-6.625, -66.625, 1.842397209750975e-22, nan 
-6.375, -66.625, 1.0674142932150963e-22, nan 
-6.125, -66.625, 2.927834041510691e-23, nan 
-5.875, -66.625, 1.0643939893522753e-22, nan 
-5.625, -66.625, 6.555565261299216e-23, nan 
-5.375, -66.625, 6.522530440401669e-23, nan 
-5.125, -66.625, 9.371083808857588e-23, nan 
-4.875, -66.625, 6.435253321754977e-23, nan 
-4.625, -66.625, 8.739250332437992e-23, nan 
-4.375, -66.625, 7.415499723587705e-23, nan 
-4.125, -66.625, 7.062654125001274e-23, nan 
-3.875, -66.625, 7.370696547639697e-22, nan 
-3.625, -66.625, 4.903800417810592e-22, nan 
-3.375, -66.625, 2.9295521025397165e-22, nan 
-3.125, -66.625, 1.0886029288359101e-21, nan 
-2.875, -66.625, 1.0180825237719857e-21, nan 
-2.625, -66.625, 5.270755786775145e-22, nan 
-2.375, -66.625, 5.445764475871747e-22, nan 
-2.125, -66.625, 4.2119610612763425e-22, nan 
-1.875, -66.625, 2.5155307419528384e-22, nan 
-1.625, -66.625, 2.721287326861514e-23, nan 
-1.375, -66.625, 5.598788578137454e-23, nan 
-1.125, -66.625, 5.751094817045405e-23, nan 
-0.875, -66.625, 5.296889872567284e-23, nan 
-0.625, -66.625, 7.13360293331336e-23, nan 
-0.375, -66.625, 6.724139473061242e-23, nan 
-0.125, -66.625, 7.352757853606249e-23, nan 
0.125, -66.625, 8.744652331813471e-23, nan 
0.375, -66.625, 3.994912291683832e-23, nan 
0.625, -66.625, 1.5896193303385117e-22, nan 
0.875, -66.625, 2.140106945496169e-22, nan 
1.125, -66.625, 1.2993502655428076e-22, nan 
1.375, -66.625, 1.1945921798741429e-22, nan 
1.625, -66.625, 2.249116972029295e-22, nan 
1.875, -66.625, 1.963571028538993e-22, nan 
2.125, -66.625, 1.0871310621457552e-22, nan 
2.375, -66.625, 1.271931106759878e-22, nan 
2.625, -66.625, 1.270370864860069e-22, nan 
2.875, -66.625, 8.273479173493975e-23, nan 
3.125, -66.625, 3.124209593802505e-23, nan 
3.375, -66.625, 1.866138350173763e-22, nan 
3.625, -66.625, 1.6322085626637413e-22, nan 
3.875, -66.625, 3.7333255298606014e-22, nan 
4.125, -66.625, 3.153734328396318e-22, nan 
4.375, -66.625, 1.282852049540159e-22, nan 
4.625, -66.625, 9.22036100892188e-23, nan 
4.875, -66.625, 7.675074742579875e-23, nan 
5.125, -66.625, 7.40838383532236e-23, nan 
5.375, -66.625, 8.751812251628694e-23, nan 
5.625, -66.625, 1.1032126248104966e-22, nan 
5.875, -66.625, 1.132834772095952e-22, nan 
-32.375, -66.375, 3.1196342364816496e-23, nan 
-32.125, -66.375, 2.3623825491902212e-23, nan 
-31.875, -66.375, 2.89067568134012e-23, nan 
-31.625, -66.375, 2.986892190276907e-23, nan 
-31.375, -66.375, 3.226665190229207e-23, nan 
-31.125, -66.375, 5.713584315534705e-23, nan 
-30.875, -66.375, 7.871526179762735e-23, nan 
-30.625, -66.375, 2.9893582933520927e-23, nan 
-30.375, -66.375, 6.506757933670184e-23, nan 
-30.125, -66.375, 9.019466999402e-23, nan 
-29.875, -66.375, 1.3067436885124577e-22, nan 
-29.625, -66.375, 1.0144225914083235e-22, nan 
-29.375, -66.375, 1.9257496702407798e-22, nan 
-29.125, -66.375, 2.473441933035443e-22, nan 
-28.875, -66.375, 1.9548724835402286e-22, nan 
-28.625, -66.375, 3.6132138159213366e-22, nan 
-28.375, -66.375, 4.4226000160706e-22, nan 
-28.125, -66.375, 3.7359970697567607e-22, nan 
-27.875, -66.375, 2.7124506665301934e-22, nan 
-27.625, -66.375, 3.695215979465234e-22, nan 
-27.375, -66.375, 3.672515037319575e-22, nan 
-27.125, -66.375, 2.3627349661484023e-22, nan 
-26.875, -66.375, 8.36520890353851e-23, nan 
-26.625, -66.375, 1.062030748160253e-22, nan 
-26.375, -66.375, 1.278539342256851e-22, nan 
-26.125, -66.375, 1.08540262466983e-22, nan 
-25.875, -66.375, 1.3231219555307296e-22, nan 
-25.625, -66.375, 1.4664672149376477e-22, nan 
-25.375, -66.375, 2.4559435836393686e-22, nan 
-25.125, -66.375, 4.642301491257201e-22, nan 
-24.875, -66.375, 5.693265871060969e-22, nan 
-24.625, -66.375, 5.811608105735478e-22, nan 
-24.375, -66.375, 6.779328236402237e-22, nan 
-24.125, -66.375, 8.374922872202675e-22, nan 
-23.875, -66.375, 4.339980564390804e-22, nan 
-23.625, -66.375, 3.45177892886278e-22, nan 
-23.375, -66.375, 7.334746208756047e-22, nan 
-23.125, -66.375, 1.1502446504177603e-21, nan 
-22.875, -66.375, 9.035484719495014e-22, nan 
-22.625, -66.375, 1.4979257595074847e-21, nan 
-22.375, -66.375, 2.2151558440382626e-21, nan 
-22.125, -66.375, 2.3882572090462592e-21, nan 
-21.875, -66.375, 2.1362504663256995e-21, nan 
-21.625, -66.375, 2.103769353541913e-21, nan 
-21.375, -66.375, 3.284857774203113e-21, nan 
-21.125, -66.375, 3.1745664810620814e-21, nan 
-20.875, -66.375, 1.2423554170719808e-21, nan 
-20.625, -66.375, 1.9118684279341146e-21, nan 
-20.375, -66.375, 2.22086433481997e-21, nan 
-20.125, -66.375, 1.2136208411220612e-21, nan 
-19.875, -66.375, 1.307891686645398e-21, nan 
-19.625, -66.375, 1.3451828083284374e-21, nan 
-19.375, -66.375, 1.84250640220372e-21, nan 
-19.125, -66.375, 2.7358651715544913e-21, nan 
-18.875, -66.375, 3.316751536980809e-21, nan 
-18.625, -66.375, 2.3467684616357092e-21, nan 
-18.375, -66.375, 4.4128249902607616e-21, nan 
-18.125, -66.375, 9.49496757808883e-21, nan 
-17.875, -66.375, 1.3749773359211485e-20, nan 
-17.625, -66.375, 2.2486733866198548e-20, nan 
-17.375, -66.375, 5.935365133936701e-20, nan 
-17.125, -66.375, 1.0426269613680913e-19, nan 
-16.875, -66.375, 9.100576479178817e-20, nan 
-16.625, -66.375, 1.8446416015250008e-19, nan 
-16.375, -66.375, 1.1497516884182604e-19, nan 
-16.125, -66.375, 7.439466306896761e-20, nan 
-15.875, -66.375, 6.501685587860836e-20, nan 
-15.625, -66.375, 4.880240086185143e-20, nan 
-15.375, -66.375, 4.154070032715442e-20, nan 
-15.125, -66.375, 2.9656291662896433e-20, nan 
-14.875, -66.375, 2.5391147790501443e-20, nan 
-14.625, -66.375, 2.2596746265959088e-20, nan 
-14.375, -66.375, 1.3888920974007937e-20, nan 
-14.125, -66.375, 3.819723540435759e-21, nan 
-13.875, -66.375, 4.97566726653485e-21, nan 
-13.625, -66.375, 5.094765823956855e-21, nan 
-13.375, -66.375, 2.6910266000279166e-21, nan 
-13.125, -66.375, 2.568342449731535e-21, nan 
-12.875, -66.375, 2.5678295061228348e-21, nan 
-12.625, -66.375, 1.390871061817348e-21, nan 
-12.375, -66.375, 1.0842820596486491e-21, nan 
-12.125, -66.375, 9.301772607027152e-22, nan 
-11.875, -66.375, 7.251801123758713e-22, nan 
-11.625, -66.375, 5.332173548818286e-22, nan 
-11.375, -66.375, 4.0322180100018803e-22, nan 
-11.125, -66.375, 2.931654286798166e-22, nan 
-10.875, -66.375, 4.530936955928251e-23, nan 
-10.625, -66.375, 8.093758218865944e-23, nan 
-10.375, -66.375, 1.0713494387371482e-22, nan 
-10.125, -66.375, 8.346759497208582e-23, nan 
-9.875, -66.375, 5.70648031443911e-23, nan 
-9.625, -66.375, 2.831516247888995e-23, nan 
-9.375, -66.375, 7.697746145577907e-23, nan 
-9.125, -66.375, 8.771337452411144e-23, nan 
-8.875, -66.375, 8.96990215423614e-23, nan 
-8.625, -66.375, 7.67094387579692e-23, nan 
-8.375, -66.375, 5.047041855510469e-23, nan 
-8.125, -66.375, 3.9989817218788843e-23, nan 
-7.875, -66.375, 6.713034402269657e-23, nan 
-7.625, -66.375, 6.040346569063837e-23, nan 
-7.375, -66.375, 3.777097212110873e-23, nan 
-7.125, -66.375, 5.329097609462474e-23, nan 
-6.875, -66.375, 4.626854620504817e-23, nan 
-6.625, -66.375, 4.6028400612431217e-23, nan 
-6.375, -66.375, 4.415220370449953e-23, nan 
-6.125, -66.375, 4.6775851751982684e-23, nan 
-5.875, -66.375, 8.357749340266688e-23, nan 
-5.625, -66.375, 4.0592756256222896e-23, nan 
-5.375, -66.375, 7.819717435364645e-23, nan 
-5.125, -66.375, 1.1741578401228916e-22, nan 
-4.875, -66.375, 4.1925845035992887e-23, nan 
-4.625, -66.375, 2.656616417959441e-23, nan 
-4.375, -66.375, 4.1506010420982733e-23, nan 
-4.125, -66.375, 1.52714984117906e-22, nan 
-3.875, -66.375, 8.648193705954753e-22, nan 
-3.625, -66.375, 9.512827658364106e-22, nan 
-3.375, -66.375, 3.442796892824368e-22, nan 
-3.125, -66.375, 1.2954501011102942e-21, nan 
-2.875, -66.375, 1.4013978338585348e-21, nan 
-2.625, -66.375, 5.693822429053589e-22, nan 
-2.375, -66.375, 4.831336364437951e-22, nan 
-2.125, -66.375, 5.468094109290848e-22, nan 
-1.875, -66.375, 3.080323433802141e-22, nan 
-1.625, -66.375, 7.835666590418631e-23, nan 
-1.375, -66.375, 1.9927849571538926e-23, nan 
-1.125, -66.375, 1.8551816829624907e-23, nan 
-0.875, -66.375, 7.067008765412924e-23, nan 
-0.625, -66.375, 4.901462947295534e-23, nan 
-0.375, -66.375, 1.6284592380961738e-23, nan 
-0.125, -66.375, 6.331237208153964e-23, nan 
0.125, -66.375, 6.27037772099266e-23, nan 
0.375, -66.375, 4.3489434917887413e-23, nan 
0.625, -66.375, 3.8804429172149363e-23, nan 
0.875, -66.375, 4.9868577002875434e-23, nan 
1.125, -66.375, 3.713429461944858e-23, nan 
1.375, -66.375, 5.600230097096345e-23, nan 
1.625, -66.375, 8.681861522053203e-23, nan 
1.875, -66.375, 8.768483669216704e-23, nan 
2.125, -66.375, 5.961607516409351e-23, nan 
2.375, -66.375, 3.6167348496471103e-23, nan 
2.625, -66.375, 8.019405561281798e-23, nan 
2.875, -66.375, 1.1162682758468762e-22, nan 
3.125, -66.375, 2.4052658992009347e-22, nan 
3.375, -66.375, 2.24060569141081e-22, nan 
3.625, -66.375, 2.417419180496045e-22, nan 
3.875, -66.375, 4.098367949618264e-22, nan 
4.125, -66.375, 3.0676332709036198e-22, nan 
4.375, -66.375, 1.2332743652734603e-22, nan 
4.625, -66.375, 2.220371929022863e-22, nan 
4.875, -66.375, 1.8784066126026235e-22, nan 
5.125, -66.375, 9.599291014006796e-23, nan 
5.375, -66.375, 6.403265120118221e-23, nan 
5.625, -66.375, 5.880296474113858e-23, nan 
5.875, -66.375, 7.677118052864032e-23, nan 
-32.125, -66.125, 1.388084869891112e-23, nan 
-31.875, -66.125, 3.3121129511181017e-23, nan 
-31.625, -66.125, 2.3516511045954866e-23, nan 
-31.375, -66.125, 2.4732724224754124e-23, nan 
-31.125, -66.125, 6.70004551271454e-23, nan 
-30.875, -66.125, 8.116428764191559e-23, nan 
-30.625, -66.125, 7.907171823913241e-23, nan 
-30.375, -66.125, 9.159628955503025e-23, nan 
-30.125, -66.125, 1.2347008527029542e-22, nan 
-29.875, -66.125, 1.1350998040435378e-22, nan 
-29.625, -66.125, 2.2760943443728755e-22, nan 
-29.375, -66.125, 3.016714183475105e-22, nan 
-29.125, -66.125, 2.1906362843565095e-22, nan 
-28.875, -66.125, 4.400572828375628e-22, nan 
-28.625, -66.125, 4.3534180786767e-22, nan 
-28.375, -66.125, 3.844782692185422e-22, nan 
-28.125, -66.125, 5.913953430949292e-22, nan 
-27.875, -66.125, 4.984913457865239e-22, nan 
-27.625, -66.125, 4.062798062340312e-22, nan 
-27.375, -66.125, 4.869966726443207e-22, nan 
-27.125, -66.125, 3.939335859617028e-22, nan 
-26.875, -66.125, 1.147892804978816e-22, nan 
-26.625, -66.125, 8.465093036232244e-23, nan 
-26.375, -66.125, 1.1009809621887882e-22, nan 
-26.125, -66.125, 9.205525472396569e-23, nan 
-25.875, -66.125, 1.0384776688567681e-22, nan 
-25.625, -66.125, 1.2323317733361897e-22, nan 
-25.375, -66.125, 1.5873962872823604e-22, nan 
-25.125, -66.125, 6.341043883816779e-22, nan 
-24.875, -66.125, 6.145999861224521e-22, nan 
-24.625, -66.125, 5.1280504472891645e-22, nan 
-24.375, -66.125, 1.494706947446259e-21, nan 
-24.125, -66.125, 1.0406494491796238e-21, nan 
-23.875, -66.125, 1.3643496976961466e-21, nan 
-23.625, -66.125, 2.116109910266901e-21, nan 
-23.375, -66.125, 2.618605259121801e-21, nan 
-23.125, -66.125, 2.051820507347984e-21, nan 
-22.875, -66.125, 2.285305615388669e-21, nan 
-22.625, -66.125, 2.604267557985024e-21, nan 
-22.375, -66.125, 2.926266688782834e-21, nan 
-22.125, -66.125, 4.3859156935336636e-21, nan 
-21.875, -66.125, 5.297900968730049e-21, nan 
-21.625, -66.125, 8.450566238037524e-21, nan 
-21.375, -66.125, 7.184272138409478e-21, nan 
-21.125, -66.125, 7.727458373930682e-21, nan 
-20.875, -66.125, 8.221758327918126e-21, nan 
-20.625, -66.125, 2.717085749873543e-21, nan 
-20.375, -66.125, 4.433686356932163e-21, nan 
-20.125, -66.125, 2.9856387035792948e-21, nan 
-19.875, -66.125, 4.522301573477018e-21, nan 
-19.625, -66.125, 7.678237452574263e-21, nan 
-19.375, -66.125, 1.0479702234789087e-20, nan 
-19.125, -66.125, 1.1652245488773048e-20, nan 
-18.875, -66.125, 1.3375776242854081e-20, nan 
-18.625, -66.125, 1.5754111703112608e-20, nan 
-18.375, -66.125, 1.448227446917619e-20, nan 
-18.125, -66.125, 1.3658446219635873e-20, nan 
-17.875, -66.125, 2.4768667187694508e-20, nan 
-17.625, -66.125, 1.3247222246573763e-20, nan 
-17.375, -66.125, 2.0920861469715335e-20, nan 
-17.125, -66.125, 1.9839829320893542e-20, nan 
-16.875, -66.125, 9.263525215283468e-21, nan 
-16.625, -66.125, 1.075759933661576e-20, nan 
-16.375, -66.125, 8.422911665113608e-21, nan 
-16.125, -66.125, 5.684735468498157e-21, nan 
-15.875, -66.125, 2.8957409862622487e-21, nan 
-15.625, -66.125, 2.95531209356286e-21, nan 
-15.375, -66.125, 2.238076988928574e-21, nan 
-15.125, -66.125, 1.8849803156418685e-21, nan 
-14.875, -66.125, 9.132952161516938e-22, nan 
-14.625, -66.125, 6.42447202353394e-22, nan 
-14.375, -66.125, 3.475969192142253e-22, nan 
-14.125, -66.125, 4.171077544953085e-22, nan 
-13.875, -66.125, 3.8644369617802716e-22, nan 
-13.625, -66.125, 2.925107995024751e-22, nan 
-13.375, -66.125, 5.8210259567952e-22, nan 
-13.125, -66.125, 6.078256428215394e-22, nan 
-12.875, -66.125, 5.336161752991682e-22, nan 
-12.625, -66.125, 1.0047728145493017e-21, nan 
-12.375, -66.125, 8.383547304571442e-22, nan 
-12.125, -66.125, 1.5841862509083218e-22, nan 
-11.875, -66.125, 1.7214443215540358e-22, nan 
-11.625, -66.125, 8.972193794177835e-23, nan 
-11.375, -66.125, 1.0866690507161842e-22, nan 
-11.125, -66.125, 6.347312843432039e-23, nan 
-10.875, -66.125, 2.5288462821127798e-23, nan 
-10.625, -66.125, 6.385653195666902e-23, nan 
-10.375, -66.125, 2.95427609206825e-23, nan 
-10.125, -66.125, 7.294236565551895e-23, nan 
-9.875, -66.125, 1.0111785753625278e-22, nan 
-9.625, -66.125, 3.7337475302490805e-23, nan 
-9.375, -66.125, 5.59727068980247e-23, nan 
-9.125, -66.125, 1.3260910070144377e-22, nan 
-8.875, -66.125, 1.6431932213803063e-22, nan 
-8.625, -66.125, 7.218937549810343e-23, nan 
-8.375, -66.125, 4.8132419209122326e-23, nan 
-8.125, -66.125, 5.79989021058858e-23, nan 
-7.875, -66.125, 6.616777397858457e-23, nan 
-7.625, -66.125, 3.101068035729406e-23, nan 
-7.375, -66.125, 1.7372887126282797e-23, nan 
-7.125, -66.125, 2.0603953158244442e-23, nan 
-6.875, -66.125, 3.281872017645471e-23, nan 
-6.625, -66.125, 2.74291822263439e-23, nan 
-6.375, -66.125, 1.9882581335295718e-23, nan 
-6.125, -66.125, 4.7938708847417186e-23, nan 
-5.875, -66.125, 4.1385601080483184e-23, nan 
-5.625, -66.125, 6.076116700471345e-23, nan 
-5.375, -66.125, 9.23778785358896e-23, nan 
-5.125, -66.125, 8.222400816485654e-23, nan 
-4.875, -66.125, 2.3240274743991192e-23, nan 
-4.625, -66.125, 5.532255163558913e-23, nan 
-4.375, -66.125, 6.379837485650243e-23, nan 
-4.125, -66.125, 3.816929301744307e-23, nan 
-3.875, -66.125, 4.9777503810163346e-23, nan 
-3.625, -66.125, 4.319430964151923e-23, nan 
-3.375, -66.125, 1.0821362695066157e-22, nan 
-3.125, -66.125, 5.50988683700496e-22, nan 
-2.875, -66.125, 5.796358703773468e-22, nan 
-2.625, -66.125, 2.5669197690879144e-22, nan 
-2.375, -66.125, 5.726212809435913e-23, nan 
-2.125, -66.125, 3.960067177798443e-23, nan 
-1.875, -66.125, 4.8079620563218924e-23, nan 
-1.625, -66.125, 4.874746969768548e-23, nan 
-1.375, -66.125, 4.476630464553384e-23, nan 
-1.125, -66.125, 1.128862496484666e-23, nan 
-0.875, -66.125, 7.861560497290954e-23, nan 
-0.625, -66.125, 4.424138667690956e-23, nan 
-0.375, -66.125, 2.009429799988695e-23, nan 
-0.125, -66.125, 4.476336025321196e-23, nan 
0.125, -66.125, 3.699172241815121e-23, nan 
0.375, -66.125, 4.323561315493243e-23, nan 
0.625, -66.125, 4.3720776650174506e-23, nan 
0.875, -66.125, 3.9702895449415414e-23, nan 
1.125, -66.125, 3.297001144003765e-23, nan 
1.375, -66.125, 2.868443438013576e-23, nan 
1.625, -66.125, 3.592327366467727e-23, nan 
1.875, -66.125, 4.272237569595993e-23, nan 
2.125, -66.125, 2.832342116797861e-23, nan 
2.375, -66.125, 3.8891491086702624e-23, nan 
2.625, -66.125, 1.432177816329433e-22, nan 
2.875, -66.125, 1.7547355671439138e-22, nan 
3.125, -66.125, 2.292276143386418e-22, nan 
3.375, -66.125, 2.6209340057971708e-22, nan 
3.625, -66.125, 3.492268061431438e-22, nan 
3.875, -66.125, 4.493278159634567e-22, nan 
4.125, -66.125, 3.5019189193121325e-22, nan 
4.375, -66.125, 1.6119871798839877e-22, nan 
4.625, -66.125, 2.3398801289518416e-22, nan 
4.875, -66.125, 1.9836473100840246e-22, nan 
5.125, -66.125, 4.9916401544961086e-23, nan 
5.375, -66.125, 4.7358499890786453e-23, nan 
5.625, -66.125, 3.5567190186289484e-23, nan 
5.875, -66.125, 3.777692233335006e-23, nan 
-31.875, -65.875, 1.661245648805071e-23, nan 
-31.625, -65.875, 3.794279479644864e-23, nan 
-31.375, -65.875, 4.2302356384614896e-23, nan 
-31.125, -65.875, 4.906217728014336e-23, nan 
-30.875, -65.875, 5.768478240437376e-23, nan 
-30.625, -65.875, 1.1870756862934635e-22, nan 
-30.375, -65.875, 1.035490647656036e-22, nan 
-30.125, -65.875, 1.2939004161740151e-22, nan 
-29.875, -65.875, 1.529824413164938e-22, nan 
-29.625, -65.875, 1.4653432041093006e-22, nan 
-29.375, -65.875, 1.6980908967446253e-22, nan 
-29.125, -65.875, 2.929032428586499e-22, nan 
-28.875, -65.875, 4.755637187749693e-22, nan 
-28.625, -65.875, 5.622178993062516e-22, nan 
-28.375, -65.875, 6.946273685516142e-22, nan 
-28.125, -65.875, 6.141907688137723e-22, nan 
-27.875, -65.875, 6.280002283487165e-22, nan 
-27.625, -65.875, 5.520045833251324e-22, nan 
-27.375, -65.875, 2.628625690242256e-22, nan 
-27.125, -65.875, 1.520587062462655e-22, nan 
-26.875, -65.875, 1.4760975868066172e-22, nan 
-26.625, -65.875, 1.45916777060812e-22, nan 
-26.375, -65.875, 1.7427943891270483e-22, nan 
-26.125, -65.875, 2.6029187694884016e-22, nan 
-25.875, -65.875, 1.5013382460447665e-22, nan 
-25.625, -65.875, 1.7628322386023235e-22, nan 
-25.375, -65.875, 1.7903344309641804e-22, nan 
-25.125, -65.875, 3.6817988024193483e-22, nan 
-24.875, -65.875, 1.0516229345691143e-21, nan 
-24.625, -65.875, 1.4079460431475925e-21, nan 
-24.375, -65.875, 4.616988635271227e-21, nan 
-24.125, -65.875, 4.961255939989527e-21, nan 
-23.875, -65.875, 4.118630679921884e-21, nan 
-23.625, -65.875, 9.786918992509895e-21, nan 
-23.375, -65.875, 8.932040928672252e-21, nan 
-23.125, -65.875, 3.718139733383796e-21, nan 
-22.875, -65.875, 1.2087150232143573e-21, nan 
-22.625, -65.875, 4.2672949241932754e-21, nan 
-22.375, -65.875, 9.770276352620288e-21, nan 
-22.125, -65.875, 1.5331334536136627e-20, nan 
-21.875, -65.875, 3.3102015836892974e-20, nan 
-21.625, -65.875, 3.7304418830171594e-20, nan 
-21.375, -65.875, 2.5240321394554293e-20, nan 
-21.125, -65.875, 2.436173959627739e-20, nan 
-20.875, -65.875, 1.689516391507649e-20, nan 
-20.625, -65.875, 1.8771485291754578e-20, nan 
-20.375, -65.875, 2.287326588068126e-20, nan 
-20.125, -65.875, 2.2616907649704187e-20, nan 
-19.875, -65.875, 1.196875321259942e-20, nan 
-19.625, -65.875, 1.5402845902249877e-20, nan 
-19.375, -65.875, 8.766580089775299e-21, nan 
-19.125, -65.875, 8.021431040289957e-21, nan 
-18.875, -65.875, 6.627616463792923e-21, nan 
-18.625, -65.875, 1.0418976659540062e-20, nan 
-18.375, -65.875, 7.55097064702612e-21, nan 
-18.125, -65.875, 4.163102769682926e-21, nan 
-17.875, -65.875, 3.4595058667103795e-21, nan 
-17.625, -65.875, 1.7462451905256076e-21, nan 
-17.375, -65.875, 2.7754982520018828e-21, nan 
-17.125, -65.875, 2.4354912720500483e-21, nan 
-16.875, -65.875, 2.363857622403959e-21, nan 
-16.625, -65.875, 2.9323583175150264e-21, nan 
-16.375, -65.875, 1.544159381289906e-21, nan 
-16.125, -65.875, 1.542570943339587e-21, nan 
-15.875, -65.875, 1.1571556172410384e-21, nan 
-15.625, -65.875, 7.402939643328612e-22, nan 
-15.375, -65.875, 6.572356277013152e-22, nan 
-15.125, -65.875, 5.211266137284855e-22, nan 
-14.875, -65.875, 5.086562563684691e-22, nan 
-14.625, -65.875, 3.766664663984167e-22, nan 
-14.375, -65.875, 2.255600814106549e-22, nan 
-14.125, -65.875, 1.751892816263274e-22, nan 
-13.875, -65.875, 1.6133581361914427e-22, nan 
-13.625, -65.875, 1.0263909031066224e-22, nan 
-13.375, -65.875, 4.1727347393413854e-22, nan 
-13.125, -65.875, 4.567756796115699e-22, nan 
-12.875, -65.875, 6.139110682403067e-23, nan 
-12.625, -65.875, 6.829617755983777e-22, nan 
-12.375, -65.875, 7.126388733195925e-22, nan 
-12.125, -65.875, 6.351111657997834e-23, nan 
-11.875, -65.875, 1.9521526789675492e-22, nan 
-11.625, -65.875, 2.272880521170412e-22, nan 
-11.375, -65.875, 3.5713567749337995e-23, nan 
-11.125, -65.875, 2.230626423074395e-23, nan 
-10.875, -65.875, 2.0175986522884874e-23, nan 
-10.625, -65.875, 1.4542264513853287e-23, nan 
-10.375, -65.875, 1.828348189611516e-23, nan 
-10.125, -65.875, 3.831421448550797e-23, nan 
-9.875, -65.875, 8.148898740096419e-23, nan 
-9.625, -65.875, 9.936672130401281e-23, nan 
-9.375, -65.875, 3.7332244200463754e-23, nan 
-9.125, -65.875, 1.2290230437366672e-22, nan 
-8.875, -65.875, 1.6945377165227412e-22, nan 
-8.625, -65.875, 4.99996583660909e-23, nan 
-8.375, -65.875, 7.296638008863239e-23, nan 
-8.125, -65.875, 9.305682107356432e-23, nan 
-7.875, -65.875, 4.0088416618085473e-23, nan 
-7.625, -65.875, 3.3234001429693326e-23, nan 
-7.375, -65.875, 3.6752386625361443e-23, nan 
-7.125, -65.875, 1.1096708160962003e-23, nan 
-6.875, -65.875, 3.3739537508299805e-23, nan 
-6.625, -65.875, 3.5716700265864717e-23, nan 
-6.375, -65.875, 3.232279916697632e-23, nan 
-6.125, -65.875, 2.4436460944849185e-23, nan 
-5.875, -65.875, 2.2631561942815186e-23, nan 
-5.625, -65.875, 7.175723577333174e-23, nan 
-5.375, -65.875, 3.5683251721422323e-23, nan 
-5.125, -65.875, 2.990654055373752e-23, nan 
-4.875, -65.875, 5.669417416641158e-23, nan 
-4.625, -65.875, 5.511449441881717e-23, nan 
-4.375, -65.875, 3.8476710497702785e-23, nan 
-4.125, -65.875, 4.826230057236031e-23, nan 
-3.875, -65.875, 5.2635568095125343e-23, nan 
-3.625, -65.875, 3.873558606274959e-23, nan 
-3.375, -65.875, 3.928902905349929e-23, nan 
-3.125, -65.875, 3.7379487812148026e-23, nan 
-2.875, -65.875, 2.5075818451908623e-23, nan 
-2.625, -65.875, 2.958170689870968e-23, nan 
-2.375, -65.875, 3.276247621264276e-23, nan 
-2.125, -65.875, 2.3726406532366545e-23, nan 
-1.875, -65.875, 3.4058630904514267e-23, nan 
-1.625, -65.875, 3.5180946741706136e-23, nan 
-1.375, -65.875, 3.548815404528469e-23, nan 
-1.125, -65.875, 2.169767323078397e-23, nan 
-0.875, -65.875, 3.17591959311327e-23, nan 
-0.625, -65.875, 3.252830682608782e-23, nan 
-0.375, -65.875, 2.0641015748665944e-23, nan 
-0.125, -65.875, 1.7221241637836652e-23, nan 
0.125, -65.875, 3.344399981157488e-23, nan 
0.375, -65.875, 3.239197652523689e-23, nan 
0.625, -65.875, 3.018854315534912e-23, nan 
0.875, -65.875, 2.4271667089122147e-23, nan 
1.125, -65.875, 1.540132832187674e-23, nan 
1.375, -65.875, 1.5769916489321925e-23, nan 
1.625, -65.875, 2.1108156265171995e-23, nan 
1.875, -65.875, 1.162590244894394e-23, nan 
2.125, -65.875, 1.5897130986327565e-23, nan 
2.375, -65.875, 3.014200854231981e-23, nan 
2.625, -65.875, 2.8498861576634636e-23, nan 
2.875, -65.875, 2.3384060656112618e-23, nan 
3.125, -65.875, 3.464418262738024e-23, nan 
3.375, -65.875, 1.2103350004233682e-22, nan 
3.625, -65.875, 1.6661213983977072e-22, nan 
3.875, -65.875, 2.31546064777942e-22, nan 
4.125, -65.875, 2.164345404918956e-22, nan 
4.375, -65.875, 4.4617549272975223e-23, nan 
4.625, -65.875, 2.493743460557012e-23, nan 
4.875, -65.875, 3.3134171096536526e-23, nan 
5.125, -65.875, 4.2475999817414894e-23, nan 
5.375, -65.875, 5.3667720753502994e-24, nan 
5.625, -65.875, 1.4110308753037267e-23, nan 
5.875, -65.875, 1.4162909033309958e-23, nan 
-31.375, -65.625, 4.781703466783465e-23, nan 
-31.125, -65.625, 5.576350325953329e-23, nan 
-30.875, -65.625, 5.395588431798336e-23, nan 
-30.625, -65.625, 8.67377165059955e-23, nan 
-30.375, -65.625, 1.2776825795707018e-22, nan 
-30.125, -65.625, 1.2380907501455893e-22, nan 
-29.875, -65.625, 1.7309740568068768e-22, nan 
-29.625, -65.625, 2.0338135486873992e-22, nan 
-29.375, -65.625, 2.2212434212012046e-22, nan 
-29.125, -65.625, 2.484670070165086e-22, nan 
-28.875, -65.625, 2.4885615312698085e-22, nan 
-28.625, -65.625, 4.671704999540037e-22, nan 
-28.375, -65.625, 6.286170887185549e-22, nan 
-28.125, -65.625, 2.5727285796179737e-22, nan 
-27.875, -65.625, 2.984065799816755e-22, nan 
-27.625, -65.625, 3.13047070233277e-22, nan 
-27.375, -65.625, 3.161768537263356e-22, nan 
-27.125, -65.625, 3.945941434476034e-22, nan 
-26.875, -65.625, 2.5460865043428855e-22, nan 
-26.625, -65.625, 2.4057697500984307e-22, nan 
-26.375, -65.625, 3.6474159520278016e-22, nan 
-26.125, -65.625, 4.67248729768304e-22, nan 
-25.875, -65.625, 4.0500664906290665e-22, nan 
-25.625, -65.625, 3.7771139599145824e-22, nan 
-25.375, -65.625, 5.971482877741295e-22, nan 
-25.125, -65.625, 6.933039622843071e-22, nan 
-24.875, -65.625, 8.747281262709762e-22, nan 
-24.625, -65.625, 1.0956172079981214e-21, nan 
-24.375, -65.625, 1.330532547817469e-21, nan 
-24.125, -65.625, 4.726596626907339e-21, nan 
-23.875, -65.625, 8.58556753470474e-21, nan 
-23.625, -65.625, 2.824474641121571e-20, nan 
-23.375, -65.625, 4.191354407505126e-20, nan 
-23.125, -65.625, 4.018881104898526e-20, nan 
-22.875, -65.625, 5.83686321349997e-20, nan 
-22.625, -65.625, 6.253484176123695e-20, nan 
-22.375, -65.625, 8.145605218627475e-20, nan 
-22.125, -65.625, 1.0950399853492513e-19, nan 
-21.875, -65.625, 9.197643732242826e-20, nan 
-21.625, -65.625, 5.2831352473648586e-20, nan 
-21.375, -65.625, 4.8323341073712335e-20, nan 
-21.125, -65.625, 2.538318363389954e-20, nan 
-20.875, -65.625, 2.0763207502060572e-20, nan 
-20.625, -65.625, 2.4283353723263135e-20, nan 
-20.375, -65.625, 2.6627003737680426e-20, nan 
-20.125, -65.625, 2.5734740814646978e-20, nan 
-19.875, -65.625, 8.238204040326381e-21, nan 
-19.625, -65.625, 1.2023886323136067e-20, nan 
-19.375, -65.625, 8.319572517372203e-21, nan 
-19.125, -65.625, 2.04360068172355e-21, nan 
-18.875, -65.625, 1.4388202778477075e-21, nan 
-18.625, -65.625, 2.4502816748326547e-21, nan 
-18.375, -65.625, 1.9824906397421182e-21, nan 
-18.125, -65.625, 1.4965060139926551e-21, nan 
-17.875, -65.625, 1.4901646300368912e-21, nan 
-17.625, -65.625, 1.0911063756223843e-21, nan 
-17.375, -65.625, 1.0773505006109738e-21, nan 
-17.125, -65.625, 1.2025057052921555e-21, nan 
-16.875, -65.625, 9.938951213921318e-22, nan 
-16.625, -65.625, 7.07252638695974e-22, nan 
-16.375, -65.625, 4.325560874249192e-22, nan 
-16.125, -65.625, 6.1132523784227155e-22, nan 
-15.875, -65.625, 5.794081836658703e-22, nan 
-15.625, -65.625, 5.727508551902284e-22, nan 
-15.375, -65.625, 3.7071023277784366e-22, nan 
-15.125, -65.625, 2.9198106949296755e-22, nan 
-14.875, -65.625, 4.7548850430268005e-22, nan 
-14.625, -65.625, 2.798587553381789e-22, nan 
-14.375, -65.625, 7.62439411458416e-23, nan 
-14.125, -65.625, 3.6070154768765375e-22, nan 
-13.875, -65.625, 1.0646947427272944e-22, nan 
-13.625, -65.625, 1.184291556648142e-22, nan 
-13.375, -65.625, 8.067340565462494e-23, nan 
-13.125, -65.625, 8.926027391578306e-23, nan 
-12.875, -65.625, 3.7646897767400694e-23, nan 
-12.625, -65.625, 2.1214848837815966e-22, nan 
-12.375, -65.625, 2.4451281233628675e-22, nan 
-12.125, -65.625, 3.8955490958257285e-23, nan 
-11.875, -65.625, 3.894494908312954e-23, nan 
-11.625, -65.625, 3.9748273352241686e-23, nan 
-11.375, -65.625, 2.3805541340315646e-23, nan 
-11.125, -65.625, 1.0452118441883226e-23, nan 
-10.875, -65.625, 1.0254976229181638e-23, nan 
-10.625, -65.625, 1.119377808411104e-23, nan 
-10.375, -65.625, 1.458726842366863e-23, nan 
-10.125, -65.625, 3.414029268776975e-23, nan 
-9.875, -65.625, 2.5876794689909243e-23, nan 
-9.625, -65.625, 2.6164566954966567e-23, nan 
-9.375, -65.625, 4.4931945205839974e-23, nan 
-9.125, -65.625, 4.821118126267083e-23, nan 
-8.875, -65.625, 5.34003738078652e-23, nan 
-8.625, -65.625, 3.983852022251062e-23, nan 
-8.375, -65.625, 2.7765634340860794e-23, nan 
-8.125, -65.625, 2.95301481752647e-23, nan 
-7.875, -65.625, 3.144941615418568e-23, nan 
-7.625, -65.625, 1.537742818660613e-23, nan 
-7.375, -65.625, 1.7722957175027363e-23, nan 
-7.125, -65.625, 8.950586182149928e-24, nan 
-6.875, -65.625, 1.4609286805628476e-23, nan 
-6.625, -65.625, 6.353633174415588e-24, nan 
-6.375, -65.625, 1.1388449665789766e-23, nan 
-6.125, -65.625, 1.2996275786897368e-23, nan 
-5.875, -65.625, 1.1011214988659377e-23, nan 
-5.625, -65.625, 2.9009526078715556e-23, nan 
-5.375, -65.625, 1.9157439431225546e-23, nan 
-5.125, -65.625, 2.081690977379617e-23, nan 
-4.875, -65.625, 3.038970413909966e-23, nan 
-4.625, -65.625, 4.324998524848836e-23, nan 
-4.375, -65.625, 2.7373202062121037e-23, nan 
-4.125, -65.625, 2.4719264293614033e-23, nan 
-3.875, -65.625, 3.0718202535377904e-23, nan 
-3.625, -65.625, 3.64719214684287e-23, nan 
-3.375, -65.625, 2.3077778279032885e-23, nan 
-3.125, -65.625, 3.1445730702513274e-23, nan 
-2.875, -65.625, 4.62064488758978e-23, nan 
-2.625, -65.625, 2.8160443402539985e-23, nan 
-2.375, -65.625, 2.4513431033580105e-23, nan 
-2.125, -65.625, 4.125036884430327e-23, nan 
-1.875, -65.625, 2.909292322656452e-23, nan 
-1.625, -65.625, 3.503734895779456e-23, nan 
-1.375, -65.625, 3.6829651622879615e-23, nan 
-1.125, -65.625, 1.8448668408302955e-23, nan 
-0.875, -65.625, 2.444512585107613e-23, nan 
-0.625, -65.625, 3.4006842805337554e-23, nan 
-0.375, -65.625, 2.0127888150425749e-23, nan 
-0.125, -65.625, 1.5395446012432923e-23, nan 
0.125, -65.625, 2.6067111950841655e-23, nan 
0.375, -65.625, 2.4203031201856562e-23, nan 
0.625, -65.625, 1.9048884151676516e-23, nan 
0.875, -65.625, 8.568491893556076e-24, nan 
1.125, -65.625, 7.459256390433374e-24, nan 
1.375, -65.625, 9.538303900961427e-24, nan 
1.625, -65.625, 2.5318502942780863e-23, nan 
1.875, -65.625, 2.3414248945000904e-23, nan 
2.125, -65.625, 1.5348187293121434e-23, nan 
2.375, -65.625, 3.4417334688836625e-23, nan 
2.625, -65.625, 3.472194794032525e-23, nan 
2.875, -65.625, 2.3641631964607966e-23, nan 
3.125, -65.625, 2.5731179156323012e-23, nan 
3.375, -65.625, 2.227831902125194e-23, nan 
3.625, -65.625, 2.1350888324717084e-23, nan 
3.875, -65.625, 2.798768201937561e-23, nan 
4.125, -65.625, 3.5030938754575055e-23, nan 
4.375, -65.625, 2.406128878620106e-23, nan 
4.625, -65.625, 1.8525194960212148e-23, nan 
4.875, -65.625, 2.406323017067926e-23, nan 
5.125, -65.625, 2.702783127189039e-23, nan 
5.375, -65.625, 2.021204144798599e-23, nan 
5.625, -65.625, 1.1955972212353532e-23, nan 
-31.125, -65.375, 7.124805731229391e-23, nan 
-30.875, -65.375, 8.589124930886974e-23, nan 
-30.625, -65.375, 7.228584356630566e-23, nan 
-30.375, -65.375, 1.1146258408489362e-22, nan 
-30.125, -65.375, 1.434817077554964e-22, nan 
-29.875, -65.375, 2.457805378614545e-22, nan 
-29.625, -65.375, 2.3295258059235575e-22, nan 
-29.375, -65.375, 2.9285371405635713e-22, nan 
-29.125, -65.375, 3.427149200275576e-22, nan 
-28.875, -65.375, 3.602925613725737e-22, nan 
-28.625, -65.375, 3.9138987270522687e-22, nan 
-28.375, -65.375, 4.2292696706552642e-22, nan 
-28.125, -65.375, 4.473089221607044e-22, nan 
-27.875, -65.375, 4.071785035769719e-22, nan 
-27.625, -65.375, 4.536043080943952e-22, nan 
-27.375, -65.375, 4.629988651167162e-22, nan 
-27.125, -65.375, 4.666746294347866e-22, nan 
-26.875, -65.375, 4.2033943712651255e-22, nan 
-26.625, -65.375, 1.0991592744406308e-21, nan 
-26.375, -65.375, 1.4904258859223555e-21, nan 
-26.125, -65.375, 5.121997241887049e-22, nan 
-25.875, -65.375, 7.789275225029834e-22, nan 
-25.625, -65.375, 9.488344187041707e-22, nan 
-25.375, -65.375, 1.1041268347231884e-21, nan 
-25.125, -65.375, 1.3338343817934808e-21, nan 
-24.875, -65.375, 1.4575303757899684e-21, nan 
-24.625, -65.375, 2.1769706906356164e-21, nan 
-24.375, -65.375, 3.1440855995121253e-21, nan 
-24.125, -65.375, 2.96326720331203e-21, nan 
-23.875, -65.375, 4.762066316175151e-21, nan 
-23.625, -65.375, 6.2674729808913775e-21, nan 
-23.375, -65.375, 1.7785421416009912e-20, nan 
-23.125, -65.375, 4.8302711232090253e-20, nan 
-22.875, -65.375, 8.832127995888096e-20, nan 
-22.625, -65.375, 1.0779403251599271e-19, nan 
-22.375, -65.375, 9.981574439463512e-20, nan 
-22.125, -65.375, 5.73560305680062e-20, nan 
-21.875, -65.375, 8.000481697961624e-21, nan 
-21.625, -65.375, 6.145723661896734e-21, nan 
-21.375, -65.375, 9.106404058917729e-21, nan 
-21.125, -65.375, 8.524423699865443e-21, nan 
-20.875, -65.375, 6.285902715743327e-21, nan 
-20.625, -65.375, 6.004920296178649e-21, nan 
-20.375, -65.375, 6.1368711684602004e-21, nan 
-20.125, -65.375, 4.344354744303916e-21, nan 
-19.875, -65.375, 8.145412030821762e-22, nan 
-19.625, -65.375, 9.38095445341398e-22, nan 
-19.375, -65.375, 9.57590778423851e-22, nan 
-19.125, -65.375, 1.0077317104307923e-21, nan 
-18.875, -65.375, 3.0313193193758184e-22, nan 
-18.625, -65.375, 4.0996168800254993e-22, nan 
-18.375, -65.375, 5.6584904554622915e-22, nan 
-18.125, -65.375, 2.674889385642662e-22, nan 
-17.875, -65.375, 4.733710320550549e-22, nan 
-17.625, -65.375, 4.244304687725313e-22, nan 
-17.375, -65.375, 3.9499354331545962e-22, nan 
-17.125, -65.375, 4.861124634432566e-22, nan 
-16.875, -65.375, 5.997030786875649e-22, nan 
-16.625, -65.375, 4.832243954905003e-22, nan 
-16.375, -65.375, 3.435040674213364e-22, nan 
-16.125, -65.375, 3.893005505982688e-22, nan 
-15.875, -65.375, 5.032448867985975e-22, nan 
-15.625, -65.375, 4.096802534295498e-22, nan 
-15.375, -65.375, 1.8126234301018789e-22, nan 
-15.125, -65.375, 6.640617487159764e-22, nan 
-14.875, -65.375, 9.103964889556073e-22, nan 
-14.625, -65.375, 7.188724351282727e-22, nan 
-14.375, -65.375, 6.34487735400745e-22, nan 
-14.125, -65.375, 4.1691010504293303e-22, nan 
-13.875, -65.375, 7.994039197476032e-23, nan 
-13.625, -65.375, 8.09780927962866e-23, nan 
-13.375, -65.375, 1.9129505738063718e-22, nan 
-13.125, -65.375, 6.012107333100566e-23, nan 
-12.875, -65.375, 4.1749552326744494e-23, nan 
-12.625, -65.375, 4.995500473882392e-23, nan 
-12.375, -65.375, 4.1867897400300805e-23, nan 
-12.125, -65.375, 2.745872535573275e-23, nan 
-11.875, -65.375, 2.236306247176968e-23, nan 
-11.625, -65.375, 1.680359255557837e-23, nan 
-11.375, -65.375, 8.332173484931035e-24, nan 
-11.125, -65.375, 4.230209241763955e-24, nan 
-10.875, -65.375, 4.88705670150027e-24, nan 
-10.625, -65.375, 5.130456455973985e-24, nan 
-10.375, -65.375, 4.929091420986131e-24, nan 
-10.125, -65.375, 5.33318605900854e-24, nan 
-9.875, -65.375, 4.6058519505796394e-24, nan 
-9.625, -65.375, 9.717053772786236e-24, nan 
-9.375, -65.375, 2.1957980636732857e-23, nan 
-9.125, -65.375, 1.9724826327401493e-23, nan 
-8.875, -65.375, 2.1717739642147813e-23, nan 
-8.625, -65.375, 2.187915052809367e-23, nan 
-8.375, -65.375, 9.536910189225806e-24, nan 
-8.125, -65.375, 2.138709148126437e-23, nan 
-7.875, -65.375, 1.4320219844237288e-23, nan 
-7.625, -65.375, 8.525265964362737e-24, nan 
-7.375, -65.375, 1.0771875937782008e-23, nan 
-7.125, -65.375, 1.2701536864516455e-23, nan 
-6.875, -65.375, 7.668430605078747e-24, nan 
-6.625, -65.375, 6.428126588111009e-24, nan 
-6.375, -65.375, 8.579394319678181e-24, nan 
-6.125, -65.375, 4.731701710963689e-24, nan 
-5.875, -65.375, 1.0433651045940102e-23, nan 
-5.625, -65.375, 1.0412372833082223e-23, nan 
-5.375, -65.375, 5.024628023955351e-24, nan 
-5.125, -65.375, 2.0958694637256792e-23, nan 
-4.875, -65.375, 3.5764030453568725e-23, nan 
-4.625, -65.375, 2.534446550987451e-23, nan 
-4.375, -65.375, 2.3995191495245188e-23, nan 
-4.125, -65.375, 4.352767416778273e-23, nan 
-3.875, -65.375, 3.181040344152378e-23, nan 
-3.625, -65.375, 2.65976843879243e-23, nan 
-3.375, -65.375, 3.412387163988567e-23, nan 
-3.125, -65.375, 2.632212999853986e-23, nan 
-2.875, -65.375, 4.012096008790922e-23, nan 
-2.625, -65.375, 1.2108666479811094e-23, nan 
-2.375, -65.375, 1.355916973644652e-23, nan 
-2.125, -65.375, 3.1463203311308885e-23, nan 
-1.875, -65.375, 2.7817921165673705e-23, nan 
-1.625, -65.375, 3.158600671675513e-23, nan 
-1.375, -65.375, 3.018108257088933e-23, nan 
-1.125, -65.375, 2.3413488952060456e-23, nan 
-0.875, -65.375, 2.568248087427312e-23, nan 
-0.625, -65.375, 2.6452648771147836e-23, nan 
-0.375, -65.375, 1.9620974926688756e-23, nan 
-0.125, -65.375, 1.2375801006487819e-23, nan 
0.125, -65.375, 1.701819453870598e-23, nan 
0.375, -65.375, 1.6069912430990842e-23, nan 
0.625, -65.375, 1.865060111562999e-23, nan 
0.875, -65.375, 2.4020344740789664e-23, nan 
1.125, -65.375, 1.8129082746019614e-23, nan 
1.375, -65.375, 1.4365689822538893e-23, nan 
1.625, -65.375, 3.5284272595068174e-23, nan 
1.875, -65.375, 4.254813311877251e-23, nan 
2.125, -65.375, 2.552150885016135e-23, nan 
2.375, -65.375, 1.9149768844096442e-23, nan 
2.625, -65.375, 2.6306317021982972e-23, nan 
2.875, -65.375, 3.258380003876867e-23, nan 
3.125, -65.375, 4.303494256477585e-23, nan 
3.375, -65.375, 2.2361919983973174e-23, nan 
3.625, -65.375, 2.1769771267267318e-23, nan 
3.875, -65.375, 1.491094494901181e-23, nan 
4.125, -65.375, 2.5952818143648753e-23, nan 
4.375, -65.375, 2.2922510966367816e-23, nan 
4.625, -65.375, 1.0736460500652416e-23, nan 
4.875, -65.375, 1.672526887093178e-23, nan 
5.125, -65.375, 2.4262299804281236e-23, nan 
5.375, -65.375, 2.1496475522259363e-23, nan 
5.625, -65.375, 2.81450579862782e-23, nan 
-30.625, -65.125, 7.542461866383809e-23, nan 
-30.375, -65.125, 9.10648434121898e-23, nan 
-30.125, -65.125, 1.5413215895685754e-22, nan 
-29.875, -65.125, 1.789749146269927e-22, nan 
-29.625, -65.125, 2.131728614850408e-22, nan 
-29.375, -65.125, 2.9179813904318326e-22, nan 
-29.125, -65.125, 3.8861728289869287e-22, nan 
-28.875, -65.125, 5.058539279309133e-22, nan 
-28.625, -65.125, 6.312430710392512e-22, nan 
-28.375, -65.125, 6.951680184005377e-22, nan 
-28.125, -65.125, 7.782655563013786e-22, nan 
-27.875, -65.125, 9.354290739217849e-22, nan 
-27.625, -65.125, 9.73843633971533e-22, nan 
-27.375, -65.125, 8.529209125987732e-22, nan 
-27.125, -65.125, 1.7984858719849576e-21, nan 
-26.875, -65.125, 1.2289252026752087e-21, nan 
-26.625, -65.125, 2.46715644807226e-21, nan 
-26.375, -65.125, 4.171395500557363e-21, nan 
-26.125, -65.125, 1.845817004445203e-21, nan 
-25.875, -65.125, 2.816495552882866e-21, nan 
-25.625, -65.125, 4.014088561846094e-21, nan 
-25.375, -65.125, 2.5856258635149373e-21, nan 
-25.125, -65.125, 2.3816074808834097e-21, nan 
-24.875, -65.125, 3.0134237425274897e-21, nan 
-24.625, -65.125, 2.154687110985358e-21, nan 
-24.375, -65.125, 2.8376006178111726e-21, nan 
-24.125, -65.125, 3.178485247042015e-21, nan 
-23.875, -65.125, 5.634829088667291e-21, nan 
-23.625, -65.125, 7.182376426597365e-21, nan 
-23.375, -65.125, 7.148023001795733e-21, nan 
-23.125, -65.125, 9.578028856388049e-21, nan 
-22.875, -65.125, 8.954859952254126e-21, nan 
-22.625, -65.125, 8.11430183949671e-21, nan 
-22.375, -65.125, 7.233027084742917e-21, nan 
-22.125, -65.125, 5.146794895713242e-21, nan 
-21.875, -65.125, 3.3378066692272345e-21, nan 
-21.625, -65.125, 2.702896365065928e-21, nan 
-21.375, -65.125, 2.7207697026991405e-21, nan 
-21.125, -65.125, 2.544753461712456e-21, nan 
-20.875, -65.125, 1.5407133434643008e-21, nan 
-20.625, -65.125, 8.500642863231353e-22, nan 
-20.375, -65.125, 8.209757755070142e-22, nan 
-20.125, -65.125, 4.522284252410457e-22, nan 
-19.875, -65.125, 6.310511400584222e-22, nan 
-19.625, -65.125, 2.941939114007103e-22, nan 
-19.375, -65.125, 2.688176153779543e-22, nan 
-19.125, -65.125, 2.9245752624905708e-22, nan 
-18.875, -65.125, 1.6016742082782165e-22, nan 
-18.625, -65.125, 2.3186341003880633e-22, nan 
-18.375, -65.125, 3.201121829529584e-22, nan 
-18.125, -65.125, 2.3637669044230096e-22, nan 
-17.875, -65.125, 2.6388995011601374e-22, nan 
-17.625, -65.125, 3.054768880200236e-22, nan 
-17.375, -65.125, 2.3236776976259844e-22, nan 
-17.125, -65.125, 2.0756024100846777e-22, nan 
-16.875, -65.125, 2.550510419493003e-22, nan 
-16.625, -65.125, 2.033721626864702e-22, nan 
-16.375, -65.125, 1.656304225301724e-22, nan 
-16.125, -65.125, 9.47560060144974e-23, nan 
-15.875, -65.125, 2.9363422797276796e-22, nan 
-15.625, -65.125, 3.4703645418076825e-22, nan 
-15.375, -65.125, 3.4216574593484505e-22, nan 
-15.125, -65.125, 4.678562324066138e-22, nan 
-14.875, -65.125, 5.945696934206353e-22, nan 
-14.625, -65.125, 6.299632525622671e-22, nan 
-14.375, -65.125, 6.1979490397952235e-22, nan 
-14.125, -65.125, 3.833890564997127e-22, nan 
-13.875, -65.125, 4.115938064635828e-22, nan 
-13.625, -65.125, 3.4059296816422635e-22, nan 
-13.375, -65.125, 1.8270849079835156e-22, nan 
-13.125, -65.125, 3.4425194594377736e-23, nan 
-12.875, -65.125, 2.5662818043725803e-23, nan 
-12.625, -65.125, 3.09898921167558e-23, nan 
-12.375, -65.125, 1.9881954058020305e-23, nan 
-12.125, -65.125, 2.17589084021179e-23, nan 
-11.875, -65.125, 2.213568870057581e-23, nan 
-11.625, -65.125, 9.632734565485135e-24, nan 
-11.375, -65.125, 9.479316892500205e-24, nan 
-11.125, -65.125, 1.0936023058274394e-23, nan 
-10.875, -65.125, 4.937412247110391e-24, nan 
-10.625, -65.125, 2.345594186027886e-24, nan 
-10.375, -65.125, 4.5462490913817404e-24, nan 
-10.125, -65.125, 1.1791605675315257e-23, nan 
-9.875, -65.125, 1.6784012628387088e-23, nan 
-9.625, -65.125, 2.87133966186356e-23, nan 
-9.375, -65.125, 2.1420008562325566e-23, nan 
-9.125, -65.125, 2.0576284809020556e-23, nan 
-8.875, -65.125, 2.0691974577903002e-23, nan 
-8.625, -65.125, 1.2658387114250397e-23, nan 
-8.375, -65.125, 1.0273265350239715e-23, nan 
-8.125, -65.125, 2.143671131221381e-23, nan 
-7.875, -65.125, 1.1020635093177168e-23, nan 
-7.625, -65.125, 1.4609719420561468e-23, nan 
-7.375, -65.125, 1.6965809969010836e-23, nan 
-7.125, -65.125, 1.0829211554783314e-23, nan 
-6.875, -65.125, 6.5061659799482704e-24, nan 
-6.625, -65.125, 7.04211378776947e-24, nan 
-6.375, -65.125, 6.441021710608815e-24, nan 
-6.125, -65.125, 3.4464025674280006e-24, nan 
-5.875, -65.125, 1.2191098540063896e-23, nan 
-5.625, -65.125, 2.4452076600293088e-23, nan 
-5.375, -65.125, 1.101347355107293e-23, nan 
-5.125, -65.125, 9.280198298945504e-24, nan 
-4.875, -65.125, 2.9514103846637744e-23, nan 
-4.625, -65.125, 1.5155625728421967e-23, nan 
-4.375, -65.125, 2.0609053731180915e-23, nan 
-4.125, -65.125, 4.277164663782765e-23, nan 
-3.875, -65.125, 4.732844513374023e-23, nan 
-3.625, -65.125, 3.9381401549848036e-23, nan 
-3.375, -65.125, 4.3756803565860843e-23, nan 
-3.125, -65.125, 4.1471161889347983e-23, nan 
-2.875, -65.125, 3.609827759712321e-23, nan 
-2.625, -65.125, 3.03428207202021e-23, nan 
-2.375, -65.125, 2.9841538166232e-23, nan 
-2.125, -65.125, 2.3595251894415493e-23, nan 
-1.875, -65.125, 2.032583287488321e-23, nan 
-1.625, -65.125, 2.0102346618781294e-23, nan 
-1.375, -65.125, 1.9859075519251463e-23, nan 
-1.125, -65.125, 1.9465559750653436e-23, nan 
-0.875, -65.125, 9.583535334692901e-24, nan 
-0.625, -65.125, 9.212445155353701e-24, nan 
-0.375, -65.125, 1.553871887335953e-23, nan 
-0.125, -65.125, 1.8001523155449524e-23, nan 
0.125, -65.125, 1.6661955405734696e-23, nan 
0.375, -65.125, 1.920416908554223e-23, nan 
0.625, -65.125, 1.6107068413591762e-23, nan 
0.875, -65.125, 2.2960464407536723e-23, nan 
1.125, -65.125, 2.5948477922038924e-23, nan 
1.375, -65.125, 2.840295193417803e-23, nan 
1.625, -65.125, 3.825432714771089e-23, nan 
1.875, -65.125, 4.1810433025954216e-23, nan 
2.125, -65.125, 2.244421044089137e-23, nan 
2.375, -65.125, 3.601295167534884e-23, nan 
2.625, -65.125, 2.2206321526571384e-23, nan 
2.875, -65.125, 4.042215948856659e-23, nan 
3.125, -65.125, 5.625116171282355e-23, nan 
3.375, -65.125, 1.3030571247081263e-23, nan 
3.625, -65.125, 3.0445706256527575e-23, nan 
3.875, -65.125, 2.936560884355934e-23, nan 
4.125, -65.125, 6.955686192065903e-24, nan 
4.375, -65.125, 1.5525002530247706e-23, nan 
4.625, -65.125, 1.2279319623180108e-23, nan 
4.875, -65.125, 9.822636526245151e-24, nan 
5.125, -65.125, 1.0734706898852358e-23, nan 
5.375, -65.125, 1.5621347299496676e-23, nan 
5.625, -65.125, 2.695987727154851e-23, nan 
-30.375, -64.875, 1.237916065658341e-22, nan 
-30.125, -64.875, 2.4209719305599117e-22, nan 
-29.875, -64.875, 2.58363043389794e-22, nan 
-29.625, -64.875, 3.3387311722333675e-22, nan 
-29.375, -64.875, 5.779081534330068e-22, nan 
-29.125, -64.875, 4.810690119935322e-22, nan 
-28.875, -64.875, 5.678933583180137e-22, nan 
-28.625, -64.875, 8.822778036653438e-22, nan 
-28.375, -64.875, 9.580166966175733e-22, nan 
-28.125, -64.875, 1.3137347228702825e-21, nan 
-27.875, -64.875, 1.5290142421919653e-21, nan 
-27.625, -64.875, 1.883922312761361e-21, nan 
-27.375, -64.875, 2.3805521653984363e-21, nan 
-27.125, -64.875, 2.3729219208036105e-21, nan 
-26.875, -64.875, 2.8242120938270895e-21, nan 
-26.625, -64.875, 2.8693820014325846e-21, nan 
-26.375, -64.875, 3.584055808033735e-21, nan 
-26.125, -64.875, 3.652095771777891e-21, nan 
-25.875, -64.875, 4.563057487522769e-21, nan 
-25.625, -64.875, 4.9068127170914466e-21, nan 
-25.375, -64.875, 4.716725187367038e-21, nan 
-25.125, -64.875, 4.840854757935302e-21, nan 
-24.875, -64.875, 8.662563275194912e-21, nan 
-24.625, -64.875, 1.1948596720045719e-20, nan 
-24.375, -64.875, 1.1344172174828732e-20, nan 
-24.125, -64.875, 1.1613433665326451e-20, nan 
-23.875, -64.875, 9.078567467740587e-21, nan 
-23.625, -64.875, 4.1068021089848185e-21, nan 
-23.375, -64.875, 2.8535756499446742e-21, nan 
-23.125, -64.875, 3.703160502174026e-21, nan 
-22.875, -64.875, 4.025647497430844e-21, nan 
-22.625, -64.875, 3.699215856878388e-21, nan 
-22.375, -64.875, 3.178810268040163e-21, nan 
-22.125, -64.875, 2.363269444071885e-21, nan 
-21.875, -64.875, 2.801755025693499e-21, nan 
-21.625, -64.875, 3.063554624757609e-21, nan 
-21.375, -64.875, 2.0780844887160163e-21, nan 
-21.125, -64.875, 1.3511267003237104e-21, nan 
-20.875, -64.875, 1.222093925801336e-21, nan 
-20.625, -64.875, 8.345911264541567e-22, nan 
-20.375, -64.875, 4.649033869264697e-22, nan 
-20.125, -64.875, 5.722039202918308e-22, nan 
-19.875, -64.875, 5.816494406121233e-22, nan 
-19.625, -64.875, 1.7715246748616581e-22, nan 
-19.375, -64.875, 7.560194670882301e-23, nan 
-19.125, -64.875, 1.3501513590035974e-22, nan 
-18.875, -64.875, 1.649351450450142e-22, nan 
-18.625, -64.875, 1.759705193415176e-22, nan 
-18.375, -64.875, 1.5648601728445476e-22, nan 
-18.125, -64.875, 1.4062315977252927e-22, nan 
-17.875, -64.875, 1.4467165654965515e-22, nan 
-17.625, -64.875, 1.525538107402488e-22, nan 
-17.375, -64.875, 1.5073667068135094e-22, nan 
-17.125, -64.875, 1.433171499439163e-22, nan 
-16.875, -64.875, 1.9860655002214719e-22, nan 
-16.625, -64.875, 1.8713000346614637e-22, nan 
-16.375, -64.875, 1.8323406955512242e-22, nan 
-16.125, -64.875, 1.6597304192921015e-22, nan 
-15.875, -64.875, 3.001447086921566e-22, nan 
-15.625, -64.875, 2.743129750821263e-22, nan 
-15.375, -64.875, 1.957836741249984e-22, nan 
-15.125, -64.875, 4.231494365045771e-22, nan 
-14.875, -64.875, 2.232828597357753e-22, nan 
-14.625, -64.875, 1.6114070595919578e-22, nan 
-14.375, -64.875, 2.998550266923075e-22, nan 
-14.125, -64.875, 4.248814880903463e-22, nan 
-13.875, -64.875, 3.17722485178099e-22, nan 
-13.625, -64.875, 2.5043825145821737e-22, nan 
-13.375, -64.875, 2.8515169519061055e-22, nan 
-13.125, -64.875, 1.5488981833111825e-22, nan 
-12.875, -64.875, 4.1963632715240944e-23, nan 
-12.625, -64.875, 3.583103271549018e-23, nan 
-12.375, -64.875, 2.340558128894621e-23, nan 
-12.125, -64.875, 2.193068764526343e-23, nan 
-11.875, -64.875, 1.662538497814901e-23, nan 
-11.625, -64.875, 5.472410166976308e-24, nan 
-11.375, -64.875, 1.162553614697837e-24, nan 
-11.125, -64.875, 3.0776222711509547e-24, nan 
-10.875, -64.875, 7.764671702186124e-24, nan 
-10.625, -64.875, 1.015114537045764e-23, nan 
-10.375, -64.875, 1.6357648565907924e-23, nan 
-10.125, -64.875, 1.381159626932609e-23, nan 
-9.875, -64.875, 1.6255549163118266e-23, nan 
-9.625, -64.875, 2.873470006708007e-23, nan 
-9.375, -64.875, 2.0418524342561644e-23, nan 
-9.125, -64.875, 1.9033949571785835e-23, nan 
-8.875, -64.875, 1.36389133866607e-23, nan 
-8.625, -64.875, 1.2048787888454268e-23, nan 
-8.375, -64.875, 1.409299796516104e-23, nan 
-8.125, -64.875, 1.3999497921206187e-23, nan 
-7.875, -64.875, 1.2149468886267105e-23, nan 
-7.625, -64.875, 1.8735487035300796e-23, nan 
-7.375, -64.875, 2.2705350053973128e-23, nan 
-7.125, -64.875, 1.1266575661669506e-23, nan 
-6.875, -64.875, 9.649579600649435e-24, nan 
-6.625, -64.875, 1.399740331952735e-23, nan 
-6.375, -64.875, 1.552511503580595e-23, nan 
-6.125, -64.875, 2.2233018472525903e-23, nan 
-5.875, -64.875, 1.7710810114517385e-23, nan 
-5.625, -64.875, 2.522912919374332e-23, nan 
-5.375, -64.875, 2.048378401096092e-23, nan 
-5.125, -64.875, 1.51393375168985e-23, nan 
-4.875, -64.875, 8.139632837829291e-23, nan 
-4.625, -64.875, 1.3946500463344323e-22, nan 
-4.375, -64.875, 1.6286043704741385e-22, nan 
-4.125, -64.875, 1.7781957163038286e-22, nan 
-3.875, -64.875, 1.6898571310171183e-22, nan 
-3.625, -64.875, 1.7502450862579543e-22, nan 
-3.375, -64.875, 1.5033265197428566e-22, nan 
-3.125, -64.875, 6.4950608047242e-23, nan 
-2.875, -64.875, 3.2492519347646205e-23, nan 
-2.625, -64.875, 3.900045485361254e-23, nan 
-2.375, -64.875, 3.4290781146212086e-23, nan 
-2.125, -64.875, 2.9795446620901235e-23, nan 
-1.875, -64.875, 3.2319930421889117e-23, nan 
-1.625, -64.875, 2.992372051248766e-23, nan 
-1.375, -64.875, 2.0190692676583716e-23, nan 
-1.125, -64.875, 1.6474430603020728e-23, nan 
-0.875, -64.875, 1.4306060374664407e-23, nan 
-0.625, -64.875, 1.0532440439881087e-23, nan 
-0.375, -64.875, 4.935365861279503e-24, nan 
-0.125, -64.875, 1.7278515259762158e-23, nan 
0.125, -64.875, 1.4509134906597533e-23, nan 
0.375, -64.875, 1.684072462551549e-23, nan 
0.625, -64.875, 1.272526990674855e-23, nan 
0.875, -64.875, 1.3197152471424822e-23, nan 
1.125, -64.875, 1.6989559361340835e-23, nan 
1.375, -64.875, 2.547702501134511e-23, nan 
1.625, -64.875, 3.5329491232553487e-23, nan 
1.875, -64.875, 3.047169793550234e-23, nan 
2.125, -64.875, 1.577091864235888e-23, nan 
2.375, -64.875, 3.2993305842231106e-23, nan 
2.625, -64.875, 2.9978438812585007e-23, nan 
2.875, -64.875, 2.338910213843e-23, nan 
3.125, -64.875, 2.6565343430223326e-23, nan 
3.375, -64.875, 2.2423937326637933e-23, nan 
3.625, -64.875, 1.317478882237347e-23, nan 
3.875, -64.875, 1.3213585826755617e-23, nan 
4.125, -64.875, 1.1848675980072907e-23, nan 
4.375, -64.875, 9.046342595918803e-24, nan 
4.625, -64.875, 7.367590918551331e-24, nan 
4.875, -64.875, 8.829226020659996e-24, nan 
5.125, -64.875, 1.4287874912305137e-23, nan 
5.375, -64.875, 1.2928109924045436e-23, nan 
5.625, -64.875, 2.0419783681500615e-23, nan 
-29.875, -64.625, 2.479536895943354e-22, nan 
-29.625, -64.625, 5.656107870251698e-22, nan 
-29.375, -64.625, 8.190900114156731e-22, nan 
-29.125, -64.625, 6.649453557626283e-22, nan 
-28.875, -64.625, 5.746927137852362e-22, nan 
-28.625, -64.625, 6.797541023847358e-22, nan 
-28.375, -64.625, 6.788555076268416e-22, nan 
-28.125, -64.625, 1.1224446410064615e-21, nan 
-27.875, -64.625, 1.9358768263039168e-21, nan 
-27.625, -64.625, 2.638176246307469e-21, nan 
-27.375, -64.625, 3.7138997016182285e-21, nan 
-27.125, -64.625, 3.622627485699671e-21, nan 
-26.875, -64.625, 4.2415310843519286e-21, nan 
-26.625, -64.625, 4.766379302983556e-21, nan 
-26.375, -64.625, 4.026434806258839e-21, nan 
-26.125, -64.625, 4.5975522595023815e-21, nan 
-25.875, -64.625, 5.117661430830962e-21, nan 
-25.625, -64.625, 4.26136569963136e-21, nan 
-25.375, -64.625, 7.677733544411135e-21, nan 
-25.125, -64.625, 8.989120292607445e-21, nan 
-24.875, -64.625, 6.668136468386325e-21, nan 
-24.625, -64.625, 8.813030517841518e-21, nan 
-24.375, -64.625, 1.0786546156893129e-20, nan 
-24.125, -64.625, 1.109262512007269e-20, nan 
-23.875, -64.625, 8.871655354901586e-21, nan 
-23.625, -64.625, 7.69650568820521e-21, nan 
-23.375, -64.625, 7.239432305406188e-21, nan 
-23.125, -64.625, 3.7456516750711706e-21, nan 
-22.875, -64.625, 1.5231103290380653e-21, nan 
-22.625, -64.625, 1.1386630840260209e-21, nan 
-22.375, -64.625, 1.4460686293305982e-21, nan 
-22.125, -64.625, 1.3362060789002286e-21, nan 
-21.875, -64.625, 1.178786934830909e-21, nan 
-21.625, -64.625, 1.5112182788762242e-21, nan 
-21.375, -64.625, 1.18876657847392e-21, nan 
-21.125, -64.625, 8.207752207252211e-22, nan 
-20.875, -64.625, 7.925368368823846e-22, nan 
-20.625, -64.625, 5.09037390457263e-22, nan 
-20.375, -64.625, 4.312406182391483e-22, nan 
-20.125, -64.625, 4.355896122765001e-22, nan 
-19.875, -64.625, 3.0394624466357977e-22, nan 
-19.625, -64.625, 2.1023343050071268e-22, nan 
-19.375, -64.625, 1.5629447834349346e-22, nan 
-19.125, -64.625, 1.0172576396837611e-22, nan 
-18.875, -64.625, 1.0693129140076316e-22, nan 
-18.625, -64.625, 1.1538091790463522e-22, nan 
-18.375, -64.625, 7.557267262365448e-23, nan 
-18.125, -64.625, 5.105744019412634e-23, nan 
-17.875, -64.625, 6.283623585477829e-23, nan 
-17.625, -64.625, 4.0763911490469865e-23, nan 
-17.375, -64.625, 6.765016300000557e-23, nan 
-17.125, -64.625, 1.576200491881487e-22, nan 
-16.875, -64.625, 1.2892094069760318e-22, nan 
-16.625, -64.625, 1.179118832751042e-22, nan 
-16.375, -64.625, 1.1468130697151299e-22, nan 
-16.125, -64.625, 1.148617850767289e-22, nan 
-15.875, -64.625, 1.2259727701103464e-22, nan 
-15.625, -64.625, 2.1245577345635556e-22, nan 
-15.375, -64.625, 2.2549870640481347e-22, nan 
-15.125, -64.625, 2.7859864195551306e-22, nan 
-14.875, -64.625, 3.348920804518599e-22, nan 
-14.625, -64.625, 3.691042949857787e-22, nan 
-14.375, -64.625, 3.54206920092682e-22, nan 
-14.125, -64.625, 2.858873114925164e-22, nan 
-13.875, -64.625, 2.0325081241934173e-22, nan 
-13.625, -64.625, 1.6749792988941903e-22, nan 
-13.375, -64.625, 1.0086452957118332e-22, nan 
-13.125, -64.625, 3.2022222080985754e-23, nan 
-12.875, -64.625, 2.674778572087639e-23, nan 
-12.625, -64.625, 2.456497123398717e-23, nan 
-12.375, -64.625, 2.2467025760746532e-23, nan 
-12.125, -64.625, 2.0922000798188128e-23, nan 
-11.875, -64.625, 2.0059738030933903e-23, nan 
-11.625, -64.625, 9.738991639151375e-24, nan 
-11.375, -64.625, 5.498454367390491e-24, nan 
-11.125, -64.625, 2.2774144018789872e-24, nan 
-10.875, -64.625, 3.520377991847473e-24, nan 
-10.625, -64.625, 4.937508649135312e-24, nan 
-10.375, -64.625, 1.2932719534363484e-23, nan 
-10.125, -64.625, 1.0100885587678747e-23, nan 
-9.875, -64.625, 7.733135849822779e-24, nan 
-9.625, -64.625, 2.1684683950120852e-23, nan 
-9.375, -64.625, 1.0538799136566373e-23, nan 
-9.125, -64.625, 1.4353535999471943e-23, nan 
-8.875, -64.625, 8.414782791083006e-24, nan 
-8.625, -64.625, 6.511251888941983e-24, nan 
-8.375, -64.625, 2.0765934358727506e-24, nan 
-8.125, -64.625, 2.142266482192813e-24, nan 
-7.875, -64.625, 6.9879532320636e-24, nan 
-7.625, -64.625, 1.0032929195455179e-23, nan 
-7.375, -64.625, 1.1144006187792651e-23, nan 
-7.125, -64.625, 7.883873564473948e-24, nan 
-6.875, -64.625, 1.2989722367758484e-23, nan 
-6.625, -64.625, 1.6968148653629025e-23, nan 
-6.375, -64.625, 2.0846228682793128e-23, nan 
-6.125, -64.625, 2.116896702418265e-23, nan 
-5.875, -64.625, 2.6444414428651882e-23, nan 
-5.625, -64.625, 4.708882540667636e-23, nan 
-5.375, -64.625, 9.558071703757599e-23, nan 
-5.125, -64.625, 1.1293860627025645e-22, nan 
-4.875, -64.625, 1.1194711621758991e-22, nan 
-4.625, -64.625, 1.4222148704906436e-22, nan 
-4.375, -64.625, 1.5437477173309084e-22, nan 
-4.125, -64.625, 1.5802983025473404e-22, nan 
-3.875, -64.625, 1.7987472331461873e-22, nan 
-3.625, -64.625, 2.2235441066327653e-22, nan 
-3.375, -64.625, 1.956581366554999e-22, nan 
-3.125, -64.625, 1.0839056767655303e-22, nan 
-2.875, -64.625, 1.4189290268277573e-22, nan 
-2.625, -64.625, 1.0973309465370207e-22, nan 
-2.375, -64.625, 3.56860871906773e-23, nan 
-2.125, -64.625, 2.5496916255266698e-23, nan 
-1.875, -64.625, 2.743878904082394e-23, nan 
-1.625, -64.625, 1.8225837169016306e-23, nan 
-1.375, -64.625, 2.3952594529408175e-23, nan 
-1.125, -64.625, 2.1090432141754847e-23, nan 
-0.875, -64.625, 3.097560691171124e-23, nan 
-0.625, -64.625, 2.0878004855824616e-23, nan 
-0.375, -64.625, 2.605819723336403e-23, nan 
-0.125, -64.625, 1.4691789124263117e-23, nan 
0.125, -64.625, 3.830808997668445e-24, nan 
0.375, -64.625, 1.04379750714256e-23, nan 
0.625, -64.625, 5.7694620968714015e-24, nan 
0.875, -64.625, 5.877601905862251e-24, nan 
1.125, -64.625, 8.605435613691417e-24, nan 
1.375, -64.625, 1.8310452451182478e-23, nan 
1.625, -64.625, 2.1894129180094834e-23, nan 
1.875, -64.625, 1.710144054513407e-23, nan 
2.125, -64.625, 2.5231473870778453e-23, nan 
2.375, -64.625, 2.966978785083796e-23, nan 
2.625, -64.625, 2.0747282312156234e-23, nan 
2.875, -64.625, 2.1936935918368003e-23, nan 
3.125, -64.625, 2.744085778075808e-23, nan 
3.375, -64.625, 2.28284945607916e-23, nan 
3.625, -64.625, 1.0345391002200467e-23, nan 
3.875, -64.625, 1.0552044560982698e-23, nan 
4.125, -64.625, 1.489820778062724e-23, nan 
4.375, -64.625, 4.171361839670989e-23, nan 
4.625, -64.625, 7.833845276029556e-24, nan 
4.875, -64.625, 9.75334657209777e-24, nan 
5.125, -64.625, 1.225502845924828e-23, nan 
5.375, -64.625, 1.4239305295896227e-23, nan 
-29.625, -64.375, 5.57904315100613e-22, nan 
-29.375, -64.375, 5.662412587506437e-22, nan 
-29.125, -64.375, 7.801607358270437e-22, nan 
-28.875, -64.375, 6.80844845776905e-22, nan 
-28.625, -64.375, 6.4055654680214755e-22, nan 
-28.375, -64.375, 8.762446961347964e-22, nan 
-28.125, -64.375, 9.973733911335702e-22, nan 
-27.875, -64.375, 1.262510345210504e-21, nan 
-27.625, -64.375, 1.6870386457347963e-21, nan 
-27.375, -64.375, 1.6819440321188898e-21, nan 
-27.125, -64.375, 3.430080965428043e-21, nan 
-26.875, -64.375, 3.515116296067238e-21, nan 
-26.625, -64.375, 3.969293795380253e-21, nan 
-26.375, -64.375, 3.362004925991086e-21, nan 
-26.125, -64.375, 2.8063587679385506e-21, nan 
-25.875, -64.375, 3.682284735788601e-21, nan 
-25.625, -64.375, 3.5410197825102746e-21, nan 
-25.375, -64.375, 4.103716503360814e-21, nan 
-25.125, -64.375, 5.508635448878867e-21, nan 
-24.875, -64.375, 3.91179503467535e-21, nan 
-24.625, -64.375, 1.961950856365855e-21, nan 
-24.375, -64.375, 3.6177916022670836e-21, nan 
-24.125, -64.375, 3.3869642266943637e-21, nan 
-23.875, -64.375, 2.7749226798876905e-21, nan 
-23.625, -64.375, 2.811136144092366e-21, nan 
-23.375, -64.375, 2.4429255554511165e-21, nan 
-23.125, -64.375, 1.571988034221597e-21, nan 
-22.875, -64.375, 5.756341839215781e-22, nan 
-22.625, -64.375, 5.355545783471489e-22, nan 
-22.375, -64.375, 7.477410526647778e-22, nan 
-22.125, -64.375, 5.886562317263993e-22, nan 
-21.875, -64.375, 4.97438830470418e-22, nan 
-21.625, -64.375, 3.483946858550308e-22, nan 
-21.375, -64.375, 2.772349462020583e-22, nan 
-21.125, -64.375, 3.095149539613692e-22, nan 
-20.875, -64.375, 4.942383437021061e-22, nan 
-20.625, -64.375, 3.9145180343210357e-22, nan 
-20.375, -64.375, 3.2350259846787086e-22, nan 
-20.125, -64.375, 1.1365050906307088e-22, nan 
-19.875, -64.375, 9.528512135650007e-23, nan 
-19.625, -64.375, 8.763283904436373e-23, nan 
-19.375, -64.375, 8.470045478051595e-23, nan 
-19.125, -64.375, 4.724607623708064e-23, nan 
-18.875, -64.375, 2.2326023780340754e-23, nan 
-18.625, -64.375, 2.5428768392492005e-23, nan 
-18.375, -64.375, 9.501177778680618e-24, nan 
-18.125, -64.375, 3.180488211065964e-23, nan 
-17.875, -64.375, 6.877955148746074e-23, nan 
-17.625, -64.375, 5.1410756002142554e-23, nan 
-17.375, -64.375, 6.479782818147209e-23, nan 
-17.125, -64.375, 1.4534974629381413e-22, nan 
-16.875, -64.375, 7.956037293130515e-23, nan 
-16.625, -64.375, 6.329363261470336e-23, nan 
-16.375, -64.375, 5.490840928487959e-23, nan 
-16.125, -64.375, 5.571593515704779e-23, nan 
-15.875, -64.375, 7.713119460499169e-23, nan 
-15.625, -64.375, 4.732360318546246e-23, nan 
-15.375, -64.375, 5.411227091882912e-23, nan 
-15.125, -64.375, 7.501396443880303e-23, nan 
-14.875, -64.375, 2.414632134842632e-22, nan 
-14.625, -64.375, 2.370169912017342e-22, nan 
-14.375, -64.375, 2.2999623374047866e-22, nan 
-14.125, -64.375, 1.6505170429587428e-22, nan 
-13.875, -64.375, 6.575459746190528e-23, nan 
-13.625, -64.375, 5.664551832667172e-23, nan 
-13.375, -64.375, 7.289145086461211e-23, nan 
-13.125, -64.375, 8.935363377127963e-23, nan 
-12.875, -64.375, 9.016285803638132e-23, nan 
-12.625, -64.375, 5.02707647603766e-23, nan 
-12.375, -64.375, 2.5373322190047866e-23, nan 
-12.125, -64.375, 1.5885546826487335e-23, nan 
-11.875, -64.375, 1.8459292551113423e-23, nan 
-11.625, -64.375, 1.7411498618388783e-23, nan 
-11.375, -64.375, 1.1840653278199686e-23, nan 
-11.125, -64.375, 5.928076027276105e-24, nan 
-10.875, -64.375, 3.1013684686717537e-24, nan 
-10.625, -64.375, 2.02897706751725e-24, nan 
-10.375, -64.375, 1.9962959708957347e-24, nan 
-10.125, -64.375, 1.0699199254801516e-23, nan 
-9.875, -64.375, 1.4512760735889636e-23, nan 
-9.625, -64.375, 1.3976100936879174e-23, nan 
-9.375, -64.375, 1.5058905665410033e-23, nan 
-9.125, -64.375, 2.408290883004439e-23, nan 
-8.875, -64.375, 5.401186939969835e-24, nan 
-8.625, -64.375, 5.80936651669802e-24, nan 
-8.375, -64.375, 9.010218918747211e-24, nan 
-8.125, -64.375, 3.3552876888406436e-24, nan 
-7.875, -64.375, 2.681163162911784e-24, nan 
-7.625, -64.375, 2.1859705325127865e-24, nan 
-7.375, -64.375, 9.342061493191845e-24, nan 
-7.125, -64.375, 1.4353006048543998e-23, nan 
-6.875, -64.375, 9.667498330455316e-24, nan 
-6.625, -64.375, 1.2019957415998093e-23, nan 
-6.375, -64.375, 2.0176290379723312e-23, nan 
-6.125, -64.375, 2.0028739717533545e-23, nan 
-5.875, -64.375, 6.43856821786978e-23, nan 
-5.625, -64.375, 8.122890744963854e-23, nan 
-5.375, -64.375, 9.122502070358685e-23, nan 
-5.125, -64.375, 1.1668041786615064e-22, nan 
-4.875, -64.375, 9.765260329897894e-23, nan 
-4.625, -64.375, 8.550227890787659e-23, nan 
-4.375, -64.375, 5.843593956664203e-23, nan 
-4.125, -64.375, 3.365570714125549e-23, nan 
-3.875, -64.375, 1.0845273418499913e-22, nan 
-3.625, -64.375, 1.2687693833913995e-22, nan 
-3.375, -64.375, 1.491199709122018e-22, nan 
-3.125, -64.375, 1.159576857038688e-22, nan 
-2.875, -64.375, 1.2711705868660597e-22, nan 
-2.625, -64.375, 1.3004440381902083e-22, nan 
-2.375, -64.375, 5.218921495679888e-23, nan 
-2.125, -64.375, 2.1656406510891955e-23, nan 
-1.875, -64.375, 2.261082624976838e-23, nan 
-1.625, -64.375, 2.3262285569434193e-23, nan 
-1.375, -64.375, 1.9424153266051116e-23, nan 
-1.125, -64.375, 1.3498042279081713e-23, nan 
-0.875, -64.375, 2.953229479361628e-23, nan 
-0.625, -64.375, 2.2177342082100357e-23, nan 
-0.375, -64.375, 2.433121534169722e-23, nan 
-0.125, -64.375, 1.845749685739444e-23, nan 
0.125, -64.375, 1.7681438998053016e-23, nan 
0.375, -64.375, 1.5527769442881606e-23, nan 
0.625, -64.375, 1.290927228821423e-23, nan 
0.875, -64.375, 6.380254592146893e-24, nan 
1.125, -64.375, 1.2155031739222974e-23, nan 
1.375, -64.375, 1.4180254855539184e-23, nan 
1.625, -64.375, 2.742420412392526e-23, nan 
1.875, -64.375, 1.9557340195425234e-23, nan 
2.125, -64.375, 2.0692072222876004e-23, nan 
2.375, -64.375, 2.6272673930017044e-23, nan 
2.625, -64.375, 1.4014684898584603e-23, nan 
2.875, -64.375, 2.367738865275793e-23, nan 
3.125, -64.375, 3.426671482064976e-23, nan 
3.375, -64.375, 2.212576650838518e-23, nan 
3.625, -64.375, 3.1231003627336156e-23, nan 
3.875, -64.375, 1.537024229816348e-23, nan 
4.125, -64.375, 1.762142587897589e-23, nan 
4.375, -64.375, 6.200225679773522e-23, nan 
4.625, -64.375, 8.797843802400641e-24, nan 
4.875, -64.375, 1.2062179427219524e-23, nan 
5.125, -64.375, 2.4655115572745647e-23, nan 
5.375, -64.375, 1.4675806730493722e-23, nan 
-29.375, -64.125, 6.804207629128395e-22, nan 
-29.125, -64.125, 8.061976617345079e-22, nan 
-28.875, -64.125, 7.644091187885165e-22, nan 
-28.625, -64.125, 8.740991888085393e-22, nan 
-28.375, -64.125, 1.3514212183216526e-21, nan 
-28.125, -64.125, 8.782587261463003e-22, nan 
-27.875, -64.125, 9.6129316293696e-22, nan 
-27.625, -64.125, 1.0800135834677613e-21, nan 
-27.375, -64.125, 8.898031381218108e-22, nan 
-27.125, -64.125, 1.0118435326167951e-21, nan 
-26.875, -64.125, 1.6834433674195538e-21, nan 
-26.625, -64.125, 1.473038725656971e-21, nan 
-26.375, -64.125, 1.3264568892391752e-21, nan 
-26.125, -64.125, 1.6698615685478422e-21, nan 
-25.875, -64.125, 1.721111863615732e-21, nan 
-25.625, -64.125, 1.4496573916816461e-21, nan 
-25.375, -64.125, 1.686016933204791e-21, nan 
-25.125, -64.125, 1.0140310089426263e-21, nan 
-24.875, -64.125, 8.16431225641173e-22, nan 
-24.625, -64.125, 6.066311031655389e-22, nan 
-24.375, -64.125, 1.6774699893165801e-21, nan 
-24.125, -64.125, 1.8013670391082257e-21, nan 
-23.875, -64.125, 2.043570648833724e-21, nan 
-23.625, -64.125, 1.4179837911321348e-21, nan 
-23.375, -64.125, 1.3093719328748176e-21, nan 
-23.125, -64.125, 1.0367600929816292e-21, nan 
-22.875, -64.125, 6.348857181454014e-22, nan 
-22.625, -64.125, 9.625641958602225e-22, nan 
-22.375, -64.125, 8.223506533793808e-22, nan 
-22.125, -64.125, 7.257181368773588e-22, nan 
-21.875, -64.125, 7.061224435214235e-22, nan 
-21.625, -64.125, 8.204282153250722e-22, nan 
-21.375, -64.125, 7.593479082184082e-22, nan 
-21.125, -64.125, 4.990257676237581e-22, nan 
-20.875, -64.125, 5.685607004002036e-22, nan 
-20.625, -64.125, 4.655123927089289e-22, nan 
-20.375, -64.125, 3.5704927142924777e-22, nan 
-20.125, -64.125, 3.6560704012388897e-22, nan 
-19.875, -64.125, 1.8823367120035803e-22, nan 
-19.625, -64.125, 1.387479619961792e-22, nan 
-19.375, -64.125, 3.8622677330942177e-23, nan 
-19.125, -64.125, 1.9373678078430173e-23, nan 
-18.875, -64.125, 2.0719692278860714e-23, nan 
-18.625, -64.125, 3.8049541635101766e-23, nan 
-18.375, -64.125, 4.2055911230935046e-23, nan 
-18.125, -64.125, 3.013547674609219e-23, nan 
-17.875, -64.125, 3.126264521219567e-23, nan 
-17.625, -64.125, 3.9761531566120427e-23, nan 
-17.375, -64.125, 4.696288679405561e-23, nan 
-17.125, -64.125, 5.602426513649783e-23, nan 
-16.875, -64.125, 4.2752790794328486e-23, nan 
-16.625, -64.125, 4.1778700105219734e-23, nan 
-16.375, -64.125, 3.1288533296162923e-23, nan 
-16.125, -64.125, 4.0798947951800404e-23, nan 
-15.875, -64.125, 6.543764497448945e-23, nan 
-15.625, -64.125, 5.78985235901756e-23, nan 
-15.375, -64.125, 5.147883968049285e-23, nan 
-15.125, -64.125, 4.732682557573383e-23, nan 
-14.875, -64.125, 4.057331282092333e-23, nan 
-14.625, -64.125, 4.437109816594366e-23, nan 
-14.375, -64.125, 3.9368323031165027e-23, nan 
-14.125, -64.125, 6.055371086754718e-23, nan 
-13.875, -64.125, 4.776424254465016e-23, nan 
-13.625, -64.125, 2.7703898921677763e-23, nan 
-13.375, -64.125, 6.73720853196726e-23, nan 
-13.125, -64.125, 9.750328830953747e-23, nan 
-12.875, -64.125, 9.166985856943712e-23, nan 
-12.625, -64.125, 5.513977393795528e-23, nan 
-12.375, -64.125, 6.041685846378984e-23, nan 
-12.125, -64.125, 5.453076352036789e-23, nan 
-11.875, -64.125, 3.146894528162572e-23, nan 
-11.625, -64.125, 1.9433042116953528e-23, nan 
-11.375, -64.125, 1.3246582850938116e-23, nan 
-11.125, -64.125, 1.4539528085901814e-23, nan 
-10.875, -64.125, 1.1475391784233384e-23, nan 
-10.625, -64.125, 8.136330033874586e-24, nan 
-10.375, -64.125, 2.3806152032526316e-24, nan 
-10.125, -64.125, 2.220691581870671e-24, nan 
-9.875, -64.125, 2.0082131055219897e-24, nan 
-9.625, -64.125, 2.8516788044477114e-24, nan 
-9.375, -64.125, 9.09082931065205e-24, nan 
-9.125, -64.125, 1.2409384232922326e-23, nan 
-8.875, -64.125, 3.5279140599906094e-24, nan 
-8.625, -64.125, 2.8138399450795834e-24, nan 
-8.375, -64.125, 2.5713509396683445e-24, nan 
-8.125, -64.125, 1.103711745211354e-24, nan 
-7.875, -64.125, 3.077604403066958e-24, nan 
-7.625, -64.125, 1.888330994621754e-24, nan 
-7.375, -64.125, 5.526755117528509e-24, nan 
-7.125, -64.125, 1.246497838843516e-23, nan 
-6.875, -64.125, 5.999773140593345e-24, nan 
-6.625, -64.125, 5.820052266422334e-24, nan 
-6.375, -64.125, 1.5216066617406216e-23, nan 
-6.125, -64.125, 1.6003381000016386e-23, nan 
-5.875, -64.125, 7.952733532786994e-24, nan 
-5.625, -64.125, 7.487856558759309e-23, nan 
-5.375, -64.125, 9.842874469745034e-23, nan 
-5.125, -64.125, 9.682103226305922e-23, nan 
-4.875, -64.125, 1.2106362671367612e-22, nan 
-4.625, -64.125, 1.2709937484843846e-22, nan 
-4.375, -64.125, 1.1273498485860687e-22, nan 
-4.125, -64.125, 1.106393361603816e-22, nan 
-3.875, -64.125, 1.1889885959218545e-22, nan 
-3.625, -64.125, 1.0418332164307744e-22, nan 
-3.375, -64.125, 1.2172627502206555e-22, nan 
-3.125, -64.125, 1.1127027239273412e-22, nan 
-2.875, -64.125, 8.902758368183508e-23, nan 
-2.625, -64.125, 6.880054638445339e-23, nan 
-2.375, -64.125, 3.82127080518387e-23, nan 
-2.125, -64.125, 2.066050156611393e-23, nan 
-1.875, -64.125, 1.2649128138265498e-23, nan 
-1.625, -64.125, 1.0337406212623109e-23, nan 
-1.375, -64.125, 4.016298036583781e-24, nan 
-1.125, -64.125, 4.768667496978434e-24, nan 
-0.875, -64.125, 5.7951098101072926e-24, nan 
-0.625, -64.125, 1.0405863965663199e-23, nan 
-0.375, -64.125, 1.0865555942823198e-23, nan 
-0.125, -64.125, 7.078966923731317e-24, nan 
0.125, -64.125, 1.6306297003212111e-23, nan 
0.375, -64.125, 1.2289552889700263e-23, nan 
0.625, -64.125, 1.2516231852764344e-23, nan 
0.875, -64.125, 1.8288705890988854e-23, nan 
1.125, -64.125, 1.6833948145062515e-23, nan 
1.375, -64.125, 1.244224453148887e-23, nan 
1.625, -64.125, 2.771690338649821e-23, nan 
1.875, -64.125, 2.2763889854656333e-23, nan 
2.125, -64.125, 1.0207375597801838e-23, nan 
2.375, -64.125, 6.197115192149101e-24, nan 
2.625, -64.125, 1.3435831500290018e-23, nan 
2.875, -64.125, 1.4268710604501012e-23, nan 
3.125, -64.125, 1.9830311092710828e-23, nan 
3.375, -64.125, 1.7860648270317402e-23, nan 
3.625, -64.125, 1.0621482105902391e-23, nan 
3.875, -64.125, 1.2078981198125792e-23, nan 
4.125, -64.125, 1.1990227323854352e-23, nan 
4.375, -64.125, 3.036378246578312e-23, nan 
4.625, -64.125, 6.931156882483138e-24, nan 
4.875, -64.125, 8.264523786862864e-24, nan 
5.125, -64.125, 7.073287739999039e-24, nan 
5.375, -64.125, 7.661270128924712e-24, nan 
-28.875, -63.875, 8.1433886743248155e-22, nan 
-28.625, -63.875, 7.65329833168402e-22, nan 
-28.375, -63.875, 1.442827457284295e-21, nan 
-28.125, -63.875, 6.403838495251511e-22, nan 
-27.875, -63.875, 3.09600360442331e-22, nan 
-27.625, -63.875, 4.0418870322915704e-22, nan 
-27.375, -63.875, 3.527223662701213e-22, nan 
-27.125, -63.875, 6.564825104954023e-22, nan 
-26.875, -63.875, 2.62712240962812e-22, nan 
-26.625, -63.875, 3.207312357593366e-22, nan 
-26.375, -63.875, 4.622379498553205e-22, nan 
-26.125, -63.875, 3.0498479691675667e-22, nan 
-25.875, -63.875, 7.037343592456258e-22, nan 
-25.625, -63.875, 6.5674239251222415e-22, nan 
-25.375, -63.875, 7.238347915649245e-22, nan 
-25.125, -63.875, 1.0434822658964986e-21, nan 
-24.875, -63.875, 1.0475781511069584e-21, nan 
-24.625, -63.875, 1.6165484299975049e-21, nan 
-24.375, -63.875, 1.46651906522446e-21, nan 
-24.125, -63.875, 1.1032728617689617e-21, nan 
-23.875, -63.875, 1.1416957953944106e-21, nan 
-23.625, -63.875, 7.024303164821623e-22, nan 
-23.375, -63.875, 4.891738323840072e-22, nan 
-23.125, -63.875, 5.257889455627421e-22, nan 
-22.875, -63.875, 5.818898716814356e-22, nan 
-22.625, -63.875, 5.8105363847785385e-22, nan 
-22.375, -63.875, 4.734883918422041e-22, nan 
-22.125, -63.875, 4.621473073435472e-22, nan 
-21.875, -63.875, 4.7519956203746715e-22, nan 
-21.625, -63.875, 5.401737026209796e-22, nan 
-21.375, -63.875, 5.374703679054598e-22, nan 
-21.125, -63.875, 3.780458354825564e-22, nan 
-20.875, -63.875, 3.2745549127665156e-22, nan 
-20.625, -63.875, 4.3888863574746095e-22, nan 
-20.375, -63.875, 3.5809060147618915e-22, nan 
-20.125, -63.875, 3.4517293128017104e-22, nan 
-19.875, -63.875, 2.862505575795552e-22, nan 
-19.625, -63.875, 2.240482665311628e-22, nan 
-19.375, -63.875, 1.4280188985395828e-22, nan 
-19.125, -63.875, 3.080078700408339e-23, nan 
-18.875, -63.875, 2.682980086801577e-23, nan 
-18.625, -63.875, 3.2264880835545067e-23, nan 
-18.375, -63.875, 3.7536167284910543e-23, nan 
-18.125, -63.875, 2.7094470225353136e-23, nan 
-17.875, -63.875, 2.4969053407299543e-23, nan 
-17.625, -63.875, 3.0095876406735934e-23, nan 
-17.375, -63.875, 3.235168198741541e-23, nan 
-17.125, -63.875, 2.4351211348185932e-23, nan 
-16.875, -63.875, 2.792119373266133e-23, nan 
-16.625, -63.875, 3.243617624770195e-23, nan 
-16.375, -63.875, 2.9320245821395576e-23, nan 
-16.125, -63.875, 2.542421901547117e-23, nan 
-15.875, -63.875, 2.2108350812520033e-23, nan 
-15.625, -63.875, 4.7278243714298016e-23, nan 
-15.375, -63.875, 3.0685812741562014e-23, nan 
-15.125, -63.875, 3.730324673909721e-23, nan 
-14.875, -63.875, 3.384490731971036e-23, nan 
-14.625, -63.875, 3.209112755694073e-23, nan 
-14.375, -63.875, 2.4048387427617357e-23, nan 
-14.125, -63.875, 4.961891366415568e-23, nan 
-13.875, -63.875, 3.954901293242353e-23, nan 
-13.625, -63.875, 2.539431956840192e-23, nan 
-13.375, -63.875, 3.376994728584916e-23, nan 
-13.125, -63.875, 4.9320019636097584e-23, nan 
-12.875, -63.875, 5.160554768283885e-23, nan 
-12.625, -63.875, 4.736525599315961e-23, nan 
-12.375, -63.875, 4.196439885652175e-23, nan 
-12.125, -63.875, 4.127104540342695e-23, nan 
-11.875, -63.875, 3.7289189092201215e-23, nan 
-11.625, -63.875, 3.207555765067248e-23, nan 
-11.375, -63.875, 1.3199409114172572e-23, nan 
-11.125, -63.875, 1.5817129445714772e-23, nan 
-10.875, -63.875, 1.1439957993649417e-23, nan 
-10.625, -63.875, 9.10684505976627e-24, nan 
-10.375, -63.875, 6.7272991490372e-24, nan 
-10.125, -63.875, 5.0741428738874494e-24, nan 
-9.875, -63.875, 4.7476603591532545e-24, nan 
-9.625, -63.875, 1.971292794131969e-24, nan 
-9.375, -63.875, 1.696495772230512e-24, nan 
-9.125, -63.875, 1.261056865001153e-24, nan 
-8.875, -63.875, 2.3197841246142184e-24, nan 
-8.625, -63.875, 2.116358753536288e-24, nan 
-8.375, -63.875, 1.3245378848284929e-24, nan 
-8.125, -63.875, 3.543785236028375e-24, nan 
-7.875, -63.875, 5.830928522710787e-24, nan 
-7.625, -63.875, 2.7032851491423224e-24, nan 
-7.375, -63.875, 6.493282789757835e-24, nan 
-7.125, -63.875, 7.810594244746175e-24, nan 
-6.875, -63.875, 4.966768501828203e-24, nan 
-6.625, -63.875, 6.168792983418073e-24, nan 
-6.375, -63.875, 1.0777340862053464e-23, nan 
-6.125, -63.875, 7.790674606909657e-24, nan 
-5.875, -63.875, 4.811014105893135e-24, nan 
-5.625, -63.875, 8.115416664211642e-24, nan 
-5.375, -63.875, 1.5680046647830766e-23, nan 
-5.125, -63.875, 2.5485736580870923e-23, nan 
-4.875, -63.875, 9.978032295665629e-23, nan 
-4.625, -63.875, 9.444721202823898e-23, nan 
-4.375, -63.875, 8.273491382980903e-23, nan 
-4.125, -63.875, 9.721258198168422e-23, nan 
-3.875, -63.875, 1.0257527422773414e-22, nan 
-3.625, -63.875, 8.44411756502631e-23, nan 
-3.375, -63.875, 6.168124283068898e-23, nan 
-3.125, -63.875, 7.169139995544751e-23, nan 
-2.875, -63.875, 6.027742061207328e-23, nan 
-2.625, -63.875, 2.693475674041353e-23, nan 
-2.375, -63.875, 1.5997553983463543e-23, nan 
-2.125, -63.875, 1.7937863756675047e-23, nan 
-1.875, -63.875, 1.306578319361773e-23, nan 
-1.625, -63.875, 6.692706170551337e-24, nan 
-1.375, -63.875, 5.508406454062301e-24, nan 
-1.125, -63.875, 4.0990883285047884e-24, nan 
-0.875, -63.875, 5.584447079934153e-24, nan 
-0.625, -63.875, 8.929080413546725e-24, nan 
-0.375, -63.875, 7.69325797187612e-24, nan 
-0.125, -63.875, 9.419282848142033e-24, nan 
0.125, -63.875, 1.1918365244405755e-23, nan 
0.375, -63.875, 6.081459046656332e-24, nan 
0.625, -63.875, 9.608326353014388e-24, nan 
0.875, -63.875, 1.5506305954478653e-23, nan 
1.125, -63.875, 1.4804304733647092e-23, nan 
1.375, -63.875, 1.057209586444048e-23, nan 
1.625, -63.875, 1.2391928167486556e-23, nan 
1.875, -63.875, 1.9489749828925865e-23, nan 
2.125, -63.875, 1.279555648549247e-23, nan 
2.375, -63.875, 2.7942131295761463e-24, nan 
2.625, -63.875, 9.464832625056848e-24, nan 
2.875, -63.875, 5.812829849463047e-24, nan 
3.125, -63.875, 2.0343168078618314e-23, nan 
3.375, -63.875, 4.3858219971547754e-23, nan 
3.625, -63.875, 3.0719154311444247e-23, nan 
3.875, -63.875, 8.33327487378451e-24, nan 
4.125, -63.875, 6.804907170929628e-24, nan 
4.375, -63.875, 6.780241928496751e-24, nan 
4.625, -63.875, 5.29841003868874e-24, nan 
4.875, -63.875, 5.655662813206946e-24, nan 
5.125, -63.875, 5.747949704978223e-24, nan 
-28.625, -63.625, 6.177985934654858e-22, nan 
-28.375, -63.625, 9.875045193697055e-22, nan 
-28.125, -63.625, 3.2163364489508205e-22, nan 
-27.875, -63.625, 5.787310266079827e-22, nan 
-27.625, -63.625, 5.127364446691686e-22, nan 
-27.375, -63.625, 1.6380483296276802e-22, nan 
-27.125, -63.625, 8.51695885031761e-22, nan 
-26.875, -63.625, 2.3367595834564185e-22, nan 
-26.625, -63.625, 1.419115444435913e-22, nan 
-26.375, -63.625, 2.9624568752264956e-22, nan 
-26.125, -63.625, 3.4679374301724595e-22, nan 
-25.875, -63.625, 3.115087886055406e-22, nan 
-25.625, -63.625, 2.753305666863061e-22, nan 
-25.375, -63.625, 4.716712886655782e-22, nan 
-25.125, -63.625, 7.520436115177634e-22, nan 
-24.875, -63.625, 7.020755403906298e-22, nan 
-24.625, -63.625, 6.756657096178161e-22, nan 
-24.375, -63.625, 6.535118596005859e-22, nan 
-24.125, -63.625, 5.887179354917118e-22, nan 
-23.875, -63.625, 4.0178500837984542e-22, nan 
-23.625, -63.625, 3.228027286365409e-22, nan 
-23.375, -63.625, 2.93030223572959e-22, nan 
-23.125, -63.625, 3.8801357267192553e-22, nan 
-22.875, -63.625, 3.956632666565431e-22, nan 
-22.625, -63.625, 2.2725546540656736e-22, nan 
-22.375, -63.625, 1.5899096341806313e-22, nan 
-22.125, -63.625, 1.638671795068692e-22, nan 
-21.875, -63.625, 1.9784669350920414e-22, nan 
-21.625, -63.625, 1.450770352843006e-22, nan 
-21.375, -63.625, 1.0706397687900334e-22, nan 
-21.125, -63.625, 1.669613730460802e-22, nan 
-20.875, -63.625, 2.0452193555065055e-22, nan 
-20.625, -63.625, 2.4073938763820486e-22, nan 
-20.375, -63.625, 2.6074926290571413e-22, nan 
-20.125, -63.625, 1.811472297523729e-22, nan 
-19.875, -63.625, 1.8516200900013201e-22, nan 
-19.625, -63.625, 1.943519715354914e-22, nan 
-19.375, -63.625, 1.3242143811890067e-22, nan 
-19.125, -63.625, 7.969163743584212e-23, nan 
-18.875, -63.625, 4.5675668001234647e-23, nan 
-18.625, -63.625, 2.368844768691007e-23, nan 
-18.375, -63.625, 3.298390217789447e-23, nan 
-18.125, -63.625, 1.644541515658442e-23, nan 
-17.875, -63.625, 1.4603270314269082e-23, nan 
-17.625, -63.625, 2.3773933098765214e-23, nan 
-17.375, -63.625, 3.330826837937757e-23, nan 
-17.125, -63.625, 4.3672674105437055e-23, nan 
-16.875, -63.625, 3.5733928174723157e-23, nan 
-16.625, -63.625, 2.6769884274787704e-23, nan 
-16.375, -63.625, 2.1865902143281132e-23, nan 
-16.125, -63.625, 2.2641864760473785e-23, nan 
-15.875, -63.625, 3.492824958483726e-23, nan 
-15.625, -63.625, 3.035614273859569e-23, nan 
-15.375, -63.625, 3.14401676419298e-23, nan 
-15.125, -63.625, 2.793830988872357e-23, nan 
-14.875, -63.625, 3.93154739412829e-23, nan 
-14.625, -63.625, 3.9518140768081665e-23, nan 
-14.375, -63.625, 4.272790254182217e-23, nan 
-14.125, -63.625, 4.5093319080625606e-23, nan 
-13.875, -63.625, 3.9778584642624224e-23, nan 
-13.625, -63.625, 2.911500917063688e-23, nan 
-13.375, -63.625, 2.7096469919781193e-23, nan 
-13.125, -63.625, 3.7863855091259456e-23, nan 
-12.875, -63.625, 3.319559464888421e-23, nan 
-12.625, -63.625, 3.1901944539954733e-23, nan 
-12.375, -63.625, 1.8628137928561838e-23, nan 
-12.125, -63.625, 2.716393942729786e-23, nan 
-11.875, -63.625, 3.199481810054273e-23, nan 
-11.625, -63.625, 2.780637805532093e-23, nan 
-11.375, -63.625, 1.8424892808182198e-23, nan 
-11.125, -63.625, 2.2989061597755265e-23, nan 
-10.875, -63.625, 2.0574545947599187e-23, nan 
-10.625, -63.625, 1.1019104741131686e-23, nan 
-10.375, -63.625, 8.7723107243028e-24, nan 
-10.125, -63.625, 7.809383440249159e-24, nan 
-9.875, -63.625, 4.340188327087752e-24, nan 
-9.625, -63.625, 1.486376958711368e-24, nan 
-9.375, -63.625, 6.573621366033417e-24, nan 
-9.125, -63.625, 2.0055805366927675e-23, nan 
-8.875, -63.625, 1.2852719561580286e-24, nan 
-8.625, -63.625, 1.6222178389281347e-24, nan 
-8.375, -63.625, 1.500887591427494e-24, nan 
-8.125, -63.625, 7.144989170312719e-25, nan 
-7.875, -63.625, 2.6802758312405308e-24, nan 
-7.625, -63.625, 2.9069860631100176e-24, nan 
-7.375, -63.625, 7.794446002757611e-24, nan 
-7.125, -63.625, 5.4743099266146175e-24, nan 
-6.875, -63.625, 3.416175750517271e-24, nan 
-6.625, -63.625, 5.205370700238676e-24, nan 
-6.375, -63.625, 8.710388184171548e-24, nan 
-6.125, -63.625, 7.024713608353988e-24, nan 
-5.875, -63.625, 7.420591960655077e-24, nan 
-5.625, -63.625, 1.397323267651925e-23, nan 
-5.375, -63.625, 7.602342690258296e-24, nan 
-5.125, -63.625, 4.545934122422998e-24, nan 
-4.875, -63.625, 1.394002641383712e-23, nan 
-4.625, -63.625, 9.603947777151713e-24, nan 
-4.375, -63.625, 2.991533870599901e-23, nan 
-4.125, -63.625, 4.4700223375592096e-23, nan 
-3.875, -63.625, 4.644572748430011e-23, nan 
-3.625, -63.625, 4.368725692423137e-23, nan 
-3.375, -63.625, 1.7715833258779398e-23, nan 
-3.125, -63.625, 1.8701140494637082e-23, nan 
-2.875, -63.625, 1.9047351408028956e-23, nan 
-2.625, -63.625, 1.7009918858806617e-23, nan 
-2.375, -63.625, 7.815458225519642e-24, nan 
-2.125, -63.625, 1.5366923386397073e-23, nan 
-1.875, -63.625, 1.090693261328825e-23, nan 
-1.625, -63.625, 9.69228616197537e-24, nan 
-1.375, -63.625, 1.340249720448041e-23, nan 
-1.125, -63.625, 1.0337766161828367e-23, nan 
-0.875, -63.625, 1.2261594906941348e-23, nan 
-0.625, -63.625, 1.083764661861695e-23, nan 
-0.375, -63.625, 7.462555952959062e-24, nan 
-0.125, -63.625, 1.0157722359793144e-23, nan 
0.125, -63.625, 1.3172999650223682e-23, nan 
0.375, -63.625, 5.603657216348619e-24, nan 
0.625, -63.625, 9.24387733492605e-24, nan 
0.875, -63.625, 1.1814878200899809e-23, nan 
1.125, -63.625, 9.95705784451537e-24, nan 
1.375, -63.625, 1.0141560394326975e-23, nan 
1.625, -63.625, 7.66589808318804e-24, nan 
1.875, -63.625, 1.1440530947065225e-23, nan 
2.125, -63.625, 8.002891862170435e-24, nan 
2.375, -63.625, 1.33379977021985e-23, nan 
2.625, -63.625, 2.7931263269449347e-23, nan 
2.875, -63.625, 1.5638261627080606e-23, nan 
3.125, -63.625, 3.9596064723716976e-23, nan 
3.375, -63.625, 6.088576430550237e-23, nan 
3.625, -63.625, 4.5935578738982956e-23, nan 
3.875, -63.625, 1.9450118939522924e-23, nan 
4.125, -63.625, 3.187413893785173e-23, nan 
4.375, -63.625, 2.2247579158555227e-23, nan 
4.625, -63.625, 5.7984144561330364e-24, nan 
4.875, -63.625, 1.028859801088587e-23, nan 
5.125, -63.625, 1.0776778563345302e-23, nan 
-28.125, -63.375, 6.232299732853568e-22, nan 
-27.875, -63.375, 2.2343182615225177e-22, nan 
-27.625, -63.375, 2.8380874048831613e-22, nan 
-27.375, -63.375, 3.91317292171779e-22, nan 
-27.125, -63.375, 4.407839368225478e-22, nan 
-26.875, -63.375, 2.916641647456334e-22, nan 
-26.625, -63.375, 2.9994822243300133e-22, nan 
-26.375, -63.375, 3.4387468781756426e-22, nan 
-26.125, -63.375, 3.064645376717541e-22, nan 
-25.875, -63.375, 2.0770901594716687e-22, nan 
-25.625, -63.375, 2.3461132347865018e-22, nan 
-25.375, -63.375, 2.8572872533219333e-22, nan 
-25.125, -63.375, 3.594716187862121e-22, nan 
-24.875, -63.375, 2.421830739396459e-22, nan 
-24.625, -63.375, 2.5384649596082846e-22, nan 
-24.375, -63.375, 2.887368729377969e-22, nan 
-24.125, -63.375, 1.8309184219833403e-22, nan 
-23.875, -63.375, 2.251695394066796e-22, nan 
-23.625, -63.375, 2.0821887910967292e-22, nan 
-23.375, -63.375, 1.688970720399565e-22, nan 
-23.125, -63.375, 4.7165794043057636e-23, nan 
-22.875, -63.375, 6.705860196550934e-23, nan 
-22.625, -63.375, 5.302402559097742e-23, nan 
-22.375, -63.375, 4.261248227743699e-23, nan 
-22.125, -63.375, 7.453002355262234e-23, nan 
-21.875, -63.375, 1.5912215261188941e-22, nan 
-21.625, -63.375, 1.8292765318141965e-22, nan 
-21.375, -63.375, 1.8133170563106514e-22, nan 
-21.125, -63.375, 1.9737826788724945e-22, nan 
-20.875, -63.375, 1.887023622620277e-22, nan 
-20.625, -63.375, 2.0195916756513624e-22, nan 
-20.375, -63.375, 1.4962328716308867e-22, nan 
-20.125, -63.375, 1.0431600926025537e-22, nan 
-19.875, -63.375, 8.971168551608251e-23, nan 
-19.625, -63.375, 9.945468186123825e-23, nan 
-19.375, -63.375, 1.1549449201468764e-22, nan 
-19.125, -63.375, 9.01963795249128e-23, nan 
-18.875, -63.375, 6.47505257394713e-23, nan 
-18.625, -63.375, 6.158985880762066e-23, nan 
-18.375, -63.375, 1.2233790274957103e-22, nan 
-18.125, -63.375, 6.655177308095339e-23, nan 
-17.875, -63.375, 1.9260880596284097e-23, nan 
-17.625, -63.375, 2.4743796605072453e-23, nan 
-17.375, -63.375, 3.9868271802045343e-23, nan 
-17.125, -63.375, 4.849616896787661e-23, nan 
-16.875, -63.375, 4.355131664639759e-23, nan 
-16.625, -63.375, 3.881515552022815e-23, nan 
-16.375, -63.375, 4.827312392360075e-23, nan 
-16.125, -63.375, 4.6163320607873464e-23, nan 
-15.875, -63.375, 4.212269704626921e-23, nan 
-15.625, -63.375, 4.4787348085543735e-23, nan 
-15.375, -63.375, 4.313475072706057e-23, nan 
-15.125, -63.375, 3.986018185860608e-23, nan 
-14.875, -63.375, 3.369792191272724e-23, nan 
-14.625, -63.375, 5.742191270933009e-23, nan 
-14.375, -63.375, 4.094089942482033e-23, nan 
-14.125, -63.375, 2.5900425651968292e-23, nan 
-13.875, -63.375, 1.774139858618049e-23, nan 
-13.625, -63.375, 1.4152400134358777e-23, nan 
-13.375, -63.375, 1.2406225303009943e-23, nan 
-13.125, -63.375, 1.1869428938605236e-23, nan 
-12.875, -63.375, 1.4706558782549265e-23, nan 
-12.625, -63.375, 1.6038306157371043e-23, nan 
-12.375, -63.375, 1.3810744775286425e-23, nan 
-12.125, -63.375, 1.7582280838944993e-23, nan 
-11.875, -63.375, 2.4714919831690505e-23, nan 
-11.625, -63.375, 1.6654985640215368e-23, nan 
-11.375, -63.375, 1.7127472143685912e-23, nan 
-11.125, -63.375, 2.1385433192838138e-23, nan 
-10.875, -63.375, 1.8409340092327e-23, nan 
-10.625, -63.375, 1.0751646878417403e-23, nan 
-10.375, -63.375, 1.021525293942051e-23, nan 
-10.125, -63.375, 1.2933560897886844e-23, nan 
-9.875, -63.375, 1.6107674728947643e-23, nan 
-9.625, -63.375, 2.47638865509466e-24, nan 
-9.375, -63.375, 1.0789902924567513e-23, nan 
-9.125, -63.375, 3.3583633557473884e-23, nan 
-8.875, -63.375, 4.280340688197337e-24, nan 
-8.625, -63.375, 5.997511037320105e-24, nan 
-8.375, -63.375, 1.34059656572386e-23, nan 
-8.125, -63.375, 5.85478135509884e-24, nan 
-7.875, -63.375, 4.560685867455523e-24, nan 
-7.625, -63.375, 4.6408450074895876e-24, nan 
-7.375, -63.375, 9.415201272393973e-24, nan 
-7.125, -63.375, 6.960087283161936e-24, nan 
-6.875, -63.375, 3.29516364891596e-24, nan 
-6.625, -63.375, 4.905169364666412e-24, nan 
-6.375, -63.375, 3.0653036488712597e-24, nan 
-6.125, -63.375, 3.3180493583218414e-24, nan 
-5.875, -63.375, 5.059594823942821e-24, nan 
-5.625, -63.375, 9.982168603667624e-24, nan 
-5.375, -63.375, 6.112203030228266e-24, nan 
-5.125, -63.375, 4.6262355511290805e-24, nan 
-4.875, -63.375, 5.642327255412282e-24, nan 
-4.625, -63.375, 9.766342769234001e-24, nan 
-4.375, -63.375, 1.1779525139665706e-23, nan 
-4.125, -63.375, 1.2391590215073609e-23, nan 
-3.875, -63.375, 1.326442534346258e-23, nan 
-3.625, -63.375, 1.2613582321664974e-23, nan 
-3.375, -63.375, 1.435389641673632e-23, nan 
-3.125, -63.375, 6.46556758724395e-24, nan 
-2.875, -63.375, 1.0325081814979665e-23, nan 
-2.625, -63.375, 7.999681761954895e-24, nan 
-2.375, -63.375, 7.96577751069836e-24, nan 
-2.125, -63.375, 1.1080339933054713e-23, nan 
-1.875, -63.375, 1.0304828252754676e-23, nan 
-1.625, -63.375, 1.2211722074975644e-23, nan 
-1.375, -63.375, 1.1878661902252667e-23, nan 
-1.125, -63.375, 1.01128798195138e-23, nan 
-0.875, -63.375, 1.2593162764874087e-23, nan 
-0.625, -63.375, 4.546735089366469e-24, nan 
-0.375, -63.375, 5.403352575198076e-24, nan 
-0.125, -63.375, 7.064227206301525e-24, nan 
0.125, -63.375, 8.548110690389371e-24, nan 
0.375, -63.375, 8.497128545461946e-24, nan 
0.625, -63.375, 1.3801189650404795e-23, nan 
0.875, -63.375, 5.812968740746662e-24, nan 
1.125, -63.375, 1.0897549081243438e-23, nan 
1.375, -63.375, 1.3075044466959684e-23, nan 
1.625, -63.375, 5.647131075398755e-24, nan 
1.875, -63.375, 7.010149435557881e-24, nan 
2.125, -63.375, 2.2065306262834928e-24, nan 
2.375, -63.375, 3.293120509807197e-23, nan 
2.625, -63.375, 4.3251804788163014e-23, nan 
2.875, -63.375, 3.3912854923925383e-23, nan 
3.125, -63.375, 6.897711371106559e-23, nan 
3.375, -63.375, 8.749404127535221e-23, nan 
3.625, -63.375, 7.519409256515698e-23, nan 
3.875, -63.375, 3.160462320657659e-23, nan 
4.125, -63.375, 4.4018571015001497e-23, nan 
4.375, -63.375, 3.806997612148907e-23, nan 
4.625, -63.375, 7.160632745094704e-24, nan 
4.875, -63.375, 9.932670874468756e-24, nan 
5.125, -63.375, 1.4153796907853885e-23, nan 
-27.875, -63.125, 3.703829307566355e-22, nan 
-27.625, -63.125, 3.442390835126473e-22, nan 
-27.375, -63.125, 2.812755415264564e-22, nan 
-27.125, -63.125, 1.177958859857291e-22, nan 
-26.875, -63.125, 2.1506543414788454e-22, nan 
-26.625, -63.125, 2.1923899937267103e-22, nan 
-26.375, -63.125, 2.091997140091066e-22, nan 
-26.125, -63.125, 2.0783029222928878e-22, nan 
-25.875, -63.125, 1.141593380687201e-22, nan 
-25.625, -63.125, 1.3591834363110192e-22, nan 
-25.375, -63.125, 1.5431255032828675e-22, nan 
-25.125, -63.125, 2.3606272222035125e-22, nan 
-24.875, -63.125, 1.8137201995071134e-22, nan 
-24.625, -63.125, 1.487657905581659e-22, nan 
-24.375, -63.125, 1.8245161658463315e-22, nan 
-24.125, -63.125, 9.304966043314144e-23, nan 
-23.875, -63.125, 2.2915296720719365e-23, nan 
-23.625, -63.125, 5.896456818680187e-23, nan 
-23.375, -63.125, 6.223405565074974e-23, nan 
-23.125, -63.125, 3.9330963144302374e-23, nan 
-22.875, -63.125, 4.2554375821542326e-23, nan 
-22.625, -63.125, 3.596610347917013e-23, nan 
-22.375, -63.125, 5.556538753449173e-23, nan 
-22.125, -63.125, 9.353530914373393e-23, nan 
-21.875, -63.125, 1.1029158347336785e-22, nan 
-21.625, -63.125, 1.218026598068553e-22, nan 
-21.375, -63.125, 9.790033843349638e-23, nan 
-21.125, -63.125, 1.3865844642408943e-22, nan 
-20.875, -63.125, 8.763317458660748e-23, nan 
-20.625, -63.125, 1.0658678260823426e-22, nan 
-20.375, -63.125, 9.27887455261936e-23, nan 
-20.125, -63.125, 1.3178540026043662e-22, nan 
-19.875, -63.125, 1.3004415025820516e-22, nan 
-19.625, -63.125, 7.869297155167663e-23, nan 
-19.375, -63.125, 7.257313451288733e-23, nan 
-19.125, -63.125, 4.313036728953264e-23, nan 
-18.875, -63.125, 5.325465674288208e-23, nan 
-18.625, -63.125, 1.0426235870640749e-22, nan 
-18.375, -63.125, 1.2073944002200696e-22, nan 
-18.125, -63.125, 1.0153285611448795e-22, nan 
-17.875, -63.125, 6.112008573937873e-23, nan 
-17.625, -63.125, 6.41678926192173e-23, nan 
-17.375, -63.125, 3.265210092235785e-23, nan 
-17.125, -63.125, 2.731077175701869e-23, nan 
-16.875, -63.125, 2.6789785799663676e-23, nan 
-16.625, -63.125, 3.254324591011894e-23, nan 
-16.375, -63.125, 4.221851689609727e-23, nan 
-16.125, -63.125, 4.728163657567923e-23, nan 
-15.875, -63.125, 5.716873186298906e-23, nan 
-15.625, -63.125, 5.951301929679018e-23, nan 
-15.375, -63.125, 5.705678242284823e-23, nan 
-15.125, -63.125, 4.080589869270954e-23, nan 
-14.875, -63.125, 4.0468178722995254e-23, nan 
-14.625, -63.125, 5.351296002714015e-23, nan 
-14.375, -63.125, 2.3243196559434638e-23, nan 
-14.125, -63.125, 2.2641252365582352e-23, nan 
-13.875, -63.125, 2.606327207894729e-23, nan 
-13.625, -63.125, 1.9424288621631176e-23, nan 
-13.375, -63.125, 2.329971241227606e-23, nan 
-13.125, -63.125, 2.0344689663051572e-23, nan 
-12.875, -63.125, 2.6829041303752255e-23, nan 
-12.625, -63.125, 2.98795007408217e-23, nan 
-12.375, -63.125, 2.6493362067503786e-23, nan 
-12.125, -63.125, 3.66761463887746e-23, nan 
-11.875, -63.125, 3.4885945357603206e-23, nan 
-11.625, -63.125, 2.2009891700922284e-23, nan 
-11.375, -63.125, 1.8916437623864935e-23, nan 
-11.125, -63.125, 2.6116878794191436e-23, nan 
-10.875, -63.125, 1.9487380116886386e-23, nan 
-10.625, -63.125, 8.078577233689183e-24, nan 
-10.375, -63.125, 1.140422782616144e-23, nan 
-10.125, -63.125, 7.357624596690103e-24, nan 
-9.875, -63.125, 7.696238820694157e-24, nan 
-9.625, -63.125, 2.750789121194538e-24, nan 
-9.375, -63.125, 8.302490326542489e-24, nan 
-9.125, -63.125, 1.9920749803781928e-23, nan 
-8.875, -63.125, 8.61643990360151e-24, nan 
-8.625, -63.125, 9.710949963895016e-24, nan 
-8.375, -63.125, 6.377298479155818e-24, nan 
-8.125, -63.125, 8.741039060209945e-24, nan 
-7.875, -63.125, 9.383643367021494e-24, nan 
-7.625, -63.125, 7.674527339692086e-24, nan 
-7.375, -63.125, 5.859811834679172e-24, nan 
-7.125, -63.125, 8.744152052870095e-24, nan 
-6.875, -63.125, 3.170123825031549e-24, nan 
-6.625, -63.125, 4.6100755642074525e-24, nan 
-6.375, -63.125, 5.448071485571112e-24, nan 
-6.125, -63.125, 3.122479330166449e-24, nan 
-5.875, -63.125, 2.6650268849023255e-24, nan 
-5.625, -63.125, 9.758610789652005e-25, nan 
-5.375, -63.125, 4.7315732836258944e-24, nan 
-5.125, -63.125, 5.830311311747251e-24, nan 
-4.875, -63.125, 4.877855438918479e-24, nan 
-4.625, -63.125, 7.742606927187157e-24, nan 
-4.375, -63.125, 1.1380479519458451e-23, nan 
-4.125, -63.125, 4.885195757667337e-24, nan 
-3.875, -63.125, 8.115746165245078e-24, nan 
-3.625, -63.125, 7.296533305982945e-24, nan 
-3.375, -63.125, 7.366872360445157e-24, nan 
-3.125, -63.125, 5.891810309953598e-24, nan 
-2.875, -63.125, 8.58221504294506e-24, nan 
-2.625, -63.125, 6.962570384675363e-24, nan 
-2.375, -63.125, 5.744338746320884e-24, nan 
-2.125, -63.125, 5.064264849144497e-24, nan 
-1.875, -63.125, 6.87969443334334e-24, nan 
-1.625, -63.125, 9.093593754212107e-24, nan 
-1.375, -63.125, 6.0313881711580454e-24, nan 
-1.125, -63.125, 2.6344456898625093e-24, nan 
-0.875, -63.125, 2.1897587904164678e-24, nan 
-0.625, -63.125, 1.984589478310585e-24, nan 
-0.375, -63.125, 3.069834907577423e-24, nan 
-0.125, -63.125, 3.030424838653573e-24, nan 
0.125, -63.125, 2.9749205049479552e-24, nan 
0.375, -63.125, 9.64535442245293e-24, nan 
0.625, -63.125, 8.38795339491848e-24, nan 
0.875, -63.125, 6.3412460401005326e-24, nan 
1.125, -63.125, 1.2809707658041977e-23, nan 
1.375, -63.125, 5.5381048768999014e-24, nan 
1.625, -63.125, 6.570031181093608e-24, nan 
1.875, -63.125, 5.2631460581572426e-24, nan 
2.125, -63.125, 6.629728695438524e-24, nan 
2.375, -63.125, 9.865802293647041e-25, nan 
2.625, -63.125, 3.8533864358844e-24, nan 
2.875, -63.125, 7.149411098164643e-24, nan 
3.125, -63.125, 4.1810626465783313e-23, nan 
3.375, -63.125, 5.358611845742892e-23, nan 
3.625, -63.125, 4.588098807379105e-23, nan 
3.875, -63.125, 6.294869561437573e-24, nan 
4.125, -63.125, 4.991123920591453e-24, nan 
4.375, -63.125, 3.923867901238141e-24, nan 
4.625, -63.125, 2.6065132632571847e-24, nan 
4.875, -63.125, 8.0728899614557e-24, nan 
-27.625, -62.875, 3.2865496999105414e-22, nan 
-27.375, -62.875, 9.596678174825445e-23, nan 
-27.125, -62.875, 1.212560392087814e-22, nan 
-26.875, -62.875, 1.2283529469829412e-22, nan 
-26.625, -62.875, 1.4214248714276537e-22, nan 
-26.375, -62.875, 4.1607441497080753e-23, nan 
-26.125, -62.875, 4.422975420401429e-23, nan 
-25.875, -62.875, 5.928899609220908e-23, nan 
-25.625, -62.875, 4.876496592131344e-23, nan 
-25.375, -62.875, 7.396618774764858e-23, nan 
-25.125, -62.875, 8.281002062325954e-23, nan 
-24.875, -62.875, 5.183970042746386e-23, nan 
-24.625, -62.875, 6.674430255928839e-23, nan 
-24.375, -62.875, 4.75219211676238e-23, nan 
-24.125, -62.875, 3.7709770712929467e-23, nan 
-23.875, -62.875, 2.221824084523532e-23, nan 
-23.625, -62.875, 4.90013226135067e-23, nan 
-23.375, -62.875, 7.799725272964568e-23, nan 
-23.125, -62.875, 6.420930503673359e-23, nan 
-22.875, -62.875, 4.7302349213632484e-23, nan 
-22.625, -62.875, 5.025536219418275e-23, nan 
-22.375, -62.875, 6.574615345176728e-23, nan 
-22.125, -62.875, 7.998732518945263e-23, nan 
-21.875, -62.875, 9.828552970801814e-23, nan 
-21.625, -62.875, 9.154748047177852e-23, nan 
-21.375, -62.875, 7.984179169955121e-23, nan 
-21.125, -62.875, 7.970856385099312e-23, nan 
-20.875, -62.875, 6.780564084725495e-23, nan 
-20.625, -62.875, 5.848034109137942e-23, nan 
-20.375, -62.875, 3.5699821929715455e-23, nan 
-20.125, -62.875, 1.4284519710616815e-22, nan 
-19.875, -62.875, 1.231323837922909e-22, nan 
-19.625, -62.875, 7.358596600226061e-23, nan 
-19.375, -62.875, 5.401014744499695e-23, nan 
-19.125, -62.875, 6.057796272235435e-23, nan 
-18.875, -62.875, 5.81551878075372e-23, nan 
-18.625, -62.875, 7.770274405857554e-23, nan 
-18.375, -62.875, 6.796649979934568e-23, nan 
-18.125, -62.875, 1.011149665328173e-22, nan 
-17.875, -62.875, 5.853789508159876e-23, nan 
-17.625, -62.875, 6.9369655934082e-23, nan 
-17.375, -62.875, 6.84753753393274e-23, nan 
-17.125, -62.875, 4.516454813183182e-23, nan 
-16.875, -62.875, 5.125682199558113e-23, nan 
-16.625, -62.875, 4.176411919310765e-23, nan 
-16.375, -62.875, 3.6927320773022467e-23, nan 
-16.125, -62.875, 3.4947491048495035e-23, nan 
-15.875, -62.875, 4.9379108688664835e-23, nan 
-15.625, -62.875, 4.7955230358765067e-23, nan 
-15.375, -62.875, 4.139144918113059e-23, nan 
-15.125, -62.875, 2.8720358745007724e-23, nan 
-14.875, -62.875, 3.4023531635290214e-23, nan 
-14.625, -62.875, 8.041123041005748e-24, nan 
-14.375, -62.875, 1.0648958562674226e-23, nan 
-14.125, -62.875, 1.4061304992341732e-23, nan 
-13.875, -62.875, 2.0143319128090324e-23, nan 
-13.625, -62.875, 1.6573627769257187e-23, nan 
-13.375, -62.875, 1.841528341392056e-23, nan 
-13.125, -62.875, 1.795288078250071e-23, nan 
-12.875, -62.875, 1.8700548610796516e-23, nan 
-12.625, -62.875, 2.795259074457339e-23, nan 
-12.375, -62.875, 2.9788809593297836e-23, nan 
-12.125, -62.875, 2.88206730730115e-23, nan 
-11.875, -62.875, 3.7849363441181825e-23, nan 
-11.625, -62.875, 3.1533421553703877e-23, nan 
-11.375, -62.875, 9.493785228039463e-24, nan 
-11.125, -62.875, 2.1028684498252785e-23, nan 
-10.875, -62.875, 1.651036989586346e-23, nan 
-10.625, -62.875, 6.3532967033742514e-24, nan 
-10.375, -62.875, 5.1509468933295426e-24, nan 
-10.125, -62.875, 4.502895951960474e-24, nan 
-9.875, -62.875, 8.037348652451946e-24, nan 
-9.625, -62.875, 1.4886585557344987e-23, nan 
-9.375, -62.875, 1.5114076293950336e-23, nan 
-9.125, -62.875, 8.495471476967524e-24, nan 
-8.875, -62.875, 8.689940086022566e-24, nan 
-8.625, -62.875, 9.16480979265412e-24, nan 
-8.375, -62.875, 1.0490592186247587e-23, nan 
-8.125, -62.875, 1.377674126409109e-23, nan 
-7.875, -62.875, 1.2072985986513757e-23, nan 
-7.625, -62.875, 1.2297429773154674e-23, nan 
-7.375, -62.875, 1.1368696721498733e-23, nan 
-7.125, -62.875, 6.32410666672996e-24, nan 
-6.875, -62.875, 3.72339909226296e-24, nan 
-6.625, -62.875, 5.6309591398068285e-24, nan 
-6.375, -62.875, 5.401812698972249e-24, nan 
-6.125, -62.875, 5.535296035742102e-24, nan 
-5.875, -62.875, 3.750442025694919e-24, nan 
-5.625, -62.875, 2.1796765641239106e-24, nan 
-5.375, -62.875, 5.1434530934865134e-24, nan 
-5.125, -62.875, 3.7741490178467535e-24, nan 
-4.875, -62.875, 2.814619495940707e-24, nan 
-4.625, -62.875, 7.051864376934075e-24, nan 
-4.375, -62.875, 5.049172059760381e-24, nan 
-4.125, -62.875, 5.5095954380552735e-24, nan 
-3.875, -62.875, 7.228218242787708e-24, nan 
-3.625, -62.875, 4.008538482687276e-24, nan 
-3.375, -62.875, 4.4156050636489336e-24, nan 
-3.125, -62.875, 4.537547398703759e-24, nan 
-2.875, -62.875, 3.453501690913464e-24, nan 
-2.625, -62.875, 4.6527923431593435e-24, nan 
-2.375, -62.875, 3.4239685277281396e-24, nan 
-2.125, -62.875, 5.8622807436673516e-24, nan 
-1.875, -62.875, 5.4952293079768684e-24, nan 
-1.625, -62.875, 6.434756910048677e-24, nan 
-1.375, -62.875, 8.450171328263949e-24, nan 
-1.125, -62.875, 3.895560582531371e-24, nan 
-0.875, -62.875, 3.998795139794378e-24, nan 
-0.625, -62.875, 4.851437710771118e-24, nan 
-0.375, -62.875, 2.6952425720778577e-24, nan 
-0.125, -62.875, 3.0677005885279346e-24, nan 
0.125, -62.875, 3.582566086735354e-24, nan 
0.375, -62.875, 6.86749426038682e-24, nan 
0.625, -62.875, 7.468814365363934e-24, nan 
0.875, -62.875, 6.699624960787735e-24, nan 
1.125, -62.875, 1.1357610904917357e-23, nan 
1.375, -62.875, 6.467131014970269e-24, nan 
1.625, -62.875, 6.335935982014013e-24, nan 
1.875, -62.875, 8.282188511747567e-24, nan 
2.125, -62.875, 6.146970026220436e-24, nan 
2.375, -62.875, 2.4215057641883787e-24, nan 
2.625, -62.875, 4.9301572124702374e-24, nan 
2.875, -62.875, 6.106712877383739e-24, nan 
3.125, -62.875, 5.5805492892348314e-24, nan 
3.375, -62.875, 4.244508594871476e-24, nan 
3.625, -62.875, 2.4907819551940574e-24, nan 
3.875, -62.875, 5.007635413619312e-24, nan 
4.125, -62.875, 5.0284895711844844e-24, nan 
4.375, -62.875, 3.341044920261252e-24, nan 
4.625, -62.875, 2.525091903274558e-24, nan 
4.875, -62.875, 4.3647009234174716e-24, nan 
-27.125, -62.625, 1.1605920256378476e-22, nan 
-26.875, -62.625, 5.660078021714421e-23, nan 
-26.625, -62.625, 9.746671384829016e-23, nan 
-26.375, -62.625, 3.382775986423518e-23, nan 
-26.125, -62.625, 2.8275983615904537e-23, nan 
-25.875, -62.625, 3.722330048182787e-23, nan 
-25.625, -62.625, 4.0162708501476027e-23, nan 
-25.375, -62.625, 3.8775555298451603e-23, nan 
-25.125, -62.625, 4.662911461266531e-23, nan 
-24.875, -62.625, 5.0658299787877945e-23, nan 
-24.625, -62.625, 5.590010486031794e-23, nan 
-24.375, -62.625, 5.451692800454291e-23, nan 
-24.125, -62.625, 6.220459343393199e-23, nan 
-23.875, -62.625, 5.149057518691832e-23, nan 
-23.625, -62.625, 4.4342151797759214e-23, nan 
-23.375, -62.625, 8.725952968949453e-23, nan 
-23.125, -62.625, 7.292554594989046e-23, nan 
-22.875, -62.625, 3.5765205954255485e-23, nan 
-22.625, -62.625, 6.2450622922482e-23, nan 
-22.375, -62.625, 7.605441740672354e-23, nan 
-22.125, -62.625, 7.193517141086754e-23, nan 
-21.875, -62.625, 6.830133585224055e-23, nan 
-21.625, -62.625, 6.563300290442715e-23, nan 
-21.375, -62.625, 6.741882209668558e-23, nan 
-21.125, -62.625, 4.8444373819501375e-23, nan 
-20.875, -62.625, 4.674895639140296e-23, nan 
-20.625, -62.625, 4.701522315792163e-23, nan 
-20.375, -62.625, 3.5516358044829675e-23, nan 
-20.125, -62.625, 8.779646732635386e-23, nan 
-19.875, -62.625, 9.132927513228499e-23, nan 
-19.625, -62.625, 5.465533968721607e-23, nan 
-19.375, -62.625, 5.0214655157838395e-23, nan 
-19.125, -62.625, 6.035621329684719e-23, nan 
-18.875, -62.625, 6.692381801440033e-23, nan 
-18.625, -62.625, 6.828777781601072e-23, nan 
-18.375, -62.625, 3.5496754050333216e-23, nan 
-18.125, -62.625, 3.9189604856936864e-23, nan 
-17.875, -62.625, 3.4301689094284055e-23, nan 
-17.625, -62.625, 3.340683937675794e-23, nan 
-17.375, -62.625, 4.352390012574788e-23, nan 
-17.125, -62.625, 4.3760607477621545e-23, nan 
-16.875, -62.625, 5.0915905583076686e-23, nan 
-16.625, -62.625, 3.676125022094684e-23, nan 
-16.375, -62.625, 2.5508140396010243e-23, nan 
-16.125, -62.625, 1.9663359270365086e-23, nan 
-15.875, -62.625, 9.410963035460405e-24, nan 
-15.625, -62.625, 8.26845643658214e-24, nan 
-15.375, -62.625, 1.8737528790058607e-23, nan 
-15.125, -62.625, 2.0714672909857515e-23, nan 
-14.875, -62.625, 1.2193854454649295e-23, nan 
-14.625, -62.625, 1.0079092296583403e-23, nan 
-14.375, -62.625, 7.222473623026126e-24, nan 
-14.125, -62.625, 1.287569800429628e-23, nan 
-13.875, -62.625, 1.8814302028647546e-23, nan 
-13.625, -62.625, 1.2962204595073576e-23, nan 
-13.375, -62.625, 7.9179322279731e-24, nan 
-13.125, -62.625, 1.3879536222440123e-23, nan 
-12.875, -62.625, 1.3058760311362596e-23, nan 
-12.625, -62.625, 1.1590574868248644e-23, nan 
-12.375, -62.625, 1.3438359637627345e-23, nan 
-12.125, -62.625, 1.2303240804920906e-23, nan 
-11.875, -62.625, 2.3954041348079768e-23, nan 
-11.625, -62.625, 2.1411492564307232e-23, nan 
-11.375, -62.625, 1.11881938098387e-23, nan 
-11.125, -62.625, 1.0242064383593457e-23, nan 
-10.875, -62.625, 3.631398176947285e-24, nan 
-10.625, -62.625, 5.551519815158893e-24, nan 
-10.375, -62.625, 1.7086857776482213e-23, nan 
-10.125, -62.625, 2.124631982677711e-23, nan 
-9.875, -62.625, 9.205026371221685e-24, nan 
-9.625, -62.625, 1.4348654334996558e-23, nan 
-9.375, -62.625, 1.682344315559931e-23, nan 
-9.125, -62.625, 6.655824943927833e-24, nan 
-8.875, -62.625, 6.861937459542675e-24, nan 
-8.625, -62.625, 7.484908550217278e-24, nan 
-8.375, -62.625, 9.63939624293292e-24, nan 
-8.125, -62.625, 1.267447910585396e-23, nan 
-7.875, -62.625, 1.341233421674393e-23, nan 
-7.625, -62.625, 1.3610733699778227e-23, nan 
-7.375, -62.625, 1.3372137944756343e-23, nan 
-7.125, -62.625, 9.49924222271242e-24, nan 
-6.875, -62.625, 9.195666800143654e-24, nan 
-6.625, -62.625, 1.1338915577656334e-23, nan 
-6.375, -62.625, 6.886712627721875e-24, nan 
-6.125, -62.625, 3.960163236606289e-24, nan 
-5.875, -62.625, 5.488381862138699e-24, nan 
-5.625, -62.625, 4.7470137362477364e-24, nan 
-5.375, -62.625, 1.5444761189471361e-24, nan 
-5.125, -62.625, 3.433118370817406e-24, nan 
-4.875, -62.625, 4.2560678980087044e-24, nan 
-4.625, -62.625, 5.0503906566947455e-24, nan 
-4.375, -62.625, 2.550473888023546e-24, nan 
-4.125, -62.625, 5.6520579888727165e-24, nan 
-3.875, -62.625, 6.189104716142493e-24, nan 
-3.625, -62.625, 2.6828484775500647e-24, nan 
-3.375, -62.625, 3.2665758579896982e-24, nan 
-3.125, -62.625, 2.7738349960554756e-24, nan 
-2.875, -62.625, 4.626094739502768e-24, nan 
-2.625, -62.625, 4.1069185624219725e-24, nan 
-2.375, -62.625, 5.3519095884825416e-24, nan 
-2.125, -62.625, 6.736358318009122e-24, nan 
-1.875, -62.625, 4.6521371239358264e-24, nan 
-1.625, -62.625, 4.263907879992638e-24, nan 
-1.375, -62.625, 7.485946368020682e-24, nan 
-1.125, -62.625, 5.512781523335772e-24, nan 
-0.875, -62.625, 5.130770696292304e-24, nan 
-0.625, -62.625, 5.4100644193211685e-24, nan 
-0.375, -62.625, 6.3586582152769535e-24, nan 
-0.125, -62.625, 5.340851719705755e-24, nan 
0.125, -62.625, 2.626366143534477e-24, nan 
0.375, -62.625, 5.726999763340534e-24, nan 
0.625, -62.625, 6.5602706285357884e-24, nan 
0.875, -62.625, 4.922998740544187e-24, nan 
1.125, -62.625, 5.496643577297414e-24, nan 
1.375, -62.625, 3.1139618573473206e-24, nan 
1.625, -62.625, 4.9537079542607515e-24, nan 
1.875, -62.625, 6.3370626838621245e-24, nan 
2.125, -62.625, 4.726186408609818e-24, nan 
2.375, -62.625, 4.0257129468956374e-24, nan 
2.625, -62.625, 4.794514237517567e-24, nan 
2.875, -62.625, 7.744159260585053e-24, nan 
3.125, -62.625, 7.265441459411887e-24, nan 
3.375, -62.625, 4.827103180346072e-24, nan 
3.625, -62.625, 3.6419538576516945e-23, nan 
3.875, -62.625, 3.809922189433309e-23, nan 
4.125, -62.625, 2.3401729449022866e-23, nan 
4.375, -62.625, 1.914781029109538e-24, nan 
4.625, -62.625, 1.187958373324994e-24, nan 
-26.875, -62.375, 4.220010349873377e-23, nan 
-26.625, -62.375, 5.986452212809728e-23, nan 
-26.375, -62.375, 5.596914011719584e-23, nan 
-26.125, -62.375, 4.1049796740413675e-23, nan 
-25.875, -62.375, 4.173766689165466e-23, nan 
-25.625, -62.375, 4.4313980754208364e-23, nan 
-25.375, -62.375, 7.353292539061965e-23, nan 
-25.125, -62.375, 8.285374049685417e-23, nan 
-24.875, -62.375, 7.233562735530055e-23, nan 
-24.625, -62.375, 7.515588541000679e-23, nan 
-24.375, -62.375, 7.78939410932592e-23, nan 
-24.125, -62.375, 6.263376649633455e-23, nan 
-23.875, -62.375, 6.2426535158402e-23, nan 
-23.625, -62.375, 5.04937232832258e-23, nan 
-23.375, -62.375, 4.065592065181858e-23, nan 
-23.125, -62.375, 2.7645593318263673e-23, nan 
-22.875, -62.375, 4.8842622320126775e-23, nan 
-22.625, -62.375, 7.614187419343889e-23, nan 
-22.375, -62.375, 7.215552198656658e-23, nan 
-22.125, -62.375, 5.458673964725423e-23, nan 
-21.875, -62.375, 4.700822376365685e-23, nan 
-21.625, -62.375, 4.433214235013461e-23, nan 
-21.375, -62.375, 3.899575143627737e-23, nan 
-21.125, -62.375, 3.7918119017122944e-23, nan 
-20.875, -62.375, 3.9909941384406784e-23, nan 
-20.625, -62.375, 3.9951203253055065e-23, nan 
-20.375, -62.375, 3.350886959995202e-23, nan 
-20.125, -62.375, 4.992750208563994e-23, nan 
-19.875, -62.375, 7.637477962874531e-23, nan 
-19.625, -62.375, 3.7825124752377894e-23, nan 
-19.375, -62.375, 4.937736689896664e-23, nan 
-19.125, -62.375, 5.874757937692714e-23, nan 
-18.875, -62.375, 5.768765379158458e-23, nan 
-18.625, -62.375, 6.974265298798567e-23, nan 
-18.375, -62.375, 6.735253241970284e-23, nan 
-18.125, -62.375, 5.632648370545308e-23, nan 
-17.875, -62.375, 4.928050956832731e-23, nan 
-17.625, -62.375, 2.2369470109434482e-23, nan 
-17.375, -62.375, 2.6952904741504317e-23, nan 
-17.125, -62.375, 2.408842973454974e-23, nan 
-16.875, -62.375, 3.355618391618381e-23, nan 
-16.625, -62.375, 4.0019688755916195e-23, nan 
-16.375, -62.375, 1.2406455843678716e-23, nan 
-16.125, -62.375, 1.5567579935495205e-23, nan 
-15.875, -62.375, 2.174253527031137e-23, nan 
-15.625, -62.375, 1.432756444013271e-23, nan 
-15.375, -62.375, 2.2690556806041646e-23, nan 
-15.125, -62.375, 2.4213690372553514e-23, nan 
-14.875, -62.375, 1.2535540063734925e-23, nan 
-14.625, -62.375, 1.7256536032659786e-23, nan 
-14.375, -62.375, 1.4849343141441457e-23, nan 
-14.125, -62.375, 6.263510940614862e-24, nan 
-13.875, -62.375, 1.1777251325412843e-23, nan 
-13.625, -62.375, 8.467419366409786e-24, nan 
-13.375, -62.375, 8.336078507828924e-24, nan 
-13.125, -62.375, 1.2464451268935808e-23, nan 
-12.875, -62.375, 1.2793377303686191e-23, nan 
-12.625, -62.375, 8.155175753021827e-24, nan 
-12.375, -62.375, 8.998270585193567e-24, nan 
-12.125, -62.375, 5.433821418369549e-24, nan 
-11.875, -62.375, 9.361989715131514e-24, nan 
-11.625, -62.375, 1.196410866193848e-23, nan 
-11.375, -62.375, 1.483085986882434e-23, nan 
-11.125, -62.375, 2.5690213872896496e-23, nan 
-10.875, -62.375, 2.792922841447131e-23, nan 
-10.625, -62.375, 2.985732876558509e-23, nan 
-10.375, -62.375, 2.278375565398586e-23, nan 
-10.125, -62.375, 2.3358144765246686e-23, nan 
-9.875, -62.375, 1.1133760477177008e-23, nan 
-9.625, -62.375, 6.482277181631938e-24, nan 
-9.375, -62.375, 3.816155778135529e-24, nan 
-9.125, -62.375, 9.591566220336496e-24, nan 
-8.875, -62.375, 1.1608780087938885e-23, nan 
-8.625, -62.375, 1.019616333834914e-23, nan 
-8.375, -62.375, 9.391936819299461e-24, nan 
-8.125, -62.375, 1.2875326528739816e-23, nan 
-7.875, -62.375, 2.0078356366888205e-23, nan 
-7.625, -62.375, 2.189913634609205e-23, nan 
-7.375, -62.375, 1.4995283206023603e-23, nan 
-7.125, -62.375, 1.478887276232904e-23, nan 
-6.875, -62.375, 1.4126509930612028e-23, nan 
-6.625, -62.375, 1.3415048060684588e-23, nan 
-6.375, -62.375, 1.0625449604947658e-23, nan 
-6.125, -62.375, 6.487603268189833e-24, nan 
-5.875, -62.375, 1.885409672763158e-24, nan 
-5.625, -62.375, 3.0289587835865607e-24, nan 
-5.375, -62.375, 2.3705399118783887e-24, nan 
-5.125, -62.375, 3.8729465177179034e-24, nan 
-4.875, -62.375, 4.662058477044375e-24, nan 
-4.625, -62.375, 2.772704836765144e-24, nan 
-4.375, -62.375, 4.630117580034936e-24, nan 
-4.125, -62.375, 5.328401525680667e-24, nan 
-3.875, -62.375, 4.706738878766127e-24, nan 
-3.625, -62.375, 3.787406680848995e-24, nan 
-3.375, -62.375, 1.7678561713468746e-24, nan 
-3.125, -62.375, 5.96819462650504e-24, nan 
-2.875, -62.375, 5.926206002139822e-24, nan 
-2.625, -62.375, 3.0912354616245924e-24, nan 
-2.375, -62.375, 7.708014681810628e-24, nan 
-2.125, -62.375, 5.908875540123365e-24, nan 
-1.875, -62.375, 2.570958207879627e-24, nan 
-1.625, -62.375, 5.793386867940898e-24, nan 
-1.375, -62.375, 5.684939476095872e-24, nan 
-1.125, -62.375, 5.701787127395696e-24, nan 
-0.875, -62.375, 4.0498842468341566e-24, nan 
-0.625, -62.375, 5.039620235757271e-24, nan 
-0.375, -62.375, 1.1528117259306635e-23, nan 
-0.125, -62.375, 2.495196683520665e-23, nan 
0.125, -62.375, 2.616816778280769e-23, nan 
0.375, -62.375, 1.5110956213184985e-23, nan 
0.625, -62.375, 4.073212961423643e-24, nan 
0.875, -62.375, 4.009441900878561e-24, nan 
1.125, -62.375, 3.500061326769437e-24, nan 
1.375, -62.375, 3.9040481052536555e-24, nan 
1.625, -62.375, 4.186687396929388e-24, nan 
1.875, -62.375, 3.94956219582162e-24, nan 
2.125, -62.375, 2.057208140786168e-24, nan 
2.375, -62.375, 1.7276734881905265e-24, nan 
2.625, -62.375, 3.0763191377504058e-24, nan 
2.875, -62.375, 2.4164706094208146e-23, nan 
3.125, -62.375, 2.5216697418332134e-23, nan 
3.375, -62.375, 1.290122208089766e-23, nan 
3.625, -62.375, 4.88453500355828e-23, nan 
3.875, -62.375, 5.174361185470367e-23, nan 
4.125, -62.375, 2.864192490261838e-23, nan 
4.375, -62.375, 2.6704739696540296e-23, nan 
4.625, -62.375, 2.6072908758225175e-23, nan 
-26.625, -62.125, 7.700184349817447e-23, nan 
-26.375, -62.125, 6.994827758438748e-23, nan 
-26.125, -62.125, 6.779196696860145e-23, nan 
-25.875, -62.125, 7.969496494552723e-23, nan 
-25.625, -62.125, 8.133288243634035e-23, nan 
-25.375, -62.125, 7.682161740123841e-23, nan 
-25.125, -62.125, 8.01079269601234e-23, nan 
-24.875, -62.125, 7.02414490548168e-23, nan 
-24.625, -62.125, 6.369279810460982e-23, nan 
-24.375, -62.125, 5.513119169091247e-23, nan 
-24.125, -62.125, 4.9873510008418756e-23, nan 
-23.875, -62.125, 4.9354003044396554e-23, nan 
-23.625, -62.125, 3.755255713717805e-23, nan 
-23.375, -62.125, 4.4798554245040574e-23, nan 
-23.125, -62.125, 3.4449809564166794e-23, nan 
-22.875, -62.125, 4.822781107050339e-23, nan 
-22.625, -62.125, 6.466974644543456e-23, nan 
-22.375, -62.125, 6.183879067131688e-23, nan 
-22.125, -62.125, 4.8807804828287556e-23, nan 
-21.875, -62.125, 4.1643614493248503e-23, nan 
-21.625, -62.125, 3.551276841748918e-23, nan 
-21.375, -62.125, 3.8809633320476583e-23, nan 
-21.125, -62.125, 4.23316809965602e-23, nan 
-20.875, -62.125, 3.885969335229134e-23, nan 
-20.625, -62.125, 3.464236219740208e-23, nan 
-20.375, -62.125, 2.607104083084433e-23, nan 
-20.125, -62.125, 2.5703668932471204e-23, nan 
-19.875, -62.125, 2.0717722461940586e-23, nan 
-19.625, -62.125, 3.0067263972277694e-23, nan 
-19.375, -62.125, 3.033773627940899e-23, nan 
-19.125, -62.125, 2.8928280830718943e-23, nan 
-18.875, -62.125, 2.5891992332023997e-23, nan 
-18.625, -62.125, 3.8606433967405205e-23, nan 
-18.375, -62.125, 7.454189078632925e-23, nan 
-18.125, -62.125, 9.836835990604342e-23, nan 
-17.875, -62.125, 5.349044658597293e-23, nan 
-17.625, -62.125, 4.7862005988048113e-23, nan 
-17.375, -62.125, 4.283422050781165e-23, nan 
-17.125, -62.125, 2.1676194674598077e-23, nan 
-16.875, -62.125, 1.6184103255956075e-23, nan 
-16.625, -62.125, 2.3357394828145108e-23, nan 
-16.375, -62.125, 1.643958977985523e-23, nan 
-16.125, -62.125, 1.611719516958462e-23, nan 
-15.875, -62.125, 2.783422993580685e-23, nan 
-15.625, -62.125, 3.2068652756389075e-23, nan 
-15.375, -62.125, 1.3836390154431844e-23, nan 
-15.125, -62.125, 2.403002055052457e-23, nan 
-14.875, -62.125, 1.9016775136397372e-23, nan 
-14.625, -62.125, 1.377645605642669e-23, nan 
-14.375, -62.125, 1.5360789025041887e-23, nan 
-14.125, -62.125, 9.831794532706803e-24, nan 
-13.875, -62.125, 6.3945829973224746e-24, nan 
-13.625, -62.125, 8.677043384764268e-24, nan 
-13.375, -62.125, 7.205712848033509e-24, nan 
-13.125, -62.125, 9.117989293417479e-24, nan 
-12.875, -62.125, 1.1754201815948962e-23, nan 
-12.625, -62.125, 7.480255621019731e-24, nan 
-12.375, -62.125, 9.553359331040026e-24, nan 
-12.125, -62.125, 9.285496856300928e-24, nan 
-11.875, -62.125, 1.747550680197545e-23, nan 
-11.625, -62.125, 2.353865612736618e-23, nan 
-11.375, -62.125, 1.6799609264057802e-23, nan 
-11.125, -62.125, 4.287333545281617e-23, nan 
-10.875, -62.125, 4.814693932594028e-23, nan 
-10.625, -62.125, 4.7193452238265025e-23, nan 
-10.375, -62.125, 2.5620743616340154e-23, nan 
-10.125, -62.125, 3.137758474171895e-23, nan 
-9.875, -62.125, 2.9027365089016664e-23, nan 
-9.625, -62.125, 9.760553588339423e-24, nan 
-9.375, -62.125, 4.927790273121581e-24, nan 
-9.125, -62.125, 9.214131638536335e-24, nan 
-8.875, -62.125, 1.1999880880617717e-23, nan 
-8.625, -62.125, 1.2359411103745214e-23, nan 
-8.375, -62.125, 1.0164139335478795e-23, nan 
-8.125, -62.125, 1.1778692117329897e-23, nan 
-7.875, -62.125, 2.233194601329922e-23, nan 
-7.625, -62.125, 2.3587801208671846e-23, nan 
-7.375, -62.125, 1.7833276168123714e-23, nan 
-7.125, -62.125, 2.2133073885326103e-23, nan 
-6.875, -62.125, 1.8761102991704418e-23, nan 
-6.625, -62.125, 1.318285118750368e-23, nan 
-6.375, -62.125, 1.1643242771135979e-23, nan 
-6.125, -62.125, 9.798108678647755e-24, nan 
-5.875, -62.125, 9.039227521807534e-24, nan 
-5.625, -62.125, 8.150635267953487e-24, nan 
-5.375, -62.125, 3.102176334977297e-24, nan 
-5.125, -62.125, 3.311310925350354e-24, nan 
-4.875, -62.125, 4.9603426609463886e-24, nan 
-4.625, -62.125, 3.0468415893902864e-24, nan 
-4.375, -62.125, 3.0862027095555628e-24, nan 
-4.125, -62.125, 5.565846003744838e-24, nan 
-3.875, -62.125, 6.50928569448829e-24, nan 
-3.625, -62.125, 7.552624155685099e-24, nan 
-3.375, -62.125, 3.8003952278216846e-24, nan 
-3.125, -62.125, 4.5038426069200155e-24, nan 
-2.875, -62.125, 5.343515955478074e-24, nan 
-2.625, -62.125, 4.975760364112183e-24, nan 
-2.375, -62.125, 3.0109240117351898e-24, nan 
-2.125, -62.125, 4.7500991857741284e-24, nan 
-1.875, -62.125, 2.0267230362951747e-24, nan 
-1.625, -62.125, 2.8886970465788346e-24, nan 
-1.375, -62.125, 4.017175005374187e-24, nan 
-1.125, -62.125, 1.977297533824971e-24, nan 
-0.875, -62.125, 1.3817486024826948e-23, nan 
-0.625, -62.125, 1.9401769018616186e-23, nan 
-0.375, -62.125, 1.1111462610835234e-23, nan 
-0.125, -62.125, 3.7450105135685197e-23, nan 
0.125, -62.125, 3.7889927337304304e-23, nan 
0.375, -62.125, 2.0921298730040437e-23, nan 
0.625, -62.125, 1.4841578979324024e-23, nan 
0.875, -62.125, 1.6317247090807305e-23, nan 
1.125, -62.125, 8.884032815563034e-24, nan 
1.375, -62.125, 4.2453511417261645e-24, nan 
1.625, -62.125, 3.7630265567020496e-24, nan 
1.875, -62.125, 1.7963720052404524e-23, nan 
2.125, -62.125, 2.5230838606468207e-23, nan 
2.375, -62.125, 2.4438203257602704e-23, nan 
2.625, -62.125, 2.26053138495844e-23, nan 
2.875, -62.125, 3.60550569338578e-23, nan 
3.125, -62.125, 3.407411133678105e-23, nan 
3.375, -62.125, 1.4615110511980896e-23, nan 
3.625, -62.125, 5.548154074436119e-23, nan 
3.875, -62.125, 6.7862635785647e-23, nan 
4.125, -62.125, 3.0673850243728185e-23, nan 
4.375, -62.125, 2.5961951375836432e-23, nan 
4.625, -62.125, 3.3284662227326456e-23, nan 
-26.125, -61.875, 7.148614940723772e-23, nan 
-25.875, -61.875, 6.498936125736457e-23, nan 
-25.625, -61.875, 6.523008699119425e-23, nan 
-25.375, -61.875, 4.1888551793227144e-23, nan 
-25.125, -61.875, 2.824873615892205e-23, nan 
-24.875, -61.875, 2.94720051621909e-23, nan 
-24.625, -61.875, 3.820594644452887e-23, nan 
-24.375, -61.875, 3.000914044851076e-23, nan 
-24.125, -61.875, 2.811627832747259e-23, nan 
-23.875, -61.875, 2.7784639419791694e-23, nan 
-23.625, -61.875, 3.396789871150587e-23, nan 
-23.375, -61.875, 4.049939456327052e-23, nan 
-23.125, -61.875, 4.118221628808211e-23, nan 
-22.875, -61.875, 4.5709786191203795e-23, nan 
-22.625, -61.875, 3.8796158651984344e-23, nan 
-22.375, -61.875, 4.6499650770594163e-23, nan 
-22.125, -61.875, 3.3762417589050016e-23, nan 
-21.875, -61.875, 3.162790900320823e-23, nan 
-21.625, -61.875, 2.518701056612397e-23, nan 
-21.375, -61.875, 2.3616924977621137e-23, nan 
-21.125, -61.875, 2.4120426952472174e-23, nan 
-20.875, -61.875, 2.2016847342025553e-23, nan 
-20.625, -61.875, 1.7318065817882026e-23, nan 
-20.375, -61.875, 1.485809098580291e-23, nan 
-20.125, -61.875, 1.6575599360201812e-23, nan 
-19.875, -61.875, 1.1960507242718222e-23, nan 
-19.625, -61.875, 1.436436395378375e-23, nan 
-19.375, -61.875, 1.2687710560067236e-23, nan 
-19.125, -61.875, 1.503010879860223e-23, nan 
-18.875, -61.875, 4.687761538529252e-23, nan 
-18.625, -61.875, 4.909041673327203e-23, nan 
-18.375, -61.875, 4.8723541007010504e-23, nan 
-18.125, -61.875, 8.022591714950865e-23, nan 
-17.875, -61.875, 5.585542470110295e-23, nan 
-17.625, -61.875, 4.455983249956216e-23, nan 
-17.375, -61.875, 9.639334230898974e-24, nan 
-17.125, -61.875, 1.2101378014206089e-23, nan 
-16.875, -61.875, 1.390881639079476e-23, nan 
-16.625, -61.875, 1.4386334197620445e-23, nan 
-16.375, -61.875, 1.776254145036333e-23, nan 
-16.125, -61.875, 2.102178467931358e-23, nan 
-15.875, -61.875, 2.5763964257110248e-23, nan 
-15.625, -61.875, 2.470155521236922e-23, nan 
-15.375, -61.875, 1.5606458791801053e-23, nan 
-15.125, -61.875, 1.7610440808770525e-23, nan 
-14.875, -61.875, 1.1278641389791891e-23, nan 
-14.625, -61.875, 1.198031265538922e-23, nan 
-14.375, -61.875, 8.975444532588042e-24, nan 
-14.125, -61.875, 7.038019689921061e-24, nan 
-13.875, -61.875, 7.21040296656174e-24, nan 
-13.625, -61.875, 1.431980790317518e-23, nan 
-13.375, -61.875, 2.280790257109158e-23, nan 
-13.125, -61.875, 1.2675559577825586e-23, nan 
-12.875, -61.875, 5.4184207442564345e-24, nan 
-12.625, -61.875, 1.3544011006582008e-23, nan 
-12.375, -61.875, 1.144310256748503e-23, nan 
-12.125, -61.875, 8.140981240191695e-24, nan 
-11.875, -61.875, 6.62452839091839e-24, nan 
-11.625, -61.875, 5.19848125008275e-24, nan 
-11.375, -61.875, 3.664864952999323e-24, nan 
-11.125, -61.875, 2.5179841910779323e-23, nan 
-10.875, -61.875, 2.399581724096594e-23, nan 
-10.625, -61.875, 2.356244674903216e-23, nan 
-10.375, -61.875, 7.03299815369658e-24, nan 
-10.125, -61.875, 1.2565038070152687e-23, nan 
-9.875, -61.875, 9.919715543650331e-24, nan 
-9.625, -61.875, 8.403497743895437e-24, nan 
-9.375, -61.875, 6.700316116716936e-24, nan 
-9.125, -61.875, 8.722632790055949e-24, nan 
-8.875, -61.875, 1.0231396497290212e-23, nan 
-8.625, -61.875, 8.339965941369469e-24, nan 
-8.375, -61.875, 1.1721488170120325e-23, nan 
-8.125, -61.875, 1.2130167414161496e-23, nan 
-7.875, -61.875, 1.3817760496174612e-23, nan 
-7.625, -61.875, 1.6854879400488653e-23, nan 
-7.375, -61.875, 2.001105764907196e-23, nan 
-7.125, -61.875, 2.0972630716521204e-23, nan 
-6.875, -61.875, 1.5411830679511904e-23, nan 
-6.625, -61.875, 1.3924829512994437e-23, nan 
-6.375, -61.875, 1.4034461321611995e-23, nan 
-6.125, -61.875, 1.0045976725036363e-23, nan 
-5.875, -61.875, 7.598181940292694e-24, nan 
-5.625, -61.875, 7.577987643966788e-24, nan 
-5.375, -61.875, 5.0454716760115284e-24, nan 
-5.125, -61.875, 4.640684256187737e-24, nan 
-4.875, -61.875, 4.64769797053123e-24, nan 
-4.625, -61.875, 6.232267002308238e-24, nan 
-4.375, -61.875, 5.449274157344139e-24, nan 
-4.125, -61.875, 3.585693408481127e-24, nan 
-3.875, -61.875, 8.05158565746946e-24, nan 
-3.625, -61.875, 1.1216434453618618e-23, nan 
-3.375, -61.875, 4.003966107589111e-24, nan 
-3.125, -61.875, 4.878541685939296e-24, nan 
-2.875, -61.875, 5.826716627361924e-24, nan 
-2.625, -61.875, 7.920230653622639e-24, nan 
-2.375, -61.875, 3.549367813918767e-24, nan 
-2.125, -61.875, 4.243476902469223e-24, nan 
-1.875, -61.875, 5.0455931492237705e-24, nan 
-1.625, -61.875, 4.086860942699711e-24, nan 
-1.375, -61.875, 4.115829583010791e-24, nan 
-1.125, -61.875, 1.4554216827650603e-24, nan 
-0.875, -61.875, 1.730793953480439e-24, nan 
-0.625, -61.875, 6.085509084546169e-24, nan 
-0.375, -61.875, 1.7998383815268504e-24, nan 
-0.125, -61.875, 2.0451754764708358e-23, nan 
0.125, -61.875, 1.7630536879966567e-23, nan 
0.375, -61.875, 1.1034596507413561e-23, nan 
0.625, -61.875, 5.01945866225833e-24, nan 
0.875, -61.875, 3.503073151913528e-24, nan 
1.125, -61.875, 9.383671603999462e-24, nan 
1.375, -61.875, 1.5068073200353405e-23, nan 
1.625, -61.875, 1.759760234042955e-23, nan 
1.875, -61.875, 1.8578952708507075e-23, nan 
2.125, -61.875, 2.754940074653799e-23, nan 
2.375, -61.875, 3.3722051596732185e-23, nan 
2.625, -61.875, 2.6452014763911778e-23, nan 
2.875, -61.875, 2.3611364631987536e-23, nan 
3.125, -61.875, 1.8721027733350462e-23, nan 
3.375, -61.875, 1.675702687549162e-23, nan 
3.625, -61.875, 3.884690155542589e-23, nan 
3.875, -61.875, 4.358181863874415e-23, nan 
4.125, -61.875, 2.1446949300279582e-23, nan 
4.375, -61.875, 6.3526885921411866e-24, nan 
-25.875, -61.625, 2.968425294148527e-23, nan 
-25.625, -61.625, 1.805659971758777e-23, nan 
-25.375, -61.625, 9.557403714476224e-24, nan 
-25.125, -61.625, 6.271420583731867e-24, nan 
-24.875, -61.625, 2.2929703131694128e-23, nan 
-24.625, -61.625, 2.6315582469177544e-23, nan 
-24.375, -61.625, 2.698457753506219e-23, nan 
-24.125, -61.625, 2.4848534262261022e-23, nan 
-23.875, -61.625, 1.9189632560486767e-23, nan 
-23.625, -61.625, 4.756161808520827e-23, nan 
-23.375, -61.625, 4.047992902799615e-23, nan 
-23.125, -61.625, 2.847856611367227e-23, nan 
-22.875, -61.625, 6.399545314184514e-23, nan 
-22.625, -61.625, 4.1533882878643667e-23, nan 
-22.375, -61.625, 2.1872487728001367e-23, nan 
-22.125, -61.625, 2.0614575020562955e-23, nan 
-21.875, -61.625, 1.5622755572996044e-23, nan 
-21.625, -61.625, 1.903931633809691e-23, nan 
-21.375, -61.625, 2.5180209009055112e-23, nan 
-21.125, -61.625, 2.4771765965152202e-23, nan 
-20.875, -61.625, 2.1230900013680302e-23, nan 
-20.625, -61.625, 1.8189357192260196e-23, nan 
-20.375, -61.625, 2.0285076714983287e-23, nan 
-20.125, -61.625, 1.7053266014572987e-23, nan 
-19.875, -61.625, 1.483697778592418e-23, nan 
-19.625, -61.625, 1.5448954958915374e-23, nan 
-19.375, -61.625, 1.400934410632744e-23, nan 
-19.125, -61.625, 1.468015680413332e-23, nan 
-18.875, -61.625, 4.351762088555422e-23, nan 
-18.625, -61.625, 4.3347596047649597e-23, nan 
-18.375, -61.625, 4.561090791746818e-23, nan 
-18.125, -61.625, 8.185908187047611e-23, nan 
-17.875, -61.625, 6.554021573399523e-23, nan 
-17.625, -61.625, 4.839901157694896e-23, nan 
-17.375, -61.625, 3.0267770691272576e-23, nan 
-17.125, -61.625, 2.6040202892981735e-23, nan 
-16.875, -61.625, 4.2513589201494733e-23, nan 
-16.625, -61.625, 2.822456628044409e-23, nan 
-16.375, -61.625, 2.3612875558265975e-23, nan 
-16.125, -61.625, 1.5626284159538734e-23, nan 
-15.875, -61.625, 5.758028431545467e-24, nan 
-15.625, -61.625, 6.333412291244937e-24, nan 
-15.375, -61.625, 1.3570440953464447e-23, nan 
-15.125, -61.625, 1.1530943280547646e-23, nan 
-14.875, -61.625, 7.957126232491931e-24, nan 
-14.625, -61.625, 5.642456385486195e-24, nan 
-14.375, -61.625, 1.561183834315748e-23, nan 
-14.125, -61.625, 2.738745735745902e-23, nan 
-13.875, -61.625, 2.9201263547440555e-23, nan 
-13.625, -61.625, 2.9598045713577245e-23, nan 
-13.375, -61.625, 3.398515309279647e-23, nan 
-13.125, -61.625, 2.8749475571909695e-23, nan 
-12.875, -61.625, 2.1309620285636476e-23, nan 
-12.625, -61.625, 2.17953331046749e-23, nan 
-12.375, -61.625, 1.3038887354106844e-23, nan 
-12.125, -61.625, 9.579427046195208e-24, nan 
-11.875, -61.625, 7.881642998367474e-24, nan 
-11.625, -61.625, 6.202509314480419e-24, nan 
-11.375, -61.625, 6.567520369007755e-24, nan 
-11.125, -61.625, 4.731299462381011e-24, nan 
-10.875, -61.625, 7.679998653141597e-24, nan 
-10.625, -61.625, 4.787610226633637e-24, nan 
-10.375, -61.625, 2.4080106516501828e-24, nan 
-10.125, -61.625, 4.85285257801191e-24, nan 
-9.875, -61.625, 2.395323158445851e-24, nan 
-9.625, -61.625, 3.0713873993010527e-24, nan 
-9.375, -61.625, 4.5146109076815e-24, nan 
-9.125, -61.625, 4.9670506091906215e-24, nan 
-8.875, -61.625, 7.724575410029425e-24, nan 
-8.625, -61.625, 6.424859839272705e-24, nan 
-8.375, -61.625, 9.692017823709344e-24, nan 
-8.125, -61.625, 1.1542108612183103e-23, nan 
-7.875, -61.625, 1.4261435449931315e-23, nan 
-7.625, -61.625, 1.7448139657627575e-23, nan 
-7.375, -61.625, 1.36238546755416e-23, nan 
-7.125, -61.625, 1.766705602309406e-23, nan 
-6.875, -61.625, 2.11856185668591e-23, nan 
-6.625, -61.625, 8.234146779493944e-24, nan 
-6.375, -61.625, 1.771957065273625e-23, nan 
-6.125, -61.625, 2.2773374340664425e-23, nan 
-5.875, -61.625, 1.975247508314743e-23, nan 
-5.625, -61.625, 1.6489315302989225e-23, nan 
-5.375, -61.625, 1.3828240000798827e-23, nan 
-5.125, -61.625, 3.9689094535063055e-24, nan 
-4.875, -61.625, 4.321829961273901e-24, nan 
-4.625, -61.625, 7.189100844921845e-24, nan 
-4.375, -61.625, 3.585152262668136e-24, nan 
-4.125, -61.625, 3.8430431798080354e-24, nan 
-3.875, -61.625, 7.829259943951942e-24, nan 
-3.625, -61.625, 6.885145614472569e-24, nan 
-3.375, -61.625, 3.44957960272033e-24, nan 
-3.125, -61.625, 4.6569749891304546e-24, nan 
-2.875, -61.625, 4.7909852073847766e-24, nan 
-2.625, -61.625, 5.256812754038052e-24, nan 
-2.375, -61.625, 3.907216272185352e-24, nan 
-2.125, -61.625, 2.4698735696986387e-24, nan 
-1.875, -61.625, 2.5076920376593646e-24, nan 
-1.625, -61.625, 4.471665505139889e-24, nan 
-1.375, -61.625, 4.215406888891981e-24, nan 
-1.125, -61.625, 1.820772078177021e-24, nan 
-0.875, -61.625, 3.069812059586065e-24, nan 
-0.625, -61.625, 2.8185163380916527e-24, nan 
-0.375, -61.625, 2.5717432765633393e-24, nan 
-0.125, -61.625, 5.000199347582286e-24, nan 
0.125, -61.625, 9.435534241546343e-24, nan 
0.375, -61.625, 3.894628984519983e-24, nan 
0.625, -61.625, 5.906238574742392e-24, nan 
0.875, -61.625, 4.951755548107901e-24, nan 
1.125, -61.625, 1.1360423397830785e-23, nan 
1.375, -61.625, 2.1722753225097824e-23, nan 
1.625, -61.625, 1.83943026659151e-23, nan 
1.875, -61.625, 1.9942588957900698e-23, nan 
2.125, -61.625, 3.632360995846434e-23, nan 
2.375, -61.625, 3.2838674971503846e-23, nan 
2.625, -61.625, 2.4355197327966522e-23, nan 
2.875, -61.625, 1.8304160559814656e-23, nan 
3.125, -61.625, 1.6300564704491363e-23, nan 
3.375, -61.625, 1.5787660863860788e-23, nan 
3.625, -61.625, 1.0834087446606783e-23, nan 
3.875, -61.625, 3.854125187634636e-24, nan 
4.125, -61.625, 4.04683454821866e-24, nan 
4.375, -61.625, 5.715666340855844e-24, nan 
-25.375, -61.375, 7.909292601823317e-23, nan 
-25.125, -61.375, 5.629954849763503e-23, nan 
-24.875, -61.375, 2.464958399625483e-23, nan 
-24.625, -61.375, 2.1980748611368563e-23, nan 
-24.375, -61.375, 2.355464107584973e-23, nan 
-24.125, -61.375, 1.3491808926105263e-23, nan 
-23.875, -61.375, 6.64881528755858e-24, nan 
-23.625, -61.375, 1.6526401592127013e-23, nan 
-23.375, -61.375, 2.336886285557204e-23, nan 
-23.125, -61.375, 1.9125476272474743e-23, nan 
-22.875, -61.375, 3.770853020983797e-23, nan 
-22.625, -61.375, 3.272001085803946e-23, nan 
-22.375, -61.375, 2.1656806762378882e-23, nan 
-22.125, -61.375, 1.2272628485381452e-23, nan 
-21.875, -61.375, 9.245594706214648e-24, nan 
-21.625, -61.375, 1.8406057094929906e-23, nan 
-21.375, -61.375, 2.4991145388471876e-23, nan 
-21.125, -61.375, 2.712509655159742e-23, nan 
-20.875, -61.375, 2.974929135761712e-23, nan 
-20.625, -61.375, 2.5226267034371835e-23, nan 
-20.375, -61.375, 2.6203090430600618e-23, nan 
-20.125, -61.375, 2.3420002973581312e-23, nan 
-19.875, -61.375, 1.9338031835615054e-23, nan 
-19.625, -61.375, 1.6145982463673688e-23, nan 
-19.375, -61.375, 1.1619002179709043e-23, nan 
-19.125, -61.375, 1.3878522106625702e-23, nan 
-18.875, -61.375, 1.41067734825403e-23, nan 
-18.625, -61.375, 9.229396370298268e-24, nan 
-18.375, -61.375, 3.0420746415497753e-23, nan 
-18.125, -61.375, 7.701001943846164e-23, nan 
-17.875, -61.375, 5.858086594572298e-23, nan 
-17.625, -61.375, 6.292311836885339e-23, nan 
-17.375, -61.375, 6.339555986180153e-23, nan 
-17.125, -61.375, 5.321766856102458e-23, nan 
-16.875, -61.375, 4.188470330774097e-23, nan 
-16.625, -61.375, 2.813526741667501e-23, nan 
-16.375, -61.375, 1.3794259256904512e-23, nan 
-16.125, -61.375, 1.1524509385693423e-23, nan 
-15.875, -61.375, 1.1278858168235695e-23, nan 
-15.625, -61.375, 6.654658356318313e-24, nan 
-15.375, -61.375, 9.038616164953243e-24, nan 
-15.125, -61.375, 8.499313547335973e-24, nan 
-14.875, -61.375, 1.6801991360555654e-23, nan 
-14.625, -61.375, 2.1685690603355072e-23, nan 
-14.375, -61.375, 2.080910368090404e-23, nan 
-14.125, -61.375, 2.7512059469347625e-23, nan 
-13.875, -61.375, 3.402809738159019e-23, nan 
-13.625, -61.375, 3.128878673620441e-23, nan 
-13.375, -61.375, 2.9840566576798283e-23, nan 
-13.125, -61.375, 3.8997211651871046e-23, nan 
-12.875, -61.375, 2.663906078774034e-23, nan 
-12.625, -61.375, 2.517357044884042e-23, nan 
-12.375, -61.375, 2.908048085634318e-23, nan 
-12.125, -61.375, 1.6510133073118492e-23, nan 
-11.875, -61.375, 7.664663326691038e-24, nan 
-11.625, -61.375, 8.054524354419302e-24, nan 
-11.375, -61.375, 7.928859755314127e-24, nan 
-11.125, -61.375, 6.690232288009799e-24, nan 
-10.875, -61.375, 7.254221486045567e-24, nan 
-10.625, -61.375, 7.299994740908881e-24, nan 
-10.375, -61.375, 5.71350031002922e-24, nan 
-10.125, -61.375, 3.145892712213984e-24, nan 
-9.875, -61.375, 2.3965230138468053e-24, nan 
-9.625, -61.375, 3.8423564340945416e-24, nan 
-9.375, -61.375, 3.575135623201233e-24, nan 
-9.125, -61.375, 1.9693495822918516e-24, nan 
-8.875, -61.375, 3.2534332202912256e-24, nan 
-8.625, -61.375, 4.5974327522892814e-24, nan 
-8.375, -61.375, 5.923039031995037e-24, nan 
-8.125, -61.375, 5.965410873665778e-24, nan 
-7.875, -61.375, 8.27429088181856e-24, nan 
-7.625, -61.375, 9.620044319190204e-24, nan 
-7.375, -61.375, 9.985699215785478e-24, nan 
-7.125, -61.375, 1.512684222397786e-23, nan 
-6.875, -61.375, 1.9188089381427363e-23, nan 
-6.625, -61.375, 9.376091459637806e-24, nan 
-6.375, -61.375, 1.7638239927171355e-23, nan 
-6.125, -61.375, 2.3860159306946204e-23, nan 
-5.875, -61.375, 2.4424100658817943e-23, nan 
-5.625, -61.375, 1.9756191252578212e-23, nan 
-5.375, -61.375, 1.5852374296664488e-23, nan 
-5.125, -61.375, 1.4271088653691233e-23, nan 
-4.875, -61.375, 1.3879957244480828e-23, nan 
-4.625, -61.375, 9.503952601350155e-24, nan 
-4.375, -61.375, 6.216332079367252e-24, nan 
-4.125, -61.375, 4.013133642280303e-24, nan 
-3.875, -61.375, 8.831069008633841e-24, nan 
-3.625, -61.375, 5.149248866369765e-24, nan 
-3.375, -61.375, 3.2711009274352615e-24, nan 
-3.125, -61.375, 2.6379080790984523e-24, nan 
-2.875, -61.375, 4.342617270378237e-24, nan 
-2.625, -61.375, 2.748005651806894e-24, nan 
-2.375, -61.375, 2.7319996199400235e-24, nan 
-2.125, -61.375, 2.634170679697753e-24, nan 
-1.875, -61.375, 2.448839456051104e-24, nan 
-1.625, -61.375, 3.99477551728508e-24, nan 
-1.375, -61.375, 3.465584941822397e-24, nan 
-1.125, -61.375, 2.0533717745912756e-24, nan 
-0.875, -61.375, 3.1817383877760517e-24, nan 
-0.625, -61.375, 3.257132266284273e-24, nan 
-0.375, -61.375, 2.514256891376055e-24, nan 
-0.125, -61.375, 2.721461875255631e-24, nan 
0.125, -61.375, 4.353583925415237e-24, nan 
0.375, -61.375, 4.8001174236857574e-24, nan 
0.625, -61.375, 4.719299230232496e-24, nan 
0.875, -61.375, 3.713573416637813e-24, nan 
1.125, -61.375, 4.229130272263117e-24, nan 
1.375, -61.375, 3.0662580012804335e-24, nan 
1.625, -61.375, 4.274612095354213e-24, nan 
1.875, -61.375, 1.569808563685496e-23, nan 
2.125, -61.375, 2.659522693975239e-23, nan 
2.375, -61.375, 2.175993035400642e-23, nan 
2.625, -61.375, 1.8230811442431415e-23, nan 
2.875, -61.375, 1.3012526023391411e-23, nan 
3.125, -61.375, 4.5513424403977664e-24, nan 
3.375, -61.375, 4.978518865148792e-24, nan 
3.625, -61.375, 4.8541555879610065e-24, nan 
3.875, -61.375, 6.2517744110696144e-24, nan 
4.125, -61.375, 7.616345020314076e-24, nan 
-25.125, -61.125, 7.235332630587566e-23, nan 
-24.875, -61.125, 5.89440986283809e-23, nan 
-24.625, -61.125, 6.261812306274415e-23, nan 
-24.375, -61.125, 4.196295935937931e-23, nan 
-24.125, -61.125, 3.57683225523499e-24, nan 
-23.875, -61.125, 6.197371449755773e-24, nan 
-23.625, -61.125, 8.750410068219629e-24, nan 
-23.375, -61.125, 9.646899141832143e-24, nan 
-23.125, -61.125, 5.27176988459649e-24, nan 
-22.875, -61.125, 9.790829144764821e-24, nan 
-22.625, -61.125, 1.6098114155543225e-23, nan 
-22.375, -61.125, 1.5080913929312532e-23, nan 
-22.125, -61.125, 1.1190057915671752e-23, nan 
-21.875, -61.125, 1.3445948269850487e-23, nan 
-21.625, -61.125, 1.1150257270415944e-23, nan 
-21.375, -61.125, 1.8048544523095726e-23, nan 
-21.125, -61.125, 2.5356269297848747e-23, nan 
-20.875, -61.125, 2.786408938500628e-23, nan 
-20.625, -61.125, 2.394660246240258e-23, nan 
-20.375, -61.125, 2.8054092884965755e-23, nan 
-20.125, -61.125, 2.78249778873384e-23, nan 
-19.875, -61.125, 2.366570342983889e-23, nan 
-19.625, -61.125, 1.7429052022133755e-23, nan 
-19.375, -61.125, 1.6096675008001775e-23, nan 
-19.125, -61.125, 1.6497561955228966e-23, nan 
-18.875, -61.125, 1.0236076914480123e-23, nan 
-18.625, -61.125, 1.1791066013213417e-23, nan 
-18.375, -61.125, 6.733778997104656e-24, nan 
-18.125, -61.125, 4.308120063925157e-24, nan 
-17.875, -61.125, 2.3766807769945312e-23, nan 
-17.625, -61.125, 4.932570937107464e-23, nan 
-17.375, -61.125, 4.8145650941522336e-23, nan 
-17.125, -61.125, 4.501461413250594e-23, nan 
-16.875, -61.125, 2.2651429040570244e-23, nan 
-16.625, -61.125, 2.812803423637871e-23, nan 
-16.375, -61.125, 1.926098372177507e-23, nan 
-16.125, -61.125, 1.5662369840765126e-23, nan 
-15.875, -61.125, 1.3832568321095245e-23, nan 
-15.625, -61.125, 9.949332844547452e-24, nan 
-15.375, -61.125, 1.1042657959669272e-23, nan 
-15.125, -61.125, 9.884241751517544e-24, nan 
-14.875, -61.125, 1.3135213070414971e-23, nan 
-14.625, -61.125, 1.8836379252969323e-23, nan 
-14.375, -61.125, 1.7939669460832124e-23, nan 
-14.125, -61.125, 2.120987413855334e-23, nan 
-13.875, -61.125, 2.2742923104137716e-23, nan 
-13.625, -61.125, 2.0492146325583496e-23, nan 
-13.375, -61.125, 2.6853476772603046e-23, nan 
-13.125, -61.125, 3.1379640955763437e-23, nan 
-12.875, -61.125, 2.1790976081835745e-23, nan 
-12.625, -61.125, 2.5869483192471252e-23, nan 
-12.375, -61.125, 2.386453711643073e-23, nan 
-12.125, -61.125, 1.5805442833165104e-23, nan 
-11.875, -61.125, 8.670995885743612e-24, nan 
-11.625, -61.125, 5.99007916004124e-24, nan 
-11.375, -61.125, 7.30556426053341e-24, nan 
-11.125, -61.125, 5.2734566550555045e-24, nan 
-10.875, -61.125, 3.280359547907388e-24, nan 
-10.625, -61.125, 4.4513310988568284e-24, nan 
-10.375, -61.125, 3.4757229878662615e-24, nan 
-10.125, -61.125, 2.9698316583624324e-24, nan 
-9.875, -61.125, 1.5072726026402627e-24, nan 
-9.625, -61.125, 3.07910556481483e-24, nan 
-9.375, -61.125, 5.419650700462035e-24, nan 
-9.125, -61.125, 2.0822999216904724e-24, nan 
-8.875, -61.125, 4.420595297570659e-24, nan 
-8.625, -61.125, 6.744710039209818e-24, nan 
-8.375, -61.125, 5.2833858792025965e-24, nan 
-8.125, -61.125, 7.030533634251108e-24, nan 
-7.875, -61.125, 5.780009500878897e-24, nan 
-7.625, -61.125, 7.107603613838326e-24, nan 
-7.375, -61.125, 6.513790384530103e-24, nan 
-7.125, -61.125, 5.825366964473221e-24, nan 
-6.875, -61.125, 8.198396270715248e-24, nan 
-6.625, -61.125, 8.629568703418452e-24, nan 
-6.375, -61.125, 8.853898084479685e-24, nan 
-6.125, -61.125, 1.0731491776655053e-23, nan 
-5.875, -61.125, 1.597852420335759e-23, nan 
-5.625, -61.125, 3.151659000398715e-23, nan 
-5.375, -61.125, 2.4373904563334915e-23, nan 
-5.125, -61.125, 1.987014773180291e-23, nan 
-4.875, -61.125, 1.6148398155514124e-23, nan 
-4.625, -61.125, 4.7477261614789976e-24, nan 
-4.375, -61.125, 1.80958162020333e-23, nan 
-4.125, -61.125, 2.1771753914420207e-23, nan 
-3.875, -61.125, 7.267475007510776e-24, nan 
-3.625, -61.125, 2.5832351342619232e-24, nan 
-3.375, -61.125, 5.268425404736495e-24, nan 
-3.125, -61.125, 5.111623875553227e-24, nan 
-2.875, -61.125, 2.213055902179569e-24, nan 
-2.625, -61.125, 2.2112517389439418e-24, nan 
-2.375, -61.125, 2.151049550965682e-24, nan 
-2.125, -61.125, 2.2715078888346844e-24, nan 
-1.875, -61.125, 2.1863173041032937e-24, nan 
-1.625, -61.125, 3.273440152379157e-24, nan 
-1.375, -61.125, 3.504548381618576e-24, nan 
-1.125, -61.125, 1.0328644583750276e-24, nan 
-0.875, -61.125, 1.504085311166993e-24, nan 
-0.625, -61.125, 1.7637333046364094e-24, nan 
-0.375, -61.125, 1.8015162450974323e-24, nan 
-0.125, -61.125, 2.3887453831464356e-24, nan 
0.125, -61.125, 2.3494755705034634e-24, nan 
0.375, -61.125, 2.9946043730136493e-24, nan 
0.625, -61.125, 5.231285595701107e-24, nan 
0.875, -61.125, 6.264665917642762e-24, nan 
1.125, -61.125, 3.79851156178198e-24, nan 
1.375, -61.125, 4.602854927598621e-24, nan 
1.625, -61.125, 3.314056661800735e-24, nan 
1.875, -61.125, 4.323484022526129e-24, nan 
2.125, -61.125, 3.465225950502108e-24, nan 
2.375, -61.125, 2.8019008987322236e-24, nan 
2.625, -61.125, 4.379944165069401e-24, nan 
2.875, -61.125, 5.419293091506214e-24, nan 
3.125, -61.125, 5.309669392969336e-24, nan 
3.375, -61.125, 9.37998498265371e-24, nan 
3.625, -61.125, 7.392084643835236e-24, nan 
3.875, -61.125, 5.8532764286991325e-24, nan 
4.125, -61.125, 9.270906597094942e-24, nan 
-24.875, -60.875, 5.33815591650338e-23, nan 
-24.625, -60.875, 4.5415131472516206e-23, nan 
-24.375, -60.875, 2.9988866517108745e-23, nan 
-24.125, -60.875, 6.740538750945904e-24, nan 
-23.875, -60.875, 7.801991295178272e-24, nan 
-23.625, -60.875, 9.85208467788427e-24, nan 
-23.375, -60.875, 9.404202358924302e-24, nan 
-23.125, -60.875, 1.0859667603391471e-23, nan 
-22.875, -60.875, 9.818953160109782e-24, nan 
-22.625, -60.875, 9.972790791244151e-24, nan 
-22.375, -60.875, 9.472328499167381e-24, nan 
-22.125, -60.875, 1.1313466159274963e-23, nan 
-21.875, -60.875, 1.4823931140287977e-23, nan 
-21.625, -60.875, 9.474350698358836e-24, nan 
-21.375, -60.875, 1.6385654596862925e-23, nan 
-21.125, -60.875, 2.3400237893732648e-23, nan 
-20.875, -60.875, 2.6699398576739815e-23, nan 
-20.625, -60.875, 2.556746022725765e-23, nan 
-20.375, -60.875, 2.842695906402017e-23, nan 
-20.125, -60.875, 3.004904903960136e-23, nan 
-19.875, -60.875, 2.5071444140769042e-23, nan 
-19.625, -60.875, 1.9720151203778377e-23, nan 
-19.375, -60.875, 1.8140945334672646e-23, nan 
-19.125, -60.875, 1.3234473637434392e-23, nan 
-18.875, -60.875, 8.38945141483073e-24, nan 
-18.625, -60.875, 8.16070894986716e-24, nan 
-18.375, -60.875, 9.44967550675044e-24, nan 
-18.125, -60.875, 6.085069268437122e-24, nan 
-17.875, -60.875, 6.541176530137632e-24, nan 
-17.625, -60.875, 1.1679817349838163e-23, nan 
-17.375, -60.875, 7.93715614743018e-24, nan 
-17.125, -60.875, 1.2587830563207876e-23, nan 
-16.875, -60.875, 2.050519704800203e-23, nan 
-16.625, -60.875, 2.6753546101511415e-23, nan 
-16.375, -60.875, 1.5792271607381967e-23, nan 
-16.125, -60.875, 1.6104100334281782e-23, nan 
-15.875, -60.875, 1.9228620911089702e-23, nan 
-15.625, -60.875, 1.1484773532589799e-23, nan 
-15.375, -60.875, 1.2755570818798924e-23, nan 
-15.125, -60.875, 1.1372402497957582e-23, nan 
-14.875, -60.875, 7.505905578126397e-24, nan 
-14.625, -60.875, 1.1714511604438623e-23, nan 
-14.375, -60.875, 1.6677548461938863e-23, nan 
-14.125, -60.875, 2.0237643943150408e-23, nan 
-13.875, -60.875, 2.020583878552019e-23, nan 
-13.625, -60.875, 2.818875863403001e-23, nan 
-13.375, -60.875, 2.6350374420883446e-23, nan 
-13.125, -60.875, 2.168773275516973e-23, nan 
-12.875, -60.875, 2.074770964061061e-23, nan 
-12.625, -60.875, 1.5589276913937134e-23, nan 
-12.375, -60.875, 8.566588355539986e-24, nan 
-12.125, -60.875, 8.795082334579409e-24, nan 
-11.875, -60.875, 8.228619012994353e-24, nan 
-11.625, -60.875, 6.097063008225647e-24, nan 
-11.375, -60.875, 7.588563701150498e-24, nan 
-11.125, -60.875, 4.973385763164337e-24, nan 
-10.875, -60.875, 4.290635385136961e-24, nan 
-10.625, -60.875, 2.9455503572747633e-24, nan 
-10.375, -60.875, 3.1675718587979637e-24, nan 
-10.125, -60.875, 2.3047072647926856e-24, nan 
-9.875, -60.875, 3.141127295118364e-24, nan 
-9.625, -60.875, 5.197935227230454e-24, nan 
-9.375, -60.875, 4.335654624647448e-24, nan 
-9.125, -60.875, 1.8183969771628712e-24, nan 
-8.875, -60.875, 4.594803729264646e-24, nan 
-8.625, -60.875, 6.014283299637729e-24, nan 
-8.375, -60.875, 5.842901785016833e-24, nan 
-8.125, -60.875, 5.147991190850397e-24, nan 
-7.875, -60.875, 2.427838275347744e-24, nan 
-7.625, -60.875, 5.8099216396562625e-24, nan 
-7.375, -60.875, 6.108880235143501e-24, nan 
-7.125, -60.875, 5.438651136726268e-24, nan 
-6.875, -60.875, 7.720447603816421e-24, nan 
-6.625, -60.875, 9.66687899519533e-24, nan 
-6.375, -60.875, 1.5745772961274223e-23, nan 
-6.125, -60.875, 1.8804743656051434e-23, nan 
-5.875, -60.875, 2.2230733384987163e-23, nan 
-5.625, -60.875, 3.2012864956088213e-23, nan 
-5.375, -60.875, 3.057330302055573e-23, nan 
-5.125, -60.875, 2.3668445549630356e-23, nan 
-4.875, -60.875, 1.618786716450495e-23, nan 
-4.625, -60.875, 1.0602020064444616e-23, nan 
-4.375, -60.875, 2.7051523831302664e-23, nan 
-4.125, -60.875, 2.7854855448437e-23, nan 
-3.875, -60.875, 6.219932815035924e-24, nan 
-3.625, -60.875, 1.0981013408087848e-23, nan 
-3.375, -60.875, 8.398651597441518e-24, nan 
-3.125, -60.875, 4.639557878740548e-24, nan 
-2.875, -60.875, 2.2108616460129537e-24, nan 
-2.625, -60.875, 3.5077776698380974e-24, nan 
-2.375, -60.875, 5.13187623084169e-24, nan 
-2.125, -60.875, 2.6061641154714967e-24, nan 
-1.875, -60.875, 1.7048332855845503e-24, nan 
-1.625, -60.875, 2.386455069871298e-24, nan 
-1.375, -60.875, 2.1912174432908226e-24, nan 
-1.125, -60.875, 2.0797270899146768e-24, nan 
-0.875, -60.875, 2.400063010069962e-24, nan 
-0.625, -60.875, 5.25213471771995e-25, nan 
-0.375, -60.875, 2.7200910929923154e-24, nan 
-0.125, -60.875, 3.801276133216151e-24, nan 
0.125, -60.875, 2.320410387402594e-24, nan 
0.375, -60.875, 2.1273022638855848e-24, nan 
0.625, -60.875, 3.985734472409668e-24, nan 
0.875, -60.875, 6.853476477008287e-24, nan 
1.125, -60.875, 3.6494744884268476e-24, nan 
1.375, -60.875, 3.880884501529024e-24, nan 
1.625, -60.875, 6.366241373200368e-24, nan 
1.875, -60.875, 4.0716985448676e-24, nan 
2.125, -60.875, 3.892544254940627e-24, nan 
2.375, -60.875, 4.314494635312616e-24, nan 
2.625, -60.875, 6.10377050879419e-24, nan 
2.875, -60.875, 6.026287859147751e-24, nan 
3.125, -60.875, 6.076891821668782e-24, nan 
3.375, -60.875, 6.697075964230562e-24, nan 
3.625, -60.875, 4.548779551946459e-24, nan 
3.875, -60.875, 1.9058159156541694e-24, nan 
-24.375, -60.625, 1.8980769570143656e-23, nan 
-24.125, -60.625, 1.7929248450897748e-23, nan 
-23.875, -60.625, 1.1881685383517424e-23, nan 
-23.625, -60.625, 1.1479277422953765e-23, nan 
-23.375, -60.625, 1.01949251936878e-23, nan 
-23.125, -60.625, 1.0998788129060705e-23, nan 
-22.875, -60.625, 1.5411619836129594e-23, nan 
-22.625, -60.625, 7.0668332662151e-23, nan 
-22.375, -60.625, 7.561619042978423e-23, nan 
-22.125, -60.625, 8.37433898792391e-24, nan 
-21.875, -60.625, 1.740107749681465e-23, nan 
-21.625, -60.625, 9.458581207404607e-24, nan 
-21.375, -60.625, 7.315706007277553e-23, nan 
-21.125, -60.625, 6.787637252700003e-23, nan 
-20.875, -60.625, 2.68864938980401e-23, nan 
-20.625, -60.625, 3.083002885822739e-23, nan 
-20.375, -60.625, 2.8910810056034743e-23, nan 
-20.125, -60.625, 2.9509463870634465e-23, nan 
-19.875, -60.625, 2.2023983918271807e-23, nan 
-19.625, -60.625, 1.7910405244138155e-23, nan 
-19.375, -60.625, 1.5260741455793925e-23, nan 
-19.125, -60.625, 9.090156299050636e-24, nan 
-18.875, -60.625, 6.46456483798647e-24, nan 
-18.625, -60.625, 4.133048120572268e-24, nan 
-18.375, -60.625, 5.654990758089093e-24, nan 
-18.125, -60.625, 5.274345497654873e-24, nan 
-17.875, -60.625, 4.928033825109182e-24, nan 
-17.625, -60.625, 4.730203282977821e-24, nan 
-17.375, -60.625, 6.829724507647027e-24, nan 
-17.125, -60.625, 1.2142163043893196e-23, nan 
-16.875, -60.625, 1.7711432019038665e-23, nan 
-16.625, -60.625, 1.910434214432554e-23, nan 
-16.375, -60.625, 1.6024253441689534e-23, nan 
-16.125, -60.625, 1.5293553560631706e-23, nan 
-15.875, -60.625, 1.541385688799672e-23, nan 
-15.625, -60.625, 1.1059124020721676e-23, nan 
-15.375, -60.625, 8.238740361622831e-24, nan 
-15.125, -60.625, 6.4667124085637296e-24, nan 
-14.875, -60.625, 6.916884591854097e-24, nan 
-14.625, -60.625, 8.31574695926865e-24, nan 
-14.375, -60.625, 7.349971087915234e-24, nan 
-14.125, -60.625, 3.755856567564796e-24, nan 
-13.875, -60.625, 1.0622759691027686e-23, nan 
-13.625, -60.625, 1.7168622770119495e-23, nan 
-13.375, -60.625, 1.685529418899812e-23, nan 
-13.125, -60.625, 4.7559011959740596e-24, nan 
-12.875, -60.625, 4.6384998845293486e-24, nan 
-12.625, -60.625, 3.5676798948731746e-24, nan 
-12.375, -60.625, 4.277324869273355e-24, nan 
-12.125, -60.625, 4.032514139713302e-24, nan 
-11.875, -60.625, 3.464440012695024e-24, nan 
-11.625, -60.625, 3.065148206675644e-24, nan 
-11.375, -60.625, 3.830116298190805e-24, nan 
-11.125, -60.625, 4.7767434911796045e-24, nan 
-10.875, -60.625, 4.0357532081469736e-24, nan 
-10.625, -60.625, 3.041509575803684e-24, nan 
-10.375, -60.625, 4.166327888702877e-24, nan 
-10.125, -60.625, 1.5145396507330632e-24, nan 
-9.875, -60.625, 4.057119400096118e-24, nan 
-9.625, -60.625, 7.534426832539481e-24, nan 
-9.375, -60.625, 6.106111060959577e-24, nan 
-9.125, -60.625, 3.897772288360031e-24, nan 
-8.875, -60.625, 6.810147668047376e-24, nan 
-8.625, -60.625, 7.193647184365227e-24, nan 
-8.375, -60.625, 4.820745792953646e-24, nan 
-8.125, -60.625, 5.677092090740007e-24, nan 
-7.875, -60.625, 5.0671687535467e-24, nan 
-7.625, -60.625, 3.029427429563713e-24, nan 
-7.375, -60.625, 5.276418774129596e-24, nan 
-7.125, -60.625, 5.271316834010106e-24, nan 
-6.875, -60.625, 8.344444028788318e-24, nan 
-6.625, -60.625, 8.405382598285411e-24, nan 
-6.375, -60.625, 1.558642634855802e-23, nan 
-6.125, -60.625, 1.9344277186954175e-23, nan 
-5.875, -60.625, 1.791698835106843e-23, nan 
-5.625, -60.625, 2.7231798835250055e-23, nan 
-5.375, -60.625, 2.9083833491093303e-23, nan 
-5.125, -60.625, 2.5788580543101376e-23, nan 
-4.875, -60.625, 1.7574117616784403e-23, nan 
-4.625, -60.625, 1.2328015093669361e-23, nan 
-4.375, -60.625, 1.997977618968152e-23, nan 
-4.125, -60.625, 1.6267733557534376e-23, nan 
-3.875, -60.625, 4.7132477077656006e-24, nan 
-3.625, -60.625, 2.679609314985074e-24, nan 
-3.375, -60.625, 2.8652200779011647e-24, nan 
-3.125, -60.625, 3.757037874956551e-24, nan 
-2.875, -60.625, 2.2577364083006408e-24, nan 
-2.625, -60.625, 4.235522253650587e-24, nan 
-2.375, -60.625, 6.803655941630073e-24, nan 
-2.125, -60.625, 3.3038444412379694e-24, nan 
-1.875, -60.625, 3.1472689789996283e-24, nan 
-1.625, -60.625, 4.34733018679706e-24, nan 
-1.375, -60.625, 6.721349785377607e-24, nan 
-1.125, -60.625, 3.872525707703032e-24, nan 
-0.875, -60.625, 1.5165737109061872e-24, nan 
-0.625, -60.625, 1.2401908147754221e-24, nan 
-0.375, -60.625, 2.0315785941780223e-24, nan 
-0.125, -60.625, 2.3556719894408878e-24, nan 
0.125, -60.625, 3.490619732614343e-24, nan 
0.375, -60.625, 4.385931075079851e-24, nan 
0.625, -60.625, 4.1760045736585194e-24, nan 
0.875, -60.625, 7.414957839303764e-24, nan 
1.125, -60.625, 3.788122782302778e-24, nan 
1.375, -60.625, 3.6983746612734225e-24, nan 
1.625, -60.625, 1.0320818884889389e-23, nan 
1.875, -60.625, 4.137300313508209e-24, nan 
2.125, -60.625, 4.611722240298372e-24, nan 
2.375, -60.625, 8.582967296678093e-24, nan 
2.625, -60.625, 6.728233750972152e-24, nan 
2.875, -60.625, 4.925095316532328e-24, nan 
3.125, -60.625, 5.500350573588683e-24, nan 
3.375, -60.625, 3.3785672923497046e-24, nan 
3.625, -60.625, 6.130654980756192e-24, nan 
3.875, -60.625, 3.3469438498513626e-24, nan 
-24.125, -60.375, 2.2749479806705206e-23, nan 
-23.875, -60.375, 1.7892456726778182e-23, nan 
-23.625, -60.375, 1.5647755928239005e-23, nan 
-23.375, -60.375, 4.037520805167894e-23, nan 
-23.125, -60.375, 4.947438326877422e-23, nan 
-22.875, -60.375, 2.2039567073403995e-23, nan 
-22.625, -60.375, 1.098804103293059e-22, nan 
-22.375, -60.375, 1.0747025647587137e-22, nan 
-22.125, -60.375, 4.963002173191634e-23, nan 
-21.875, -60.375, 7.256611229936823e-23, nan 
-21.625, -60.375, 7.875999253157952e-23, nan 
-21.375, -60.375, 1.0780357557780887e-22, nan 
-21.125, -60.375, 1.0382089277308269e-22, nan 
-20.875, -60.375, 4.931732795962646e-23, nan 
-20.625, -60.375, 7.532017753820095e-23, nan 
-20.375, -60.375, 7.112867359719314e-23, nan 
-20.125, -60.375, 4.2559015603728786e-23, nan 
-19.875, -60.375, 2.0514470199857504e-23, nan 
-19.625, -60.375, 1.2981843927586266e-23, nan 
-19.375, -60.375, 7.750709252434233e-24, nan 
-19.125, -60.375, 7.238713332603283e-24, nan 
-18.875, -60.375, 5.276339002576027e-24, nan 
-18.625, -60.375, 2.1067578297980186e-24, nan 
-18.375, -60.375, 2.5164919827015217e-24, nan 
-18.125, -60.375, 4.480512737645074e-24, nan 
-17.875, -60.375, 3.953762038363526e-24, nan 
-17.625, -60.375, 4.276752675445214e-24, nan 
-17.375, -60.375, 1.0845395744789433e-23, nan 
-17.125, -60.375, 1.2631415569849185e-23, nan 
-16.875, -60.375, 1.3736137751897832e-23, nan 
-16.625, -60.375, 1.8893413033248147e-23, nan 
-16.375, -60.375, 1.660034314286443e-23, nan 
-16.125, -60.375, 1.3448908584991486e-23, nan 
-15.875, -60.375, 9.046002979068175e-24, nan 
-15.625, -60.375, 6.399385399375102e-24, nan 
-15.375, -60.375, 6.279385194943867e-24, nan 
-15.125, -60.375, 5.555399768753471e-24, nan 
-14.875, -60.375, 6.705439829914844e-24, nan 
-14.625, -60.375, 6.990622450982705e-24, nan 
-14.375, -60.375, 6.4195303765648675e-24, nan 
-14.125, -60.375, 1.3790014834997338e-23, nan 
-13.875, -60.375, 3.1429882084117214e-24, nan 
-13.625, -60.375, 4.499481775088828e-24, nan 
-13.375, -60.375, 3.055771161120266e-24, nan 
-13.125, -60.375, 2.243304007267154e-24, nan 
-12.875, -60.375, 3.0270980625512794e-24, nan 
-12.625, -60.375, 4.314245511591408e-24, nan 
-12.375, -60.375, 3.2589431079966217e-24, nan 
-12.125, -60.375, 8.165708445419709e-24, nan 
-11.875, -60.375, 3.861626538462748e-24, nan 
-11.625, -60.375, 1.9854028203191013e-24, nan 
-11.375, -60.375, 5.8864371048086214e-24, nan 
-11.125, -60.375, 1.866115595319205e-24, nan 
-10.875, -60.375, 2.2725756001439014e-24, nan 
-10.625, -60.375, 4.042732393366318e-24, nan 
-10.375, -60.375, 5.008736577074154e-24, nan 
-10.125, -60.375, 3.0301934564560607e-24, nan 
-9.875, -60.375, 3.478468644901311e-24, nan 
-9.625, -60.375, 6.047548008198899e-24, nan 
-9.375, -60.375, 4.9077523219673595e-24, nan 
-9.125, -60.375, 6.024100006426072e-24, nan 
-8.875, -60.375, 8.023059419484981e-24, nan 
-8.625, -60.375, 7.755508101862546e-24, nan 
-8.375, -60.375, 1.5971611405187014e-23, nan 
-8.125, -60.375, 1.9210791716814447e-23, nan 
-7.875, -60.375, 1.718217569470993e-23, nan 
-7.625, -60.375, 8.690335891423778e-24, nan 
-7.375, -60.375, 5.8392639471265504e-24, nan 
-7.125, -60.375, 7.279365761243194e-24, nan 
-6.875, -60.375, 4.463953980187295e-24, nan 
-6.625, -60.375, 4.64694509235908e-24, nan 
-6.375, -60.375, 4.945846687964616e-24, nan 
-6.125, -60.375, 5.189579891623083e-24, nan 
-5.875, -60.375, 5.961521347647337e-24, nan 
-5.625, -60.375, 2.2816204473089213e-23, nan 
-5.375, -60.375, 1.8885553407020825e-23, nan 
-5.125, -60.375, 1.8060189396319208e-23, nan 
-4.875, -60.375, 1.409777128612475e-23, nan 
-4.625, -60.375, 2.3464005447702078e-24, nan 
-4.375, -60.375, 3.0527851303404082e-24, nan 
-4.125, -60.375, 3.715766133729867e-24, nan 
-3.875, -60.375, 3.3962470837136266e-24, nan 
-3.625, -60.375, 2.612904284027355e-24, nan 
-3.375, -60.375, 4.0401270494106124e-24, nan 
-3.125, -60.375, 5.364015346636483e-24, nan 
-2.875, -60.375, 4.1204432347884855e-24, nan 
-2.625, -60.375, 2.655378090875401e-24, nan 
-2.375, -60.375, 5.7088675848462575e-24, nan 
-2.125, -60.375, 7.339780847648598e-24, nan 
-1.875, -60.375, 2.1381389419850685e-24, nan 
-1.625, -60.375, 3.653132594089858e-24, nan 
-1.375, -60.375, 1.3438747981808552e-23, nan 
-1.125, -60.375, 4.162660712910566e-24, nan 
-0.875, -60.375, 1.3968661695363132e-24, nan 
-0.625, -60.375, 5.227118943540175e-24, nan 
-0.375, -60.375, 4.1667025563676986e-24, nan 
-0.125, -60.375, 2.3128241346763894e-24, nan 
0.125, -60.375, 5.324457662474663e-24, nan 
0.375, -60.375, 7.036146470510204e-24, nan 
0.625, -60.375, 7.486719430537243e-24, nan 
0.875, -60.375, 6.52900579667398e-24, nan 
1.125, -60.375, 4.958695902528367e-24, nan 
1.375, -60.375, 6.818720202682581e-24, nan 
1.625, -60.375, 1.9812244763343122e-23, nan 
1.875, -60.375, 8.665334237602872e-24, nan 
2.125, -60.375, 3.693664962514395e-24, nan 
2.375, -60.375, 7.565513666180617e-24, nan 
2.625, -60.375, 4.6337897689329926e-24, nan 
2.875, -60.375, 5.353503875265258e-24, nan 
3.125, -60.375, 6.245378928799818e-24, nan 
3.375, -60.375, 4.114309305319381e-24, nan 
3.625, -60.375, 5.2369002601275925e-24, nan 
-23.875, -60.125, 2.1035451293686388e-23, nan 
-23.625, -60.125, 5.257354320840488e-23, nan 
-23.375, -60.125, 4.4042375497293246e-24, nan 
-23.125, -60.125, 1.5116733155758985e-23, nan 
-22.875, -60.125, 1.8699703701625516e-23, nan 
-22.625, -60.125, 5.911588417567479e-23, nan 
-22.375, -60.125, 5.654700591762772e-23, nan 
-22.125, -60.125, 6.659251397668509e-23, nan 
-21.875, -60.125, 5.626636994866784e-23, nan 
-21.625, -60.125, 1.0063141405527773e-22, nan 
-21.375, -60.125, 1.408673961037178e-22, nan 
-21.125, -60.125, 1.1799290746520217e-22, nan 
-20.875, -60.125, 1.1717446879155245e-22, nan 
-20.625, -60.125, 9.154521324954731e-23, nan 
-20.375, -60.125, 7.754011487375898e-23, nan 
-20.125, -60.125, 6.939164217806283e-23, nan 
-19.875, -60.125, 1.8148429669184395e-23, nan 
-19.625, -60.125, 1.5465847141615227e-23, nan 
-19.375, -60.125, 6.09782640494739e-24, nan 
-19.125, -60.125, 4.860515680311996e-24, nan 
-18.875, -60.125, 4.2297929303508296e-24, nan 
-18.625, -60.125, 4.199689174550083e-24, nan 
-18.375, -60.125, 5.768389558396997e-24, nan 
-18.125, -60.125, 5.453784763883314e-24, nan 
-17.875, -60.125, 3.760370584304718e-24, nan 
-17.625, -60.125, 6.661901025497106e-24, nan 
-17.375, -60.125, 9.552131801393521e-24, nan 
-17.125, -60.125, 6.742250778310468e-24, nan 
-16.875, -60.125, 9.818327998914919e-24, nan 
-16.625, -60.125, 1.570353359010835e-23, nan 
-16.375, -60.125, 1.365348443820241e-23, nan 
-16.125, -60.125, 1.6872199499410238e-23, nan 
-15.875, -60.125, 1.9976649486950088e-23, nan 
-15.625, -60.125, 1.7686058612318237e-23, nan 
-15.375, -60.125, 1.7441055126434223e-23, nan 
-15.125, -60.125, 1.4426723590727112e-23, nan 
-14.875, -60.125, 1.5533123272945682e-23, nan 
-14.625, -60.125, 1.033666856228959e-23, nan 
-14.375, -60.125, 1.1105809581435124e-23, nan 
-14.125, -60.125, 2.5051224588254652e-23, nan 
-13.875, -60.125, 3.58181833151676e-24, nan 
-13.625, -60.125, 3.325632389332072e-24, nan 
-13.375, -60.125, 5.9961286430125526e-24, nan 
-13.125, -60.125, 2.9254956541971562e-24, nan 
-12.875, -60.125, 6.107293904550965e-24, nan 
-12.625, -60.125, 4.063591388898509e-24, nan 
-12.375, -60.125, 3.006007123773939e-24, nan 
-12.125, -60.125, 1.4555739266197073e-23, nan 
-11.875, -60.125, 6.922375705777566e-24, nan 
-11.625, -60.125, 7.094381909080613e-24, nan 
-11.375, -60.125, 1.1193884926487082e-23, nan 
-11.125, -60.125, 1.2209349430862202e-23, nan 
-10.875, -60.125, 3.252689154218734e-24, nan 
-10.625, -60.125, 5.98314782611162e-24, nan 
-10.375, -60.125, 3.838455075927975e-24, nan 
-10.125, -60.125, 2.8239313522454724e-24, nan 
-9.875, -60.125, 3.372477055482994e-24, nan 
-9.625, -60.125, 7.862091454852271e-24, nan 
-9.375, -60.125, 4.0908918121550754e-24, nan 
-9.125, -60.125, 4.885248953685778e-24, nan 
-8.875, -60.125, 1.1377543218475923e-23, nan 
-8.625, -60.125, 2.678677108925366e-23, nan 
-8.375, -60.125, 3.217919223312664e-23, nan 
-8.125, -60.125, 3.5962229786469474e-23, nan 
-7.875, -60.125, 3.6441583167921527e-23, nan 
-7.625, -60.125, 2.630618345825613e-23, nan 
-7.375, -60.125, 1.4417511782221215e-23, nan 
-7.125, -60.125, 6.747354569624762e-24, nan 
-6.875, -60.125, 5.453048174922918e-24, nan 
-6.625, -60.125, 2.888229086296356e-24, nan 
-6.375, -60.125, 2.804432994977802e-24, nan 
-6.125, -60.125, 7.610328539733328e-24, nan 
-5.875, -60.125, 2.0834870712672465e-24, nan 
-5.625, -60.125, 6.088645767515207e-24, nan 
-5.375, -60.125, 6.344046695393087e-24, nan 
-5.125, -60.125, 7.477969225737125e-24, nan 
-4.875, -60.125, 5.989103270441917e-24, nan 
-4.625, -60.125, 5.03758385586301e-24, nan 
-4.375, -60.125, 5.312873009317555e-24, nan 
-4.125, -60.125, 4.049704642723656e-24, nan 
-3.875, -60.125, 3.31899662141759e-24, nan 
-3.625, -60.125, 2.496953523306363e-24, nan 
-3.375, -60.125, 3.960834174699029e-24, nan 
-3.125, -60.125, 8.28523855441708e-24, nan 
-2.875, -60.125, 1.0559503458972417e-23, nan 
-2.625, -60.125, 4.393994977361984e-24, nan 
-2.375, -60.125, 3.657749281335262e-24, nan 
-2.125, -60.125, 2.2835623902708393e-24, nan 
-1.875, -60.125, 3.352243019163784e-24, nan 
-1.625, -60.125, 3.661248029242415e-24, nan 
-1.375, -60.125, 9.015078333634632e-24, nan 
-1.125, -60.125, 3.4680365854719356e-24, nan 
-0.875, -60.125, 2.0129563300453258e-24, nan 
-0.625, -60.125, 3.99106769482562e-24, nan 
-0.375, -60.125, 4.788878332860062e-24, nan 
-0.125, -60.125, 3.82911173574644e-24, nan 
0.125, -60.125, 8.169861548366423e-24, nan 
0.375, -60.125, 6.415448265032917e-24, nan 
0.625, -60.125, 4.811492332512884e-24, nan 
0.875, -60.125, 9.12242024695426e-24, nan 
1.125, -60.125, 6.844283913252514e-24, nan 
1.375, -60.125, 1.3229131514435624e-23, nan 
1.625, -60.125, 2.878480418913174e-23, nan 
1.875, -60.125, 2.3389665680651677e-23, nan 
2.125, -60.125, 6.38146962987398e-24, nan 
2.375, -60.125, 9.216677661724925e-24, nan 
2.625, -60.125, 5.327153172751084e-24, nan 
2.875, -60.125, 4.008848219496822e-24, nan 
3.125, -60.125, 6.615160129988387e-24, nan 
3.375, -60.125, 5.936063931796939e-24, nan 
3.625, -60.125, 3.432712635055719e-24, nan 
-23.375, -59.875, 5.820550301400455e-22, nan 
-23.125, -59.875, 5.22756879040968e-23, nan 
-22.875, -59.875, 6.926313824325125e-23, nan 
-22.625, -59.875, 8.330366503585238e-23, nan 
-22.375, -59.875, 1.8794654909213956e-22, nan 
-22.125, -59.875, 1.881042032883855e-22, nan 
-21.875, -59.875, 1.5428021627817998e-22, nan 
-21.625, -59.875, 4.0471264663084797e-22, nan 
-21.375, -59.875, 4.860372454420841e-22, nan 
-21.125, -59.875, 4.947101442744885e-22, nan 
-20.875, -59.875, 5.745434665662502e-22, nan 
-20.625, -59.875, 2.609476895437548e-22, nan 
-20.375, -59.875, 1.4018462099638122e-22, nan 
-20.125, -59.875, 1.232284587293862e-22, nan 
-19.875, -59.875, 1.3878986292507104e-22, nan 
-19.625, -59.875, 1.2547348782817272e-22, nan 
-19.375, -59.875, 1.0803587420464319e-22, nan 
-19.125, -59.875, 4.017302314659215e-23, nan 
-18.875, -59.875, 5.283693722245925e-23, nan 
-18.625, -59.875, 5.292827643297852e-23, nan 
-18.375, -59.875, 3.1713983607667635e-23, nan 
-18.125, -59.875, 2.1297163859613556e-23, nan 
-17.875, -59.875, 2.0736103831948152e-23, nan 
-17.625, -59.875, 5.072452798519934e-23, nan 
-17.375, -59.875, 6.28955656804046e-23, nan 
-17.125, -59.875, 3.824899913472736e-23, nan 
-16.875, -59.875, 1.9628755614621805e-23, nan 
-16.625, -59.875, 3.3517825954382446e-23, nan 
-16.375, -59.875, 5.336697783794093e-23, nan 
-16.125, -59.875, 6.914781760389143e-23, nan 
-15.875, -59.875, 9.633925260131103e-23, nan 
-15.625, -59.875, 8.525952725187061e-23, nan 
-15.375, -59.875, 1.0151255366035832e-22, nan 
-15.125, -59.875, 1.1998873092992704e-22, nan 
-14.875, -59.875, 9.322290897201405e-23, nan 
-14.625, -59.875, 5.989237712493299e-23, nan 
-14.375, -59.875, 1.0476294586990467e-22, nan 
-14.125, -59.875, 1.2873797105047162e-22, nan 
-13.875, -59.875, 4.44026144003198e-23, nan 
-13.625, -59.875, 1.7401795991434175e-23, nan 
-13.375, -59.875, 1.781180723406545e-23, nan 
-13.125, -59.875, 1.689994057315871e-23, nan 
-12.875, -59.875, 1.742951155893079e-23, nan 
-12.625, -59.875, 1.6806169443955653e-23, nan 
-12.375, -59.875, 1.0888475953716863e-23, nan 
-12.125, -59.875, 4.41650602515537e-23, nan 
-11.875, -59.875, 4.737997780282764e-23, nan 
-11.625, -59.875, 6.561814888300973e-23, nan 
-11.375, -59.875, 5.1892913770334634e-23, nan 
-11.125, -59.875, 1.2330018945875283e-22, nan 
-10.875, -59.875, 1.1252694024315525e-22, nan 
-10.625, -59.875, 5.36028813340377e-23, nan 
-10.375, -59.875, 4.0858272309349193e-23, nan 
-10.125, -59.875, 1.847399115709178e-23, nan 
-9.875, -59.875, 3.424221447625168e-23, nan 
-9.625, -59.875, 2.678062257533634e-23, nan 
-9.375, -59.875, 7.594954347647377e-23, nan 
-9.125, -59.875, 8.504232824562425e-23, nan 
-8.875, -59.875, 2.429201631082656e-22, nan 
-8.625, -59.875, 2.80838425475683e-22, nan 
-8.375, -59.875, 1.7237332047900876e-22, nan 
-8.125, -59.875, 1.6353152253579615e-22, nan 
-7.875, -59.875, 2.0707461569443515e-22, nan 
-7.625, -59.875, 2.4378889727821964e-22, nan 
-7.375, -59.875, 2.871830375049136e-22, nan 
-7.125, -59.875, 2.0577906499772662e-22, nan 
-6.875, -59.875, 3.324805690006374e-23, nan 
-6.625, -59.875, 1.9188362727212085e-23, nan 
-6.375, -59.875, 6.850657698858559e-23, nan 
-6.125, -59.875, 1.1923232563268973e-22, nan 
-5.875, -59.875, 8.429751446019712e-23, nan 
-5.625, -59.875, 3.854711794754047e-23, nan 
-5.375, -59.875, 7.035167814918677e-23, nan 
-5.125, -59.875, 7.21212296332042e-23, nan 
-4.875, -59.875, 4.36652094841475e-23, nan 
-4.625, -59.875, 2.0049759044265223e-23, nan 
-4.375, -59.875, 3.561457916086679e-23, nan 
-4.125, -59.875, 3.429907728323769e-23, nan 
-3.875, -59.875, 3.6679357816481794e-23, nan 
-3.625, -59.875, 4.7456835736793486e-23, nan 
-3.375, -59.875, 6.363895653349086e-23, nan 
-3.125, -59.875, 9.788183126677069e-23, nan 
-2.875, -59.875, 1.0502597061428475e-22, nan 
-2.625, -59.875, 6.686525963654211e-23, nan 
-2.375, -59.875, 6.992555475245812e-23, nan 
-2.125, -59.875, 5.987407037977483e-23, nan 
-1.875, -59.875, 3.3813949416871674e-23, nan 
-1.625, -59.875, 3.887028660299876e-23, nan 
-1.375, -59.875, 2.0601725241765857e-23, nan 
-1.125, -59.875, 3.2273277852712195e-23, nan 
-0.875, -59.875, 4.2486608004370013e-23, nan 
-0.625, -59.875, 4.368716105093876e-23, nan 
-0.375, -59.875, 5.340886850662571e-23, nan 
-0.125, -59.875, 7.544554922486961e-23, nan 
0.125, -59.875, 8.327767038217375e-23, nan 
0.375, -59.875, 1.0453164495229002e-22, nan 
0.625, -59.875, 1.0135284113664719e-22, nan 
0.875, -59.875, 3.5066687429294854e-23, nan 
1.125, -59.875, 2.123659696328534e-22, nan 
1.375, -59.875, 3.492952966562174e-22, nan 
1.625, -59.875, 3.2108123697918335e-22, nan 
1.875, -59.875, 3.3743568504081156e-22, nan 
2.125, -59.875, 2.8981408190504337e-22, nan 
2.375, -59.875, 8.359053150507353e-23, nan 
2.625, -59.875, 1.3329159697726526e-23, nan 
2.875, -59.875, 9.705729950384778e-24, nan 
3.125, -59.875, 4.284735542335636e-23, nan 
3.375, -59.875, 4.6779199391074076e-23, nan 
-23.125, -59.625, 5.892340697783092e-23, nan 
-22.875, -59.625, 6.414043458576008e-23, nan 
-22.625, -59.625, 6.291691310239565e-23, nan 
-22.375, -59.625, 8.09932842933138e-23, nan 
-22.125, -59.625, 1.2893361851805577e-22, nan 
-21.875, -59.625, 1.3855465454757312e-22, nan 
-21.625, -59.625, 9.278978566016769e-23, nan 
-21.375, -59.625, 1.214018668441705e-22, nan 
-21.125, -59.625, 2.684419347475921e-22, nan 
-20.875, -59.625, 3.4843584302500517e-22, nan 
-20.625, -59.625, 2.576690531943297e-22, nan 
-20.375, -59.625, 1.5362029645868895e-22, nan 
-20.125, -59.625, 2.6118372273859995e-22, nan 
-19.875, -59.625, 3.223477357340744e-22, nan 
-19.625, -59.625, 1.9583198811613265e-22, nan 
-19.375, -59.625, 1.0962280411673536e-22, nan 
-19.125, -59.625, 1.0106820675298113e-22, nan 
-18.875, -59.625, 5.81928628000562e-23, nan 
-18.625, -59.625, 2.958116095695642e-23, nan 
-18.375, -59.625, 9.622324097404732e-24, nan 
-18.125, -59.625, 1.508192432214358e-23, nan 
-17.875, -59.625, 2.6551372916956177e-23, nan 
-17.625, -59.625, 3.2682874626820244e-23, nan 
-17.375, -59.625, 4.228561029686592e-23, nan 
-17.125, -59.625, 4.3921623093947266e-23, nan 
-16.875, -59.625, 1.5478031631372092e-23, nan 
-16.625, -59.625, 1.3377057234667013e-23, nan 
-16.375, -59.625, 5.884291374166321e-23, nan 
-16.125, -59.625, 8.840789119602802e-23, nan 
-15.875, -59.625, 9.714531546675827e-23, nan 
-15.625, -59.625, 7.3409706627813e-23, nan 
-15.375, -59.625, 6.985716579401303e-23, nan 
-15.125, -59.625, 6.455740101425517e-23, nan 
-14.875, -59.625, 6.749606662035565e-23, nan 
-14.625, -59.625, 1.125319344241784e-22, nan 
-14.375, -59.625, 1.0823588988026453e-22, nan 
-14.125, -59.625, 8.451199985964511e-23, nan 
-13.875, -59.625, 5.0700196246105104e-23, nan 
-13.625, -59.625, 2.534970974380443e-23, nan 
-13.375, -59.625, 2.2599541168386058e-23, nan 
-13.125, -59.625, 2.2697195360569033e-23, nan 
-12.875, -59.625, 1.9229710266821597e-23, nan 
-12.625, -59.625, 3.61507086705941e-23, nan 
-12.375, -59.625, 4.109533896113946e-23, nan 
-12.125, -59.625, 2.0614707697106378e-23, nan 
-11.875, -59.625, 3.086483133737194e-23, nan 
-11.625, -59.625, 5.630637800488881e-23, nan 
-11.375, -59.625, 5.7670800800808e-23, nan 
-11.125, -59.625, 3.9862949065985003e-23, nan 
-10.875, -59.625, 4.1550637890522353e-23, nan 
-10.625, -59.625, 4.693656834252823e-23, nan 
-10.375, -59.625, 8.506259650765315e-23, nan 
-10.125, -59.625, 7.53637241222729e-23, nan 
-9.875, -59.625, 2.4798135067322573e-23, nan 
-9.625, -59.625, 9.292224016400822e-24, nan 
-9.375, -59.625, 2.888651093151666e-23, nan 
-9.125, -59.625, 4.835521024303828e-23, nan 
-8.875, -59.625, 2.3262869555311816e-22, nan 
-8.625, -59.625, 2.6907467576460436e-22, nan 
-8.375, -59.625, 2.0390990545500403e-22, nan 
-8.125, -59.625, 2.3197936645712397e-22, nan 
-7.875, -59.625, 2.0539368550612106e-22, nan 
-7.625, -59.625, 3.212886166117328e-22, nan 
-7.375, -59.625, 2.9010871467640504e-22, nan 
-7.125, -59.625, 1.070319851744331e-22, nan 
-6.875, -59.625, 3.929863880276443e-23, nan 
-6.625, -59.625, 2.7351947538023894e-23, nan 
-6.375, -59.625, 2.0039110360610648e-23, nan 
-6.125, -59.625, 3.69997128507111e-23, nan 
-5.875, -59.625, 2.835453093795684e-23, nan 
-5.625, -59.625, 4.592887037524398e-23, nan 
-5.375, -59.625, 5.138934737787856e-23, nan 
-5.125, -59.625, 2.376798118746227e-23, nan 
-4.875, -59.625, 7.075103882990862e-24, nan 
-4.625, -59.625, 4.323661621590951e-23, nan 
-4.375, -59.625, 5.168641141629531e-23, nan 
-4.125, -59.625, 3.2971499779809706e-23, nan 
-3.875, -59.625, 2.7763384711245e-23, nan 
-3.625, -59.625, 3.7541959114185123e-23, nan 
-3.375, -59.625, 4.468506944865459e-23, nan 
-3.125, -59.625, 8.91131461302816e-23, nan 
-2.875, -59.625, 1.3427849949004136e-22, nan 
-2.625, -59.625, 1.3276660384107105e-22, nan 
-2.375, -59.625, 1.0649331216980344e-22, nan 
-2.125, -59.625, 8.230857603949277e-23, nan 
-1.875, -59.625, 9.68039994403407e-23, nan 
-1.625, -59.625, 7.646429088427276e-23, nan 
-1.375, -59.625, 8.420897998552768e-23, nan 
-1.125, -59.625, 6.361127991803332e-23, nan 
-0.875, -59.625, 5.108502834917481e-23, nan 
-0.625, -59.625, 5.84458985689297e-23, nan 
-0.375, -59.625, 5.412054305406196e-23, nan 
-0.125, -59.625, 3.612509517114077e-23, nan 
0.125, -59.625, 5.769458550908531e-23, nan 
0.375, -59.625, 9.325684121395486e-23, nan 
0.625, -59.625, 8.100384259705798e-23, nan 
0.875, -59.625, 2.3661243969896707e-23, nan 
1.125, -59.625, 8.514115840337216e-24, nan 
1.375, -59.625, 1.0481723644488995e-22, nan 
1.625, -59.625, 1.9156684348913088e-22, nan 
1.875, -59.625, 1.4989969045554574e-22, nan 
2.125, -59.625, 6.324609294633482e-23, nan 
2.375, -59.625, 6.226731407849822e-23, nan 
2.625, -59.625, 1.2255024644169644e-23, nan 
2.875, -59.625, 1.6812224856673597e-23, nan 
3.125, -59.625, 3.010952640459877e-23, nan 
3.375, -59.625, 3.144373693984066e-23, nan 
-22.625, -59.375, 1.273186512325479e-22, nan 
-22.375, -59.375, 2.912336633539818e-23, nan 
-22.125, -59.375, 6.909691473316424e-23, nan 
-21.875, -59.375, 7.090441272259129e-23, nan 
-21.625, -59.375, 7.631385692424098e-23, nan 
-21.375, -59.375, 1.3472528607672271e-22, nan 
-21.125, -59.375, 1.3383515469797184e-22, nan 
-20.875, -59.375, 1.6801577009141315e-22, nan 
-20.625, -59.375, 2.5720071203821966e-22, nan 
-20.375, -59.375, 2.1268545690921194e-22, nan 
-20.125, -59.375, 1.7659804688963582e-22, nan 
-19.875, -59.375, 2.08679570916046e-22, nan 
-19.625, -59.375, 1.199740971971125e-22, nan 
-19.375, -59.375, 1.24653930012268e-22, nan 
-19.125, -59.375, 1.118055633444734e-22, nan 
-18.875, -59.375, 8.766353564866346e-23, nan 
-18.625, -59.375, 4.082763446639081e-23, nan 
-18.375, -59.375, 1.340368184017299e-23, nan 
-18.125, -59.375, 1.675330776976478e-23, nan 
-17.875, -59.375, 2.312320653822408e-23, nan 
-17.625, -59.375, 4.2739360747665604e-23, nan 
-17.375, -59.375, 7.121373111145651e-23, nan 
-17.125, -59.375, 4.8803340962677743e-23, nan 
-16.875, -59.375, 8.842307395242509e-23, nan 
-16.625, -59.375, 1.3438179435177113e-22, nan 
-16.375, -59.375, 1.1465789408588891e-22, nan 
-16.125, -59.375, 8.412526560607742e-23, nan 
-15.875, -59.375, 9.850243513212349e-23, nan 
-15.625, -59.375, 1.2333174453269712e-22, nan 
-15.375, -59.375, 1.0140950947642877e-22, nan 
-15.125, -59.375, 9.459747615272625e-23, nan 
-14.875, -59.375, 8.378700592162451e-23, nan 
-14.625, -59.375, 7.207951892569166e-23, nan 
-14.375, -59.375, 5.337655960734218e-23, nan 
-14.125, -59.375, 5.0740407652530895e-23, nan 
-13.875, -59.375, 4.6885961299448726e-23, nan 
-13.625, -59.375, 4.468705936380661e-23, nan 
-13.375, -59.375, 4.4107519643501534e-23, nan 
-13.125, -59.375, 5.0980137347418304e-23, nan 
-12.875, -59.375, 8.168698194610126e-23, nan 
-12.625, -59.375, 6.83884957869014e-23, nan 
-12.375, -59.375, 6.077493259441068e-23, nan 
-12.125, -59.375, 3.634090369503814e-23, nan 
-11.875, -59.375, 3.9214528885585244e-23, nan 
-11.625, -59.375, 4.217063830002189e-23, nan 
-11.375, -59.375, 2.1973327142231205e-23, nan 
-11.125, -59.375, 1.3362920863850415e-23, nan 
-10.875, -59.375, 2.650409310370747e-23, nan 
-10.625, -59.375, 4.3714847761204873e-23, nan 
-10.375, -59.375, 5.942315335144603e-23, nan 
-10.125, -59.375, 5.0697120990992814e-23, nan 
-9.875, -59.375, 2.482845909125568e-23, nan 
-9.625, -59.375, 1.1733800598312045e-23, nan 
-9.375, -59.375, 9.548212832759343e-24, nan 
-9.125, -59.375, 3.481570678615173e-23, nan 
-8.875, -59.375, 5.378197431381478e-23, nan 
-8.625, -59.375, 1.3497834316783667e-22, nan 
-8.375, -59.375, 1.8350612808063947e-22, nan 
-8.125, -59.375, 2.330456388069265e-22, nan 
-7.875, -59.375, 1.9075077060544127e-22, nan 
-7.625, -59.375, 1.5612245042278251e-22, nan 
-7.375, -59.375, 4.3485590494492886e-23, nan 
-7.125, -59.375, 3.8519257213515203e-23, nan 
-6.875, -59.375, 1.9597145786964323e-23, nan 
-6.625, -59.375, 3.357884112571749e-23, nan 
-6.375, -59.375, 3.554127053024906e-23, nan 
-6.125, -59.375, 2.4655722885721552e-23, nan 
-5.875, -59.375, 2.659317200660917e-23, nan 
-5.625, -59.375, 2.140219752635338e-23, nan 
-5.375, -59.375, 5.130459816553138e-24, nan 
-5.125, -59.375, 2.5637299578217793e-23, nan 
-4.875, -59.375, 4.304510563852635e-23, nan 
-4.625, -59.375, 4.054284868640846e-23, nan 
-4.375, -59.375, 2.2308924768872334e-23, nan 
-4.125, -59.375, 7.409184317414522e-24, nan 
-3.875, -59.375, 8.027590063512593e-24, nan 
-3.625, -59.375, 1.6182512022917915e-23, nan 
-3.375, -59.375, 2.0326790645882892e-23, nan 
-3.125, -59.375, 1.53231822102586e-23, nan 
-2.875, -59.375, 4.650585290826044e-23, nan 
-2.625, -59.375, 8.937767905361131e-23, nan 
-2.375, -59.375, 1.4506298754174614e-22, nan 
-2.125, -59.375, 1.5261845596528625e-22, nan 
-1.875, -59.375, 1.1538439481506274e-22, nan 
-1.625, -59.375, 5.54490019671109e-23, nan 
-1.375, -59.375, 7.47028582945868e-23, nan 
-1.125, -59.375, 7.385697543832037e-23, nan 
-0.875, -59.375, 7.621324020885121e-23, nan 
-0.625, -59.375, 6.240613708223411e-23, nan 
-0.375, -59.375, 7.434638407293491e-23, nan 
-0.125, -59.375, 6.592263443098172e-23, nan 
0.125, -59.375, 3.905728540598143e-23, nan 
0.375, -59.375, 5.2310392493800174e-23, nan 
0.625, -59.375, 5.2245298440532546e-23, nan 
0.875, -59.375, 3.827554392292632e-23, nan 
1.125, -59.375, 2.3678568207830155e-23, nan 
1.375, -59.375, 6.572400287711116e-23, nan 
1.625, -59.375, 8.762490635086391e-23, nan 
1.875, -59.375, 5.267566816857747e-23, nan 
2.125, -59.375, 8.216522056652383e-23, nan 
2.375, -59.375, 7.922587433156481e-23, nan 
2.625, -59.375, 3.7342567922522476e-23, nan 
2.875, -59.375, 4.89698069988712e-23, nan 
3.125, -59.375, 3.3565307363659137e-23, nan 
-22.375, -59.125, 1.932447065353667e-22, nan 
-22.125, -59.125, 5.614266453775061e-23, nan 
-21.875, -59.125, 1.1038828575267888e-22, nan 
-21.625, -59.125, 1.0606152935972392e-22, nan 
-21.375, -59.125, 7.051501809349158e-23, nan 
-21.125, -59.125, 6.150879307722717e-23, nan 
-20.875, -59.125, 8.744440132071187e-23, nan 
-20.625, -59.125, 1.0354678452827078e-22, nan 
-20.375, -59.125, 1.3628343248369903e-22, nan 
-20.125, -59.125, 1.3669880222376758e-22, nan 
-19.875, -59.125, 1.5163194394572314e-22, nan 
-19.625, -59.125, 1.1704584244044742e-22, nan 
-19.375, -59.125, 1.206769551666837e-22, nan 
-19.125, -59.125, 8.941889150452062e-23, nan 
-18.875, -59.125, 4.289926988012073e-23, nan 
-18.625, -59.125, 8.254276876225462e-23, nan 
-18.375, -59.125, 7.603294727984342e-23, nan 
-18.125, -59.125, 4.218100358887408e-23, nan 
-17.875, -59.125, 1.2685330178313039e-22, nan 
-17.625, -59.125, 1.1854834455931685e-22, nan 
-17.375, -59.125, 1.4163135369490393e-22, nan 
-17.125, -59.125, 1.5291582695560483e-22, nan 
-16.875, -59.125, 1.0853683824689665e-22, nan 
-16.625, -59.125, 1.0363620182976379e-22, nan 
-16.375, -59.125, 6.262205460658019e-23, nan 
-16.125, -59.125, 8.044365245346809e-23, nan 
-15.875, -59.125, 9.081733680495281e-23, nan 
-15.625, -59.125, 1.0129758755996762e-22, nan 
-15.375, -59.125, 7.877246776723309e-23, nan 
-15.125, -59.125, 6.151900877962306e-23, nan 
-14.875, -59.125, 3.6959775993169833e-23, nan 
-14.625, -59.125, 2.969551583794889e-23, nan 
-14.375, -59.125, 3.566726960212089e-23, nan 
-14.125, -59.125, 3.0718095235874493e-23, nan 
-13.875, -59.125, 5.167024093448858e-23, nan 
-13.625, -59.125, 7.537645704197748e-23, nan 
-13.375, -59.125, 7.25512808767823e-23, nan 
-13.125, -59.125, 6.823501513150506e-23, nan 
-12.875, -59.125, 8.751505253500382e-23, nan 
-12.625, -59.125, 5.936737599512378e-23, nan 
-12.375, -59.125, 8.985922852329343e-23, nan 
-12.125, -59.125, 9.785578738277882e-23, nan 
-11.875, -59.125, 1.1716053359931973e-22, nan 
-11.625, -59.125, 8.71065042749961e-23, nan 
-11.375, -59.125, 2.869927168421747e-23, nan 
-11.125, -59.125, 1.2159698052704125e-23, nan 
-10.875, -59.125, 9.778507056975352e-24, nan 
-10.625, -59.125, 3.3178359908060643e-23, nan 
-10.375, -59.125, 9.49517893671604e-23, nan 
-10.125, -59.125, 8.935817547438279e-23, nan 
-9.875, -59.125, 1.5581868968433782e-23, nan 
-9.625, -59.125, 2.4715358528231876e-23, nan 
-9.375, -59.125, 2.8853960519061837e-23, nan 
-9.125, -59.125, 4.4643755078077295e-23, nan 
-8.875, -59.125, 4.9832905426762857e-23, nan 
-8.625, -59.125, 3.7226800509780644e-23, nan 
-8.375, -59.125, 5.740469216407602e-23, nan 
-8.125, -59.125, 5.846493310399499e-23, nan 
-7.875, -59.125, 4.4210959131328055e-23, nan 
-7.625, -59.125, 4.381535906553462e-23, nan 
-7.375, -59.125, 2.2443397662593562e-23, nan 
-7.125, -59.125, 1.4188134354943754e-23, nan 
-6.875, -59.125, 9.784972818370982e-24, nan 
-6.625, -59.125, 2.5864509642059307e-23, nan 
-6.375, -59.125, 2.4889889490416263e-23, nan 
-6.125, -59.125, 3.267972012109507e-23, nan 
-5.875, -59.125, 3.6933241942631135e-23, nan 
-5.625, -59.125, 3.698691646636142e-23, nan 
-5.375, -59.125, 3.477182899693686e-23, nan 
-5.125, -59.125, 7.973996468683085e-23, nan 
-4.875, -59.125, 8.643917920564824e-23, nan 
-4.625, -59.125, 1.4643518848465252e-23, nan 
-4.375, -59.125, 1.0847273022888503e-23, nan 
-4.125, -59.125, 1.3759919970063948e-23, nan 
-3.875, -59.125, 9.568625107587397e-24, nan 
-3.625, -59.125, 8.158842665965193e-24, nan 
-3.375, -59.125, 6.85828995273469e-24, nan 
-3.125, -59.125, 8.86646124625584e-24, nan 
-2.875, -59.125, 2.8308433141978116e-23, nan 
-2.625, -59.125, 3.461747227535352e-23, nan 
-2.375, -59.125, 6.688795097503151e-23, nan 
-2.125, -59.125, 1.417334091657764e-22, nan 
-1.875, -59.125, 1.2663795202813651e-22, nan 
-1.625, -59.125, 5.645707338118271e-23, nan 
-1.375, -59.125, 3.7174696973401936e-23, nan 
-1.125, -59.125, 4.339015039611612e-23, nan 
-0.875, -59.125, 6.346294250372017e-23, nan 
-0.625, -59.125, 5.0438467148646156e-23, nan 
-0.375, -59.125, 8.01841262986113e-23, nan 
-0.125, -59.125, 1.153767276613092e-22, nan 
0.125, -59.125, 9.744117972706935e-23, nan 
0.375, -59.125, 5.423268180012655e-23, nan 
0.625, -59.125, 5.475751229061967e-23, nan 
0.875, -59.125, 3.295271163377198e-23, nan 
1.125, -59.125, 9.709132525008932e-23, nan 
1.375, -59.125, 1.3057818935706186e-22, nan 
1.625, -59.125, 1.2137537231662902e-22, nan 
1.875, -59.125, 9.568293800978536e-23, nan 
2.125, -59.125, 8.958155608735855e-23, nan 
2.375, -59.125, 5.854732908281406e-23, nan 
2.625, -59.125, 2.8480577498435446e-23, nan 
2.875, -59.125, 3.306236950205498e-23, nan 
3.125, -59.125, 1.2742183596726775e-23, nan 
-22.125, -58.875, 4.254894380776699e-23, nan 
-21.875, -58.875, 9.618969585120307e-23, nan 
-21.625, -58.875, 1.6634888494257883e-22, nan 
-21.375, -58.875, 1.5448346235121026e-22, nan 
-21.125, -58.875, 4.8682754600665604e-23, nan 
-20.875, -58.875, 4.208227534322618e-23, nan 
-20.625, -58.875, 4.04114846278329e-23, nan 
-20.375, -58.875, 6.566513147294005e-23, nan 
-20.125, -58.875, 7.416214470075105e-23, nan 
-19.875, -58.875, 9.51045652696485e-23, nan 
-19.625, -58.875, 8.074170454987252e-23, nan 
-19.375, -58.875, 6.300350900527602e-23, nan 
-19.125, -58.875, 1.0103385357386693e-22, nan 
-18.875, -58.875, 7.74370621178127e-23, nan 
-18.625, -58.875, 2.1042091052191603e-23, nan 
-18.375, -58.875, 5.083815903342467e-23, nan 
-18.125, -58.875, 2.605228046597028e-22, nan 
-17.875, -58.875, 2.818568185442988e-22, nan 
-17.625, -58.875, 1.0115837753577331e-22, nan 
-17.375, -58.875, 7.653733332144463e-23, nan 
-17.125, -58.875, 1.4902224318537156e-22, nan 
-16.875, -58.875, 1.1180745497862645e-22, nan 
-16.625, -58.875, 6.823643488644745e-23, nan 
-16.375, -58.875, 7.004524944623697e-23, nan 
-16.125, -58.875, 4.1757067778117054e-23, nan 
-15.875, -58.875, 1.3625132143433582e-23, nan 
-15.625, -58.875, 4.132295622002683e-23, nan 
-15.375, -58.875, 4.6510721689490314e-23, nan 
-15.125, -58.875, 5.208332771002925e-23, nan 
-14.875, -58.875, 2.27533313203997e-23, nan 
-14.625, -58.875, 2.0399533068809288e-23, nan 
-14.375, -58.875, 1.4692286701260453e-23, nan 
-14.125, -58.875, 5.6838869414580416e-24, nan 
-13.875, -58.875, 2.6204775866515125e-23, nan 
-13.625, -58.875, 3.9673207534652616e-23, nan 
-13.375, -58.875, 6.580431151020479e-23, nan 
-13.125, -58.875, 6.496691156110499e-23, nan 
-12.875, -58.875, 5.853888122483651e-23, nan 
-12.625, -58.875, 4.374860651449183e-23, nan 
-12.375, -58.875, 3.20201002919737e-23, nan 
-12.125, -58.875, 5.2272536462923197e-23, nan 
-11.875, -58.875, 7.403836835274352e-23, nan 
-11.625, -58.875, 6.626680895544717e-23, nan 
-11.375, -58.875, 6.653460995298468e-23, nan 
-11.125, -58.875, 3.9768772084097893e-23, nan 
-10.875, -58.875, 4.6972402915850525e-23, nan 
-10.625, -58.875, 5.730852494481248e-23, nan 
-10.375, -58.875, 5.821881582819719e-23, nan 
-10.125, -58.875, 4.715080795609674e-23, nan 
-9.875, -58.875, 2.7290349872319846e-23, nan 
-9.625, -58.875, 2.155170784553528e-23, nan 
-9.375, -58.875, 1.9990879076121078e-23, nan 
-9.125, -58.875, 4.2673140747744734e-23, nan 
-8.875, -58.875, 4.4621124599846535e-23, nan 
-8.625, -58.875, 1.7368600278938736e-23, nan 
-8.375, -58.875, 2.978405900310147e-23, nan 
-8.125, -58.875, 5.770515407448478e-23, nan 
-7.875, -58.875, 5.2536893268560124e-23, nan 
-7.625, -58.875, 2.622323022730927e-23, nan 
-7.375, -58.875, 1.9745476252365903e-23, nan 
-7.125, -58.875, 1.9898860433105264e-23, nan 
-6.875, -58.875, 1.6760564919843014e-23, nan 
-6.625, -58.875, 1.878068201552743e-23, nan 
-6.375, -58.875, 2.091918089426748e-23, nan 
-6.125, -58.875, 2.9615906973870424e-23, nan 
-5.875, -58.875, 4.7919165075836506e-23, nan 
-5.625, -58.875, 9.827445452644558e-23, nan 
-5.375, -58.875, 9.054892595791437e-23, nan 
-5.125, -58.875, 6.393552306157038e-23, nan 
-4.875, -58.875, 1.0066771405029079e-22, nan 
-4.625, -58.875, 8.562893338204673e-23, nan 
-4.375, -58.875, 1.3827295710494242e-23, nan 
-4.125, -58.875, 1.2921016233091534e-23, nan 
-3.875, -58.875, 1.5011762894223167e-23, nan 
-3.625, -58.875, 7.113808221095039e-24, nan 
-3.375, -58.875, 7.162956539058557e-24, nan 
-3.125, -58.875, 1.0562535554767016e-23, nan 
-2.875, -58.875, 1.5922993550564427e-23, nan 
-2.625, -58.875, 5.405191546662774e-23, nan 
-2.375, -58.875, 1.340902598259398e-22, nan 
-2.125, -58.875, 1.433801190871934e-22, nan 
-1.875, -58.875, 7.915412517607289e-23, nan 
-1.625, -58.875, 5.042309443079939e-23, nan 
-1.375, -58.875, 3.595462637039416e-23, nan 
-1.125, -58.875, 3.042607199723576e-23, nan 
-0.875, -58.875, 2.784696250694914e-23, nan 
-0.625, -58.875, 4.330676941374165e-23, nan 
-0.375, -58.875, 5.018791857618053e-23, nan 
-0.125, -58.875, 4.006711684524301e-23, nan 
0.125, -58.875, 1.083971159891257e-22, nan 
0.375, -58.875, 1.0495256989638863e-22, nan 
0.625, -58.875, 2.9135221220948664e-23, nan 
0.875, -58.875, 1.9854164566939056e-23, nan 
1.125, -58.875, 5.79309384961946e-23, nan 
1.375, -58.875, 5.754904081420189e-23, nan 
1.625, -58.875, 5.844328290746696e-23, nan 
1.875, -58.875, 4.779379340214113e-23, nan 
2.125, -58.875, 6.053839980016093e-23, nan 
2.375, -58.875, 5.329442016755062e-23, nan 
2.625, -58.875, 1.9543277520576447e-23, nan 
2.875, -58.875, 1.4293346463653296e-23, nan 
-21.625, -58.625, 1.5418174109920482e-22, nan 
-21.375, -58.625, 1.187808027389563e-22, nan 
-21.125, -58.625, 1.1193534014981955e-22, nan 
-20.875, -58.625, 8.495625851033732e-23, nan 
-20.625, -58.625, 7.478798237148724e-23, nan 
-20.375, -58.625, 9.400062861789139e-23, nan 
-20.125, -58.625, 6.558752816632328e-23, nan 
-19.875, -58.625, 1.5443437554164653e-22, nan 
-19.625, -58.625, 3.302684774485819e-22, nan 
-19.375, -58.625, 3.7360651354234855e-22, nan 
-19.125, -58.625, 3.9484833865452534e-22, nan 
-18.875, -58.625, 3.6486431650384084e-22, nan 
-18.625, -58.625, 6.569450315245669e-23, nan 
-18.375, -58.625, 1.0515254002594669e-22, nan 
-18.125, -58.625, 6.365531095778322e-23, nan 
-17.875, -58.625, 1.227751317002017e-22, nan 
-17.625, -58.625, 9.492509500232889e-23, nan 
-17.375, -58.625, 5.129648203351809e-23, nan 
-17.125, -58.625, 3.7491787141490656e-23, nan 
-16.875, -58.625, 4.018403035926574e-23, nan 
-16.625, -58.625, 4.8779008542194887e-23, nan 
-16.375, -58.625, 6.205507345943419e-23, nan 
-16.125, -58.625, 4.3559336608476636e-23, nan 
-15.875, -58.625, 8.160450323847098e-23, nan 
-15.625, -58.625, 8.251013966847807e-23, nan 
-15.375, -58.625, 4.7917991229755246e-23, nan 
-15.125, -58.625, 8.902158503339687e-23, nan 
-14.875, -58.625, 8.069812833200018e-23, nan 
-14.625, -58.625, 3.8789820835445725e-23, nan 
-14.375, -58.625, 2.320481339977714e-23, nan 
-14.125, -58.625, 1.4363713514348307e-23, nan 
-13.875, -58.625, 1.175364897222036e-23, nan 
-13.625, -58.625, 2.4547115278077905e-23, nan 
-13.375, -58.625, 6.304576392627997e-23, nan 
-13.125, -58.625, 9.785131002785292e-23, nan 
-12.875, -58.625, 9.806226794243074e-23, nan 
-12.625, -58.625, 3.8270468449162974e-23, nan 
-12.375, -58.625, 4.0502094770485953e-23, nan 
-12.125, -58.625, 3.3434569972420006e-23, nan 
-11.875, -58.625, 6.676907874661849e-23, nan 
-11.625, -58.625, 7.479056516424119e-23, nan 
-11.375, -58.625, 4.0919967524576046e-23, nan 
-11.125, -58.625, 1.4406939931180204e-23, nan 
-10.875, -58.625, 4.897779914453151e-23, nan 
-10.625, -58.625, 5.185123338268233e-23, nan 
-10.375, -58.625, 4.3390628254120825e-23, nan 
-10.125, -58.625, 5.392491423811405e-23, nan 
-9.875, -58.625, 4.448086778609643e-23, nan 
-9.625, -58.625, 8.921900540664408e-24, nan 
-9.375, -58.625, 1.758868191222883e-23, nan 
-9.125, -58.625, 4.422234767378946e-23, nan 
-8.875, -58.625, 4.304897252017444e-23, nan 
-8.625, -58.625, 8.706134453919441e-24, nan 
-8.375, -58.625, 5.735254028178529e-24, nan 
-8.125, -58.625, 3.291740375824598e-23, nan 
-7.875, -58.625, 4.670546040860389e-23, nan 
-7.625, -58.625, 3.307305052275295e-23, nan 
-7.375, -58.625, 2.5965194040793093e-23, nan 
-7.125, -58.625, 2.5416495501489253e-23, nan 
-6.875, -58.625, 2.5657781294713648e-23, nan 
-6.625, -58.625, 4.4073381678449936e-23, nan 
-6.375, -58.625, 4.830205245202059e-23, nan 
-6.125, -58.625, 7.208591071708185e-23, nan 
-5.875, -58.625, 7.585142212271701e-23, nan 
-5.625, -58.625, 6.576800451465824e-23, nan 
-5.375, -58.625, 5.295826989419636e-23, nan 
-5.125, -58.625, 2.4842419983248247e-23, nan 
-4.875, -58.625, 7.428186825299824e-23, nan 
-4.625, -58.625, 1.0917294276002122e-22, nan 
-4.375, -58.625, 1.2743062985208734e-22, nan 
-4.125, -58.625, 9.635163022480733e-23, nan 
-3.875, -58.625, 7.005374861854435e-23, nan 
-3.625, -58.625, 6.640031463676419e-23, nan 
-3.375, -58.625, 1.0321610605108072e-23, nan 
-3.125, -58.625, 2.4365387912718766e-23, nan 
-2.875, -58.625, 3.402411918189033e-23, nan 
-2.625, -58.625, 1.0101676665936942e-22, nan 
-2.375, -58.625, 1.1605128356398078e-22, nan 
-2.125, -58.625, 1.1127656447440123e-22, nan 
-1.875, -58.625, 9.423437553859238e-23, nan 
-1.625, -58.625, 5.55753636235793e-23, nan 
-1.375, -58.625, 1.5230115484847913e-23, nan 
-1.125, -58.625, 1.4705508280331358e-23, nan 
-0.875, -58.625, 2.2481557566033192e-23, nan 
-0.625, -58.625, 3.7434549233568465e-23, nan 
-0.375, -58.625, 6.627953046035108e-23, nan 
-0.125, -58.625, 7.821733417204443e-23, nan 
0.125, -58.625, 6.01298480202637e-23, nan 
0.375, -58.625, 2.8127645969147e-23, nan 
0.625, -58.625, 3.60389077419052e-23, nan 
0.875, -58.625, 3.151248274002766e-23, nan 
1.125, -58.625, 6.344038199634296e-23, nan 
1.375, -58.625, 8.228735370316978e-23, nan 
1.625, -58.625, 8.501457679832562e-23, nan 
1.875, -58.625, 7.494942446832272e-23, nan 
2.125, -58.625, 6.359303447848498e-23, nan 
2.375, -58.625, 6.164117501602011e-23, nan 
2.625, -58.625, 2.775838179599502e-23, nan 
-21.375, -58.375, 7.859019693873712e-23, nan 
-21.125, -58.375, 1.6012689238304526e-22, nan 
-20.875, -58.375, 2.574701755756741e-22, nan 
-20.625, -58.375, 4.025472741743593e-22, nan 
-20.375, -58.375, 3.960337143557983e-22, nan 
-20.125, -58.375, 4.271375438736335e-22, nan 
-19.875, -58.375, 4.293198222812318e-22, nan 
-19.625, -58.375, 4.201334692705452e-22, nan 
-19.375, -58.375, 3.69890139107725e-22, nan 
-19.125, -58.375, 4.0363462545385702e-22, nan 
-18.875, -58.375, 6.980923938486803e-22, nan 
-18.625, -58.375, 6.287372458772842e-22, nan 
-18.375, -58.375, 2.394424712375947e-22, nan 
-18.125, -58.375, 1.0903776395185688e-22, nan 
-17.875, -58.375, 3.7883913332480523e-23, nan 
-17.625, -58.375, 2.365322677442254e-23, nan 
-17.375, -58.375, 5.488916412986931e-23, nan 
-17.125, -58.375, 5.766315801769061e-23, nan 
-16.875, -58.375, 7.55266141663127e-23, nan 
-16.625, -58.375, 6.430794991062455e-23, nan 
-16.375, -58.375, 5.746140253533212e-23, nan 
-16.125, -58.375, 6.219264455026656e-23, nan 
-15.875, -58.375, 5.228288475188997e-23, nan 
-15.625, -58.375, 2.376909897511244e-23, nan 
-15.375, -58.375, 2.1584267719775225e-23, nan 
-15.125, -58.375, 2.04605372924557e-23, nan 
-14.875, -58.375, 3.108990090277929e-23, nan 
-14.625, -58.375, 4.055015926727572e-23, nan 
-14.375, -58.375, 4.01996711605483e-23, nan 
-14.125, -58.375, 3.3277474937037035e-23, nan 
-13.875, -58.375, 1.418189583937273e-23, nan 
-13.625, -58.375, 2.2255143154029714e-23, nan 
-13.375, -58.375, 2.727942911067683e-23, nan 
-13.125, -58.375, 3.72612029587233e-23, nan 
-12.875, -58.375, 1.304307515122203e-22, nan 
-12.625, -58.375, 1.2137510813045353e-22, nan 
-12.375, -58.375, 3.723339445902564e-23, nan 
-12.125, -58.375, 3.8297801268534255e-23, nan 
-11.875, -58.375, 5.2433383234490495e-23, nan 
-11.625, -58.375, 3.5063222845340635e-23, nan 
-11.375, -58.375, 1.7195759660019457e-23, nan 
-11.125, -58.375, 1.6065759593708661e-23, nan 
-10.875, -58.375, 3.171648061331778e-23, nan 
-10.625, -58.375, 5.359040092581238e-23, nan 
-10.375, -58.375, 5.565716079805341e-23, nan 
-10.125, -58.375, 3.414228246150095e-23, nan 
-9.875, -58.375, 2.2633188552587127e-23, nan 
-9.625, -58.375, 1.1033806431702533e-23, nan 
-9.375, -58.375, 1.1269623367085727e-23, nan 
-9.125, -58.375, 1.9297082980679628e-23, nan 
-8.875, -58.375, 3.111594194166457e-23, nan 
-8.625, -58.375, 2.47319298859707e-23, nan 
-8.375, -58.375, 1.9386482847956324e-23, nan 
-8.125, -58.375, 1.7354004040741312e-23, nan 
-7.875, -58.375, 3.1818842067613814e-23, nan 
-7.625, -58.375, 3.342880058908875e-23, nan 
-7.375, -58.375, 2.3619037813203684e-23, nan 
-7.125, -58.375, 1.7415000912901898e-23, nan 
-6.875, -58.375, 3.778911402598881e-23, nan 
-6.625, -58.375, 3.982904241795852e-23, nan 
-6.375, -58.375, 3.278281667820844e-23, nan 
-6.125, -58.375, 2.3582518886767295e-23, nan 
-5.875, -58.375, 3.0789974845809535e-23, nan 
-5.625, -58.375, 2.3548838291956448e-23, nan 
-5.375, -58.375, 1.7220928292857773e-23, nan 
-5.125, -58.375, 1.6118448634985357e-23, nan 
-4.875, -58.375, 5.678318509316152e-23, nan 
-4.625, -58.375, 8.330601913217189e-23, nan 
-4.375, -58.375, 1.196742376729123e-22, nan 
-4.125, -58.375, 1.0965270011131307e-22, nan 
-3.875, -58.375, 9.294062297399001e-23, nan 
-3.625, -58.375, 1.362065778328715e-22, nan 
-3.375, -58.375, 1.623486777708179e-22, nan 
-3.125, -58.375, 1.7533625467147073e-22, nan 
-2.875, -58.375, 1.715296647213645e-22, nan 
-2.625, -58.375, 1.3283272483276417e-22, nan 
-2.375, -58.375, 7.103789685442695e-23, nan 
-2.125, -58.375, 5.715516695602586e-23, nan 
-1.875, -58.375, 3.6975296054444595e-23, nan 
-1.625, -58.375, 3.085602994868147e-23, nan 
-1.375, -58.375, 3.424619326290969e-23, nan 
-1.125, -58.375, 3.103317245102574e-23, nan 
-0.875, -58.375, 1.2523040437076714e-23, nan 
-0.625, -58.375, 2.96222398834354e-23, nan 
-0.375, -58.375, 5.100251676263229e-23, nan 
-0.125, -58.375, 6.25582376931501e-23, nan 
0.125, -58.375, 7.950901596178319e-23, nan 
0.375, -58.375, 6.685562644100683e-23, nan 
0.625, -58.375, 6.207122141886091e-23, nan 
0.875, -58.375, 5.777156648309036e-23, nan 
1.125, -58.375, 5.656038842570204e-23, nan 
1.375, -58.375, 6.889642170559004e-23, nan 
1.625, -58.375, 6.809402743804935e-23, nan 
1.875, -58.375, 5.900968904932868e-23, nan 
2.125, -58.375, 7.306635121044092e-23, nan 
2.375, -58.375, 5.2519249617114297e-23, nan 
2.625, -58.375, 1.4044626975894198e-23, nan 
-21.125, -58.125, 3.764721590186136e-22, nan 
-20.875, -58.125, 4.44561615178952e-22, nan 
-20.625, -58.125, 4.8640380466581285e-22, nan 
-20.375, -58.125, 3.710431460023656e-22, nan 
-20.125, -58.125, 3.912773743879345e-22, nan 
-19.875, -58.125, 2.8389347460852973e-22, nan 
-19.625, -58.125, 1.1970429694842767e-22, nan 
-19.375, -58.125, 8.898322067112006e-23, nan 
-19.125, -58.125, 1.2800672093175144e-22, nan 
-18.875, -58.125, 1.671691238391406e-22, nan 
-18.625, -58.125, 3.904864412096369e-22, nan 
-18.375, -58.125, 6.433849969300883e-22, nan 
-18.125, -58.125, 6.648482316507559e-22, nan 
-17.875, -58.125, 2.9710717962353666e-22, nan 
-17.625, -58.125, 1.811216296758354e-22, nan 
-17.375, -58.125, 1.156804549781997e-22, nan 
-17.125, -58.125, 4.0700656767068475e-23, nan 
-16.875, -58.125, 6.536019629406642e-23, nan 
-16.625, -58.125, 5.004783800263546e-23, nan 
-16.375, -58.125, 1.1833610699834779e-22, nan 
-16.125, -58.125, 1.4050096351499106e-22, nan 
-15.875, -58.125, 7.216846741407386e-23, nan 
-15.625, -58.125, 3.3168955322133417e-23, nan 
-15.375, -58.125, 1.0094342092307347e-23, nan 
-15.125, -58.125, 1.1729214046623392e-23, nan 
-14.875, -58.125, 2.3766920779214544e-23, nan 
-14.625, -58.125, 2.2235319017054558e-23, nan 
-14.375, -58.125, 1.609083831947815e-23, nan 
-14.125, -58.125, 2.8455754124087833e-23, nan 
-13.875, -58.125, 2.850716089884349e-23, nan 
-13.625, -58.125, 8.72795139876414e-24, nan 
-13.375, -58.125, 1.3400350674135617e-23, nan 
-13.125, -58.125, 2.751901677333753e-23, nan 
-12.875, -58.125, 8.495604365611338e-23, nan 
-12.625, -58.125, 9.802755155205278e-23, nan 
-12.375, -58.125, 4.7906874536531807e-23, nan 
-12.125, -58.125, 3.627693934081854e-23, nan 
-11.875, -58.125, 3.1371083644696994e-23, nan 
-11.625, -58.125, 4.5234197628458025e-23, nan 
-11.375, -58.125, 4.455480670212966e-23, nan 
-11.125, -58.125, 2.628368649100907e-23, nan 
-10.875, -58.125, 2.5587158119440926e-23, nan 
-10.625, -58.125, 3.665633055185447e-23, nan 
-10.375, -58.125, 4.87246981198049e-23, nan 
-10.125, -58.125, 3.626925312575776e-23, nan 
-9.875, -58.125, 2.0808547197928748e-23, nan 
-9.625, -58.125, 1.7571537497459143e-23, nan 
-9.375, -58.125, 1.0781106229552205e-23, nan 
-9.125, -58.125, 8.083319933551133e-24, nan 
-8.875, -58.125, 1.9259390556854476e-23, nan 
-8.625, -58.125, 2.32890815206707e-23, nan 
-8.375, -58.125, 1.799270695113543e-23, nan 
-8.125, -58.125, 1.171816310913512e-23, nan 
-7.875, -58.125, 9.122955133455197e-24, nan 
-7.625, -58.125, 1.8114838079826125e-23, nan 
-7.375, -58.125, 1.889603298478456e-23, nan 
-7.125, -58.125, 1.826617888698407e-23, nan 
-6.875, -58.125, 2.511425323509997e-23, nan 
-6.625, -58.125, 2.88812816573306e-23, nan 
-6.375, -58.125, 3.929622595588504e-23, nan 
-6.125, -58.125, 4.0261295836392433e-23, nan 
-5.875, -58.125, 2.085282442906385e-23, nan 
-5.625, -58.125, 3.970635413022846e-23, nan 
-5.375, -58.125, 6.879204646212525e-23, nan 
-5.125, -58.125, 4.459084486902758e-23, nan 
-4.875, -58.125, 5.2278118315137177e-23, nan 
-4.625, -58.125, 5.368273432656391e-23, nan 
-4.375, -58.125, 4.003902799459788e-23, nan 
-4.125, -58.125, 3.5905513087980075e-23, nan 
-3.875, -58.125, 4.6445798298662705e-23, nan 
-3.625, -58.125, 5.1382910242952036e-23, nan 
-3.375, -58.125, 1.142350812154234e-22, nan 
-3.125, -58.125, 1.4005256800950546e-22, nan 
-2.875, -58.125, 1.0199547367568861e-22, nan 
-2.625, -58.125, 7.727906460415112e-23, nan 
-2.375, -58.125, 5.66847544109786e-23, nan 
-2.125, -58.125, 3.454575382962812e-23, nan 
-1.875, -58.125, 2.898772414107906e-23, nan 
-1.625, -58.125, 2.3034499074335453e-23, nan 
-1.375, -58.125, 7.889924108507204e-23, nan 
-1.125, -58.125, 1.05318058354177e-23, nan 
-0.875, -58.125, 2.0904536155259073e-23, nan 
-0.625, -58.125, 3.331050953360639e-23, nan 
-0.375, -58.125, 3.9260846583718935e-23, nan 
-0.125, -58.125, 7.202651602343955e-23, nan 
0.125, -58.125, 6.887187875498241e-23, nan 
0.375, -58.125, 1.354526304772358e-22, nan 
0.625, -58.125, 1.4190757795792302e-22, nan 
0.875, -58.125, 5.378412643356944e-23, nan 
1.125, -58.125, 4.699528410346359e-23, nan 
1.375, -58.125, 3.177480342873656e-23, nan 
1.625, -58.125, 3.0974188564333464e-23, nan 
1.875, -58.125, 2.2979464993386824e-23, nan 
2.125, -58.125, 4.1129614260761436e-23, nan 
2.375, -58.125, 1.7033900443389405e-23, nan 
-20.625, -57.875, 6.887020448064291e-23, nan 
-20.375, -57.875, 5.023923256005623e-23, nan 
-20.125, -57.875, 2.5792210547164308e-23, nan 
-19.875, -57.875, 4.015527277037705e-23, nan 
-19.625, -57.875, 1.7054670339882143e-22, nan 
-19.375, -57.875, 1.2447778513895513e-22, nan 
-19.125, -57.875, 5.781770846779735e-23, nan 
-18.875, -57.875, 1.0067270201898211e-22, nan 
-18.625, -57.875, 1.0845121117701695e-22, nan 
-18.375, -57.875, 2.0173328013779815e-22, nan 
-18.125, -57.875, 4.401993785768392e-22, nan 
-17.875, -57.875, 4.083247983835427e-22, nan 
-17.625, -57.875, 3.2389821525473233e-22, nan 
-17.375, -57.875, 3.400078059599735e-22, nan 
-17.125, -57.875, 2.9540930244447134e-22, nan 
-16.875, -57.875, 9.566044283621239e-23, nan 
-16.625, -57.875, 4.371612485656307e-23, nan 
-16.375, -57.875, 4.792593728453351e-23, nan 
-16.125, -57.875, 7.327661714798236e-23, nan 
-15.875, -57.875, 8.590757385809248e-23, nan 
-15.625, -57.875, 8.378051591359093e-23, nan 
-15.375, -57.875, 4.600668163884819e-23, nan 
-15.125, -57.875, 4.5783776010574564e-23, nan 
-14.875, -57.875, 3.912558240995853e-23, nan 
-14.625, -57.875, 1.58005692060862e-23, nan 
-14.375, -57.875, 1.1361748448164109e-23, nan 
-14.125, -57.875, 1.2354455633878488e-23, nan 
-13.875, -57.875, 2.710265424671323e-23, nan 
-13.625, -57.875, 2.2802411406963046e-23, nan 
-13.375, -57.875, 9.95331455206144e-24, nan 
-13.125, -57.875, 7.157218817620577e-24, nan 
-12.875, -57.875, 3.263637370598923e-23, nan 
-12.625, -57.875, 5.917017531118709e-23, nan 
-12.375, -57.875, 5.129830295332032e-23, nan 
-12.125, -57.875, 2.989424556523126e-23, nan 
-11.875, -57.875, 2.5619491591753267e-23, nan 
-11.625, -57.875, 5.884410045776305e-23, nan 
-11.375, -57.875, 5.749257493233621e-23, nan 
-11.125, -57.875, 2.864870051633086e-23, nan 
-10.875, -57.875, 1.891724375872619e-23, nan 
-10.625, -57.875, 1.9568988236895593e-23, nan 
-10.375, -57.875, 3.2896310794435055e-23, nan 
-10.125, -57.875, 4.136049846881832e-23, nan 
-9.875, -57.875, 3.293166546162026e-23, nan 
-9.625, -57.875, 8.582942471707075e-24, nan 
-9.375, -57.875, 8.598537331244143e-24, nan 
-9.125, -57.875, 1.5044507694122023e-23, nan 
-8.875, -57.875, 1.4420398771439452e-23, nan 
-8.625, -57.875, 2.1090994666726846e-23, nan 
-8.375, -57.875, 2.038300020156486e-23, nan 
-8.125, -57.875, 1.1563106459316583e-23, nan 
-7.875, -57.875, 1.0982785369452465e-23, nan 
-7.625, -57.875, 2.889766773797017e-23, nan 
-7.375, -57.875, 2.911929325241973e-23, nan 
-7.125, -57.875, 2.038373640449531e-23, nan 
-6.875, -57.875, 2.8844442612034105e-23, nan 
-6.625, -57.875, 2.4781086104750214e-23, nan 
-6.375, -57.875, 2.0708255855081564e-23, nan 
-6.125, -57.875, 3.582029963326389e-23, nan 
-5.875, -57.875, 3.352873906519706e-23, nan 
-5.625, -57.875, 3.137056887172663e-23, nan 
-5.375, -57.875, 5.77174400221641e-23, nan 
-5.125, -57.875, 3.340481067398333e-23, nan 
-4.875, -57.875, 2.749306928235151e-23, nan 
-4.625, -57.875, 3.050025133696647e-23, nan 
-4.375, -57.875, 3.3683492526470826e-23, nan 
-4.125, -57.875, 3.521042236072e-23, nan 
-3.875, -57.875, 4.3381640154606416e-23, nan 
-3.625, -57.875, 5.896725494310818e-23, nan 
-3.375, -57.875, 7.772365112727867e-23, nan 
-3.125, -57.875, 8.582677633337929e-23, nan 
-2.875, -57.875, 7.976113930204236e-23, nan 
-2.625, -57.875, 8.80572601100872e-23, nan 
-2.375, -57.875, 9.610111175921711e-23, nan 
-2.125, -57.875, 5.664207897563096e-23, nan 
-1.875, -57.875, 3.871929643723144e-23, nan 
-1.625, -57.875, 1.3037418762110567e-22, nan 
-1.375, -57.875, 2.0716563501203463e-22, nan 
-1.125, -57.875, 1.607127421092515e-22, nan 
-0.875, -57.875, 1.2725132277676558e-22, nan 
-0.625, -57.875, 1.1361387587128013e-22, nan 
-0.375, -57.875, 1.0245397665073817e-22, nan 
-0.125, -57.875, 6.897379148495107e-23, nan 
0.125, -57.875, 8.342142418053615e-23, nan 
0.375, -57.875, 1.159634699409238e-22, nan 
0.625, -57.875, 8.72811218575735e-23, nan 
0.875, -57.875, 1.185092216486703e-23, nan 
1.125, -57.875, 2.2272680564381567e-23, nan 
1.375, -57.875, 2.0530215455978744e-23, nan 
1.625, -57.875, 3.548865942656963e-23, nan 
1.875, -57.875, 5.816579329114556e-23, nan 
2.125, -57.875, 4.496043208123e-23, nan 
2.375, -57.875, 4.9651455208219665e-24, nan 
-20.375, -57.625, 5.967262461463747e-23, nan 
-20.125, -57.625, 2.7868506696624086e-23, nan 
-19.875, -57.625, 2.417773566653969e-22, nan 
-19.625, -57.625, 3.2420742294091994e-22, nan 
-19.375, -57.625, 2.6015530456470814e-22, nan 
-19.125, -57.625, 1.8971028184202657e-22, nan 
-18.875, -57.625, 1.9087964699018253e-23, nan 
-18.625, -57.625, 3.074893972892546e-23, nan 
-18.375, -57.625, 2.769961527473541e-23, nan 
-18.125, -57.625, 5.598058739890842e-23, nan 
-17.875, -57.625, 1.3858013071702327e-22, nan 
-17.625, -57.625, 2.123910202995918e-22, nan 
-17.375, -57.625, 3.051876482002668e-22, nan 
-17.125, -57.625, 2.9253845823886005e-22, nan 
-16.875, -57.625, 1.8552935073739111e-22, nan 
-16.625, -57.625, 1.4133356946460213e-22, nan 
-16.375, -57.625, 5.523122175060975e-23, nan 
-16.125, -57.625, 5.2447204441874335e-23, nan 
-15.875, -57.625, 2.1293384709779966e-23, nan 
-15.625, -57.625, 4.5656535740136943e-23, nan 
-15.375, -57.625, 4.5176839863810323e-23, nan 
-15.125, -57.625, 3.138040012413395e-23, nan 
-14.875, -57.625, 1.6810319117404028e-23, nan 
-14.625, -57.625, 2.2617478428664326e-23, nan 
-14.375, -57.625, 2.4404206285583114e-23, nan 
-14.125, -57.625, 2.155585255759063e-23, nan 
-13.875, -57.625, 1.9350293457160776e-23, nan 
-13.625, -57.625, 1.1568228125279118e-23, nan 
-13.375, -57.625, 1.3044643991296429e-23, nan 
-13.125, -57.625, 1.1475349601375066e-23, nan 
-12.875, -57.625, 9.408396421247735e-24, nan 
-12.625, -57.625, 3.330586896603777e-23, nan 
-12.375, -57.625, 3.9236489927974326e-23, nan 
-12.125, -57.625, 2.6006680735382974e-23, nan 
-11.875, -57.625, 2.754845039712554e-23, nan 
-11.625, -57.625, 3.4026525663705435e-23, nan 
-11.375, -57.625, 4.255239761729781e-23, nan 
-11.125, -57.625, 3.9314063533273025e-23, nan 
-10.875, -57.625, 9.550848070026121e-24, nan 
-10.625, -57.625, 2.103387500187381e-23, nan 
-10.375, -57.625, 3.667710223086826e-23, nan 
-10.125, -57.625, 4.630173252302687e-23, nan 
-9.875, -57.625, 3.9368400950484244e-23, nan 
-9.625, -57.625, 3.6819717550213054e-23, nan 
-9.375, -57.625, 2.66167420194862e-23, nan 
-9.125, -57.625, 1.9944445868539828e-23, nan 
-8.875, -57.625, 1.594394200220114e-23, nan 
-8.625, -57.625, 2.2185009584456537e-23, nan 
-8.375, -57.625, 1.678623359472146e-23, nan 
-8.125, -57.625, 1.6984014396322917e-23, nan 
-7.875, -57.625, 1.8523207084359553e-23, nan 
-7.625, -57.625, 2.0114264963709218e-23, nan 
-7.375, -57.625, 1.7359933614600312e-23, nan 
-7.125, -57.625, 1.7459482436889633e-23, nan 
-6.875, -57.625, 2.434898752263098e-23, nan 
-6.625, -57.625, 1.8447736968858335e-23, nan 
-6.375, -57.625, 1.440690677409499e-23, nan 
-6.125, -57.625, 3.748609923778466e-23, nan 
-5.875, -57.625, 4.488484469991428e-23, nan 
-5.625, -57.625, 2.751955917310214e-23, nan 
-5.375, -57.625, 2.697964104324953e-23, nan 
-5.125, -57.625, 2.1400686065302018e-23, nan 
-4.875, -57.625, 1.5368672120384254e-23, nan 
-4.625, -57.625, 8.134385438097006e-24, nan 
-4.375, -57.625, 1.4437427031110137e-23, nan 
-4.125, -57.625, 2.241818988542817e-23, nan 
-3.875, -57.625, 2.828118231215482e-23, nan 
-3.625, -57.625, 4.727139677022733e-23, nan 
-3.375, -57.625, 9.770677537398572e-23, nan 
-3.125, -57.625, 1.0170775144601866e-22, nan 
-2.875, -57.625, 6.157763012100468e-23, nan 
-2.625, -57.625, 5.707397831263875e-23, nan 
-2.375, -57.625, 1.3892840931512476e-22, nan 
-2.125, -57.625, 1.3133463618227364e-22, nan 
-1.875, -57.625, 4.672846383325323e-23, nan 
-1.625, -57.625, 7.240965446412609e-23, nan 
-1.375, -57.625, 1.157966436773279e-22, nan 
-1.125, -57.625, 1.3929355357444012e-22, nan 
-0.875, -57.625, 1.5294038667051698e-22, nan 
-0.625, -57.625, 1.1366899839418528e-22, nan 
-0.375, -57.625, 1.094828862011958e-22, nan 
-0.125, -57.625, 9.215919370983757e-23, nan 
0.125, -57.625, 5.76239598777158e-23, nan 
0.375, -57.625, 5.989241553756456e-23, nan 
0.625, -57.625, 5.522362336872306e-23, nan 
0.875, -57.625, 3.6304786196048055e-23, nan 
1.125, -57.625, 3.1308874255724816e-23, nan 
1.375, -57.625, 3.3385465691544705e-23, nan 
1.625, -57.625, 5.752782897687775e-23, nan 
1.875, -57.625, 7.705549897804343e-23, nan 
2.125, -57.625, 9.601230626916934e-23, nan 
-20.125, -57.375, 3.856065224644425e-23, nan 
-19.875, -57.375, 1.7758387177004927e-23, nan 
-19.625, -57.375, 1.3057807958627794e-22, nan 
-19.375, -57.375, 9.967098536993889e-23, nan 
-19.125, -57.375, 2.0197463797182757e-23, nan 
-18.875, -57.375, 8.244143350695942e-24, nan 
-18.625, -57.375, 1.1581526086292763e-23, nan 
-18.375, -57.375, 2.042867222599046e-23, nan 
-18.125, -57.375, 2.8530112525517493e-23, nan 
-17.875, -57.375, 9.155653117391778e-23, nan 
-17.625, -57.375, 2.1626219205831953e-22, nan 
-17.375, -57.375, 2.4369175398642525e-22, nan 
-17.125, -57.375, 1.5289259452432257e-22, nan 
-16.875, -57.375, 1.3698650007400294e-22, nan 
-16.625, -57.375, 1.8106008690104042e-22, nan 
-16.375, -57.375, 1.2652112899901838e-22, nan 
-16.125, -57.375, 3.3725901046200103e-23, nan 
-15.875, -57.375, 3.9655419505554346e-23, nan 
-15.625, -57.375, 3.334295360393556e-23, nan 
-15.375, -57.375, 2.4234335882605932e-23, nan 
-15.125, -57.375, 2.2581577970789336e-23, nan 
-14.875, -57.375, 1.2715423062878535e-23, nan 
-14.625, -57.375, 1.0911614698387614e-23, nan 
-14.375, -57.375, 1.8018028064889107e-23, nan 
-14.125, -57.375, 2.0928984421999206e-23, nan 
-13.875, -57.375, 1.698350552124476e-23, nan 
-13.625, -57.375, 1.3506518762012517e-23, nan 
-13.375, -57.375, 9.170935368853643e-24, nan 
-13.125, -57.375, 5.511501270661133e-24, nan 
-12.875, -57.375, 1.0742265129699346e-23, nan 
-12.625, -57.375, 1.3023917550861378e-23, nan 
-12.375, -57.375, 1.9721524115229662e-23, nan 
-12.125, -57.375, 2.4653918409676346e-23, nan 
-11.875, -57.375, 2.8480576792999974e-23, nan 
-11.625, -57.375, 3.434825217495254e-23, nan 
-11.375, -57.375, 2.6284675347440392e-23, nan 
-11.125, -57.375, 1.8903942557618508e-23, nan 
-10.875, -57.375, 1.4813431039820258e-23, nan 
-10.625, -57.375, 1.764968957905765e-23, nan 
-10.375, -57.375, 2.7913989640896946e-23, nan 
-10.125, -57.375, 4.6413066154213604e-23, nan 
-9.875, -57.375, 5.114562919636601e-23, nan 
-9.625, -57.375, 3.740285224452308e-23, nan 
-9.375, -57.375, 3.023035400964479e-23, nan 
-9.125, -57.375, 1.9114305884872696e-23, nan 
-8.875, -57.375, 2.0459444163073302e-23, nan 
-8.625, -57.375, 1.72409741346391e-23, nan 
-8.375, -57.375, 1.2406167135712312e-23, nan 
-8.125, -57.375, 2.3773817703167072e-23, nan 
-7.875, -57.375, 2.209490494913568e-23, nan 
-7.625, -57.375, 4.09508378974227e-23, nan 
-7.375, -57.375, 4.5080491097554734e-23, nan 
-7.125, -57.375, 2.6367994452554793e-23, nan 
-6.875, -57.375, 3.7067986260914836e-23, nan 
-6.625, -57.375, 2.1728014813392162e-23, nan 
-6.375, -57.375, 1.1485467955836533e-23, nan 
-6.125, -57.375, 6.4495739413177534e-24, nan 
-5.875, -57.375, 4.124400938745063e-23, nan 
-5.625, -57.375, 4.984516639890485e-23, nan 
-5.375, -57.375, 3.344605105028461e-23, nan 
-5.125, -57.375, 1.5922510495106916e-23, nan 
-4.875, -57.375, 8.779831453048143e-24, nan 
-4.625, -57.375, 1.5040039666105678e-23, nan 
-4.375, -57.375, 1.8814771094482647e-23, nan 
-4.125, -57.375, 1.5108605831885628e-23, nan 
-3.875, -57.375, 2.5061829375814877e-23, nan 
-3.625, -57.375, 6.398738263429437e-23, nan 
-3.375, -57.375, 9.092185797211341e-23, nan 
-3.125, -57.375, 8.555690454874402e-23, nan 
-2.875, -57.375, 3.320030831509912e-23, nan 
-2.625, -57.375, 3.698046199313611e-23, nan 
-2.375, -57.375, 1.117853639693672e-22, nan 
-2.125, -57.375, 1.0427953852259098e-22, nan 
-1.875, -57.375, 6.871158115148022e-23, nan 
-1.625, -57.375, 1.2988607792804493e-22, nan 
-1.375, -57.375, 1.3231785688615156e-22, nan 
-1.125, -57.375, 6.548277596321212e-23, nan 
-0.875, -57.375, 2.6875141095108016e-23, nan 
-0.625, -57.375, 2.6682862793495474e-23, nan 
-0.375, -57.375, 3.2974032711581466e-23, nan 
-0.125, -57.375, 1.278449072769682e-22, nan 
0.125, -57.375, 1.1872844669534994e-22, nan 
0.375, -57.375, 3.877135098677886e-23, nan 
0.625, -57.375, 4.487588920016131e-23, nan 
0.875, -57.375, 3.264006722602496e-23, nan 
1.125, -57.375, 1.7562114858277178e-23, nan 
1.375, -57.375, 4.626875632904965e-23, nan 
1.625, -57.375, 5.88338128489389e-23, nan 
1.875, -57.375, 4.8279801036710795e-23, nan 
-19.625, -57.125, 7.499487784369489e-23, nan 
-19.375, -57.125, 1.2180494608593061e-22, nan 
-19.125, -57.125, 8.308368233224107e-23, nan 
-18.875, -57.125, 9.722899846467359e-24, nan 
-18.625, -57.125, 1.694711382927531e-23, nan 
-18.375, -57.125, 2.3386231369447775e-23, nan 
-18.125, -57.125, 1.6690257760611535e-23, nan 
-17.875, -57.125, 4.129540920343114e-23, nan 
-17.625, -57.125, 1.5884910054805901e-22, nan 
-17.375, -57.125, 2.769764083286141e-22, nan 
-17.125, -57.125, 2.2164970588756935e-22, nan 
-16.875, -57.125, 7.47655869620554e-23, nan 
-16.625, -57.125, 1.4167708293812236e-22, nan 
-16.375, -57.125, 1.5940671172063275e-22, nan 
-16.125, -57.125, 9.604911739013624e-23, nan 
-15.875, -57.125, 3.178337687908962e-23, nan 
-15.625, -57.125, 1.998401894650387e-23, nan 
-15.375, -57.125, 2.2564865415822818e-23, nan 
-15.125, -57.125, 3.508087117614066e-23, nan 
-14.875, -57.125, 3.5804276082897563e-23, nan 
-14.625, -57.125, 3.188480418772249e-23, nan 
-14.375, -57.125, 2.3456484403497668e-23, nan 
-14.125, -57.125, 1.835985718142871e-23, nan 
-13.875, -57.125, 1.0243523487286844e-23, nan 
-13.625, -57.125, 1.8845698452875452e-23, nan 
-13.375, -57.125, 1.9216828843861842e-23, nan 
-13.125, -57.125, 3.4557135449854133e-23, nan 
-12.875, -57.125, 3.208940274000288e-23, nan 
-12.625, -57.125, 4.583604372281892e-23, nan 
-12.375, -57.125, 4.3526982047989857e-23, nan 
-12.125, -57.125, 2.797845457177246e-23, nan 
-11.875, -57.125, 6.464901733236201e-23, nan 
-11.625, -57.125, 1.0067018287483351e-22, nan 
-11.375, -57.125, 7.515411667914841e-23, nan 
-11.125, -57.125, 8.26415189374373e-23, nan 
-10.875, -57.125, 8.864255468243446e-23, nan 
-10.625, -57.125, 7.662278464551015e-23, nan 
-10.375, -57.125, 3.030639768393189e-23, nan 
-10.125, -57.125, 2.1262885884888718e-23, nan 
-9.875, -57.125, 3.967502541366642e-23, nan 
-9.625, -57.125, 2.9174417453497214e-23, nan 
-9.375, -57.125, 2.773208478837889e-23, nan 
-9.125, -57.125, 2.72165836340734e-23, nan 
-8.875, -57.125, 3.065179417436357e-23, nan 
-8.625, -57.125, 2.7276221771305035e-23, nan 
-8.375, -57.125, 1.8748344639471336e-23, nan 
-8.125, -57.125, 1.474387629754822e-23, nan 
-7.875, -57.125, 4.18034984245406e-24, nan 
-7.625, -57.125, 1.0115825478185807e-23, nan 
-7.375, -57.125, 3.2765581764870024e-23, nan 
-7.125, -57.125, 5.33771112940903e-23, nan 
-6.875, -57.125, 5.551722032749937e-23, nan 
-6.625, -57.125, 3.9174007104545294e-23, nan 
-6.375, -57.125, 4.059323296616909e-23, nan 
-6.125, -57.125, 5.1032440289414994e-23, nan 
-5.875, -57.125, 5.255095410993691e-23, nan 
-5.625, -57.125, 3.425923961144426e-23, nan 
-5.375, -57.125, 1.8226892387272733e-23, nan 
-5.125, -57.125, 1.82196776968802e-23, nan 
-4.875, -57.125, 1.5437227291884974e-23, nan 
-4.625, -57.125, 1.3567292660038617e-23, nan 
-4.375, -57.125, 4.12921640833185e-23, nan 
-4.125, -57.125, 4.234070720446825e-23, nan 
-3.875, -57.125, 1.0256074987011084e-23, nan 
-3.625, -57.125, 1.2067450420939217e-23, nan 
-3.375, -57.125, 2.35209452236685e-23, nan 
-3.125, -57.125, 6.333405301143297e-23, nan 
-2.875, -57.125, 5.0916969753869274e-23, nan 
-2.625, -57.125, 6.503791769353637e-23, nan 
-2.375, -57.125, 7.939435131339451e-23, nan 
-2.125, -57.125, 2.868715603301884e-23, nan 
-1.875, -57.125, 1.1595179892498643e-23, nan 
-1.625, -57.125, 1.6770583950601827e-22, nan 
-1.375, -57.125, 1.850916264595546e-22, nan 
-1.125, -57.125, 5.117242735419821e-23, nan 
-0.875, -57.125, 2.128148782072926e-23, nan 
-0.625, -57.125, 9.945528826240058e-24, nan 
-0.375, -57.125, 7.925146649611163e-24, nan 
-0.125, -57.125, 9.421582003812076e-23, nan 
0.125, -57.125, 1.0841362636698888e-22, nan 
0.375, -57.125, 7.259161633097224e-23, nan 
0.625, -57.125, 6.335998284603208e-23, nan 
0.875, -57.125, 4.780636804619375e-23, nan 
1.125, -57.125, 2.460002762447457e-23, nan 
1.375, -57.125, 2.0651780689021693e-23, nan 
1.625, -57.125, 4.177357464022947e-23, nan 
1.875, -57.125, 3.5853196355690387e-23, nan 
-19.375, -56.875, 3.340425781639459e-23, nan 
-19.125, -56.875, 1.0842764210670154e-23, nan 
-18.875, -56.875, 8.636632844217025e-24, nan 
-18.625, -56.875, 1.0663322033911439e-23, nan 
-18.375, -56.875, 9.42698622942043e-24, nan 
-18.125, -56.875, 1.3275207669476054e-23, nan 
-17.875, -56.875, 2.2686475827673003e-23, nan 
-17.625, -56.875, 1.163855864562614e-22, nan 
-17.375, -56.875, 2.90640295115809e-22, nan 
-17.125, -56.875, 2.5519629501575137e-22, nan 
-16.875, -56.875, 9.587359852905574e-23, nan 
-16.625, -56.875, 8.875257615791759e-23, nan 
-16.375, -56.875, 8.151236596413342e-23, nan 
-16.125, -56.875, 7.215965564839535e-23, nan 
-15.875, -56.875, 5.442979506648203e-23, nan 
-15.625, -56.875, 5.866521903546536e-23, nan 
-15.375, -56.875, 3.573491464555112e-23, nan 
-15.125, -56.875, 3.829269167320713e-23, nan 
-14.875, -56.875, 3.983956831488659e-23, nan 
-14.625, -56.875, 2.5848099498636506e-23, nan 
-14.375, -56.875, 1.3960910888684297e-23, nan 
-14.125, -56.875, 2.1341754457380085e-23, nan 
-13.875, -56.875, 2.978867295284095e-23, nan 
-13.625, -56.875, 2.794900383354738e-23, nan 
-13.375, -56.875, 4.716688717586262e-23, nan 
-13.125, -56.875, 6.347874584435336e-23, nan 
-12.875, -56.875, 4.661655468839103e-23, nan 
-12.625, -56.875, 1.3149602388098683e-22, nan 
-12.375, -56.875, 1.192858558004491e-22, nan 
-12.125, -56.875, 2.7610954101952155e-23, nan 
-11.875, -56.875, 2.248831902590547e-22, nan 
-11.625, -56.875, 2.3505143102097284e-22, nan 
-11.375, -56.875, 7.127522312050734e-23, nan 
-11.125, -56.875, 7.721881327450393e-23, nan 
-10.875, -56.875, 8.665534002928836e-23, nan 
-10.625, -56.875, 1.2647030027595547e-22, nan 
-10.375, -56.875, 1.230016906266152e-22, nan 
-10.125, -56.875, 5.970780013725073e-23, nan 
-9.875, -56.875, 2.809215602332205e-23, nan 
-9.625, -56.875, 1.3640013324843298e-23, nan 
-9.375, -56.875, 1.2399209911637142e-23, nan 
-9.125, -56.875, 1.8573292470443883e-23, nan 
-8.875, -56.875, 1.983864207716373e-23, nan 
-8.625, -56.875, 2.237888312785333e-23, nan 
-8.375, -56.875, 1.920875496791424e-23, nan 
-8.125, -56.875, 1.4267019099481004e-23, nan 
-7.875, -56.875, 2.0231891191131157e-23, nan 
-7.625, -56.875, 3.33459229787863e-23, nan 
-7.375, -56.875, 3.451028003402052e-23, nan 
-7.125, -56.875, 4.0765407439152866e-23, nan 
-6.875, -56.875, 3.151039914974259e-23, nan 
-6.625, -56.875, 4.2156530121367664e-23, nan 
-6.375, -56.875, 4.978237101393462e-23, nan 
-6.125, -56.875, 3.756324978227314e-23, nan 
-5.875, -56.875, 1.712464564757676e-23, nan 
-5.625, -56.875, 2.5888582523294976e-23, nan 
-5.375, -56.875, 2.6398562253787573e-23, nan 
-5.125, -56.875, 1.9256591804723777e-23, nan 
-4.875, -56.875, 8.697025194680153e-24, nan 
-4.625, -56.875, 1.812039557875248e-23, nan 
-4.375, -56.875, 2.2452979490196787e-23, nan 
-4.125, -56.875, 3.7820521645806456e-23, nan 
-3.875, -56.875, 3.111592805901911e-23, nan 
-3.625, -56.875, 2.0183315740330153e-23, nan 
-3.375, -56.875, 1.7999229386550472e-23, nan 
-3.125, -56.875, 2.0023982698088446e-23, nan 
-2.875, -56.875, 2.1910509934561774e-23, nan 
-2.625, -56.875, 2.5180607014018065e-23, nan 
-2.375, -56.875, 3.38729837759587e-23, nan 
-2.125, -56.875, 2.7871228264148986e-23, nan 
-1.875, -56.875, 1.3397662589226064e-23, nan 
-1.625, -56.875, 1.7673441077932226e-23, nan 
-1.375, -56.875, 1.1119089037686825e-22, nan 
-1.125, -56.875, 1.0500488422360414e-22, nan 
-0.875, -56.875, 7.963407925953856e-23, nan 
-0.625, -56.875, 8.282993429936474e-23, nan 
-0.375, -56.875, 1.1967395028500125e-22, nan 
-0.125, -56.875, 1.3020644127235584e-22, nan 
0.125, -56.875, 9.563448980195052e-23, nan 
0.375, -56.875, 8.269069867125325e-23, nan 
0.625, -56.875, 9.952157652924911e-23, nan 
0.875, -56.875, 7.052290220428146e-23, nan 
1.125, -56.875, 3.1778073868352083e-23, nan 
1.375, -56.875, 2.7891623529335643e-23, nan 
1.625, -56.875, 9.718460431442344e-24, nan 
-18.875, -56.625, 2.602498457554411e-23, nan 
-18.625, -56.625, 1.9816139621620095e-23, nan 
-18.375, -56.625, 1.5156067097498546e-23, nan 
-18.125, -56.625, 5.142968615224459e-23, nan 
-17.875, -56.625, 4.2811082644384856e-23, nan 
-17.625, -56.625, 2.812813402364455e-22, nan 
-17.375, -56.625, 3.4681027816980745e-22, nan 
-17.125, -56.625, 1.6875350736078045e-22, nan 
-16.875, -56.625, 1.1204826293039457e-22, nan 
-16.625, -56.625, 1.1613613304314892e-22, nan 
-16.375, -56.625, 8.929163286063721e-23, nan 
-16.125, -56.625, 5.420791766379291e-23, nan 
-15.875, -56.625, 2.94765141473053e-23, nan 
-15.625, -56.625, 3.191753478223669e-23, nan 
-15.375, -56.625, 1.93691285860936e-23, nan 
-15.125, -56.625, 1.750860991119956e-23, nan 
-14.875, -56.625, 1.214837020543357e-23, nan 
-14.625, -56.625, 5.230041226639602e-24, nan 
-14.375, -56.625, 1.892326554603642e-23, nan 
-14.125, -56.625, 2.4318541890807734e-23, nan 
-13.875, -56.625, 1.4390767365630368e-23, nan 
-13.625, -56.625, 8.628056153414878e-24, nan 
-13.375, -56.625, 1.0367509980184252e-23, nan 
-13.125, -56.625, 3.2705869398576495e-23, nan 
-12.875, -56.625, 4.4710236818251867e-23, nan 
-12.625, -56.625, 5.666485860087526e-23, nan 
-12.375, -56.625, 3.224021809841467e-23, nan 
-12.125, -56.625, 3.6067477259657084e-23, nan 
-11.875, -56.625, 1.2752692223088706e-22, nan 
-11.625, -56.625, 1.4746372617832462e-22, nan 
-11.375, -56.625, 4.1699363614823614e-23, nan 
-11.125, -56.625, 1.3527778570758176e-23, nan 
-10.875, -56.625, 1.9148845106594948e-23, nan 
-10.625, -56.625, 4.05852216466565e-23, nan 
-10.375, -56.625, 1.4917182632154222e-22, nan 
-10.125, -56.625, 1.3048535729776885e-22, nan 
-9.875, -56.625, 2.1459421739790622e-23, nan 
-9.625, -56.625, 1.6781114005180068e-23, nan 
-9.375, -56.625, 1.1739732521014735e-23, nan 
-9.125, -56.625, 1.0578764100151505e-23, nan 
-8.875, -56.625, 8.562459416691965e-24, nan 
-8.625, -56.625, 8.44653032152041e-24, nan 
-8.375, -56.625, 9.628851890903841e-24, nan 
-8.125, -56.625, 1.8096103119196493e-23, nan 
-7.875, -56.625, 2.829028943717404e-23, nan 
-7.625, -56.625, 2.9784175024302116e-23, nan 
-7.375, -56.625, 8.037097025058376e-23, nan 
-7.125, -56.625, 9.743551607000182e-23, nan 
-6.875, -56.625, 8.367568198434456e-23, nan 
-6.625, -56.625, 1.8736010091825445e-23, nan 
-6.375, -56.625, 2.1374169198149482e-23, nan 
-6.125, -56.625, 2.0895308838258352e-23, nan 
-5.875, -56.625, 9.476460995422444e-24, nan 
-5.625, -56.625, 3.369317444201457e-23, nan 
-5.375, -56.625, 9.0732236769074e-23, nan 
-5.125, -56.625, 1.0217524176409024e-22, nan 
-4.875, -56.625, 1.1473835954156712e-22, nan 
-4.625, -56.625, 1.1194500897214243e-22, nan 
-4.375, -56.625, 7.9562206766993e-23, nan 
-4.125, -56.625, 5.415559433898894e-23, nan 
-3.875, -56.625, 4.3664043149614985e-23, nan 
-3.625, -56.625, 2.1559394768116627e-23, nan 
-3.375, -56.625, 1.879340106455456e-23, nan 
-3.125, -56.625, 4.0966865648850037e-23, nan 
-2.875, -56.625, 4.2603547564754967e-23, nan 
-2.625, -56.625, 3.468528169964391e-23, nan 
-2.375, -56.625, 3.48477384956516e-23, nan 
-2.125, -56.625, 2.2374922918600122e-23, nan 
-1.875, -56.625, 3.295052521747535e-23, nan 
-1.625, -56.625, 3.485493588042048e-23, nan 
-1.375, -56.625, 2.4804823863633752e-23, nan 
-1.125, -56.625, 1.7179261197976153e-23, nan 
-0.875, -56.625, 6.269556453169354e-23, nan 
-0.625, -56.625, 9.189484636489925e-23, nan 
-0.375, -56.625, 9.28065868748484e-23, nan 
-0.125, -56.625, 4.367709145729453e-23, nan 
0.125, -56.625, 1.8775280771757576e-23, nan 
0.375, -56.625, 3.6305835631947785e-23, nan 
0.625, -56.625, 5.098325486527512e-23, nan 
0.875, -56.625, 5.282963501205918e-23, nan 
1.125, -56.625, 4.9376796886185547e-23, nan 
1.375, -56.625, 4.3963287004338403e-23, nan 
-18.625, -56.375, 1.4578354004726555e-22, nan 
-18.375, -56.375, 1.1245903454534766e-22, nan 
-18.125, -56.375, 1.3856114654525732e-22, nan 
-17.875, -56.375, 1.8183412189430145e-22, nan 
-17.625, -56.375, 4.185304067048268e-22, nan 
-17.375, -56.375, 4.102727333489595e-22, nan 
-17.125, -56.375, 1.7436812786890505e-22, nan 
-16.875, -56.375, 1.4062573000574718e-22, nan 
-16.625, -56.375, 8.240644917290665e-23, nan 
-16.375, -56.375, 4.597763060594928e-23, nan 
-16.125, -56.375, 1.8272969214077587e-23, nan 
-15.875, -56.375, 2.5251750405365204e-23, nan 
-15.625, -56.375, 2.2402909195974652e-23, nan 
-15.375, -56.375, 1.5136557025891525e-23, nan 
-15.125, -56.375, 9.480020893319616e-24, nan 
-14.875, -56.375, 1.1345276460028559e-23, nan 
-14.625, -56.375, 9.653200472679959e-24, nan 
-14.375, -56.375, 8.47990609474077e-24, nan 
-14.125, -56.375, 8.774030934720467e-24, nan 
-13.875, -56.375, 1.3573275516120825e-23, nan 
-13.625, -56.375, 1.82970781167728e-23, nan 
-13.375, -56.375, 1.9941279783732432e-23, nan 
-13.125, -56.375, 1.5092469538991748e-23, nan 
-12.875, -56.375, 1.8199368264049524e-23, nan 
-12.625, -56.375, 2.5718866951664784e-23, nan 
-12.375, -56.375, 2.767982501564876e-23, nan 
-12.125, -56.375, 1.4058641095364503e-23, nan 
-11.875, -56.375, 1.4697861796339866e-23, nan 
-11.625, -56.375, 1.641542111577866e-22, nan 
-11.375, -56.375, 1.716906906251287e-22, nan 
-11.125, -56.375, 9.305300040782768e-23, nan 
-10.875, -56.375, 8.501394659312308e-23, nan 
-10.625, -56.375, 1.2007656200992973e-22, nan 
-10.375, -56.375, 1.1153399989255521e-22, nan 
-10.125, -56.375, 2.2407914243856724e-23, nan 
-9.875, -56.375, 1.2219247261061075e-23, nan 
-9.625, -56.375, 1.1241418962526947e-23, nan 
-9.375, -56.375, 1.718774613667477e-23, nan 
-9.125, -56.375, 9.881897154105248e-24, nan 
-8.875, -56.375, 1.6479181716126138e-23, nan 
-8.625, -56.375, 1.7601229056491027e-23, nan 
-8.375, -56.375, 5.1759232637718654e-24, nan 
-8.125, -56.375, 1.4672953833644796e-23, nan 
-7.875, -56.375, 2.2724807245429673e-23, nan 
-7.625, -56.375, 1.5969407358536176e-22, nan 
-7.375, -56.375, 1.8361015343194731e-22, nan 
-7.125, -56.375, 1.092189590696913e-22, nan 
-6.875, -56.375, 1.9116875993493484e-22, nan 
-6.625, -56.375, 1.9279178675752047e-22, nan 
-6.375, -56.375, 1.648991056781872e-23, nan 
-6.125, -56.375, 1.6924326980563496e-23, nan 
-5.875, -56.375, 5.374125372940213e-23, nan 
-5.625, -56.375, 1.240710097540193e-22, nan 
-5.375, -56.375, 1.3608665071217778e-22, nan 
-5.125, -56.375, 9.953247050509579e-23, nan 
-4.875, -56.375, 1.127065919768241e-22, nan 
-4.625, -56.375, 1.4737890256518345e-22, nan 
-4.375, -56.375, 1.927605660013637e-22, nan 
-4.125, -56.375, 1.4559473824738068e-22, nan 
-3.875, -56.375, 4.4191506472511214e-23, nan 
-3.625, -56.375, 3.1805610746917916e-23, nan 
-3.375, -56.375, 4.036040726021985e-23, nan 
-3.125, -56.375, 2.8275535970605004e-23, nan 
-2.875, -56.375, 1.87706744362359e-23, nan 
-2.625, -56.375, 2.5267764133371196e-23, nan 
-2.375, -56.375, 2.7985649713636535e-23, nan 
-2.125, -56.375, 2.307048686691095e-23, nan 
-1.875, -56.375, 2.386555472921252e-23, nan 
-1.625, -56.375, 1.5910589314271643e-23, nan 
-1.375, -56.375, 7.92441247870799e-24, nan 
-1.125, -56.375, 1.1759361987502508e-23, nan 
-0.875, -56.375, 1.5442784508687487e-23, nan 
-0.625, -56.375, 1.964167214175113e-23, nan 
-0.375, -56.375, 2.5370051595034877e-23, nan 
-0.125, -56.375, 2.698422167881771e-23, nan 
0.125, -56.375, 2.1509421803360672e-23, nan 
0.375, -56.375, 5.320334204066812e-23, nan 
0.625, -56.375, 6.2127365607778e-23, nan 
0.875, -56.375, 3.302327015509531e-23, nan 
1.125, -56.375, 1.4523615184670742e-23, nan 
1.375, -56.375, 2.557399769850167e-23, nan 
-18.375, -56.125, 2.632839117675509e-22, nan 
-18.125, -56.125, 2.1084953482414785e-22, nan 
-17.875, -56.125, 3.77769426420083e-22, nan 
-17.625, -56.125, 5.540024187886565e-22, nan 
-17.375, -56.125, 4.227556391530855e-22, nan 
-17.125, -56.125, 1.1054071766460562e-22, nan 
-16.875, -56.125, 1.0211352910613239e-22, nan 
-16.625, -56.125, 7.518512470288695e-23, nan 
-16.375, -56.125, 2.2706738181531912e-23, nan 
-16.125, -56.125, 8.064995571741206e-24, nan 
-15.875, -56.125, 8.209636686451934e-24, nan 
-15.625, -56.125, 1.5614980665825983e-23, nan 
-15.375, -56.125, 1.9775364256405633e-23, nan 
-15.125, -56.125, 2.2676416026504962e-23, nan 
-14.875, -56.125, 2.1006397885274887e-23, nan 
-14.625, -56.125, 1.4569623909401705e-23, nan 
-14.375, -56.125, 9.975151635833406e-24, nan 
-14.125, -56.125, 9.685351348226165e-24, nan 
-13.875, -56.125, 1.3587754523569453e-23, nan 
-13.625, -56.125, 2.0513559790734856e-23, nan 
-13.375, -56.125, 1.9292957457185967e-23, nan 
-13.125, -56.125, 1.5709537035777455e-23, nan 
-12.875, -56.125, 1.0270555227608069e-23, nan 
-12.625, -56.125, 1.6336179919628064e-23, nan 
-12.375, -56.125, 2.1247398116808353e-23, nan 
-12.125, -56.125, 2.551131536429205e-23, nan 
-11.875, -56.125, 2.327834448516578e-23, nan 
-11.625, -56.125, 2.5015624173742854e-23, nan 
-11.375, -56.125, 8.91152567336099e-23, nan 
-11.125, -56.125, 9.267549643512763e-23, nan 
-10.875, -56.125, 8.663091080240076e-23, nan 
-10.625, -56.125, 6.337415789124955e-23, nan 
-10.375, -56.125, 1.363538654327444e-23, nan 
-10.125, -56.125, 1.337122794594218e-23, nan 
-9.875, -56.125, 2.5147973688744628e-23, nan 
-9.625, -56.125, 3.068853217257055e-23, nan 
-9.375, -56.125, 2.92494524409865e-23, nan 
-9.125, -56.125, 2.0775873371681802e-23, nan 
-8.875, -56.125, 1.8473169430463025e-23, nan 
-8.625, -56.125, 1.0878426747441141e-23, nan 
-8.375, -56.125, 1.4737504786870637e-23, nan 
-8.125, -56.125, 1.8186584136673257e-23, nan 
-7.875, -56.125, 1.6953635254892157e-23, nan 
-7.625, -56.125, 2.0557232679743561e-22, nan 
-7.375, -56.125, 2.2786162458043177e-22, nan 
-7.125, -56.125, 3.7151315704622144e-23, nan 
-6.875, -56.125, 8.643656057848595e-23, nan 
-6.625, -56.125, 2.30532649864443e-22, nan 
-6.375, -56.125, 1.787040285114157e-22, nan 
-6.125, -56.125, 1.9539130418222478e-23, nan 
-5.875, -56.125, 1.0578752770701939e-22, nan 
-5.625, -56.125, 1.2727232537114905e-22, nan 
-5.375, -56.125, 5.061879018654074e-23, nan 
-5.125, -56.125, 1.4242741322588055e-23, nan 
-4.875, -56.125, 1.2004714531883945e-23, nan 
-4.625, -56.125, 3.1982052910504306e-23, nan 
-4.375, -56.125, 1.7975050337278153e-22, nan 
-4.125, -56.125, 1.7433209864998571e-22, nan 
-3.875, -56.125, 4.3892823116326395e-23, nan 
-3.625, -56.125, 5.339421878299574e-23, nan 
-3.375, -56.125, 6.48012686941454e-23, nan 
-3.125, -56.125, 4.293097976928302e-23, nan 
-2.875, -56.125, 2.978748399148591e-23, nan 
-2.625, -56.125, 1.5297213079345146e-23, nan 
-2.375, -56.125, 1.2131568962751086e-23, nan 
-2.125, -56.125, 1.2545425485328257e-23, nan 
-1.875, -56.125, 1.5067515973331818e-23, nan 
-1.625, -56.125, 1.4243081007148666e-23, nan 
-1.375, -56.125, 1.5570803180143932e-23, nan 
-1.125, -56.125, 1.547182363585194e-23, nan 
-0.875, -56.125, 5.3580998903665374e-24, nan 
-0.625, -56.125, 1.837748854100333e-23, nan 
-0.375, -56.125, 1.631230929959598e-23, nan 
-0.125, -56.125, 2.0943356592257224e-23, nan 
0.125, -56.125, 1.033092398590205e-23, nan 
0.375, -56.125, 4.384939503016452e-23, nan 
0.625, -56.125, 6.770552674294551e-23, nan 
0.875, -56.125, 5.42381656129316e-23, nan 
1.125, -56.125, 1.3044559278197484e-23, nan 
-17.875, -55.875, 4.195923199997357e-22, nan 
-17.625, -55.875, 2.4556929306071775e-22, nan 
-17.375, -55.875, 5.149155509700769e-23, nan 
-17.125, -55.875, 4.562351805114927e-23, nan 
-16.875, -55.875, 4.8565251600769785e-23, nan 
-16.625, -55.875, 3.4935322758658107e-23, nan 
-16.375, -55.875, 2.2457648861617576e-23, nan 
-16.125, -55.875, 1.0614236070505997e-22, nan 
-15.875, -55.875, 9.967676450547292e-23, nan 
-15.625, -55.875, 1.628693879375102e-23, nan 
-15.375, -55.875, 1.660634631498923e-23, nan 
-15.125, -55.875, 1.5509264285814155e-23, nan 
-14.875, -55.875, 8.469974894899803e-24, nan 
-14.625, -55.875, 5.9881039042108034e-24, nan 
-14.375, -55.875, 1.2692719301078856e-23, nan 
-14.125, -55.875, 2.95387357193459e-23, nan 
-13.875, -55.875, 2.3381709717933744e-23, nan 
-13.625, -55.875, 2.486537183200483e-23, nan 
-13.375, -55.875, 2.4749784110872063e-23, nan 
-13.125, -55.875, 1.869533511017922e-23, nan 
-12.875, -55.875, 2.6020463439856256e-23, nan 
-12.625, -55.875, 2.320823450940668e-23, nan 
-12.375, -55.875, 2.2326421843356233e-23, nan 
-12.125, -55.875, 2.750962546105549e-23, nan 
-11.875, -55.875, 3.244920316629808e-23, nan 
-11.625, -55.875, 3.478564984336032e-23, nan 
-11.375, -55.875, 2.6284355247888667e-23, nan 
-11.125, -55.875, 3.0766222209818027e-23, nan 
-10.875, -55.875, 3.7298177899487226e-23, nan 
-10.625, -55.875, 4.280474864523014e-23, nan 
-10.375, -55.875, 4.169311494211643e-23, nan 
-10.125, -55.875, 3.385533550340445e-23, nan 
-9.875, -55.875, 3.520925545510515e-23, nan 
-9.625, -55.875, 3.118524431713446e-23, nan 
-9.375, -55.875, 6.567302422500413e-23, nan 
-9.125, -55.875, 5.23260346846363e-23, nan 
-8.875, -55.875, 1.4317465092409863e-23, nan 
-8.625, -55.875, 6.93013172646738e-24, nan 
-8.375, -55.875, 6.222364643389517e-24, nan 
-8.125, -55.875, 9.79749719241228e-24, nan 
-7.875, -55.875, 5.2766515624610986e-23, nan 
-7.625, -55.875, 1.0900298514382938e-22, nan 
-7.375, -55.875, 1.7389485074868515e-22, nan 
-7.125, -55.875, 1.5181723874794772e-22, nan 
-6.875, -55.875, 1.33176763846707e-22, nan 
-6.625, -55.875, 1.3014163883458029e-22, nan 
-6.375, -55.875, 3.89166391877765e-23, nan 
-6.125, -55.875, 1.829758615562445e-23, nan 
-5.875, -55.875, 4.386766730709717e-23, nan 
-5.625, -55.875, 1.2878089193245305e-22, nan 
-5.375, -55.875, 1.4311418224503425e-22, nan 
-5.125, -55.875, 1.0620475553057252e-22, nan 
-4.875, -55.875, 1.1302277417058045e-22, nan 
-4.625, -55.875, 1.4804328260081795e-22, nan 
-4.375, -55.875, 1.8711192118957255e-22, nan 
-4.125, -55.875, 1.3807579566257597e-22, nan 
-3.875, -55.875, 4.958333521341836e-23, nan 
-3.625, -55.875, 7.255061094375983e-23, nan 
-3.375, -55.875, 7.477848008708251e-23, nan 
-3.125, -55.875, 7.421412727893366e-23, nan 
-2.875, -55.875, 3.589069647422408e-23, nan 
-2.625, -55.875, 2.939140290623378e-23, nan 
-2.375, -55.875, 1.6620174103887174e-23, nan 
-2.125, -55.875, 4.350899092880326e-24, nan 
-1.875, -55.875, 5.4688288246883176e-24, nan 
-1.625, -55.875, 4.267935543845332e-24, nan 
-1.375, -55.875, 5.232769831271509e-24, nan 
-1.125, -55.875, 2.292135067109265e-23, nan 
-0.875, -55.875, 3.572444025026625e-23, nan 
-0.625, -55.875, 5.62758430237245e-23, nan 
-0.375, -55.875, 4.330437566089855e-23, nan 
-0.125, -55.875, 1.4821006656261036e-23, nan 
0.125, -55.875, 2.4190359214155072e-23, nan 
0.375, -55.875, 4.219950035867281e-23, nan 
0.625, -55.875, 4.5306351250143883e-23, nan 
0.875, -55.875, 3.339230990267582e-23, nan 
-17.625, -55.625, 4.227070822867874e-23, nan 
-17.375, -55.625, 5.243637686488079e-23, nan 
-17.125, -55.625, 3.708609931984602e-23, nan 
-16.875, -55.625, 3.0930203667402494e-23, nan 
-16.625, -55.625, 2.719110952968511e-23, nan 
-16.375, -55.625, 2.0083403527194176e-22, nan 
-16.125, -55.625, 2.36637927033159e-22, nan 
-15.875, -55.625, 2.0462532429555778e-22, nan 
-15.625, -55.625, 1.5636894721425824e-22, nan 
-15.375, -55.625, 1.6025437327300696e-23, nan 
-15.125, -55.625, 1.6433667761649995e-23, nan 
-14.875, -55.625, 2.07994684439211e-23, nan 
-14.625, -55.625, 1.6989886274510914e-23, nan 
-14.375, -55.625, 2.0720676385668592e-23, nan 
-14.125, -55.625, 2.7545892397970896e-23, nan 
-13.875, -55.625, 1.7894187968635936e-23, nan 
-13.625, -55.625, 2.2385714550360842e-23, nan 
-13.375, -55.625, 2.6183140999960549e-23, nan 
-13.125, -55.625, 1.812804425726873e-23, nan 
-12.875, -55.625, 2.549597796628668e-23, nan 
-12.625, -55.625, 2.3066059123397214e-23, nan 
-12.375, -55.625, 2.4856195778707097e-23, nan 
-12.125, -55.625, 2.9139064973231926e-23, nan 
-11.875, -55.625, 2.3902304485154615e-23, nan 
-11.625, -55.625, 2.3494921555006268e-23, nan 
-11.375, -55.625, 2.3536280655383987e-23, nan 
-11.125, -55.625, 3.2013863286161317e-23, nan 
-10.875, -55.625, 4.0745645414718446e-23, nan 
-10.625, -55.625, 4.699647197397334e-23, nan 
-10.375, -55.625, 4.1916936328066953e-23, nan 
-10.125, -55.625, 2.5715449734506487e-23, nan 
-9.875, -55.625, 2.3728392883164866e-23, nan 
-9.625, -55.625, 2.5781581702915066e-23, nan 
-9.375, -55.625, 3.6949374688999364e-23, nan 
-9.125, -55.625, 1.0268490512632636e-23, nan 
-8.875, -55.625, 1.1854451885320338e-23, nan 
-8.625, -55.625, 9.453291489214302e-24, nan 
-8.375, -55.625, 7.654937209545533e-24, nan 
-8.125, -55.625, 6.247399547597553e-24, nan 
-7.875, -55.625, 9.230752012268734e-24, nan 
-7.625, -55.625, 3.508880886989459e-23, nan 
-7.375, -55.625, 2.0831519234867768e-23, nan 
-7.125, -55.625, 8.48766238479221e-23, nan 
-6.875, -55.625, 6.882770181998405e-23, nan 
-6.625, -55.625, 1.65848348968522e-23, nan 
-6.375, -55.625, 1.3252929125156088e-23, nan 
-6.125, -55.625, 1.2748095556942933e-23, nan 
-5.875, -55.625, 1.0682385538965345e-23, nan 
-5.625, -55.625, 2.466812577127714e-23, nan 
-5.375, -55.625, 8.964970912705639e-23, nan 
-5.125, -55.625, 1.0570544551027996e-22, nan 
-4.875, -55.625, 1.1055508809564795e-22, nan 
-4.625, -55.625, 1.0951836600682017e-22, nan 
-4.375, -55.625, 6.88072152464637e-23, nan 
-4.125, -55.625, 6.396136708063663e-23, nan 
-3.875, -55.625, 9.754286324999346e-23, nan 
-3.625, -55.625, 1.0119651025321201e-22, nan 
-3.375, -55.625, 6.041745073553252e-23, nan 
-3.125, -55.625, 1.3948862621412524e-22, nan 
-2.875, -55.625, 1.1584857396277434e-22, nan 
-2.625, -55.625, 3.496259099294165e-23, nan 
-2.375, -55.625, 3.2719751590474695e-23, nan 
-2.125, -55.625, 1.0630230410168042e-23, nan 
-1.875, -55.625, 7.068036876990966e-24, nan 
-1.625, -55.625, 6.672456896300128e-24, nan 
-1.375, -55.625, 4.055204779160425e-24, nan 
-1.125, -55.625, 6.870474470759261e-24, nan 
-0.875, -55.625, 6.720931959169016e-24, nan 
-0.625, -55.625, 2.0260146283742676e-23, nan 
-0.375, -55.625, 2.446329567998873e-23, nan 
-0.125, -55.625, 2.7352353521167816e-23, nan 
0.125, -55.625, 2.0018825489779455e-23, nan 
0.375, -55.625, 2.403843765393651e-23, nan 
0.625, -55.625, 3.154891235242948e-23, nan 
-17.125, -55.375, 2.345941383967459e-23, nan 
-16.875, -55.375, 2.3079140520981378e-23, nan 
-16.625, -55.375, 3.524133879968844e-23, nan 
-16.375, -55.375, 4.1498321547645203e-23, nan 
-16.125, -55.375, 9.216539865403964e-23, nan 
-15.875, -55.375, 8.366762711919609e-23, nan 
-15.625, -55.375, 2.516134213042104e-23, nan 
-15.375, -55.375, 2.2928242561615813e-23, nan 
-15.125, -55.375, 2.5252370082403633e-23, nan 
-14.875, -55.375, 2.2552233438102217e-23, nan 
-14.625, -55.375, 1.4870706056724035e-23, nan 
-14.375, -55.375, 3.084930894802042e-23, nan 
-14.125, -55.375, 2.7675977863601006e-23, nan 
-13.875, -55.375, 1.390061136692883e-23, nan 
-13.625, -55.375, 1.8800081875226277e-23, nan 
-13.375, -55.375, 3.084742070922725e-23, nan 
-13.125, -55.375, 2.4119345274117687e-23, nan 
-12.875, -55.375, 1.1212305457526304e-23, nan 
-12.625, -55.375, 1.3278819960510986e-23, nan 
-12.375, -55.375, 1.8159887542691278e-23, nan 
-12.125, -55.375, 2.4255349046927792e-23, nan 
-11.875, -55.375, 2.536904391270178e-23, nan 
-11.625, -55.375, 2.122796825418585e-23, nan 
-11.375, -55.375, 1.022308100445784e-23, nan 
-11.125, -55.375, 1.1878065995047497e-23, nan 
-10.875, -55.375, 1.8581707163292664e-23, nan 
-10.625, -55.375, 2.547483982484198e-23, nan 
-10.375, -55.375, 2.2732021408786264e-23, nan 
-10.125, -55.375, 1.705232048977795e-23, nan 
-9.875, -55.375, 2.3991947693602167e-23, nan 
-9.625, -55.375, 2.4208630303486197e-23, nan 
-9.375, -55.375, 1.6551939023330153e-23, nan 
-9.125, -55.375, 2.2754757056726995e-23, nan 
-8.875, -55.375, 1.919939479072824e-23, nan 
-8.625, -55.375, 9.989632619257364e-24, nan 
-8.375, -55.375, 1.2281543027430138e-23, nan 
-8.125, -55.375, 1.3811074644539706e-23, nan 
-7.875, -55.375, 1.2162861205249455e-23, nan 
-7.625, -55.375, 1.1322600811409557e-23, nan 
-7.375, -55.375, 5.650114356326577e-24, nan 
-7.125, -55.375, 3.926610138460846e-24, nan 
-6.875, -55.375, 5.605837204924144e-24, nan 
-6.625, -55.375, 7.332698913493519e-24, nan 
-6.375, -55.375, 1.1820748859965436e-23, nan 
-6.125, -55.375, 1.0050948884120087e-23, nan 
-5.875, -55.375, 2.084126284203326e-23, nan 
-5.625, -55.375, 2.315861955539209e-23, nan 
-5.375, -55.375, 8.980125398940428e-24, nan 
-5.125, -55.375, 5.33707401138411e-24, nan 
-4.875, -55.375, 6.969287857627018e-24, nan 
-4.625, -55.375, 9.388118394922263e-24, nan 
-4.375, -55.375, 1.4269652775933026e-23, nan 
-4.125, -55.375, 2.4712172225731098e-23, nan 
-3.875, -55.375, 2.5002549321471194e-23, nan 
-3.625, -55.375, 5.583362413097383e-23, nan 
-3.375, -55.375, 5.331456641973444e-23, nan 
-3.125, -55.375, 6.034520028872214e-23, nan 
-2.875, -55.375, 2.1945479581104134e-23, nan 
-2.625, -55.375, 2.44330524017199e-23, nan 
-2.375, -55.375, 1.5168623067799128e-23, nan 
-2.125, -55.375, 7.43781592306608e-24, nan 
-1.875, -55.375, 6.221567792951928e-23, nan 
-1.625, -55.375, 1.0449917978094466e-23, nan 
-1.375, -55.375, 1.332277623254832e-23, nan 
-1.125, -55.375, 8.79572724530056e-24, nan 
-0.875, -55.375, 1.7362077926841777e-23, nan 
-0.625, -55.375, 1.1735562040946499e-23, nan 
-0.375, -55.375, 1.2990447621519221e-23, nan 
-0.125, -55.375, 1.3367916146248545e-23, nan 
0.125, -55.375, 1.552827221642537e-23, nan 
0.375, -55.375, 2.8426547427124787e-23, nan 
0.625, -55.375, 2.3216319353048237e-23, nan 
-16.875, -55.125, 2.956191104274044e-23, nan 
-16.625, -55.125, 3.8454109913065266e-23, nan 
-16.375, -55.125, 3.5056575160780913e-23, nan 
-16.125, -55.125, 2.7652891000565434e-23, nan 
-15.875, -55.125, 2.441581800899479e-23, nan 
-15.625, -55.125, 2.1884307027408052e-23, nan 
-15.375, -55.125, 2.5092144339995397e-23, nan 
-15.125, -55.125, 2.528660265728744e-23, nan 
-14.875, -55.125, 1.9312582296831053e-23, nan 
-14.625, -55.125, 4.133102410134135e-23, nan 
-14.375, -55.125, 6.126349690974552e-23, nan 
-14.125, -55.125, 4.4770219294925424e-23, nan 
-13.875, -55.125, 1.7477851319521898e-23, nan 
-13.625, -55.125, 1.3477517384938557e-23, nan 
-13.375, -55.125, 2.18324875559563e-23, nan 
-13.125, -55.125, 2.3853131176429804e-23, nan 
-12.875, -55.125, 9.90281678880252e-24, nan 
-12.625, -55.125, 6.868691446648222e-24, nan 
-12.375, -55.125, 1.4600262523751203e-23, nan 
-12.125, -55.125, 1.829417507466883e-23, nan 
-11.875, -55.125, 1.9906181607834608e-23, nan 
-11.625, -55.125, 2.9073032828848157e-23, nan 
-11.375, -55.125, 2.5074783775249618e-23, nan 
-11.125, -55.125, 2.4239073301161762e-23, nan 
-10.875, -55.125, 2.8232697613107295e-23, nan 
-10.625, -55.125, 2.832799460517427e-23, nan 
-10.375, -55.125, 1.941433247801722e-23, nan 
-10.125, -55.125, 1.3341574714852843e-23, nan 
-9.875, -55.125, 3.699324824149643e-23, nan 
-9.625, -55.125, 4.226803342454726e-23, nan 
-9.375, -55.125, 3.697951053866134e-23, nan 
-9.125, -55.125, 3.316170084046295e-23, nan 
-8.875, -55.125, 1.60532283407784e-23, nan 
-8.625, -55.125, 8.061993428671181e-24, nan 
-8.375, -55.125, 1.6635902554345133e-23, nan 
-8.125, -55.125, 2.5170300456583405e-23, nan 
-7.875, -55.125, 3.351703887460298e-23, nan 
-7.625, -55.125, 3.217422462743884e-23, nan 
-7.375, -55.125, 1.9445555032234936e-23, nan 
-7.125, -55.125, 3.601836607125425e-24, nan 
-6.875, -55.125, 9.144490913653232e-24, nan 
-6.625, -55.125, 4.564761453263826e-23, nan 
-6.375, -55.125, 5.978247960613315e-23, nan 
-6.125, -55.125, 3.254676394444076e-23, nan 
-5.875, -55.125, 2.6715771912380015e-23, nan 
-5.625, -55.125, 3.1818418658413955e-23, nan 
-5.375, -55.125, 2.506481282028285e-23, nan 
-5.125, -55.125, 2.3390667150962377e-23, nan 
-4.875, -55.125, 1.5937012984830862e-23, nan 
-4.625, -55.125, 6.212621396201491e-24, nan 
-4.375, -55.125, 2.0473993337573285e-23, nan 
-4.125, -55.125, 1.9722277108896523e-23, nan 
-3.875, -55.125, 1.1041385970706706e-23, nan 
-3.625, -55.125, 1.0393321560589723e-23, nan 
-3.375, -55.125, 1.1207531559150778e-23, nan 
-3.125, -55.125, 1.3786835577184096e-23, nan 
-2.875, -55.125, 5.745539477633373e-23, nan 
-2.625, -55.125, 2.5604043398435115e-23, nan 
-2.375, -55.125, 1.7799248621805722e-23, nan 
-2.125, -55.125, 1.072042993036378e-22, nan 
-1.875, -55.125, 1.6213902517773578e-22, nan 
-1.625, -55.125, 1.0645141007965765e-22, nan 
-1.375, -55.125, 1.7226137608671498e-23, nan 
-1.125, -55.125, 2.01344650544167e-23, nan 
-0.875, -55.125, 3.088469762546782e-23, nan 
-0.625, -55.125, 3.816792792614167e-23, nan 
-0.375, -55.125, 3.1314952949952627e-23, nan 
-0.125, -55.125, 2.5629549742154434e-23, nan 
0.125, -55.125, 2.6356167178791324e-23, nan 
0.375, -55.125, 3.183947819920331e-23, nan 
-16.625, -54.875, 2.498976613347779e-23, nan 
-16.375, -54.875, 1.1569667453381201e-23, nan 
-16.125, -54.875, 1.2674938829874687e-23, nan 
-15.875, -54.875, 1.8842199594980986e-23, nan 
-15.625, -54.875, 2.6670371966311515e-23, nan 
-15.375, -54.875, 2.3087015907818623e-23, nan 
-15.125, -54.875, 2.5578331704054037e-23, nan 
-14.875, -54.875, 3.659039051537333e-23, nan 
-14.625, -54.875, 4.1475279523023123e-23, nan 
-14.375, -54.875, 4.5283498185325627e-23, nan 
-14.125, -54.875, 2.659848917798361e-23, nan 
-13.875, -54.875, 1.9369451927827482e-23, nan 
-13.625, -54.875, 1.0778197263863964e-23, nan 
-13.375, -54.875, 1.1048124729685558e-23, nan 
-13.125, -54.875, 1.634548078156426e-23, nan 
-12.875, -54.875, 9.61912371466683e-24, nan 
-12.625, -54.875, 1.495624957029256e-23, nan 
-12.375, -54.875, 3.912647784924688e-23, nan 
-12.125, -54.875, 7.117551136755681e-23, nan 
-11.875, -54.875, 1.9000908769421934e-23, nan 
-11.625, -54.875, 1.3980398181534392e-23, nan 
-11.375, -54.875, 4.843726895301397e-23, nan 
-11.125, -54.875, 4.489674154637754e-23, nan 
-10.875, -54.875, 2.976631588981098e-23, nan 
-10.625, -54.875, 3.505327363499949e-23, nan 
-10.375, -54.875, 2.9546631165558996e-23, nan 
-10.125, -54.875, 1.3147906062419657e-23, nan 
-9.875, -54.875, 1.8726203780102692e-23, nan 
-9.625, -54.875, 2.8305793071584504e-23, nan 
-9.375, -54.875, 2.457069683453515e-23, nan 
-9.125, -54.875, 1.6570469075301985e-23, nan 
-8.875, -54.875, 1.728436339913634e-23, nan 
-8.625, -54.875, 1.1605861570249699e-23, nan 
-8.375, -54.875, 6.471902106913995e-24, nan 
-8.125, -54.875, 1.3587152673707586e-23, nan 
-7.875, -54.875, 1.8516684047443435e-23, nan 
-7.625, -54.875, 1.120503283181836e-23, nan 
-7.375, -54.875, 1.2197694938525664e-23, nan 
-7.125, -54.875, 6.106850778222228e-24, nan 
-6.875, -54.875, 8.855391145786806e-23, nan 
-6.625, -54.875, 8.767902560841891e-23, nan 
-6.375, -54.875, 8.359429740460923e-23, nan 
-6.125, -54.875, 1.094239410390715e-22, nan 
-5.875, -54.875, 7.856007888795996e-23, nan 
-5.625, -54.875, 2.109241626388175e-23, nan 
-5.375, -54.875, 2.375136943313096e-23, nan 
-5.125, -54.875, 2.5690669307243586e-23, nan 
-4.875, -54.875, 1.3360341218565125e-23, nan 
-4.625, -54.875, 3.032004903174619e-24, nan 
-4.375, -54.875, 1.254331729823556e-23, nan 
-4.125, -54.875, 6.275008122893627e-23, nan 
-3.875, -54.875, 8.734632338049625e-23, nan 
-3.625, -54.875, 1.6399554370354853e-23, nan 
-3.375, -54.875, 1.579732298800555e-23, nan 
-3.125, -54.875, 8.733500188194358e-23, nan 
-2.875, -54.875, 1.5801261931665943e-22, nan 
-2.625, -54.875, 1.0586412842111246e-22, nan 
-2.375, -54.875, 1.972618725610275e-23, nan 
-2.125, -54.875, 9.425732760585551e-23, nan 
-1.875, -54.875, 1.4217515728773675e-22, nan 
-1.625, -54.875, 9.816608311225202e-23, nan 
-1.375, -54.875, 2.063315975187052e-23, nan 
-1.125, -54.875, 2.0016087570077026e-23, nan 
-0.875, -54.875, 2.5341185353937208e-23, nan 
-0.625, -54.875, 3.680403798223673e-23, nan 
-0.375, -54.875, 3.104057987844069e-23, nan 
-0.125, -54.875, 7.311287564230439e-23, nan 
0.125, -54.875, 4.989783450181105e-23, nan 
-16.125, -54.625, 2.302288312945312e-23, nan 
-15.875, -54.625, 2.958756934691676e-23, nan 
-15.625, -54.625, 2.831737104852564e-23, nan 
-15.375, -54.625, 1.380911726477502e-23, nan 
-15.125, -54.625, 1.6101931748167393e-23, nan 
-14.875, -54.625, 2.6067498384386178e-23, nan 
-14.625, -54.625, 1.9252734426846816e-23, nan 
-14.375, -54.625, 2.156347911717493e-23, nan 
-14.125, -54.625, 1.6477674526212245e-23, nan 
-13.875, -54.625, 2.7048416577195e-23, nan 
-13.625, -54.625, 2.0460433308701474e-23, nan 
-13.375, -54.625, 1.2196596922813665e-23, nan 
-13.125, -54.625, 1.8344707078924818e-23, nan 
-12.875, -54.625, 1.8565636237008536e-23, nan 
-12.625, -54.625, 4.0503902657920047e-23, nan 
-12.375, -54.625, 6.269372392201087e-23, nan 
-12.125, -54.625, 1.5944639376612225e-22, nan 
-11.875, -54.625, 1.4418152130097114e-22, nan 
-11.625, -54.625, 5.876651696867998e-23, nan 
-11.375, -54.625, 5.749644791924371e-23, nan 
-11.125, -54.625, 2.2410291484327673e-23, nan 
-10.875, -54.625, 1.9267026305651773e-23, nan 
-10.625, -54.625, 2.1300139361297947e-23, nan 
-10.375, -54.625, 2.857527986233276e-23, nan 
-10.125, -54.625, 3.124770763258965e-23, nan 
-9.875, -54.625, 3.395643020911728e-23, nan 
-9.625, -54.625, 2.34891934701882e-23, nan 
-9.375, -54.625, 2.111698672042986e-23, nan 
-9.125, -54.625, 2.2438738836245306e-23, nan 
-8.875, -54.625, 1.855285461022998e-23, nan 
-8.625, -54.625, 1.50483933200889e-23, nan 
-8.375, -54.625, 1.2362484795261146e-23, nan 
-8.125, -54.625, 7.548445027481314e-24, nan 
-7.875, -54.625, 1.2000350400945265e-23, nan 
-7.625, -54.625, 1.59610423340637e-23, nan 
-7.375, -54.625, 1.739319303581637e-23, nan 
-7.125, -54.625, 9.439718256954847e-23, nan 
-6.875, -54.625, 1.2860440897345548e-22, nan 
-6.625, -54.625, 7.185539937220774e-23, nan 
-6.375, -54.625, 2.391041334733962e-23, nan 
-6.125, -54.625, 1.5629231001069245e-22, nan 
-5.875, -54.625, 1.4820492636830475e-22, nan 
-5.625, -54.625, 2.0939403224461764e-23, nan 
-5.375, -54.625, 1.9622020942860093e-23, nan 
-5.125, -54.625, 9.318658769356705e-24, nan 
-4.875, -54.625, 9.785842033187327e-24, nan 
-4.625, -54.625, 1.1731628187569149e-23, nan 
-4.375, -54.625, 1.0966205331276528e-22, nan 
-4.125, -54.625, 1.4305692290954827e-22, nan 
-3.875, -54.625, 1.7821648505892655e-22, nan 
-3.625, -54.625, 1.3213056592740886e-22, nan 
-3.375, -54.625, 2.4469227963038898e-23, nan 
-3.125, -54.625, 1.7452490092716516e-23, nan 
-2.875, -54.625, 6.561497954005684e-23, nan 
-2.625, -54.625, 1.703136145679873e-23, nan 
-2.375, -54.625, 1.692900080240134e-23, nan 
-2.125, -54.625, 2.2456246386041553e-23, nan 
-1.875, -54.625, 4.8616396777732427e-23, nan 
-1.625, -54.625, 1.6145473978898192e-23, nan 
-1.375, -54.625, 1.9683710284411935e-23, nan 
-1.125, -54.625, 3.2363392789513315e-23, nan 
-0.875, -54.625, 3.2133890943481914e-23, nan 
-0.625, -54.625, 9.194177259401508e-23, nan 
-0.375, -54.625, 1.4339238828398028e-22, nan 
-0.125, -54.625, 1.4346610830575447e-22, nan 
-15.875, -54.375, 2.87219082128001e-23, nan 
-15.625, -54.375, 2.2397003406542425e-23, nan 
-15.375, -54.375, 2.1954882197277312e-23, nan 
-15.125, -54.375, 2.2217309811947025e-23, nan 
-14.875, -54.375, 2.3845891527156163e-23, nan 
-14.625, -54.375, 3.236639739058631e-23, nan 
-14.375, -54.375, 2.665908538549859e-23, nan 
-14.125, -54.375, 2.922982885706925e-23, nan 
-13.875, -54.375, 3.68651780473305e-23, nan 
-13.625, -54.375, 2.553048375509879e-23, nan 
-13.375, -54.375, 2.2828945351257826e-23, nan 
-13.125, -54.375, 3.4609235761826946e-23, nan 
-12.875, -54.375, 3.4008032710111633e-23, nan 
-12.625, -54.375, 2.369284004598207e-23, nan 
-12.375, -54.375, 1.2389028216655238e-22, nan 
-12.125, -54.375, 1.7416314586804686e-22, nan 
-11.875, -54.375, 1.1804325210966021e-22, nan 
-11.625, -54.375, 4.1032087426314693e-23, nan 
-11.375, -54.375, 1.7339644042765216e-23, nan 
-11.125, -54.375, 1.913257145165415e-23, nan 
-10.875, -54.375, 2.9177647863589634e-23, nan 
-10.625, -54.375, 1.9596145281422162e-23, nan 
-10.375, -54.375, 1.9525251236115668e-23, nan 
-10.125, -54.375, 2.3361772846814568e-23, nan 
-9.875, -54.375, 3.470068474939109e-23, nan 
-9.625, -54.375, 2.6364883845918828e-23, nan 
-9.375, -54.375, 3.044731016994958e-23, nan 
-9.125, -54.375, 2.3576639430516396e-23, nan 
-8.875, -54.375, 1.437341002504812e-23, nan 
-8.625, -54.375, 1.810765679208477e-23, nan 
-8.375, -54.375, 1.824382338758622e-23, nan 
-8.125, -54.375, 1.6815465320457714e-23, nan 
-7.875, -54.375, 1.5565625835978866e-23, nan 
-7.625, -54.375, 1.153110855443471e-23, nan 
-7.375, -54.375, 2.8466502918518424e-23, nan 
-7.125, -54.375, 3.193423909153685e-23, nan 
-6.875, -54.375, 7.552749167875124e-23, nan 
-6.625, -54.375, 1.0834055770611664e-22, nan 
-6.375, -54.375, 1.0851916498950495e-22, nan 
-6.125, -54.375, 1.1949323874062684e-22, nan 
-5.875, -54.375, 1.0184674013772399e-22, nan 
-5.625, -54.375, 8.386001772455355e-24, nan 
-5.375, -54.375, 7.315499664564494e-24, nan 
-5.125, -54.375, 9.902684894417543e-24, nan 
-4.875, -54.375, 1.1962049462741499e-23, nan 
-4.625, -54.375, 1.6033752454256674e-23, nan 
-4.375, -54.375, 1.6747045824430233e-23, nan 
-4.125, -54.375, 6.090173471266548e-23, nan 
-3.875, -54.375, 7.668023668982607e-23, nan 
-3.625, -54.375, 2.345555522968693e-23, nan 
-3.375, -54.375, 2.8985039797646346e-23, nan 
-3.125, -54.375, 2.5392502858115926e-23, nan 
-2.875, -54.375, 2.6324252781889383e-23, nan 
-2.625, -54.375, 2.3481711855579047e-23, nan 
-2.375, -54.375, 3.124847344912224e-23, nan 
-2.125, -54.375, 2.866453297734023e-23, nan 
-1.875, -54.375, 1.2846077595342447e-23, nan 
-1.625, -54.375, 2.3447644203420264e-23, nan 
-1.375, -54.375, 3.0787640017589945e-23, nan 
-1.125, -54.375, 2.696855737100708e-23, nan 
-0.875, -54.375, 1.2451463817542395e-22, nan 
-0.625, -54.375, 1.600348739974163e-22, nan 
-0.375, -54.375, 9.643257150245808e-23, nan 
-0.125, -54.375, 2.9285779383116054e-23, nan 
-15.375, -54.125, 1.8159159496220867e-23, nan 
-15.125, -54.125, 1.9089969185648883e-23, nan 
-14.875, -54.125, 2.2146504197281876e-23, nan 
-14.625, -54.125, 3.2083471889710767e-23, nan 
-14.375, -54.125, 3.376853655651745e-23, nan 
-14.125, -54.125, 2.794744341942129e-23, nan 
-13.875, -54.125, 4.3542220977852834e-23, nan 
-13.625, -54.125, 4.108188514083917e-23, nan 
-13.375, -54.125, 5.06648223059094e-23, nan 
-13.125, -54.125, 4.795148857086699e-23, nan 
-12.875, -54.125, 3.367375727320843e-23, nan 
-12.625, -54.125, 2.8373930219994245e-23, nan 
-12.375, -54.125, 2.063829902353145e-23, nan 
-12.125, -54.125, 5.592983898958658e-23, nan 
-11.875, -54.125, 1.388331370763985e-23, nan 
-11.625, -54.125, 1.6418344252198776e-23, nan 
-11.375, -54.125, 1.662254433655179e-23, nan 
-11.125, -54.125, 3.5905246294900394e-23, nan 
-10.875, -54.125, 9.506858386125027e-23, nan 
-10.625, -54.125, 7.020223940447258e-23, nan 
-10.375, -54.125, 2.4190704076348947e-23, nan 
-10.125, -54.125, 2.472284963423325e-23, nan 
-9.875, -54.125, 2.669682505700448e-23, nan 
-9.625, -54.125, 2.6061398808707388e-23, nan 
-9.375, -54.125, 3.101931767266066e-23, nan 
-9.125, -54.125, 2.3908604797166725e-23, nan 
-8.875, -54.125, 2.684380394682256e-23, nan 
-8.625, -54.125, 2.628867258851403e-23, nan 
-8.375, -54.125, 2.772575266113715e-23, nan 
-8.125, -54.125, 2.7795584507384327e-23, nan 
-7.875, -54.125, 3.491555951881034e-23, nan 
-7.625, -54.125, 6.088360482232449e-23, nan 
-7.375, -54.125, 5.543981795618816e-23, nan 
-7.125, -54.125, 3.3101646524770574e-23, nan 
-6.875, -54.125, 2.3829770932032174e-23, nan 
-6.625, -54.125, 2.9747258669945786e-23, nan 
-6.375, -54.125, 6.61434648092259e-23, nan 
-6.125, -54.125, 5.521069957130921e-23, nan 
-5.875, -54.125, 9.486397362852938e-24, nan 
-5.625, -54.125, 8.548321672884414e-24, nan 
-5.375, -54.125, 6.385708265655282e-24, nan 
-5.125, -54.125, 8.350246255090617e-24, nan 
-4.875, -54.125, 5.682724314880061e-23, nan 
-4.625, -54.125, 3.4261997308566136e-23, nan 
-4.375, -54.125, 3.042796960179058e-23, nan 
-4.125, -54.125, 1.5658986989915838e-23, nan 
-3.875, -54.125, 2.964570541216879e-23, nan 
-3.625, -54.125, 3.403351396874944e-23, nan 
-3.375, -54.125, 5.774650694905663e-23, nan 
-3.125, -54.125, 5.611996955810442e-23, nan 
-2.875, -54.125, 2.118683149547191e-23, nan 
-2.625, -54.125, 2.2523786766826167e-23, nan 
-2.375, -54.125, 2.5729626520639857e-23, nan 
-2.125, -54.125, 2.3100646789621134e-23, nan 
-1.875, -54.125, 2.5873162730777222e-23, nan 
-1.625, -54.125, 2.5241795220180151e-23, nan 
-1.375, -54.125, 1.8830634679312096e-23, nan 
-1.125, -54.125, 2.0415173064022497e-23, nan 
-0.875, -54.125, 2.1203568518595475e-23, nan 
-0.625, -54.125, 1.0605897758977761e-22, nan 
-0.375, -54.125, 1.1157351417169214e-22, nan 
-15.125, -53.875, 3.5127550399503346e-23, nan 
-14.875, -53.875, 2.899061430459592e-23, nan 
-14.625, -53.875, 2.277307567551021e-23, nan 
-14.375, -53.875, 5.85974780539888e-23, nan 
-14.125, -53.875, 9.995836918351452e-23, nan 
-13.875, -53.875, 8.237001384298153e-23, nan 
-13.625, -53.875, 4.437569443184821e-23, nan 
-13.375, -53.875, 4.557233727644534e-23, nan 
-13.125, -53.875, 4.6220592994464033e-23, nan 
-12.875, -53.875, 5.29774159688421e-23, nan 
-12.625, -53.875, 1.5478044060017512e-23, nan 
-12.375, -53.875, 1.2546469544466668e-23, nan 
-12.125, -53.875, 1.1886527686687704e-23, nan 
-11.875, -53.875, 1.3956103932832582e-23, nan 
-11.625, -53.875, 1.1635244585563847e-23, nan 
-11.375, -53.875, 1.0283091739834511e-23, nan 
-11.125, -53.875, 6.029975376338808e-23, nan 
-10.875, -53.875, 8.290235971339298e-23, nan 
-10.625, -53.875, 2.2101305578485097e-23, nan 
-10.375, -53.875, 2.6244206561189444e-23, nan 
-10.125, -53.875, 2.3740562770391648e-23, nan 
-9.875, -53.875, 2.4179091131851948e-23, nan 
-9.625, -53.875, 3.4266227706493503e-23, nan 
-9.375, -53.875, 5.1152154095725477e-23, nan 
-9.125, -53.875, 9.815323194859102e-23, nan 
-8.875, -53.875, 1.0833495160947651e-22, nan 
-8.625, -53.875, 9.436485283586145e-23, nan 
-8.375, -53.875, 8.888094592761365e-23, nan 
-8.125, -53.875, 8.012284921445527e-23, nan 
-7.875, -53.875, 6.34968492046013e-23, nan 
-7.625, -53.875, 6.905281315419421e-23, nan 
-7.375, -53.875, 4.3537455449870925e-23, nan 
-7.125, -53.875, 3.349000095582148e-23, nan 
-6.875, -53.875, 2.725672599880075e-23, nan 
-6.625, -53.875, 2.6533448276721753e-23, nan 
-6.375, -53.875, 2.2516586949881132e-23, nan 
-6.125, -53.875, 1.4521863721914115e-23, nan 
-5.875, -53.875, 5.062591931113447e-24, nan 
-5.625, -53.875, 6.668008247811994e-24, nan 
-5.375, -53.875, 6.222646177564438e-24, nan 
-5.125, -53.875, 7.785958238650533e-23, nan 
-4.875, -53.875, 1.243911851514919e-22, nan 
-4.625, -53.875, 7.172075213744712e-23, nan 
-4.375, -53.875, 1.6571062851600993e-23, nan 
-4.125, -53.875, 5.561093471883456e-24, nan 
-3.875, -53.875, 1.8662767381485985e-23, nan 
-3.625, -53.875, 2.5063651924896134e-23, nan 
-3.375, -53.875, 2.4292504408473848e-23, nan 
-3.125, -53.875, 3.3018209294148416e-23, nan 
-2.875, -53.875, 1.858978251168564e-23, nan 
-2.625, -53.875, 1.0590295699933249e-23, nan 
-2.375, -53.875, 1.728406865605557e-23, nan 
-2.125, -53.875, 1.1796788496275154e-23, nan 
-1.875, -53.875, 2.207706973160419e-23, nan 
-1.625, -53.875, 1.9275145668829304e-23, nan 
-1.375, -53.875, 1.2054790919768672e-23, nan 
-1.125, -53.875, 1.468419563388462e-23, nan 
-0.875, -53.875, 1.9249118713730667e-23, nan 
-0.625, -53.875, 1.953270908494473e-23, nan 
-14.875, -53.625, 2.317523297577333e-23, nan 
-14.625, -53.625, 6.267037895945457e-23, nan 
-14.375, -53.625, 8.106474843854759e-23, nan 
-14.125, -53.625, 6.636290623069667e-23, nan 
-13.875, -53.625, 2.3078652636246676e-23, nan 
-13.625, -53.625, 2.0889320744180485e-23, nan 
-13.375, -53.625, 2.693384973822898e-23, nan 
-13.125, -53.625, 2.2525172476581817e-23, nan 
-12.875, -53.625, 7.077603475022043e-23, nan 
-12.625, -53.625, 6.634120970730619e-23, nan 
-12.375, -53.625, 2.1536507272767673e-23, nan 
-12.125, -53.625, 8.091244852159457e-24, nan 
-11.875, -53.625, 9.026085565940545e-24, nan 
-11.625, -53.625, 8.235157899328062e-24, nan 
-11.375, -53.625, 1.0331373077677794e-23, nan 
-11.125, -53.625, 1.5959671901328825e-23, nan 
-10.875, -53.625, 3.682729608134822e-23, nan 
-10.625, -53.625, 3.178058430458501e-23, nan 
-10.375, -53.625, 3.9773730838511495e-23, nan 
-10.125, -53.625, 5.292847810626639e-23, nan 
-9.875, -53.625, 5.414455516114183e-23, nan 
-9.625, -53.625, 5.508919250709989e-23, nan 
-9.375, -53.625, 1.136342005066594e-22, nan 
-9.125, -53.625, 1.3038591700785652e-22, nan 
-8.875, -53.625, 1.0578804428774449e-22, nan 
-8.625, -53.625, 9.821343287234481e-23, nan 
-8.375, -53.625, 9.947567006537792e-23, nan 
-8.125, -53.625, 1.3097208677253196e-22, nan 
-7.875, -53.625, 1.3806641042468907e-22, nan 
-7.625, -53.625, 1.0888683768533958e-22, nan 
-7.375, -53.625, 8.603495256009621e-23, nan 
-7.125, -53.625, 6.392298010495388e-23, nan 
-6.875, -53.625, 3.4514012508404824e-23, nan 
-6.625, -53.625, 3.037990212234039e-23, nan 
-6.375, -53.625, 3.278873355084217e-23, nan 
-6.125, -53.625, 2.772715779319229e-23, nan 
-5.875, -53.625, 1.313231900182185e-23, nan 
-5.625, -53.625, 1.5192608707894697e-23, nan 
-5.375, -53.625, 1.803450458647512e-23, nan 
-5.125, -53.625, 5.068246948094451e-24, nan 
-4.875, -53.625, 4.3474937858812065e-23, nan 
-4.625, -53.625, 2.3115182287366015e-23, nan 
-4.375, -53.625, 2.286854277867424e-23, nan 
-4.125, -53.625, 1.7732442479685973e-23, nan 
-3.875, -53.625, 9.79799362192741e-24, nan 
-3.625, -53.625, 2.0083004067354748e-23, nan 
-3.375, -53.625, 2.3002599009651452e-23, nan 
-3.125, -53.625, 3.567739094711035e-23, nan 
-2.875, -53.625, 3.6035584536240577e-23, nan 
-2.625, -53.625, 2.0432070477886763e-23, nan 
-2.375, -53.625, 2.0726772491990035e-23, nan 
-2.125, -53.625, 2.6241613513816116e-23, nan 
-1.875, -53.625, 3.703656245754943e-23, nan 
-1.625, -53.625, 8.209233208262336e-23, nan 
-1.375, -53.625, 7.674339180285821e-23, nan 
-1.125, -53.625, 5.821359835150624e-23, nan 
-0.875, -53.625, 1.956641427124331e-23, nan 
-14.375, -53.375, 5.915641192871331e-23, nan 
-14.125, -53.375, 1.3814096540172282e-23, nan 
-13.875, -53.375, 9.128432462383637e-24, nan 
-13.625, -53.375, 1.336253552470278e-23, nan 
-13.375, -53.375, 1.0666591348965106e-23, nan 
-13.125, -53.375, 1.8713674595522468e-23, nan 
-12.875, -53.375, 9.807222407041182e-23, nan 
-12.625, -53.375, 9.516289052000112e-23, nan 
-12.375, -53.375, 1.0500879920723473e-23, nan 
-12.125, -53.375, 1.0874736497548004e-23, nan 
-11.875, -53.375, 1.1592589164949757e-23, nan 
-11.625, -53.375, 5.079299144642117e-24, nan 
-11.375, -53.375, 5.662218493746939e-24, nan 
-11.125, -53.375, 1.3747686655916647e-23, nan 
-10.875, -53.375, 2.1455668596270406e-23, nan 
-10.625, -53.375, 3.5672037521883924e-23, nan 
-10.375, -53.375, 5.791311587756805e-23, nan 
-10.125, -53.375, 5.959516054512341e-23, nan 
-9.875, -53.375, 5.377227236084084e-23, nan 
-9.625, -53.375, 5.722184111803625e-23, nan 
-9.375, -53.375, 6.310363252227431e-23, nan 
-9.125, -53.375, 2.6364728854249054e-23, nan 
-8.875, -53.375, 4.17165894319774e-23, nan 
-8.625, -53.375, 5.168055948427413e-23, nan 
-8.375, -53.375, 6.64937269011528e-23, nan 
-8.125, -53.375, 8.370167252505947e-23, nan 
-7.875, -53.375, 1.1744158141256402e-22, nan 
-7.625, -53.375, 1.2561531737635408e-22, nan 
-7.375, -53.375, 1.2340977102519419e-22, nan 
-7.125, -53.375, 1.6767718984595835e-22, nan 
-6.875, -53.375, 1.555587701317005e-22, nan 
-6.625, -53.375, 3.604368338924433e-23, nan 
-6.375, -53.375, 3.6616719679067056e-23, nan 
-6.125, -53.375, 4.4720259094674155e-23, nan 
-5.875, -53.375, 4.826155500619155e-23, nan 
-5.625, -53.375, 2.462590165606498e-23, nan 
-5.375, -53.375, 2.4521747832972045e-23, nan 
-5.125, -53.375, 2.3945312651482932e-23, nan 
-4.875, -53.375, 2.044380577947349e-23, nan 
-4.625, -53.375, 2.1725393056727174e-23, nan 
-4.375, -53.375, 1.3675943499646813e-23, nan 
-4.125, -53.375, 2.4909883392900607e-23, nan 
-3.875, -53.375, 2.10175539013013e-23, nan 
-3.625, -53.375, 1.4733017906998105e-23, nan 
-3.375, -53.375, 3.035280926814207e-23, nan 
-3.125, -53.375, 2.866756491977505e-23, nan 
-2.875, -53.375, 2.834585269844294e-23, nan 
-2.625, -53.375, 2.3580531774711765e-23, nan 
-2.375, -53.375, 1.4110415016962093e-23, nan 
-2.125, -53.375, 2.2422282921895313e-23, nan 
-1.875, -53.375, 9.083949273183853e-23, nan 
-1.625, -53.375, 1.161297585515675e-22, nan 
-1.375, -53.375, 8.216375975379999e-23, nan 
-1.125, -53.375, 9.566148344141267e-23, nan 
-0.875, -53.375, 6.867715857537136e-23, nan 
-14.125, -53.125, 6.333976665402925e-23, nan 
-13.875, -53.125, 2.0569325212008504e-23, nan 
-13.625, -53.125, 1.384484832945704e-23, nan 
-13.375, -53.125, 1.2268229659629256e-23, nan 
-13.125, -53.125, 6.254558956614514e-23, nan 
-12.875, -53.125, 9.780984332845477e-23, nan 
-12.625, -53.125, 7.036585925791609e-23, nan 
-12.375, -53.125, 2.162902586728383e-23, nan 
-12.125, -53.125, 7.911910575393564e-24, nan 
-11.875, -53.125, 1.2826172163466357e-23, nan 
-11.625, -53.125, 1.9945361919217277e-23, nan 
-11.375, -53.125, 1.6192700232954682e-23, nan 
-11.125, -53.125, 1.1230760577618726e-23, nan 
-10.875, -53.125, 2.5856761974935955e-23, nan 
-10.625, -53.125, 1.0106449250899287e-22, nan 
-10.375, -53.125, 9.229519013755212e-23, nan 
-10.125, -53.125, 4.6089923647635025e-23, nan 
-9.875, -53.125, 4.4712685255654424e-23, nan 
-9.625, -53.125, 4.981844790973647e-23, nan 
-9.375, -53.125, 6.306067306317801e-23, nan 
-9.125, -53.125, 6.791933877065592e-23, nan 
-8.875, -53.125, 6.365195794427483e-23, nan 
-8.625, -53.125, 5.321181834303252e-23, nan 
-8.375, -53.125, 5.621133188883224e-23, nan 
-8.125, -53.125, 5.327384110266244e-23, nan 
-7.875, -53.125, 6.627894101493643e-23, nan 
-7.625, -53.125, 8.437741136440977e-23, nan 
-7.375, -53.125, 1.1613932304111368e-22, nan 
-7.125, -53.125, 1.5964283760168324e-22, nan 
-6.875, -53.125, 1.7771703347328508e-22, nan 
-6.625, -53.125, 9.774629516426627e-23, nan 
-6.375, -53.125, 3.280065002780346e-23, nan 
-6.125, -53.125, 4.189355467401592e-23, nan 
-5.875, -53.125, 5.788052350121147e-23, nan 
-5.625, -53.125, 4.681108394651632e-23, nan 
-5.375, -53.125, 2.6609740279548417e-23, nan 
-5.125, -53.125, 4.2506854552317956e-23, nan 
-4.875, -53.125, 4.575651272402375e-23, nan 
-4.625, -53.125, 2.5062203070424194e-23, nan 
-4.375, -53.125, 1.626370674346254e-23, nan 
-4.125, -53.125, 1.2485007055263017e-23, nan 
-3.875, -53.125, 1.2037222848359162e-23, nan 
-3.625, -53.125, 1.2856170089647851e-23, nan 
-3.375, -53.125, 1.8353921752683092e-23, nan 
-3.125, -53.125, 2.145197849511608e-23, nan 
-2.875, -53.125, 1.476267370679355e-23, nan 
-2.625, -53.125, 1.5853770578679833e-23, nan 
-2.375, -53.125, 1.6515878573192312e-23, nan 
-2.125, -53.125, 2.654310769822034e-23, nan 
-1.875, -53.125, 7.547077751267007e-23, nan 
-1.625, -53.125, 9.315642502790086e-23, nan 
-1.375, -53.125, 7.413435774729876e-23, nan 
-1.125, -53.125, 8.030586968197378e-23, nan 
-13.625, -52.875, 6.929534534820753e-23, nan 
-13.375, -52.875, 9.209744723990513e-23, nan 
-13.125, -52.875, 9.772747612419066e-23, nan 
-12.875, -52.875, 7.524872839821459e-23, nan 
-12.625, -52.875, 2.563488793169589e-23, nan 
-12.375, -52.875, 1.739700368956985e-23, nan 
-12.125, -52.875, 8.327199189587648e-24, nan 
-11.875, -52.875, 3.9503361851033664e-23, nan 
-11.625, -52.875, 4.416919368479757e-23, nan 
-11.375, -52.875, 1.6971993506124277e-23, nan 
-11.125, -52.875, 1.8811081686208745e-23, nan 
-10.875, -52.875, 7.001762880739674e-23, nan 
-10.625, -52.875, 1.0384186682954487e-22, nan 
-10.375, -52.875, 6.453041988998823e-23, nan 
-10.125, -52.875, 4.1476760469537337e-23, nan 
-9.875, -52.875, 4.197963836038779e-23, nan 
-9.625, -52.875, 7.407133009650476e-23, nan 
-9.375, -52.875, 7.52351818759712e-23, nan 
-9.125, -52.875, 5.61588420563755e-23, nan 
-8.875, -52.875, 3.4592380061620015e-23, nan 
-8.625, -52.875, 1.9395857691508092e-23, nan 
-8.375, -52.875, 8.994425921489447e-24, nan 
-8.125, -52.875, 1.8866271097379593e-23, nan 
-7.875, -52.875, 3.1691038680608085e-23, nan 
-7.625, -52.875, 3.264181057695869e-23, nan 
-7.375, -52.875, 5.608999321114349e-23, nan 
-7.125, -52.875, 1.1564551320961766e-22, nan 
-6.875, -52.875, 1.9775808263980196e-22, nan 
-6.625, -52.875, 1.9245132139428724e-22, nan 
-6.375, -52.875, 8.515005114792749e-23, nan 
-6.125, -52.875, 3.1895493287118244e-23, nan 
-5.875, -52.875, 2.877612642644156e-23, nan 
-5.625, -52.875, 3.525563220173665e-23, nan 
-5.375, -52.875, 1.0892195471607158e-22, nan 
-5.125, -52.875, 1.1295013722380572e-22, nan 
-4.875, -52.875, 8.336920903753578e-23, nan 
-4.625, -52.875, 6.256781076657978e-23, nan 
-4.375, -52.875, 7.901200953453839e-23, nan 
-4.125, -52.875, 3.1752676169498625e-23, nan 
-3.875, -52.875, 1.950548293500339e-23, nan 
-3.625, -52.875, 1.714415642009088e-23, nan 
-3.375, -52.875, 2.0577928711433477e-23, nan 
-3.125, -52.875, 2.8651957945435145e-23, nan 
-2.875, -52.875, 2.0457680430750365e-23, nan 
-2.625, -52.875, 1.335378300633294e-23, nan 
-2.375, -52.875, 1.1288512565827722e-23, nan 
-2.125, -52.875, 1.907129598948488e-23, nan 
-1.875, -52.875, 2.2814679634597172e-23, nan 
-1.625, -52.875, 6.116595674897587e-23, nan 
-1.375, -52.875, 6.349008564612213e-23, nan 
-13.375, -52.625, 1.0017165491928219e-22, nan 
-13.125, -52.625, 3.905003126618251e-23, nan 
-12.875, -52.625, 1.3529876760933248e-23, nan 
-12.625, -52.625, 2.954827342376797e-23, nan 
-12.375, -52.625, 3.529961544513674e-23, nan 
-12.125, -52.625, 3.246860184225601e-23, nan 
-11.875, -52.625, 2.4138384054676723e-23, nan 
-11.625, -52.625, 3.1320051877239256e-23, nan 
-11.375, -52.625, 2.47668338932478e-23, nan 
-11.125, -52.625, 2.5076605778985815e-23, nan 
-10.875, -52.625, 1.0990150308146626e-22, nan 
-10.625, -52.625, 1.1301932653870889e-22, nan 
-10.375, -52.625, 3.263841981122276e-23, nan 
-10.125, -52.625, 2.6578492302398715e-23, nan 
-9.875, -52.625, 6.10671006084811e-23, nan 
-9.625, -52.625, 6.382874472526756e-23, nan 
-9.375, -52.625, 1.3290272690947014e-23, nan 
-9.125, -52.625, 3.368943100579933e-24, nan 
-8.875, -52.625, 6.85486856825974e-24, nan 
-8.625, -52.625, 1.3174973394048995e-23, nan 
-8.375, -52.625, 3.163337209362838e-23, nan 
-8.125, -52.625, 3.885298516530518e-23, nan 
-7.875, -52.625, 5.216567526912334e-23, nan 
-7.625, -52.625, 3.828671706975252e-23, nan 
-7.375, -52.625, 1.139507776412989e-23, nan 
-7.125, -52.625, 3.4259669961333683e-23, nan 
-6.875, -52.625, 1.0972917314665825e-22, nan 
-6.625, -52.625, 2.2164802971399656e-22, nan 
-6.375, -52.625, 1.8890265616283352e-22, nan 
-6.125, -52.625, 6.002017482688082e-23, nan 
-5.875, -52.625, 4.970168334186824e-23, nan 
-5.625, -52.625, 1.2188244543609054e-22, nan 
-5.375, -52.625, 1.4969816527992796e-22, nan 
-5.125, -52.625, 8.331605039882518e-23, nan 
-4.875, -52.625, 4.473013091555169e-23, nan 
-4.625, -52.625, 4.0881814002175085e-23, nan 
-4.375, -52.625, 8.366906134532558e-23, nan 
-4.125, -52.625, 7.052934458754496e-23, nan 
-3.875, -52.625, 1.8991944459064893e-23, nan 
-3.625, -52.625, 4.405836214484117e-24, nan 
-3.375, -52.625, 2.705744003479179e-23, nan 
-3.125, -52.625, 2.94256479342809e-23, nan 
-2.875, -52.625, 7.600826236535652e-24, nan 
-2.625, -52.625, 9.001916766895301e-24, nan 
-2.375, -52.625, 8.09041345149975e-24, nan 
-2.125, -52.625, 6.684982800342858e-24, nan 
-1.875, -52.625, 1.261965265031783e-23, nan 
-1.625, -52.625, 1.9202367166102214e-23, nan 
-13.125, -52.375, 1.2036603504159533e-22, nan 
-12.875, -52.375, 7.361627385890069e-23, nan 
-12.625, -52.375, 2.181197599002273e-23, nan 
-12.375, -52.375, 3.204356613565236e-23, nan 
-12.125, -52.375, 5.0283551390402303e-23, nan 
-11.875, -52.375, 5.207491996076892e-23, nan 
-11.625, -52.375, 4.363295383454015e-23, nan 
-11.375, -52.375, 3.593438863601068e-23, nan 
-11.125, -52.375, 4.4048200826270015e-23, nan 
-10.875, -52.375, 1.6094946795549596e-22, nan 
-10.625, -52.375, 1.581938160578381e-22, nan 
-10.375, -52.375, 3.3431359683936267e-23, nan 
-10.125, -52.375, 3.9696818349923913e-23, nan 
-9.875, -52.375, 4.4034929472421847e-23, nan 
-9.625, -52.375, 2.3301288230532838e-23, nan 
-9.375, -52.375, 2.5383874842491804e-24, nan 
-9.125, -52.375, 3.830290136615032e-24, nan 
-8.875, -52.375, 7.77177664089191e-24, nan 
-8.625, -52.375, 9.343033478593726e-24, nan 
-8.375, -52.375, 7.97821729940907e-24, nan 
-8.125, -52.375, 1.38248690296005e-23, nan 
-7.875, -52.375, 2.1998099815352506e-23, nan 
-7.625, -52.375, 9.382763262039112e-24, nan 
-7.375, -52.375, 2.375481895580807e-24, nan 
-7.125, -52.375, 1.4098093894401396e-23, nan 
-6.875, -52.375, 5.673331263063333e-23, nan 
-6.625, -52.375, 1.775961492548975e-22, nan 
-6.375, -52.375, 1.8680987585763468e-22, nan 
-6.125, -52.375, 7.966776467611918e-23, nan 
-5.875, -52.375, 4.973574605807865e-23, nan 
-5.625, -52.375, 1.1929135760940355e-22, nan 
-5.375, -52.375, 1.0629746771607229e-22, nan 
-5.125, -52.375, 1.111867476052225e-23, nan 
-4.875, -52.375, 8.699184547342065e-24, nan 
-4.625, -52.375, 7.63693744798575e-24, nan 
-4.375, -52.375, 9.627000465828949e-24, nan 
-4.125, -52.375, 6.76968500741009e-23, nan 
-3.875, -52.375, 6.505170583058755e-23, nan 
-3.625, -52.375, 1.8146542066699305e-23, nan 
-3.375, -52.375, 1.6367511021305037e-23, nan 
-3.125, -52.375, 7.555003350632224e-24, nan 
-2.875, -52.375, 5.005513125237354e-24, nan 
-2.625, -52.375, 9.554499115589242e-24, nan 
-2.375, -52.375, 1.4054064482527527e-23, nan 
-2.125, -52.375, 1.1371270026260124e-23, nan 
-1.875, -52.375, 1.6297760954933942e-23, nan 
-12.625, -52.125, 1.154873180592304e-22, nan 
-12.375, -52.125, 2.0037344481409007e-23, nan 
-12.125, -52.125, 2.604231194241808e-23, nan 
-11.875, -52.125, 3.8653536702889457e-23, nan 
-11.625, -52.125, 4.0293271007709976e-23, nan 
-11.375, -52.125, 3.082624041488075e-23, nan 
-11.125, -52.125, 2.9096213836333916e-23, nan 
-10.875, -52.125, 1.4043022680122207e-22, nan 
-10.625, -52.125, 1.5221270462056414e-22, nan 
-10.375, -52.125, 5.118568028862164e-23, nan 
-10.125, -52.125, 5.934630913285926e-23, nan 
-9.875, -52.125, 4.883310143185173e-23, nan 
-9.625, -52.125, 9.561576858891954e-24, nan 
-9.375, -52.125, 3.0751984931178135e-24, nan 
-9.125, -52.125, 3.086727182838072e-24, nan 
-8.875, -52.125, 5.700908696255542e-24, nan 
-8.625, -52.125, 5.901119408473431e-24, nan 
-8.375, -52.125, 4.859701337308687e-24, nan 
-8.125, -52.125, 3.232011565847581e-24, nan 
-7.875, -52.125, 3.205733192733679e-24, nan 
-7.625, -52.125, 3.2125039484564958e-24, nan 
-7.375, -52.125, 3.377366761362127e-24, nan 
-7.125, -52.125, 8.363128419878745e-24, nan 
-6.875, -52.125, 5.101435684341318e-23, nan 
-6.625, -52.125, 1.5494603459300566e-22, nan 
-6.375, -52.125, 1.6177220258682888e-22, nan 
-6.125, -52.125, 7.244345603527079e-23, nan 
-5.875, -52.125, 6.405520644548694e-23, nan 
-5.625, -52.125, 8.198282831159079e-23, nan 
-5.375, -52.125, 4.725486469340281e-23, nan 
-5.125, -52.125, 6.714019837576092e-24, nan 
-4.875, -52.125, 3.745905933128097e-24, nan 
-4.625, -52.125, 4.3937739476241345e-24, nan 
-4.375, -52.125, 9.65279261634427e-24, nan 
-4.125, -52.125, 1.5239938657744085e-23, nan 
-3.875, -52.125, 6.156685090725231e-23, nan 
-3.625, -52.125, 5.468026619227546e-23, nan 
-3.375, -52.125, 1.0930900014106192e-23, nan 
-3.125, -52.125, 8.116734612998885e-24, nan 
-2.875, -52.125, 4.851549579364887e-24, nan 
-2.625, -52.125, 9.945351184450047e-24, nan 
-2.375, -52.125, 1.1711388346058103e-23, nan 
-2.125, -52.125, 5.8193226652150296e-24, nan 
-12.375, -51.875, 3.19369524328088e-23, nan 
-12.125, -51.875, 2.377280921249332e-23, nan 
-11.875, -51.875, 1.6335040952470354e-23, nan 
-11.625, -51.875, 1.6167902283390747e-23, nan 
-11.375, -51.875, 7.308082541810721e-24, nan 
-11.125, -51.875, 7.117018239045372e-24, nan 
-10.875, -51.875, 5.1263489534421383e-23, nan 
-10.625, -51.875, 1.463415436073026e-22, nan 
-10.375, -51.875, 1.3811931581265211e-22, nan 
-10.125, -51.875, 6.567871415643717e-23, nan 
-9.875, -51.875, 6.755938070815514e-23, nan 
-9.625, -51.875, 1.5881533604073015e-23, nan 
-9.375, -51.875, 5.414326246115941e-24, nan 
-9.125, -51.875, 7.014905696152994e-24, nan 
-8.875, -51.875, 5.9582234207595454e-24, nan 
-8.625, -51.875, 4.256943047882409e-24, nan 
-8.375, -51.875, 3.8419910932729126e-24, nan 
-8.125, -51.875, 2.946741131271306e-24, nan 
-7.875, -51.875, 2.9911411811015037e-24, nan 
-7.625, -51.875, 4.2129809385814186e-24, nan 
-7.375, -51.875, 6.642861848177725e-24, nan 
-7.125, -51.875, 3.6646332046356164e-23, nan 
-6.875, -51.875, 6.806987491336397e-23, nan 
-6.625, -51.875, 1.2810832328044036e-22, nan 
-6.375, -51.875, 1.4467788322022535e-22, nan 
-6.125, -51.875, 9.98175908756193e-23, nan 
-5.875, -51.875, 7.897016452089054e-23, nan 
-5.625, -51.875, 7.794872237371697e-23, nan 
-5.375, -51.875, 3.64521641958069e-23, nan 
-5.125, -51.875, 1.143759102558142e-23, nan 
-4.875, -51.875, 8.296730906713204e-24, nan 
-4.625, -51.875, 9.042991594973274e-24, nan 
-4.375, -51.875, 1.3791883550130655e-23, nan 
-4.125, -51.875, 4.5775644411097313e-23, nan 
-3.875, -51.875, 7.046998409746314e-23, nan 
-3.625, -51.875, 5.288147536933457e-23, nan 
-3.375, -51.875, 1.1841505534763793e-23, nan 
-3.125, -51.875, 6.880851087191362e-24, nan 
-2.875, -51.875, 6.539335966156663e-24, nan 
-2.625, -51.875, 9.963367090973014e-24, nan 
-2.375, -51.875, 1.1845526556127124e-23, nan 
-2.125, -51.875, 1.1798920539550421e-23, nan 
-11.875, -51.625, 7.444270168630207e-24, nan 
-11.625, -51.625, 1.2145748020770624e-23, nan 
-11.375, -51.625, 1.6833710630031356e-23, nan 
-11.125, -51.625, 1.50754318697018e-23, nan 
-10.875, -51.625, 1.244836428223342e-23, nan 
-10.625, -51.625, 8.290843024670197e-23, nan 
-10.375, -51.625, 1.0172562072620525e-22, nan 
-10.125, -51.625, 7.595214823948114e-23, nan 
-9.875, -51.625, 1.0277000603995495e-22, nan 
-9.625, -51.625, 8.711441481947303e-23, nan 
-9.375, -51.625, 1.8729584677408323e-23, nan 
-9.125, -51.625, 7.669849697095674e-24, nan 
-8.875, -51.625, 5.798717447544068e-24, nan 
-8.625, -51.625, 9.434721052240346e-24, nan 
-8.375, -51.625, 1.5530170844414528e-23, nan 
-8.125, -51.625, 3.948259339471021e-24, nan 
-7.875, -51.625, 1.267120530497764e-23, nan 
-7.625, -51.625, 2.5769774126455638e-23, nan 
-7.375, -51.625, 3.973412245499498e-23, nan 
-7.125, -51.625, 7.61649902404805e-23, nan 
-6.875, -51.625, 1.3552150708118988e-22, nan 
-6.625, -51.625, 1.6910998446984373e-22, nan 
-6.375, -51.625, 1.3371715189784602e-22, nan 
-6.125, -51.625, 7.985938983928452e-23, nan 
-5.875, -51.625, 9.070938538886684e-23, nan 
-5.625, -51.625, 9.459155268829185e-23, nan 
-5.375, -51.625, 7.424284638144245e-23, nan 
-5.125, -51.625, 5.576488331275062e-23, nan 
-4.875, -51.625, 4.1840058451040766e-23, nan 
-4.625, -51.625, 6.462682893813037e-23, nan 
-4.375, -51.625, 7.907400505779221e-23, nan 
-4.125, -51.625, 7.823058813789142e-23, nan 
-3.875, -51.625, 5.468207153059619e-23, nan 
-3.625, -51.625, 3.055541461277699e-23, nan 
-3.375, -51.625, 2.9428736876388535e-23, nan 
-3.125, -51.625, 1.99748635685296e-23, nan 
-2.875, -51.625, 5.677064649073534e-24, nan 
-2.625, -51.625, 7.652569694178779e-24, nan 
-2.375, -51.625, 1.2536592272225604e-23, nan 
-11.625, -51.375, 3.980229036446515e-24, nan 
-11.375, -51.375, 1.005693450583119e-23, nan 
-11.125, -51.375, 7.27676464337383e-24, nan 
-10.875, -51.375, 3.970194268472765e-23, nan 
-10.625, -51.375, 7.864068576664902e-23, nan 
-10.375, -51.375, 8.175101056785399e-23, nan 
-10.125, -51.375, 7.198521909568179e-23, nan 
-9.875, -51.375, 9.62813234814027e-23, nan 
-9.625, -51.375, 1.0772717273548312e-22, nan 
-9.375, -51.375, 7.415793283846612e-23, nan 
-9.125, -51.375, 3.533572466864634e-23, nan 
-8.875, -51.375, 4.7139496206172144e-23, nan 
-8.625, -51.375, 5.416385026476268e-23, nan 
-8.375, -51.375, 6.358738211964233e-23, nan 
-8.125, -51.375, 6.677924373818049e-23, nan 
-7.875, -51.375, 5.890118476512615e-23, nan 
-7.625, -51.375, 6.774773254985153e-23, nan 
-7.375, -51.375, 7.495025462931065e-23, nan 
-7.125, -51.375, 1.1749957811909068e-22, nan 
-6.875, -51.375, 1.6164323215926929e-22, nan 
-6.625, -51.375, 1.4127153698669237e-22, nan 
-6.375, -51.375, 8.133103358375398e-23, nan 
-6.125, -51.375, 6.108919181814702e-23, nan 
-5.875, -51.375, 6.498917991627821e-23, nan 
-5.625, -51.375, 3.967010665592806e-23, nan 
-5.375, -51.375, 5.2518721251476627e-23, nan 
-5.125, -51.375, 5.718102218599081e-23, nan 
-4.875, -51.375, 5.662523998888346e-23, nan 
-4.625, -51.375, 7.609144466211932e-23, nan 
-4.375, -51.375, 5.327153424826885e-23, nan 
-4.125, -51.375, 1.6596938483545527e-23, nan 
-3.875, -51.375, 1.6862697333890415e-23, nan 
-3.625, -51.375, 1.4716990489402922e-23, nan 
-3.375, -51.375, 9.11121146057344e-24, nan 
-3.125, -51.375, 8.289771685029984e-24, nan 
-2.875, -51.375, 6.658696546772771e-24, nan 
-2.625, -51.375, 1.4413001093305043e-23, nan 
-11.125, -51.125, 9.636132559069277e-24, nan 
-10.875, -51.125, 2.5104698967453718e-23, nan 
-10.625, -51.125, 2.412079495643432e-23, nan 
-10.375, -51.125, 4.8264523727934717e-23, nan 
-10.125, -51.125, 5.443864190110972e-23, nan 
-9.875, -51.125, 8.20943236077719e-23, nan 
-9.625, -51.125, 1.1764997781587354e-22, nan 
-9.375, -51.125, 1.2327241022590896e-22, nan 
-9.125, -51.125, 1.0032081308921172e-22, nan 
-8.875, -51.125, 9.999566898983668e-23, nan 
-8.625, -51.125, 9.9205815105016e-23, nan 
-8.375, -51.125, 9.066764895298451e-23, nan 
-8.125, -51.125, 9.88245563194275e-23, nan 
-7.875, -51.125, 1.0548991845920789e-22, nan 
-7.625, -51.125, 1.0808851425168638e-22, nan 
-7.375, -51.125, 1.431443671531974e-22, nan 
-7.125, -51.125, 1.5273668459639285e-22, nan 
-6.875, -51.125, 1.2127684333721019e-22, nan 
-6.625, -51.125, 4.6409774839160714e-23, nan 
-6.375, -51.125, 4.722059196985419e-23, nan 
-6.125, -51.125, 4.587964714706158e-23, nan 
-5.875, -51.125, 2.846868393291095e-23, nan 
-5.625, -51.125, 1.6986221843213365e-23, nan 
-5.375, -51.125, 2.1263349539088674e-23, nan 
-5.125, -51.125, 2.9153091201913263e-23, nan 
-4.875, -51.125, 2.5765066519961423e-23, nan 
-4.625, -51.125, 2.008771878446414e-23, nan 
-4.375, -51.125, 1.4513622908677564e-23, nan 
-4.125, -51.125, 7.679305660101489e-24, nan 
-3.875, -51.125, 5.7831347471292636e-24, nan 
-3.625, -51.125, 4.8136040805905936e-24, nan 
-3.375, -51.125, 6.079233980306937e-24, nan 
-3.125, -51.125, 8.993173954675142e-24, nan 
-2.875, -51.125, 7.38255460086147e-24, nan 
-10.875, -50.875, 3.013557829440154e-23, nan 
-10.625, -50.875, 5.2910164343212914e-23, nan 
-10.375, -50.875, 5.864206146294231e-23, nan 
-10.125, -50.875, 4.7907885166214537e-23, nan 
-9.875, -50.875, 5.020097995441218e-23, nan 
-9.625, -50.875, 6.802758051083275e-23, nan 
-9.375, -50.875, 9.962888306800224e-23, nan 
-9.125, -50.875, 1.0715617708852786e-22, nan 
-8.875, -50.875, 9.720216908150574e-23, nan 
-8.625, -50.875, 9.833511727805324e-23, nan 
-8.375, -50.875, 8.614878987636478e-23, nan 
-8.125, -50.875, 8.675503709815816e-23, nan 
-7.875, -50.875, 9.621142205364627e-23, nan 
-7.625, -50.875, 9.516547437753922e-23, nan 
-7.375, -50.875, 9.575663761947044e-23, nan 
-7.125, -50.875, 4.1548033725046844e-23, nan 
-6.875, -50.875, 4.0448889497692895e-23, nan 
-6.625, -50.875, 5.08773738806791e-23, nan 
-6.375, -50.875, 3.8345982790886477e-23, nan 
-6.125, -50.875, 2.1726075085114278e-23, nan 
-5.875, -50.875, 1.4160550053905273e-23, nan 
-5.625, -50.875, 7.906165827460844e-24, nan 
-5.375, -50.875, 1.7816214972795144e-23, nan 
-5.125, -50.875, 2.116170845625584e-23, nan 
-4.875, -50.875, 1.737858901691977e-23, nan 
-4.625, -50.875, 6.5983509028906015e-24, nan 
-4.375, -50.875, 8.951882867749073e-24, nan 
-4.125, -50.875, 1.0408515005029866e-23, nan 
-3.875, -50.875, 9.305519168776258e-24, nan 
-3.625, -50.875, 1.3299591395632846e-23, nan 
-3.375, -50.875, 1.1466616337889222e-23, nan 
-3.125, -50.875, 1.2470595592879328e-23, nan 
-10.375, -50.625, 2.950085458958087e-23, nan 
-10.125, -50.625, 2.6653796672992274e-23, nan 
-9.875, -50.625, 4.0578320738011336e-23, nan 
-9.625, -50.625, 3.688165684828742e-23, nan 
-9.375, -50.625, 3.6940865641702955e-23, nan 
-9.125, -50.625, 5.879619918671268e-23, nan 
-8.875, -50.625, 5.31368518522275e-23, nan 
-8.625, -50.625, 6.498154515398843e-23, nan 
-8.375, -50.625, 5.759534544092744e-23, nan 
-8.125, -50.625, 3.858439234577011e-23, nan 
-7.875, -50.625, 3.130816087744875e-23, nan 
-7.625, -50.625, 3.357987322637693e-23, nan 
-7.375, -50.625, 3.2069233651193695e-23, nan 
-7.125, -50.625, 2.7481642235661664e-23, nan 
-6.875, -50.625, 2.4209578008231177e-23, nan 
-6.625, -50.625, 3.3979208232332204e-23, nan 
-6.375, -50.625, 2.996841936861852e-23, nan 
-6.125, -50.625, 1.2837719036759818e-23, nan 
-5.875, -50.625, 4.11374793519287e-24, nan 
-5.625, -50.625, 5.057287492051305e-24, nan 
-5.375, -50.625, 9.264517367815898e-24, nan 
-5.125, -50.625, 8.797937767649123e-24, nan 
-4.875, -50.625, 2.0131856734642893e-23, nan 
-4.625, -50.625, 2.83559467215661e-23, nan 
-4.375, -50.625, 5.924021862723742e-23, nan 
-4.125, -50.625, 4.972357860213159e-23, nan 
-3.875, -50.625, 4.6982510146955106e-23, nan 
-3.625, -50.625, 2.3546492111438125e-23, nan 
-3.375, -50.625, 1.0658845829043526e-23, nan 
-10.125, -50.375, 2.767111046380137e-23, nan 
-9.875, -50.375, 2.570905113174503e-23, nan 
-9.625, -50.375, 1.8408786550055986e-23, nan 
-9.375, -50.375, 6.911193395686781e-24, nan 
-9.125, -50.375, 1.585011072721674e-23, nan 
-8.875, -50.375, 2.746966578225774e-23, nan 
-8.625, -50.375, 2.681108265782752e-23, nan 
-8.375, -50.375, 1.5493796729870935e-23, nan 
-8.125, -50.375, 2.926225961058982e-23, nan 
-7.875, -50.375, 2.351902634615594e-23, nan 
-7.625, -50.375, 2.5084556549253228e-23, nan 
-7.375, -50.375, 2.717421117971288e-23, nan 
-7.125, -50.375, 1.8603731135951754e-23, nan 
-6.875, -50.375, 1.857488914842046e-23, nan 
-6.625, -50.375, 1.9731649336846883e-23, nan 
-6.375, -50.375, 1.2523637862182806e-23, nan 
-6.125, -50.375, 9.197340115875633e-24, nan 
-5.875, -50.375, 6.933526102826005e-24, nan 
-5.625, -50.375, 2.708329050276202e-23, nan 
-5.375, -50.375, 5.377282140159517e-23, nan 
-5.125, -50.375, 7.351274139893878e-23, nan 
-4.875, -50.375, 8.605498425364798e-23, nan 
-4.625, -50.375, 1.0143865802897562e-22, nan 
-4.375, -50.375, 9.185472489763928e-23, nan 
-4.125, -50.375, 5.719796381261063e-23, nan 
-3.875, -50.375, 6.391069798650556e-23, nan 
-3.625, -50.375, 6.594789036713975e-23, nan 
-9.625, -50.125, 1.2788575699937061e-23, nan 
-9.375, -50.125, 1.2315871792755098e-23, nan 
-9.125, -50.125, 1.6750026284093304e-23, nan 
-8.875, -50.125, 1.8512132926720234e-23, nan 
-8.625, -50.125, 1.522746346103788e-23, nan 
-8.375, -50.125, 2.297884395671334e-23, nan 
-8.125, -50.125, 2.6404487922027768e-23, nan 
-7.875, -50.125, 1.3279141866047665e-23, nan 
-7.625, -50.125, 1.0822653014231318e-23, nan 
-7.375, -50.125, 5.603403757019968e-24, nan 
-7.125, -50.125, 9.335720313124193e-24, nan 
-6.875, -50.125, 8.89431504716041e-24, nan 
-6.625, -50.125, 6.5340049005408124e-24, nan 
-6.375, -50.125, 8.296269752528943e-24, nan 
-6.125, -50.125, 5.2056610225794484e-23, nan 
-5.875, -50.125, 1.2164530100540872e-22, nan 
-5.625, -50.125, 1.195618121810676e-22, nan 
-5.375, -50.125, 9.367955210914569e-23, nan 
-5.125, -50.125, 1.0182864011545239e-22, nan 
-4.875, -50.125, 9.376639008455631e-23, nan 
-4.625, -50.125, 7.53864546662358e-23, nan 
-4.375, -50.125, 3.760979863070824e-23, nan 
-4.125, -50.125, 3.619773718453571e-23, nan 
-3.875, -50.125, 3.444184567736316e-23, nan 
-9.375, -49.875, 1.9627943351662972e-23, nan 
-9.125, -49.875, 2.223188688010249e-23, nan 
-8.875, -49.875, 1.930347954148873e-23, nan 
-8.625, -49.875, 1.1470047313727595e-23, nan 
-8.375, -49.875, 1.6959729413122318e-23, nan 
-8.125, -49.875, 1.886729046236232e-23, nan 
-7.875, -49.875, 1.0767545220577701e-23, nan 
-7.625, -49.875, 1.4023661342304273e-23, nan 
-7.375, -49.875, 1.6539962995964533e-23, nan 
-7.125, -49.875, 1.320808076032809e-23, nan 
-6.875, -49.875, 1.0084412059209015e-23, nan 
-6.625, -49.875, 1.2691505150522639e-23, nan 
-6.375, -49.875, 8.505278487282135e-23, nan 
-6.125, -49.875, 1.3754176646146033e-22, nan 
-5.875, -49.875, 1.494294614691814e-22, nan 
-5.625, -49.875, 1.0751988338549522e-22, nan 
-5.375, -49.875, 6.714973265376713e-23, nan 
-5.125, -49.875, 5.643385366235704e-23, nan 
-4.875, -49.875, 2.0732411127638204e-23, nan 
-4.625, -49.875, 1.6522867292342904e-23, nan 
-4.375, -49.875, 5.1253982935080026e-23, nan 
-4.125, -49.875, 8.549108743259444e-23, nan 
-8.875, -49.625, 2.255747047907604e-23, 2.257139662763399e-23 
-8.625, -49.625, 1.1906661458341971e-23, 1.1913705551929746e-23 
-8.375, -49.625, 1.8809685737172413e-23, 1.8820591369610744e-23 
-8.125, -49.625, 2.2744680340111562e-23, 2.2757836595821636e-23 
-7.875, -49.625, 1.6650533559014072e-23, 1.6660142188722922e-23 
-7.625, -49.625, 1.7855919556860372e-23, 1.7866199578479005e-23 
-7.375, -49.625, 1.1172014193877141e-23, 1.1178508959540368e-23 
-7.125, -49.625, 1.38836048911748e-23, 1.389222267018791e-23 
-6.875, -49.625, 1.5048089446920895e-23, 1.5058022506932322e-23 
-6.625, -49.625, 1.4794910552785488e-23, 1.480525895719568e-23 
-6.375, -49.625, 7.799356870025141e-23, 7.805400400178804e-23 
-6.125, -49.625, 1.4394373622248383e-22, 1.4407030207533645e-22 
-5.875, -49.625, 1.304186666702381e-22, 1.3054695463150142e-22 
-5.625, -49.625, 6.83265808202026e-23, 6.84009231409275e-23 
-5.375, -49.625, 4.111921570815585e-23, 4.11669300611804e-23 
-5.125, -49.625, 5.211503512248239e-24, 5.217967730512683e-24 
-4.875, -49.625, 6.447616556958854e-24, 6.4561296904772494e-24 
-4.625, -49.625, 6.924573705520399e-23, 6.93427037009363e-23 
-4.375, -49.625, 1.0868185341987555e-22, 1.0883970134447892e-22 
-8.625, -49.375, 1.8427225147645593e-23, 1.8436150641904893e-23 
-8.375, -49.375, 2.0169288120376701e-23, 2.017881904570038e-23 
-8.125, -49.375, 2.766562470393479e-23, 2.7678660582923227e-23 
-7.875, -49.375, 2.661462533957368e-23, 2.662713000408238e-23 
-7.625, -49.375, 1.7269960120068307e-23, 1.7277676184644924e-23 
-7.375, -49.375, 1.1021854043390872e-23, 1.1026727564821741e-23 
-7.125, -49.375, 9.166177106629739e-24, 9.170363248266532e-24 
-6.875, -49.375, 1.0455412445312983e-23, 1.046059907843361e-23 
-6.625, -49.375, 1.6090172180151056e-23, 1.6098787606806117e-23 
-6.375, -49.375, 1.3561823993171925e-23, 1.357010853609158e-23 
-6.125, -49.375, 1.0553623960280977e-22, 1.0561172743302091e-22 
-5.875, -49.375, 1.199832941010948e-22, 1.200816416527799e-22 
-5.625, -49.375, 6.370202996947017e-23, 6.37586352019982e-23 
-5.375, -49.375, 1.3078723048349377e-23, 1.3091178385764665e-23 
-5.125, -49.375, 3.901980139690487e-24, 3.905958739230257e-24 
-4.875, -49.375, 5.2192586446868054e-24, 5.224997871927342e-24 
-4.625, -49.375, 6.166174375280945e-24, 6.173448045833831e-24 
-8.125, -49.125, 2.73774979019891e-23, 2.7387462022421646e-23 
-7.875, -49.125, 3.059415235150982e-23, 3.060458359045211e-23 
-7.625, -49.125, 1.5042154278213916e-23, 1.5046895752360705e-23 
-7.375, -49.125, 1.0506514703473108e-23, 1.0509777955982504e-23 
-7.125, -49.125, 7.083544944387256e-24, 7.085793625021226e-24 
-6.875, -49.125, 9.161358974407525e-24, 9.164400984067343e-24 
-6.625, -49.125, 2.0941443243438296e-23, 2.0949221491196709e-23 
-6.375, -49.125, 4.2193819762740954e-23, 4.221267456290282e-23 
-6.125, -49.125, 9.453283742008208e-23, 9.458495118870924e-23 
-5.875, -49.125, 1.0074922954663075e-22, 1.0081172348982992e-22 
-5.625, -49.125, 6.712222581055244e-23, 6.716814055414388e-23 
-5.375, -49.125, 1.1402963821873372e-23, 1.1411490928538752e-23 
-5.125, -49.125, 1.794777952110021e-24, 1.7962344930670454e-24 
-4.875, -49.125, 7.349318698338112e-25, 7.355777885314267e-25 
-7.875, -48.875, 2.6438156199118814e-23, 2.6443691515435347e-23 
-7.625, -48.875, 2.5157531425706287e-23, 2.516215107897112e-23 
-7.375, -48.875, 8.648111824355586e-24, 8.649659947277106e-24 
-7.125, -48.875, 9.132136494968942e-24, 9.133833923261908e-24 
-6.875, -48.875, 7.246181495254821e-24, 7.247578089399759e-24 
-6.625, -48.875, 6.3513148382941915e-24, 6.3526321189913386e-24 
-6.375, -48.875, 1.9269427216430314e-23, 1.927487744762935e-23 
-6.125, -48.875, 8.555806616420042e-23, 8.558817891727615e-23 
-5.875, -48.875, 1.0396913076453039e-22, 1.0401235327274971e-22 
-5.625, -48.875, 8.534388715740904e-23, 8.538480850819948e-23 
-5.375, -48.875, 7.000825072325652e-23, 7.004628249137808e-23 
-5.125, -48.875, 3.801268062380415e-23, 3.8035754394281203e-23 
-7.375, -48.625, 7.493361572726484e-24, 7.493713268049024e-24 
-7.125, -48.625, 9.557805024432341e-24, 9.558319224796044e-24 
-6.875, -48.625, 6.410566796413209e-24, 6.410955683323147e-24 
-6.625, -48.625, 2.2038507277597397e-24, 2.2039995483132053e-24 
-6.375, -48.625, 1.0926478567648122e-23, 1.0927469724937646e-23 
-6.125, -48.625, 1.1478735760329693e-23, 1.1480509138749353e-23 
-5.875, -48.625, 7.185726976858674e-23, 7.187295400375548e-23 
-5.625, -48.625, 8.569869441759967e-23, 8.57228650412893e-23 
-5.375, -48.625, 8.058656790049654e-23, 8.061443557037904e-23 
-7.125, -48.375, 1.7120535569296433e-23, 1.711882688068415e-23 
-6.875, -48.375, 1.320730684653151e-23, 1.3206079424986016e-23 
-6.625, -48.375, 7.689251273658526e-24, 7.688589483274872e-24 
-6.375, -48.375, 9.990488571750022e-24, 9.989742367465892e-24 
-6.125, -48.375, 1.314421673331466e-23, 1.3143588742488785e-23 
-5.875, -48.375, 1.7781417871551776e-23, 1.7781702549484966e-23 
-5.625, -48.375, 4.212438113205702e-23, 4.212774234169681e-23 
-6.625, -48.125, 4.412253583613987e-23, 4.4111960747825377e-23 
-6.375, -48.125, 4.112388060131742e-23, 4.111449219812098e-23 
-6.125, -48.125, 3.694957739998702e-23, 3.6941696351456663e-23 
-5.875, -48.125, 2.341012949303261e-23, 2.3405768862528196e-23 
-6.375, -47.875, 4.120826599893586e-23, 4.119252799031788e-23 
-6.125, -47.875, 8.15790814640681e-23, 8.154914963910199e-23 
