# lon_gridpoint [deg], lat_gridpoint [deg], P_R_modelGRS [W], P_R_modelFREND [W] 
-26.625, -78.375, 2.7190456692299505e-25, nan 
-26.375, -78.375, 1.5333657847977814e-25, nan 
-26.125, -78.375, 8.108668984343259e-26, nan 
-25.875, -78.375, 1.503561930454089e-25, nan 
-25.625, -78.375, 1.9868624319357678e-25, nan 
-25.375, -78.375, 2.8097589878638577e-25, nan 
-26.625, -78.125, 2.579809222710272e-25, nan 
-26.375, -78.125, 2.3165987325830927e-25, nan 
-26.125, -78.125, 1.641224370053814e-25, nan 
-25.875, -78.125, 2.322790858620417e-25, nan 
-25.625, -78.125, 3.183000372235217e-25, nan 
-25.375, -78.125, 4.3618971794082335e-25, nan 
-25.125, -78.125, 4.816480131502392e-25, nan 
-24.875, -78.125, 5.599443233635432e-25, nan 
-24.625, -78.125, 3.176039292480712e-25, nan 
-24.375, -78.125, 4.654459671045718e-25, nan 
-24.125, -78.125, 6.39913219056241e-25, nan 
-23.875, -78.125, 7.3249422064393315e-25, nan 
-23.625, -78.125, 7.388145128221966e-25, nan 
-23.375, -78.125, 4.829452018766769e-25, nan 
-23.125, -78.125, 6.463172523605209e-25, nan 
-22.875, -78.125, 5.212496592625849e-25, nan 
-26.375, -77.875, 2.829762197932688e-25, nan 
-26.125, -77.875, 8.992854937177464e-26, nan 
-25.875, -77.875, 1.7764399549036597e-25, nan 
-25.625, -77.875, 2.077334984728851e-25, nan 
-25.375, -77.875, 1.573357953228307e-25, nan 
-25.125, -77.875, 1.1535527197261726e-25, nan 
-24.875, -77.875, 1.4693108835724496e-25, nan 
-24.625, -77.875, 1.1921053166196219e-25, nan 
-24.375, -77.875, 2.9403853361958607e-25, nan 
-24.125, -77.875, 4.732332851353301e-25, nan 
-23.875, -77.875, 5.396174099138965e-25, nan 
-23.625, -77.875, 5.911694791289294e-25, nan 
-23.375, -77.875, 4.766535656517538e-25, nan 
-23.125, -77.875, 5.9698852375620125e-25, nan 
-22.875, -77.875, 3.0044097915201484e-25, nan 
-22.625, -77.875, 5.480714751497656e-25, nan 
-22.375, -77.875, 4.52494946585087e-25, nan 
-22.125, -77.875, 4.893827830087072e-25, nan 
-21.875, -77.875, 5.899790107681168e-25, nan 
-21.625, -77.875, 6.2450908802759485e-25, nan 
-21.375, -77.875, 7.875869536952633e-25, nan 
-21.125, -77.875, 7.160868229449188e-25, nan 
-26.375, -77.625, 2.995321254377913e-25, nan 
-26.125, -77.625, 3.295170617814166e-25, nan 
-25.875, -77.625, 3.042340891364281e-25, nan 
-25.625, -77.625, 3.6600005465349567e-25, nan 
-25.375, -77.625, 3.6058669976319987e-25, nan 
-25.125, -77.625, 1.5836976056486645e-25, nan 
-24.875, -77.625, 2.3951695310085085e-25, nan 
-24.625, -77.625, 2.8293723386533843e-25, nan 
-24.375, -77.625, 2.9161312547340695e-25, nan 
-24.125, -77.625, 3.3178755527537024e-25, nan 
-23.875, -77.625, 3.0353910730017704e-25, nan 
-23.625, -77.625, 2.6134509325412703e-25, nan 
-23.375, -77.625, 2.881620419075131e-25, nan 
-23.125, -77.625, 1.934925960851153e-25, nan 
-22.875, -77.625, 1.7114260710517168e-25, nan 
-22.625, -77.625, 2.4546837094494103e-25, nan 
-22.375, -77.625, 4.1325636491159303e-25, nan 
-22.125, -77.625, 4.1175328773372563e-25, nan 
-21.875, -77.625, 4.548838750033744e-25, nan 
-21.625, -77.625, 4.91589756947379e-25, nan 
-21.375, -77.625, 1.939992605451834e-25, nan 
-21.125, -77.625, 2.2380255687700974e-25, nan 
-20.875, -77.625, 3.1938484472221688e-25, nan 
-20.625, -77.625, 3.3324525219731956e-25, nan 
-20.375, -77.625, 4.0803300019463352e-25, nan 
-20.125, -77.625, 4.50599930130458e-25, nan 
-19.875, -77.625, 7.017955653300976e-25, nan 
-19.625, -77.625, 4.2238969978524665e-25, nan 
-19.375, -77.625, 2.55693981072412e-25, nan 
-26.375, -77.375, 4.265775543762108e-25, nan 
-26.125, -77.375, 5.632116706710315e-25, nan 
-25.875, -77.375, 6.50704864326304e-25, nan 
-25.625, -77.375, 6.23143300332319e-25, nan 
-25.375, -77.375, 8.503741570500173e-25, nan 
-25.125, -77.375, 9.623941517421148e-25, nan 
-24.875, -77.375, 7.934583722407194e-25, nan 
-24.625, -77.375, 5.9954175515779895e-25, nan 
-24.375, -77.375, 4.353767955395143e-25, nan 
-24.125, -77.375, 3.624296369649255e-25, nan 
-23.875, -77.375, 3.2427222792342643e-25, nan 
-23.625, -77.375, 6.390676490059694e-25, nan 
-23.375, -77.375, 6.231953115270833e-25, nan 
-23.125, -77.375, 4.907115200221027e-25, nan 
-22.875, -77.375, 9.756935836828895e-25, nan 
-22.625, -77.375, 1.2218022876240003e-24, nan 
-22.375, -77.375, 8.695548683376405e-25, nan 
-22.125, -77.375, 5.88930458159982e-25, nan 
-21.875, -77.375, 4.233029485528784e-25, nan 
-21.625, -77.375, 1.0855461490280828e-24, nan 
-21.375, -77.375, 3.383860451834438e-25, nan 
-21.125, -77.375, 1.1079447082340074e-24, nan 
-20.875, -77.375, 6.479898835887826e-25, nan 
-20.625, -77.375, 8.424239539472646e-25, nan 
-20.375, -77.375, 1.0281956476528803e-24, nan 
-20.125, -77.375, 1.3912804996709967e-24, nan 
-19.875, -77.375, 1.2413983548315682e-24, nan 
-19.625, -77.375, 1.352831401326064e-24, nan 
-19.375, -77.375, 1.0915130995902846e-24, nan 
-19.125, -77.375, 1.5040427878229804e-24, nan 
-18.875, -77.375, 1.2775501130973551e-24, nan 
-18.625, -77.375, 1.670638535613676e-24, nan 
-18.375, -77.375, 1.8988945988359813e-24, nan 
-18.125, -77.375, 1.577559555740041e-24, nan 
-17.875, -77.375, 1.7022216998149224e-24, nan 
-26.375, -77.125, 9.90793902301248e-25, nan 
-26.125, -77.125, 8.565640178819188e-25, nan 
-25.875, -77.125, 6.68549685415741e-25, nan 
-25.625, -77.125, 5.672274433339842e-25, nan 
-25.375, -77.125, 1.1446419009286114e-24, nan 
-25.125, -77.125, 1.6506983137301725e-24, nan 
-24.875, -77.125, 1.2268626776969214e-24, nan 
-24.625, -77.125, 5.463223574972343e-25, nan 
-24.375, -77.125, 3.7703795022821677e-25, nan 
-24.125, -77.125, 1.035916295357006e-24, nan 
-23.875, -77.125, 1.292495680603273e-24, nan 
-23.625, -77.125, 8.1611211170160775e-25, nan 
-23.375, -77.125, 1.1661141157746954e-24, nan 
-23.125, -77.125, 1.445485490062866e-24, nan 
-22.875, -77.125, 1.5040089459936772e-24, nan 
-22.625, -77.125, 1.8622117295446992e-24, nan 
-22.375, -77.125, 1.1581807065769866e-24, nan 
-22.125, -77.125, 1.053757190589758e-24, nan 
-21.875, -77.125, 2.1925972199498255e-24, nan 
-21.625, -77.125, 1.1824463148514709e-24, nan 
-21.375, -77.125, 2.0663289842650542e-24, nan 
-21.125, -77.125, 1.2307613764442684e-24, nan 
-20.875, -77.125, 9.617588985484063e-25, nan 
-20.625, -77.125, 1.5088624561215324e-24, nan 
-20.375, -77.125, 1.0488663588031344e-24, nan 
-20.125, -77.125, 1.9675897672990863e-24, nan 
-19.875, -77.125, 1.2634653987407095e-24, nan 
-19.625, -77.125, 1.536914433857169e-24, nan 
-19.375, -77.125, 1.2186073797254192e-24, nan 
-19.125, -77.125, 1.4995945176129195e-24, nan 
-18.875, -77.125, 1.4852605960330766e-24, nan 
-18.625, -77.125, 1.755849876615116e-24, nan 
-18.375, -77.125, 1.8439193950011112e-24, nan 
-18.125, -77.125, 1.7317104835045245e-24, nan 
-17.875, -77.125, 1.5311464506966329e-24, nan 
-17.625, -77.125, 1.5518817125478804e-24, nan 
-17.375, -77.125, 1.0900820208148776e-24, nan 
-17.125, -77.125, 1.0026427699511742e-24, nan 
-16.875, -77.125, 1.0655495117759868e-24, nan 
-16.625, -77.125, 7.334715704765441e-25, nan 
-16.375, -77.125, 8.561378682860434e-25, nan 
-26.125, -76.875, 9.001070521297965e-25, nan 
-25.875, -76.875, 1.0325271179508403e-24, nan 
-25.625, -76.875, 1.0041936113004179e-24, nan 
-25.375, -76.875, 1.0521780923602291e-24, nan 
-25.125, -76.875, 1.3957494353664611e-24, nan 
-24.875, -76.875, 1.3999076175403253e-24, nan 
-24.625, -76.875, 1.3780334148333586e-24, nan 
-24.375, -76.875, 1.6576919109999308e-24, nan 
-24.125, -76.875, 1.5480054117622854e-24, nan 
-23.875, -76.875, 1.4072786153111252e-24, nan 
-23.625, -76.875, 1.1855953854852395e-24, nan 
-23.375, -76.875, 1.5491977437219643e-24, nan 
-23.125, -76.875, 1.7920213230883734e-24, nan 
-22.875, -76.875, 1.3380015536663193e-24, nan 
-22.625, -76.875, 8.721101507428719e-25, nan 
-22.375, -76.875, 1.0495041812014648e-24, nan 
-22.125, -76.875, 9.157297185276375e-25, nan 
-21.875, -76.875, 1.775292751048113e-24, nan 
-21.625, -76.875, 4.93478094658597e-25, nan 
-21.375, -76.875, 1.3441316649156417e-24, nan 
-21.125, -76.875, 1.229837380113537e-24, nan 
-20.875, -76.875, 5.770045020708259e-25, nan 
-20.625, -76.875, 5.075151579736667e-25, nan 
-20.375, -76.875, 3.1563297894419174e-25, nan 
-20.125, -76.875, 5.349061885591054e-25, nan 
-19.875, -76.875, 1.1337923672229178e-24, nan 
-19.625, -76.875, 9.045475823909417e-25, nan 
-19.375, -76.875, 1.2077156642536937e-24, nan 
-19.125, -76.875, 1.0993467853761966e-24, nan 
-18.875, -76.875, 9.669655029362478e-25, nan 
-18.625, -76.875, 1.549690907110543e-24, nan 
-18.375, -76.875, 1.2239293612645233e-24, nan 
-18.125, -76.875, 1.808857389579809e-24, nan 
-17.875, -76.875, 1.9768445433734346e-24, nan 
-17.625, -76.875, 1.1002517088739015e-24, nan 
-17.375, -76.875, 1.4269624072106314e-24, nan 
-17.125, -76.875, 1.5600324922539808e-24, nan 
-16.875, -76.875, 1.7847133523123083e-24, nan 
-16.625, -76.875, 1.31013469838289e-24, nan 
-16.375, -76.875, 5.592855380647586e-25, nan 
-16.125, -76.875, 1.462250735977219e-24, nan 
-15.875, -76.875, 1.7399622867738257e-24, nan 
-15.625, -76.875, 2.02766127600314e-24, nan 
-15.375, -76.875, 1.847195284661821e-24, nan 
-15.125, -76.875, 5.0027516168494145e-25, nan 
-26.125, -76.625, 1.4118852469326827e-24, nan 
-25.875, -76.625, 1.2040047214402887e-24, nan 
-25.625, -76.625, 1.2159650455048513e-24, nan 
-25.375, -76.625, 1.20163115279265e-24, nan 
-25.125, -76.625, 1.247947723808666e-24, nan 
-24.875, -76.625, 1.1479730593652797e-24, nan 
-24.625, -76.625, 9.71840058535858e-25, nan 
-24.375, -76.625, 1.1461723022348983e-24, nan 
-24.125, -76.625, 1.0271367404522622e-24, nan 
-23.875, -76.625, 9.107163944997178e-25, nan 
-23.625, -76.625, 5.883495745312031e-25, nan 
-23.375, -76.625, 5.086889357953845e-25, nan 
-23.125, -76.625, 4.548905838994063e-25, nan 
-22.875, -76.625, 3.354161312023018e-25, nan 
-22.625, -76.625, 2.3739682123083553e-25, nan 
-22.375, -76.625, 2.770022344562196e-25, nan 
-22.125, -76.625, 2.0847100136478014e-25, nan 
-21.875, -76.625, 4.360194584825043e-25, nan 
-21.625, -76.625, 7.1839740422898765e-25, nan 
-21.375, -76.625, 8.626261493992462e-25, nan 
-21.125, -76.625, 1.2685989307749276e-24, nan 
-20.875, -76.625, 4.685916737782461e-25, nan 
-20.625, -76.625, 4.208631897741783e-25, nan 
-20.375, -76.625, 6.28679345328866e-25, nan 
-20.125, -76.625, 7.289049629371594e-25, nan 
-19.875, -76.625, 8.532227766370531e-25, nan 
-19.625, -76.625, 6.982232748481901e-25, nan 
-19.375, -76.625, 6.215027084283592e-25, nan 
-19.125, -76.625, 7.095697357603072e-25, nan 
-18.875, -76.625, 6.45833400087131e-25, nan 
-18.625, -76.625, 1.066805568931476e-24, nan 
-18.375, -76.625, 1.057856875717972e-24, nan 
-18.125, -76.625, 1.2902075064176585e-24, nan 
-17.875, -76.625, 1.4323823135940613e-24, nan 
-17.625, -76.625, 1.0014263346592269e-24, nan 
-17.375, -76.625, 1.323368335198323e-24, nan 
-17.125, -76.625, 1.3825982030970285e-24, nan 
-16.875, -76.625, 1.7188061812155446e-24, nan 
-16.625, -76.625, 1.82912802910715e-24, nan 
-16.375, -76.625, 1.5354811780747978e-24, nan 
-16.125, -76.625, 1.7427975290267373e-24, nan 
-15.875, -76.625, 1.7085879729192568e-24, nan 
-15.625, -76.625, 1.5509231967180287e-24, nan 
-15.375, -76.625, 1.167154033555425e-24, nan 
-15.125, -76.625, 1.1189922087309798e-24, nan 
-14.875, -76.625, 1.1084422867995731e-24, nan 
-14.625, -76.625, 7.436984872863161e-25, nan 
-14.375, -76.625, 2.552285430266694e-25, nan 
-14.125, -76.625, 6.36883825743203e-25, nan 
-13.875, -76.625, 5.247088923680882e-25, nan 
-26.125, -76.375, 4.575039578186414e-24, nan 
-25.875, -76.375, 2.503636949884394e-24, nan 
-25.625, -76.375, 6.427734987319859e-25, nan 
-25.375, -76.375, 7.853051126245878e-25, nan 
-25.125, -76.375, 9.308751574572875e-25, nan 
-24.875, -76.375, 8.32212021094048e-25, nan 
-24.625, -76.375, 4.532961876888291e-25, nan 
-24.375, -76.375, 2.8936561004407316e-25, nan 
-24.125, -76.375, 4.83463720581716e-25, nan 
-23.875, -76.375, 4.429901369678465e-25, nan 
-23.625, -76.375, 5.643052791049293e-25, nan 
-23.375, -76.375, 3.629487732238407e-25, nan 
-23.125, -76.375, 3.8305610443803394e-25, nan 
-22.875, -76.375, 3.6770105540195207e-25, nan 
-22.625, -76.375, 4.232160804849863e-25, nan 
-22.375, -76.375, 4.539616228062891e-25, nan 
-22.125, -76.375, 1.8202746639717692e-25, nan 
-21.875, -76.375, 7.429567584301031e-25, nan 
-21.625, -76.375, 1.1269774855388827e-24, nan 
-21.375, -76.375, 1.3442342829645684e-24, nan 
-21.125, -76.375, 1.2931313950149006e-24, nan 
-20.875, -76.375, 2.4678180767515532e-25, nan 
-20.625, -76.375, 5.655403166757982e-25, nan 
-20.375, -76.375, 8.446962898320408e-25, nan 
-20.125, -76.375, 9.537112938632771e-25, nan 
-19.875, -76.375, 9.502486520060133e-25, nan 
-19.625, -76.375, 4.551691029851525e-25, nan 
-19.375, -76.375, 6.018907905726122e-25, nan 
-19.125, -76.375, 5.658847051736874e-25, nan 
-18.875, -76.375, 3.600649373944055e-25, nan 
-18.625, -76.375, 4.007647779151679e-25, nan 
-18.375, -76.375, 7.068736903485953e-25, nan 
-18.125, -76.375, 9.011188918688497e-25, nan 
-17.875, -76.375, 1.3011247504425453e-24, nan 
-17.625, -76.375, 1.2053675506225928e-24, nan 
-17.375, -76.375, 1.8470173267724997e-24, nan 
-17.125, -76.375, 2.261194668257931e-24, nan 
-16.875, -76.375, 2.2817380215125828e-24, nan 
-16.625, -76.375, 2.1811837818754703e-24, nan 
-16.375, -76.375, 1.9843079903297055e-24, nan 
-16.125, -76.375, 2.4435639085463743e-24, nan 
-15.875, -76.375, 2.4448286182009033e-24, nan 
-15.625, -76.375, 1.6145042986309734e-24, nan 
-15.375, -76.375, 4.23433881391482e-25, nan 
-15.125, -76.375, 1.3560169543237935e-24, nan 
-14.875, -76.375, 1.2463043006618595e-24, nan 
-14.625, -76.375, 1.1504656160620402e-24, nan 
-14.375, -76.375, 7.351161648309585e-25, nan 
-14.125, -76.375, 8.564123447014714e-25, nan 
-13.875, -76.375, 8.511951814498549e-25, nan 
-13.625, -76.375, 4.347258300332469e-25, nan 
-13.375, -76.375, 6.461163783607869e-25, nan 
-13.125, -76.375, 3.7143499381300278e-25, nan 
-12.875, -76.375, 6.249840007256179e-25, nan 
-25.875, -76.125, 8.468923163710832e-25, nan 
-25.625, -76.125, 6.165073550879603e-25, nan 
-25.375, -76.125, 5.111275516045355e-25, nan 
-25.125, -76.125, 4.6811089311897075e-25, nan 
-24.875, -76.125, 4.4658362699998965e-25, nan 
-24.625, -76.125, 3.541122591384876e-25, nan 
-24.375, -76.125, 3.425809996616497e-25, nan 
-24.125, -76.125, 7.951318415251778e-25, nan 
-23.875, -76.125, 6.144424326453671e-25, nan 
-23.625, -76.125, 1.0124648196195862e-24, nan 
-23.375, -76.125, 7.533632475915228e-25, nan 
-23.125, -76.125, 4.766508981359129e-25, nan 
-22.875, -76.125, 5.815013291346909e-25, nan 
-22.625, -76.125, 5.014523480640488e-25, nan 
-22.375, -76.125, 5.589669513491956e-25, nan 
-22.125, -76.125, 4.85088317682194e-25, nan 
-21.875, -76.125, 7.897362780682864e-25, nan 
-21.625, -76.125, 9.082239149544636e-25, nan 
-21.375, -76.125, 9.55496732501095e-25, nan 
-21.125, -76.125, 1.0532883485977486e-24, nan 
-20.875, -76.125, 6.294345707170072e-25, nan 
-20.625, -76.125, 5.464171215785469e-25, nan 
-20.375, -76.125, 5.707840692213897e-25, nan 
-20.125, -76.125, 3.302986463208582e-25, nan 
-19.875, -76.125, 5.025549761727533e-25, nan 
-19.625, -76.125, 4.3833326438542065e-25, nan 
-19.375, -76.125, 3.1148835970445823e-25, nan 
-19.125, -76.125, 5.228937801218443e-25, nan 
-18.875, -76.125, 8.994166270368287e-25, nan 
-18.625, -76.125, 1.2850021012103673e-24, nan 
-18.375, -76.125, 1.6000934018927209e-24, nan 
-18.125, -76.125, 2.008399949977483e-24, nan 
-17.875, -76.125, 1.8917712396873876e-24, nan 
-17.625, -76.125, 1.4735314858771513e-24, nan 
-17.375, -76.125, 1.767892114795759e-24, nan 
-17.125, -76.125, 2.547194411062035e-24, nan 
-16.875, -76.125, 3.0883210583237947e-24, nan 
-16.625, -76.125, 2.9713696506944732e-24, nan 
-16.375, -76.125, 2.4382861425076127e-24, nan 
-16.125, -76.125, 2.348255831721163e-24, nan 
-15.875, -76.125, 1.6721799819843306e-24, nan 
-15.625, -76.125, 1.6104643025206527e-24, nan 
-15.375, -76.125, 1.5763737264090976e-24, nan 
-15.125, -76.125, 1.4063506009614043e-24, nan 
-14.875, -76.125, 1.4863181600192552e-24, nan 
-14.625, -76.125, 1.0702200527999881e-24, nan 
-14.375, -76.125, 7.3523762883949585e-25, nan 
-14.125, -76.125, 8.199301224376152e-25, nan 
-13.875, -76.125, 7.775020519374083e-25, nan 
-13.625, -76.125, 7.598687749589476e-25, nan 
-13.375, -76.125, 7.288139046185277e-25, nan 
-13.125, -76.125, 1.0650477336541394e-24, nan 
-12.875, -76.125, 5.905661471222019e-25, nan 
-12.625, -76.125, 1.5064416266641353e-24, nan 
-12.375, -76.125, 1.0797297267934121e-24, nan 
-12.125, -76.125, 1.0581104732930484e-24, nan 
-11.875, -76.125, 2.3381032273193336e-24, nan 
-25.875, -75.875, 1.0392679636932563e-24, nan 
-25.625, -75.875, 9.287427631448227e-25, nan 
-25.375, -75.875, 6.1057017552825215e-25, nan 
-25.125, -75.875, 4.213640555916546e-25, nan 
-24.875, -75.875, 7.864935157644146e-25, nan 
-24.625, -75.875, 7.245476820762037e-25, nan 
-24.375, -75.875, 6.539376825970913e-25, nan 
-24.125, -75.875, 7.414181277301657e-25, nan 
-23.875, -75.875, 5.111470901028256e-25, nan 
-23.625, -75.875, 8.483648276701404e-25, nan 
-23.375, -75.875, 8.939141966033483e-25, nan 
-23.125, -75.875, 1.399652777390905e-24, nan 
-22.875, -75.875, 1.4662295748130118e-24, nan 
-22.625, -75.875, 1.3102234570671542e-24, nan 
-22.375, -75.875, 1.2106967020954205e-24, nan 
-22.125, -75.875, 9.728059351890432e-25, nan 
-21.875, -75.875, 1.1205892002612128e-24, nan 
-21.625, -75.875, 1.1682446121231714e-24, nan 
-21.375, -75.875, 8.77572238322022e-25, nan 
-21.125, -75.875, 1.0870760086092595e-24, nan 
-20.875, -75.875, 6.876004779688779e-25, nan 
-20.625, -75.875, 4.271081524181121e-25, nan 
-20.375, -75.875, 5.909210212662353e-25, nan 
-20.125, -75.875, 3.248351237359668e-25, nan 
-19.875, -75.875, 5.774943589512169e-25, nan 
-19.625, -75.875, 3.926968100575699e-25, nan 
-19.375, -75.875, 7.929790573686975e-25, nan 
-19.125, -75.875, 1.0330883751634054e-24, nan 
-18.875, -75.875, 1.208061770222296e-24, nan 
-18.625, -75.875, 1.3774180481300875e-24, nan 
-18.375, -75.875, 6.367378690945817e-25, nan 
-18.125, -75.875, 9.536135351975927e-25, nan 
-17.875, -75.875, 4.907851982022725e-25, nan 
-17.625, -75.875, 7.529836918430227e-25, nan 
-17.375, -75.875, 1.1077015317517011e-24, nan 
-17.125, -75.875, 1.487269893248968e-24, nan 
-16.875, -75.875, 1.9007926490115085e-24, nan 
-16.625, -75.875, 2.0559702525635256e-24, nan 
-16.375, -75.875, 1.918823142906535e-24, nan 
-16.125, -75.875, 2.0632096700383564e-24, nan 
-15.875, -75.875, 1.5531141466600287e-24, nan 
-15.625, -75.875, 1.4113372896727936e-24, nan 
-15.375, -75.875, 1.2717572227314649e-24, nan 
-15.125, -75.875, 1.0402168369930782e-24, nan 
-14.875, -75.875, 9.788893926076351e-25, nan 
-14.625, -75.875, 7.458610780816446e-25, nan 
-14.375, -75.875, 5.64891524409105e-25, nan 
-14.125, -75.875, 7.638046762819357e-25, nan 
-13.875, -75.875, 9.422020100172954e-25, nan 
-13.625, -75.875, 1.8033024768548156e-24, nan 
-13.375, -75.875, 1.4405106144088423e-24, nan 
-13.125, -75.875, 9.51804100755998e-25, nan 
-12.875, -75.875, 2.69069035643479e-24, nan 
-12.625, -75.875, 1.2615024849557636e-24, nan 
-12.375, -75.875, 4.11306115382736e-24, nan 
-12.125, -75.875, 3.520586385041334e-24, nan 
-11.875, -75.875, 1.8401787538739735e-24, nan 
-11.625, -75.875, 1.44335814967262e-24, nan 
-11.375, -75.875, 1.9951328115316963e-24, nan 
-11.125, -75.875, 1.727439524790306e-24, nan 
-10.875, -75.875, 1.694763350293458e-24, nan 
-25.875, -75.625, 1.3702865890161917e-24, nan 
-25.625, -75.625, 1.2904223539697166e-24, nan 
-25.375, -75.625, 1.0400626364797418e-24, nan 
-25.125, -75.625, 6.183752135665539e-25, nan 
-24.875, -75.625, 1.0587298830270821e-24, nan 
-24.625, -75.625, 1.1300051647063054e-24, nan 
-24.375, -75.625, 1.174980596540098e-24, nan 
-24.125, -75.625, 1.1715982383455223e-24, nan 
-23.875, -75.625, 1.163535459386552e-24, nan 
-23.625, -75.625, 1.1824429349116461e-24, nan 
-23.375, -75.625, 1.3481861119279729e-24, nan 
-23.125, -75.625, 1.2496436982599818e-24, nan 
-22.875, -75.625, 1.3962276830397987e-24, nan 
-22.625, -75.625, 1.493243115253847e-24, nan 
-22.375, -75.625, 1.4203079257204317e-24, nan 
-22.125, -75.625, 1.3373704131035667e-24, nan 
-21.875, -75.625, 8.69248763492043e-25, nan 
-21.625, -75.625, 7.422752090265222e-25, nan 
-21.375, -75.625, 5.979630615057313e-25, nan 
-21.125, -75.625, 5.164897032234798e-25, nan 
-20.875, -75.625, 5.2415408477889975e-25, nan 
-20.625, -75.625, 5.81604782091398e-25, nan 
-20.375, -75.625, 8.170649346243676e-25, nan 
-20.125, -75.625, 9.216024944452459e-25, nan 
-19.875, -75.625, 1.217759140316239e-24, nan 
-19.625, -75.625, 7.239079594294954e-25, nan 
-19.375, -75.625, 1.077847877448017e-24, nan 
-19.125, -75.625, 1.931303820903962e-24, nan 
-18.875, -75.625, 2.189025250231743e-24, nan 
-18.625, -75.625, 2.9114287281758418e-24, nan 
-18.375, -75.625, 1.2743558496286586e-24, nan 
-18.125, -75.625, 1.8086142058298254e-24, nan 
-17.875, -75.625, 1.1707747284435324e-24, nan 
-17.625, -75.625, 1.3148793245968445e-24, nan 
-17.375, -75.625, 1.845997158073082e-24, nan 
-17.125, -75.625, 1.1952836462835212e-24, nan 
-16.875, -75.625, 1.5711971116681595e-24, nan 
-16.625, -75.625, 1.0336108214745274e-24, nan 
-16.375, -75.625, 5.622787574741026e-25, nan 
-16.125, -75.625, 1.2978685452872804e-24, nan 
-15.875, -75.625, 1.9287171617131026e-24, nan 
-15.625, -75.625, 8.281093893543062e-25, nan 
-15.375, -75.625, 7.172043257227427e-25, nan 
-15.125, -75.625, 7.86129355485952e-25, nan 
-14.875, -75.625, 1.050730120481339e-24, nan 
-14.625, -75.625, 8.669077519500204e-25, nan 
-14.375, -75.625, 8.149326533023315e-25, nan 
-14.125, -75.625, 2.48780371301087e-24, nan 
-13.875, -75.625, 2.092777703258584e-24, nan 
-13.625, -75.625, 2.4530668892246835e-24, nan 
-13.375, -75.625, 2.4586687516651814e-24, nan 
-13.125, -75.625, 1.013771151523083e-24, nan 
-12.875, -75.625, 3.411788410050973e-24, nan 
-12.625, -75.625, 1.825672331139939e-24, nan 
-12.375, -75.625, 4.8466368896276884e-24, nan 
-12.125, -75.625, 4.804241429531164e-24, nan 
-11.875, -75.625, 1.6247723417646324e-24, nan 
-11.625, -75.625, 1.4901628160055181e-24, nan 
-11.375, -75.625, 1.2400185118010514e-24, nan 
-11.125, -75.625, 2.274392906972683e-24, nan 
-10.875, -75.625, 2.1755122135649438e-24, nan 
-10.625, -75.625, 2.671238260117773e-24, nan 
-10.375, -75.625, 1.9383167264386882e-24, nan 
-10.125, -75.625, 2.2068167954860256e-24, nan 
-25.625, -75.375, 1.8362844139893475e-24, nan 
-25.375, -75.375, 1.9617737990374384e-24, nan 
-25.125, -75.375, 1.3706980852599163e-24, nan 
-24.875, -75.375, 1.7565098701134736e-24, nan 
-24.625, -75.375, 2.313228342064704e-24, nan 
-24.375, -75.375, 2.143597755936522e-24, nan 
-24.125, -75.375, 1.4569959583241024e-24, nan 
-23.875, -75.375, 1.640338125134391e-24, nan 
-23.625, -75.375, 2.026512980582915e-24, nan 
-23.375, -75.375, 1.806894824718014e-24, nan 
-23.125, -75.375, 1.0312850829659827e-24, nan 
-22.875, -75.375, 8.8045579511382e-25, nan 
-22.625, -75.375, 1.0590864771678198e-24, nan 
-22.375, -75.375, 7.315913337832607e-25, nan 
-22.125, -75.375, 9.082494930999278e-25, nan 
-21.875, -75.375, 1.093565190772192e-24, nan 
-21.625, -75.375, 8.967421655732526e-25, nan 
-21.375, -75.375, 6.793381002019749e-25, nan 
-21.125, -75.375, 3.9713226924192365e-25, nan 
-20.875, -75.375, 2.8318796588416744e-25, nan 
-20.625, -75.375, 4.801666797349972e-25, nan 
-20.375, -75.375, 5.009788275848007e-25, nan 
-20.125, -75.375, 5.530540866449502e-25, nan 
-19.875, -75.375, 7.63322585168283e-25, nan 
-19.625, -75.375, 6.4246278485705695e-25, nan 
-19.375, -75.375, 9.96678465311022e-25, nan 
-19.125, -75.375, 1.4806601799171446e-24, nan 
-18.875, -75.375, 1.7444599354418056e-24, nan 
-18.625, -75.375, 2.142217214025822e-24, nan 
-18.375, -75.375, 1.1002494656951615e-24, nan 
-18.125, -75.375, 1.6602876454232185e-24, nan 
-17.875, -75.375, 8.565659595697468e-25, nan 
-17.625, -75.375, 5.166325259137113e-25, nan 
-17.375, -75.375, 6.241302305052103e-25, nan 
-17.125, -75.375, 4.341333793367447e-25, nan 
-16.875, -75.375, 1.9199615810123108e-24, nan 
-16.625, -75.375, 2.3710228708082054e-24, nan 
-16.375, -75.375, 5.228156205526243e-25, nan 
-16.125, -75.375, 3.375121742358947e-24, nan 
-15.875, -75.375, 4.103528819464017e-24, nan 
-15.625, -75.375, 8.097845788498347e-25, nan 
-15.375, -75.375, 1.824048594682843e-24, nan 
-15.125, -75.375, 2.0315535119249523e-24, nan 
-14.875, -75.375, 2.4490490361175494e-24, nan 
-14.625, -75.375, 2.9357589394488614e-24, nan 
-14.375, -75.375, 1.6649387260032992e-24, nan 
-14.125, -75.375, 3.21692739860795e-24, nan 
-13.875, -75.375, 4.153531180280639e-24, nan 
-13.625, -75.375, 2.148071979631334e-24, nan 
-13.375, -75.375, 1.1472347590094931e-24, nan 
-13.125, -75.375, 3.2229135722017775e-24, nan 
-12.875, -75.375, 1.7270948896444123e-24, nan 
-12.625, -75.375, 2.8347448659010538e-24, nan 
-12.375, -75.375, 3.552994349780234e-24, nan 
-12.125, -75.375, 2.293050444781332e-24, nan 
-11.875, -75.375, 1.8772784570514776e-24, nan 
-11.625, -75.375, 2.3941038944254623e-24, nan 
-11.375, -75.375, 1.9663942805650808e-24, nan 
-11.125, -75.375, 2.1224680897021207e-24, nan 
-10.875, -75.375, 2.22957824477853e-24, nan 
-10.625, -75.375, 2.249134989574633e-24, nan 
-10.375, -75.375, 3.2068665194077237e-24, nan 
-10.125, -75.375, 3.727106353416701e-24, nan 
-9.875, -75.375, 3.1191257205572865e-24, nan 
-9.625, -75.375, 2.178167892340986e-24, nan 
-9.375, -75.375, 2.2704899605104753e-24, nan 
-9.125, -75.375, 1.7399442280308718e-24, nan 
-25.625, -75.125, 1.4049029896172402e-24, nan 
-25.375, -75.125, 1.475838903840056e-24, nan 
-25.125, -75.125, 1.6224074507190084e-24, nan 
-24.875, -75.125, 1.4745929424141845e-24, nan 
-24.625, -75.125, 2.0053052790768134e-24, nan 
-24.375, -75.125, 2.154639694548918e-24, nan 
-24.125, -75.125, 1.1263977091324386e-24, nan 
-23.875, -75.125, 1.4540551089341118e-24, nan 
-23.625, -75.125, 1.700510269408463e-24, nan 
-23.375, -75.125, 1.0878344138738463e-24, nan 
-23.125, -75.125, 8.982461748471988e-25, nan 
-22.875, -75.125, 9.450431522542573e-25, nan 
-22.625, -75.125, 7.9070924017361835e-25, nan 
-22.375, -75.125, 9.721970172662299e-25, nan 
-22.125, -75.125, 8.071062475856083e-25, nan 
-21.875, -75.125, 7.839586139096873e-25, nan 
-21.625, -75.125, 7.120579266069427e-25, nan 
-21.375, -75.125, 4.466223481724715e-25, nan 
-21.125, -75.125, 3.342395885617893e-25, nan 
-20.875, -75.125, 3.672299666840096e-25, nan 
-20.625, -75.125, 6.180876344635507e-25, nan 
-20.375, -75.125, 7.022908961752932e-25, nan 
-20.125, -75.125, 7.588462399122275e-25, nan 
-19.875, -75.125, 6.547577566458445e-25, nan 
-19.625, -75.125, 9.433404359511632e-25, nan 
-19.375, -75.125, 6.950010659599271e-25, nan 
-19.125, -75.125, 5.818827091773019e-25, nan 
-18.875, -75.125, 1.1309666491913864e-24, nan 
-18.625, -75.125, 7.795931087015708e-25, nan 
-18.375, -75.125, 9.200995586556978e-25, nan 
-18.125, -75.125, 7.696139165784801e-25, nan 
-17.875, -75.125, 6.684568803435978e-25, nan 
-17.625, -75.125, 6.7807553888522585e-25, nan 
-17.375, -75.125, 7.487908142416789e-25, nan 
-17.125, -75.125, 7.229551855811456e-25, nan 
-16.875, -75.125, 7.844422686545991e-25, nan 
-16.625, -75.125, 3.16881907668831e-24, nan 
-16.375, -75.125, 5.402362549431449e-24, nan 
-16.125, -75.125, 6.70026086127893e-24, nan 
-15.875, -75.125, 6.2557056084570904e-24, nan 
-15.625, -75.125, 6.322798752194008e-24, nan 
-15.375, -75.125, 4.4122822137017265e-24, nan 
-15.125, -75.125, 1.1920057811715845e-24, nan 
-14.875, -75.125, 3.060832687528015e-24, nan 
-14.625, -75.125, 3.0688068446024275e-24, nan 
-14.375, -75.125, 2.402396840897959e-24, nan 
-14.125, -75.125, 3.0777661565568612e-24, nan 
-13.875, -75.125, 3.782449951446708e-24, nan 
-13.625, -75.125, 3.3822823505557796e-24, nan 
-13.375, -75.125, 1.6873476686323297e-24, nan 
-13.125, -75.125, 2.3042071038224702e-24, nan 
-12.875, -75.125, 2.465972293010905e-24, nan 
-12.625, -75.125, 2.1294177186616106e-24, nan 
-12.375, -75.125, 1.8620775145686717e-24, nan 
-12.125, -75.125, 1.2905644888443935e-24, nan 
-11.875, -75.125, 9.384559161802838e-25, nan 
-11.625, -75.125, 1.870059067564428e-24, nan 
-11.375, -75.125, 2.3367878896952065e-24, nan 
-11.125, -75.125, 1.2326029078954372e-24, nan 
-10.875, -75.125, 1.509421746140937e-24, nan 
-10.625, -75.125, 2.3918408118280593e-24, nan 
-10.375, -75.125, 1.930366207384231e-24, nan 
-10.125, -75.125, 2.3266007599187945e-24, nan 
-9.875, -75.125, 2.206623692165836e-24, nan 
-9.625, -75.125, 2.5660961624170075e-24, nan 
-9.375, -75.125, 2.509440961649446e-24, nan 
-9.125, -75.125, 1.8071126150176123e-24, nan 
-8.875, -75.125, 1.8457562971815267e-24, nan 
-8.625, -75.125, 2.3249374086132227e-24, nan 
-25.375, -74.875, 2.4764537635883826e-24, nan 
-25.125, -74.875, 2.693722675161395e-24, nan 
-24.875, -74.875, 3.100534249949094e-24, nan 
-24.625, -74.875, 4.5018759542641236e-24, nan 
-24.375, -74.875, 2.441077272695657e-24, nan 
-24.125, -74.875, 2.026489629375681e-24, nan 
-23.875, -74.875, 3.648564657275732e-24, nan 
-23.625, -74.875, 9.489018247724783e-25, nan 
-23.375, -74.875, 9.435383553793324e-25, nan 
-23.125, -74.875, 9.193075921621588e-25, nan 
-22.875, -74.875, 1.010225260524098e-24, nan 
-22.625, -74.875, 9.38503239830656e-25, nan 
-22.375, -74.875, 9.982287651545356e-25, nan 
-22.125, -74.875, 7.462158886428935e-25, nan 
-21.875, -74.875, 1.283362167271726e-24, nan 
-21.625, -74.875, 8.848737357061934e-25, nan 
-21.375, -74.875, 4.637615081095157e-25, nan 
-21.125, -74.875, 7.844837042819786e-25, nan 
-20.875, -74.875, 8.884217479472127e-25, nan 
-20.625, -74.875, 6.799261368826174e-25, nan 
-20.375, -74.875, 8.649783380150523e-25, nan 
-20.125, -74.875, 1.1354793722850834e-24, nan 
-19.875, -74.875, 1.0583707369272044e-24, nan 
-19.625, -74.875, 1.0287292106075321e-24, nan 
-19.375, -74.875, 1.273916742760392e-24, nan 
-19.125, -74.875, 2.531473371454126e-24, nan 
-18.875, -74.875, 1.4035569708217415e-24, nan 
-18.625, -74.875, 6.350385447756657e-25, nan 
-18.375, -74.875, 1.513063178591051e-24, nan 
-18.125, -74.875, 1.2993436763124935e-24, nan 
-17.875, -74.875, 1.1083482020933218e-24, nan 
-17.625, -74.875, 1.313846193481306e-24, nan 
-17.375, -74.875, 3.807247896809424e-24, nan 
-17.125, -74.875, 6.783863814720333e-24, nan 
-16.875, -74.875, 8.016329645079174e-24, nan 
-16.625, -74.875, 6.1274546538296524e-24, nan 
-16.375, -74.875, 8.93240063730429e-24, nan 
-16.125, -74.875, 1.0300847258893169e-23, nan 
-15.875, -74.875, 1.0103927868066991e-23, nan 
-15.625, -74.875, 1.0902719257623583e-23, nan 
-15.375, -74.875, 7.160714538663144e-24, nan 
-15.125, -74.875, 7.81553707297163e-24, nan 
-14.875, -74.875, 9.298863280205621e-24, nan 
-14.625, -74.875, 6.17855063593898e-24, nan 
-14.375, -74.875, 3.1778307251380812e-24, nan 
-14.125, -74.875, 3.9644205601288655e-24, nan 
-13.875, -74.875, 5.2928896532728656e-24, nan 
-13.625, -74.875, 3.8399104556594486e-24, nan 
-13.375, -74.875, 2.2161859194655315e-24, nan 
-13.125, -74.875, 3.1826505618086894e-24, nan 
-12.875, -74.875, 2.8143199525762518e-24, nan 
-12.625, -74.875, 1.792208857513627e-24, nan 
-12.375, -74.875, 4.909664954138141e-25, nan 
-12.125, -74.875, 5.180675532891874e-25, nan 
-11.875, -74.875, 1.511771843109707e-24, nan 
-11.625, -74.875, 2.6780822641108896e-24, nan 
-11.375, -74.875, 2.610705762733807e-24, nan 
-11.125, -74.875, 9.082050183596619e-25, nan 
-10.875, -74.875, 3.661347032554253e-24, nan 
-10.625, -74.875, 3.8545002878212544e-24, nan 
-10.375, -74.875, 2.238398475830161e-25, nan 
-10.125, -74.875, 1.923019977207379e-24, nan 
-9.875, -74.875, 2.077732846315959e-24, nan 
-9.625, -74.875, 8.910120369927994e-25, nan 
-9.375, -74.875, 7.810026626034479e-25, nan 
-9.125, -74.875, 7.921273266953706e-25, nan 
-8.875, -74.875, 1.1208153802839263e-24, nan 
-8.625, -74.875, 1.3865989209483479e-24, nan 
-8.375, -74.875, 1.3612981756723087e-24, nan 
-8.125, -74.875, 1.1826758822578703e-24, nan 
-7.875, -74.875, 1.360810353787003e-24, nan 
-25.375, -74.625, 2.515323988801865e-24, nan 
-25.125, -74.625, 1.789552899624264e-24, nan 
-24.875, -74.625, 3.0184656247472537e-24, nan 
-24.625, -74.625, 2.9566747784710576e-24, nan 
-24.375, -74.625, 1.6126247277369653e-24, nan 
-24.125, -74.625, 6.576573264086796e-25, nan 
-23.875, -74.625, 1.2082325808117464e-24, nan 
-23.625, -74.625, 8.721298115215714e-25, nan 
-23.375, -74.625, 5.045569872829071e-25, nan 
-23.125, -74.625, 4.319622537400805e-25, nan 
-22.875, -74.625, 3.7823827320046647e-25, nan 
-22.625, -74.625, 3.725378668684606e-25, nan 
-22.375, -74.625, 5.295609684639473e-25, nan 
-22.125, -74.625, 3.321871184420149e-25, nan 
-21.875, -74.625, 7.6975126228336825e-25, nan 
-21.625, -74.625, 1.6219543001072715e-24, nan 
-21.375, -74.625, 1.950002581790594e-24, nan 
-21.125, -74.625, 1.2210408434166705e-24, nan 
-20.875, -74.625, 1.2079882555356693e-24, nan 
-20.625, -74.625, 1.1280389025796729e-24, nan 
-20.375, -74.625, 1.3172784761959933e-24, nan 
-20.125, -74.625, 8.941992044057072e-25, nan 
-19.875, -74.625, 1.444387448520325e-24, nan 
-19.625, -74.625, 1.0855066542041845e-24, nan 
-19.375, -74.625, 1.264121415912654e-24, nan 
-19.125, -74.625, 3.0540774018620268e-24, nan 
-18.875, -74.625, 1.2120129311936996e-24, nan 
-18.625, -74.625, 6.017572325719085e-25, nan 
-18.375, -74.625, 1.5509623668354044e-24, nan 
-18.125, -74.625, 8.236043512241385e-25, nan 
-17.875, -74.625, 1.0591220718574243e-24, nan 
-17.625, -74.625, 8.54616227935635e-25, nan 
-17.375, -74.625, 1.8710173389127033e-24, nan 
-17.125, -74.625, 7.851904735513093e-24, nan 
-16.875, -74.625, 7.629984834768223e-24, nan 
-16.625, -74.625, 6.111210068733504e-24, nan 
-16.375, -74.625, 1.0456217938336957e-23, nan 
-16.125, -74.625, 1.1016197534360871e-23, nan 
-15.875, -74.625, 1.20602870637664e-23, nan 
-15.625, -74.625, 1.0087327393533493e-23, nan 
-15.375, -74.625, 7.134394254141792e-24, nan 
-15.125, -74.625, 8.445644691061101e-24, nan 
-14.875, -74.625, 7.475601422165609e-24, nan 
-14.625, -74.625, 4.120232640994228e-24, nan 
-14.375, -74.625, 2.0339257778986673e-24, nan 
-14.125, -74.625, 2.217656636333311e-24, nan 
-13.875, -74.625, 3.185861719468996e-24, nan 
-13.625, -74.625, 2.49509888530606e-24, nan 
-13.375, -74.625, 2.0312525814889483e-24, nan 
-13.125, -74.625, 7.65116770894785e-25, nan 
-12.875, -74.625, 8.808073931464009e-25, nan 
-12.625, -74.625, 1.11131028013628e-24, nan 
-12.375, -74.625, 5.89365349013808e-25, nan 
-12.125, -74.625, 4.482647148212597e-25, nan 
-11.875, -74.625, 3.048479548548353e-25, nan 
-11.625, -74.625, 3.290140117542825e-25, nan 
-11.375, -74.625, 2.0380492733606474e-25, nan 
-11.125, -74.625, 4.6024080374558315e-25, nan 
-10.875, -74.625, 1.7483680765253406e-24, nan 
-10.625, -74.625, 1.831210095976252e-24, nan 
-10.375, -74.625, 7.345707876903068e-25, nan 
-10.125, -74.625, 7.523439441621528e-25, nan 
-9.875, -74.625, 8.491830222983583e-25, nan 
-9.625, -74.625, 1.3567017344019481e-24, nan 
-9.375, -74.625, 1.5308062649971542e-24, nan 
-9.125, -74.625, 1.9408741453225598e-24, nan 
-8.875, -74.625, 1.4910180371783599e-24, nan 
-8.625, -74.625, 1.15750677116866e-24, nan 
-8.375, -74.625, 9.43925401925447e-25, nan 
-8.125, -74.625, 7.649343806806725e-25, nan 
-7.875, -74.625, 2.9578103714770134e-24, nan 
-7.625, -74.625, 2.7552527385439234e-24, nan 
-7.375, -74.625, 1.932531901488122e-24, nan 
-7.125, -74.625, 3.508386869951517e-24, nan 
-25.375, -74.375, 2.477677399587459e-24, nan 
-25.125, -74.375, 3.0753625440136052e-24, nan 
-24.875, -74.375, 3.2234461034158074e-24, nan 
-24.625, -74.375, 2.0771660305127108e-24, nan 
-24.375, -74.375, 2.4412560689779804e-24, nan 
-24.125, -74.375, 2.3496136040746553e-24, nan 
-23.875, -74.375, 1.0265987438905063e-24, nan 
-23.625, -74.375, 3.4877847250172717e-25, nan 
-23.375, -74.375, 3.877662589458046e-25, nan 
-23.125, -74.375, 1.505067037951177e-24, nan 
-22.875, -74.375, 2.412906827742166e-24, nan 
-22.625, -74.375, 2.9299235650440033e-25, nan 
-22.375, -74.375, 1.1715438928110955e-24, nan 
-22.125, -74.375, 2.183155869679273e-24, nan 
-21.875, -74.375, 1.4177070294659818e-24, nan 
-21.625, -74.375, 1.785443575338033e-24, nan 
-21.375, -74.375, 2.829664941503318e-24, nan 
-21.125, -74.375, 1.6589431540312577e-24, nan 
-20.875, -74.375, 9.120620161680139e-25, nan 
-20.625, -74.375, 1.216392013173893e-24, nan 
-20.375, -74.375, 1.7778451526356725e-24, nan 
-20.125, -74.375, 4.144935360377144e-25, nan 
-19.875, -74.375, 2.1100565854040605e-25, nan 
-19.625, -74.375, 6.38442206296144e-25, nan 
-19.375, -74.375, 3.371983972367138e-25, nan 
-19.125, -74.375, 1.0357117356018874e-24, nan 
-18.875, -74.375, 3.667047449168474e-25, nan 
-18.625, -74.375, 2.9445491117874315e-25, nan 
-18.375, -74.375, 4.0403095962931714e-25, nan 
-18.125, -74.375, 4.615235752290402e-25, nan 
-17.875, -74.375, 8.906852159567746e-25, nan 
-17.625, -74.375, 1.1761316770124974e-24, nan 
-17.375, -74.375, 1.6119230102673554e-24, nan 
-17.125, -74.375, 1.3691808008084874e-24, nan 
-16.875, -74.375, 1.4746520439106716e-24, nan 
-16.625, -74.375, 2.9150321178417e-24, nan 
-16.375, -74.375, 7.029938062277443e-24, nan 
-16.125, -74.375, 7.103047003481673e-24, nan 
-15.875, -74.375, 7.239470494144552e-24, nan 
-15.625, -74.375, 7.110969368723016e-24, nan 
-15.375, -74.375, 4.257979725360479e-24, nan 
-15.125, -74.375, 1.4678259770951034e-24, nan 
-14.875, -74.375, 1.3506458562084967e-24, nan 
-14.625, -74.375, 1.3192512995682828e-24, nan 
-14.375, -74.375, 1.1775864603523551e-24, nan 
-14.125, -74.375, 1.1119473632433519e-24, nan 
-13.875, -74.375, 1.1233911015221328e-24, nan 
-13.625, -74.375, 1.1278946555531138e-24, nan 
-13.375, -74.375, 9.73524805750898e-25, nan 
-13.125, -74.375, 1.0635432949262434e-24, nan 
-12.875, -74.375, 1.1122115210103638e-24, nan 
-12.625, -74.375, 1.0373738203400865e-24, nan 
-12.375, -74.375, 6.218572270803223e-25, nan 
-12.125, -74.375, 7.271012773209402e-25, nan 
-11.875, -74.375, 8.70971651821359e-25, nan 
-11.625, -74.375, 1.1272702777045105e-24, nan 
-11.375, -74.375, 8.945955294827427e-25, nan 
-11.125, -74.375, 4.999963763906254e-25, nan 
-10.875, -74.375, 6.660026696402819e-25, nan 
-10.625, -74.375, 6.501569880707918e-25, nan 
-10.375, -74.375, 3.1062227684744964e-25, nan 
-10.125, -74.375, 4.339622540201974e-25, nan 
-9.875, -74.375, 8.93757287206054e-25, nan 
-9.625, -74.375, 1.2142574237409477e-24, nan 
-9.375, -74.375, 1.21818680060335e-24, nan 
-9.125, -74.375, 1.7232198611698293e-24, nan 
-8.875, -74.375, 1.6472420990190778e-24, nan 
-8.625, -74.375, 1.3772840043473073e-24, nan 
-8.375, -74.375, 1.9334364358959513e-24, nan 
-8.125, -74.375, 2.0677947066296735e-24, nan 
-7.875, -74.375, 1.7496472794034926e-24, nan 
-7.625, -74.375, 2.427131977454979e-24, nan 
-7.375, -74.375, 2.4256861782686678e-24, nan 
-7.125, -74.375, 1.6586699841018158e-24, nan 
-6.875, -74.375, 2.0593081836659812e-24, nan 
-6.625, -74.375, 9.639649729043876e-25, nan 
-25.125, -74.125, 2.00339281888477e-24, nan 
-24.875, -74.125, 2.1052397408775606e-24, nan 
-24.625, -74.125, 6.219344505271063e-25, nan 
-24.375, -74.125, 3.1935785383986545e-25, nan 
-24.125, -74.125, 4.1034618786281144e-25, nan 
-23.875, -74.125, 1.8064641087012994e-24, nan 
-23.625, -74.125, 2.9859655057809527e-24, nan 
-23.375, -74.125, 1.1333257864525398e-24, nan 
-23.125, -74.125, 3.0271572436298788e-24, nan 
-22.875, -74.125, 4.785454631681105e-24, nan 
-22.625, -74.125, 1.273276410911407e-24, nan 
-22.375, -74.125, 2.8171272585776033e-24, nan 
-22.125, -74.125, 3.4803663818482155e-24, nan 
-21.875, -74.125, 2.533332084903386e-24, nan 
-21.625, -74.125, 2.2812731679429854e-24, nan 
-21.375, -74.125, 1.8872918587073175e-24, nan 
-21.125, -74.125, 3.0565650224321386e-24, nan 
-20.875, -74.125, 1.8068417129108873e-24, nan 
-20.625, -74.125, 1.785145628618357e-24, nan 
-20.375, -74.125, 4.00150552104016e-24, nan 
-20.125, -74.125, 3.8884806658090663e-25, nan 
-19.875, -74.125, 1.3976645322951077e-24, nan 
-19.625, -74.125, 2.4720625478789467e-24, nan 
-19.375, -74.125, 4.3279307855014275e-25, nan 
-19.125, -74.125, 1.761783366771139e-25, nan 
-18.875, -74.125, 2.394697406255133e-25, nan 
-18.625, -74.125, 4.548718483874857e-25, nan 
-18.375, -74.125, 5.481749100748831e-25, nan 
-18.125, -74.125, 7.669037805393943e-25, nan 
-17.875, -74.125, 6.993627559862176e-25, nan 
-17.625, -74.125, 8.886831358119738e-25, nan 
-17.375, -74.125, 9.789248427482322e-25, nan 
-17.125, -74.125, 1.2547603288862655e-24, nan 
-16.875, -74.125, 1.3055530173781737e-24, nan 
-16.625, -74.125, 1.3306007524511943e-24, nan 
-16.375, -74.125, 1.5926307184433297e-24, nan 
-16.125, -74.125, 1.5917982664773051e-24, nan 
-15.875, -74.125, 1.4751823975909875e-24, nan 
-15.625, -74.125, 1.348937494562736e-24, nan 
-15.375, -74.125, 1.4588525828865642e-24, nan 
-15.125, -74.125, 1.2666847940369229e-24, nan 
-14.875, -74.125, 1.1854564100268229e-24, nan 
-14.625, -74.125, 1.2077268932491523e-24, nan 
-14.375, -74.125, 9.898970775056342e-25, nan 
-14.125, -74.125, 1.0412985377019911e-24, nan 
-13.875, -74.125, 1.0817268417611259e-24, nan 
-13.625, -74.125, 9.917121081613245e-25, nan 
-13.375, -74.125, 6.307621322672195e-25, nan 
-13.125, -74.125, 6.898727320012841e-25, nan 
-12.875, -74.125, 3.62450794529361e-25, nan 
-12.625, -74.125, 4.837157257629881e-25, nan 
-12.375, -74.125, 6.4239044753171195e-25, nan 
-12.125, -74.125, 7.245629943400131e-25, nan 
-11.875, -74.125, 9.64933077638312e-25, nan 
-11.625, -74.125, 1.2162946276261638e-24, nan 
-11.375, -74.125, 7.410812753292841e-25, nan 
-11.125, -74.125, 3.78767956663283e-25, nan 
-10.875, -74.125, 4.935580060579238e-25, nan 
-10.625, -74.125, 3.1681228952986623e-25, nan 
-10.375, -74.125, 4.836726584075146e-25, nan 
-10.125, -74.125, 7.157171098289792e-25, nan 
-9.875, -74.125, 5.296041020871598e-25, nan 
-9.625, -74.125, 7.277267918757385e-25, nan 
-9.375, -74.125, 8.810798203192078e-25, nan 
-9.125, -74.125, 1.6611919459892246e-24, nan 
-8.875, -74.125, 1.7107810771394003e-24, nan 
-8.625, -74.125, 4.608099818845314e-25, nan 
-8.375, -74.125, 1.0315237825462693e-24, nan 
-8.125, -74.125, 1.3084949017044503e-24, nan 
-7.875, -74.125, 9.947301275553953e-25, nan 
-7.625, -74.125, 2.224314659585561e-24, nan 
-7.375, -74.125, 1.2681303668933706e-24, nan 
-7.125, -74.125, 1.0085597563139272e-24, nan 
-6.875, -74.125, 3.7002430146531995e-24, nan 
-6.625, -74.125, 1.0023049420918248e-24, nan 
-6.375, -74.125, 1.910164646255993e-24, nan 
-6.125, -74.125, 2.9774220970153452e-24, nan 
-5.875, -74.125, 1.788911375931509e-24, nan 
-25.125, -73.875, 2.788712974159425e-24, nan 
-24.875, -73.875, 3.8801063569431844e-24, nan 
-24.625, -73.875, 1.1852289837330251e-24, nan 
-24.375, -73.875, 1.3180689940596173e-24, nan 
-24.125, -73.875, 2.5416872225893557e-24, nan 
-23.875, -73.875, 1.2986907548555533e-24, nan 
-23.625, -73.875, 6.7912133557856e-25, nan 
-23.375, -73.875, 1.9453007959983994e-24, nan 
-23.125, -73.875, 3.159127073865337e-24, nan 
-22.875, -73.875, 3.703694578740952e-24, nan 
-22.625, -73.875, 2.646656043857877e-24, nan 
-22.375, -73.875, 4.183437057595316e-24, nan 
-22.125, -73.875, 4.258351381626139e-24, nan 
-21.875, -73.875, 3.6104153560728214e-24, nan 
-21.625, -73.875, 2.7548293365337218e-24, nan 
-21.375, -73.875, 2.7670205357229993e-24, nan 
-21.125, -73.875, 3.08383359052156e-24, nan 
-20.875, -73.875, 3.3510699272031284e-24, nan 
-20.625, -73.875, 2.1571973607954907e-24, nan 
-20.375, -73.875, 2.4708092723428822e-24, nan 
-20.125, -73.875, 2.0868594607477566e-24, nan 
-19.875, -73.875, 4.149413873986418e-25, nan 
-19.625, -73.875, 5.746691980858861e-25, nan 
-19.375, -73.875, 3.8491756917439816e-25, nan 
-19.125, -73.875, 3.8651694672030626e-25, nan 
-18.875, -73.875, 5.977421001173555e-25, nan 
-18.625, -73.875, 4.0874603459172393e-25, nan 
-18.375, -73.875, 3.9944982048491485e-25, nan 
-18.125, -73.875, 7.128236695922601e-25, nan 
-17.875, -73.875, 7.919851977574845e-25, nan 
-17.625, -73.875, 7.030071296578959e-25, nan 
-17.375, -73.875, 7.487973122992694e-25, nan 
-17.125, -73.875, 1.1934856292986138e-24, nan 
-16.875, -73.875, 1.0664955142614186e-24, nan 
-16.625, -73.875, 1.5560653157629618e-24, nan 
-16.375, -73.875, 1.632256806391375e-24, nan 
-16.125, -73.875, 1.6399695718426258e-24, nan 
-15.875, -73.875, 1.2303156064279604e-24, nan 
-15.625, -73.875, 1.1599122110062017e-24, nan 
-15.375, -73.875, 9.911817243728573e-25, nan 
-15.125, -73.875, 8.949190159096682e-25, nan 
-14.875, -73.875, 9.727892504056766e-25, nan 
-14.625, -73.875, 6.503734155107194e-25, nan 
-14.375, -73.875, 8.497190987571662e-25, nan 
-14.125, -73.875, 1.0414217040647252e-24, nan 
-13.875, -73.875, 8.914063500769707e-25, nan 
-13.625, -73.875, 6.130607615155997e-25, nan 
-13.375, -73.875, 2.456822950168456e-24, nan 
-13.125, -73.875, 2.6481089808477163e-24, nan 
-12.875, -73.875, 7.718444137527087e-25, nan 
-12.625, -73.875, 2.7639576560211067e-24, nan 
-12.375, -73.875, 1.7048372723654997e-24, nan 
-12.125, -73.875, 6.99630139934143e-25, nan 
-11.875, -73.875, 4.446377077607271e-25, nan 
-11.625, -73.875, 4.296198587052406e-25, nan 
-11.375, -73.875, 2.9147302679198692e-25, nan 
-11.125, -73.875, 1.8829455335289001e-25, nan 
-10.875, -73.875, 2.4478263445503316e-25, nan 
-10.625, -73.875, 3.7851455586159495e-25, nan 
-10.375, -73.875, 6.134087122103841e-25, nan 
-10.125, -73.875, 8.298938941188078e-25, nan 
-9.875, -73.875, 2.3754326863392626e-24, nan 
-9.625, -73.875, 2.3371020988143833e-24, nan 
-9.375, -73.875, 8.711460923936296e-25, nan 
-9.125, -73.875, 3.768039149107115e-24, nan 
-8.875, -73.875, 4.867948162759953e-24, nan 
-8.625, -73.875, 1.754283889674636e-24, nan 
-8.375, -73.875, 2.7324033190859714e-24, nan 
-8.125, -73.875, 3.2043424218918262e-24, nan 
-7.875, -73.875, 1.6081507779846294e-24, nan 
-7.625, -73.875, 2.3457038830508725e-24, nan 
-7.375, -73.875, 1.2985907067696909e-24, nan 
-7.125, -73.875, 2.091432887290037e-24, nan 
-6.875, -73.875, 2.5542387386462646e-24, nan 
-6.625, -73.875, 1.6112009663375289e-24, nan 
-6.375, -73.875, 3.622203563295693e-24, nan 
-6.125, -73.875, 1.2985647793780566e-24, nan 
-5.875, -73.875, 4.5594056349922655e-24, nan 
-5.625, -73.875, 6.875016839722584e-24, nan 
-5.375, -73.875, 4.6971291459424395e-24, nan 
-24.875, -73.625, 1.544914410362156e-24, nan 
-24.625, -73.625, 5.183090494921932e-25, nan 
-24.375, -73.625, 9.750937708389147e-25, nan 
-24.125, -73.625, 1.322635771321467e-24, nan 
-23.875, -73.625, 1.173462875302462e-24, nan 
-23.625, -73.625, 1.1954741852501474e-24, nan 
-23.375, -73.625, 8.998573015620689e-25, nan 
-23.125, -73.625, 9.486460093035389e-25, nan 
-22.875, -73.625, 1.2538855265062057e-24, nan 
-22.625, -73.625, 1.4240275760259536e-24, nan 
-22.375, -73.625, 2.24677388420886e-24, nan 
-22.125, -73.625, 2.185741712091836e-24, nan 
-21.875, -73.625, 2.3118841958995744e-24, nan 
-21.625, -73.625, 2.2157727715318034e-24, nan 
-21.375, -73.625, 1.934997389983722e-24, nan 
-21.125, -73.625, 1.7960325206917244e-24, nan 
-20.875, -73.625, 2.0574779810044885e-24, nan 
-20.625, -73.625, 5.826029097003771e-25, nan 
-20.375, -73.625, 4.514937190853165e-25, nan 
-20.125, -73.625, 6.167235717245399e-25, nan 
-19.875, -73.625, 8.172931145893892e-25, nan 
-19.625, -73.625, 5.985869198207646e-25, nan 
-19.375, -73.625, 4.300911649787644e-25, nan 
-19.125, -73.625, 4.334415983043464e-25, nan 
-18.875, -73.625, 3.836266544743126e-25, nan 
-18.625, -73.625, 8.646843416376568e-26, nan 
-18.375, -73.625, 1.585184674988894e-25, nan 
-18.125, -73.625, 4.446553230638408e-25, nan 
-17.875, -73.625, 4.168712112800954e-25, nan 
-17.625, -73.625, 5.926953842883089e-25, nan 
-17.375, -73.625, 1.828552287526446e-24, nan 
-17.125, -73.625, 1.7058508036244453e-24, nan 
-16.875, -73.625, 2.0144550104296123e-24, nan 
-16.625, -73.625, 1.8103967558804e-24, nan 
-16.375, -73.625, 1.269167874607488e-24, nan 
-16.125, -73.625, 2.3567241311241154e-24, nan 
-15.875, -73.625, 2.7228310642654405e-24, nan 
-15.625, -73.625, 7.428851113555292e-25, nan 
-15.375, -73.625, 8.806813754173799e-25, nan 
-15.125, -73.625, 1.0000209791765902e-24, nan 
-14.875, -73.625, 9.62739051315999e-25, nan 
-14.625, -73.625, 1.0312997433035974e-24, nan 
-14.375, -73.625, 1.0573364352348298e-24, nan 
-14.125, -73.625, 3.0534307321275453e-24, nan 
-13.875, -73.625, 3.08074703196845e-24, nan 
-13.625, -73.625, 2.1190614437865425e-24, nan 
-13.375, -73.625, 3.837390955328112e-24, nan 
-13.125, -73.625, 4.216976735724004e-24, nan 
-12.875, -73.625, 2.3130423154388442e-24, nan 
-12.625, -73.625, 4.4338142911705264e-24, nan 
-12.375, -73.625, 3.33300468383165e-24, nan 
-12.125, -73.625, 1.2732283812271239e-24, nan 
-11.875, -73.625, 3.450874283117761e-24, nan 
-11.625, -73.625, 2.3778023653439364e-24, nan 
-11.375, -73.625, 9.661872939776512e-25, nan 
-11.125, -73.625, 3.170223159967592e-25, nan 
-10.875, -73.625, 2.726268789034801e-25, nan 
-10.625, -73.625, 3.492118388404846e-25, nan 
-10.375, -73.625, 1.3555435235150038e-24, nan 
-10.125, -73.625, 1.0640096468996998e-24, nan 
-9.875, -73.625, 7.17696126319131e-25, nan 
-9.625, -73.625, 2.0693143536354994e-24, nan 
-9.375, -73.625, 1.82336142596075e-24, nan 
-9.125, -73.625, 2.4446759560516126e-24, nan 
-8.875, -73.625, 3.2237770141067275e-24, nan 
-8.625, -73.625, 2.5673441201697954e-24, nan 
-8.375, -73.625, 3.826890916381675e-24, nan 
-8.125, -73.625, 3.277767055153903e-24, nan 
-7.875, -73.625, 2.7980000248634994e-24, nan 
-7.625, -73.625, 3.199705842811369e-24, nan 
-7.375, -73.625, 1.0060244282754386e-24, nan 
-7.125, -73.625, 7.501466413138134e-25, nan 
-6.875, -73.625, 3.037935009489155e-24, nan 
-6.625, -73.625, 3.789947574253537e-24, nan 
-6.375, -73.625, 3.771303006500532e-24, nan 
-6.125, -73.625, 3.790883311712704e-24, nan 
-5.875, -73.625, 5.745197472803166e-24, nan 
-5.625, -73.625, 5.857355574864962e-24, nan 
-5.375, -73.625, 1.934404133829269e-24, nan 
-5.125, -73.625, 3.4288012036773986e-24, nan 
-4.875, -73.625, 5.747172693887345e-24, nan 
-24.875, -73.375, 1.417489543382975e-24, nan 
-24.625, -73.375, 1.362283847908452e-24, nan 
-24.375, -73.375, 1.0708164343089743e-24, nan 
-24.125, -73.375, 1.8041118831240743e-24, nan 
-23.875, -73.375, 1.3085378332891029e-24, nan 
-23.625, -73.375, 1.6866663653130488e-24, nan 
-23.375, -73.375, 2.1448452117761846e-24, nan 
-23.125, -73.375, 2.0369093625531927e-24, nan 
-22.875, -73.375, 2.020323196330983e-24, nan 
-22.625, -73.375, 1.6938131661346552e-24, nan 
-22.375, -73.375, 2.598736878942528e-24, nan 
-22.125, -73.375, 2.393615572925927e-24, nan 
-21.875, -73.375, 1.8586887727384117e-24, nan 
-21.625, -73.375, 1.230549979470267e-24, nan 
-21.375, -73.375, 1.2634328228514464e-24, nan 
-21.125, -73.375, 1.5107518223246333e-24, nan 
-20.875, -73.375, 1.296352144712921e-24, nan 
-20.625, -73.375, 1.3255331648298276e-24, nan 
-20.375, -73.375, 1.197332718310658e-24, nan 
-20.125, -73.375, 1.9718029134942776e-24, nan 
-19.875, -73.375, 2.2079985915406377e-24, nan 
-19.625, -73.375, 1.4126961750017982e-24, nan 
-19.375, -73.375, 1.334970531329866e-24, nan 
-19.125, -73.375, 1.248312192780788e-24, nan 
-18.875, -73.375, 1.0193195221528072e-24, nan 
-18.625, -73.375, 5.549069390100775e-25, nan 
-18.375, -73.375, 7.26336524924844e-25, nan 
-18.125, -73.375, 1.0991829689956737e-24, nan 
-17.875, -73.375, 1.3911522512849454e-24, nan 
-17.625, -73.375, 1.8459530150158916e-24, nan 
-17.375, -73.375, 1.5598244265072305e-24, nan 
-17.125, -73.375, 2.9285587993428528e-24, nan 
-16.875, -73.375, 4.712693055179858e-24, nan 
-16.625, -73.375, 4.609643137690248e-24, nan 
-16.375, -73.375, 5.208765962723631e-24, nan 
-16.125, -73.375, 7.023840407780165e-24, nan 
-15.875, -73.375, 7.182440008111048e-24, nan 
-15.625, -73.375, 7.185718764806905e-24, nan 
-15.375, -73.375, 3.716207770089974e-24, nan 
-15.125, -73.375, 3.9100549787485145e-24, nan 
-14.875, -73.375, 1.4856555634498e-24, nan 
-14.625, -73.375, 2.0286556712896683e-24, nan 
-14.375, -73.375, 3.431012906537677e-24, nan 
-14.125, -73.375, 3.0698705990987437e-24, nan 
-13.875, -73.375, 3.0283679823368442e-24, nan 
-13.625, -73.375, 4.591131026357968e-24, nan 
-13.375, -73.375, 3.708247066736396e-24, nan 
-13.125, -73.375, 4.256127111791225e-24, nan 
-12.875, -73.375, 5.098208106284039e-24, nan 
-12.625, -73.375, 4.264193912991933e-24, nan 
-12.375, -73.375, 2.7726911954432067e-24, nan 
-12.125, -73.375, 3.4230584466635506e-24, nan 
-11.875, -73.375, 3.373366583473954e-24, nan 
-11.625, -73.375, 1.0028417300651178e-24, nan 
-11.375, -73.375, 4.850396802132079e-25, nan 
-11.125, -73.375, 6.966152778762541e-25, nan 
-10.875, -73.375, 6.90196037635669e-25, nan 
-10.625, -73.375, 1.9622664084744378e-24, nan 
-10.375, -73.375, 2.6284048310457708e-24, nan 
-10.125, -73.375, 2.7883293701499896e-24, nan 
-9.875, -73.375, 2.066618342503766e-24, nan 
-9.625, -73.375, 8.133420746811378e-25, nan 
-9.375, -73.375, 1.431329880877133e-24, nan 
-9.125, -73.375, 2.4226907444971565e-24, nan 
-8.875, -73.375, 2.761079738683439e-24, nan 
-8.625, -73.375, 2.2894832865216167e-24, nan 
-8.375, -73.375, 3.186856793483262e-24, nan 
-8.125, -73.375, 5.0612441334116726e-24, nan 
-7.875, -73.375, 4.658933591387113e-24, nan 
-7.625, -73.375, 4.178244620122905e-24, nan 
-7.375, -73.375, 4.058966629947195e-24, nan 
-7.125, -73.375, 4.736902886555095e-24, nan 
-6.875, -73.375, 3.521504590587277e-24, nan 
-6.625, -73.375, 1.8824382904844907e-24, nan 
-6.375, -73.375, 6.506760980655202e-25, nan 
-6.125, -73.375, 2.1595850073403476e-24, nan 
-5.875, -73.375, 2.8833486206476414e-24, nan 
-5.625, -73.375, 2.7170097156114358e-24, nan 
-5.375, -73.375, 9.795084436794357e-25, nan 
-5.125, -73.375, 1.6431878297894562e-24, nan 
-4.875, -73.375, 7.145075358493019e-25, nan 
-4.625, -73.375, 6.907866646442277e-25, nan 
-4.375, -73.375, 4.482383639682426e-25, nan 
-24.625, -73.125, 1.7463457228618873e-24, nan 
-24.375, -73.125, 1.5606293371417575e-24, nan 
-24.125, -73.125, 1.1988640278071409e-24, nan 
-23.875, -73.125, 1.0499246661860743e-24, nan 
-23.625, -73.125, 1.655764669794622e-24, nan 
-23.375, -73.125, 1.9767055016706265e-24, nan 
-23.125, -73.125, 1.5598943708232288e-24, nan 
-22.875, -73.125, 1.931103817069738e-24, nan 
-22.625, -73.125, 1.8616299329301875e-24, nan 
-22.375, -73.125, 2.822352170256807e-24, nan 
-22.125, -73.125, 3.447891772938806e-24, nan 
-21.875, -73.125, 3.1447896345835723e-24, nan 
-21.625, -73.125, 2.4939649894600293e-24, nan 
-21.375, -73.125, 3.2319358559264638e-24, nan 
-21.125, -73.125, 2.948722154166867e-24, nan 
-20.875, -73.125, 1.6331890988040245e-24, nan 
-20.625, -73.125, 1.566065782005901e-24, nan 
-20.375, -73.125, 1.350235516603421e-24, nan 
-20.125, -73.125, 1.6137413410715526e-24, nan 
-19.875, -73.125, 2.039065860290618e-24, nan 
-19.625, -73.125, 1.6121998297053613e-24, nan 
-19.375, -73.125, 1.4155374668455494e-24, nan 
-19.125, -73.125, 1.3328578819743145e-24, nan 
-18.875, -73.125, 1.1614811810836586e-24, nan 
-18.625, -73.125, 8.298285150162786e-25, nan 
-18.375, -73.125, 9.105146341907749e-25, nan 
-18.125, -73.125, 5.914579710592015e-25, nan 
-17.875, -73.125, 9.219999661928135e-25, nan 
-17.625, -73.125, 1.2266405445576198e-24, nan 
-17.375, -73.125, 2.2447109692263023e-24, nan 
-17.125, -73.125, 6.921484490771412e-24, nan 
-16.875, -73.125, 8.903092957447963e-24, nan 
-16.625, -73.125, 6.962529833397113e-24, nan 
-16.375, -73.125, 1.0274127206388593e-23, nan 
-16.125, -73.125, 1.363607242129934e-23, nan 
-15.875, -73.125, 1.3491461168866192e-23, nan 
-15.625, -73.125, 1.289499779008739e-23, nan 
-15.375, -73.125, 6.963887378964763e-24, nan 
-15.125, -73.125, 9.028851215630378e-24, nan 
-14.875, -73.125, 8.30474675040701e-24, nan 
-14.625, -73.125, 2.398529301790876e-24, nan 
-14.375, -73.125, 1.6039946846688249e-24, nan 
-14.125, -73.125, 1.4578901143964248e-24, nan 
-13.875, -73.125, 1.541887426445361e-24, nan 
-13.625, -73.125, 2.5028301080400626e-24, nan 
-13.375, -73.125, 2.560765196538108e-24, nan 
-13.125, -73.125, 2.9153624067188656e-24, nan 
-12.875, -73.125, 3.1794012222111882e-24, nan 
-12.625, -73.125, 2.7267368785441294e-24, nan 
-12.375, -73.125, 7.392227387216346e-25, nan 
-12.125, -73.125, 5.074960758099572e-25, nan 
-11.875, -73.125, 5.059083432634653e-25, nan 
-11.625, -73.125, 5.728129752136083e-25, nan 
-11.375, -73.125, 1.8317771176492716e-24, nan 
-11.125, -73.125, 2.3640968868395997e-24, nan 
-10.875, -73.125, 2.101659726411053e-24, nan 
-10.625, -73.125, 2.832950249296346e-24, nan 
-10.375, -73.125, 4.3378484281793595e-24, nan 
-10.125, -73.125, 4.198694344743865e-24, nan 
-9.875, -73.125, 2.855821026394573e-24, nan 
-9.625, -73.125, 2.718478215509986e-24, nan 
-9.375, -73.125, 2.4536289708646483e-24, nan 
-9.125, -73.125, 2.8494532742660903e-24, nan 
-8.875, -73.125, 2.9960793855051065e-24, nan 
-8.625, -73.125, 3.3282031354231076e-24, nan 
-8.375, -73.125, 2.1391711917959006e-24, nan 
-8.125, -73.125, 2.7372703080710686e-24, nan 
-7.875, -73.125, 3.628875419371006e-24, nan 
-7.625, -73.125, 4.8270980053636016e-24, nan 
-7.375, -73.125, 4.2001178920282535e-24, nan 
-7.125, -73.125, 5.6838150895435706e-24, nan 
-6.875, -73.125, 6.809514289159685e-24, nan 
-6.625, -73.125, 5.2787821195250895e-24, nan 
-6.375, -73.125, 6.82868917487864e-24, nan 
-6.125, -73.125, 6.1988052908910406e-24, nan 
-5.875, -73.125, 6.4939862485858444e-24, nan 
-5.625, -73.125, 5.412821521014946e-24, nan 
-5.375, -73.125, 5.153559209428577e-24, nan 
-5.125, -73.125, 5.168471457784615e-24, nan 
-4.875, -73.125, 5.161284234479696e-24, nan 
-4.625, -73.125, 1.1969859430470074e-24, nan 
-4.375, -73.125, 1.072324202444158e-24, nan 
-4.125, -73.125, 1.142212864446096e-24, nan 
-3.875, -73.125, 1.428017864304241e-24, nan 
-24.625, -72.875, 1.674868557776365e-24, nan 
-24.375, -72.875, 1.5100856214814897e-24, nan 
-24.125, -72.875, 1.5741136340255831e-24, nan 
-23.875, -72.875, 1.314486623603352e-24, nan 
-23.625, -72.875, 1.2150649137951272e-24, nan 
-23.375, -72.875, 1.3053147296797668e-24, nan 
-23.125, -72.875, 3.9675623071431053e-25, nan 
-22.875, -72.875, 7.696931247310013e-25, nan 
-22.625, -72.875, 8.985157856211505e-25, nan 
-22.375, -72.875, 5.955128606587567e-25, nan 
-22.125, -72.875, 1.1313744948691939e-24, nan 
-21.875, -72.875, 3.6342451734971835e-24, nan 
-21.625, -72.875, 3.970885721374591e-24, nan 
-21.375, -72.875, 3.82730003784778e-24, nan 
-21.125, -72.875, 3.7590215838335594e-24, nan 
-20.875, -72.875, 3.958294432919955e-24, nan 
-20.625, -72.875, 4.068040451203322e-24, nan 
-20.375, -72.875, 2.0158451354959694e-24, nan 
-20.125, -72.875, 1.100077952851351e-24, nan 
-19.875, -72.875, 1.0930811402273154e-24, nan 
-19.625, -72.875, 1.0989728854311629e-24, nan 
-19.375, -72.875, 1.2299471607005935e-24, nan 
-19.125, -72.875, 1.6424706069994658e-24, nan 
-18.875, -72.875, 2.2907038465477652e-24, nan 
-18.625, -72.875, 1.6569892069641093e-24, nan 
-18.375, -72.875, 1.1452663012615733e-24, nan 
-18.125, -72.875, 4.629218943169694e-25, nan 
-17.875, -72.875, 4.143169978985407e-25, nan 
-17.625, -72.875, 6.79981674954329e-25, nan 
-17.375, -72.875, 5.572919052195002e-25, nan 
-17.125, -72.875, 7.336512380706646e-25, nan 
-16.875, -72.875, 1.2229656476509398e-24, nan 
-16.625, -72.875, 2.223925954494058e-24, nan 
-16.375, -72.875, 6.148930694749985e-24, nan 
-16.125, -72.875, 7.107851964570721e-24, nan 
-15.875, -72.875, 7.660178153153068e-24, nan 
-15.625, -72.875, 7.33708417893347e-24, nan 
-15.375, -72.875, 1.9331895745898283e-24, nan 
-15.125, -72.875, 1.3697702449407401e-24, nan 
-14.875, -72.875, 1.2378798929755121e-24, nan 
-14.625, -72.875, 1.2397761639809685e-24, nan 
-14.375, -72.875, 9.31797616984464e-25, nan 
-14.125, -72.875, 5.87760640208057e-25, nan 
-13.875, -72.875, 4.0185840384012517e-25, nan 
-13.625, -72.875, 5.033488169346089e-25, nan 
-13.375, -72.875, 6.525058967558605e-25, nan 
-13.125, -72.875, 6.529087738456931e-25, nan 
-12.875, -72.875, 1.654393728691924e-24, nan 
-12.625, -72.875, 2.0639243678972048e-24, nan 
-12.375, -72.875, 3.9000711770676813e-25, nan 
-12.125, -72.875, 9.88789495224502e-25, nan 
-11.875, -72.875, 1.6515659899111187e-24, nan 
-11.625, -72.875, 1.5416127842579348e-24, nan 
-11.375, -72.875, 1.5141558272369151e-24, nan 
-11.125, -72.875, 8.147109637332273e-25, nan 
-10.875, -72.875, 3.245816214701127e-25, nan 
-10.625, -72.875, 1.4276810812151132e-24, nan 
-10.375, -72.875, 1.888464582737927e-24, nan 
-10.125, -72.875, 1.863385190542955e-24, nan 
-9.875, -72.875, 2.1862612264413815e-24, nan 
-9.625, -72.875, 1.2906753366629574e-24, nan 
-9.375, -72.875, 7.439603810409873e-25, nan 
-9.125, -72.875, 3.476817058559199e-24, nan 
-8.875, -72.875, 3.1665879963292234e-24, nan 
-8.625, -72.875, 6.135693143006712e-24, nan 
-8.375, -72.875, 4.47364302485959e-24, nan 
-8.125, -72.875, 4.119316906828854e-24, nan 
-7.875, -72.875, 6.024903045288803e-24, nan 
-7.625, -72.875, 4.021905990289526e-24, nan 
-7.375, -72.875, 3.59657274568399e-24, nan 
-7.125, -72.875, 2.5083824806551233e-24, nan 
-6.875, -72.875, 5.7021530435966404e-24, nan 
-6.625, -72.875, 4.699195588705651e-24, nan 
-6.375, -72.875, 6.044386773149577e-24, nan 
-6.125, -72.875, 6.46405644302752e-24, nan 
-5.875, -72.875, 6.5652730046519655e-24, nan 
-5.625, -72.875, 5.5683966900155276e-24, nan 
-5.375, -72.875, 7.573805551783858e-24, nan 
-5.125, -72.875, 7.835043648792092e-24, nan 
-4.875, -72.875, 7.864784777605135e-24, nan 
-4.625, -72.875, 7.519378739732162e-24, nan 
-4.375, -72.875, 9.12788400412615e-24, nan 
-4.125, -72.875, 6.476682589161868e-24, nan 
-3.875, -72.875, 1.1321189147563597e-24, nan 
-3.625, -72.875, 7.575098020290866e-24, nan 
-3.375, -72.875, 5.292249406994499e-24, nan 
-24.375, -72.625, 1.1193266358850207e-24, nan 
-24.125, -72.625, 9.40316279155822e-25, nan 
-23.875, -72.625, 8.915371327513486e-25, nan 
-23.625, -72.625, 1.1421627126344878e-24, nan 
-23.375, -72.625, 1.0046202763510174e-24, nan 
-23.125, -72.625, 9.492711052543652e-25, nan 
-22.875, -72.625, 8.105546202636255e-25, nan 
-22.625, -72.625, 7.556607466438433e-25, nan 
-22.375, -72.625, 8.512166442274118e-25, nan 
-22.125, -72.625, 9.774520083442758e-25, nan 
-21.875, -72.625, 1.6190122481323907e-24, nan 
-21.625, -72.625, 4.56381739174099e-24, nan 
-21.375, -72.625, 5.3646113380518404e-24, nan 
-21.125, -72.625, 4.888993830234824e-24, nan 
-20.875, -72.625, 4.8130223177537074e-24, nan 
-20.625, -72.625, 5.978215716380246e-24, nan 
-20.375, -72.625, 4.520526764677074e-24, nan 
-20.125, -72.625, 1.2109119242705694e-24, nan 
-19.875, -72.625, 2.4635373952287125e-24, nan 
-19.625, -72.625, 2.1918948783904966e-24, nan 
-19.375, -72.625, 1.5820592028012817e-24, nan 
-19.125, -72.625, 2.0100529858117623e-24, nan 
-18.875, -72.625, 3.268204237443571e-24, nan 
-18.625, -72.625, 2.090917147061886e-24, nan 
-18.375, -72.625, 1.8175887726608902e-24, nan 
-18.125, -72.625, 2.428738530627321e-24, nan 
-17.875, -72.625, 1.5446870716947562e-24, nan 
-17.625, -72.625, 1.1531770467552226e-24, nan 
-17.375, -72.625, 6.759636817863985e-25, nan 
-17.125, -72.625, 7.332245304077432e-25, nan 
-16.875, -72.625, 1.2562848109660816e-24, nan 
-16.625, -72.625, 8.881421113674866e-25, nan 
-16.375, -72.625, 8.566153199473906e-25, nan 
-16.125, -72.625, 6.483843417693028e-25, nan 
-15.875, -72.625, 9.20403023266931e-25, nan 
-15.625, -72.625, 8.079885053794751e-25, nan 
-15.375, -72.625, 7.792494960146785e-25, nan 
-15.125, -72.625, 7.657493861218265e-25, nan 
-14.875, -72.625, 5.166151873850481e-25, nan 
-14.625, -72.625, 4.904458447671788e-25, nan 
-14.375, -72.625, 4.295407669614693e-25, nan 
-14.125, -72.625, 8.5949165588928e-25, nan 
-13.875, -72.625, 5.2211105420529345e-25, nan 
-13.625, -72.625, 1.6436844371756841e-24, nan 
-13.375, -72.625, 1.8475986746635107e-24, nan 
-13.125, -72.625, 8.443338175929842e-25, nan 
-12.875, -72.625, 2.7794580016844837e-24, nan 
-12.625, -72.625, 3.019641636350482e-24, nan 
-12.375, -72.625, 1.8003576524663594e-24, nan 
-12.125, -72.625, 1.4052813636120097e-24, nan 
-11.875, -72.625, 2.2679808437681085e-24, nan 
-11.625, -72.625, 3.1404192247311958e-24, nan 
-11.375, -72.625, 2.5880500955065454e-24, nan 
-11.125, -72.625, 1.9151141357878808e-24, nan 
-10.875, -72.625, 1.8613623066434917e-24, nan 
-10.625, -72.625, 1.7392347083036356e-24, nan 
-10.375, -72.625, 1.0647643671382226e-24, nan 
-10.125, -72.625, 6.25107652641715e-25, nan 
-9.875, -72.625, 1.5929489627145913e-24, nan 
-9.625, -72.625, 1.7905656184657053e-24, nan 
-9.375, -72.625, 2.4772954750585053e-24, nan 
-9.125, -72.625, 3.946714233195322e-24, nan 
-8.875, -72.625, 5.889295183809322e-24, nan 
-8.625, -72.625, 5.5770233011495936e-24, nan 
-8.375, -72.625, 4.048780422045651e-24, nan 
-8.125, -72.625, 4.7772463937399155e-24, nan 
-7.875, -72.625, 3.950445914508252e-24, nan 
-7.625, -72.625, 2.956618157696428e-24, nan 
-7.375, -72.625, 4.647792151099052e-25, nan 
-7.125, -72.625, 4.475518822152592e-25, nan 
-6.875, -72.625, 6.1216687878648765e-25, nan 
-6.625, -72.625, 5.889920824398909e-25, nan 
-6.375, -72.625, 5.158614778585409e-25, nan 
-6.125, -72.625, 7.254574659341896e-25, nan 
-5.875, -72.625, 8.166359244651259e-25, nan 
-5.625, -72.625, 2.581528986495179e-25, nan 
-5.375, -72.625, 3.4913273391038595e-25, nan 
-5.125, -72.625, 2.9179311241306713e-25, nan 
-4.875, -72.625, 5.602655828570107e-24, nan 
-4.625, -72.625, 8.091498235747328e-24, nan 
-4.375, -72.625, 8.244162643323567e-24, nan 
-4.125, -72.625, 8.868694242732487e-24, nan 
-3.875, -72.625, 1.0699734221604051e-23, nan 
-3.625, -72.625, 9.865541447855075e-24, nan 
-3.375, -72.625, 7.514813758389181e-24, nan 
-3.125, -72.625, 1.1068728316765941e-23, nan 
-24.125, -72.375, 1.842015881568243e-24, nan 
-23.875, -72.375, 1.759102753645678e-24, nan 
-23.625, -72.375, 1.1241678761247986e-24, nan 
-23.375, -72.375, 1.0235641017033924e-24, nan 
-23.125, -72.375, 1.1476139011834716e-24, nan 
-22.875, -72.375, 8.791363012871823e-25, nan 
-22.625, -72.375, 8.40389519783083e-25, nan 
-22.375, -72.375, 1.5758288626571152e-24, nan 
-22.125, -72.375, 2.5919557474454605e-24, nan 
-21.875, -72.375, 5.4493538751114954e-24, nan 
-21.625, -72.375, 6.845074306075597e-24, nan 
-21.375, -72.375, 6.459009642682727e-24, nan 
-21.125, -72.375, 4.5199274757771115e-24, nan 
-20.875, -72.375, 5.592812271682263e-24, nan 
-20.625, -72.375, 4.8899505203810715e-24, nan 
-20.375, -72.375, 1.6513851972312761e-24, nan 
-20.125, -72.375, 2.609972491731437e-24, nan 
-19.875, -72.375, 2.303536011408379e-24, nan 
-19.625, -72.375, 1.815839133642639e-24, nan 
-19.375, -72.375, 1.9848126431294924e-24, nan 
-19.125, -72.375, 1.4895418779112696e-24, nan 
-18.875, -72.375, 1.7342285973685793e-24, nan 
-18.625, -72.375, 2.1778394119483907e-24, nan 
-18.375, -72.375, 2.114872576011794e-24, nan 
-18.125, -72.375, 2.3290225455384964e-24, nan 
-17.875, -72.375, 1.983331790494028e-24, nan 
-17.625, -72.375, 1.7804118153456482e-24, nan 
-17.375, -72.375, 1.5198061405533344e-24, nan 
-17.125, -72.375, 8.136988506857172e-25, nan 
-16.875, -72.375, 7.472561825703005e-25, nan 
-16.625, -72.375, 4.589145713796019e-25, nan 
-16.375, -72.375, 3.071958790425734e-25, nan 
-16.125, -72.375, 3.4212432080971053e-25, nan 
-15.875, -72.375, 3.8642464559101134e-25, nan 
-15.625, -72.375, 3.3813432162530795e-25, nan 
-15.375, -72.375, 2.3936113897858606e-25, nan 
-15.125, -72.375, 2.6678700310176063e-25, nan 
-14.875, -72.375, 2.375041280020193e-25, nan 
-14.625, -72.375, 2.6278510177408563e-25, nan 
-14.375, -72.375, 3.249169476199422e-25, nan 
-14.125, -72.375, 3.421398670559251e-25, nan 
-13.875, -72.375, 3.2396270504805996e-25, nan 
-13.625, -72.375, 3.232053581753077e-25, nan 
-13.375, -72.375, 7.626394989560696e-25, nan 
-13.125, -72.375, 4.554906817027254e-25, nan 
-12.875, -72.375, 2.2418497279551814e-24, nan 
-12.625, -72.375, 2.8177900280756692e-24, nan 
-12.375, -72.375, 3.0126055020532877e-24, nan 
-12.125, -72.375, 2.8693753120576976e-24, nan 
-11.875, -72.375, 2.1543274523043033e-24, nan 
-11.625, -72.375, 4.128939735836845e-24, nan 
-11.375, -72.375, 3.726589573596253e-24, nan 
-11.125, -72.375, 2.4429956303560478e-24, nan 
-10.875, -72.375, 3.3679347324894125e-24, nan 
-10.625, -72.375, 3.1896197827009105e-24, nan 
-10.375, -72.375, 1.7535014874049476e-24, nan 
-10.125, -72.375, 2.5170915806995066e-24, nan 
-9.875, -72.375, 4.6981392201428104e-24, nan 
-9.625, -72.375, 4.9032594474912734e-24, nan 
-9.375, -72.375, 4.7109057786863114e-24, nan 
-9.125, -72.375, 6.750678273157539e-24, nan 
-8.875, -72.375, 6.2553202182310955e-24, nan 
-8.625, -72.375, 4.6030152480895615e-24, nan 
-8.375, -72.375, 2.4209745456200496e-24, nan 
-8.125, -72.375, 4.268910449964547e-25, nan 
-7.875, -72.375, 6.09188230572965e-25, nan 
-7.625, -72.375, 6.632246505553068e-25, nan 
-7.375, -72.375, 5.430840802145859e-25, nan 
-7.125, -72.375, 3.627230292613444e-25, nan 
-6.875, -72.375, 5.114317537417267e-25, nan 
-6.625, -72.375, 5.072758081530325e-25, nan 
-6.375, -72.375, 2.677769953388438e-25, nan 
-6.125, -72.375, 2.2055962567537546e-25, nan 
-5.875, -72.375, 4.11604333570698e-25, nan 
-5.625, -72.375, 6.034267760519367e-25, nan 
-5.375, -72.375, 2.059893068979668e-24, nan 
-5.125, -72.375, 6.747809508397372e-24, nan 
-4.875, -72.375, 6.396366252082103e-24, nan 
-4.625, -72.375, 6.0827450494419056e-24, nan 
-4.375, -72.375, 7.734477211159114e-24, nan 
-4.125, -72.375, 9.119059129126471e-24, nan 
-3.875, -72.375, 8.653474865538277e-24, nan 
-3.625, -72.375, 5.765784674268737e-24, nan 
-3.375, -72.375, 7.378031784100326e-24, nan 
-3.125, -72.375, 8.05172563571886e-24, nan 
-2.875, -72.375, 7.489813028581405e-24, nan 
-2.625, -72.375, 7.904356144048704e-24, nan 
-24.125, -72.125, 2.345266591162487e-24, nan 
-23.875, -72.125, 1.78413410418593e-24, nan 
-23.625, -72.125, 1.485799344099505e-24, nan 
-23.375, -72.125, 2.5744162493656832e-24, nan 
-23.125, -72.125, 3.466795191105891e-24, nan 
-22.875, -72.125, 2.866387249794393e-24, nan 
-22.625, -72.125, 6.922232330945756e-24, nan 
-22.375, -72.125, 6.841803033718656e-24, nan 
-22.125, -72.125, 6.3538546044629415e-24, nan 
-21.875, -72.125, 6.495130425501561e-24, nan 
-21.625, -72.125, 6.899790358595945e-24, nan 
-21.375, -72.125, 6.511247776172602e-24, nan 
-21.125, -72.125, 1.9828291346822252e-24, nan 
-20.875, -72.125, 9.410108411291714e-25, nan 
-20.625, -72.125, 1.6012038546548759e-24, nan 
-20.375, -72.125, 1.2100321450886743e-24, nan 
-20.125, -72.125, 1.2257591917135074e-24, nan 
-19.875, -72.125, 1.2289676104453449e-24, nan 
-19.625, -72.125, 7.638710488797049e-25, nan 
-19.375, -72.125, 6.824437110888139e-25, nan 
-19.125, -72.125, 1.5868246703162678e-24, nan 
-18.875, -72.125, 1.8407165468081164e-24, nan 
-18.625, -72.125, 2.3415577585824438e-24, nan 
-18.375, -72.125, 2.4878891660368453e-24, nan 
-18.125, -72.125, 2.5397130622199045e-24, nan 
-17.875, -72.125, 2.58097130348083e-24, nan 
-17.625, -72.125, 2.3057633780682895e-24, nan 
-17.375, -72.125, 2.2801516585652374e-24, nan 
-17.125, -72.125, 1.8328819247975923e-24, nan 
-16.875, -72.125, 1.5216940170341795e-24, nan 
-16.625, -72.125, 1.0411490981070569e-24, nan 
-16.375, -72.125, 4.807980476232274e-25, nan 
-16.125, -72.125, 3.908804733687766e-25, nan 
-15.875, -72.125, 5.241699915165888e-25, nan 
-15.625, -72.125, 3.24845330788079e-25, nan 
-15.375, -72.125, 2.2429434890182805e-25, nan 
-15.125, -72.125, 4.158505190503781e-25, nan 
-14.875, -72.125, 3.5697873453379934e-25, nan 
-14.625, -72.125, 3.2724985545684807e-25, nan 
-14.375, -72.125, 3.764583077787554e-25, nan 
-14.125, -72.125, 3.8076371574555435e-25, nan 
-13.875, -72.125, 2.884915767605991e-25, nan 
-13.625, -72.125, 2.21596908707917e-25, nan 
-13.375, -72.125, 1.3858107916364407e-24, nan 
-13.125, -72.125, 9.443217375575101e-25, nan 
-12.875, -72.125, 4.7131141355529085e-24, nan 
-12.625, -72.125, 3.3469181619876295e-24, nan 
-12.375, -72.125, 4.26234345704119e-24, nan 
-12.125, -72.125, 3.87251450932097e-24, nan 
-11.875, -72.125, 1.9684289021890936e-24, nan 
-11.625, -72.125, 3.0781675578940505e-24, nan 
-11.375, -72.125, 3.46333158907239e-24, nan 
-11.125, -72.125, 3.3304501131172314e-24, nan 
-10.875, -72.125, 3.315434750514717e-24, nan 
-10.625, -72.125, 3.909484060916908e-24, nan 
-10.375, -72.125, 3.1689481136944275e-24, nan 
-10.125, -72.125, 3.79599088188266e-24, nan 
-9.875, -72.125, 1.303376425052381e-24, nan 
-9.625, -72.125, 4.142929904652731e-24, nan 
-9.375, -72.125, 5.223965491479622e-24, nan 
-9.125, -72.125, 7.112502063688973e-24, nan 
-8.875, -72.125, 4.710610139684919e-24, nan 
-8.625, -72.125, 4.591150271761538e-24, nan 
-8.375, -72.125, 5.2610366514556796e-24, nan 
-8.125, -72.125, 2.609661791644879e-24, nan 
-7.875, -72.125, 2.481529624576494e-24, nan 
-7.625, -72.125, 2.7990748970977393e-24, nan 
-7.375, -72.125, 2.163722145495256e-24, nan 
-7.125, -72.125, 1.1340240684888836e-24, nan 
-6.875, -72.125, 9.607877687498807e-25, nan 
-6.625, -72.125, 1.1682678125985534e-24, nan 
-6.375, -72.125, 1.0796121724416793e-24, nan 
-6.125, -72.125, 5.216324923782168e-24, nan 
-5.875, -72.125, 8.915296862943881e-24, nan 
-5.625, -72.125, 9.64647237499733e-24, nan 
-5.375, -72.125, 9.891119761593167e-24, nan 
-5.125, -72.125, 1.0518861739680283e-23, nan 
-4.875, -72.125, 9.992541339323243e-24, nan 
-4.625, -72.125, 7.782970801308913e-24, nan 
-4.375, -72.125, 6.654488617352924e-24, nan 
-4.125, -72.125, 5.283871718771862e-24, nan 
-3.875, -72.125, 5.0828716543929174e-24, nan 
-3.625, -72.125, 3.2892564540343654e-24, nan 
-3.375, -72.125, 9.653548470363465e-25, nan 
-3.125, -72.125, 1.0226867559669122e-24, nan 
-2.875, -72.125, 2.677113640729512e-25, nan 
-2.625, -72.125, 4.150431274427868e-25, nan 
-2.375, -72.125, 3.80145585764942e-24, nan 
-23.875, -71.875, 5.300402481069279e-24, nan 
-23.625, -71.875, 4.31093988813044e-24, nan 
-23.375, -71.875, 4.708541329427771e-24, nan 
-23.125, -71.875, 4.797760731376267e-24, nan 
-22.875, -71.875, 4.562452772966578e-24, nan 
-22.625, -71.875, 6.3265825518027814e-24, nan 
-22.375, -71.875, 5.0588181652558225e-24, nan 
-22.125, -71.875, 4.622013532753186e-24, nan 
-21.875, -71.875, 2.4670489436089185e-24, nan 
-21.625, -71.875, 2.3867955614592567e-24, nan 
-21.375, -71.875, 1.2947488848846744e-24, nan 
-21.125, -71.875, 1.4398485709295799e-24, nan 
-20.875, -71.875, 1.822719197910874e-24, nan 
-20.625, -71.875, 1.3558764102688582e-24, nan 
-20.375, -71.875, 1.1068934818214988e-24, nan 
-20.125, -71.875, 4.6208348662822435e-25, nan 
-19.875, -71.875, 1.1117490783607325e-24, nan 
-19.625, -71.875, 1.4288968484038222e-24, nan 
-19.375, -71.875, 1.7577487832610783e-24, nan 
-19.125, -71.875, 1.1292297840722724e-24, nan 
-18.875, -71.875, 1.4254445520048954e-24, nan 
-18.625, -71.875, 1.7078176016899964e-24, nan 
-18.375, -71.875, 1.8016669419858036e-24, nan 
-18.125, -71.875, 1.6776928648273846e-24, nan 
-17.875, -71.875, 2.0346676524510483e-24, nan 
-17.625, -71.875, 2.0834072506297458e-24, nan 
-17.375, -71.875, 2.2035626666568086e-24, nan 
-17.125, -71.875, 2.075392325836136e-24, nan 
-16.875, -71.875, 1.7025979366870937e-24, nan 
-16.625, -71.875, 1.5468350140793727e-24, nan 
-16.375, -71.875, 1.4638763092076442e-24, nan 
-16.125, -71.875, 9.794137357131655e-25, nan 
-15.875, -71.875, 5.670184044760663e-25, nan 
-15.625, -71.875, 2.813002421383117e-25, nan 
-15.375, -71.875, 4.525617340665043e-25, nan 
-15.125, -71.875, 4.792146625402963e-25, nan 
-14.875, -71.875, 5.286231379206059e-25, nan 
-14.625, -71.875, 3.689025802704987e-25, nan 
-14.375, -71.875, 3.703129709062697e-25, nan 
-14.125, -71.875, 4.589958071662238e-25, nan 
-13.875, -71.875, 3.8514257923860814e-25, nan 
-13.625, -71.875, 3.637105933089415e-24, nan 
-13.375, -71.875, 3.881654038165578e-24, nan 
-13.125, -71.875, 4.112030786568112e-24, nan 
-12.875, -71.875, 5.3198539163380425e-24, nan 
-12.625, -71.875, 4.608874339734509e-24, nan 
-12.375, -71.875, 5.112162803127408e-24, nan 
-12.125, -71.875, 4.986979039979392e-25, nan 
-11.875, -71.875, 1.430925504116268e-24, nan 
-11.625, -71.875, 1.748536982524393e-24, nan 
-11.375, -71.875, 1.6964744250919943e-24, nan 
-11.125, -71.875, 1.95813395775145e-24, nan 
-10.875, -71.875, 2.060956444375591e-24, nan 
-10.625, -71.875, 3.381211556607818e-24, nan 
-10.375, -71.875, 2.4393071574347974e-24, nan 
-10.125, -71.875, 4.092405976326728e-24, nan 
-9.875, -71.875, 3.472426174628283e-24, nan 
-9.625, -71.875, 3.514194083677209e-24, nan 
-9.375, -71.875, 3.064641461646646e-24, nan 
-9.125, -71.875, 5.0202201802558596e-24, nan 
-8.875, -71.875, 4.411222704171565e-24, nan 
-8.625, -71.875, 4.775475976426571e-24, nan 
-8.375, -71.875, 5.120000371982793e-24, nan 
-8.125, -71.875, 3.440613362567642e-24, nan 
-7.875, -71.875, 4.285310091010716e-24, nan 
-7.625, -71.875, 5.0831735957304585e-24, nan 
-7.375, -71.875, 3.3848990750825294e-24, nan 
-7.125, -71.875, 3.065652733254037e-24, nan 
-6.875, -71.875, 6.325029553487461e-24, nan 
-6.625, -71.875, 6.196006277472775e-24, nan 
-6.375, -71.875, 7.29261140379427e-24, nan 
-6.125, -71.875, 9.017261115706601e-24, nan 
-5.875, -71.875, 7.667717637689938e-24, nan 
-5.625, -71.875, 9.612765704889784e-24, nan 
-5.375, -71.875, 1.3023738078667085e-23, nan 
-5.125, -71.875, 5.885898128620778e-24, nan 
-4.875, -71.875, 6.870997443662135e-24, nan 
-4.625, -71.875, 7.506631035366525e-24, nan 
-4.375, -71.875, 9.21464083339205e-24, nan 
-4.125, -71.875, 4.721821081212772e-24, nan 
-3.875, -71.875, 6.853870043534323e-24, nan 
-3.625, -71.875, 9.49994592670141e-24, nan 
-3.375, -71.875, 1.0405132516408375e-24, nan 
-3.125, -71.875, 2.7809210071417487e-24, nan 
-2.875, -71.875, 3.6746140909012e-24, nan 
-2.625, -71.875, 8.839230822218535e-25, nan 
-2.375, -71.875, 6.681695467652512e-25, nan 
-2.125, -71.875, 6.5208437528940215e-25, nan 
-1.875, -71.875, 5.2867604543748875e-25, nan 
-23.875, -71.625, 4.156104414655006e-24, nan 
-23.625, -71.625, 3.6219644796773236e-24, nan 
-23.375, -71.625, 2.5016254310087418e-24, nan 
-23.125, -71.625, 1.5358346392369534e-24, nan 
-22.875, -71.625, 2.4125251973275108e-24, nan 
-22.625, -71.625, 5.833401590930918e-25, nan 
-22.375, -71.625, 6.028709644373528e-25, nan 
-22.125, -71.625, 7.711384904481519e-25, nan 
-21.875, -71.625, 1.1559299103033262e-24, nan 
-21.625, -71.625, 1.852926678921548e-24, nan 
-21.375, -71.625, 1.843492014780139e-24, nan 
-21.125, -71.625, 2.3198449241331017e-24, nan 
-20.875, -71.625, 1.69192273772158e-24, nan 
-20.625, -71.625, 1.6694076889744464e-24, nan 
-20.375, -71.625, 1.983508433445735e-24, nan 
-20.125, -71.625, 3.7599644427721686e-24, nan 
-19.875, -71.625, 4.5672807058701354e-24, nan 
-19.625, -71.625, 5.0628066829583974e-24, nan 
-19.375, -71.625, 5.708841938022502e-24, nan 
-19.125, -71.625, 2.5741577151133972e-24, nan 
-18.875, -71.625, 1.890508133395246e-24, nan 
-18.625, -71.625, 2.3672133113180455e-24, nan 
-18.375, -71.625, 1.6588502706747456e-24, nan 
-18.125, -71.625, 1.1892803716811617e-24, nan 
-17.875, -71.625, 1.7561581675685448e-24, nan 
-17.625, -71.625, 2.2695662664915378e-24, nan 
-17.375, -71.625, 2.0819960001992725e-24, nan 
-17.125, -71.625, 2.0348808369028726e-24, nan 
-16.875, -71.625, 2.085393939145332e-24, nan 
-16.625, -71.625, 2.6149856297456243e-24, nan 
-16.375, -71.625, 2.448892421140884e-24, nan 
-16.125, -71.625, 2.398311300597888e-24, nan 
-15.875, -71.625, 1.0897181704960486e-24, nan 
-15.625, -71.625, 7.7890600895423245e-25, nan 
-15.375, -71.625, 7.515740521602852e-25, nan 
-15.125, -71.625, 4.791276275937416e-25, nan 
-14.875, -71.625, 4.264254270644993e-25, nan 
-14.625, -71.625, 2.5235078588767324e-25, nan 
-14.375, -71.625, 1.9312155129397067e-25, nan 
-14.125, -71.625, 5.681213708625818e-25, nan 
-13.875, -71.625, 1.0257219616243424e-24, nan 
-13.625, -71.625, 1.8809280316396803e-24, nan 
-13.375, -71.625, 3.934340631941041e-24, nan 
-13.125, -71.625, 3.789312963050259e-24, nan 
-12.875, -71.625, 3.8158240763961556e-24, nan 
-12.625, -71.625, 5.089305252946698e-24, nan 
-12.375, -71.625, 5.0068191471253426e-24, nan 
-12.125, -71.625, 4.023947979646517e-24, nan 
-11.875, -71.625, 3.3446792950161064e-24, nan 
-11.625, -71.625, 3.723746860019131e-24, nan 
-11.375, -71.625, 3.956302290035301e-24, nan 
-11.125, -71.625, 3.0789044791632725e-24, nan 
-10.875, -71.625, 2.7290548075287567e-24, nan 
-10.625, -71.625, 4.876203332228929e-24, nan 
-10.375, -71.625, 3.9832939474658265e-24, nan 
-10.125, -71.625, 4.095566586027128e-24, nan 
-9.875, -71.625, 2.048570726933213e-24, nan 
-9.625, -71.625, 2.7827706258121953e-24, nan 
-9.375, -71.625, 2.488955810851639e-24, nan 
-9.125, -71.625, 2.2247116248408366e-24, nan 
-8.875, -71.625, 3.53824525486183e-24, nan 
-8.625, -71.625, 3.792723256050527e-24, nan 
-8.375, -71.625, 4.010281424404784e-24, nan 
-8.125, -71.625, 3.1702410181365396e-24, nan 
-7.875, -71.625, 2.6321832350864156e-24, nan 
-7.625, -71.625, 1.0696826354866687e-24, nan 
-7.375, -71.625, 1.907660959924741e-24, nan 
-7.125, -71.625, 4.079135559987344e-24, nan 
-6.875, -71.625, 3.915902674952838e-24, nan 
-6.625, -71.625, 4.123470729004645e-24, nan 
-6.375, -71.625, 4.5541569262655686e-24, nan 
-6.125, -71.625, 2.768469102088292e-25, nan 
-5.875, -71.625, 8.185226447258493e-26, nan 
-5.625, -71.625, 1.871718061694896e-24, nan 
-5.375, -71.625, 6.2296981265222046e-24, nan 
-5.125, -71.625, 3.961881606183349e-24, nan 
-4.875, -71.625, 3.8575372131634074e-24, nan 
-4.625, -71.625, 3.031606599357053e-24, nan 
-4.375, -71.625, 4.1308213384534375e-24, nan 
-4.125, -71.625, 6.976661241185759e-25, nan 
-3.875, -71.625, 2.1502243990589606e-24, nan 
-3.625, -71.625, 3.043220027214498e-24, nan 
-3.375, -71.625, 3.2464791510435014e-25, nan 
-3.125, -71.625, 4.179998780221683e-25, nan 
-2.875, -71.625, 5.809322003950252e-25, nan 
-2.625, -71.625, 5.8428980605257275e-25, nan 
-2.375, -71.625, 4.411831991825756e-25, nan 
-2.125, -71.625, 1.0376722153215952e-24, nan 
-1.875, -71.625, 6.746896698167744e-25, nan 
-1.625, -71.625, 4.879181951766603e-24, nan 
-23.625, -71.375, 1.6851119821793335e-24, nan 
-23.375, -71.375, 1.7508007800661965e-24, nan 
-23.125, -71.375, 1.5455094812895528e-24, nan 
-22.875, -71.375, 6.84263918538329e-25, nan 
-22.625, -71.375, 5.751839193995304e-25, nan 
-22.375, -71.375, 1.5221847221549393e-24, nan 
-22.125, -71.375, 1.460375374376189e-24, nan 
-21.875, -71.375, 1.5621367743453661e-24, nan 
-21.625, -71.375, 2.16309193262053e-24, nan 
-21.375, -71.375, 2.427416485069016e-24, nan 
-21.125, -71.375, 3.0962931584891745e-24, nan 
-20.875, -71.375, 2.9396555697295878e-24, nan 
-20.625, -71.375, 4.3767078211872546e-24, nan 
-20.375, -71.375, 5.359167957349903e-24, nan 
-20.125, -71.375, 5.3202283429966206e-24, nan 
-19.875, -71.375, 6.1971487079969445e-24, nan 
-19.625, -71.375, 8.659474778836318e-24, nan 
-19.375, -71.375, 8.750535650944036e-24, nan 
-19.125, -71.375, 4.79237174670472e-24, nan 
-18.875, -71.375, 6.156189447566125e-24, nan 
-18.625, -71.375, 6.778839654571985e-24, nan 
-18.375, -71.375, 3.1663755110640383e-24, nan 
-18.125, -71.375, 1.5911361215800282e-24, nan 
-17.875, -71.375, 1.6000258955543965e-24, nan 
-17.625, -71.375, 1.789764163198142e-24, nan 
-17.375, -71.375, 1.2025005543804303e-24, nan 
-17.125, -71.375, 1.4996599928166177e-24, nan 
-16.875, -71.375, 1.939487811693987e-24, nan 
-16.625, -71.375, 3.533165791905445e-24, nan 
-16.375, -71.375, 3.704010782328392e-24, nan 
-16.125, -71.375, 3.6592042829133204e-24, nan 
-15.875, -71.375, 3.427892404479436e-24, nan 
-15.625, -71.375, 3.1116427667873237e-24, nan 
-15.375, -71.375, 3.1475679817442144e-24, nan 
-15.125, -71.375, 9.251743860256854e-25, nan 
-14.875, -71.375, 4.947437158373394e-25, nan 
-14.625, -71.375, 4.1155446093690944e-25, nan 
-14.375, -71.375, 1.050026805528613e-24, nan 
-14.125, -71.375, 1.5004959961567703e-24, nan 
-13.875, -71.375, 1.3050568157131486e-24, nan 
-13.625, -71.375, 1.6834104679918888e-24, nan 
-13.375, -71.375, 2.167323849817579e-24, nan 
-13.125, -71.375, 2.057867927221051e-24, nan 
-12.875, -71.375, 1.2470211201722268e-24, nan 
-12.625, -71.375, 3.60893300003222e-24, nan 
-12.375, -71.375, 3.646944080839853e-24, nan 
-12.125, -71.375, 3.7810296767555884e-24, nan 
-11.875, -71.375, 4.311022777795372e-24, nan 
-11.625, -71.375, 4.403072408218877e-24, nan 
-11.375, -71.375, 2.4643450567084733e-24, nan 
-11.125, -71.375, 3.646641789889664e-24, nan 
-10.875, -71.375, 3.0652188541393097e-24, nan 
-10.625, -71.375, 1.911366144203552e-24, nan 
-10.375, -71.375, 2.5253298937642667e-24, nan 
-10.125, -71.375, 1.9250206034969414e-24, nan 
-9.875, -71.375, 2.8793429392567493e-25, nan 
-9.625, -71.375, 8.884789836723999e-25, nan 
-9.375, -71.375, 9.513798011019455e-25, nan 
-9.125, -71.375, 3.5864278821779724e-25, nan 
-8.875, -71.375, 4.12595964157914e-25, nan 
-8.625, -71.375, 4.388401919179659e-25, nan 
-8.375, -71.375, 5.519631499570259e-25, nan 
-8.125, -71.375, 5.447870010903994e-25, nan 
-7.875, -71.375, 3.1523298462851944e-25, nan 
-7.625, -71.375, 3.166116534040804e-25, nan 
-7.375, -71.375, 6.60871772123642e-25, nan 
-7.125, -71.375, 2.1121290007628203e-24, nan 
-6.875, -71.375, 2.851943196254576e-25, nan 
-6.625, -71.375, 1.2338270307494354e-25, nan 
-6.375, -71.375, 1.128961339484591e-25, nan 
-6.125, -71.375, 1.348732824270398e-25, nan 
-5.875, -71.375, 1.7041161722520948e-25, nan 
-5.625, -71.375, 1.5468532142547147e-25, nan 
-5.375, -71.375, 1.4424925015041779e-25, nan 
-5.125, -71.375, 1.9913061811000956e-25, nan 
-4.875, -71.375, 5.718772749018831e-25, nan 
-4.625, -71.375, 2.15345202166861e-25, nan 
-4.375, -71.375, 2.619008037013816e-25, nan 
-4.125, -71.375, 4.145435451865437e-25, nan 
-3.875, -71.375, 3.583549638190212e-25, nan 
-3.625, -71.375, 4.855861098810355e-25, nan 
-3.375, -71.375, 5.520207323735606e-25, nan 
-3.125, -71.375, 4.5163974773577175e-25, nan 
-2.875, -71.375, 1.4173837122283113e-24, nan 
-2.625, -71.375, 1.0677195177998458e-24, nan 
-2.375, -71.375, 6.306073617947887e-25, nan 
-2.125, -71.375, 2.030531092712906e-24, nan 
-1.875, -71.375, 1.5056076655181128e-24, nan 
-1.625, -71.375, 1.6194590177164994e-24, nan 
-1.375, -71.375, 6.615878524308525e-24, nan 
-23.625, -71.125, 8.560510892193593e-25, nan 
-23.375, -71.125, 1.4332518576288517e-24, nan 
-23.125, -71.125, 1.0897092776077412e-24, nan 
-22.875, -71.125, 8.707212824992124e-25, nan 
-22.625, -71.125, 8.762685653473287e-25, nan 
-22.375, -71.125, 1.664925643121508e-24, nan 
-22.125, -71.125, 1.8634121100120484e-24, nan 
-21.875, -71.125, 1.7184286124933914e-24, nan 
-21.625, -71.125, 1.1861275364804691e-24, nan 
-21.375, -71.125, 2.1151004258979436e-24, nan 
-21.125, -71.125, 1.993231368039613e-24, nan 
-20.875, -71.125, 1.3252455411996925e-24, nan 
-20.625, -71.125, 2.9192359465453577e-24, nan 
-20.375, -71.125, 5.319886025574776e-24, nan 
-20.125, -71.125, 5.685061789787691e-24, nan 
-19.875, -71.125, 2.924999067659784e-24, nan 
-19.625, -71.125, 6.389703406790981e-24, nan 
-19.375, -71.125, 7.874109441607194e-24, nan 
-19.125, -71.125, 5.384465827284919e-24, nan 
-18.875, -71.125, 5.0766992421085424e-24, nan 
-18.625, -71.125, 6.110655185557482e-24, nan 
-18.375, -71.125, 5.095948645873888e-24, nan 
-18.125, -71.125, 6.074547137694344e-24, nan 
-17.875, -71.125, 5.974889117214858e-24, nan 
-17.625, -71.125, 1.7410663156761073e-24, nan 
-17.375, -71.125, 1.2892381993166984e-24, nan 
-17.125, -71.125, 1.1035238047515204e-24, nan 
-16.875, -71.125, 8.838752982181073e-24, nan 
-16.625, -71.125, 9.126737336654695e-24, nan 
-16.375, -71.125, 9.171599844041466e-24, nan 
-16.125, -71.125, 5.009013518284674e-24, nan 
-15.875, -71.125, 4.998828770941199e-24, nan 
-15.625, -71.125, 4.397164706114825e-24, nan 
-15.375, -71.125, 3.943604196037907e-24, nan 
-15.125, -71.125, 3.0721344308969054e-24, nan 
-14.875, -71.125, 1.770119712164661e-24, nan 
-14.625, -71.125, 1.4493826506457655e-24, nan 
-14.375, -71.125, 1.1140985718958383e-24, nan 
-14.125, -71.125, 1.4615174539647273e-24, nan 
-13.875, -71.125, 7.741062435398259e-25, nan 
-13.625, -71.125, 9.29557947733253e-25, nan 
-13.375, -71.125, 1.4704568472304876e-24, nan 
-13.125, -71.125, 1.636675744795258e-24, nan 
-12.875, -71.125, 3.0389590658442898e-24, nan 
-12.625, -71.125, 1.5287107930675121e-24, nan 
-12.375, -71.125, 1.6284694720680599e-24, nan 
-12.125, -71.125, 4.2132136860304655e-24, nan 
-11.875, -71.125, 2.642282975131841e-24, nan 
-11.625, -71.125, 2.55410706307163e-24, nan 
-11.375, -71.125, 2.4222487883946745e-24, nan 
-11.125, -71.125, 3.354131431396094e-24, nan 
-10.875, -71.125, 2.7349649089171384e-24, nan 
-10.625, -71.125, 1.1017053462861325e-24, nan 
-10.375, -71.125, 1.5739053235596441e-24, nan 
-10.125, -71.125, 1.3348649570155834e-24, nan 
-9.875, -71.125, 2.8905727120376752e-25, nan 
-9.625, -71.125, 1.9302322901108098e-25, nan 
-9.375, -71.125, 2.3897717057850493e-25, nan 
-9.125, -71.125, 2.254569808579918e-25, nan 
-8.875, -71.125, 3.3589400713178157e-25, nan 
-8.625, -71.125, 5.400375939246771e-25, nan 
-8.375, -71.125, 5.728477570093975e-25, nan 
-8.125, -71.125, 7.095673639814852e-25, nan 
-7.875, -71.125, 5.096837216876621e-25, nan 
-7.625, -71.125, 6.272369746376983e-25, nan 
-7.375, -71.125, 2.2493390032047692e-24, nan 
-7.125, -71.125, 6.878768578606186e-25, nan 
-6.875, -71.125, 2.493773641588573e-25, nan 
-6.625, -71.125, 1.9345364931701365e-25, nan 
-6.375, -71.125, 2.173021022754762e-25, nan 
-6.125, -71.125, 2.4984960429424446e-25, nan 
-5.875, -71.125, 2.701379995852319e-25, nan 
-5.625, -71.125, 4.340180711778539e-25, nan 
-5.375, -71.125, 4.7461799316629435e-25, nan 
-5.125, -71.125, 6.595639091592184e-25, nan 
-4.875, -71.125, 5.168250281321267e-25, nan 
-4.625, -71.125, 4.1198994950052465e-25, nan 
-4.375, -71.125, 3.4609752782891385e-25, nan 
-4.125, -71.125, 7.039764219675485e-25, nan 
-3.875, -71.125, 7.67287945495356e-25, nan 
-3.625, -71.125, 6.225014861427197e-24, nan 
-3.375, -71.125, 1.7064813406900057e-24, nan 
-3.125, -71.125, 2.8392996324623097e-24, nan 
-2.875, -71.125, 1.8409626507119724e-24, nan 
-2.625, -71.125, 4.252220053732307e-24, nan 
-2.375, -71.125, 4.0046881025685796e-24, nan 
-2.125, -71.125, 2.2614634902128036e-24, nan 
-1.875, -71.125, 1.4782344651016519e-24, nan 
-1.625, -71.125, 7.47603791978677e-25, nan 
-1.375, -71.125, 2.287834805101441e-24, nan 
-1.125, -71.125, 4.071896216274097e-24, nan 
-23.375, -70.875, 1.8478219435882664e-24, nan 
-23.125, -70.875, 2.010830142392451e-24, nan 
-22.875, -70.875, 1.3477014852673641e-24, nan 
-22.625, -70.875, 1.7074675761964144e-24, nan 
-22.375, -70.875, 2.2598417619253636e-24, nan 
-22.125, -70.875, 1.751630190885805e-24, nan 
-21.875, -70.875, 1.4776090210919773e-24, nan 
-21.625, -70.875, 4.950707667147661e-25, nan 
-21.375, -70.875, 2.6975183733020203e-24, nan 
-21.125, -70.875, 2.8070408990040078e-24, nan 
-20.875, -70.875, 2.493607176827277e-24, nan 
-20.625, -70.875, 3.1611015327172695e-24, nan 
-20.375, -70.875, 2.713728666333231e-24, nan 
-20.125, -70.875, 3.657881367843168e-24, nan 
-19.875, -70.875, 3.2505049330455827e-24, nan 
-19.625, -70.875, 3.700904089684873e-24, nan 
-19.375, -70.875, 6.972399801686984e-24, nan 
-19.125, -70.875, 9.389494798702342e-24, nan 
-18.875, -70.875, 1.3143975695191974e-23, nan 
-18.625, -70.875, 1.3491915612911375e-23, nan 
-18.375, -70.875, 1.0356212673714854e-23, nan 
-18.125, -70.875, 1.1397377761070525e-23, nan 
-17.875, -70.875, 1.0629451344557527e-23, nan 
-17.625, -70.875, 1.1695358296078176e-23, nan 
-17.375, -70.875, 1.180426933893187e-23, nan 
-17.125, -70.875, 1.4529575905859922e-23, nan 
-16.875, -70.875, 1.425304750262573e-23, nan 
-16.625, -70.875, 1.374626293930389e-23, nan 
-16.375, -70.875, 1.3766881386011076e-23, nan 
-16.125, -70.875, 8.551819929963359e-24, nan 
-15.875, -70.875, 5.28142394295769e-24, nan 
-15.625, -70.875, 4.5747968978617616e-24, nan 
-15.375, -70.875, 3.540192808154192e-24, nan 
-15.125, -70.875, 2.7224251968249603e-24, nan 
-14.875, -70.875, 3.0554464918135375e-24, nan 
-14.625, -70.875, 3.578197840142379e-24, nan 
-14.375, -70.875, 2.4143064985135992e-24, nan 
-14.125, -70.875, 2.9289590386789712e-24, nan 
-13.875, -70.875, 1.760890044837655e-24, nan 
-13.625, -70.875, 1.2197783211038134e-24, nan 
-13.375, -70.875, 1.0014593693185955e-24, nan 
-13.125, -70.875, 6.169143043340373e-25, nan 
-12.875, -70.875, 3.0101102139443547e-25, nan 
-12.625, -70.875, 6.1603678815098305e-25, nan 
-12.375, -70.875, 6.687132343567606e-25, nan 
-12.125, -70.875, 2.9202957720314963e-24, nan 
-11.875, -70.875, 1.5355295362361228e-24, nan 
-11.625, -70.875, 1.6797019848589255e-24, nan 
-11.375, -70.875, 2.5429661719004248e-24, nan 
-11.125, -70.875, 2.6633779107559263e-24, nan 
-10.875, -70.875, 2.4234017160540436e-24, nan 
-10.625, -70.875, 1.4481379124054002e-24, nan 
-10.375, -70.875, 1.1161474212430012e-24, nan 
-10.125, -70.875, 1.625217762930289e-24, nan 
-9.875, -70.875, 2.159396197050763e-24, nan 
-9.625, -70.875, 1.5146918996515354e-24, nan 
-9.375, -70.875, 9.949222434516191e-25, nan 
-9.125, -70.875, 3.520978764703439e-25, nan 
-8.875, -70.875, 8.482125986858026e-25, nan 
-8.625, -70.875, 1.508962803426826e-24, nan 
-8.375, -70.875, 1.680002894408114e-24, nan 
-8.125, -70.875, 3.506801969205554e-24, nan 
-7.875, -70.875, 3.0567054904616148e-24, nan 
-7.625, -70.875, 1.5504529023379933e-24, nan 
-7.375, -70.875, 4.466861394562515e-24, nan 
-7.125, -70.875, 1.2442837216662292e-24, nan 
-6.875, -70.875, 2.196932179453093e-24, nan 
-6.625, -70.875, 3.890944891137284e-24, nan 
-6.375, -70.875, 2.8854134377904695e-24, nan 
-6.125, -70.875, 3.1049949022809557e-24, nan 
-5.875, -70.875, 3.376320965075369e-24, nan 
-5.625, -70.875, 3.2005190689560292e-24, nan 
-5.375, -70.875, 2.842602227256717e-24, nan 
-5.125, -70.875, 2.333303531480975e-24, nan 
-4.875, -70.875, 1.1995504204129755e-24, nan 
-4.625, -70.875, 1.4254084242044003e-24, nan 
-4.375, -70.875, 6.598621612696198e-24, nan 
-4.125, -70.875, 2.1167482444651988e-24, nan 
-3.875, -70.875, 3.354958039711273e-24, nan 
-3.625, -70.875, 1.205079370424761e-23, nan 
-3.375, -70.875, 3.664223308302286e-24, nan 
-3.125, -70.875, 3.8701485698253e-24, nan 
-2.875, -70.875, 7.108080680754649e-24, nan 
-2.625, -70.875, 7.377912803837503e-24, nan 
-2.375, -70.875, 7.553115286988103e-24, nan 
-2.125, -70.875, 3.529104573611208e-24, nan 
-1.875, -70.875, 4.073638105267466e-24, nan 
-1.625, -70.875, 4.978362818672425e-24, nan 
-1.375, -70.875, 2.2846240309247434e-24, nan 
-1.125, -70.875, 2.0987986963721224e-24, nan 
-0.875, -70.875, 3.1779253187593207e-24, nan 
-23.125, -70.625, 2.697196892371783e-24, nan 
-22.875, -70.625, 2.9750788731770575e-24, nan 
-22.625, -70.625, 2.826351802261134e-24, nan 
-22.375, -70.625, 3.161833997882093e-24, nan 
-22.125, -70.625, 3.40812436163956e-24, nan 
-21.875, -70.625, 2.2272193725462665e-24, nan 
-21.625, -70.625, 4.418557508399296e-24, nan 
-21.375, -70.625, 3.2950117770351687e-24, nan 
-21.125, -70.625, 3.1354082478596917e-24, nan 
-20.875, -70.625, 3.9423075958809075e-24, nan 
-20.625, -70.625, 3.900345259516503e-24, nan 
-20.375, -70.625, 3.0853720607723552e-24, nan 
-20.125, -70.625, 2.5421824761418764e-24, nan 
-19.875, -70.625, 4.90805139034574e-24, nan 
-19.625, -70.625, 9.349521927635669e-24, nan 
-19.375, -70.625, 1.1279896821376151e-23, nan 
-19.125, -70.625, 1.0972568095929799e-23, nan 
-18.875, -70.625, 1.3686166791231802e-23, nan 
-18.625, -70.625, 1.452757228975548e-23, nan 
-18.375, -70.625, 1.1349161287594135e-23, nan 
-18.125, -70.625, 4.401931601221043e-24, nan 
-17.875, -70.625, 4.789252072143514e-24, nan 
-17.625, -70.625, 9.976646234011157e-24, nan 
-17.375, -70.625, 9.0984419976045e-24, nan 
-17.125, -70.625, 1.297898664538776e-23, nan 
-16.875, -70.625, 1.1232580766315702e-23, nan 
-16.625, -70.625, 1.1617716569471798e-23, nan 
-16.375, -70.625, 1.2359192208708117e-23, nan 
-16.125, -70.625, 1.0349388335505241e-23, nan 
-15.875, -70.625, 6.870407071553506e-24, nan 
-15.625, -70.625, 7.897576902387962e-24, nan 
-15.375, -70.625, 6.157578647837234e-24, nan 
-15.125, -70.625, 7.357940714052724e-24, nan 
-14.875, -70.625, 3.50167104366668e-24, nan 
-14.625, -70.625, 5.180864988503404e-24, nan 
-14.375, -70.625, 3.0370645123629826e-24, nan 
-14.125, -70.625, 4.2499346637014455e-24, nan 
-13.875, -70.625, 3.0768936677349544e-24, nan 
-13.625, -70.625, 2.841824797777697e-24, nan 
-13.375, -70.625, 4.774240197619614e-24, nan 
-13.125, -70.625, 3.0159531680168584e-24, nan 
-12.875, -70.625, 1.1743867837289252e-24, nan 
-12.625, -70.625, 9.503204326725029e-25, nan 
-12.375, -70.625, 3.198705203089325e-25, nan 
-12.125, -70.625, 2.746890190571011e-25, nan 
-11.875, -70.625, 6.951256544283809e-25, nan 
-11.625, -70.625, 5.417801740013477e-25, nan 
-11.375, -70.625, 7.316817090296359e-25, nan 
-11.125, -70.625, 1.0295812614064512e-24, nan 
-10.875, -70.625, 1.35321188826693e-24, nan 
-10.625, -70.625, 1.486532631587581e-24, nan 
-10.375, -70.625, 1.2651816079958606e-24, nan 
-10.125, -70.625, 2.0292622858245035e-24, nan 
-9.875, -70.625, 3.767100950452289e-24, nan 
-9.625, -70.625, 2.117878417466445e-24, nan 
-9.375, -70.625, 1.4075139182925614e-24, nan 
-9.125, -70.625, 3.2762959825915803e-24, nan 
-8.875, -70.625, 2.925342569346011e-24, nan 
-8.625, -70.625, 2.71091314219353e-24, nan 
-8.375, -70.625, 2.6257091373407712e-24, nan 
-8.125, -70.625, 5.16083346547127e-24, nan 
-7.875, -70.625, 5.818962939731333e-24, nan 
-7.625, -70.625, 3.246048601251375e-24, nan 
-7.375, -70.625, 5.101027378689153e-24, nan 
-7.125, -70.625, 4.6657515890190895e-24, nan 
-6.875, -70.625, 5.592989224153247e-24, nan 
-6.625, -70.625, 6.2963845540164474e-24, nan 
-6.375, -70.625, 5.8385771606632585e-24, nan 
-6.125, -70.625, 5.720558178891477e-24, nan 
-5.875, -70.625, 6.258998718246289e-24, nan 
-5.625, -70.625, 6.2623648297236415e-24, nan 
-5.375, -70.625, 6.624035970554325e-24, nan 
-5.125, -70.625, 5.649879403265131e-24, nan 
-4.875, -70.625, 4.381933612608354e-24, nan 
-4.625, -70.625, 4.414241237682175e-24, nan 
-4.375, -70.625, 4.316527763589234e-24, nan 
-4.125, -70.625, 4.30788993968548e-24, nan 
-3.875, -70.625, 5.486155263854216e-24, nan 
-3.625, -70.625, 8.458931331120609e-24, nan 
-3.375, -70.625, 8.220059862884431e-24, nan 
-3.125, -70.625, 9.224677990041821e-24, nan 
-2.875, -70.625, 9.733067022154237e-24, nan 
-2.625, -70.625, 1.3789576701551968e-23, nan 
-2.375, -70.625, 1.4973143576602718e-23, nan 
-2.125, -70.625, 7.711047732394967e-24, nan 
-1.875, -70.625, 7.282037550840729e-24, nan 
-1.625, -70.625, 8.366985493660765e-24, nan 
-1.375, -70.625, 6.869210073552526e-24, nan 
-1.125, -70.625, 4.289467583135138e-24, nan 
-0.875, -70.625, 4.0058223501479294e-24, nan 
-0.625, -70.625, 6.2719846512397805e-24, nan 
-23.125, -70.375, 3.537967858324943e-24, nan 
-22.875, -70.375, 3.895830969490349e-24, nan 
-22.625, -70.375, 4.510162411234229e-24, nan 
-22.375, -70.375, 4.1219026859266174e-24, nan 
-22.125, -70.375, 3.944664543104181e-24, nan 
-21.875, -70.375, 3.7376212718860704e-24, nan 
-21.625, -70.375, 4.6075960265491126e-24, nan 
-21.375, -70.375, 2.9430673985099757e-24, nan 
-21.125, -70.375, 2.7726776850300857e-24, nan 
-20.875, -70.375, 2.603066345597998e-24, nan 
-20.625, -70.375, 3.39311844617474e-24, nan 
-20.375, -70.375, 3.21185784801086e-24, nan 
-20.125, -70.375, 3.6226877730126404e-24, nan 
-19.875, -70.375, 4.4614293191809604e-24, nan 
-19.625, -70.375, 7.830927214589456e-24, nan 
-19.375, -70.375, 8.70874391253589e-24, nan 
-19.125, -70.375, 8.202649396241484e-24, nan 
-18.875, -70.375, 8.873963033846832e-24, nan 
-18.625, -70.375, 1.0995472073594762e-23, nan 
-18.375, -70.375, 9.290043873421003e-24, nan 
-18.125, -70.375, 2.7416778857224944e-24, nan 
-17.875, -70.375, 1.6386889099902984e-24, nan 
-17.625, -70.375, 2.3173877042178253e-24, nan 
-17.375, -70.375, 2.120295544530329e-24, nan 
-17.125, -70.375, 5.023999537239928e-24, nan 
-16.875, -70.375, 7.853839106589245e-24, nan 
-16.625, -70.375, 6.864102245558248e-24, nan 
-16.375, -70.375, 8.66001078271123e-24, nan 
-16.125, -70.375, 8.62600214348994e-24, nan 
-15.875, -70.375, 9.084605640432588e-24, nan 
-15.625, -70.375, 3.378898501385329e-24, nan 
-15.375, -70.375, 6.52844008947981e-24, nan 
-15.125, -70.375, 1.2567651202193618e-23, nan 
-14.875, -70.375, 3.974666815334392e-24, nan 
-14.625, -70.375, 5.694213120820474e-24, nan 
-14.375, -70.375, 7.742327507424342e-24, nan 
-14.125, -70.375, 5.8318705745826154e-24, nan 
-13.875, -70.375, 1.0221531228718357e-23, nan 
-13.625, -70.375, 8.827235180178385e-24, nan 
-13.375, -70.375, 8.341972113122031e-24, nan 
-13.125, -70.375, 6.577273213627012e-24, nan 
-12.875, -70.375, 5.171716364489355e-24, nan 
-12.625, -70.375, 4.8418876516285395e-24, nan 
-12.375, -70.375, 2.541130249991256e-24, nan 
-12.125, -70.375, 7.583213612758149e-25, nan 
-11.875, -70.375, 1.8373120667924544e-24, nan 
-11.625, -70.375, 1.5776198903636632e-24, nan 
-11.375, -70.375, 1.660459056042632e-24, nan 
-11.125, -70.375, 1.7367712319287328e-24, nan 
-10.875, -70.375, 8.93805923516156e-25, nan 
-10.625, -70.375, 1.5579938724826093e-24, nan 
-10.375, -70.375, 1.58730667701909e-24, nan 
-10.125, -70.375, 1.0892926477187406e-24, nan 
-9.875, -70.375, 1.6465597251153378e-24, nan 
-9.625, -70.375, 1.7442976382135207e-24, nan 
-9.375, -70.375, 2.345791735338056e-24, nan 
-9.125, -70.375, 2.422100525742865e-24, nan 
-8.875, -70.375, 1.1404747823036767e-24, nan 
-8.625, -70.375, 7.160410721522631e-25, nan 
-8.375, -70.375, 1.255646285386969e-24, nan 
-8.125, -70.375, 2.1156643385635114e-24, nan 
-7.875, -70.375, 2.5062429926263632e-24, nan 
-7.625, -70.375, 1.661735215718967e-24, nan 
-7.375, -70.375, 2.8550566057425785e-24, nan 
-7.125, -70.375, 2.3678233344736233e-24, nan 
-6.875, -70.375, 4.607223699931058e-24, nan 
-6.625, -70.375, 5.422267057494057e-24, nan 
-6.375, -70.375, 4.9932810011034974e-24, nan 
-6.125, -70.375, 5.125966498204272e-24, nan 
-5.875, -70.375, 5.203649553713798e-24, nan 
-5.625, -70.375, 4.9798243125173125e-24, nan 
-5.375, -70.375, 4.563420262587922e-24, nan 
-5.125, -70.375, 3.9412022463432766e-24, nan 
-4.875, -70.375, 3.276093546127682e-24, nan 
-4.625, -70.375, 1.769332523204512e-24, nan 
-4.375, -70.375, 5.204428648684407e-25, nan 
-4.125, -70.375, 7.725521224548578e-25, nan 
-3.875, -70.375, 3.7824269284558314e-25, nan 
-3.625, -70.375, 2.4600172883501667e-24, nan 
-3.375, -70.375, 4.456007790353366e-24, nan 
-3.125, -70.375, 4.722955182609184e-24, nan 
-2.875, -70.375, 7.340479487575575e-24, nan 
-2.625, -70.375, 9.927146224335809e-24, nan 
-2.375, -70.375, 1.0654899520740921e-23, nan 
-2.125, -70.375, 5.971471195099918e-24, nan 
-1.875, -70.375, 3.2610182489751478e-24, nan 
-1.625, -70.375, 2.357293777332384e-24, nan 
-1.375, -70.375, 2.6493875938610813e-24, nan 
-1.125, -70.375, 3.768548487932574e-24, nan 
-0.875, -70.375, 3.680277246628306e-24, nan 
-0.625, -70.375, 7.040725954988222e-24, nan 
-0.375, -70.375, 9.575787108693362e-24, nan 
-22.875, -70.125, 4.67535339797778e-24, nan 
-22.625, -70.125, 4.7982261934360895e-24, nan 
-22.375, -70.125, 4.156940080125541e-24, nan 
-22.125, -70.125, 3.542986429645009e-24, nan 
-21.875, -70.125, 4.22561215564157e-24, nan 
-21.625, -70.125, 3.3688602574668614e-24, nan 
-21.375, -70.125, 3.5458541820740125e-24, nan 
-21.125, -70.125, 3.2335729829096265e-24, nan 
-20.875, -70.125, 2.319689784567653e-24, nan 
-20.625, -70.125, 1.8606471950853304e-24, nan 
-20.375, -70.125, 2.406535848380931e-24, nan 
-20.125, -70.125, 3.507866957583261e-24, nan 
-19.875, -70.125, 3.724443536822171e-24, nan 
-19.625, -70.125, 3.8742488941824954e-24, nan 
-19.375, -70.125, 3.745296356489988e-24, nan 
-19.125, -70.125, 5.217349466488615e-24, nan 
-18.875, -70.125, 8.794274391938126e-24, nan 
-18.625, -70.125, 1.0201449012074884e-23, nan 
-18.375, -70.125, 6.587441368868043e-24, nan 
-18.125, -70.125, 6.935264213610105e-24, nan 
-17.875, -70.125, 6.883461480756408e-24, nan 
-17.625, -70.125, 3.873820024177709e-24, nan 
-17.375, -70.125, 1.2761666573265474e-24, nan 
-17.125, -70.125, 1.5811118572035664e-24, nan 
-16.875, -70.125, 2.034516286209355e-24, nan 
-16.625, -70.125, 2.2875632293079265e-24, nan 
-16.375, -70.125, 2.783745278119299e-24, nan 
-16.125, -70.125, 5.408224189537121e-24, nan 
-15.875, -70.125, 6.032515943751013e-24, nan 
-15.625, -70.125, 4.089041200143453e-24, nan 
-15.375, -70.125, 6.98184295056375e-24, nan 
-15.125, -70.125, 6.679660588770364e-24, nan 
-14.875, -70.125, 4.28771263932185e-24, nan 
-14.625, -70.125, 4.78688464515027e-24, nan 
-14.375, -70.125, 5.852824623146608e-24, nan 
-14.125, -70.125, 6.532061521200261e-24, nan 
-13.875, -70.125, 1.1751653076539546e-23, nan 
-13.625, -70.125, 1.1634269360246982e-23, nan 
-13.375, -70.125, 1.1094380696246313e-23, nan 
-13.125, -70.125, 1.0330923898669396e-23, nan 
-12.875, -70.125, 9.47641463694359e-24, nan 
-12.625, -70.125, 8.844271749301499e-24, nan 
-12.375, -70.125, 7.18092960912289e-24, nan 
-12.125, -70.125, 3.470888424833744e-24, nan 
-11.875, -70.125, 6.056045907445174e-25, nan 
-11.625, -70.125, 2.380977868561913e-24, nan 
-11.375, -70.125, 1.0678564168738285e-24, nan 
-11.125, -70.125, 1.2049026020594422e-24, nan 
-10.875, -70.125, 1.1850284993000164e-24, nan 
-10.625, -70.125, 1.4439243516878232e-24, nan 
-10.375, -70.125, 2.162362352531725e-24, nan 
-10.125, -70.125, 1.733593461818934e-24, nan 
-9.875, -70.125, 1.5973879135949785e-24, nan 
-9.625, -70.125, 2.4979897970799418e-24, nan 
-9.375, -70.125, 3.0312279001123904e-24, nan 
-9.125, -70.125, 2.6471998903346704e-24, nan 
-8.875, -70.125, 2.636961825256541e-24, nan 
-8.625, -70.125, 3.2087849652042684e-24, nan 
-8.375, -70.125, 2.2726998109299284e-24, nan 
-8.125, -70.125, 1.8719393715092025e-24, nan 
-7.875, -70.125, 2.6008761712325642e-24, nan 
-7.625, -70.125, 2.5870276368702334e-24, nan 
-7.375, -70.125, 4.6765444589936724e-24, nan 
-7.125, -70.125, 3.0456570169301336e-24, nan 
-6.875, -70.125, 2.0935592946437194e-24, nan 
-6.625, -70.125, 2.955247991155086e-24, nan 
-6.375, -70.125, 2.6953853851940473e-24, nan 
-6.125, -70.125, 2.5209658029483495e-24, nan 
-5.875, -70.125, 2.350267936242577e-24, nan 
-5.625, -70.125, 2.7020450323403893e-24, nan 
-5.375, -70.125, 3.067701868021478e-24, nan 
-5.125, -70.125, 2.5151910560224422e-24, nan 
-4.875, -70.125, 3.5319095689319e-24, nan 
-4.625, -70.125, 3.0013654897675298e-24, nan 
-4.375, -70.125, 1.5176674648343443e-24, nan 
-4.125, -70.125, 1.801285921340117e-24, nan 
-3.875, -70.125, 2.454770398030986e-24, nan 
-3.625, -70.125, 2.9809734233625172e-24, nan 
-3.375, -70.125, 2.8992289029172543e-24, nan 
-3.125, -70.125, 1.5100434972695077e-24, nan 
-2.875, -70.125, 8.403638541336259e-25, nan 
-2.625, -70.125, 1.5508941945093922e-24, nan 
-2.375, -70.125, 2.2172565045973653e-24, nan 
-2.125, -70.125, 1.3093824090646849e-24, nan 
-1.875, -70.125, 1.7107773582031803e-24, nan 
-1.625, -70.125, 2.1832311680032174e-24, nan 
-1.375, -70.125, 2.434038003699234e-24, nan 
-1.125, -70.125, 1.7752188199472103e-24, nan 
-0.875, -70.125, 2.316301958856089e-24, nan 
-0.625, -70.125, 3.0529655360844752e-24, nan 
-0.375, -70.125, 6.458542576006412e-24, nan 
-0.125, -70.125, 1.0429555837443874e-23, nan 
-22.625, -69.875, 4.58170044485271e-24, nan 
-22.375, -69.875, 4.049351123363746e-24, nan 
-22.125, -69.875, 2.7934878825812915e-24, nan 
-21.875, -69.875, 3.0558446145901795e-24, nan 
-21.625, -69.875, 2.424784112337076e-24, nan 
-21.375, -69.875, 3.352618310642027e-24, nan 
-21.125, -69.875, 2.699668661808327e-24, nan 
-20.875, -69.875, 2.0261920309665112e-24, nan 
-20.625, -69.875, 1.7915721434062225e-24, nan 
-20.375, -69.875, 1.8447531190989427e-24, nan 
-20.125, -69.875, 2.491041520795724e-24, nan 
-19.875, -69.875, 3.1716850627577965e-24, nan 
-19.625, -69.875, 3.208512355659541e-24, nan 
-19.375, -69.875, 5.272473734296876e-24, nan 
-19.125, -69.875, 5.4035980007982525e-24, nan 
-18.875, -69.875, 5.938886947956224e-24, nan 
-18.625, -69.875, 8.069381223816977e-24, nan 
-18.375, -69.875, 6.854946756812129e-24, nan 
-18.125, -69.875, 9.807991089579387e-24, nan 
-17.875, -69.875, 7.284545022034603e-24, nan 
-17.625, -69.875, 4.898794741053378e-24, nan 
-17.375, -69.875, 6.563221988319804e-25, nan 
-17.125, -69.875, 8.559476361215604e-25, nan 
-16.875, -69.875, 8.42833677178855e-25, nan 
-16.625, -69.875, 8.941421795827135e-25, nan 
-16.375, -69.875, 5.9869735568043365e-24, nan 
-16.125, -69.875, 6.776346067932287e-24, nan 
-15.875, -69.875, 7.411614527645457e-24, nan 
-15.625, -69.875, 8.594859391213294e-24, nan 
-15.375, -69.875, 1.098472000572876e-23, nan 
-15.125, -69.875, 1.1422270877972645e-23, nan 
-14.875, -69.875, 9.345155939566655e-24, nan 
-14.625, -69.875, 1.038391506251843e-23, nan 
-14.375, -69.875, 9.712092185224023e-24, nan 
-14.125, -69.875, 6.773003000370337e-24, nan 
-13.875, -69.875, 5.446531746809956e-24, nan 
-13.625, -69.875, 8.954070328051572e-24, nan 
-13.375, -69.875, 1.1644107754905542e-23, nan 
-13.125, -69.875, 1.4675479417661024e-23, nan 
-12.875, -69.875, 1.1626218556980955e-23, nan 
-12.625, -69.875, 1.1171789366647985e-23, nan 
-12.375, -69.875, 1.1643757682814518e-23, nan 
-12.125, -69.875, 7.309859471205432e-24, nan 
-11.875, -69.875, 2.6947356601635927e-24, nan 
-11.625, -69.875, 1.8596638618700753e-24, nan 
-11.375, -69.875, 5.517220736193106e-25, nan 
-11.125, -69.875, 9.318984920854304e-25, nan 
-10.875, -69.875, 8.079305010111143e-25, nan 
-10.625, -69.875, 1.2613391285451423e-24, nan 
-10.375, -69.875, 1.799369759336711e-24, nan 
-10.125, -69.875, 1.8157362977312975e-24, nan 
-9.875, -69.875, 1.755974139977626e-24, nan 
-9.625, -69.875, 1.4215634961898066e-24, nan 
-9.375, -69.875, 1.7131589462769455e-24, nan 
-9.125, -69.875, 1.6324874979555463e-24, nan 
-8.875, -69.875, 2.881106440611396e-24, nan 
-8.625, -69.875, 3.211936253472346e-24, nan 
-8.375, -69.875, 2.725206453381738e-24, nan 
-8.125, -69.875, 5.1717059252937385e-24, nan 
-7.875, -69.875, 3.2899367308522412e-24, nan 
-7.625, -69.875, 2.88702898962385e-24, nan 
-7.375, -69.875, 5.9755303499914326e-24, nan 
-7.125, -69.875, 3.277956211549788e-24, nan 
-6.875, -69.875, 2.3062119908800653e-24, nan 
-6.625, -69.875, 2.357603441269314e-24, nan 
-6.375, -69.875, 2.408646470010896e-24, nan 
-6.125, -69.875, 1.989926546873561e-24, nan 
-5.875, -69.875, 2.862573677919213e-24, nan 
-5.625, -69.875, 3.6386443475008575e-24, nan 
-5.375, -69.875, 2.8989850815257064e-24, nan 
-5.125, -69.875, 3.0747226353292064e-24, nan 
-4.875, -69.875, 4.805392125217435e-24, nan 
-4.625, -69.875, 2.0012619406499143e-24, nan 
-4.375, -69.875, 2.961282195903477e-24, nan 
-4.125, -69.875, 5.7997300706128635e-24, nan 
-3.875, -69.875, 3.2095164474113723e-24, nan 
-3.625, -69.875, 3.649249491787073e-24, nan 
-3.375, -69.875, 3.889311208010696e-24, nan 
-3.125, -69.875, 2.5312044283762304e-24, nan 
-2.875, -69.875, 2.3889793244828335e-24, nan 
-2.625, -69.875, 2.7284276423533718e-24, nan 
-2.375, -69.875, 3.340692459139803e-24, nan 
-2.125, -69.875, 2.698321357243774e-24, nan 
-1.875, -69.875, 2.335174853107907e-24, nan 
-1.625, -69.875, 3.020725140035266e-24, nan 
-1.375, -69.875, 3.022682130221885e-24, nan 
-1.125, -69.875, 2.7112999969726694e-24, nan 
-0.875, -69.875, 1.6119590538566182e-24, nan 
-0.625, -69.875, 1.6553767024435897e-24, nan 
-0.375, -69.875, 2.3543256367350857e-24, nan 
-0.125, -69.875, 2.721532493051491e-24, nan 
0.125, -69.875, 2.554848899379638e-24, nan 
-22.625, -69.625, 5.414750115160282e-24, nan 
-22.375, -69.625, 5.41674619754872e-24, nan 
-22.125, -69.625, 5.320764069649684e-24, nan 
-21.875, -69.625, 4.845345518472242e-24, nan 
-21.625, -69.625, 4.6133949901756086e-24, nan 
-21.375, -69.625, 2.679019638316734e-24, nan 
-21.125, -69.625, 1.4656450826190385e-24, nan 
-20.875, -69.625, 1.5991674795801833e-24, nan 
-20.625, -69.625, 1.478514661286309e-24, nan 
-20.375, -69.625, 1.8527857174371974e-24, nan 
-20.125, -69.625, 2.9049636812085635e-24, nan 
-19.875, -69.625, 2.0303607996314207e-24, nan 
-19.625, -69.625, 2.237456173893673e-24, nan 
-19.375, -69.625, 5.499696914036406e-24, nan 
-19.125, -69.625, 6.6149603673697995e-24, nan 
-18.875, -69.625, 3.570599342185624e-24, nan 
-18.625, -69.625, 8.044411260476102e-24, nan 
-18.375, -69.625, 1.1955898508983334e-23, nan 
-18.125, -69.625, 1.2039590698820891e-23, nan 
-17.875, -69.625, 1.22272990840831e-23, nan 
-17.625, -69.625, 9.668318054484791e-24, nan 
-17.375, -69.625, 9.08821445613835e-24, nan 
-17.125, -69.625, 5.624736550922424e-24, nan 
-16.875, -69.625, 5.866748885952711e-24, nan 
-16.625, -69.625, 1.1138281271059442e-23, nan 
-16.375, -69.625, 1.027143690731204e-23, nan 
-16.125, -69.625, 1.1345158672830768e-23, nan 
-15.875, -69.625, 1.1801955579637617e-23, nan 
-15.625, -69.625, 1.007599466958591e-23, nan 
-15.375, -69.625, 1.0813984841824983e-23, nan 
-15.125, -69.625, 1.0627082887992104e-23, nan 
-14.875, -69.625, 8.881883482465225e-24, nan 
-14.625, -69.625, 9.265904029866254e-24, nan 
-14.375, -69.625, 9.186743349985794e-24, nan 
-14.125, -69.625, 1.6037966608425227e-23, nan 
-13.875, -69.625, 1.822494861967668e-23, nan 
-13.625, -69.625, 1.661056574806588e-23, nan 
-13.375, -69.625, 1.411202901444143e-23, nan 
-13.125, -69.625, 1.5882456208484756e-23, nan 
-12.875, -69.625, 1.400419748703035e-23, nan 
-12.625, -69.625, 1.0809516078512095e-23, nan 
-12.375, -69.625, 4.2742790077327995e-24, nan 
-12.125, -69.625, 3.341430146604112e-24, nan 
-11.875, -69.625, 1.4943080957344751e-24, nan 
-11.625, -69.625, 9.675163377352598e-25, nan 
-11.375, -69.625, 8.536878899260968e-25, nan 
-11.125, -69.625, 1.041508322310318e-24, nan 
-10.875, -69.625, 1.0280644973292836e-24, nan 
-10.625, -69.625, 1.1803169403639388e-24, nan 
-10.375, -69.625, 1.4356093084531808e-24, nan 
-10.125, -69.625, 1.7037761028887945e-24, nan 
-9.875, -69.625, 1.873003323842616e-24, nan 
-9.625, -69.625, 2.2073564707162673e-24, nan 
-9.375, -69.625, 2.6793444430447827e-24, nan 
-9.125, -69.625, 2.4689790713937237e-24, nan 
-8.875, -69.625, 2.3516437137887465e-24, nan 
-8.625, -69.625, 1.8044497199972885e-24, nan 
-8.375, -69.625, 2.4391882600091947e-24, nan 
-8.125, -69.625, 3.4114322629932756e-24, nan 
-7.875, -69.625, 2.2312891578156984e-24, nan 
-7.625, -69.625, 2.1616361552771655e-24, nan 
-7.375, -69.625, 1.2878659675925368e-24, nan 
-7.125, -69.625, 2.0351638575952807e-24, nan 
-6.875, -69.625, 1.7104967315863e-24, nan 
-6.625, -69.625, 1.2338129540165854e-24, nan 
-6.375, -69.625, 1.0017537131176297e-24, nan 
-6.125, -69.625, 1.1488743968374176e-24, nan 
-5.875, -69.625, 1.98306072830629e-24, nan 
-5.625, -69.625, 2.3562472665575532e-24, nan 
-5.375, -69.625, 1.819219331680887e-24, nan 
-5.125, -69.625, 1.7531278729119484e-24, nan 
-4.875, -69.625, 4.8227020971411505e-25, nan 
-4.625, -69.625, 1.1608143368698817e-24, nan 
-4.375, -69.625, 2.382189225437583e-24, nan 
-4.125, -69.625, 4.084109454854656e-24, nan 
-3.875, -69.625, 2.5959310412010628e-24, nan 
-3.625, -69.625, 2.096372761187359e-24, nan 
-3.375, -69.625, 2.2761730145958936e-24, nan 
-3.125, -69.625, 2.7908754520156084e-24, nan 
-2.875, -69.625, 2.8795511170491476e-24, nan 
-2.625, -69.625, 2.681157632252787e-24, nan 
-2.375, -69.625, 2.347129100438821e-24, nan 
-2.125, -69.625, 2.5448033076537424e-24, nan 
-1.875, -69.625, 1.9725575707023373e-24, nan 
-1.625, -69.625, 2.119061743840593e-24, nan 
-1.375, -69.625, 1.4910677725368008e-24, nan 
-1.125, -69.625, 1.57779078933644e-24, nan 
-0.875, -69.625, 1.4974800520986083e-24, nan 
-0.625, -69.625, 1.0896222409122033e-24, nan 
-0.375, -69.625, 1.7522143283635154e-24, nan 
-0.125, -69.625, 1.8415838531654384e-24, nan 
0.125, -69.625, 2.282003805274751e-24, nan 
0.375, -69.625, 1.4219932168309105e-24, nan 
-22.375, -69.375, 4.922182173880956e-24, nan 
-22.125, -69.375, 5.6238574544654625e-24, nan 
-21.875, -69.375, 5.633469930380677e-24, nan 
-21.625, -69.375, 5.4495187314854705e-24, nan 
-21.375, -69.375, 3.465658555922689e-24, nan 
-21.125, -69.375, 4.4112571290945014e-24, nan 
-20.875, -69.375, 4.840452757072435e-24, nan 
-20.625, -69.375, 3.750886931158011e-24, nan 
-20.375, -69.375, 3.2552578069589158e-24, nan 
-20.125, -69.375, 2.824229908086294e-24, nan 
-19.875, -69.375, 2.6914872195030947e-24, nan 
-19.625, -69.375, 3.5015701152961e-24, nan 
-19.375, -69.375, 4.657606135493387e-24, nan 
-19.125, -69.375, 4.292834053633097e-24, nan 
-18.875, -69.375, 3.404074436789514e-24, nan 
-18.625, -69.375, 2.941677211312096e-24, nan 
-18.375, -69.375, 1.0776687015261486e-23, nan 
-18.125, -69.375, 1.435433397232338e-23, nan 
-17.875, -69.375, 1.58344923157225e-23, nan 
-17.625, -69.375, 1.5476814375615228e-23, nan 
-17.375, -69.375, 2.1036103519657214e-23, nan 
-17.125, -69.375, 1.7750386890319262e-23, nan 
-16.875, -69.375, 1.1247799816478007e-23, nan 
-16.625, -69.375, 1.372366690797608e-23, nan 
-16.375, -69.375, 1.430360317278224e-23, nan 
-16.125, -69.375, 1.8130807722867687e-23, nan 
-15.875, -69.375, 1.3105486918663902e-23, nan 
-15.625, -69.375, 1.1164241848580163e-23, nan 
-15.375, -69.375, 1.406922889789188e-23, nan 
-15.125, -69.375, 1.476034408563059e-23, nan 
-14.875, -69.375, 1.90593835597245e-23, nan 
-14.625, -69.375, 1.9041056280243478e-23, nan 
-14.375, -69.375, 1.761434304398047e-23, nan 
-14.125, -69.375, 1.929195560675524e-23, nan 
-13.875, -69.375, 1.844170653813581e-23, nan 
-13.625, -69.375, 1.643334825551823e-23, nan 
-13.375, -69.375, 1.1702691755703959e-23, nan 
-13.125, -69.375, 8.173423855030744e-24, nan 
-12.875, -69.375, 7.619488106797739e-24, nan 
-12.625, -69.375, 7.702554212791385e-24, nan 
-12.375, -69.375, 6.849079525697367e-24, nan 
-12.125, -69.375, 2.336894821633621e-24, nan 
-11.875, -69.375, 3.6001507003012316e-24, nan 
-11.625, -69.375, 4.02756197055626e-24, nan 
-11.375, -69.375, 2.8374459638724546e-24, nan 
-11.125, -69.375, 2.2970189244188554e-24, nan 
-10.875, -69.375, 3.399706012749535e-24, nan 
-10.625, -69.375, 2.7440892962945496e-24, nan 
-10.375, -69.375, 2.4311573716554472e-24, nan 
-10.125, -69.375, 3.1583259797610692e-24, nan 
-9.875, -69.375, 2.9109643254256356e-24, nan 
-9.625, -69.375, 2.8797886216006643e-24, nan 
-9.375, -69.375, 3.527520438491072e-24, nan 
-9.125, -69.375, 2.891504499950547e-24, nan 
-8.875, -69.375, 1.964229062571441e-24, nan 
-8.625, -69.375, 1.753548774403957e-24, nan 
-8.375, -69.375, 3.2256389412638316e-24, nan 
-8.125, -69.375, 3.3529658773346934e-24, nan 
-7.875, -69.375, 2.2720657031324022e-24, nan 
-7.625, -69.375, 7.92740254182695e-25, nan 
-7.375, -69.375, 1.0076414190064034e-24, nan 
-7.125, -69.375, 1.0431260675947353e-24, nan 
-6.875, -69.375, 7.267073574255342e-25, nan 
-6.625, -69.375, 7.0897112357819955e-25, nan 
-6.375, -69.375, 8.71336363016893e-25, nan 
-6.125, -69.375, 6.885135621216003e-25, nan 
-5.875, -69.375, 9.824949527231141e-25, nan 
-5.625, -69.375, 8.019108057956564e-25, nan 
-5.375, -69.375, 5.7921622115730895e-25, nan 
-5.125, -69.375, 9.198713317068357e-25, nan 
-4.875, -69.375, 9.938703846669097e-25, nan 
-4.625, -69.375, 1.6695463729815e-24, nan 
-4.375, -69.375, 2.035249639718179e-24, nan 
-4.125, -69.375, 1.860176648476033e-24, nan 
-3.875, -69.375, 2.6643670251376053e-24, nan 
-3.625, -69.375, 4.223654847012793e-24, nan 
-3.375, -69.375, 2.9907544621857023e-24, nan 
-3.125, -69.375, 3.1182730347929377e-24, nan 
-2.875, -69.375, 4.028731359705682e-24, nan 
-2.625, -69.375, 2.633156847983226e-24, nan 
-2.375, -69.375, 2.0758517935322826e-24, nan 
-2.125, -69.375, 1.636888591575164e-24, nan 
-1.875, -69.375, 1.5155899878101254e-24, nan 
-1.625, -69.375, 1.3577179698641528e-24, nan 
-1.375, -69.375, 1.490971520433754e-24, nan 
-1.125, -69.375, 1.2788556133529029e-24, nan 
-0.875, -69.375, 1.444153638935776e-24, nan 
-0.625, -69.375, 1.3747308462064972e-24, nan 
-0.375, -69.375, 1.2308317670939224e-24, nan 
-0.125, -69.375, 1.4492909700607853e-24, nan 
0.125, -69.375, 1.714720165883202e-24, nan 
0.375, -69.375, 1.5366536044012251e-24, nan 
0.625, -69.375, 2.1843008937505056e-24, nan 
-22.125, -69.125, 2.8181660098516607e-24, nan 
-21.875, -69.125, 2.3339441454771938e-24, nan 
-21.625, -69.125, 2.682046039121795e-24, nan 
-21.375, -69.125, 2.494481754489038e-24, nan 
-21.125, -69.125, 3.320491096179327e-24, nan 
-20.875, -69.125, 4.29769196151766e-24, nan 
-20.625, -69.125, 3.6181417107124356e-24, nan 
-20.375, -69.125, 3.0778256341622643e-24, nan 
-20.125, -69.125, 2.7661828274402525e-24, nan 
-19.875, -69.125, 2.770182081113991e-24, nan 
-19.625, -69.125, 2.8767093513141674e-24, nan 
-19.375, -69.125, 2.776219067263848e-24, nan 
-19.125, -69.125, 2.136085566938055e-24, nan 
-18.875, -69.125, 2.196281171171036e-24, nan 
-18.625, -69.125, 1.5891143766797183e-24, nan 
-18.375, -69.125, 1.988026522031415e-24, nan 
-18.125, -69.125, 4.2887101008379234e-24, nan 
-17.875, -69.125, 5.7919521460834566e-24, nan 
-17.625, -69.125, 1.574488135885879e-23, nan 
-17.375, -69.125, 1.7992395695037717e-23, nan 
-17.125, -69.125, 1.329910020010723e-23, nan 
-16.875, -69.125, 1.2037480688254116e-23, nan 
-16.625, -69.125, 1.5964170878044873e-23, nan 
-16.375, -69.125, 1.7033813251965102e-23, nan 
-16.125, -69.125, 1.538842389137455e-23, nan 
-15.875, -69.125, 1.5335278645011426e-23, nan 
-15.625, -69.125, 1.2518938754165267e-23, nan 
-15.375, -69.125, 1.655695639281855e-23, nan 
-15.125, -69.125, 1.7720924064347676e-23, nan 
-14.875, -69.125, 1.8034267786794453e-23, nan 
-14.625, -69.125, 1.5890158307398157e-23, nan 
-14.375, -69.125, 1.5252243363566628e-23, nan 
-14.125, -69.125, 9.782885217429641e-24, nan 
-13.875, -69.125, 6.209978267789692e-24, nan 
-13.625, -69.125, 5.895521963716286e-24, nan 
-13.375, -69.125, 1.0196930684029014e-23, nan 
-13.125, -69.125, 8.00437581060312e-24, nan 
-12.875, -69.125, 5.363161782438213e-24, nan 
-12.625, -69.125, 2.3665707064151497e-24, nan 
-12.375, -69.125, 2.7018582416644595e-24, nan 
-12.125, -69.125, 1.6977665610453378e-24, nan 
-11.875, -69.125, 2.967988553617706e-24, nan 
-11.625, -69.125, 3.0314557668157653e-24, nan 
-11.375, -69.125, 2.6276111737582776e-24, nan 
-11.125, -69.125, 3.2803833014941614e-24, nan 
-10.875, -69.125, 3.654695001962175e-24, nan 
-10.625, -69.125, 2.5694050080501236e-24, nan 
-10.375, -69.125, 2.558410648635264e-24, nan 
-10.125, -69.125, 2.31224945038914e-24, nan 
-9.875, -69.125, 1.850820889617969e-24, nan 
-9.625, -69.125, 2.421126844962928e-24, nan 
-9.375, -69.125, 2.1875289859734997e-24, nan 
-9.125, -69.125, 2.941331919294531e-24, nan 
-8.875, -69.125, 2.3639549080112702e-24, nan 
-8.625, -69.125, 2.514055461748762e-24, nan 
-8.375, -69.125, 5.466555865257604e-24, nan 
-8.125, -69.125, 6.212302711172138e-24, nan 
-7.875, -69.125, 4.33418987275909e-24, nan 
-7.625, -69.125, 3.504777002360624e-24, nan 
-7.375, -69.125, 3.414828678707339e-24, nan 
-7.125, -69.125, 2.4018360163593283e-24, nan 
-6.875, -69.125, 1.2919139182858245e-24, nan 
-6.625, -69.125, 1.0868038636658866e-24, nan 
-6.375, -69.125, 1.6928974068224403e-24, nan 
-6.125, -69.125, 1.960136648904788e-24, nan 
-5.875, -69.125, 1.6028011157817372e-24, nan 
-5.625, -69.125, 1.9063402945644817e-24, nan 
-5.375, -69.125, 1.67203497848037e-24, nan 
-5.125, -69.125, 1.8444576496539763e-24, nan 
-4.875, -69.125, 1.8525757743992693e-24, nan 
-4.625, -69.125, 3.167236844683822e-24, nan 
-4.375, -69.125, 3.5530479118859784e-24, nan 
-4.125, -69.125, 1.7247026728651962e-24, nan 
-3.875, -69.125, 2.6642387314495187e-24, nan 
-3.625, -69.125, 3.848528931925644e-24, nan 
-3.375, -69.125, 4.291277690901997e-24, nan 
-3.125, -69.125, 3.094021888672018e-24, nan 
-2.875, -69.125, 2.8528733922861504e-24, nan 
-2.625, -69.125, 3.8882189599231594e-24, nan 
-2.375, -69.125, 2.9463279795102176e-24, nan 
-2.125, -69.125, 2.057141601586643e-24, nan 
-1.875, -69.125, 1.66518158035475e-24, nan 
-1.625, -69.125, 1.5777866789848974e-24, nan 
-1.375, -69.125, 1.4070075235464634e-24, nan 
-1.125, -69.125, 1.2422507823723118e-24, nan 
-0.875, -69.125, 1.2995909714475518e-24, nan 
-0.625, -69.125, 1.427949862439175e-24, nan 
-0.375, -69.125, 5.815869879921588e-25, nan 
-0.125, -69.125, 9.512227117317041e-25, nan 
0.125, -69.125, 2.0281421662925508e-24, nan 
0.375, -69.125, 1.2557270514067366e-24, nan 
0.625, -69.125, 3.1477317530340692e-24, nan 
0.875, -69.125, 3.0417036036566982e-24, nan 
-22.125, -68.875, 2.8768364624434165e-24, nan 
-21.875, -68.875, 3.4827180695260975e-24, nan 
-21.625, -68.875, 3.370406078235728e-24, nan 
-21.375, -68.875, 2.583085545366171e-24, nan 
-21.125, -68.875, 3.0291239541627886e-24, nan 
-20.875, -68.875, 3.192133025671472e-24, nan 
-20.625, -68.875, 1.6171787349483013e-24, nan 
-20.375, -68.875, 1.7049855778986225e-24, nan 
-20.125, -68.875, 1.5569475036573364e-24, nan 
-19.875, -68.875, 1.2804716956202834e-24, nan 
-19.625, -68.875, 6.500898960498184e-25, nan 
-19.375, -68.875, 1.6248104344826677e-24, nan 
-19.125, -68.875, 1.1688409735633173e-24, nan 
-18.875, -68.875, 1.8578730483181378e-24, nan 
-18.625, -68.875, 2.3047839514829728e-24, nan 
-18.375, -68.875, 3.1794064645956178e-24, nan 
-18.125, -68.875, 4.371859055327283e-24, nan 
-17.875, -68.875, 4.55044193649282e-24, nan 
-17.625, -68.875, 5.0525283217783855e-24, nan 
-17.375, -68.875, 4.669726123753231e-24, nan 
-17.125, -68.875, 2.968430995022866e-24, nan 
-16.875, -68.875, 7.374778130769283e-24, nan 
-16.625, -68.875, 8.867696882694604e-24, nan 
-16.375, -68.875, 1.1662610897758719e-23, nan 
-16.125, -68.875, 9.481931370335638e-24, nan 
-15.875, -68.875, 1.1025059362088607e-23, nan 
-15.625, -68.875, 1.3147749653296569e-23, nan 
-15.375, -68.875, 1.0832285079456264e-23, nan 
-15.125, -68.875, 1.372480164634524e-23, nan 
-14.875, -68.875, 1.731893631615636e-23, nan 
-14.625, -68.875, 1.3479105384432223e-23, nan 
-14.375, -68.875, 1.0000247391585948e-23, nan 
-14.125, -68.875, 1.3004578383271671e-23, nan 
-13.875, -68.875, 1.3078879798909816e-23, nan 
-13.625, -68.875, 1.1297089611252611e-23, nan 
-13.375, -68.875, 1.19345176786036e-23, nan 
-13.125, -68.875, 1.447531877546946e-23, nan 
-12.875, -68.875, 1.4183019438790284e-23, nan 
-12.625, -68.875, 8.805117170816766e-24, nan 
-12.375, -68.875, 4.3915204323897485e-24, nan 
-12.125, -68.875, 3.883635988723992e-24, nan 
-11.875, -68.875, 3.0600173733330048e-24, nan 
-11.625, -68.875, 3.811282643269668e-24, nan 
-11.375, -68.875, 1.5164719350689347e-24, nan 
-11.125, -68.875, 2.62501757504114e-24, nan 
-10.875, -68.875, 3.1824202231506075e-24, nan 
-10.625, -68.875, 1.9377431810366046e-24, nan 
-10.375, -68.875, 1.999276065501551e-24, nan 
-10.125, -68.875, 2.295838199932018e-24, nan 
-9.875, -68.875, 1.916295229824475e-24, nan 
-9.625, -68.875, 1.8429572529179676e-24, nan 
-9.375, -68.875, 3.3291846670633934e-24, nan 
-9.125, -68.875, 2.3855910146969557e-24, nan 
-8.875, -68.875, 3.487572195282047e-24, nan 
-8.625, -68.875, 6.950707496215836e-24, nan 
-8.375, -68.875, 4.3075046426266864e-24, nan 
-8.125, -68.875, 4.1755323457508386e-24, nan 
-7.875, -68.875, 5.398091873363227e-24, nan 
-7.625, -68.875, 2.873610364518239e-24, nan 
-7.375, -68.875, 1.3690472088700471e-24, nan 
-7.125, -68.875, 1.580414366788689e-24, nan 
-6.875, -68.875, 1.6088259456290963e-24, nan 
-6.625, -68.875, 1.2912627279418218e-24, nan 
-6.375, -68.875, 1.8636092814377142e-24, nan 
-6.125, -68.875, 2.49818886230043e-24, nan 
-5.875, -68.875, 2.7726729270615634e-24, nan 
-5.625, -68.875, 2.649177298604753e-24, nan 
-5.375, -68.875, 2.7610416356742302e-24, nan 
-5.125, -68.875, 2.1548974411437127e-24, nan 
-4.875, -68.875, 2.9142743951971614e-24, nan 
-4.625, -68.875, 3.2998269261348337e-24, nan 
-4.375, -68.875, 3.0040861601654566e-24, nan 
-4.125, -68.875, 2.096187412671734e-24, nan 
-3.875, -68.875, 2.4790736557013954e-24, nan 
-3.625, -68.875, 3.0167535311475544e-24, nan 
-3.375, -68.875, 3.604250493425206e-24, nan 
-3.125, -68.875, 3.2294281657588312e-24, nan 
-2.875, -68.875, 2.4592551385097023e-24, nan 
-2.625, -68.875, 2.9213884141101082e-24, nan 
-2.375, -68.875, 2.7576482259728702e-24, nan 
-2.125, -68.875, 2.138209850843413e-24, nan 
-1.875, -68.875, 1.848256797150078e-24, nan 
-1.625, -68.875, 1.5331570391113313e-24, nan 
-1.375, -68.875, 1.4763470611254723e-24, nan 
-1.125, -68.875, 1.6219038482946406e-24, nan 
-0.875, -68.875, 1.4024463160316695e-24, nan 
-0.625, -68.875, 1.656139928076726e-24, nan 
-0.375, -68.875, 1.5721772477593133e-24, nan 
-0.125, -68.875, 1.8500816521571357e-24, nan 
0.125, -68.875, 1.9205428348348607e-24, nan 
0.375, -68.875, 2.331247539585538e-24, nan 
0.625, -68.875, 3.503310306867328e-24, nan 
0.875, -68.875, 6.003364220999219e-24, nan 
-21.875, -68.625, 3.314647795027209e-24, nan 
-21.625, -68.625, 3.0773595956852296e-24, nan 
-21.375, -68.625, 3.520336324540527e-24, nan 
-21.125, -68.625, 3.5639876231241475e-24, nan 
-20.875, -68.625, 3.2976501813008196e-24, nan 
-20.625, -68.625, 2.6862859931624576e-24, nan 
-20.375, -68.625, 3.527071340011984e-24, nan 
-20.125, -68.625, 3.3774809035859764e-24, nan 
-19.875, -68.625, 3.020759664679004e-24, nan 
-19.625, -68.625, 2.491707782616184e-24, nan 
-19.375, -68.625, 3.0579580429666904e-24, nan 
-19.125, -68.625, 2.406507904939054e-24, nan 
-18.875, -68.625, 2.6614896139636746e-24, nan 
-18.625, -68.625, 1.4458809871026095e-24, nan 
-18.375, -68.625, 2.8666172490501324e-24, nan 
-18.125, -68.625, 2.1247228564321384e-24, nan 
-17.875, -68.625, 1.62655783935625e-24, nan 
-17.625, -68.625, 2.5481845410724695e-24, nan 
-17.375, -68.625, 2.226380582075589e-24, nan 
-17.125, -68.625, 2.775384581675172e-24, nan 
-16.875, -68.625, 3.5011177683403354e-24, nan 
-16.625, -68.625, 4.316918057192313e-24, nan 
-16.375, -68.625, 5.015184450874966e-24, nan 
-16.125, -68.625, 5.36319622765753e-24, nan 
-15.875, -68.625, 6.95480264419657e-24, nan 
-15.625, -68.625, 1.5326794909720077e-23, nan 
-15.375, -68.625, 1.6887418651022e-23, nan 
-15.125, -68.625, 9.292312552158766e-24, nan 
-14.875, -68.625, 1.438080988471605e-23, nan 
-14.625, -68.625, 1.769033370870717e-23, nan 
-14.375, -68.625, 7.985613830176914e-24, nan 
-14.125, -68.625, 3.6367223022975074e-24, nan 
-13.875, -68.625, 1.0122170849384081e-24, nan 
-13.625, -68.625, 8.15699977588272e-24, nan 
-13.375, -68.625, 1.605473698693677e-23, nan 
-13.125, -68.625, 1.7046731435621722e-23, nan 
-12.875, -68.625, 1.3395727850597653e-23, nan 
-12.625, -68.625, 1.54924349048757e-23, nan 
-12.375, -68.625, 1.3293372345202455e-23, nan 
-12.125, -68.625, 5.328803876423338e-24, nan 
-11.875, -68.625, 3.750484870467661e-24, nan 
-11.625, -68.625, 2.9696688208062312e-24, nan 
-11.375, -68.625, 1.3112696974968916e-24, nan 
-11.125, -68.625, 1.6316903567814454e-24, nan 
-10.875, -68.625, 2.3488928389033036e-24, nan 
-10.625, -68.625, 1.4284630733988678e-24, nan 
-10.375, -68.625, 2.2494421364190382e-24, nan 
-10.125, -68.625, 1.7988387225634974e-24, nan 
-9.875, -68.625, 1.7122462346567856e-24, nan 
-9.625, -68.625, 1.779098899192699e-24, nan 
-9.375, -68.625, 1.8928946618839606e-24, nan 
-9.125, -68.625, 1.6142024152251858e-24, nan 
-8.875, -68.625, 2.6833788131061785e-24, nan 
-8.625, -68.625, 4.599782132694829e-24, nan 
-8.375, -68.625, 3.081552312052576e-24, nan 
-8.125, -68.625, 1.973456429553376e-24, nan 
-7.875, -68.625, 2.165421415484864e-24, nan 
-7.625, -68.625, 1.421849329506331e-24, nan 
-7.375, -68.625, 1.9601912892261215e-24, nan 
-7.125, -68.625, 2.3175218864254755e-24, nan 
-6.875, -68.625, 1.5032175550056147e-24, nan 
-6.625, -68.625, 1.9766247520959993e-24, nan 
-6.375, -68.625, 9.640677356129176e-25, nan 
-6.125, -68.625, 1.6521620517044593e-24, nan 
-5.875, -68.625, 4.206916822066246e-24, nan 
-5.625, -68.625, 3.4819207889369235e-24, nan 
-5.375, -68.625, 3.866577646652573e-24, nan 
-5.125, -68.625, 2.9140745461147777e-24, nan 
-4.875, -68.625, 3.046505459627272e-24, nan 
-4.625, -68.625, 2.980118267354957e-24, nan 
-4.375, -68.625, 1.9665230652612675e-24, nan 
-4.125, -68.625, 2.978498571868972e-24, nan 
-3.875, -68.625, 4.0937752355851785e-24, nan 
-3.625, -68.625, 2.2180125945903108e-24, nan 
-3.375, -68.625, 3.0502693578998625e-24, nan 
-3.125, -68.625, 3.1835207564707744e-24, nan 
-2.875, -68.625, 2.339472074272174e-24, nan 
-2.625, -68.625, 2.6788419581285077e-24, nan 
-2.375, -68.625, 2.6002532280923706e-24, nan 
-2.125, -68.625, 2.227854444856744e-24, nan 
-1.875, -68.625, 1.9433786181883412e-24, nan 
-1.625, -68.625, 2.3083198814239023e-24, nan 
-1.375, -68.625, 1.6133040697445568e-24, nan 
-1.125, -68.625, 1.3672699222053556e-24, nan 
-0.875, -68.625, 1.544940669329741e-24, nan 
-0.625, -68.625, 2.241291426088572e-24, nan 
-0.375, -68.625, 2.3211657996662917e-24, nan 
-0.125, -68.625, 2.2578423549453735e-24, nan 
0.125, -68.625, 4.5679115517077266e-24, nan 
0.375, -68.625, 5.661259571866799e-24, nan 
0.625, -68.625, 6.544609600559575e-24, nan 
0.875, -68.625, 6.3461114395970026e-24, nan 
1.125, -68.625, 6.167256755844923e-24, nan 
-21.625, -68.375, 3.2410716130489744e-24, nan 
-21.375, -68.375, 2.8779434248168713e-24, nan 
-21.125, -68.375, 2.0716441616157082e-24, nan 
-20.875, -68.375, 2.6423273912579658e-24, nan 
-20.625, -68.375, 2.778296020552716e-24, nan 
-20.375, -68.375, 4.5791242235770436e-24, nan 
-20.125, -68.375, 3.783861898943135e-24, nan 
-19.875, -68.375, 3.195994198421033e-24, nan 
-19.625, -68.375, 3.792826118575831e-24, nan 
-19.375, -68.375, 3.842626920567298e-24, nan 
-19.125, -68.375, 2.708812885950272e-24, nan 
-18.875, -68.375, 2.9163268065072305e-24, nan 
-18.625, -68.375, 2.7794567457700636e-24, nan 
-18.375, -68.375, 3.7481465523628586e-24, nan 
-18.125, -68.375, 3.0853660817168857e-24, nan 
-17.875, -68.375, 2.9683058494304528e-24, nan 
-17.625, -68.375, 4.077992878717137e-24, nan 
-17.375, -68.375, 2.9928764052996854e-24, nan 
-17.125, -68.375, 2.1513307195145227e-24, nan 
-16.875, -68.375, 2.8679109332032005e-24, nan 
-16.625, -68.375, 4.2312508555737034e-24, nan 
-16.375, -68.375, 3.452851039185457e-24, nan 
-16.125, -68.375, 2.9758008908834443e-24, nan 
-15.875, -68.375, 7.229740900815135e-24, nan 
-15.625, -68.375, 9.433848519652344e-24, nan 
-15.375, -68.375, 1.288412625081632e-23, nan 
-15.125, -68.375, 1.2251880155824264e-23, nan 
-14.875, -68.375, 1.458450950768986e-23, nan 
-14.625, -68.375, 1.8734831595295726e-23, nan 
-14.375, -68.375, 1.2823413681604746e-23, nan 
-14.125, -68.375, 7.820283262454193e-24, nan 
-13.875, -68.375, 8.39321526584926e-24, nan 
-13.625, -68.375, 1.4896533040232986e-23, nan 
-13.375, -68.375, 1.738657378675898e-23, nan 
-13.125, -68.375, 1.285196408787247e-23, nan 
-12.875, -68.375, 1.3842425200766766e-23, nan 
-12.625, -68.375, 1.2483496785751693e-23, nan 
-12.375, -68.375, 7.968550140269702e-24, nan 
-12.125, -68.375, 1.8070748915782734e-24, nan 
-11.875, -68.375, 1.4260359377229724e-24, nan 
-11.625, -68.375, 1.6975931249570285e-24, nan 
-11.375, -68.375, 1.389466822386271e-24, nan 
-11.125, -68.375, 3.378825273863417e-24, nan 
-10.875, -68.375, 3.229053767765678e-24, nan 
-10.625, -68.375, 2.2535394734799516e-24, nan 
-10.375, -68.375, 2.9781939770782226e-24, nan 
-10.125, -68.375, 2.4562316391958882e-24, nan 
-9.875, -68.375, 2.5920622924654932e-24, nan 
-9.625, -68.375, 1.7572745836206955e-24, nan 
-9.375, -68.375, 1.589954181153249e-24, nan 
-9.125, -68.375, 2.0945139966569396e-24, nan 
-8.875, -68.375, 1.5127537994157952e-24, nan 
-8.625, -68.375, 1.9212410414322332e-24, nan 
-8.375, -68.375, 2.1479953147268738e-24, nan 
-8.125, -68.375, 2.7633929305748315e-24, nan 
-7.875, -68.375, 2.83248624761353e-24, nan 
-7.625, -68.375, 2.5272784482827416e-24, nan 
-7.375, -68.375, 2.0896425033757398e-24, nan 
-7.125, -68.375, 2.3363593839274172e-24, nan 
-6.875, -68.375, 1.9112089642337726e-24, nan 
-6.625, -68.375, 3.1384249452805817e-24, nan 
-6.375, -68.375, 2.7681288665462124e-24, nan 
-6.125, -68.375, 2.943329447556803e-24, nan 
-5.875, -68.375, 4.627612522936023e-24, nan 
-5.625, -68.375, 4.582176800450697e-24, nan 
-5.375, -68.375, 5.282158512045117e-24, nan 
-5.125, -68.375, 5.011130884969074e-24, nan 
-4.875, -68.375, 5.159256464307635e-24, nan 
-4.625, -68.375, 5.5230139130074714e-24, nan 
-4.375, -68.375, 3.771548352481621e-24, nan 
-4.125, -68.375, 5.487333746247661e-24, nan 
-3.875, -68.375, 7.398465118282253e-24, nan 
-3.625, -68.375, 2.2185630589599303e-24, nan 
-3.375, -68.375, 4.3578383174493534e-24, nan 
-3.125, -68.375, 5.669918497243343e-24, nan 
-2.875, -68.375, 2.0122106569809665e-24, nan 
-2.625, -68.375, 3.727023029869773e-24, nan 
-2.375, -68.375, 2.682806108361334e-24, nan 
-2.125, -68.375, 2.7895869560493342e-24, nan 
-1.875, -68.375, 2.9910541935092616e-24, nan 
-1.625, -68.375, 2.6123869103661583e-24, nan 
-1.375, -68.375, 2.743150219630347e-24, nan 
-1.125, -68.375, 1.8066530717401462e-24, nan 
-0.875, -68.375, 1.535697611158811e-24, nan 
-0.625, -68.375, 2.40574892554875e-24, nan 
-0.375, -68.375, 2.6153234411311496e-24, nan 
-0.125, -68.375, 4.476943946035872e-24, nan 
0.125, -68.375, 6.751365666714354e-24, nan 
0.375, -68.375, 8.142123146250231e-24, nan 
0.625, -68.375, 1.6060266452374105e-23, nan 
0.875, -68.375, 1.166580221790953e-23, nan 
1.125, -68.375, 7.841816892528895e-24, nan 
1.375, -68.375, 2.382347396465458e-23, nan 
-21.625, -68.125, 6.734486963092144e-24, nan 
-21.375, -68.125, 3.5647731398958756e-24, nan 
-21.125, -68.125, 2.5729691773773522e-24, nan 
-20.875, -68.125, 3.1882770218406144e-24, nan 
-20.625, -68.125, 3.7228391981318904e-24, nan 
-20.375, -68.125, 3.563832776322862e-24, nan 
-20.125, -68.125, 2.2311290415165455e-24, nan 
-19.875, -68.125, 2.122305982506242e-24, nan 
-19.625, -68.125, 3.703396920885259e-24, nan 
-19.375, -68.125, 3.4532311927252456e-24, nan 
-19.125, -68.125, 3.0849129105474416e-24, nan 
-18.875, -68.125, 2.7376318940021762e-24, nan 
-18.625, -68.125, 3.6363723249482104e-24, nan 
-18.375, -68.125, 2.9217916314311453e-24, nan 
-18.125, -68.125, 3.311492226088441e-24, nan 
-17.875, -68.125, 3.843743774359878e-24, nan 
-17.625, -68.125, 3.588137524572545e-24, nan 
-17.375, -68.125, 3.197659071474944e-24, nan 
-17.125, -68.125, 4.103775623092039e-24, nan 
-16.875, -68.125, 4.2686884806936244e-24, nan 
-16.625, -68.125, 3.8295654869614654e-24, nan 
-16.375, -68.125, 3.923707850544857e-24, nan 
-16.125, -68.125, 2.3955585147735654e-24, nan 
-15.875, -68.125, 2.1395586342504277e-24, nan 
-15.625, -68.125, 3.377883244185163e-24, nan 
-15.375, -68.125, 1.9974370978580355e-24, nan 
-15.125, -68.125, 8.280690981370416e-24, nan 
-14.875, -68.125, 1.3425242240206403e-23, nan 
-14.625, -68.125, 1.524405668680273e-23, nan 
-14.375, -68.125, 1.1830005363954997e-23, nan 
-14.125, -68.125, 1.3362077040411093e-23, nan 
-13.875, -68.125, 1.2189168681524335e-23, nan 
-13.625, -68.125, 1.0249516549620918e-23, nan 
-13.375, -68.125, 1.4254450337917177e-23, nan 
-13.125, -68.125, 1.15838959172632e-23, nan 
-12.875, -68.125, 3.340592646227427e-24, nan 
-12.625, -68.125, 2.2821782028122876e-24, nan 
-12.375, -68.125, 2.1765419725692244e-24, nan 
-12.125, -68.125, 8.429932144034278e-25, nan 
-11.875, -68.125, 1.1853499822337359e-24, nan 
-11.625, -68.125, 2.432612031115223e-24, nan 
-11.375, -68.125, 2.8207538582229285e-24, nan 
-11.125, -68.125, 3.1076842026217455e-24, nan 
-10.875, -68.125, 3.258497251392896e-24, nan 
-10.625, -68.125, 2.6722723161194687e-24, nan 
-10.375, -68.125, 1.8733588495785494e-24, nan 
-10.125, -68.125, 1.460470473590732e-24, nan 
-9.875, -68.125, 1.1863589747929423e-24, nan 
-9.625, -68.125, 1.0041485288438248e-24, nan 
-9.375, -68.125, 1.1584672737661176e-24, nan 
-9.125, -68.125, 2.1153130450201565e-24, nan 
-8.875, -68.125, 2.1200717359394878e-24, nan 
-8.625, -68.125, 2.0464129675907235e-24, nan 
-8.375, -68.125, 2.507320467602971e-24, nan 
-8.125, -68.125, 2.691064637486493e-24, nan 
-7.875, -68.125, 2.3330992860370735e-24, nan 
-7.625, -68.125, 2.6436544725793337e-24, nan 
-7.375, -68.125, 1.5289797626885659e-24, nan 
-7.125, -68.125, 6.094243896433628e-25, nan 
-6.875, -68.125, 2.0288755300334836e-24, nan 
-6.625, -68.125, 2.2422158069629913e-24, nan 
-6.375, -68.125, 3.0749785678280313e-24, nan 
-6.125, -68.125, 3.0216397125076377e-24, nan 
-5.875, -68.125, 1.781575068720576e-24, nan 
-5.625, -68.125, 9.31154956784047e-25, nan 
-5.375, -68.125, 1.962545829887721e-24, nan 
-5.125, -68.125, 4.3455298781823384e-24, nan 
-4.875, -68.125, 4.332288386568218e-24, nan 
-4.625, -68.125, 4.89240731951623e-24, nan 
-4.375, -68.125, 5.217643212607762e-24, nan 
-4.125, -68.125, 5.612467084261739e-24, nan 
-3.875, -68.125, 5.853405021598726e-24, nan 
-3.625, -68.125, 2.951791672214188e-24, nan 
-3.375, -68.125, 5.4866524811400665e-24, nan 
-3.125, -68.125, 3.7703686675954734e-24, nan 
-2.875, -68.125, 2.1122341462122058e-24, nan 
-2.625, -68.125, 4.004686187825713e-24, nan 
-2.375, -68.125, 2.58798686480775e-24, nan 
-2.125, -68.125, 2.179583425430903e-24, nan 
-1.875, -68.125, 1.5256833975705563e-24, nan 
-1.625, -68.125, 1.4873016903346056e-24, nan 
-1.375, -68.125, 1.2631498161320882e-24, nan 
-1.125, -68.125, 1.6921486176210377e-24, nan 
-0.875, -68.125, 1.690926200015122e-24, nan 
-0.625, -68.125, 1.2566662301013616e-24, nan 
-0.375, -68.125, 1.192236104975464e-24, nan 
-0.125, -68.125, 3.340443334268361e-24, nan 
0.125, -68.125, 3.3944093694823496e-24, nan 
0.375, -68.125, 8.098554083560561e-24, nan 
0.625, -68.125, 1.442341207229612e-23, nan 
0.875, -68.125, 7.024788939013035e-24, nan 
1.125, -68.125, 1.2760614898758296e-23, nan 
1.375, -68.125, 2.2055631176066326e-23, nan 
-21.375, -67.875, 2.7682757462131123e-24, nan 
-21.125, -67.875, 3.791987312294413e-24, nan 
-20.875, -67.875, 4.586533948550072e-24, nan 
-20.625, -67.875, 3.878255592971621e-24, nan 
-20.375, -67.875, 3.042857158518749e-24, nan 
-20.125, -67.875, 2.8851469130078672e-24, nan 
-19.875, -67.875, 1.856790438871349e-24, nan 
-19.625, -67.875, 3.9664855552647956e-24, nan 
-19.375, -67.875, 3.959686279248425e-24, nan 
-19.125, -67.875, 6.48218703452668e-24, nan 
-18.875, -67.875, 2.651504327728301e-24, nan 
-18.625, -67.875, 3.416897280253577e-24, nan 
-18.375, -67.875, 3.1577705818732093e-24, nan 
-18.125, -67.875, 3.2658346515834548e-24, nan 
-17.875, -67.875, 2.7786979499536785e-24, nan 
-17.625, -67.875, 2.590386525590216e-24, nan 
-17.375, -67.875, 3.240235081881682e-24, nan 
-17.125, -67.875, 4.582550853116344e-24, nan 
-16.875, -67.875, 4.477147596763193e-24, nan 
-16.625, -67.875, 3.780533403506694e-24, nan 
-16.375, -67.875, 3.2486189836798484e-24, nan 
-16.125, -67.875, 3.767459518199446e-24, nan 
-15.875, -67.875, 2.8660073263801238e-24, nan 
-15.625, -67.875, 2.2995690252841362e-24, nan 
-15.375, -67.875, 2.5049869423045802e-24, nan 
-15.125, -67.875, 2.050950184267744e-24, nan 
-14.875, -67.875, 3.0371739230817987e-24, nan 
-14.625, -67.875, 2.9606752383179446e-24, nan 
-14.375, -67.875, 4.510409541088357e-24, nan 
-14.125, -67.875, 6.647688087699108e-24, nan 
-13.875, -67.875, 4.737955378420211e-24, nan 
-13.625, -67.875, 3.5090011133894495e-24, nan 
-13.375, -67.875, 1.1679779978584833e-24, nan 
-13.125, -67.875, 2.0830574480653352e-24, nan 
-12.875, -67.875, 5.9787670481225575e-25, nan 
-12.625, -67.875, 1.341605013513187e-24, nan 
-12.375, -67.875, 2.6373419440227976e-24, nan 
-12.125, -67.875, 2.942407011001645e-24, nan 
-11.875, -67.875, 4.302331543966886e-24, nan 
-11.625, -67.875, 3.853204741142235e-24, nan 
-11.375, -67.875, 3.0349080944409037e-24, nan 
-11.125, -67.875, 3.2197296624210134e-24, nan 
-10.875, -67.875, 2.4592727654130507e-24, nan 
-10.625, -67.875, 1.819764528476756e-24, nan 
-10.375, -67.875, 1.9291183911104967e-24, nan 
-10.125, -67.875, 2.2636692212129615e-24, nan 
-9.875, -67.875, 1.6907303874638044e-24, nan 
-9.625, -67.875, 2.3474936428713546e-24, nan 
-9.375, -67.875, 2.230601255366913e-24, nan 
-9.125, -67.875, 1.0288137762176099e-24, nan 
-8.875, -67.875, 2.562086956855312e-24, nan 
-8.625, -67.875, 4.017373886176512e-24, nan 
-8.375, -67.875, 3.088139020324657e-24, nan 
-8.125, -67.875, 2.198008050430318e-24, nan 
-7.875, -67.875, 2.972336126861393e-24, nan 
-7.625, -67.875, 2.7046765327760614e-24, nan 
-7.375, -67.875, 2.0795752072635835e-24, nan 
-7.125, -67.875, 2.2011067906450193e-24, nan 
-6.875, -67.875, 2.7592971023097147e-24, nan 
-6.625, -67.875, 1.52155671300629e-24, nan 
-6.375, -67.875, 4.090588758856653e-24, nan 
-6.125, -67.875, 3.325191678801518e-24, nan 
-5.875, -67.875, 2.1617971816357296e-24, nan 
-5.625, -67.875, 1.4379990660552033e-24, nan 
-5.375, -67.875, 1.6493607115513976e-24, nan 
-5.125, -67.875, 1.8595721004728343e-24, nan 
-4.875, -67.875, 9.621382785375748e-25, nan 
-4.625, -67.875, 2.951154309949284e-24, nan 
-4.375, -67.875, 3.930321582949271e-24, nan 
-4.125, -67.875, 4.9745512611089114e-24, nan 
-3.875, -67.875, 4.71949258410789e-24, nan 
-3.625, -67.875, 3.396971801414166e-24, nan 
-3.375, -67.875, 4.092042965191203e-24, nan 
-3.125, -67.875, 3.819349958433794e-24, nan 
-2.875, -67.875, 2.0611852401054584e-24, nan 
-2.625, -67.875, 4.103870102120492e-24, nan 
-2.375, -67.875, 2.07688964118429e-24, nan 
-2.125, -67.875, 2.0927250304193996e-24, nan 
-1.875, -67.875, 3.5129886980319246e-24, nan 
-1.625, -67.875, 2.3291681574338044e-24, nan 
-1.375, -67.875, 1.20859903393933e-24, nan 
-1.125, -67.875, 1.4184036405310205e-24, nan 
-0.875, -67.875, 2.9373752666472758e-24, nan 
-0.625, -67.875, 3.258445865528187e-24, nan 
-0.375, -67.875, 3.2578721307180806e-24, nan 
-0.125, -67.875, 3.609355013917556e-24, nan 
0.125, -67.875, 3.1186596852405594e-24, nan 
0.375, -67.875, 3.799123489110732e-24, nan 
0.625, -67.875, 3.475133279793956e-24, nan 
0.875, -67.875, 5.304532397242971e-24, nan 
1.125, -67.875, 1.040146047444691e-23, nan 
1.375, -67.875, 1.5440159501059224e-23, nan 
1.625, -67.875, 9.829387515908876e-24, nan 
-21.125, -67.625, 3.7338716470846846e-24, nan 
-20.875, -67.625, 5.023112936751621e-24, nan 
-20.625, -67.625, 3.6939863701594476e-24, nan 
-20.375, -67.625, 5.9861108582197e-24, nan 
-20.125, -67.625, 9.143406425738308e-24, nan 
-19.875, -67.625, 1.0109125871470919e-23, nan 
-19.625, -67.625, 8.379765157516762e-24, nan 
-19.375, -67.625, 8.23441567152437e-24, nan 
-19.125, -67.625, 8.761547455554721e-24, nan 
-18.875, -67.625, 1.028261810603301e-24, nan 
-18.625, -67.625, 1.3993889843037616e-24, nan 
-18.375, -67.625, 5.006010786246575e-24, nan 
-18.125, -67.625, 8.550011345754395e-25, nan 
-17.875, -67.625, 2.2215239346045393e-24, nan 
-17.625, -67.625, 1.730192958450444e-24, nan 
-17.375, -67.625, 2.3750403484558214e-24, nan 
-17.125, -67.625, 4.667885056713589e-24, nan 
-16.875, -67.625, 3.720613038808583e-24, nan 
-16.625, -67.625, 3.832328369348809e-24, nan 
-16.375, -67.625, 3.5060535326929576e-24, nan 
-16.125, -67.625, 4.513684409876436e-24, nan 
-15.875, -67.625, 4.089362196906716e-24, nan 
-15.625, -67.625, 3.3617840621314256e-24, nan 
-15.375, -67.625, 3.056424041718494e-24, nan 
-15.125, -67.625, 4.1511667083276104e-24, nan 
-14.875, -67.625, 3.483011168535351e-24, nan 
-14.625, -67.625, 3.010840228844449e-24, nan 
-14.375, -67.625, 2.4169965033559617e-24, nan 
-14.125, -67.625, 2.4791718025923163e-24, nan 
-13.875, -67.625, 1.7462437050455118e-24, nan 
-13.625, -67.625, 1.4722034574764758e-24, nan 
-13.375, -67.625, 2.9482717333779677e-24, nan 
-13.125, -67.625, 3.525584782801407e-24, nan 
-12.875, -67.625, 3.521456238599487e-24, nan 
-12.625, -67.625, 3.184716252758806e-24, nan 
-12.375, -67.625, 3.980520628038041e-24, nan 
-12.125, -67.625, 4.064463608964876e-24, nan 
-11.875, -67.625, 4.101402677610339e-24, nan 
-11.625, -67.625, 3.4556125711408264e-24, nan 
-11.375, -67.625, 2.181053684104182e-24, nan 
-11.125, -67.625, 1.6017489663249736e-24, nan 
-10.875, -67.625, 1.8888015319648044e-24, nan 
-10.625, -67.625, 1.7766700260924922e-24, nan 
-10.375, -67.625, 1.5923425165661269e-24, nan 
-10.125, -67.625, 4.232607787288493e-24, nan 
-9.875, -67.625, 2.5088085163505703e-24, nan 
-9.625, -67.625, 2.0487700029965247e-24, nan 
-9.375, -67.625, 2.4626311674263327e-24, nan 
-9.125, -67.625, 2.7920991314854357e-24, nan 
-8.875, -67.625, 2.0630447162804923e-24, nan 
-8.625, -67.625, 3.4258722035432855e-24, nan 
-8.375, -67.625, 3.0428811011043293e-24, nan 
-8.125, -67.625, 1.6645412824582626e-24, nan 
-7.875, -67.625, 1.276159418025002e-24, nan 
-7.625, -67.625, 1.691899210302339e-24, nan 
-7.375, -67.625, 3.448639166269745e-24, nan 
-7.125, -67.625, 1.208550352910866e-24, nan 
-6.875, -67.625, 2.316592329435514e-24, nan 
-6.625, -67.625, 2.1636102272370514e-24, nan 
-6.375, -67.625, 2.131549073090577e-24, nan 
-6.125, -67.625, 2.5930111555790766e-24, nan 
-5.875, -67.625, 2.002860807239255e-24, nan 
-5.625, -67.625, 1.018078376745936e-24, nan 
-5.375, -67.625, 1.562601247941854e-24, nan 
-5.125, -67.625, 2.3902300897238425e-24, nan 
-4.875, -67.625, 3.944084870472146e-24, nan 
-4.625, -67.625, 7.374545751255875e-25, nan 
-4.375, -67.625, 4.141896916333886e-24, nan 
-4.125, -67.625, 7.669382662857486e-24, nan 
-3.875, -67.625, 4.880042982656477e-24, nan 
-3.625, -67.625, 2.851304664193742e-24, nan 
-3.375, -67.625, 2.3651360768897773e-24, nan 
-3.125, -67.625, 6.841610726961594e-24, nan 
-2.875, -67.625, 3.334844475791913e-24, nan 
-2.625, -67.625, 4.298618605310045e-24, nan 
-2.375, -67.625, 5.433864045752573e-24, nan 
-2.125, -67.625, 4.8590278026014986e-24, nan 
-1.875, -67.625, 3.504351906794418e-24, nan 
-1.625, -67.625, 3.554142315257506e-24, nan 
-1.375, -67.625, 2.4039163070997176e-24, nan 
-1.125, -67.625, 2.253764404295794e-24, nan 
-0.875, -67.625, 3.302162266211927e-24, nan 
-0.625, -67.625, 3.0819069627375367e-24, nan 
-0.375, -67.625, 3.223247552463834e-24, nan 
-0.125, -67.625, 3.204021936433789e-24, nan 
0.125, -67.625, 3.290316563014619e-24, nan 
0.375, -67.625, 3.565969253745634e-24, nan 
0.625, -67.625, 4.672851893644354e-24, nan 
0.875, -67.625, 4.688699979136446e-24, nan 
1.125, -67.625, 4.0365571162197655e-24, nan 
1.375, -67.625, 4.625556941337228e-24, nan 
1.625, -67.625, 5.733307397246246e-24, nan 
-21.125, -67.375, 7.655777194158746e-24, nan 
-20.875, -67.375, 9.527082309227691e-24, nan 
-20.625, -67.375, 8.23595502689034e-24, nan 
-20.375, -67.375, 1.028726123342298e-23, nan 
-20.125, -67.375, 1.2623196103617393e-23, nan 
-19.875, -67.375, 1.2620914398557018e-23, nan 
-19.625, -67.375, 1.0718457418872914e-23, nan 
-19.375, -67.375, 1.1124731786591554e-23, nan 
-19.125, -67.375, 6.653194130131146e-24, nan 
-18.875, -67.375, 6.548529028027968e-24, nan 
-18.625, -67.375, 7.537773154745366e-24, nan 
-18.375, -67.375, 4.94173866437731e-24, nan 
-18.125, -67.375, 1.222280850979731e-24, nan 
-17.875, -67.375, 1.4111927688906378e-24, nan 
-17.625, -67.375, 2.2911124477587866e-24, nan 
-17.375, -67.375, 2.823670810151979e-24, nan 
-17.125, -67.375, 3.722082337932736e-24, nan 
-16.875, -67.375, 3.8571254051553074e-24, nan 
-16.625, -67.375, 4.734156200942902e-24, nan 
-16.375, -67.375, 5.0422963704069346e-24, nan 
-16.125, -67.375, 5.1981175087170794e-24, nan 
-15.875, -67.375, 6.972293011501868e-24, nan 
-15.625, -67.375, 1.2083703969762886e-23, nan 
-15.375, -67.375, 9.703253332713965e-24, nan 
-15.125, -67.375, 5.010442434541388e-24, nan 
-14.875, -67.375, 4.119464329725816e-24, nan 
-14.625, -67.375, 5.681798362905994e-24, nan 
-14.375, -67.375, 4.638797101712167e-24, nan 
-14.125, -67.375, 4.368525160931846e-24, nan 
-13.875, -67.375, 3.812316371770307e-24, nan 
-13.625, -67.375, 3.3849504208451635e-24, nan 
-13.375, -67.375, 4.354954115962831e-24, nan 
-13.125, -67.375, 3.991582136514571e-24, nan 
-12.875, -67.375, 3.700479509214875e-24, nan 
-12.625, -67.375, 2.413896709469862e-24, nan 
-12.375, -67.375, 2.0052995997494397e-24, nan 
-12.125, -67.375, 2.2059503476207825e-24, nan 
-11.875, -67.375, 1.731656231056022e-24, nan 
-11.625, -67.375, 1.6238413389798918e-24, nan 
-11.375, -67.375, 1.7153338607821084e-24, nan 
-11.125, -67.375, 1.5559711186741478e-24, nan 
-10.875, -67.375, 3.457828063968581e-24, nan 
-10.625, -67.375, 1.9657339732384075e-24, nan 
-10.375, -67.375, 1.749118063792656e-24, nan 
-10.125, -67.375, 7.179739833135551e-24, nan 
-9.875, -67.375, 2.1758801435354658e-24, nan 
-9.625, -67.375, 1.3161817467110112e-24, nan 
-9.375, -67.375, 3.929185137302155e-24, nan 
-9.125, -67.375, 2.0307244694827067e-24, nan 
-8.875, -67.375, 1.836034183187922e-24, nan 
-8.625, -67.375, 1.6275666891249075e-24, nan 
-8.375, -67.375, 1.837035721268118e-24, nan 
-8.125, -67.375, 2.088272359365919e-24, nan 
-7.875, -67.375, 1.701402294813748e-24, nan 
-7.625, -67.375, 1.0623905244503313e-24, nan 
-7.375, -67.375, 2.93883371323995e-24, nan 
-7.125, -67.375, 1.0768611401613806e-24, nan 
-6.875, -67.375, 1.7132080694987032e-24, nan 
-6.625, -67.375, 1.8347979452003972e-24, nan 
-6.375, -67.375, 1.2126769498334275e-24, nan 
-6.125, -67.375, 2.266294274023554e-24, nan 
-5.875, -67.375, 2.2703679046780483e-24, nan 
-5.625, -67.375, 7.871584235208268e-25, nan 
-5.375, -67.375, 1.1509608768431762e-24, nan 
-5.125, -67.375, 1.7661555732504128e-24, nan 
-4.875, -67.375, 1.47473497747513e-24, nan 
-4.625, -67.375, 1.3881864627518784e-24, nan 
-4.375, -67.375, 4.451601185040831e-24, nan 
-4.125, -67.375, 7.388074238978651e-24, nan 
-3.875, -67.375, 4.522839193381703e-24, nan 
-3.625, -67.375, 3.7734216365817106e-24, nan 
-3.375, -67.375, 7.243641376095021e-24, nan 
-3.125, -67.375, 8.229115560751736e-24, nan 
-2.875, -67.375, 7.968909372865598e-24, nan 
-2.625, -67.375, 5.775671500617916e-24, nan 
-2.375, -67.375, 7.430794716137969e-24, nan 
-2.125, -67.375, 7.92053663768017e-24, nan 
-1.875, -67.375, 5.318443063868426e-24, nan 
-1.625, -67.375, 4.664732011130842e-24, nan 
-1.375, -67.375, 3.82022403376222e-24, nan 
-1.125, -67.375, 6.595477755204369e-24, nan 
-0.875, -67.375, 5.4670208595513776e-24, nan 
-0.625, -67.375, 3.2414538621634465e-24, nan 
-0.375, -67.375, 2.931880811834787e-24, nan 
-0.125, -67.375, 3.938394793462153e-24, nan 
0.125, -67.375, 4.4006032677873666e-24, nan 
0.375, -67.375, 4.554204089149041e-24, nan 
0.625, -67.375, 4.62218289436132e-24, nan 
0.875, -67.375, 4.859407993321211e-24, nan 
1.125, -67.375, 4.3154016522222544e-24, nan 
1.375, -67.375, 3.0927137734204424e-24, nan 
1.625, -67.375, 3.3969909105095484e-24, nan 
1.875, -67.375, 4.276041933798202e-24, nan 
-20.875, -67.125, 1.2447376444544825e-23, nan 
-20.625, -67.125, 9.601704143348474e-24, nan 
-20.375, -67.125, 1.6433629298276246e-23, nan 
-20.125, -67.125, 1.6223053693708824e-23, nan 
-19.875, -67.125, 1.0754020782772166e-23, nan 
-19.625, -67.125, 9.000617153538839e-24, nan 
-19.375, -67.125, 7.653997367785712e-24, nan 
-19.125, -67.125, 7.894780706590766e-24, nan 
-18.875, -67.125, 6.250065884182962e-24, nan 
-18.625, -67.125, 5.546883853774928e-24, nan 
-18.375, -67.125, 5.268214546187055e-24, nan 
-18.125, -67.125, 3.426426112319045e-24, nan 
-17.875, -67.125, 2.457619972506352e-24, nan 
-17.625, -67.125, 2.1257169656420526e-24, nan 
-17.375, -67.125, 2.95742478205181e-24, nan 
-17.125, -67.125, 2.6606174725137062e-24, nan 
-16.875, -67.125, 2.913270246055149e-24, nan 
-16.625, -67.125, 3.556512567887545e-24, nan 
-16.375, -67.125, 5.437174273180912e-24, nan 
-16.125, -67.125, 5.275712171098393e-24, nan 
-15.875, -67.125, 1.1710494562561232e-23, nan 
-15.625, -67.125, 1.6007933495724857e-23, nan 
-15.375, -67.125, 1.4885162642605997e-23, nan 
-15.125, -67.125, 1.8102642583472022e-23, nan 
-14.875, -67.125, 1.714549886586714e-23, nan 
-14.625, -67.125, 1.3860828585734815e-23, nan 
-14.375, -67.125, 9.586117770682231e-24, nan 
-14.125, -67.125, 2.985007741684046e-24, nan 
-13.875, -67.125, 3.393671296412674e-24, nan 
-13.625, -67.125, 4.307596749307611e-24, nan 
-13.375, -67.125, 3.934618695525965e-24, nan 
-13.125, -67.125, 3.5727955071933134e-24, nan 
-12.875, -67.125, 4.4658849866721605e-24, nan 
-12.625, -67.125, 3.776255711995841e-24, nan 
-12.375, -67.125, 2.240935070521648e-24, nan 
-12.125, -67.125, 1.4367714008194055e-24, nan 
-11.875, -67.125, 1.3016945087602332e-24, nan 
-11.625, -67.125, 1.7740084963050604e-24, nan 
-11.375, -67.125, 1.4459497217391656e-24, nan 
-11.125, -67.125, 1.2385716164821536e-24, nan 
-10.875, -67.125, 1.3728184599939245e-24, nan 
-10.625, -67.125, 1.1673097216963636e-24, nan 
-10.375, -67.125, 1.1482767486295766e-24, nan 
-10.125, -67.125, 3.881013068526304e-24, nan 
-9.875, -67.125, 2.0879543278891406e-24, nan 
-9.625, -67.125, 1.4660099618350264e-24, nan 
-9.375, -67.125, 1.8713757776071728e-24, nan 
-9.125, -67.125, 2.5121620452689873e-24, nan 
-8.875, -67.125, 3.2758349448157166e-24, nan 
-8.625, -67.125, 2.6951083934592614e-24, nan 
-8.375, -67.125, 1.812705214234409e-24, nan 
-8.125, -67.125, 2.3844511819398502e-24, nan 
-7.875, -67.125, 2.0981952382254394e-24, nan 
-7.625, -67.125, 8.684833644129191e-25, nan 
-7.375, -67.125, 5.10091906190416e-25, nan 
-7.125, -67.125, 8.5326930509451e-25, nan 
-6.875, -67.125, 7.324768736295683e-25, nan 
-6.625, -67.125, 9.4630592432418e-25, nan 
-6.375, -67.125, 1.615072168903282e-24, nan 
-6.125, -67.125, 1.3054301770232611e-24, nan 
-5.875, -67.125, 1.6891400186438738e-24, nan 
-5.625, -67.125, 1.5863561320977576e-24, nan 
-5.375, -67.125, 9.15882440355381e-25, nan 
-5.125, -67.125, 1.3962747214345937e-24, nan 
-4.875, -67.125, 1.9045095243642872e-24, nan 
-4.625, -67.125, 1.6454302864048497e-24, nan 
-4.375, -67.125, 1.2333170769617309e-24, nan 
-4.125, -67.125, 1.0175672857790235e-24, nan 
-3.875, -67.125, 3.5537450928452386e-24, nan 
-3.625, -67.125, 3.1139165320967587e-24, nan 
-3.375, -67.125, 5.8426201885974664e-24, nan 
-3.125, -67.125, 8.905770264304806e-24, nan 
-2.875, -67.125, 6.269528005000867e-24, nan 
-2.625, -67.125, 4.231154162473453e-24, nan 
-2.375, -67.125, 6.39622461071825e-24, nan 
-2.125, -67.125, 3.2729610606471095e-24, nan 
-1.875, -67.125, 1.3766002869819082e-24, nan 
-1.625, -67.125, 3.9174283130363794e-24, nan 
-1.375, -67.125, 3.675277311579736e-24, nan 
-1.125, -67.125, 5.967039313391746e-24, nan 
-0.875, -67.125, 5.159739439990172e-24, nan 
-0.625, -67.125, 3.819983557480438e-24, nan 
-0.375, -67.125, 3.2530600729817193e-24, nan 
-0.125, -67.125, 3.125051409246232e-24, nan 
0.125, -67.125, 3.90146257752323e-24, nan 
0.375, -67.125, 3.742706902015737e-24, nan 
0.625, -67.125, 2.2355034182918706e-24, nan 
0.875, -67.125, 1.7455408651569015e-24, nan 
1.125, -67.125, 2.189871701330945e-24, nan 
1.375, -67.125, 3.335500695634963e-24, nan 
1.625, -67.125, 3.471070983298916e-24, nan 
1.875, -67.125, 4.755967287335856e-24, nan 
-20.625, -66.875, 7.963595920369302e-24, nan 
-20.375, -66.875, 1.1831031489070005e-23, nan 
-20.125, -66.875, 1.088728292411194e-23, nan 
-19.875, -66.875, 1.1166966679506411e-23, nan 
-19.625, -66.875, 7.669758174159028e-24, nan 
-19.375, -66.875, 5.153179024615047e-24, nan 
-19.125, -66.875, 5.630479204907208e-24, nan 
-18.875, -66.875, 1.7926158475025642e-24, nan 
-18.625, -66.875, 2.41060793684078e-24, nan 
-18.375, -66.875, 1.9610535273489943e-24, nan 
-18.125, -66.875, 2.828415206078209e-24, nan 
-17.875, -66.875, 4.566608561831436e-24, nan 
-17.625, -66.875, 3.491262993559376e-24, nan 
-17.375, -66.875, 2.4537994908284644e-24, nan 
-17.125, -66.875, 3.2744019806555084e-24, nan 
-16.875, -66.875, 3.7200819992187875e-24, nan 
-16.625, -66.875, 1.0480146844502191e-23, nan 
-16.375, -66.875, 1.4255398779377125e-23, nan 
-16.125, -66.875, 1.4920947023128874e-23, nan 
-15.875, -66.875, 1.3883551940798972e-23, nan 
-15.625, -66.875, 1.663180876482703e-23, nan 
-15.375, -66.875, 1.9117426344544574e-23, nan 
-15.125, -66.875, 1.9305222037589316e-23, nan 
-14.875, -66.875, 2.0000719374220835e-23, nan 
-14.625, -66.875, 1.7570955044422792e-23, nan 
-14.375, -66.875, 1.327945603502808e-23, nan 
-14.125, -66.875, 1.174139107981808e-23, nan 
-13.875, -66.875, 1.1818142044804774e-23, nan 
-13.625, -66.875, 7.290713230702915e-24, nan 
-13.375, -66.875, 3.255545889750968e-24, nan 
-13.125, -66.875, 3.56407610670239e-24, nan 
-12.875, -66.875, 3.0389843364092607e-24, nan 
-12.625, -66.875, 3.608949102871549e-24, nan 
-12.375, -66.875, 3.6062187513345996e-24, nan 
-12.125, -66.875, 2.384967933457439e-24, nan 
-11.875, -66.875, 2.3272893235353724e-24, nan 
-11.625, -66.875, 2.096456092323448e-24, nan 
-11.375, -66.875, 1.447954334422188e-24, nan 
-11.125, -66.875, 1.4805983416770371e-24, nan 
-10.875, -66.875, 7.345389947470094e-25, nan 
-10.625, -66.875, 5.878211769874041e-25, nan 
-10.375, -66.875, 1.1784032814745759e-24, nan 
-10.125, -66.875, 1.0185828240167032e-24, nan 
-9.875, -66.875, 5.842721903759288e-25, nan 
-9.625, -66.875, 1.093211923850187e-24, nan 
-9.375, -66.875, 1.8106320729490403e-24, nan 
-9.125, -66.875, 2.0042456431859078e-24, nan 
-8.875, -66.875, 2.4421080956305288e-24, nan 
-8.625, -66.875, 2.1853666965057198e-24, nan 
-8.375, -66.875, 1.5540422448142026e-24, nan 
-8.125, -66.875, 8.825812040567435e-25, nan 
-7.875, -66.875, 1.360919666915788e-24, nan 
-7.625, -66.875, 1.0189522771066451e-24, nan 
-7.375, -66.875, 5.941946903527572e-25, nan 
-7.125, -66.875, 5.409216764391934e-25, nan 
-6.875, -66.875, 8.896682050369911e-25, nan 
-6.625, -66.875, 1.0565020422271777e-24, nan 
-6.375, -66.875, 1.3278604550226382e-24, nan 
-6.125, -66.875, 6.4476517290405085e-25, nan 
-5.875, -66.875, 8.226975824482473e-25, nan 
-5.625, -66.875, 1.8883542454790177e-24, nan 
-5.375, -66.875, 2.1921318451091026e-24, nan 
-5.125, -66.875, 1.1664575189236278e-24, nan 
-4.875, -66.875, 2.027068487749856e-24, nan 
-4.625, -66.875, 2.7966675220535085e-24, nan 
-4.375, -66.875, 1.7581646562863165e-24, nan 
-4.125, -66.875, 1.1320189903867559e-24, nan 
-3.875, -66.875, 1.259506260778719e-24, nan 
-3.625, -66.875, 2.4601946404213622e-24, nan 
-3.375, -66.875, 3.318228781047883e-24, nan 
-3.125, -66.875, 1.7690141129926067e-23, nan 
-2.875, -66.875, 1.3004840923567155e-23, nan 
-2.625, -66.875, 7.822340205890969e-24, nan 
-2.375, -66.875, 1.530209231649712e-24, nan 
-2.125, -66.875, 1.5734898946157873e-24, nan 
-1.875, -66.875, 4.172752949410949e-25, nan 
-1.625, -66.875, 2.0104986144982704e-24, nan 
-1.375, -66.875, 2.531866198247003e-24, nan 
-1.125, -66.875, 2.3729395866617403e-24, nan 
-0.875, -66.875, 3.1019780958163696e-24, nan 
-0.625, -66.875, 3.4894598444578266e-24, nan 
-0.375, -66.875, 3.328940178512778e-24, nan 
-0.125, -66.875, 2.4413413601699532e-24, nan 
0.125, -66.875, 3.383571161973168e-24, nan 
0.375, -66.875, 3.746855762688896e-24, nan 
0.625, -66.875, 4.269585598241446e-24, nan 
0.875, -66.875, 5.287870966645577e-24, nan 
1.125, -66.875, 4.0684164934530365e-24, nan 
1.375, -66.875, 1.0539718875899334e-24, nan 
1.625, -66.875, 3.695583912962125e-24, nan 
1.875, -66.875, 7.4887321581937e-24, nan 
-20.375, -66.625, 4.837324237664188e-24, nan 
-20.125, -66.625, 3.826723121562229e-24, nan 
-19.875, -66.625, 6.988613407922287e-24, nan 
-19.625, -66.625, 2.1385088076591015e-24, nan 
-19.375, -66.625, 1.5260014269421662e-24, nan 
-19.125, -66.625, 1.282494193475346e-24, nan 
-18.875, -66.625, 1.5809861204893896e-24, nan 
-18.625, -66.625, 8.298031692658512e-25, nan 
-18.375, -66.625, 1.5704363359907034e-24, nan 
-18.125, -66.625, 1.8946322175703227e-24, nan 
-17.875, -66.625, 3.2435656432412215e-24, nan 
-17.625, -66.625, 4.126626508921346e-24, nan 
-17.375, -66.625, 4.666131445792015e-24, nan 
-17.125, -66.625, 2.8181480625666037e-24, nan 
-16.875, -66.625, 4.3145203713126696e-24, nan 
-16.625, -66.625, 1.0514963719040316e-23, nan 
-16.375, -66.625, 1.3210811144241866e-23, nan 
-16.125, -66.625, 1.377271687099083e-23, nan 
-15.875, -66.625, 1.34769755731883e-23, nan 
-15.625, -66.625, 1.512295204003931e-23, nan 
-15.375, -66.625, 1.6889485440500444e-23, nan 
-15.125, -66.625, 1.09247085972933e-23, nan 
-14.875, -66.625, 1.493817999469125e-23, nan 
-14.625, -66.625, 1.7404793588534168e-23, nan 
-14.375, -66.625, 1.5194451920243166e-23, nan 
-14.125, -66.625, 1.1531765442231402e-23, nan 
-13.875, -66.625, 1.293253180062206e-23, nan 
-13.625, -66.625, 1.2028943374516624e-23, nan 
-13.375, -66.625, 4.0342103974873164e-24, nan 
-13.125, -66.625, 3.353576705066715e-24, nan 
-12.875, -66.625, 3.2806693326197093e-24, nan 
-12.625, -66.625, 3.484549679346913e-24, nan 
-12.375, -66.625, 3.583432627079532e-24, nan 
-12.125, -66.625, 3.0595183403128764e-24, nan 
-11.875, -66.625, 2.3821109979037372e-24, nan 
-11.625, -66.625, 1.9429159878513773e-24, nan 
-11.375, -66.625, 1.5066053457765108e-24, nan 
-11.125, -66.625, 1.1313034603314217e-24, nan 
-10.875, -66.625, 5.238843108116827e-25, nan 
-10.625, -66.625, 4.917151133586412e-25, nan 
-10.375, -66.625, 7.304474562464154e-25, nan 
-10.125, -66.625, 9.276298328110068e-25, nan 
-9.875, -66.625, 5.148221018383606e-25, nan 
-9.625, -66.625, 6.456043419168656e-25, nan 
-9.375, -66.625, 9.794766111182064e-25, nan 
-9.125, -66.625, 7.842931722301584e-25, nan 
-8.875, -66.625, 9.377334356495317e-25, nan 
-8.625, -66.625, 8.278473179734028e-25, nan 
-8.375, -66.625, 4.0291288880726684e-25, nan 
-8.125, -66.625, 2.89785445332434e-25, nan 
-7.875, -66.625, 1.1518850337903131e-24, nan 
-7.625, -66.625, 1.1736031452103805e-24, nan 
-7.375, -66.625, 1.342941215661518e-24, nan 
-7.125, -66.625, 1.061152008101771e-24, nan 
-6.875, -66.625, 8.918531922328724e-25, nan 
-6.625, -66.625, 2.2624166027864023e-24, nan 
-6.375, -66.625, 1.4032081205173538e-24, nan 
-6.125, -66.625, 4.0981602243541073e-25, nan 
-5.875, -66.625, 1.5747327470462313e-24, nan 
-5.625, -66.625, 1.038663231409644e-24, nan 
-5.375, -66.625, 1.0970370288894048e-24, nan 
-5.125, -66.625, 1.671044779640884e-24, nan 
-4.875, -66.625, 1.2149932868588311e-24, nan 
-4.625, -66.625, 1.758196356184352e-24, nan 
-4.375, -66.625, 1.5576576405943141e-24, nan 
-4.125, -66.625, 1.5151795611943444e-24, nan 
-3.875, -66.625, 1.3930289299190684e-23, nan 
-3.625, -66.625, 1.0266954492447095e-23, nan 
-3.375, -66.625, 7.116367450253412e-24, nan 
-3.125, -66.625, 3.4479000063729364e-23, nan 
-2.875, -66.625, 3.39624878512083e-23, nan 
-2.625, -66.625, 1.6807703961968458e-23, nan 
-2.375, -66.625, 1.9700405049717752e-23, nan 
-2.125, -66.625, 1.4632085484318925e-23, nan 
-1.875, -66.625, 8.372572911792392e-24, nan 
-1.625, -66.625, 8.54326318936447e-25, nan 
-1.375, -66.625, 1.8164450538958214e-24, nan 
-1.125, -66.625, 1.932212295557642e-24, nan 
-0.875, -66.625, 1.8164259984324087e-24, nan 
-0.625, -66.625, 2.5117048758681323e-24, nan 
-0.375, -66.625, 2.465805818485261e-24, nan 
-0.125, -66.625, 2.7674847363957507e-24, nan 
0.125, -66.625, 3.374972599914521e-24, nan 
0.375, -66.625, 1.5504978970589909e-24, nan 
0.625, -66.625, 6.1377644155600776e-24, nan 
0.875, -66.625, 8.394952328520118e-24, nan 
1.125, -66.625, 5.1306253962023086e-24, nan 
1.375, -66.625, 4.887008956811512e-24, nan 
1.625, -66.625, 9.575200887864786e-24, nan 
1.875, -66.625, 8.612419152600567e-24, nan 
2.125, -66.625, 4.96987303263271e-24, nan 
-20.375, -66.375, 5.4845678297132374e-24, nan 
-20.125, -66.375, 2.4691801155864504e-24, nan 
-19.875, -66.375, 2.1763256909841277e-24, nan 
-19.625, -66.375, 1.8306035817182597e-24, nan 
-19.375, -66.375, 1.9473418013674885e-24, nan 
-19.125, -66.375, 2.2730699543749784e-24, nan 
-18.875, -66.375, 2.13122961192302e-24, nan 
-18.625, -66.375, 1.189820840256711e-24, nan 
-18.375, -66.375, 1.6669306335612965e-24, nan 
-18.125, -66.375, 2.440576088199586e-24, nan 
-17.875, -66.375, 2.502437817929614e-24, nan 
-17.625, -66.375, 2.5509675204688494e-24, nan 
-17.375, -66.375, 4.2732286745212595e-24, nan 
-17.125, -66.375, 4.343674167575809e-24, nan 
-16.875, -66.375, 2.8156376157101912e-24, nan 
-16.625, -66.375, 7.999990008930066e-24, nan 
-16.375, -66.375, 1.0857736300063476e-23, nan 
-16.125, -66.375, 9.078979482694975e-24, nan 
-15.875, -66.375, 1.2847623101557297e-23, nan 
-15.625, -66.375, 1.3265584986320312e-23, nan 
-15.375, -66.375, 1.3717540673970755e-23, nan 
-15.125, -66.375, 1.235142751026212e-23, nan 
-14.875, -66.375, 1.0904399521903295e-23, nan 
-14.625, -66.375, 1.3714915568948588e-23, nan 
-14.375, -66.375, 1.0259150834661582e-23, nan 
-14.125, -66.375, 3.0684221641027833e-24, nan 
-13.875, -66.375, 5.1344517359561534e-24, nan 
-13.625, -66.375, 6.202924631897685e-24, nan 
-13.375, -66.375, 4.1075512831190936e-24, nan 
-13.125, -66.375, 4.9773206688275295e-24, nan 
-12.875, -66.375, 6.108462071096619e-24, nan 
-12.625, -66.375, 4.182798055778094e-24, nan 
-12.375, -66.375, 4.0676538405623e-24, nan 
-12.125, -66.375, 4.114115293072314e-24, nan 
-11.875, -66.375, 3.594120587788983e-24, nan 
-11.625, -66.375, 2.8485379814229297e-24, nan 
-11.375, -66.375, 2.3724921820935027e-24, nan 
-11.125, -66.375, 1.917394317240952e-24, nan 
-10.875, -66.375, 3.25490058573804e-25, nan 
-10.625, -66.375, 6.465548244091017e-25, nan 
-10.375, -66.375, 9.384345199645026e-25, nan 
-10.125, -66.375, 8.076563864654744e-25, nan 
-9.875, -66.375, 6.0935208878354e-25, nan 
-9.625, -66.375, 3.34185661158222e-25, nan 
-9.375, -66.375, 9.856510391068246e-25, nan 
-9.125, -66.375, 1.2277515326850289e-24, nan 
-8.875, -66.375, 1.377937948277905e-24, nan 
-8.625, -66.375, 1.2832813323468617e-24, nan 
-8.375, -66.375, 8.986891780481188e-25, nan 
-8.125, -66.375, 7.571806209217027e-25, nan 
-7.875, -66.375, 1.364825716771167e-24, nan 
-7.625, -66.375, 1.3027048100921096e-24, nan 
-7.375, -66.375, 8.601643753040656e-25, nan 
-7.125, -66.375, 1.276385027710488e-24, nan 
-6.875, -66.375, 1.1772980319705436e-24, nan 
-6.625, -66.375, 1.2418970998646063e-24, nan 
-6.375, -66.375, 1.2517962607121933e-24, nan 
-6.125, -66.375, 1.4080558035093477e-24, nan 
-5.875, -66.375, 2.6886845028025175e-24, nan 
-5.625, -66.375, 1.3703370842771074e-24, nan 
-5.375, -66.375, 2.7876090106127462e-24, nan 
-5.125, -66.375, 4.378780629535183e-24, nan 
-4.875, -66.375, 1.6129816058886958e-24, nan 
-4.625, -66.375, 1.0530597101424536e-24, nan 
-4.375, -66.375, 1.701941984011724e-24, nan 
-4.125, -66.375, 6.1627382094231246e-24, nan 
-3.875, -66.375, 2.8209430003040654e-23, nan 
-3.625, -66.375, 3.1492480752681034e-23, nan 
-3.375, -66.375, 1.424099596400919e-23, nan 
-3.125, -66.375, 6.298713452797183e-23, nan 
-2.875, -66.375, 7.430104074212531e-23, nan 
-2.625, -66.375, 3.320776770667369e-23, nan 
-2.375, -66.375, 3.793819934167778e-23, nan 
-2.125, -66.375, 4.520464544950901e-23, nan 
-1.875, -66.375, 2.1531147071088792e-23, nan 
-1.625, -66.375, 4.833557479177759e-24, nan 
-1.375, -66.375, 1.2164298270167757e-24, nan 
-1.125, -66.375, 1.1704255366747708e-24, nan 
-0.875, -66.375, 4.67017653724205e-24, nan 
-0.625, -66.375, 3.308802502276626e-24, nan 
-0.375, -66.375, 1.1195817075842369e-24, nan 
-0.125, -66.375, 4.471593338739439e-24, nan 
0.125, -66.375, 4.444736394097085e-24, nan 
0.375, -66.375, 3.128462325280111e-24, nan 
0.625, -66.375, 2.819496418171037e-24, nan 
0.875, -66.375, 3.730950064437525e-24, nan 
1.125, -66.375, 2.8069735396603672e-24, nan 
1.375, -66.375, 4.288876587922644e-24, nan 
1.625, -66.375, 6.8221029857445e-24, nan 
1.875, -66.375, 7.01375634363986e-24, nan 
2.125, -66.375, 4.936864309710396e-24, nan 
-20.125, -66.125, 1.8314618806533026e-24, nan 
-19.875, -66.125, 2.1376799729657642e-24, nan 
-19.625, -66.125, 2.9211011535246796e-24, nan 
-19.375, -66.125, 2.7577681997889657e-24, nan 
-19.125, -66.125, 2.2572605300938246e-24, nan 
-18.875, -66.125, 1.9951326332729404e-24, nan 
-18.625, -66.125, 2.0740080832922273e-24, nan 
-18.375, -66.125, 1.705130877489889e-24, nan 
-18.125, -66.125, 1.472444543319204e-24, nan 
-17.875, -66.125, 2.8716161326986817e-24, nan 
-17.625, -66.125, 2.0569075447211312e-24, nan 
-17.375, -66.125, 5.02667522457092e-24, nan 
-17.125, -66.125, 6.3648701764222135e-24, nan 
-16.875, -66.125, 4.190163014885412e-24, nan 
-16.625, -66.125, 6.909533922120005e-24, nan 
-16.375, -66.125, 7.36296705552513e-24, nan 
-16.125, -66.125, 5.981648959147297e-24, nan 
-15.875, -66.125, 3.611023605345835e-24, nan 
-15.625, -66.125, 4.646737060321422e-24, nan 
-15.375, -66.125, 4.189344559427438e-24, nan 
-15.125, -66.125, 4.3383849928571545e-24, nan 
-14.875, -66.125, 2.4286012218278293e-24, nan 
-14.625, -66.125, 1.9664000278883948e-24, nan 
-14.375, -66.125, 1.2414337319913016e-24, nan 
-14.125, -66.125, 1.774088151362379e-24, nan 
-13.875, -66.125, 1.911925275593821e-24, nan 
-13.625, -66.125, 1.6249853260894234e-24, nan 
-13.375, -66.125, 3.630951300182788e-24, nan 
-13.125, -66.125, 4.4214848720768644e-24, nan 
-12.875, -66.125, 4.3452344064606495e-24, nan 
-12.625, -66.125, 8.736309142066123e-24, nan 
-12.375, -66.125, 8.368509089752616e-24, nan 
-12.125, -66.125, 1.8440810368987394e-24, nan 
-11.875, -66.125, 2.225526031134965e-24, nan 
-11.625, -66.125, 1.2477402799629302e-24, nan 
-11.375, -66.125, 1.658104146065281e-24, nan 
-11.125, -66.125, 1.0527333995721924e-24, nan 
-10.875, -66.125, 4.53785840717123e-25, nan 
-10.625, -66.125, 1.2499164014335327e-24, nan 
-10.375, -66.125, 6.178756669520285e-25, nan 
-10.125, -66.125, 1.6484164333740329e-24, nan 
-9.875, -66.125, 2.4656980902507883e-24, nan 
-9.625, -66.125, 9.7371309420493e-25, nan 
-9.375, -66.125, 1.5733378896533047e-24, nan 
-9.125, -66.125, 4.0568826196081705e-24, nan 
-8.875, -66.125, 5.508848112137507e-24, nan 
-8.625, -66.125, 2.5741815424087733e-24, nan 
-8.375, -66.125, 1.805229760030685e-24, nan 
-8.125, -66.125, 2.304982727429095e-24, nan 
-7.875, -66.125, 2.7559318828786898e-24, nan 
-7.625, -66.125, 1.342846878856429e-24, nan 
-7.375, -66.125, 7.884136536684723e-25, nan 
-7.125, -66.125, 9.81298953297171e-25, nan 
-6.875, -66.125, 1.6622561964188374e-24, nan 
-6.625, -66.125, 1.4592601483326538e-24, nan 
-6.375, -66.125, 1.1030687358928537e-24, nan 
-6.125, -66.125, 2.7302395135200737e-24, nan 
-5.875, -66.125, 2.473148175073664e-24, nan 
-5.625, -66.125, 3.895952590180382e-24, nan 
-5.375, -66.125, 6.153507420390828e-24, nan 
-5.125, -66.125, 5.735740952636715e-24, nan 
-4.875, -66.125, 1.6495033015296876e-24, nan 
-4.625, -66.125, 4.163574285446094e-24, nan 
-4.375, -66.125, 4.992535097209056e-24, nan 
-4.125, -66.125, 3.072610646818428e-24, nan 
-3.875, -66.125, 4.166900561519772e-24, nan 
-3.625, -66.125, 3.713492452320641e-24, nan 
-3.375, -66.125, 9.590439989497138e-24, nan 
-3.125, -66.125, 4.839129141382966e-23, nan 
-2.875, -66.125, 5.2172300781480406e-23, nan 
-2.625, -66.125, 2.4701311469286234e-23, nan 
-2.375, -66.125, 5.80509681210589e-24, nan 
-2.125, -66.125, 4.186605801061243e-24, nan 
-1.875, -66.125, 5.203766133676293e-24, nan 
-1.625, -66.125, 5.172778860314807e-24, nan 
-1.375, -66.125, 4.913477429583279e-24, nan 
-1.125, -66.125, 1.2920945262375072e-24, nan 
-0.875, -66.125, 9.152422048561143e-24, nan 
-0.625, -66.125, 5.283766504520149e-24, nan 
-0.375, -66.125, 2.446994015508415e-24, nan 
-0.125, -66.125, 5.732373519920589e-24, nan 
0.125, -66.125, 4.75592740905242e-24, nan 
0.375, -66.125, 5.561235330974233e-24, nan 
0.625, -66.125, 5.7880049521640305e-24, nan 
0.875, -66.125, 5.384972348736751e-24, nan 
1.125, -66.125, 4.5864016865336545e-24, nan 
1.375, -66.125, 4.0341838956668905e-24, nan 
1.625, -66.125, 5.135216063067691e-24, nan 
1.875, -66.125, 6.107638917602041e-24, nan 
2.125, -66.125, 4.095668475711472e-24, nan 
-19.875, -65.875, 3.469067473568417e-24, nan 
-19.625, -65.875, 4.422424030201955e-24, nan 
-19.375, -65.875, 2.546624057380687e-24, nan 
-19.125, -65.875, 2.4681140941234244e-24, nan 
-18.875, -65.875, 2.133374753604457e-24, nan 
-18.625, -65.875, 4.252465170011462e-24, nan 
-18.375, -65.875, 4.2092660816958884e-24, nan 
-18.125, -65.875, 3.111934781976743e-24, nan 
-17.875, -65.875, 3.242054190967135e-24, nan 
-17.625, -65.875, 1.9779516543912137e-24, nan 
-17.375, -65.875, 4.048323242440838e-24, nan 
-17.125, -65.875, 4.7455735253136694e-24, nan 
-16.875, -65.875, 5.513701042567151e-24, nan 
-16.625, -65.875, 8.493216646919544e-24, nan 
-16.375, -65.875, 5.47925723931359e-24, nan 
-16.125, -65.875, 6.84312772514762e-24, nan 
-15.875, -65.875, 6.1692011876649034e-24, nan 
-15.625, -65.875, 4.44697705222147e-24, nan 
-15.375, -65.875, 4.576442835652134e-24, nan 
-15.125, -65.875, 4.011850162969583e-24, nan 
-14.875, -65.875, 4.398150504575343e-24, nan 
-14.625, -65.875, 3.6190723430319574e-24, nan 
-14.375, -65.875, 2.436503084757463e-24, nan 
-14.125, -65.875, 2.0744915176287727e-24, nan 
-13.875, -65.875, 2.0979625216281252e-24, nan 
-13.625, -65.875, 1.4895037680143582e-24, nan 
-13.375, -65.875, 7.461820900669636e-24, nan 
-13.125, -65.875, 9.13040403329033e-24, nan 
-12.875, -65.875, 1.2227818951551278e-24, nan 
-12.625, -65.875, 1.513039110008037e-23, nan 
-12.375, -65.875, 1.7487242560182174e-23, nan 
-12.125, -65.875, 1.6647067025518847e-24, nan 
-11.875, -65.875, 5.052119118522868e-24, nan 
-11.625, -65.875, 6.269941277763324e-24, nan 
-11.375, -65.875, 1.1635369237200372e-24, nan 
-11.125, -65.875, 7.744371915624884e-25, nan 
-10.875, -65.875, 7.483951305556727e-25, nan 
-10.625, -65.875, 5.774448862803342e-25, nan 
-10.375, -65.875, 7.750608214832301e-25, nan 
-10.125, -65.875, 1.7268017717465694e-24, nan 
-9.875, -65.875, 3.838545735860137e-24, nan 
-9.625, -65.875, 4.8901819810497154e-24, nan 
-9.375, -65.875, 2.047559681501935e-24, nan 
-9.125, -65.875, 7.287742426416188e-24, nan 
-8.875, -65.875, 1.0665383918151682e-23, nan 
-8.625, -65.875, 3.372599387268603e-24, nan 
-8.375, -65.875, 5.313886801917422e-24, nan 
-8.125, -65.875, 7.279621000428092e-24, nan 
-7.875, -65.875, 3.1411948153482493e-24, nan 
-7.625, -65.875, 2.6533494815737018e-24, nan 
-7.375, -65.875, 3.0744328438419927e-24, nan 
-7.125, -65.875, 9.72976749878867e-25, nan 
-6.875, -65.875, 3.126312559272556e-24, nan 
-6.625, -65.875, 3.4473611392743616e-24, nan 
-6.375, -65.875, 3.1740503744900887e-24, nan 
-6.125, -65.875, 2.6106838653328044e-24, nan 
-5.875, -65.875, 2.527638651501486e-24, nan 
-5.625, -65.875, 8.321441537971148e-24, nan 
-5.375, -65.875, 4.225349576123596e-24, nan 
-5.125, -65.875, 3.635733666311223e-24, nan 
-4.875, -65.875, 7.330286803949102e-24, nan 
-4.625, -65.875, 7.202247994914361e-24, nan 
-4.375, -65.875, 5.233490944335114e-24, nan 
-4.125, -65.875, 6.915154992216239e-24, nan 
-3.875, -65.875, 7.791829086163357e-24, nan 
-3.625, -65.875, 6.0051456268544876e-24, nan 
-3.375, -65.875, 6.405057165823716e-24, nan 
-3.125, -65.875, 6.3016923293302206e-24, nan 
-2.875, -65.875, 4.326128892623242e-24, nan 
-2.625, -65.875, 5.138601881326606e-24, nan 
-2.375, -65.875, 5.953709900241276e-24, nan 
-2.125, -65.875, 4.396626257011675e-24, nan 
-1.875, -65.875, 6.540818907179694e-24, nan 
-1.625, -65.875, 6.953377246374897e-24, nan 
-1.375, -65.875, 7.109326803727915e-24, nan 
-1.125, -65.875, 4.5055077472021e-24, nan 
-0.875, -65.875, 6.676536338622028e-24, nan 
-0.625, -65.875, 7.103178741964998e-24, nan 
-0.375, -65.875, 4.582221484933632e-24, nan 
-0.125, -65.875, 3.908488654437653e-24, nan 
0.125, -65.875, 7.753160158401514e-24, nan 
0.375, -65.875, 7.558005878451949e-24, nan 
0.625, -65.875, 7.14087624358692e-24, nan 
0.875, -65.875, 5.835628505879329e-24, nan 
1.125, -65.875, 3.737219087630917e-24, nan 
1.375, -65.875, 3.847592853373141e-24, nan 
1.625, -65.875, 5.266691987752709e-24, nan 
1.875, -65.875, 2.944739631047602e-24, nan 
2.125, -65.875, 4.0690102264403645e-24, nan 
2.375, -65.875, 7.868087660534041e-24, nan 
-19.875, -65.625, 5.0551765622566156e-24, nan 
-19.625, -65.625, 7.942906798518969e-24, nan 
-19.375, -65.625, 6.961318042535369e-24, nan 
-19.125, -65.625, 2.7017328233507142e-24, nan 
-18.875, -65.625, 2.406311676387285e-24, nan 
-18.625, -65.625, 5.145834049613041e-24, nan 
-18.375, -65.625, 5.3811546364282684e-24, nan 
-18.125, -65.625, 5.330332875807991e-24, nan 
-17.875, -65.625, 6.804892094263241e-24, nan 
-17.625, -65.625, 5.806866346298355e-24, nan 
-17.375, -65.625, 6.5299489810748835e-24, nan 
-17.125, -65.625, 8.705756460499405e-24, nan 
-16.875, -65.625, 8.2963383034786e-24, nan 
-16.625, -65.625, 6.227156448562871e-24, nan 
-16.375, -65.625, 4.2055315386490436e-24, nan 
-16.125, -65.625, 6.838167354718075e-24, nan 
-15.875, -65.625, 7.604886414625393e-24, nan 
-15.625, -65.625, 8.532332524862463e-24, nan 
-15.375, -65.625, 6.071055257408921e-24, nan 
-15.125, -65.625, 5.439115330052395e-24, nan 
-14.875, -65.625, 9.918922771732122e-24, nan 
-14.625, -65.625, 6.263744897097329e-24, nan 
-14.375, -65.625, 1.856598369064401e-24, nan 
-14.125, -65.625, 9.039257284555344e-24, nan 
-13.875, -65.625, 3.0578909650626863e-24, nan 
-13.625, -65.625, 3.717288642965984e-24, nan 
-13.375, -65.625, 2.784761461120934e-24, nan 
-13.125, -65.625, 3.353280252249985e-24, nan 
-12.875, -65.625, 1.507969957265449e-24, nan 
-12.625, -65.625, 9.655668436370201e-24, nan 
-12.375, -65.625, 1.200187956410119e-23, nan 
-12.125, -65.625, 2.0030276524625928e-24, nan 
-11.875, -65.625, 2.140816433562709e-24, nan 
-11.625, -65.625, 2.338647499379203e-24, nan 
-11.375, -65.625, 1.4879273399111629e-24, nan 
-11.125, -65.625, 6.889725848174086e-25, nan 
-10.875, -65.625, 7.183546969362695e-25, nan 
-10.625, -65.625, 8.310586381279167e-25, nan 
-10.375, -65.625, 1.148960779117372e-24, nan 
-10.125, -65.625, 2.809127548142754e-24, nan 
-9.875, -65.625, 2.259052375997846e-24, nan 
-9.625, -65.625, 2.4110521171925153e-24, nan 
-9.375, -65.625, 4.380076745257227e-24, nan 
-9.125, -65.625, 5.0597891330779085e-24, nan 
-8.875, -65.625, 5.888392448213596e-24, nan 
-8.625, -65.625, 4.8042828143665206e-24, nan 
-8.375, -65.625, 3.516114246193673e-24, nan 
-8.125, -65.625, 3.935373460369247e-24, nan 
-7.875, -65.625, 4.4018247851163466e-24, nan 
-7.625, -65.625, 2.1943638304908473e-24, nan 
-7.375, -65.625, 2.6720394336367862e-24, nan 
-7.125, -65.625, 1.4076548524210978e-24, nan 
-6.875, -65.625, 2.3997569388589994e-24, nan 
-6.625, -65.625, 1.0851950270034015e-24, nan 
-6.375, -65.625, 2.028534349635517e-24, nan 
-6.125, -65.625, 2.4473123467940605e-24, nan 
-5.875, -65.625, 2.151378041163778e-24, nan 
-5.625, -65.625, 5.743087770902952e-24, nan 
-5.375, -65.625, 3.940712720006814e-24, nan 
-5.125, -65.625, 4.460812320126196e-24, nan 
-4.875, -65.625, 6.716242646482981e-24, nan 
-4.625, -65.625, 9.819880595056718e-24, nan 
-4.375, -65.625, 6.4724828492047626e-24, nan 
-4.125, -65.625, 6.254037681472833e-24, nan 
-3.875, -65.625, 8.129508322256186e-24, nan 
-3.625, -65.625, 1.0026368943097221e-23, nan 
-3.375, -65.625, 6.61614955971443e-24, nan 
-3.125, -65.625, 9.478473719826225e-24, nan 
-2.875, -65.625, 1.4661177489862662e-23, nan 
-2.625, -65.625, 8.951133299122531e-24, nan 
-2.375, -65.625, 7.954618703397052e-24, nan 
-2.125, -65.625, 1.3652470111333542e-23, nan 
-1.875, -65.625, 1.0216002716969627e-23, nan 
-1.625, -65.625, 1.276654277024966e-23, nan 
-1.375, -65.625, 1.3504683220068397e-23, nan 
-1.125, -65.625, 7.022096282043319e-24, nan 
-0.875, -65.625, 9.666519653617989e-24, nan 
-0.625, -65.625, 1.4012795329864004e-23, nan 
-0.375, -65.625, 8.309495789942173e-24, nan 
-0.125, -65.625, 6.445740012057812e-24, nan 
0.125, -65.625, 1.1089034473752653e-23, nan 
0.375, -65.625, 1.0413878855275606e-23, nan 
0.625, -65.625, 8.344377056999835e-24, nan 
0.875, -65.625, 3.778710008987235e-24, nan 
1.125, -65.625, 3.3228153937013085e-24, nan 
1.375, -65.625, 4.299374087053389e-24, nan 
1.625, -65.625, 1.1436936637654906e-23, nan 
1.875, -65.625, 1.0735689607031758e-23, nan 
2.125, -65.625, 7.189396852169029e-24, nan 
2.375, -65.625, 1.6446864459514637e-23, nan 
-19.625, -65.375, 2.973727528100167e-24, nan 
-19.375, -65.375, 3.897776867460861e-24, nan 
-19.125, -65.375, 4.751024056791248e-24, nan 
-18.875, -65.375, 1.723787492390194e-24, nan 
-18.625, -65.375, 2.689403303876892e-24, nan 
-18.375, -65.375, 4.4389526487355336e-24, nan 
-18.125, -65.375, 2.5636432208084968e-24, nan 
-17.875, -65.375, 5.381288218038544e-24, nan 
-17.625, -65.375, 5.5989076092432744e-24, nan 
-17.375, -65.375, 5.966626109506519e-24, nan 
-17.125, -65.375, 8.686503225930285e-24, nan 
-16.875, -65.375, 1.2475044068334824e-23, nan 
-16.625, -65.375, 1.1205928869821463e-23, nan 
-16.375, -65.375, 8.745021508550922e-24, nan 
-16.125, -65.375, 1.0766422840733428e-23, nan 
-15.875, -65.375, 1.4244945124808105e-23, nan 
-15.625, -65.375, 1.2136614611435816e-23, nan 
-15.375, -65.375, 5.8046970409021e-24, nan 
-15.125, -65.375, 2.2712739816031276e-23, nan 
-14.875, -65.375, 3.6616308996822035e-23, nan 
-14.625, -65.375, 2.861200010330253e-23, nan 
-14.375, -65.375, 2.884766053649981e-23, nan 
-14.125, -65.375, 2.10959523069031e-23, nan 
-13.875, -65.375, 4.430093528382688e-24, nan 
-13.625, -65.375, 4.922105080088619e-24, nan 
-13.375, -65.375, 1.1638282935897103e-23, nan 
-13.125, -65.375, 4.330085893063588e-24, nan 
-12.875, -65.375, 3.2266518414426865e-24, nan 
-12.625, -65.375, 4.138193048923714e-24, nan 
-12.375, -65.375, 3.697446608151265e-24, nan 
-12.125, -65.375, 2.5579886499344374e-24, nan 
-11.875, -65.375, 2.210994039008143e-24, nan 
-11.625, -65.375, 1.76380597088502e-24, nan 
-11.375, -65.375, 9.257431625441623e-25, nan 
-11.125, -65.375, 4.98346431678801e-25, nan 
-10.875, -65.375, 6.08864473270881e-25, nan 
-10.625, -65.375, 6.792851333208454e-25, nan 
-10.375, -65.375, 6.923140808308727e-25, nan 
-10.125, -65.375, 7.90922783082937e-25, nan 
-9.875, -65.375, 7.223821998208045e-25, nan 
-9.625, -65.375, 1.598044458828034e-24, nan 
-9.375, -65.375, 3.791128841751601e-24, nan 
-9.125, -65.375, 3.656169424328078e-24, nan 
-8.875, -65.375, 4.244664848398164e-24, nan 
-8.625, -65.375, 4.5122583047621296e-24, nan 
-8.375, -65.375, 2.08903434406815e-24, nan 
-8.125, -65.375, 4.900355071418818e-24, nan 
-7.875, -65.375, 3.4618932137376526e-24, nan 
-7.625, -65.375, 2.13574690933944e-24, nan 
-7.375, -65.375, 2.8310447171349478e-24, nan 
-7.125, -65.375, 3.51559165849472e-24, nan 
-6.875, -65.375, 2.2217119484531785e-24, nan 
-6.625, -65.375, 1.9683203137286072e-24, nan 
-6.375, -65.375, 2.7676082746713224e-24, nan 
-6.125, -65.375, 1.5777134060090293e-24, nan 
-5.875, -65.375, 3.667115587009491e-24, nan 
-5.625, -65.375, 3.796178050958775e-24, nan 
-5.375, -65.375, 1.8966637659936745e-24, nan 
-5.125, -65.375, 8.067101743092283e-24, nan 
-4.875, -65.375, 1.4004959750767437e-23, nan 
-4.625, -65.375, 1.0443699445614541e-23, nan 
-4.375, -65.375, 1.0421117638007209e-23, nan 
-4.125, -65.375, 1.962866488856185e-23, nan 
-3.875, -65.375, 1.4780817401915166e-23, nan 
-3.625, -65.375, 1.2937046603169555e-23, nan 
-3.375, -65.375, 1.8201446836557733e-23, nan 
-3.125, -65.375, 1.4505350229655627e-23, nan 
-2.875, -65.375, 2.2421665970265642e-23, nan 
-2.625, -65.375, 7.021149949479792e-24, nan 
-2.375, -65.375, 8.304572913337923e-24, nan 
-2.125, -65.375, 2.047377109440149e-23, nan 
-1.875, -65.375, 1.8768399392372983e-23, nan 
-1.625, -65.375, 2.2203652992441612e-23, nan 
-1.375, -65.375, 2.206164008947385e-23, nan 
-1.125, -65.375, 1.7650977633483702e-23, nan 
-0.875, -65.375, 1.987885681011544e-23, nan 
-0.625, -65.375, 2.1026119011921865e-23, nan 
-0.375, -65.375, 1.561290221307809e-23, nan 
-0.125, -65.375, 1.0033259806784494e-23, nan 
0.125, -65.375, 1.4200066907094502e-23, nan 
0.375, -65.375, 1.3675368141967578e-23, nan 
0.625, -65.375, 1.6318389842391692e-23, nan 
0.875, -65.375, 2.1524744551452498e-23, nan 
1.125, -65.375, 1.6481036639418592e-23, nan 
1.375, -65.375, 1.3203338119195107e-23, nan 
1.625, -65.375, 3.254363391312712e-23, nan 
1.875, -65.375, 3.927313969459969e-23, nan 
2.125, -65.375, 2.3878110996904844e-23, nan 
2.375, -65.375, 1.866623831501892e-23, nan 
-19.375, -65.125, 2.9206620061150007e-24, nan 
-19.125, -65.125, 3.61368334723938e-24, nan 
-18.875, -65.125, 2.3006063612195074e-24, nan 
-18.625, -65.125, 3.957793992875214e-24, nan 
-18.375, -65.125, 6.307358921674239e-24, nan 
-18.125, -65.125, 5.290814461367074e-24, nan 
-17.875, -65.125, 6.812402287950673e-24, nan 
-17.625, -65.125, 9.133579731239711e-24, nan 
-17.375, -65.125, 7.601285492856168e-24, nan 
-17.125, -65.125, 7.378308681105955e-24, nan 
-16.875, -65.125, 1.0060029551297268e-23, nan 
-16.625, -65.125, 8.71227343279715e-24, nan 
-16.375, -65.125, 7.835317348611761e-24, nan 
-16.125, -65.125, 4.774069723113043e-24, nan 
-15.875, -65.125, 1.8547272544892574e-23, nan 
-15.625, -65.125, 2.5945322380243782e-23, nan 
-15.375, -65.125, 2.6344012963269705e-23, nan 
-15.125, -65.125, 3.6937315048356475e-23, nan 
-14.875, -65.125, 4.6056262234143537e-23, nan 
-14.625, -65.125, 4.916735378863475e-23, nan 
-14.375, -65.125, 4.380336013319673e-23, nan 
-14.125, -65.125, 2.7234578624709665e-23, nan 
-13.875, -65.125, 3.17362027875468e-23, nan 
-13.625, -65.125, 3.008547022562155e-23, nan 
-13.375, -65.125, 1.8959197556807542e-23, nan 
-13.125, -65.125, 4.251560591652018e-24, nan 
-12.875, -65.125, 3.491732072358985e-24, nan 
-12.625, -65.125, 4.4618533033026656e-24, nan 
-12.375, -65.125, 3.056307479503978e-24, nan 
-12.125, -65.125, 3.563615291439089e-24, nan 
-11.875, -65.125, 3.813894861859034e-24, nan 
-11.625, -65.125, 1.766799042955547e-24, nan 
-11.375, -65.125, 1.8574100318661632e-24, nan 
-11.125, -65.125, 2.2737802314532494e-24, nan 
-10.875, -65.125, 1.0809137078009136e-24, nan 
-10.625, -65.125, 5.435943135603973e-25, nan 
-10.375, -65.125, 1.1146714884736033e-24, nan 
-10.125, -65.125, 3.067230462550626e-24, nan 
-9.875, -65.125, 4.6049947325334535e-24, nan 
-9.625, -65.125, 8.310242133050252e-24, nan 
-9.375, -65.125, 6.597923671101293e-24, nan 
-9.125, -65.125, 6.723487130132759e-24, nan 
-8.875, -65.125, 7.27906864670204e-24, nan 
-8.625, -65.125, 4.65835005558741e-24, nan 
-8.375, -65.125, 4.048320989428549e-24, nan 
-8.125, -65.125, 8.893451955630584e-24, nan 
-7.875, -65.125, 4.785378340031211e-24, nan 
-7.625, -65.125, 6.659528272261091e-24, nan 
-7.375, -65.125, 7.932127364224169e-24, nan 
-7.125, -65.125, 5.429124575594831e-24, nan 
-6.875, -65.125, 3.437485653985277e-24, nan 
-6.625, -65.125, 3.910094620024276e-24, nan 
-6.375, -65.125, 3.8218959313660564e-24, nan 
-6.125, -65.125, 2.129678796468203e-24, nan 
-5.875, -65.125, 8.07616616026405e-24, nan 
-5.625, -65.125, 1.6907735320901264e-23, nan 
-5.375, -65.125, 7.969027530999416e-24, nan 
-5.125, -65.125, 7.082070583917436e-24, nan 
-4.875, -65.125, 2.3399984156071454e-23, nan 
-4.625, -65.125, 1.2738607399658923e-23, nan 
-4.375, -65.125, 1.7672396932150915e-23, nan 
-4.125, -65.125, 3.7163451464665683e-23, nan 
-3.875, -65.125, 4.2771044216293536e-23, nan 
-3.625, -65.125, 3.7595551393479475e-23, nan 
-3.375, -65.125, 4.5551435382214355e-23, nan 
-3.125, -65.125, 4.503238348123366e-23, nan 
-2.875, -65.125, 4.160245751647661e-23, nan 
-2.625, -65.125, 3.833173850741146e-23, nan 
-2.375, -65.125, 4.047488739097304e-23, nan 
-2.125, -65.125, 3.3417676388101905e-23, nan 
-1.875, -65.125, 2.922900317300211e-23, nan 
-1.625, -65.125, 2.999069855333299e-23, nan 
-1.375, -65.125, 3.077455760915523e-23, nan 
-1.125, -65.125, 3.0987884012833224e-23, nan 
-0.875, -65.125, 1.553863820038477e-23, nan 
-0.625, -65.125, 1.549112041743562e-23, nan 
-0.375, -65.125, 2.682277556043209e-23, nan 
-0.125, -65.125, 3.173245913450056e-23, nan 
0.125, -65.125, 3.0210468568038173e-23, nan 
0.375, -65.125, 3.647801779643565e-23, nan 
0.625, -65.125, 3.1497049291664493e-23, nan 
0.875, -65.125, 4.4514385390798465e-23, nan 
1.125, -65.125, 5.0593281358519804e-23, nan 
1.375, -65.125, 5.886155935534382e-23, nan 
1.625, -65.125, 8.453835365786263e-23, nan 
1.875, -65.125, 9.211701504701635e-23, nan 
2.125, -65.125, 4.7539473815117437e-23, nan 
2.375, -65.125, 8.03300426051765e-23, nan 
-19.125, -64.875, 3.820245685626409e-24, nan 
-18.875, -64.875, 5.1275737601535576e-24, nan 
-18.625, -64.875, 6.1282928169513805e-24, nan 
-18.375, -64.875, 6.1401630488777625e-24, nan 
-18.125, -64.875, 6.19485181667734e-24, nan 
-17.875, -64.875, 7.302966066442773e-24, nan 
-17.625, -64.875, 8.641079009555914e-24, nan 
-17.375, -64.875, 9.383794837718057e-24, nan 
-17.125, -64.875, 9.845750105080779e-24, nan 
-16.875, -64.875, 1.5300086936909283e-23, nan 
-16.625, -64.875, 1.5514159356294836e-23, nan 
-16.375, -64.875, 1.5539139445672535e-23, nan 
-16.125, -64.875, 1.5979634846066133e-23, nan 
-15.875, -64.875, 3.71255893751909e-23, nan 
-15.625, -64.875, 3.528062552995414e-23, nan 
-15.375, -64.875, 2.5129398806773672e-23, nan 
-15.125, -64.875, 6.401074874152725e-23, nan 
-14.875, -64.875, 3.7973694752599005e-23, nan 
-14.625, -64.875, 2.5627159884524098e-23, nan 
-14.375, -64.875, 3.5496824082780673e-23, nan 
-14.125, -64.875, 5.657084512410733e-23, nan 
-13.875, -64.875, 4.899541726310818e-23, nan 
-13.625, -64.875, 3.9326748486810235e-23, nan 
-13.375, -64.875, 4.5585775389105823e-23, nan 
-13.125, -64.875, 2.9353426857685955e-23, nan 
-12.875, -64.875, 1.0344508803054546e-23, nan 
-12.625, -64.875, 9.338662540676333e-24, nan 
-12.375, -64.875, 6.3647833724091845e-24, nan 
-12.125, -64.875, 6.308396738756544e-24, nan 
-11.875, -64.875, 5.05745238671094e-24, nan 
-11.625, -64.875, 1.7537492418301478e-24, nan 
-11.375, -64.875, 3.969812340752286e-25, nan 
-11.125, -64.875, 1.1244168531512441e-24, nan 
-10.875, -64.875, 3.039026868525791e-24, nan 
-10.625, -64.875, 4.262708315380379e-24, nan 
-10.375, -64.875, 7.423240849162569e-24, nan 
-10.125, -64.875, 6.642727321345347e-24, nan 
-9.875, -64.875, 8.284771240950319e-24, nan 
-9.625, -64.875, 1.5316910815822218e-23, nan 
-9.375, -64.875, 1.1502159399602292e-23, nan 
-9.125, -64.875, 1.1377671504405152e-23, nan 
-8.875, -64.875, 8.57681700073158e-24, nan 
-8.625, -64.875, 8.234727668976884e-24, nan 
-8.375, -64.875, 1.038461289252041e-23, nan 
-8.125, -64.875, 1.1174881759851638e-23, nan 
-7.875, -64.875, 1.0255231554511274e-23, nan 
-7.625, -64.875, 1.678936787459496e-23, nan 
-7.375, -64.875, 2.1401038720790845e-23, nan 
-7.125, -64.875, 1.1196272029294577e-23, nan 
-6.875, -64.875, 1.0101030045730398e-23, nan 
-6.625, -64.875, 1.5161639521658075e-23, nan 
-6.375, -64.875, 1.8010408319327806e-23, nan 
-6.125, -64.875, 2.797441474759147e-23, nan 
-5.875, -64.875, 2.4182590429175655e-23, nan 
-5.625, -64.875, 3.505839237207935e-23, nan 
-5.375, -64.875, 3.104645079163659e-23, nan 
-5.125, -64.875, 2.4636158843791455e-23, nan 
-4.875, -64.875, 1.345304923119497e-22, nan 
-4.625, -64.875, 2.3293988997642314e-22, nan 
-4.375, -64.875, 2.762019932798199e-22, nan 
-4.125, -64.875, 3.2379338524895784e-22, nan 
-3.875, -64.875, 3.224236000898167e-22, nan 
-3.625, -64.875, 3.490736994505642e-22, nan 
-3.375, -64.875, 3.4103921958778188e-22, nan 
-3.125, -64.875, 1.666237980891223e-22, nan 
-2.875, -64.875, 9.45593593674498e-23, nan 
-2.625, -64.875, 1.3066342616848416e-22, nan 
-2.375, -64.875, 1.2219007291370969e-22, nan 
-2.125, -64.875, 1.1348172312999189e-22, nan 
-1.875, -64.875, 1.2526092115444193e-22, nan 
-1.625, -64.875, 1.217330963895712e-22, nan 
-1.375, -64.875, 8.423431121858546e-23, nan 
-1.125, -64.875, 6.709767217783954e-23, nan 
-0.875, -64.875, 5.901603403153886e-23, nan 
-0.625, -64.875, 4.612866386462526e-23, nan 
-0.375, -64.875, 2.2671244087267576e-23, nan 
-0.125, -64.875, 8.180906025931786e-23, nan 
0.125, -64.875, 7.066963559375602e-23, nan 
0.375, -64.875, 8.665369144814381e-23, nan 
0.625, -64.875, 6.849531220048405e-23, nan 
0.875, -64.875, 7.139414556845308e-23, nan 
1.125, -64.875, 9.440761922758523e-23, nan 
1.375, -64.875, 1.5498645501174456e-22, nan 
1.625, -64.875, 2.353060452209772e-22, nan 
1.875, -64.875, 2.0513839703466667e-22, nan 
2.125, -64.875, 1.0929607629405739e-22, nan 
2.375, -64.875, 2.359555672946951e-22, nan 
2.625, -64.875, 2.159091839778986e-22, nan 
-18.875, -64.625, 6.2755872162426626e-24, nan 
-18.625, -64.625, 7.539690849839353e-24, nan 
-18.375, -64.625, 5.313440570394105e-24, nan 
-18.125, -64.625, 3.98267643365507e-24, nan 
-17.875, -64.625, 5.47753356192655e-24, nan 
-17.625, -64.625, 3.745758138333809e-24, nan 
-17.375, -64.625, 7.00294631544945e-24, nan 
-17.125, -64.625, 1.833851737218899e-23, nan 
-16.875, -64.625, 1.6618647846755844e-23, nan 
-16.625, -64.625, 1.6162514138751827e-23, nan 
-16.375, -64.625, 1.6800961972682969e-23, nan 
-16.125, -64.625, 1.887166460645698e-23, nan 
-15.875, -64.625, 2.2402335936909267e-23, nan 
-15.625, -64.625, 4.926028028315924e-23, nan 
-15.375, -64.625, 5.770611493083193e-23, nan 
-15.125, -64.625, 8.254554134189989e-23, nan 
-14.875, -64.625, 9.954858652536627e-23, nan 
-14.625, -64.625, 1.0682252532098652e-22, nan 
-14.375, -64.625, 1.0303058568456228e-22, nan 
-14.125, -64.625, 7.74680082173281e-23, nan 
-13.875, -64.625, 5.558794363536772e-23, nan 
-13.625, -64.625, 4.6694991437125156e-23, nan 
-13.375, -64.625, 3.233613737003277e-23, nan 
-13.125, -64.625, 1.2139601046726253e-23, nan 
-12.875, -64.625, 1.1508470650946456e-23, nan 
-12.625, -64.625, 1.1225128332284703e-23, nan 
-12.375, -64.625, 1.1093831229727195e-23, nan 
-12.125, -64.625, 1.1071232449339703e-23, nan 
-11.875, -64.625, 1.1333539551366279e-23, nan 
-11.625, -64.625, 5.7966630006335146e-24, nan 
-11.375, -64.625, 3.497825285560985e-24, nan 
-11.125, -64.625, 1.5469966134601203e-24, nan 
-10.875, -64.625, 2.57568318642518e-24, nan 
-10.625, -64.625, 3.906078556040235e-24, nan 
-10.375, -64.625, 1.1254907782011212e-23, nan 
-10.125, -64.625, 9.441327448455454e-24, nan 
-9.875, -64.625, 7.685932408188186e-24, nan 
-9.625, -64.625, 2.3302708386325918e-23, nan 
-9.375, -64.625, 1.2041312010217045e-23, nan 
-9.125, -64.625, 1.7513090026521917e-23, nan 
-8.875, -64.625, 1.0910095379158186e-23, nan 
-8.625, -64.625, 9.146505552437863e-24, nan 
-8.375, -64.625, 3.2027776141461913e-24, nan 
-8.125, -64.625, 3.579812664939944e-24, nan 
-7.875, -64.625, 1.2689273905634786e-23, nan 
-7.625, -64.625, 1.9734057045076664e-23, nan 
-7.375, -64.625, 2.3619492059601623e-23, nan 
-7.125, -64.625, 1.8012516502158918e-23, nan 
-6.875, -64.625, 3.113971765446253e-23, nan 
-6.625, -64.625, 4.3700266563217365e-23, nan 
-6.375, -64.625, 5.917880888762313e-23, nan 
-6.125, -64.625, 6.397262754425363e-23, nan 
-5.875, -64.625, 9.33444058216316e-23, nan 
-5.625, -64.625, 2.0459599111573165e-22, nan 
-5.375, -64.625, 5.502997819414803e-22, nan 
-5.125, -64.625, 7.164538395666116e-22, nan 
-4.875, -64.625, 7.511546204158906e-22, nan 
-4.625, -64.625, 9.99671142324058e-22, nan 
-4.375, -64.625, 1.0474910969476691e-21, nan 
-4.125, -64.625, 9.576474599664005e-22, nan 
-3.875, -64.625, 7.6405373619599715e-22, nan 
-3.625, -64.625, 7.957201320140735e-22, nan 
-3.375, -64.625, 7.617500035677557e-22, nan 
-3.125, -64.625, 5.522329065475768e-22, nan 
-2.875, -64.625, 7.967811788087683e-22, nan 
-2.625, -64.625, 7.427575553185998e-22, nan 
-2.375, -64.625, 3.5231113615699433e-22, nan 
-2.125, -64.625, 3.487226237198547e-22, nan 
-1.875, -64.625, 3.941863736040883e-22, nan 
-1.625, -64.625, 2.6291917997673097e-22, nan 
-1.375, -64.625, 3.6488695714219685e-22, nan 
-1.125, -64.625, 3.4029179333551273e-22, nan 
-0.875, -64.625, 5.014638998024673e-22, nan 
-0.625, -64.625, 3.600388139461685e-22, nan 
-0.375, -64.625, 4.802551101342814e-22, nan 
-0.125, -64.625, 2.847982062250555e-22, nan 
0.125, -64.625, 7.877051988665713e-23, nan 
0.375, -64.625, 2.2476616116490486e-22, nan 
0.625, -64.625, 1.2973122849481913e-22, nan 
0.875, -64.625, 1.3808118095191966e-22, nan 
1.125, -64.625, 2.139115093182445e-22, nan 
1.375, -64.625, 5.175375342705349e-22, nan 
1.625, -64.625, 6.558574384163158e-22, nan 
1.875, -64.625, 5.148536042890308e-22, nan 
2.125, -64.625, 7.344416040822655e-22, nan 
2.375, -64.625, 8.471668600091413e-22, nan 
2.625, -64.625, 5.715765064152345e-22, nan 
-18.875, -64.375, 2.293398715802012e-24, nan 
-18.625, -64.375, 2.8906476452706663e-24, nan 
-18.375, -64.375, 1.1692874500110587e-24, nan 
-18.125, -64.375, 4.176493346434445e-24, nan 
-17.875, -64.375, 9.615677676388729e-24, nan 
-17.625, -64.375, 7.847732263733102e-24, nan 
-17.375, -64.375, 1.100948605761262e-23, nan 
-17.125, -64.375, 2.775962000771632e-23, nan 
-16.875, -64.375, 1.6524676250430794e-23, nan 
-16.625, -64.375, 1.4929274210237844e-23, nan 
-16.375, -64.375, 1.4502062218664044e-23, nan 
-16.125, -64.375, 1.5847871158268415e-23, nan 
-15.875, -64.375, 2.3460762178965324e-23, nan 
-15.625, -64.375, 1.4861759840821442e-23, nan 
-15.375, -64.375, 1.822744824504082e-23, nan 
-15.125, -64.375, 2.7005045403584337e-23, nan 
-14.875, -64.375, 1.0327359745049532e-22, nan 
-14.625, -64.375, 1.1672758111483927e-22, nan 
-14.375, -64.375, 1.1898883590890094e-22, nan 
-14.125, -64.375, 9.25289060736399e-23, nan 
-13.875, -64.375, 4.065720649719734e-23, nan 
-13.625, -64.375, 3.8522093970702537e-23, nan 
-13.375, -64.375, 5.483068681790976e-23, nan 
-13.125, -64.375, 6.947159404930143e-23, nan 
-12.875, -64.375, 7.936263399287497e-23, nan 
-12.625, -64.375, 4.6387343105552897e-23, nan 
-12.375, -64.375, 2.4386057113231524e-23, nan 
-12.125, -64.375, 1.6301463992865548e-23, nan 
-11.875, -64.375, 2.0655158977570747e-23, nan 
-11.625, -64.375, 2.109445651558845e-23, nan 
-11.375, -64.375, 1.542028322919479e-23, nan 
-11.125, -64.375, 8.328893543646774e-24, nan 
-10.875, -64.375, 4.733970741500701e-24, nan 
-10.625, -64.375, 3.377037902649415e-24, nan 
-10.375, -64.375, 3.645329850459704e-24, nan 
-10.125, -64.375, 2.209496754724653e-23, nan 
-9.875, -64.375, 3.337805188049923e-23, nan 
-9.625, -64.375, 3.473723783070551e-23, nan 
-9.375, -64.375, 4.1027130344388776e-23, nan 
-9.125, -64.375, 7.199299811427478e-23, nan 
-8.875, -64.375, 1.7699406739903197e-23, nan 
-8.625, -64.375, 2.0396235768585173e-23, nan 
-8.375, -64.375, 3.46445587571596e-23, nan 
-8.125, -64.375, 1.4902200074017308e-23, nan 
-7.875, -64.375, 1.3266746616012635e-23, nan 
-7.625, -64.375, 1.197897290590273e-23, nan 
-7.375, -64.375, 5.59703930187106e-23, nan 
-7.125, -64.375, 9.333476783138915e-23, nan 
-6.875, -64.375, 7.120313985151869e-23, nan 
-6.625, -64.375, 9.942806413379326e-23, nan 
-6.375, -64.375, 1.863687271581376e-22, nan 
-6.125, -64.375, 2.3074009070248785e-22, nan 
-5.875, -64.375, 1.1673948707343985e-21, nan 
-5.625, -64.375, 1.9646741380227976e-21, nan 
-5.375, -64.375, 2.834024626520477e-21, nan 
-5.125, -64.375, 4.329555417997444e-21, nan 
-4.875, -64.375, 3.789050176475906e-21, nan 
-4.625, -64.375, 3.983426099002486e-21, nan 
-4.375, -64.375, 2.1430486430635488e-21, nan 
-4.125, -64.375, 1.0787756668500172e-21, nan 
-3.875, -64.375, 2.0112776437640506e-21, nan 
-3.625, -64.375, 2.1386963075913868e-21, nan 
-3.375, -64.375, 2.3736614243674818e-21, nan 
-3.125, -64.375, 2.004905968473586e-21, nan 
-2.875, -64.375, 2.644457079352525e-21, nan 
-2.625, -64.375, 3.499634188390116e-21, nan 
-2.375, -64.375, 2.878242347671461e-21, nan 
-2.125, -64.375, 1.4951261905332326e-21, nan 
-1.875, -64.375, 2.4350637373525693e-21, nan 
-1.625, -64.375, 2.454318442409682e-21, nan 
-1.375, -64.375, 2.1903324597146367e-21, nan 
-1.125, -64.375, 1.5976668518429127e-21, nan 
-0.875, -64.375, 3.617041023426977e-21, nan 
-0.625, -64.375, 3.230695517601956e-21, nan 
-0.375, -64.375, 3.677616812385445e-21, nan 
-0.125, -64.375, 3.265745609693947e-21, nan 
0.125, -64.375, 2.981208373086941e-21, nan 
0.375, -64.375, 2.894117815778014e-21, nan 
0.625, -64.375, 2.314972686681461e-21, nan 
0.875, -64.375, 1.0902384565001364e-21, nan 
1.125, -64.375, 2.2550133671825e-21, nan 
1.375, -64.375, 2.9279600870660045e-21, nan 
1.625, -64.375, 6.6636295070112795e-21, nan 
1.875, -64.375, 4.392245546806225e-21, nan 
2.125, -64.375, 3.3090135165293835e-21, nan 
2.375, -64.375, 3.712891985140479e-21, nan 
2.625, -64.375, 1.8896797558211e-21, nan 
-18.625, -64.125, 7.408133824851021e-24, nan 
-18.375, -64.125, 9.016845563975533e-24, nan 
-18.125, -64.125, 7.039788914436026e-24, nan 
-17.875, -64.125, 7.88939831492606e-24, nan 
-17.625, -64.125, 1.0870611318500114e-23, nan 
-17.375, -64.125, 1.3829340332870533e-23, nan 
-17.125, -64.125, 1.7689002115723844e-23, nan 
-16.875, -64.125, 1.479635968133183e-23, nan 
-16.625, -64.125, 1.576991263869455e-23, nan 
-16.375, -64.125, 1.3491474558707445e-23, nan 
-16.125, -64.125, 1.9285928583301165e-23, nan 
-15.875, -64.125, 3.5334215039174255e-23, nan 
-15.625, -64.125, 3.450416394545188e-23, nan 
-15.375, -64.125, 3.386039534361514e-23, nan 
-15.125, -64.125, 3.4301996130055627e-23, nan 
-14.875, -64.125, 3.1159848937693147e-23, nan 
-14.625, -64.125, 3.709496084618305e-23, nan 
-14.375, -64.125, 3.377069183431627e-23, nan 
-14.125, -64.125, 5.530460017328439e-23, nan 
-13.875, -64.125, 4.799368197393464e-23, nan 
-13.625, -64.125, 3.0494813090795906e-23, nan 
-13.375, -64.125, 8.834619779364563e-23, nan 
-13.125, -64.125, 1.5465122540057355e-22, nan 
-12.875, -64.125, 1.708609195980405e-22, nan 
-12.625, -64.125, 1.1861925088495594e-22, nan 
-12.375, -64.125, 1.4640125552784383e-22, nan 
-12.125, -64.125, 1.425464567105471e-22, nan 
-11.875, -64.125, 8.655411386773475e-23, nan 
-11.625, -64.125, 5.669603414143074e-23, nan 
-11.375, -64.125, 4.1871399132625756e-23, nan 
-11.125, -64.125, 5.1786637426070006e-23, nan 
-10.875, -64.125, 4.562361932469271e-23, nan 
-10.625, -64.125, 3.6096198154068385e-23, nan 
-10.375, -64.125, 1.1737057704580365e-23, nan 
-10.125, -64.125, 1.2432717941372808e-23, nan 
-9.875, -64.125, 1.282379997513644e-23, nan 
-9.625, -64.125, 2.1050409254134466e-23, nan 
-9.375, -64.125, 7.81078695355533e-23, nan 
-9.125, -64.125, 1.2376644602652398e-22, nan 
-8.875, -64.125, 4.010214750939659e-23, nan 
-8.625, -64.125, 3.678996659121173e-23, nan 
-8.375, -64.125, 3.9395634940598616e-23, nan 
-8.125, -64.125, 1.9723205904634203e-23, nan 
-7.875, -64.125, 6.500791002620662e-23, nan 
-7.625, -64.125, 4.7561482626454646e-23, nan 
-7.375, -64.125, 1.6559895528813325e-22, nan 
-7.125, -64.125, 4.262275665675307e-22, nan 
-6.875, -64.125, 2.5820272776602286e-22, nan 
-6.625, -64.125, 3.0618681516110206e-22, nan 
-6.375, -64.125, 9.345844271851308e-22, nan 
-6.125, -64.125, 1.1101339103201442e-21, nan 
-5.875, -64.125, 9.249317949323847e-22, nan 
-5.625, -64.125, 2.769662684363457e-20, nan 
-5.375, -64.125, 4.001562411877287e-20, nan 
-5.125, -64.125, 3.742824548861753e-20, nan 
-4.875, -64.125, 3.2178489249684893e-20, nan 
-4.625, -64.125, 3.037703411584043e-20, nan 
-4.375, -64.125, 3.050478441108694e-20, nan 
-4.125, -64.125, 1.8663417630191383e-20, nan 
-3.875, -64.125, 1.4066621041279954e-20, nan 
-3.625, -64.125, 1.1710509596855997e-20, nan 
-3.375, -64.125, 9.584016878804421e-21, nan 
-3.125, -64.125, 1.3910115400944153e-20, nan 
-2.875, -64.125, 1.959039375619937e-20, nan 
-2.625, -64.125, 4.3395030276110054e-20, nan 
-2.375, -64.125, 5.371972689055081e-20, nan 
-2.125, -64.125, 2.8185325300197815e-20, nan 
-1.875, -64.125, 1.3019086879494746e-20, nan 
-1.625, -64.125, 7.129253066351197e-21, nan 
-1.375, -64.125, 2.7699764786985595e-21, nan 
-1.125, -64.125, 2.9623120668447483e-21, nan 
-0.875, -64.125, 3.1228742414857937e-21, nan 
-0.625, -64.125, 3.621902242812512e-21, nan 
-0.375, -64.125, 3.499548446192759e-21, nan 
-0.125, -64.125, 1.842657430049827e-21, nan 
0.125, -64.125, 3.0532627077764076e-21, nan 
0.375, -64.125, 2.2630974323940743e-21, nan 
0.625, -64.125, 2.1209818467069528e-21, nan 
0.875, -64.125, 2.6031676309093595e-21, nan 
1.125, -64.125, 2.2452671974972417e-21, nan 
1.375, -64.125, 1.5562950054760651e-21, nan 
1.625, -64.125, 3.56261075992947e-21, nan 
1.875, -64.125, 2.628381588437224e-21, nan 
2.125, -64.125, 1.0295376675544016e-21, nan 
2.375, -64.125, 5.781344741082671e-22, nan 
2.625, -64.125, 1.2747463343327906e-21, nan 
-18.375, -63.875, 1.3669631951045736e-23, nan 
-18.125, -63.875, 1.077071199883461e-23, nan 
-17.875, -63.875, 1.1029295617210311e-23, nan 
-17.625, -63.875, 1.458703093300861e-23, nan 
-17.375, -63.875, 1.693910715937262e-23, nan 
-17.125, -63.875, 1.403870679822592e-23, nan 
-16.875, -63.875, 1.7584663500209432e-23, nan 
-16.625, -63.875, 2.2443264347413823e-23, nan 
-16.375, -63.875, 2.2341057078929412e-23, nan 
-16.125, -63.875, 2.1886620368014e-23, nan 
-15.875, -63.875, 2.1574190854986667e-23, nan 
-15.625, -63.875, 5.2240194001534173e-23, nan 
-15.375, -63.875, 3.8096554591469667e-23, nan 
-15.125, -63.875, 5.352046786353321e-23, nan 
-14.875, -63.875, 5.376080508110647e-23, nan 
-14.625, -63.875, 5.742878862397485e-23, nan 
-14.375, -63.875, 4.759775130935596e-23, nan 
-14.125, -63.875, 1.0404546656013781e-22, nan 
-13.875, -63.875, 8.917607642520036e-23, nan 
-13.625, -63.875, 6.405860734627838e-23, nan 
-13.375, -63.875, 9.584692261484259e-23, nan 
-13.125, -63.875, 1.5947605946846184e-22, nan 
-12.875, -63.875, 2.0782059157635444e-22, nan 
-12.625, -63.875, 2.3111227580840834e-22, nan 
-12.375, -63.875, 2.5844943520968477e-22, nan 
-12.125, -63.875, 3.0614894422894224e-22, nan 
-11.875, -63.875, 3.2690289786186585e-22, nan 
-11.625, -63.875, 3.1923793217385424e-22, nan 
-11.375, -63.875, 1.3748397413165484e-22, nan 
-11.125, -63.875, 2.0291776185051885e-22, nan 
-10.875, -63.875, 1.7061861479360887e-22, nan 
-10.625, -63.875, 1.614191085505809e-22, nan 
-10.375, -63.875, 1.415504374933138e-22, nan 
-10.125, -63.875, 1.2950436577214536e-22, nan 
-9.875, -63.875, 1.5118470280396207e-22, nan 
-9.625, -63.875, 7.741627723735262e-23, nan 
-9.375, -63.875, 8.496579682726653e-23, nan 
-9.125, -63.875, 8.203612830718499e-23, nan 
-8.875, -63.875, 2.0217708971069516e-22, nan 
-8.625, -63.875, 2.498709961435568e-22, nan 
-8.375, -63.875, 2.159902456531487e-22, nan 
-8.125, -63.875, 7.945132666519795e-22, nan 
-7.875, -63.875, 1.8788885164977567e-21, nan 
-7.625, -63.875, 1.4136034141123536e-21, nan 
-7.375, -63.875, 5.781012349780088e-21, nan 
-7.125, -63.875, 1.1721737574255997e-20, nan 
-6.875, -63.875, 1.370869389317248e-20, nan 
-6.625, -63.875, 4.5204115371356803e-20, nan 
-6.375, -63.875, 2.3724228106184853e-19, nan 
-6.125, -63.875, 4.2097775831407586e-19, nan 
-5.875, -63.875, 1.740605916215065e-19, nan 
-5.625, -63.875, 1.6154212417544016e-19, nan 
-5.375, -63.875, 1.5935586580817132e-19, nan 
-5.125, -63.875, 3.669280453754892e-20, nan 
-4.875, -63.875, 1.858777802973226e-20, nan 
-4.625, -63.875, 1.2843114469321588e-20, nan 
-4.375, -63.875, 9.262170536180255e-21, nan 
-4.125, -63.875, 8.729016095788598e-21, nan 
-3.875, -63.875, 9.356768790064001e-21, nan 
-3.625, -63.875, 1.0159288009601134e-20, nan 
-3.375, -63.875, 1.0182691321876169e-20, nan 
-3.125, -63.875, 1.320248169675271e-20, nan 
-2.875, -63.875, 1.106952856880057e-20, nan 
-2.625, -63.875, 3.92376230641332e-21, nan 
-2.375, -63.875, 1.679463572437772e-21, nan 
-2.125, -63.875, 1.5149120093761204e-21, nan 
-1.875, -63.875, 9.42068824394732e-22, nan 
-1.625, -63.875, 4.5331169399071025e-22, nan 
-1.375, -63.875, 3.5025466587129104e-22, nan 
-1.125, -63.875, 2.2799996086003874e-22, nan 
-0.875, -63.875, 2.6937986746132496e-22, nan 
-0.625, -63.875, 4.102970966668544e-22, nan 
-0.375, -63.875, 3.1460054099580917e-22, nan 
-0.125, -63.875, 3.41230041774772e-22, nan 
0.125, -63.875, 3.819172581872923e-22, nan 
0.375, -63.875, 1.8550001241563343e-22, nan 
0.625, -63.875, 2.7792659025355927e-22, nan 
0.875, -63.875, 3.929191730964553e-22, nan 
1.125, -63.875, 3.6024899626910697e-22, nan 
1.375, -63.875, 2.472379045392859e-22, nan 
1.625, -63.875, 2.7762152920077183e-22, nan 
1.875, -63.875, 4.109805551848176e-22, nan 
2.125, -63.875, 2.635944174691729e-22, nan 
2.375, -63.875, 5.852135938508373e-23, nan 
2.625, -63.875, 1.957289716125341e-22, nan 
-18.125, -63.625, 1.1504705845114161e-23, nan 
-17.875, -63.625, 1.1484273430291993e-23, nan 
-17.625, -63.625, 2.0772700255018373e-23, nan 
-17.375, -63.625, 3.136120433132104e-23, nan 
-17.125, -63.625, 4.523201715924402e-23, nan 
-16.875, -63.625, 4.1576181350583067e-23, nan 
-16.625, -63.625, 3.5039579864233926e-23, nan 
-16.375, -63.625, 3.274907806798351e-23, nan 
-16.125, -63.625, 3.843606929022596e-23, nan 
-15.875, -63.625, 6.80949362836582e-23, nan 
-15.625, -63.625, 6.919493001113392e-23, nan 
-15.375, -63.625, 8.279717664847501e-23, nan 
-15.125, -63.625, 8.666818482311295e-23, nan 
-14.875, -63.625, 1.529996544311159e-22, nan 
-14.625, -63.625, 1.7741482404054645e-22, nan 
-14.375, -63.625, 2.1235042932509344e-22, nan 
-14.125, -63.625, 2.5320539187026015e-22, nan 
-13.875, -63.625, 2.7017705506420105e-22, nan 
-13.625, -63.625, 2.3448342119136124e-22, nan 
-13.375, -63.625, 2.3439450988000056e-22, nan 
-13.125, -63.625, 3.7913014035057835e-22, nan 
-12.875, -63.625, 4.0277935495761515e-22, nan 
-12.625, -63.625, 4.665972734301697e-22, nan 
-12.375, -63.625, 3.6627045227772156e-22, nan 
-12.125, -63.625, 7.997473886945845e-22, nan 
-11.875, -63.625, 1.2589037730465346e-21, nan 
-11.625, -63.625, 1.476958065603487e-21, nan 
-11.375, -63.625, 1.3843020322854714e-21, nan 
-11.125, -63.625, 2.5426709541686614e-21, nan 
-10.875, -63.625, 3.153153028020877e-21, nan 
-10.625, -63.625, 2.1847410660884908e-21, nan 
-10.375, -63.625, 2.550471753528655e-21, nan 
-10.125, -63.625, 3.32748814279997e-21, nan 
-9.875, -63.625, 3.479388486253041e-21, nan 
-9.625, -63.625, 2.229306213651194e-21, nan 
-9.375, -63.625, 1.9345407704172844e-20, nan 
-9.125, -63.625, 9.043530500288368e-20, nan 
-8.875, -63.625, 7.006314869934911e-20, nan 
-8.625, -63.625, 2.5188929178334147e-19, nan 
-8.375, -63.625, 5.653632146415779e-20, nan 
-8.125, -63.625, 7.049738681493405e-21, nan 
-7.875, -63.625, 1.0173643307684915e-20, nan 
-7.625, -63.625, 5.153970437310481e-21, nan 
-7.375, -63.625, 7.538082491937007e-21, nan 
-7.125, -63.625, 3.2805910406747937e-21, nan 
-6.875, -63.625, 1.351958492751213e-21, nan 
-6.625, -63.625, 1.489686729718547e-21, nan 
-6.375, -63.625, 1.8575336736385554e-21, nan 
-6.125, -63.625, 1.0956075012199277e-21, nan 
-5.875, -63.625, 9.20579761407501e-22, nan 
-5.625, -63.625, 1.3621088336149854e-21, nan 
-5.375, -63.625, 6.196072252082422e-22, nan 
-5.125, -63.625, 2.951885576919573e-22, nan 
-4.875, -63.625, 7.797961845521214e-22, nan 
-4.625, -63.625, 4.599251832231916e-22, nan 
-4.375, -63.625, 1.1254153850000226e-21, nan 
-4.125, -63.625, 1.4671362802508487e-21, nan 
-3.875, -63.625, 1.2790077142767278e-21, nan 
-3.625, -63.625, 1.0869902687772556e-21, nan 
-3.375, -63.625, 4.3330498671281025e-22, nan 
-3.125, -63.625, 4.38772055274437e-22, nan 
-2.875, -63.625, 4.190303651697217e-22, nan 
-2.625, -63.625, 3.366225071007708e-22, nan 
-2.375, -63.625, 1.445950496510297e-22, nan 
-2.125, -63.625, 2.583458441921628e-22, nan 
-1.875, -63.625, 1.682247575804834e-22, nan 
-1.625, -63.625, 1.3966465407326465e-22, nan 
-1.375, -63.625, 1.7658907062553808e-22, nan 
-1.125, -63.625, 1.2850161041575698e-22, nan 
-0.875, -63.625, 1.434845606196119e-22, nan 
-0.625, -63.625, 1.2393457961817493e-22, nan 
-0.375, -63.625, 8.015127367258716e-23, nan 
-0.125, -63.625, 1.0219274900106413e-22, nan 
0.125, -63.625, 1.2856366634466553e-22, nan 
0.375, -63.625, 5.177176431766857e-23, nan 
0.625, -63.625, 8.165650669068067e-23, nan 
0.875, -63.625, 9.795848766366551e-23, nan 
1.125, -63.625, 8.284977169985819e-23, nan 
1.375, -63.625, 8.307568096767573e-23, nan 
1.625, -63.625, 5.969062934746606e-23, nan 
1.875, -63.625, 8.551722026216679e-23, nan 
2.125, -63.625, 5.923640104047249e-23, nan 
2.375, -63.625, 1.038589282746187e-22, nan 
2.625, -63.625, 2.1949771384086953e-22, nan 
-18.125, -63.375, 8.615616823437734e-23, nan 
-17.875, -63.375, 3.1038056062507125e-23, nan 
-17.625, -63.375, 4.4033753984961837e-23, nan 
-17.375, -63.375, 7.771142005547663e-23, nan 
-17.125, -63.375, 1.0554389120117652e-22, nan 
-16.875, -63.375, 1.0699118502763333e-22, nan 
-16.625, -63.375, 1.1133928127922284e-22, nan 
-16.375, -63.375, 1.5577802652496307e-22, nan 
-16.125, -63.375, 1.774997274345761e-22, nan 
-15.875, -63.375, 1.9707480347741184e-22, nan 
-15.625, -63.375, 2.545570372237366e-22, nan 
-15.375, -63.375, 2.9613518385695435e-22, nan 
-15.125, -63.375, 3.4636228598273743e-22, nan 
-14.875, -63.375, 3.799490123937267e-22, nan 
-14.625, -63.375, 6.769005341710577e-22, nan 
-14.375, -63.375, 6.286151665394368e-22, nan 
-14.125, -63.375, 5.448657736299294e-22, nan 
-13.875, -63.375, 4.830212598621287e-22, nan 
-13.625, -63.375, 4.6477104190001615e-22, nan 
-13.375, -63.375, 5.4465804753775095e-22, nan 
-13.125, -63.375, 7.145579796261328e-22, nan 
-12.875, -63.375, 1.2094512509453651e-21, nan 
-12.625, -63.375, 1.8920844849524463e-21, nan 
-12.375, -63.375, 2.9026417297135834e-21, nan 
-12.125, -63.375, 7.231387184106615e-21, nan 
-11.875, -63.375, 1.965275064736432e-20, nan 
-11.625, -63.375, 2.5893407576757332e-20, nan 
-11.375, -63.375, 3.93213600924047e-20, nan 
-11.125, -63.375, 7.256849531450993e-20, nan 
-10.875, -63.375, 6.196689259914407e-20, nan 
-10.625, -63.375, 3.282938901427834e-20, nan 
-10.375, -63.375, 1.9873624756764983e-20, nan 
-10.125, -63.375, 1.4300586795183286e-20, nan 
-9.875, -63.375, 9.237341222554524e-21, nan 
-9.625, -63.375, 1.2505616682858051e-21, nan 
-9.375, -63.375, 3.841871104819379e-21, nan 
-9.125, -63.375, 7.334169486893091e-21, nan 
-8.875, -63.375, 6.964533543731352e-22, nan 
-8.625, -63.375, 7.646926149662616e-22, nan 
-8.375, -63.375, 1.4256852623454137e-21, nan 
-8.125, -63.375, 4.1070180971164357e-22, nan 
-7.875, -63.375, 2.6731384393952874e-22, nan 
-7.625, -63.375, 2.258972967627039e-22, nan 
-7.375, -63.375, 3.8673273607315643e-22, nan 
-7.125, -63.375, 2.4423356953842544e-22, nan 
-6.875, -63.375, 9.915053308370235e-23, nan 
-6.625, -63.375, 1.2947256785795196e-22, nan 
-6.375, -63.375, 6.883123116794822e-23, nan 
-6.125, -63.375, 6.557259484158439e-23, nan 
-5.875, -63.375, 9.022371728032596e-23, nan 
-5.625, -63.375, 1.6115998894087877e-22, nan 
-5.375, -63.375, 8.71881896212269e-23, nan 
-5.125, -63.375, 6.093188184003596e-23, nan 
-4.875, -63.375, 6.762048988622569e-23, nan 
-4.625, -63.375, 1.0883091721453856e-22, nan 
-4.375, -63.375, 1.207229611110026e-22, nan 
-4.125, -63.375, 1.1720488313996466e-22, nan 
-3.875, -63.375, 1.1994169241940482e-22, nan 
-3.625, -63.375, 1.0751204187012721e-22, nan 
-3.375, -63.375, 1.1558355015292428e-22, nan 
-3.125, -63.375, 4.864714738633766e-23, nan 
-2.875, -63.375, 7.347259675667795e-23, nan 
-2.625, -63.375, 5.433697097476158e-23, nan 
-2.375, -63.375, 5.153791869290204e-23, nan 
-2.125, -63.375, 6.626157921430963e-23, nan 
-1.875, -63.375, 5.906914985034985e-23, nan 
-1.625, -63.375, 6.697438986379354e-23, nan 
-1.375, -63.375, 6.31053731524002e-23, nan 
-1.125, -63.375, 5.130778362313861e-23, nan 
-0.875, -63.375, 6.118860371222936e-23, nan 
-0.625, -63.375, 2.190442803091082e-23, nan 
-0.375, -63.375, 2.5218796530545968e-23, nan 
-0.125, -63.375, 3.2257197211973507e-23, nan 
0.125, -63.375, 3.728176453336601e-23, nan 
0.375, -63.375, 3.549474796560619e-23, nan 
0.625, -63.375, 5.629875110421013e-23, nan 
0.875, -63.375, 2.313517014429515e-23, nan 
1.125, -63.375, 4.2920778314097494e-23, nan 
1.375, -63.375, 5.008225353937671e-23, nan 
1.625, -63.375, 2.1366617525662752e-23, nan 
1.875, -63.375, 2.64036178988715e-23, nan 
2.125, -63.375, 8.231976454025112e-24, nan 
2.375, -63.375, 1.30617367330891e-22, nan 
2.625, -63.375, 1.7185406012740812e-22, nan 
-17.875, -63.125, 2.0233575754173578e-22, nan 
-17.625, -63.125, 2.32098633725026e-22, nan 
-17.375, -63.125, 1.5051730857781603e-22, nan 
-17.125, -63.125, 1.6430029850420332e-22, nan 
-16.875, -63.125, 1.9208339509049448e-22, nan 
-16.625, -63.125, 2.6563861487714555e-22, nan 
-16.375, -63.125, 4.064221125762784e-22, nan 
-16.125, -63.125, 5.447369131926419e-22, nan 
-15.875, -63.125, 7.988813996426376e-22, nan 
-15.625, -63.125, 1.0077248780856904e-21, nan 
-15.375, -63.125, 1.4203254783916585e-21, nan 
-15.125, -63.125, 1.3709404208983735e-21, nan 
-14.875, -63.125, 1.838824270924038e-21, nan 
-14.625, -63.125, 3.2388103384601506e-21, nan 
-14.375, -63.125, 2.277366668160276e-21, nan 
-14.125, -63.125, 3.450160697863318e-21, nan 
-13.875, -63.125, 4.320545117025461e-21, nan 
-13.625, -63.125, 5.386640625969573e-21, nan 
-13.375, -63.125, 8.941365573588117e-21, nan 
-13.125, -63.125, 1.1815202550293166e-20, nan 
-12.875, -63.125, 1.9564383560407255e-20, nan 
-12.625, -63.125, 2.5893409964052826e-20, nan 
-12.375, -63.125, 1.891600013054599e-20, nan 
-12.125, -63.125, 1.8305726326329383e-20, nan 
-11.875, -63.125, 1.4348240984594142e-20, nan 
-11.625, -63.125, 5.803692469150609e-21, nan 
-11.375, -63.125, 2.948669662722677e-21, nan 
-11.125, -63.125, 2.6942380958703934e-21, nan 
-10.875, -63.125, 1.7167884041818007e-21, nan 
-10.625, -63.125, 6.588623012344471e-22, nan 
-10.375, -63.125, 7.093952423991881e-22, nan 
-10.125, -63.125, 3.725083385192104e-22, nan 
-9.875, -63.125, 3.2631200685363487e-22, nan 
-9.625, -63.125, 9.984903275662745e-23, nan 
-9.375, -63.125, 2.444773143897838e-22, nan 
-9.125, -63.125, 4.70708055692149e-22, nan 
-8.875, -63.125, 1.7824724424543445e-22, nan 
-8.625, -63.125, 1.7289614181881944e-22, nan 
-8.375, -63.125, 9.935350701718304e-23, nan 
-8.125, -63.125, 1.1901484865447825e-22, nan 
-7.875, -63.125, 1.1405072226864406e-22, nan 
-7.625, -63.125, 8.629025145470098e-23, nan 
-7.375, -63.125, 6.068849674546138e-23, nan 
-7.125, -63.125, 8.299119475042296e-23, nan 
-6.875, -63.125, 2.757149363966984e-23, nan 
-6.625, -63.125, 3.685812283950726e-23, nan 
-6.375, -63.125, 4.0126327638663496e-23, nan 
-6.125, -63.125, 2.100256822417887e-23, nan 
-5.875, -63.125, 1.6546162323420676e-23, nan 
-5.625, -63.125, 5.667789828705485e-24, nan 
-5.375, -63.125, 2.5390989383117356e-23, nan 
-5.125, -63.125, 2.944771685237899e-23, nan 
-4.875, -63.125, 2.3636539500617974e-23, nan 
-4.625, -63.125, 3.529984652973169e-23, nan 
-4.375, -63.125, 4.962925461641476e-23, nan 
-4.125, -63.125, 2.0291089438905066e-23, nan 
-3.875, -63.125, 3.3012765274357745e-23, nan 
-3.625, -63.125, 2.8405734019122616e-23, nan 
-3.375, -63.125, 2.7416446979561055e-23, nan 
-3.125, -63.125, 2.1257852166686387e-23, nan 
-2.875, -63.125, 2.984148383276232e-23, nan 
-2.625, -63.125, 2.3346223919984715e-23, nan 
-2.375, -63.125, 1.8525818099014486e-23, nan 
-2.125, -63.125, 1.57405795282295e-23, nan 
-1.875, -63.125, 2.0668355572904528e-23, nan 
-1.625, -63.125, 2.673491538294806e-23, nan 
-1.375, -63.125, 1.7233941450727148e-23, nan 
-1.125, -63.125, 7.329648580676054e-24, nan 
-0.875, -63.125, 5.9153928306730974e-24, nan 
-0.625, -63.125, 5.277855285860537e-24, nan 
-0.375, -63.125, 8.031587626313046e-24, nan 
-0.125, -63.125, 7.678895896532615e-24, nan 
0.125, -63.125, 7.392620216532292e-24, nan 
0.375, -63.125, 2.32231023924318e-23, nan 
0.625, -63.125, 1.996851253065017e-23, nan 
0.875, -63.125, 1.4790204212941181e-23, nan 
1.125, -63.125, 2.923346177084822e-23, nan 
1.375, -63.125, 1.2709130366859519e-23, nan 
1.625, -63.125, 1.4883894493808436e-23, nan 
1.875, -63.125, 1.1915284896964158e-23, nan 
2.125, -63.125, 1.4815775063154994e-23, nan 
2.375, -63.125, 2.1903293359742544e-24, nan 
2.625, -63.125, 8.457396387776983e-24, nan 
-17.625, -62.875, 6.294656115467054e-22, nan 
-17.375, -62.875, 7.821201991704446e-22, nan 
-17.125, -62.875, 7.7511456378604195e-22, nan 
-16.875, -62.875, 1.192598359735667e-21, nan 
-16.625, -62.875, 1.4049769619582888e-21, nan 
-16.375, -62.875, 1.660156854635921e-21, nan 
-16.125, -62.875, 2.164743720948348e-21, nan 
-15.875, -62.875, 3.7966591051176544e-21, nan 
-15.625, -62.875, 4.764091255038637e-21, nan 
-15.375, -62.875, 6.486835121639983e-21, nan 
-15.125, -62.875, 5.9507234491208536e-21, nan 
-14.875, -62.875, 7.80429109430212e-21, nan 
-14.625, -62.875, 4.591452587832719e-21, nan 
-14.375, -62.875, 4.8067260490963226e-21, nan 
-14.125, -62.875, 5.546024416365866e-21, nan 
-13.875, -62.875, 5.9230548834494915e-21, nan 
-13.625, -62.875, 3.9093860592993295e-21, nan 
-13.375, -62.875, 3.230713211646662e-21, nan 
-13.125, -62.875, 2.4862091663312895e-21, nan 
-12.875, -62.875, 2.0683584595180292e-21, nan 
-12.625, -62.875, 2.7490347360784058e-21, nan 
-12.375, -62.875, 2.056983595236594e-21, nan 
-12.125, -62.875, 1.4402982877357336e-21, nan 
-11.875, -62.875, 1.4506919292296687e-21, nan 
-11.625, -62.875, 9.896256501656098e-22, nan 
-11.375, -62.875, 2.410103956089589e-22, nan 
-11.125, -62.875, 4.1320094340100663e-22, nan 
-10.875, -62.875, 2.830977197023672e-22, nan 
-10.625, -62.875, 9.87963052052388e-23, nan 
-10.375, -62.875, 7.154786341109539e-23, nan 
-10.125, -62.875, 5.595494783547183e-23, nan 
-9.875, -62.875, 8.924915240704241e-23, nan 
-9.625, -62.875, 1.459329422031121e-22, nan 
-9.375, -62.875, 1.3296030860410087e-22, nan 
-9.125, -62.875, 6.699880061406975e-23, nan 
-8.875, -62.875, 6.20679068938444e-23, nan 
-8.625, -62.875, 5.885316542207153e-23, nan 
-8.375, -62.875, 6.05820805447409e-23, nan 
-8.125, -62.875, 7.282077604784976e-23, nan 
-7.875, -62.875, 5.946571967670342e-23, nan 
-7.625, -62.875, 5.751707393222016e-23, nan 
-7.375, -62.875, 4.985454838345824e-23, nan 
-7.125, -62.875, 2.6294384801304017e-23, nan 
-6.875, -62.875, 1.4875931219016297e-23, nan 
-6.625, -62.875, 2.1309530633025217e-23, nan 
-6.375, -62.875, 1.9156599942924278e-23, nan 
-6.125, -62.875, 1.8542964549335024e-23, nan 
-5.875, -62.875, 1.194619154347515e-23, nan 
-5.625, -62.875, 6.5708970621176015e-24, nan 
-5.375, -62.875, 1.4655435624427793e-23, nan 
-5.125, -62.875, 1.0375903893886982e-23, nan 
-4.875, -62.875, 7.479341874284548e-24, nan 
-4.625, -62.875, 1.7919853746550444e-23, nan 
-4.375, -62.875, 1.2497198658737042e-23, nan 
-4.125, -62.875, 1.3243263609177665e-23, nan 
-3.875, -62.875, 1.6931399757673572e-23, nan 
-3.625, -62.875, 9.089125131178405e-24, nan 
-3.375, -62.875, 9.770176844018443e-24, nan 
-3.125, -62.875, 9.836880738899957e-24, nan 
-2.875, -62.875, 7.24808588160834e-24, nan 
-2.625, -62.875, 9.555945065517304e-24, nan 
-2.375, -62.875, 6.798688056974431e-24, nan 
-2.125, -62.875, 1.1311896216055719e-23, nan 
-1.875, -62.875, 1.0463868148391536e-23, nan 
-1.625, -62.875, 1.2031672261027341e-23, nan 
-1.375, -62.875, 1.5458780853916468e-23, nan 
-1.125, -62.875, 6.993544256936074e-24, nan 
-0.875, -62.875, 7.132472120204877e-24, nan 
-0.625, -62.875, 8.539149021041594e-24, nan 
-0.375, -62.875, 4.6491486787697086e-24, nan 
-0.125, -62.875, 5.189724629918789e-24, nan 
0.125, -62.875, 5.969906840478348e-24, nan 
0.375, -62.875, 1.1321255134866809e-23, nan 
0.625, -62.875, 1.2031775163792265e-23, nan 
0.875, -62.875, 1.0633195261221376e-23, nan 
1.125, -62.875, 1.7744158238669353e-23, nan 
1.375, -62.875, 1.0073930465087716e-23, nan 
1.625, -62.875, 9.845167392939238e-24, nan 
1.875, -62.875, 1.2795008865659206e-23, nan 
2.125, -62.875, 9.500472679676301e-24, nan 
2.375, -62.875, 3.739646320104006e-24, nan 
2.625, -62.875, 7.564546237449956e-24, nan 
-17.375, -62.625, 2.70671730475211e-21, nan 
-17.125, -62.625, 4.1827195588897276e-21, nan 
-16.875, -62.625, 6.188734775912607e-21, nan 
-16.625, -62.625, 6.873886489126765e-21, nan 
-16.375, -62.625, 4.564705533996198e-21, nan 
-16.125, -62.625, 4.436610314904949e-21, nan 
-15.875, -62.625, 2.5215114247358416e-21, nan 
-15.625, -62.625, 1.928862169857737e-21, nan 
-15.375, -62.625, 3.737488797756969e-21, nan 
-15.125, -62.625, 3.0182208234745395e-21, nan 
-14.875, -62.625, 1.5446844232458198e-21, nan 
-14.625, -62.625, 8.897432215542633e-22, nan 
-14.375, -62.625, 5.005126720962388e-22, nan 
-14.125, -62.625, 7.321231370075411e-22, nan 
-13.875, -62.625, 8.059364001075791e-22, nan 
-13.625, -62.625, 4.499897662980007e-22, nan 
-13.375, -62.625, 2.3067084561301623e-22, nan 
-13.125, -62.625, 3.330928218448445e-22, nan 
-12.875, -62.625, 2.6448032442973154e-22, nan 
-12.625, -62.625, 2.030141141454385e-22, nan 
-12.375, -62.625, 1.9846455667344649e-22, nan 
-12.125, -62.625, 1.5691049059362677e-22, nan 
-11.875, -62.625, 2.5889443684129774e-22, nan 
-11.625, -62.625, 2.0936124217771006e-22, nan 
-11.375, -62.625, 9.581236225140824e-23, nan 
-11.125, -62.625, 7.661510881840618e-23, nan 
-10.875, -62.625, 2.4692522684343729e-23, nan 
-10.625, -62.625, 3.404506739466076e-23, nan 
-10.375, -62.625, 9.841078707567502e-23, nan 
-10.125, -62.625, 1.1205048004537346e-22, nan 
-9.875, -62.625, 4.3511204696803525e-23, nan 
-9.625, -62.625, 6.274369038461871e-23, nan 
-9.375, -62.625, 6.852594472248825e-23, nan 
-9.125, -62.625, 2.5454318191517836e-23, nan 
-8.875, -62.625, 2.415604370984856e-23, nan 
-8.625, -62.625, 2.4380213631520102e-23, nan 
-8.375, -62.625, 3.0023156193035576e-23, nan 
-8.125, -62.625, 3.692314074035264e-23, nan 
-7.875, -62.625, 3.6620262506265875e-23, nan 
-7.625, -62.625, 3.5110391870505983e-23, nan 
-7.375, -62.625, 3.2682987284556814e-23, nan 
-7.125, -62.625, 2.2406722571627095e-23, nan 
-6.875, -62.625, 2.1013221141390255e-23, nan 
-6.625, -62.625, 2.5101696353790373e-23, nan 
-6.375, -62.625, 1.4774787322684482e-23, nan 
-6.125, -62.625, 8.221492040505513e-24, nan 
-5.875, -62.625, 1.1006190770105025e-23, nan 
-5.625, -62.625, 9.161204740602288e-24, nan 
-5.375, -62.625, 2.8725721409494595e-24, nan 
-5.125, -62.625, 6.147308503584734e-24, nan 
-4.875, -62.625, 7.442709849210152e-24, nan 
-4.625, -62.625, 8.593247477225302e-24, nan 
-4.375, -62.625, 4.234216905149629e-24, nan 
-4.125, -62.625, 9.134639892506965e-24, nan 
-3.875, -62.625, 9.750495384564958e-24, nan 
-3.625, -62.625, 4.151773184141239e-24, nan 
-3.375, -62.625, 4.932701871280127e-24, nan 
-3.125, -62.625, 4.123006641893631e-24, nan 
-2.875, -62.625, 6.783481150401155e-24, nan 
-2.625, -62.625, 5.909693444947461e-24, nan 
-2.375, -62.625, 7.510247918700425e-24, nan 
-2.125, -62.625, 9.297748127229145e-24, nan 
-1.875, -62.625, 6.359593695465506e-24, nan 
-1.625, -62.625, 5.727914866017745e-24, nan 
-1.375, -62.625, 9.869483204226182e-24, nan 
-1.125, -62.625, 7.224787884289788e-24, nan 
-0.875, -62.625, 6.690862580173312e-24, nan 
-0.625, -62.625, 6.946066955128635e-24, nan 
-0.375, -62.625, 8.031791802998759e-24, nan 
-0.125, -62.625, 6.668605983529425e-24, nan 
0.125, -62.625, 3.2482021256171414e-24, nan 
0.375, -62.625, 7.010931818404149e-24, nan 
0.625, -62.625, 7.907183927042763e-24, nan 
0.875, -62.625, 5.890361520454862e-24, nan 
1.125, -62.625, 6.5437950686210174e-24, nan 
1.375, -62.625, 3.6894257457274914e-24, nan 
1.625, -62.625, 5.835720646424822e-24, nan 
1.875, -62.625, 7.447026379517662e-24, nan 
2.125, -62.625, 5.563760249116352e-24, nan 
2.375, -62.625, 4.7312279931796346e-24, nan 
2.625, -62.625, 5.5939061276644635e-24, nan 
-17.125, -62.375, 4.121405790682769e-21, nan 
-16.875, -62.375, 4.858629570023285e-21, nan 
-16.625, -62.375, 4.5176165179949096e-21, nan 
-16.375, -62.375, 1.0493722997675662e-21, nan 
-16.125, -62.375, 9.658351625000214e-22, nan 
-15.875, -62.375, 9.912491988213277e-22, nan 
-15.625, -62.375, 6.521698479015472e-22, nan 
-15.375, -62.375, 8.69676316667475e-22, nan 
-15.125, -62.375, 7.329734352092422e-22, nan 
-14.875, -62.375, 3.149230330843653e-22, nan 
-14.625, -62.375, 3.622871628041415e-22, nan 
-14.375, -62.375, 2.661605854752853e-22, nan 
-14.125, -62.375, 9.000646727069077e-23, nan 
-13.875, -62.375, 1.421289850213587e-22, nan 
-13.625, -62.375, 9.000116503686243e-23, nan 
-13.375, -62.375, 7.748138870478846e-23, nan 
-13.125, -62.375, 9.889144068365072e-23, nan 
-12.875, -62.375, 9.046429372257513e-23, nan 
-12.625, -62.375, 5.1811301716773973e-23, nan 
-12.375, -62.375, 5.115985874838021e-23, nan 
-12.125, -62.375, 2.781484966311679e-23, nan 
-11.875, -62.375, 4.389833698731973e-23, nan 
-11.625, -62.375, 5.2811784784693886e-23, nan 
-11.375, -62.375, 6.123202919903973e-23, nan 
-11.125, -62.375, 1.0072218813078626e-22, nan 
-10.875, -62.375, 1.0252362634290947e-22, nan 
-10.625, -62.375, 1.0056787654863589e-22, nan 
-10.375, -62.375, 7.104779277707887e-23, nan 
-10.125, -62.375, 6.805974138910139e-23, nan 
-9.875, -62.375, 2.9821686085236824e-23, nan 
-9.625, -62.375, 1.6251857995891626e-23, nan 
-9.375, -62.375, 9.048649307636214e-24, nan 
-9.125, -62.375, 2.1841831087003546e-23, nan 
-8.875, -62.375, 2.5227438975116707e-23, nan 
-8.625, -62.375, 2.1055809795536293e-23, nan 
-8.375, -62.375, 1.8538951634468862e-23, nan 
-8.125, -62.375, 2.418568544566255e-23, nan 
-7.875, -62.375, 3.5946909984672694e-23, nan 
-7.625, -62.375, 3.7585494914072015e-23, nan 
-7.375, -62.375, 2.4785543439055272e-23, nan 
-7.125, -62.375, 2.3519014904117757e-23, nan 
-6.875, -62.375, 2.1957871306161406e-23, nan 
-6.625, -62.375, 2.036484521324494e-23, nan 
-6.375, -62.375, 1.57040964412878e-23, nan 
-6.125, -62.375, 9.409615776887767e-24, nan 
-5.875, -62.375, 2.6758323779805645e-24, nan 
-5.625, -62.375, 4.204783283306884e-24, nan 
-5.375, -62.375, 3.1938857079696753e-24, nan 
-5.125, -62.375, 5.074703358277276e-24, nan 
-4.875, -62.375, 5.992460555513149e-24, nan 
-4.625, -62.375, 3.4963312354050756e-24, nan 
-4.375, -62.375, 5.713047784349101e-24, nan 
-4.125, -62.375, 6.4312581304267315e-24, nan 
-3.875, -62.375, 5.591927038811371e-24, nan 
-3.625, -62.375, 4.434406536321484e-24, nan 
-3.375, -62.375, 2.03925679857719e-24, nan 
-3.125, -62.375, 6.796095973181152e-24, nan 
-2.875, -62.375, 6.65578359275862e-24, nan 
-2.625, -62.375, 3.412805358008104e-24, nan 
-2.375, -62.375, 8.394713186258849e-24, nan 
-2.125, -62.375, 6.378994415410419e-24, nan 
-1.875, -62.375, 2.7441459353780225e-24, nan 
-1.625, -62.375, 6.076013104180209e-24, nan 
-1.375, -62.375, 5.912382774720237e-24, nan 
-1.125, -62.375, 5.928410065461526e-24, nan 
-0.875, -62.375, 4.1639839959867094e-24, nan 
-0.625, -62.375, 5.10470458771257e-24, nan 
-0.375, -62.375, 1.1584345457015256e-23, nan 
-0.125, -62.375, 2.4973908978127943e-23, nan 
0.125, -62.375, 2.5921470866541516e-23, nan 
0.375, -62.375, 1.4770390432394455e-23, nan 
0.625, -62.375, 3.9484461561026845e-24, nan 
0.875, -62.375, 3.8713994512283465e-24, nan 
1.125, -62.375, 3.362335169607758e-24, nan 
1.375, -62.375, 3.73290343800106e-24, nan 
1.625, -62.375, 3.9964277376741805e-24, nan 
1.875, -62.375, 3.760310703566124e-24, nan 
2.125, -62.375, 1.956797883858332e-24, nan 
2.375, -62.375, 1.6392501142716918e-24, nan 
2.625, -62.375, 2.922864376351881e-24, nan 
-16.875, -62.125, 5.0557245364725e-22, nan 
-16.625, -62.125, 5.836784958129799e-22, nan 
-16.375, -62.125, 3.473850972512095e-22, nan 
-16.125, -62.125, 2.8981198178711944e-22, nan 
-15.875, -62.125, 4.038575590361536e-22, nan 
-15.625, -62.125, 4.0898318142185136e-22, nan 
-15.375, -62.125, 1.6162451413139407e-22, nan 
-15.125, -62.125, 2.475759537454193e-22, nan 
-14.875, -62.125, 1.7221521824590653e-22, nan 
-14.625, -62.125, 1.075913382732923e-22, nan 
-14.375, -62.125, 1.0742552010327676e-22, nan 
-14.125, -62.125, 6.057467296450826e-23, nan 
-13.875, -62.125, 3.4704831738512914e-23, nan 
-13.625, -62.125, 4.2581295187298255e-23, nan 
-13.375, -62.125, 3.190779745293897e-23, nan 
-13.125, -62.125, 3.632445839169489e-23, nan 
-12.875, -62.125, 4.281832520589083e-23, nan 
-12.625, -62.125, 2.5138833041543994e-23, nan 
-12.375, -62.125, 3.004527385072886e-23, nan 
-12.125, -62.125, 2.6806801364360355e-23, nan 
-11.875, -62.125, 4.527286688791749e-23, nan 
-11.625, -62.125, 5.791199838466667e-23, nan 
-11.375, -62.125, 3.930453159315203e-23, nan 
-11.125, -62.125, 9.913404977804444e-23, nan 
-10.875, -62.125, 1.0565875760850499e-22, nan 
-10.625, -62.125, 9.933221372857661e-23, nan 
-10.375, -62.125, 5.353634328487714e-23, nan 
-10.125, -62.125, 6.252225600647697e-23, nan 
-9.875, -62.125, 5.487950278271235e-23, nan 
-9.625, -62.125, 1.7038316464612545e-23, nan 
-9.375, -62.125, 8.168010976547402e-24, nan 
-9.125, -62.125, 1.466737035525379e-23, nan 
-8.875, -62.125, 1.8551368299984168e-23, nan 
-8.625, -62.125, 1.8606832712065235e-23, nan 
-8.375, -62.125, 1.4719090692907408e-23, nan 
-8.125, -62.125, 1.6239528372683748e-23, nan 
-7.875, -62.125, 2.9724610197089123e-23, nan 
-7.625, -62.125, 3.0309595173585204e-23, nan 
-7.375, -62.125, 2.2119360025330803e-23, nan 
-7.125, -62.125, 2.6360290400877296e-23, nan 
-6.875, -62.125, 2.183944619108056e-23, nan 
-6.625, -62.125, 1.517665531783777e-23, nan 
-6.375, -62.125, 1.3122613126772374e-23, nan 
-6.125, -62.125, 1.0843962836724476e-23, nan 
-5.875, -62.125, 9.822910013713578e-24, nan 
-5.625, -62.125, 8.716232141377049e-24, nan 
-5.375, -62.125, 3.27053750641213e-24, nan 
-5.125, -62.125, 3.437181100406735e-24, nan 
-4.875, -62.125, 5.081726799359139e-24, nan 
-4.625, -62.125, 3.0763682954281717e-24, nan 
-4.375, -62.125, 3.059281245248921e-24, nan 
-4.125, -62.125, 5.4239901973537774e-24, nan 
-3.875, -62.125, 6.255541592763233e-24, nan 
-3.625, -62.125, 7.163260819597402e-24, nan 
-3.375, -62.125, 3.563678579098306e-24, nan 
-3.125, -62.125, 4.169377391474406e-24, nan 
-2.875, -62.125, 4.905518811616277e-24, nan 
-2.625, -62.125, 4.512202817924858e-24, nan 
-2.375, -62.125, 2.706503011678536e-24, nan 
-2.125, -62.125, 4.236157009864779e-24, nan 
-1.875, -62.125, 1.7871392185972862e-24, nan 
-1.625, -62.125, 2.522879986991264e-24, nan 
-1.375, -62.125, 3.492210546541501e-24, nan 
-1.125, -62.125, 1.7036844346535143e-24, nan 
-0.875, -62.125, 1.1625133280635537e-23, nan 
-0.625, -62.125, 1.616412188344583e-23, nan 
-0.375, -62.125, 9.288456006588208e-24, nan 
-0.125, -62.125, 3.140059488363589e-23, nan 
0.125, -62.125, 3.147899286350452e-23, nan 
0.375, -62.125, 1.7366626358779437e-23, nan 
0.625, -62.125, 1.2461648610135955e-23, nan 
0.875, -62.125, 1.3630742911201897e-23, nan 
1.125, -62.125, 7.312826427476444e-24, nan 
1.375, -62.125, 3.446972240012881e-24, nan 
1.625, -62.125, 3.057480144788916e-24, nan 
1.875, -62.125, 1.450184792959263e-23, nan 
2.125, -62.125, 2.0259199148680697e-23, nan 
2.375, -62.125, 1.9649803593868764e-23, nan 
2.625, -62.125, 1.8214298794659785e-23, nan 
-16.875, -61.875, 1.6409876720247877e-22, nan 
-16.625, -61.875, 1.4659187466136102e-22, nan 
-16.375, -61.875, 1.562391058897209e-22, nan 
-16.125, -61.875, 1.5597473796725845e-22, nan 
-15.875, -61.875, 1.6957042029951342e-22, nan 
-15.625, -61.875, 1.426619035171442e-22, nan 
-15.375, -61.875, 8.124489306299339e-23, nan 
-15.125, -61.875, 8.175574368399859e-23, nan 
-14.875, -61.875, 4.7522995360832344e-23, nan 
-14.625, -61.875, 4.7120687711392074e-23, nan 
-14.375, -61.875, 3.222554754657915e-23, nan 
-14.125, -61.875, 2.3218908467748356e-23, nan 
-13.875, -61.875, 2.1950497028295495e-23, nan 
-13.625, -61.875, 4.0576696669311114e-23, nan 
-13.375, -61.875, 5.9880093157734e-23, nan 
-13.125, -61.875, 3.107608801594967e-23, nan 
-12.875, -61.875, 1.2348404689129438e-23, nan 
-12.625, -61.875, 2.9133120557292706e-23, nan 
-12.375, -61.875, 2.323514594632009e-23, nan 
-12.125, -61.875, 1.564483211298362e-23, nan 
-11.875, -61.875, 1.2228364252382886e-23, nan 
-11.625, -61.875, 9.145631297182378e-24, nan 
-11.375, -61.875, 6.175217599970666e-24, nan 
-11.125, -61.875, 3.989112998820388e-23, nan 
-10.875, -61.875, 3.647405069740503e-23, nan 
-10.625, -61.875, 3.469017064854803e-23, nan 
-10.375, -61.875, 1.0115257200684505e-23, nan 
-10.125, -61.875, 1.7579986878221823e-23, nan 
-9.875, -61.875, 1.3340830685095145e-23, nan 
-9.625, -61.875, 1.1005884773326025e-23, nan 
-9.375, -61.875, 8.484246582393463e-24, nan 
-9.125, -61.875, 1.075461120705003e-23, nan 
-8.875, -61.875, 1.2237461566808823e-23, nan 
-8.625, -61.875, 9.70398282476329e-24, nan 
-8.375, -61.875, 1.3427252368551642e-23, nan 
-8.125, -61.875, 1.3508396757048e-23, nan 
-7.875, -61.875, 1.5051580935550754e-23, nan 
-7.625, -61.875, 1.769597255230713e-23, nan 
-7.375, -61.875, 2.0264495571863535e-23, nan 
-7.125, -61.875, 2.0669084505554108e-23, nan 
-6.875, -61.875, 1.47409221456004e-23, nan 
-6.625, -61.875, 1.3120515127359116e-23, nan 
-6.375, -61.875, 1.2961059500776456e-23, nan 
-6.125, -61.875, 9.157081868197747e-24, nan 
-5.875, -61.875, 6.875002613871584e-24, nan 
-5.625, -61.875, 6.751761694465181e-24, nan 
-5.375, -61.875, 4.416527357709073e-24, nan 
-5.125, -61.875, 4.012806819704333e-24, nan 
-4.875, -61.875, 3.9825229791934396e-24, nan 
-4.625, -61.875, 5.309775804851175e-24, nan 
-4.375, -61.875, 4.587144472763955e-24, nan 
-4.125, -61.875, 2.963227986167171e-24, nan 
-3.875, -61.875, 6.605662620438438e-24, nan 
-3.625, -61.875, 9.119422417841003e-24, nan 
-3.375, -61.875, 3.217731762988558e-24, nan 
-3.125, -61.875, 3.865516379581796e-24, nan 
-2.875, -61.875, 4.563016362567268e-24, nan 
-2.625, -61.875, 6.1866174163027414e-24, nan 
-2.375, -61.875, 2.7533364381581136e-24, nan 
-2.125, -61.875, 3.259409114728559e-24, nan 
-1.875, -61.875, 3.842752307100457e-24, nan 
-1.625, -61.875, 3.0994670393470164e-24, nan 
-1.375, -61.875, 3.1085746580578676e-24, nan 
-1.125, -61.875, 1.0943142391576583e-24, nan 
-0.875, -61.875, 1.294881302681228e-24, nan 
-0.625, -61.875, 4.50326298554424e-24, nan 
-0.375, -61.875, 1.3293486890236274e-24, nan 
-0.125, -61.875, 1.495686318941298e-23, nan 
0.125, -61.875, 1.2810424929862604e-23, nan 
0.375, -61.875, 8.031987703768247e-24, nan 
0.625, -61.875, 3.6439325694448316e-24, nan 
0.875, -61.875, 2.5390226448994194e-24, nan 
1.125, -61.875, 6.827258917306756e-24, nan 
1.375, -61.875, 1.1008737707349452e-23, nan 
1.625, -61.875, 1.2840501241198548e-23, nan 
1.875, -61.875, 1.342963542605172e-23, nan 
2.125, -61.875, 1.9790396120243824e-23, nan 
2.375, -61.875, 2.395818412519565e-23, nan 
2.625, -61.875, 1.8576757265868575e-23, nan 
-16.625, -61.625, 1.3970989465191331e-22, nan 
-16.375, -61.625, 1.0533707357242456e-22, nan 
-16.125, -61.625, 6.207417697925036e-23, nan 
-15.875, -61.625, 2.063997571322424e-23, nan 
-15.625, -61.625, 2.0263087711612153e-23, nan 
-15.375, -61.625, 4.055827386566419e-23, nan 
-15.125, -61.625, 3.256652217062983e-23, nan 
-14.875, -61.625, 2.06062724873474e-23, nan 
-14.625, -61.625, 1.3710814218946502e-23, nan 
-14.375, -61.625, 3.4976687395868434e-23, nan 
-14.125, -61.625, 5.728038575055247e-23, nan 
-13.875, -61.625, 5.856345970994698e-23, nan 
-13.625, -61.625, 5.665698161724754e-23, nan 
-13.375, -61.625, 6.222508085257296e-23, nan 
-13.125, -61.625, 5.0142752804668016e-23, nan 
-12.875, -61.625, 3.5450108554130764e-23, nan 
-12.625, -61.625, 3.464507159557869e-23, nan 
-12.375, -61.625, 1.9454054076250114e-23, nan 
-12.125, -61.625, 1.3530440155198014e-23, nan 
-11.875, -61.625, 1.0725039299249453e-23, nan 
-11.625, -61.625, 8.179948404865737e-24, nan 
-11.375, -61.625, 8.370849760458719e-24, nan 
-11.125, -61.625, 5.816905681615522e-24, nan 
-10.875, -61.625, 9.16175016277482e-24, nan 
-10.625, -61.625, 5.5623580492711464e-24, nan 
-10.375, -61.625, 2.713671043973879e-24, nan 
-10.125, -61.625, 5.326563617603975e-24, nan 
-9.875, -61.625, 2.5581204199021725e-24, nan 
-9.625, -61.625, 3.2060615821141102e-24, nan 
-9.375, -61.625, 4.612943248887518e-24, nan 
-9.125, -61.625, 4.9636455589701896e-24, nan 
-8.875, -61.625, 7.541268397018714e-24, nan 
-8.625, -61.625, 6.135917826172115e-24, nan 
-8.375, -61.625, 9.135272886898373e-24, nan 
-8.125, -61.625, 1.0714635503781004e-23, nan 
-7.875, -61.625, 1.3039538420109369e-23, nan 
-7.625, -61.625, 1.569012346830694e-23, nan 
-7.375, -61.625, 1.1906298198379197e-23, nan 
-7.125, -61.625, 1.5103481395477073e-23, nan 
-6.875, -61.625, 1.7696287110824942e-23, nan 
-6.625, -61.625, 6.72377091241755e-24, nan 
-6.375, -61.625, 1.4156563595218267e-23, nan 
-6.125, -61.625, 1.7840595351574488e-23, nan 
-5.875, -61.625, 1.5407589581438302e-23, nan 
-5.625, -61.625, 1.2720605757081375e-23, nan 
-5.375, -61.625, 1.0545463542250124e-23, nan 
-5.125, -61.625, 3.0036397556249814e-24, nan 
-4.875, -61.625, 3.2430351959362226e-24, nan 
-4.625, -61.625, 5.357294740957133e-24, nan 
-4.375, -61.625, 2.6368260614958922e-24, nan 
-4.125, -61.625, 2.8047068280346387e-24, nan 
-3.875, -61.625, 5.680705183572499e-24, nan 
-3.625, -61.625, 4.950906834513491e-24, nan 
-3.375, -61.625, 2.450041594849587e-24, nan 
-3.125, -61.625, 3.279042063470662e-24, nan 
-2.875, -61.625, 3.3669240640101326e-24, nan 
-2.625, -61.625, 3.6736200585645415e-24, nan 
-2.375, -61.625, 2.7136303595926583e-24, nan 
-2.125, -61.625, 1.7032629376224583e-24, nan 
-1.875, -61.625, 1.7188542451285285e-24, nan 
-1.625, -61.625, 3.0479734493227454e-24, nan 
-1.375, -61.625, 2.8579763364044437e-24, nan 
-1.125, -61.625, 1.2288428782377027e-24, nan 
-0.875, -61.625, 2.0614083055049462e-24, nan 
-0.625, -61.625, 1.8855047641203787e-24, nan 
-0.375, -61.625, 1.712207271846451e-24, nan 
-0.125, -61.625, 3.310803392427976e-24, nan 
0.125, -61.625, 6.2160263299006876e-24, nan 
0.375, -61.625, 2.5578050120651645e-24, nan 
0.625, -61.625, 3.861982526597899e-24, nan 
0.875, -61.625, 3.231433603550187e-24, nan 
1.125, -61.625, 7.479636719907626e-24, nan 
1.375, -61.625, 1.4422434541524468e-23, nan 
1.625, -61.625, 1.2171497858744261e-23, nan 
1.875, -61.625, 1.3174926145696862e-23, nan 
2.125, -61.625, 2.3886107702226996e-23, nan 
2.375, -61.625, 2.1386668777361902e-23, nan 
2.625, -61.625, 1.566675998843444e-23, nan 
-16.375, -61.375, 3.712709323914836e-23, nan 
-16.125, -61.375, 2.7758200184238503e-23, nan 
-15.875, -61.375, 2.5564591881383862e-23, nan 
-15.625, -61.375, 1.4169038191567034e-23, nan 
-15.375, -61.375, 1.8235197968577766e-23, nan 
-15.125, -61.375, 1.620550619974739e-23, nan 
-14.875, -61.375, 2.925425227263648e-23, nan 
-14.625, -61.375, 3.550537650405765e-23, nan 
-14.375, -61.375, 3.245695535406159e-23, nan 
-14.125, -61.375, 4.1117624374986955e-23, nan 
-13.875, -61.375, 4.882587905845946e-23, nan 
-13.625, -61.375, 4.4026184275913697e-23, nan 
-13.375, -61.375, 4.19579811631295e-23, nan 
-13.125, -61.375, 5.37508229869129e-23, nan 
-12.875, -61.375, 3.524400779800132e-23, nan 
-12.625, -61.375, 3.1912220186699833e-23, nan 
-12.375, -61.375, 3.5405834228495353e-23, nan 
-12.125, -61.375, 1.9058770226712472e-23, nan 
-11.875, -61.375, 8.448344091616402e-24, nan 
-11.625, -61.375, 8.512555170246321e-24, nan 
-11.375, -61.375, 8.149016880022127e-24, nan 
-11.125, -61.375, 6.715930661552146e-24, nan 
-10.875, -61.375, 7.125350183498583e-24, nan 
-10.625, -61.375, 7.004602473311809e-24, nan 
-10.375, -61.375, 5.371919486624395e-24, nan 
-10.125, -61.375, 2.9120213577211173e-24, nan 
-9.875, -61.375, 2.170064063726696e-24, nan 
-9.625, -61.375, 3.401744226079298e-24, nan 
-9.375, -61.375, 3.1057104328333673e-24, nan 
-9.125, -61.375, 1.678999662282414e-24, nan 
-8.875, -61.375, 2.720492460718819e-24, nan 
-8.625, -61.375, 3.782609199331168e-24, nan 
-8.375, -61.375, 4.8079649770500725e-24, nan 
-8.125, -61.375, 4.792028578499685e-24, nan 
-7.875, -61.375, 6.551499143662883e-24, nan 
-7.625, -61.375, 7.508024191008728e-24, nan 
-7.375, -61.375, 7.71359477671477e-24, nan 
-7.125, -61.375, 1.1607392339392297e-23, nan 
-6.875, -61.375, 1.4540654232924042e-23, nan 
-6.625, -61.375, 6.968028076476493e-24, nan 
-6.375, -61.375, 1.2875211744077746e-23, nan 
-6.125, -61.375, 1.7123789411199165e-23, nan 
-5.875, -61.375, 1.710840567170849e-23, nan 
-5.625, -61.375, 1.3595109237660314e-23, nan 
-5.375, -61.375, 1.0808659136514127e-23, nan 
-5.125, -61.375, 9.639227287275067e-24, nan 
-4.875, -61.375, 9.289206024574845e-24, nan 
-4.625, -61.375, 6.321998789921114e-24, nan 
-4.375, -61.375, 4.136542140574706e-24, nan 
-4.125, -61.375, 2.653222242408914e-24, nan 
-3.875, -61.375, 5.786765696838157e-24, nan 
-3.625, -61.375, 3.351730822413017e-24, nan 
-3.375, -61.375, 2.11842519002657e-24, nan 
-3.125, -61.375, 1.702608425278815e-24, nan 
-2.875, -61.375, 2.7915330058082704e-24, nan 
-2.625, -61.375, 1.7566027528134046e-24, nan 
-2.375, -61.375, 1.7394353409662215e-24, nan 
-2.125, -61.375, 1.670479211992806e-24, nan 
-1.875, -61.375, 1.5420332561689174e-24, nan 
-1.625, -61.375, 2.5030015891967876e-24, nan 
-1.375, -61.375, 2.1616676080465316e-24, nan 
-1.125, -61.375, 1.2748609118329874e-24, nan 
-0.875, -61.375, 1.966881916130497e-24, nan 
-0.625, -61.375, 2.0075642723028898e-24, nan 
-0.375, -61.375, 1.5483742498053127e-24, nan 
-0.125, -61.375, 1.668742499730181e-24, nan 
0.125, -61.375, 2.656621444385197e-24, nan 
0.375, -61.375, 2.9190213968871995e-24, nan 
0.625, -61.375, 2.859113287361102e-24, nan 
0.875, -61.375, 2.24383431746979e-24, nan 
1.125, -61.375, 2.549240341586414e-24, nan 
1.375, -61.375, 1.848811533870657e-24, nan 
1.625, -61.375, 2.5832921210860536e-24, nan 
1.875, -61.375, 9.496005872012736e-24, nan 
2.125, -61.375, 1.6066354875722443e-23, nan 
2.375, -61.375, 1.311681748433815e-23, nan 
2.625, -61.375, 1.097529332138235e-23, nan 
-16.125, -61.125, 2.677444948942902e-23, nan 
-15.875, -61.125, 2.2557474976655383e-23, nan 
-15.625, -61.125, 1.5460967195052645e-23, nan 
-15.375, -61.125, 1.6487509716006695e-23, nan 
-15.125, -61.125, 1.4157117940842067e-23, nan 
-14.875, -61.125, 1.7591524058737466e-23, nan 
-14.625, -61.125, 2.403684330479054e-23, nan 
-14.375, -61.125, 2.2055541654700712e-23, nan 
-14.125, -61.125, 2.4995073730871588e-23, nan 
-13.875, -61.125, 2.6005149967358676e-23, nan 
-13.625, -61.125, 2.3025932064648465e-23, nan 
-13.375, -61.125, 3.023492597614686e-23, nan 
-13.125, -61.125, 3.4359153331156085e-23, nan 
-12.875, -61.125, 2.322725211269112e-23, nan 
-12.625, -61.125, 2.699262087254343e-23, nan 
-12.375, -61.125, 2.408610243214624e-23, nan 
-12.125, -61.125, 1.5378536614624195e-23, nan 
-11.875, -61.125, 8.078012458711915e-24, nan 
-11.625, -61.125, 5.444650481864159e-24, nan 
-11.375, -61.125, 6.4923477481784e-24, nan 
-11.125, -61.125, 4.575227697639728e-24, nan 
-10.875, -61.125, 2.7938651256974164e-24, nan 
-10.625, -61.125, 3.715834046901999e-24, nan 
-10.375, -61.125, 2.858923785399695e-24, nan 
-10.125, -61.125, 2.40378974364447e-24, nan 
-9.875, -61.125, 1.1967310347516457e-24, nan 
-9.625, -61.125, 2.4068231771659612e-24, nan 
-9.375, -61.125, 4.16664197408536e-24, nan 
-9.125, -61.125, 1.5770418277286209e-24, nan 
-8.875, -61.125, 3.2954346522366633e-24, nan 
-8.625, -61.125, 4.9749325959580615e-24, nan 
-8.375, -61.125, 3.8558355827806544e-24, nan 
-8.125, -61.125, 5.076951351296519e-24, nan 
-7.875, -61.125, 4.129713189718135e-24, nan 
-7.625, -61.125, 5.0268170436664086e-24, nan 
-7.375, -61.125, 4.559511192261185e-24, nan 
-7.125, -61.125, 4.027306790767557e-24, nan 
-6.875, -61.125, 5.611235672936763e-24, nan 
-6.625, -61.125, 5.854140762502769e-24, nan 
-6.375, -61.125, 5.940412367078708e-24, nan 
-6.125, -61.125, 7.066364744324178e-24, nan 
-5.875, -61.125, 1.0359841889940465e-23, nan 
-5.625, -61.125, 2.0295618933655028e-23, nan 
-5.375, -61.125, 1.5495138939871532e-23, nan 
-5.125, -61.125, 1.2419190241635558e-23, nan 
-4.875, -61.125, 1.0040571948583032e-23, nan 
-4.625, -61.125, 2.943735891242125e-24, nan 
-4.375, -61.125, 1.1174062977434353e-23, nan 
-4.125, -61.125, 1.333575008334098e-23, nan 
-3.875, -61.125, 4.41579863982614e-24, nan 
-3.625, -61.125, 1.5663319153490375e-24, nan 
-3.375, -61.125, 3.170558937850981e-24, nan 
-3.125, -61.125, 3.0612333992208802e-24, nan 
-2.875, -61.125, 1.3233814063995149e-24, nan 
-2.625, -61.125, 1.3177145534135647e-24, nan 
-2.375, -61.125, 1.2776303408100084e-24, nan 
-2.125, -61.125, 1.3450350929917487e-24, nan 
-1.875, -61.125, 1.2889379147924308e-24, nan 
-1.625, -61.125, 1.921871259338456e-24, nan 
-1.375, -61.125, 2.0490510052502507e-24, nan 
-1.125, -61.125, 6.013238754438793e-25, nan 
-0.875, -61.125, 8.725154196481965e-25, nan 
-0.625, -61.125, 1.0202144800038894e-24, nan 
-0.375, -61.125, 1.0404972812678654e-24, nan 
-0.125, -61.125, 1.3774620566721303e-24, nan 
0.125, -61.125, 1.3483165702556876e-24, nan 
0.375, -61.125, 1.7143635070463505e-24, nan 
0.625, -61.125, 2.9860506339811383e-24, nan 
0.875, -61.125, 3.565641740246661e-24, nan 
1.125, -61.125, 2.1590710874683127e-24, nan 
1.375, -61.125, 2.61306624194005e-24, nan 
1.625, -61.125, 1.883251501075437e-24, nan 
1.875, -61.125, 2.4527868203670566e-24, nan 
2.125, -61.125, 1.964958378609627e-24, nan 
2.375, -61.125, 1.5880300301996054e-24, nan 
2.625, -61.125, 2.4780960337163326e-24, nan 
-15.875, -60.875, 2.444707387898418e-23, nan 
-15.625, -60.875, 1.408584939230538e-23, nan 
-15.375, -60.875, 1.5166433848342264e-23, nan 
-15.125, -60.875, 1.3082258258509748e-23, nan 
-14.875, -60.875, 8.309525277361596e-24, nan 
-14.625, -60.875, 1.2413039256833515e-23, nan 
-14.375, -60.875, 1.699651204108301e-23, nan 
-14.125, -60.875, 2.0114376968385998e-23, nan 
-13.875, -60.875, 1.9816696549757594e-23, nan 
-13.625, -60.875, 2.702309902733231e-23, nan 
-13.375, -60.875, 2.4562792345309486e-23, nan 
-13.125, -60.875, 1.9883156118422724e-23, nan 
-12.875, -60.875, 1.8778169711437798e-23, nan 
-12.625, -60.875, 1.3865077427330272e-23, nan 
-12.375, -60.875, 7.343586769644497e-24, nan 
-12.125, -60.875, 7.357779022824028e-24, nan 
-11.875, -60.875, 6.769190054200546e-24, nan 
-11.625, -60.875, 4.923469097146601e-24, nan 
-11.375, -60.875, 6.016285948740735e-24, nan 
-11.125, -60.875, 3.862322265197146e-24, nan 
-10.875, -60.875, 3.2807669569391664e-24, nan 
-10.625, -60.875, 2.2188346148821255e-24, nan 
-10.375, -60.875, 2.3477722716264258e-24, nan 
-10.125, -60.875, 1.6827903591671725e-24, nan 
-9.875, -60.875, 2.2625138724046082e-24, nan 
-9.625, -60.875, 3.709680521334482e-24, nan 
-9.375, -60.875, 3.0498178613725734e-24, nan 
-9.125, -60.875, 1.2611574322347743e-24, nan 
-8.875, -60.875, 3.1511840867978948e-24, nan 
-8.625, -60.875, 4.079713649338742e-24, nan 
-8.375, -60.875, 3.930317203945058e-24, nan 
-8.125, -60.875, 3.4197091697710675e-24, nan 
-7.875, -60.875, 1.598927254990386e-24, nan 
-7.625, -60.875, 3.799552616413265e-24, nan 
-7.375, -60.875, 3.9543024968799815e-24, nan 
-7.125, -60.875, 3.4849938957241516e-24, nan 
-6.875, -60.875, 4.898584169071717e-24, nan 
-6.625, -60.875, 6.089958943712691e-24, nan 
-6.375, -60.875, 9.694053135134455e-24, nan 
-6.125, -60.875, 1.1431224296254581e-23, nan 
-5.875, -60.875, 1.342382693130887e-23, nan 
-5.625, -60.875, 1.9266368624617448e-23, nan 
-5.375, -60.875, 1.8309898058384832e-23, nan 
-5.125, -60.875, 1.3867549737566848e-23, nan 
-4.875, -60.875, 9.538992500051911e-24, nan 
-4.625, -60.875, 6.273729059699265e-24, nan 
-4.375, -60.875, 1.582812085027628e-23, nan 
-4.125, -60.875, 1.614313913293357e-23, nan 
-3.875, -60.875, 3.574270498159966e-24, nan 
-3.625, -60.875, 6.349638653323557e-24, nan 
-3.375, -60.875, 4.8310223990810426e-24, nan 
-3.125, -60.875, 2.630414226675801e-24, nan 
-2.875, -60.875, 1.2505790481232244e-24, nan 
-2.625, -60.875, 1.9799131434446443e-24, nan 
-2.375, -60.875, 2.8850346159821797e-24, nan 
-2.125, -60.875, 1.4604058441168327e-24, nan 
-1.875, -60.875, 9.53488140123374e-25, nan 
-1.625, -60.875, 1.3309004647031497e-24, nan 
-1.375, -60.875, 1.2173925341986127e-24, nan 
-1.125, -60.875, 1.1510142587787673e-24, nan 
-0.875, -60.875, 1.324710204538117e-24, nan 
-0.625, -60.875, 2.8934285949605824e-25, nan 
-0.375, -60.875, 1.4947975489168062e-24, nan 
-0.125, -60.875, 2.0843315070820323e-24, nan 
0.125, -60.875, 1.2711451107941813e-24, nan 
0.375, -60.875, 1.161979527110546e-24, nan 
0.625, -60.875, 2.170734695229127e-24, nan 
0.875, -60.875, 3.72241423189363e-24, nan 
1.125, -60.875, 1.9808450248981095e-24, nan 
1.375, -60.875, 2.1029721757944997e-24, nan 
1.625, -60.875, 3.443665486487926e-24, nan 
1.875, -60.875, 2.2018724524059e-24, nan 
2.125, -60.875, 2.1088681068594155e-24, nan 
2.375, -60.875, 2.3331618341559584e-24, nan 
-15.625, -60.625, 1.137359986810032e-23, nan 
-15.375, -60.625, 8.272441599873783e-24, nan 
-15.125, -60.625, 6.324868968855248e-24, nan 
-14.875, -60.625, 6.560569808564525e-24, nan 
-14.625, -60.625, 7.663342786553441e-24, nan 
-14.375, -60.625, 6.595969462776996e-24, nan 
-14.125, -60.625, 3.3107718993146946e-24, nan 
-13.875, -60.625, 9.172988728444243e-24, nan 
-13.625, -60.625, 1.445407308640145e-23, nan 
-13.375, -60.625, 1.3879972351876287e-23, nan 
-13.125, -60.625, 3.854690215724241e-24, nan 
-12.875, -60.625, 3.695163054593863e-24, nan 
-12.625, -60.625, 2.7877312460621478e-24, nan 
-12.375, -60.625, 3.2732006069797213e-24, nan 
-12.125, -60.625, 3.0348537601588105e-24, nan 
-11.875, -60.625, 2.5730987452243353e-24, nan 
-11.625, -60.625, 2.2430661959679136e-24, nan 
-11.375, -60.625, 2.764393535712656e-24, nan 
-11.125, -60.625, 3.399871877892035e-24, nan 
-10.875, -60.625, 2.8324227761239872e-24, nan 
-10.625, -60.625, 2.1063849979882947e-24, nan 
-10.375, -60.625, 2.8466625056826042e-24, nan 
-10.125, -60.625, 1.022678768831745e-24, nan 
-9.875, -60.625, 2.710260122706165e-24, nan 
-9.625, -60.625, 4.9862388959708474e-24, nan 
-9.375, -60.625, 4.005786987784302e-24, nan 
-9.125, -60.625, 2.529183283084934e-24, nan 
-8.875, -60.625, 4.380395223604803e-24, nan 
-8.625, -60.625, 4.577219911372081e-24, nan 
-8.375, -60.625, 3.0341250685516423e-24, nan 
-8.125, -60.625, 3.530122107776e-24, nan 
-7.875, -60.625, 3.1238893376575387e-24, nan 
-7.625, -60.625, 1.856649678759439e-24, nan 
-7.375, -60.625, 3.2057903408231643e-24, nan 
-7.125, -60.625, 3.180300082298118e-24, nan 
-6.875, -60.625, 5.003588497897944e-24, nan 
-6.625, -60.625, 4.994643825300626e-24, nan 
-6.375, -60.625, 9.095415325984082e-24, nan 
-6.125, -60.625, 1.118658016850573e-23, nan 
-5.875, -60.625, 1.0296679841591389e-23, nan 
-5.625, -60.625, 1.5507003706266136e-23, nan 
-5.375, -60.625, 1.6529244173782003e-23, nan 
-5.125, -60.625, 1.458749723494463e-23, nan 
-4.875, -60.625, 9.966623637799531e-24, nan 
-4.625, -60.625, 6.959902567145165e-24, nan 
-4.375, -60.625, 1.1170481919600549e-23, nan 
-4.125, -60.625, 9.015698572981368e-24, nan 
-3.875, -60.625, 2.5900950689056154e-24, nan 
-3.625, -60.625, 1.466693435312674e-24, nan 
-3.375, -60.625, 1.5655282868818534e-24, nan 
-3.125, -60.625, 2.047849994444583e-24, nan 
-2.875, -60.625, 1.2250450817153977e-24, nan 
-2.625, -60.625, 2.2893605344889645e-24, nan 
-2.375, -60.625, 3.665621203690209e-24, nan 
-2.125, -60.625, 1.7755626196640347e-24, nan 
-1.875, -60.625, 1.6862758313695617e-24, nan 
-1.625, -60.625, 2.3202326568093155e-24, nan 
-1.375, -60.625, 3.5827582684684096e-24, nan 
-1.125, -60.625, 2.0603316223573612e-24, nan 
-0.875, -60.625, 8.053521587419032e-25, nan 
-0.625, -60.625, 6.569462978416358e-25, nan 
-0.375, -60.625, 1.0727561560432725e-24, nan 
-0.125, -60.625, 1.2417482515101176e-24, nan 
0.125, -60.625, 1.83885249176377e-24, nan 
0.375, -60.625, 2.3053999293479758e-24, nan 
0.625, -60.625, 2.1868232570450744e-24, nan 
0.875, -60.625, 3.870648719063868e-24, nan 
1.125, -60.625, 1.9816526119745124e-24, nan 
1.375, -60.625, 1.9322308043227513e-24, nan 
1.625, -60.625, 5.3851061686401474e-24, nan 
1.875, -60.625, 2.1580476498322687e-24, nan 
2.125, -60.625, 2.408308800032831e-24, nan 
2.375, -60.625, 4.4871146026754934e-24, nan 
-15.625, -60.375, 5.792134026585329e-24, nan 
-15.375, -60.375, 5.545386043510535e-24, nan 
-15.125, -60.375, 4.790124011780739e-24, nan 
-14.875, -60.375, 5.63703544501997e-24, nan 
-14.625, -60.375, 5.749869355410451e-24, nan 
-14.375, -60.375, 5.16945181599606e-24, nan 
-14.125, -60.375, 1.0932663997807372e-23, nan 
-13.875, -60.375, 2.4464896622932047e-24, nan 
-13.625, -60.375, 3.441354647418263e-24, nan 
-13.375, -60.375, 2.2978828144347e-24, nan 
-13.125, -60.375, 1.6595885770355616e-24, nan 
-12.875, -60.375, 2.2036147797847333e-24, nan 
-12.625, -60.375, 3.0890309103402242e-24, nan 
-12.375, -60.375, 2.2965590012635337e-24, nan 
-12.125, -60.375, 5.678745307052723e-24, nan 
-11.875, -60.375, 2.6490321284669385e-24, nan 
-11.625, -60.375, 1.3449369146756268e-24, nan 
-11.375, -60.375, 3.9397529948734015e-24, nan 
-11.125, -60.375, 1.237011271628897e-24, nan 
-10.875, -60.375, 1.4901827179376678e-24, nan 
-10.625, -60.375, 2.625756177757051e-24, nan 
-10.375, -60.375, 3.2217645387714967e-24, nan 
-10.125, -60.375, 1.926322014369006e-24, nan 
-9.875, -60.375, 2.188758785325894e-24, nan 
-9.625, -60.375, 3.774474008467103e-24, nan 
-9.375, -60.375, 3.0406806470037045e-24, nan 
-9.125, -60.375, 3.703311898162091e-24, nan 
-8.875, -60.375, 4.896086819329634e-24, nan 
-8.625, -60.375, 4.701600267731601e-24, nan 
-8.375, -60.375, 9.590748630803687e-24, nan 
-8.125, -60.375, 1.1422893513800424e-23, nan 
-7.875, -60.375, 1.012231484725233e-23, nan 
-7.625, -60.375, 5.0797357999560596e-24, nan 
-7.375, -60.375, 3.380912738163056e-24, nan 
-7.125, -60.375, 4.186619980693918e-24, nan 
-6.875, -60.375, 2.5557990411395833e-24, nan 
-6.625, -60.375, 2.6488700479416106e-24, nan 
-6.375, -60.375, 2.8025536750766613e-24, nan 
-6.125, -60.375, 2.9122050175290086e-24, nan 
-5.875, -60.375, 3.323504129337951e-24, nan 
-5.625, -60.375, 1.2607029062365099e-23, nan 
-5.375, -60.375, 1.0348711978473482e-23, nan 
-5.125, -60.375, 9.821773091283531e-24, nan 
-4.875, -60.375, 7.621670257561768e-24, nan 
-4.625, -60.375, 1.265972515114776e-24, nan 
-4.375, -60.375, 1.6364403291327908e-24, nan 
-4.125, -60.375, 1.978719488195532e-24, nan 
-3.875, -60.375, 1.799313363053233e-24, nan 
-3.625, -60.375, 1.379572280161087e-24, nan 
-3.375, -60.375, 2.130530552551814e-24, nan 
-3.125, -60.375, 2.8246213545950554e-24, nan 
-2.875, -60.375, 2.1615991926030037e-24, nan 
-2.625, -60.375, 1.3887187317427768e-24, nan 
-2.375, -60.375, 2.9792571167099033e-24, nan 
-2.125, -60.375, 3.807741473678494e-24, nan 
-1.875, -60.375, 1.1069925941378018e-24, nan 
-1.625, -60.375, 1.8854796431327675e-24, nan 
-1.375, -60.375, 6.924365877518724e-24, nan 
-1.125, -60.375, 2.142562210149647e-24, nan 
-0.875, -60.375, 7.179152091886242e-25, nan 
-0.625, -60.375, 2.6920619328247702e-24, nan 
-0.375, -60.375, 2.1380685422162824e-24, nan 
-0.125, -60.375, 1.1837277838755816e-24, nan 
0.125, -60.375, 2.71606225778654e-24, nan 
0.375, -60.375, 3.583595478069027e-24, nan 
0.625, -60.375, 3.8020922520627854e-24, nan 
0.875, -60.375, 3.302574151734046e-24, nan 
1.125, -60.375, 2.5097983403627652e-24, nan 
1.375, -60.375, 3.4490597136892035e-24, nan 
1.625, -60.375, 1.002200364318551e-23, nan 
1.875, -60.375, 4.3832565586283854e-24, nan 
2.125, -60.375, 1.8701632980923185e-24, nan 
2.375, -60.375, 3.839083347319426e-24, nan 
-15.375, -60.125, 1.3828589940207618e-23, nan 
-15.125, -60.125, 1.1236004620757551e-23, nan 
-14.875, -60.125, 1.176109452783684e-23, nan 
-14.625, -60.125, 7.751871849325704e-24, nan 
-14.375, -60.125, 8.19237379140903e-24, nan 
-14.125, -60.125, 1.81822746943681e-23, nan 
-13.875, -60.125, 2.5659649217006765e-24, nan 
-13.625, -60.125, 2.3486262265117116e-24, nan 
-13.375, -60.125, 4.210500120782811e-24, nan 
-13.125, -60.125, 2.0137067752304078e-24, nan 
-12.875, -60.125, 4.127701308613047e-24, nan 
-12.625, -60.125, 2.7203623491925737e-24, nan 
-12.375, -60.125, 1.989341872250477e-24, nan 
-12.125, -60.125, 9.539854000448851e-24, nan 
-11.875, -60.125, 4.470531098335344e-24, nan 
-11.625, -60.125, 4.526601254459305e-24, nan 
-11.375, -60.125, 7.093163320662085e-24, nan 
-11.125, -60.125, 7.643690162612096e-24, nan 
-10.875, -60.125, 2.020030051406408e-24, nan 
-10.625, -60.125, 3.677345784249021e-24, nan 
-10.375, -60.125, 2.342619812279788e-24, nan 
-10.125, -60.125, 1.7103041833130323e-24, nan 
-9.875, -60.125, 2.027976079858536e-24, nan 
-9.625, -60.125, 4.707405975304654e-24, nan 
-9.375, -60.125, 2.4233250099082395e-24, nan 
-9.125, -60.125, 2.8604155588315445e-24, nan 
-8.875, -60.125, 6.628716827832892e-24, nan 
-8.625, -60.125, 1.5550428033364875e-23, nan 
-8.375, -60.125, 1.8585391061938712e-23, nan 
-8.125, -60.125, 2.0627033934847732e-23, nan 
-7.875, -60.125, 2.083058238431554e-23, nan 
-7.625, -60.125, 1.4970403752255094e-23, nan 
-7.375, -60.125, 8.132940341391923e-24, nan 
-7.125, -60.125, 3.7739339990585584e-24, nan 
-6.875, -60.125, 3.029189230384749e-24, nan 
-6.625, -60.125, 1.5918045077126512e-24, nan 
-6.375, -60.125, 1.5337957280313637e-24, nan 
-6.125, -60.125, 4.145654747999766e-24, nan 
-5.875, -60.125, 1.1274466415022154e-24, nan 
-5.625, -60.125, 3.2700233391209324e-24, nan 
-5.375, -60.125, 3.380239678135222e-24, nan 
-5.125, -60.125, 3.961625069783308e-24, nan 
-4.875, -60.125, 3.1580560514175747e-24, nan 
-4.625, -60.125, 2.6370862797295866e-24, nan 
-4.375, -60.125, 2.7667964788225503e-24, nan 
-4.125, -60.125, 2.0998589540734007e-24, nan 
-3.875, -60.125, 1.712991496844804e-24, nan 
-3.625, -60.125, 1.2830755452777533e-24, nan 
-3.375, -60.125, 2.0308612013071956e-24, nan 
-3.125, -60.125, 4.239762392644533e-24, nan 
-2.875, -60.125, 5.380543336933646e-24, nan 
-2.625, -60.125, 2.233805368661896e-24, nan 
-2.375, -60.125, 1.8572214617811956e-24, nan 
-2.125, -60.125, 1.1568867599458924e-24, nan 
-1.875, -60.125, 1.691916721401142e-24, nan 
-1.625, -60.125, 1.842020986860179e-24, nan 
-1.375, -60.125, 4.528211789933546e-24, nan 
-1.125, -60.125, 1.7397660457511855e-24, nan 
-0.875, -60.125, 1.0081651593886329e-24, nan 
-0.625, -60.125, 1.9951286012516336e-24, nan 
-0.375, -60.125, 2.3910472315300968e-24, nan 
-0.125, -60.125, 1.9076432974372573e-24, nan 
0.125, -60.125, 4.06162818049231e-24, nan 
0.375, -60.125, 3.1849752441823632e-24, nan 
0.625, -60.125, 2.3887718524211272e-24, nan 
0.875, -60.125, 4.5343148257460036e-24, nan 
1.125, -60.125, 3.392081974211887e-24, nan 
1.375, -60.125, 6.535722823518174e-24, nan 
1.625, -60.125, 1.419947225920976e-23, nan 
1.875, -60.125, 1.153843691261645e-23, nan 
2.125, -60.125, 3.1436199731150466e-24, nan 
2.375, -60.125, 4.52955707787875e-24, nan 
-15.125, -59.875, 9.196927398807025e-23, nan 
-14.875, -59.875, 7.076948039346835e-23, nan 
-14.625, -59.875, 4.539284558538288e-23, nan 
-14.375, -59.875, 7.741544501207242e-23, nan 
-14.125, -59.875, 9.29651711484714e-23, nan 
-13.875, -59.875, 3.20904887568464e-23, nan 
-13.625, -59.875, 1.2480129007126572e-23, nan 
-13.375, -59.875, 1.2613874914296925e-23, nan 
-13.125, -59.875, 1.1836311258033792e-23, nan 
-12.875, -59.875, 1.2099926255419314e-23, nan 
-12.625, -59.875, 1.1547712689347303e-23, nan 
-12.375, -59.875, 7.409959065157664e-24, nan 
-12.125, -59.875, 2.9716985681731527e-23, nan 
-11.875, -59.875, 3.1715103467341547e-23, nan 
-11.625, -59.875, 4.369131925042709e-23, nan 
-11.375, -59.875, 3.4202282093449606e-23, nan 
-11.125, -59.875, 7.908323651092592e-23, nan 
-10.875, -59.875, 7.114033499891807e-23, nan 
-10.625, -59.875, 3.404683161799413e-23, nan 
-10.375, -59.875, 2.5844390804739372e-23, nan 
-10.125, -59.875, 1.1640363675178316e-23, nan 
-9.875, -59.875, 2.1380262380814614e-23, nan 
-9.625, -59.875, 1.6576287625704775e-23, nan 
-9.375, -59.875, 4.722337831081313e-23, nan 
-9.125, -59.875, 5.233596698359677e-23, nan 
-8.875, -59.875, 1.4360263131664727e-22, nan 
-8.625, -59.875, 1.6444279548934964e-22, nan 
-8.375, -59.875, 1.0289711544056424e-22, nan 
-8.125, -59.875, 9.798511543063331e-23, nan 
-7.875, -59.875, 1.2497894587676044e-22, nan 
-7.625, -59.875, 1.4883182038393535e-22, nan 
-7.375, -59.875, 1.7569779548654836e-22, nan 
-7.125, -59.875, 1.2316686758198428e-22, nan 
-6.875, -59.875, 1.9412915668859374e-23, nan 
-6.625, -59.875, 1.1163984651621506e-23, nan 
-6.375, -59.875, 3.950163357647899e-23, nan 
-6.125, -59.875, 6.897774662640645e-23, nan 
-5.875, -59.875, 4.895451768666776e-23, nan 
-5.625, -59.875, 2.2138551116003677e-23, nan 
-5.375, -59.875, 4.0027918827611854e-23, nan 
-5.125, -59.875, 4.078248237391563e-23, nan 
-4.875, -59.875, 2.4710472839944378e-23, nan 
-4.625, -59.875, 1.1354627963716909e-23, nan 
-4.375, -59.875, 2.010346762642064e-23, nan 
-4.125, -59.875, 1.9270313019034676e-23, nan 
-3.875, -59.875, 2.060267957829735e-23, nan 
-3.625, -59.875, 2.6627986768545446e-23, nan 
-3.375, -59.875, 3.566530506563437e-23, nan 
-3.125, -59.875, 5.484495485691186e-23, nan 
-2.875, -59.875, 5.828697450898503e-23, nan 
-2.625, -59.875, 3.6810002030720967e-23, nan 
-2.375, -59.875, 3.8504194291164246e-23, nan 
-2.125, -59.875, 3.299157365126253e-23, nan 
-1.875, -59.875, 1.8638970587034675e-23, nan 
-1.625, -59.875, 2.135545021212646e-23, nan 
-1.375, -59.875, 1.1284225467815984e-23, nan 
-1.125, -59.875, 1.7637063770029246e-23, nan 
-0.875, -59.875, 2.3209510489901704e-23, nan 
-0.625, -59.875, 2.388169937679086e-23, nan 
-0.375, -59.875, 2.914226279369888e-23, nan 
-0.125, -59.875, 4.124553882654565e-23, nan 
0.125, -59.875, 4.5354867648389467e-23, nan 
0.375, -59.875, 5.623295355101193e-23, nan 
0.625, -59.875, 5.44473915046265e-23, nan 
0.875, -59.875, 1.8968034768172783e-23, nan 
1.125, -59.875, 1.166229582796246e-22, nan 
1.375, -59.875, 1.9424929153649948e-22, nan 
1.625, -59.875, 1.7532039952211546e-22, nan 
1.875, -59.875, 1.7798645858983564e-22, nan 
2.125, -59.875, 1.5233954487207142e-22, nan 
2.375, -59.875, 4.478804362787229e-23, nan 
-14.875, -59.625, 4.9308307362335606e-23, nan 
-14.625, -59.625, 8.0390556894568e-23, nan 
-14.375, -59.625, 7.557779158004754e-23, nan 
-14.125, -59.625, 5.852106317056746e-23, nan 
-13.875, -59.625, 3.495630459282753e-23, nan 
-13.625, -59.625, 1.737566415894027e-23, nan 
-13.375, -59.625, 1.536641281157339e-23, nan 
-13.125, -59.625, 1.5298041249932118e-23, nan 
-12.875, -59.625, 1.28300408363538e-23, nan 
-12.625, -59.625, 2.3784289777547317e-23, nan 
-12.375, -59.625, 2.6810829842499995e-23, nan 
-12.125, -59.625, 1.337578685301834e-23, nan 
-11.875, -59.625, 1.9869253793206272e-23, nan 
-11.625, -59.625, 3.614016606748293e-23, nan 
-11.375, -59.625, 3.6859899066484736e-23, nan 
-11.125, -59.625, 2.514739516617949e-23, nan 
-10.875, -59.625, 2.5849221195576975e-23, nan 
-10.625, -59.625, 2.901225678067362e-23, nan 
-10.375, -59.625, 5.193554235033383e-23, nan 
-10.125, -59.625, 4.57123824646631e-23, nan 
-9.875, -59.625, 1.508254080340952e-23, nan 
-9.625, -59.625, 5.630799611498873e-24, nan 
-9.375, -59.625, 1.744192686482389e-23, nan 
-9.125, -59.625, 2.9128497530692825e-23, nan 
-8.875, -59.625, 1.3579874821791043e-22, nan 
-8.625, -59.625, 1.5411059776411988e-22, nan 
-8.375, -59.625, 1.1813152792484763e-22, nan 
-8.125, -59.625, 1.3518815704249002e-22, nan 
-7.875, -59.625, 1.204629847100825e-22, nan 
-7.625, -59.625, 1.9159070567168302e-22, nan 
-7.375, -59.625, 1.7302646187270842e-22, nan 
-7.125, -59.625, 6.216963700338826e-23, nan 
-6.875, -59.625, 2.257578609194644e-23, nan 
-6.625, -59.625, 1.571026890432119e-23, nan 
-6.375, -59.625, 1.1448299182917787e-23, nan 
-6.125, -59.625, 2.101630269743664e-23, nan 
-5.875, -59.625, 1.6037951866839166e-23, nan 
-5.625, -59.625, 2.5849332661381816e-23, nan 
-5.375, -59.625, 2.8855398292956015e-23, nan 
-5.125, -59.625, 1.332997644368945e-23, nan 
-4.875, -59.625, 3.957633162085372e-24, nan 
-4.625, -59.625, 2.4049707154179346e-23, nan 
-4.375, -59.625, 2.866176640418206e-23, nan 
-4.125, -59.625, 1.828576091677391e-23, nan 
-3.875, -59.625, 1.5373243597303704e-23, nan 
-3.625, -59.625, 2.0745134402924866e-23, nan 
-3.375, -59.625, 2.4650990844710353e-23, nan 
-3.125, -59.625, 4.9273192369453197e-23, nan 
-2.875, -59.625, 7.453782274793898e-23, nan 
-2.625, -59.625, 7.340078300947139e-23, nan 
-2.375, -59.625, 5.825134495311909e-23, nan 
-2.125, -59.625, 4.4620590800356524e-23, nan 
-1.875, -59.625, 5.2546652326231477e-23, nan 
-1.625, -59.625, 4.149003862339206e-23, nan 
-1.375, -59.625, 4.558651845548028e-23, nan 
-1.125, -59.625, 3.4480054800968056e-23, nan 
-0.875, -59.625, 2.763539395270092e-23, nan 
-0.625, -59.625, 3.1627659874119376e-23, nan 
-0.375, -59.625, 2.922169199273082e-23, nan 
-0.125, -59.625, 1.9454566523722118e-23, nan 
0.125, -59.625, 3.094788846465768e-23, nan 
0.375, -59.625, 4.96937423087238e-23, nan 
0.625, -59.625, 4.319982006874763e-23, nan 
0.875, -59.625, 1.2666629730330995e-23, nan 
1.125, -59.625, 4.56194561057046e-24, nan 
1.375, -59.625, 5.623546981046261e-23, nan 
1.625, -59.625, 1.0285556301847371e-22, nan 
1.875, -59.625, 8.021933677871793e-23, nan 
2.125, -59.625, 3.36261291944998e-23, nan 
2.375, -59.625, 3.310804880635721e-23, nan 
-14.625, -59.375, 4.982588225440119e-23, nan 
-14.375, -59.375, 3.633963085369917e-23, nan 
-14.125, -59.375, 3.4091976744799204e-23, nan 
-13.875, -59.375, 3.1451038740985434e-23, nan 
-13.625, -59.375, 2.974452721978636e-23, nan 
-13.375, -59.375, 2.893950359583689e-23, nan 
-13.125, -59.375, 3.312669057559048e-23, nan 
-12.875, -59.375, 5.2791676879151194e-23, nan 
-12.625, -59.375, 4.386791229765126e-23, nan 
-12.375, -59.375, 3.8486863485165914e-23, nan 
-12.125, -59.375, 2.2914892888908847e-23, nan 
-11.875, -59.375, 2.465525378789508e-23, nan 
-11.625, -59.375, 2.6244267476107177e-23, nan 
-11.375, -59.375, 1.3581325610754604e-23, nan 
-11.125, -59.375, 8.221740523823563e-24, nan 
-10.875, -59.375, 1.6148110265678672e-23, nan 
-10.625, -59.375, 2.637910031915757e-23, nan 
-10.375, -59.375, 3.559897278218637e-23, nan 
-10.125, -59.375, 3.024178048913648e-23, nan 
-9.875, -59.375, 1.4801479738162335e-23, nan 
-9.625, -59.375, 6.976304201682391e-24, nan 
-9.375, -59.375, 5.648639349177683e-24, nan 
-9.125, -59.375, 2.0552485298248596e-23, nan 
-8.875, -59.375, 3.1686704489870953e-23, nan 
-8.625, -59.375, 7.881089999624259e-23, nan 
-8.375, -59.375, 1.0664412863470862e-22, nan 
-8.125, -59.375, 1.341974729357483e-22, nan 
-7.875, -59.375, 1.090504695515146e-22, nan 
-7.625, -59.375, 8.930786714049052e-23, nan 
-7.375, -59.375, 2.4779632391906187e-23, nan 
-7.125, -59.375, 2.1912845278586064e-23, nan 
-6.875, -59.375, 1.1139766109328211e-23, nan 
-6.625, -59.375, 1.904997049728072e-23, nan 
-6.375, -59.375, 2.0050084323184012e-23, nan 
-6.125, -59.375, 1.3830191212973516e-23, nan 
-5.875, -59.375, 1.488082101778776e-23, nan 
-5.625, -59.375, 1.194889319114577e-23, nan 
-5.375, -59.375, 2.8579957969999028e-24, nan 
-5.125, -59.375, 1.4217238234671268e-23, nan 
-4.875, -59.375, 2.3767631232617832e-23, nan 
-4.625, -59.375, 2.2331391955680728e-23, nan 
-4.375, -59.375, 1.2277419334086252e-23, nan 
-4.125, -59.375, 4.072433967283903e-24, nan 
-3.875, -59.375, 4.402555424090341e-24, nan 
-3.625, -59.375, 8.84950522083445e-24, nan 
-3.375, -59.375, 1.1101908439431901e-23, nan 
-3.125, -59.375, 8.36129199272066e-24, nan 
-2.875, -59.375, 2.5353269872850742e-23, nan 
-2.625, -59.375, 4.8762609470734124e-23, nan 
-2.375, -59.375, 7.94057765963172e-23, nan 
-2.125, -59.375, 8.355857051979729e-23, nan 
-1.875, -59.375, 6.257990324938687e-23, nan 
-1.625, -59.375, 2.987170626428412e-23, nan 
-1.375, -59.375, 4.01539556467631e-23, nan 
-1.125, -59.375, 3.9572011602260084e-23, nan 
-0.875, -59.375, 4.082665001314372e-23, nan 
-0.625, -59.375, 3.3412417989649123e-23, nan 
-0.375, -59.375, 3.9666557653351856e-23, nan 
-0.125, -59.375, 3.516504581597769e-23, nan 
0.125, -59.375, 2.0816839850772013e-23, nan 
0.375, -59.375, 2.780097412650422e-23, nan 
0.625, -59.375, 2.7737725317335615e-23, nan 
0.875, -59.375, 2.0332120233585585e-23, nan 
1.125, -59.375, 1.2601058940078808e-23, nan 
1.375, -59.375, 3.501373457887551e-23, nan 
1.625, -59.375, 4.6675303012971075e-23, nan 
1.875, -59.375, 2.803552312588322e-23, nan 
2.125, -59.375, 4.3460013070625365e-23, nan 
-14.375, -59.125, 2.3572961475059193e-23, nan 
-14.125, -59.125, 2.0143193907991512e-23, nan 
-13.875, -59.125, 3.385305183113991e-23, nan 
-13.625, -59.125, 4.9195351031214245e-23, nan 
-13.375, -59.125, 4.678601819514255e-23, nan 
-13.125, -59.125, 4.3606968835132353e-23, nan 
-12.875, -59.125, 5.537523062559671e-23, nan 
-12.625, -59.125, 3.7068843418514776e-23, nan 
-12.375, -59.125, 5.535609079502865e-23, nan 
-12.125, -59.125, 5.975064777988294e-23, nan 
-11.875, -59.125, 7.207487398646214e-23, nan 
-11.625, -59.125, 5.342904847588428e-23, nan 
-11.375, -59.125, 1.7374415501176513e-23, nan 
-11.125, -59.125, 7.333656954016203e-24, nan 
-10.875, -59.125, 5.8671994935927816e-24, nan 
-10.625, -59.125, 1.9759975135855038e-23, nan 
-10.375, -59.125, 5.587858874882017e-23, nan 
-10.125, -59.125, 5.2392788888152487e-23, nan 
-9.875, -59.125, 9.155605273249763e-24, nan 
-9.625, -59.125, 1.450141647385874e-23, nan 
-9.375, -59.125, 1.687072977777207e-23, nan 
-9.125, -59.125, 2.602866646556221e-23, nan 
-8.875, -59.125, 2.886663899594091e-23, nan 
-8.625, -59.125, 2.144160454187146e-23, nan 
-8.375, -59.125, 3.3117945681739194e-23, nan 
-8.125, -59.125, 3.359696804541127e-23, nan 
-7.875, -59.125, 2.5131936125488446e-23, nan 
-7.625, -59.125, 2.4779372289613853e-23, nan 
-7.375, -59.125, 1.2679709468912228e-23, nan 
-7.125, -59.125, 7.998860416735597e-24, nan 
-6.875, -59.125, 5.504777249788426e-24, nan 
-6.625, -59.125, 1.45242613174729e-23, nan 
-6.375, -59.125, 1.3932511313640944e-23, nan 
-6.125, -59.125, 1.817702679509158e-23, nan 
-5.875, -59.125, 2.047762764792498e-23, nan 
-5.625, -59.125, 2.0537619734967627e-23, nan 
-5.375, -59.125, 1.927082354788556e-23, nan 
-5.125, -59.125, 4.3790611374055186e-23, nan 
-4.875, -59.125, 4.730961196948773e-23, nan 
-4.625, -59.125, 8.033218350270783e-24, nan 
-4.375, -59.125, 5.9365264233990845e-24, nan 
-4.125, -59.125, 7.511676841490793e-24, nan 
-3.875, -59.125, 5.2154421989540326e-24, nan 
-3.625, -59.125, 4.438439747976431e-24, nan 
-3.375, -59.125, 3.723061655803339e-24, nan 
-3.125, -59.125, 4.806009675718374e-24, nan 
-2.875, -59.125, 1.5341370218457838e-23, nan 
-2.625, -59.125, 1.8745170674499372e-23, nan 
-2.375, -59.125, 3.6218651165735556e-23, nan 
-2.125, -59.125, 7.698077690072219e-23, nan 
-1.875, -59.125, 6.862186193363328e-23, nan 
-1.625, -59.125, 3.041401578278923e-23, nan 
-1.375, -59.125, 1.9966944735348797e-23, nan 
-1.125, -59.125, 2.325979720027601e-23, nan 
-0.875, -59.125, 3.3910085463922365e-23, nan 
-0.625, -59.125, 2.6899010079046127e-23, nan 
-0.375, -59.125, 4.264317691608678e-23, nan 
-0.125, -59.125, 6.099856748516699e-23, nan 
0.125, -59.125, 5.1539166184365215e-23, nan 
0.375, -59.125, 2.8723260629624535e-23, nan 
0.625, -59.125, 2.896042355348142e-23, nan 
0.875, -59.125, 1.7450063296927357e-23, nan 
1.125, -59.125, 5.1673066873572524e-23, nan 
1.375, -59.125, 6.966646332055927e-23, nan 
1.625, -59.125, 6.425881658803815e-23, nan 
1.875, -59.125, 5.0300523236463107e-23, nan 
2.125, -59.125, 4.704837708913917e-23, nan 
-14.125, -58.875, 3.648983503034729e-24, nan 
-13.875, -58.875, 1.674449414653889e-23, nan 
-13.625, -58.875, 2.5231209902995412e-23, nan 
-13.375, -58.875, 4.166711482239849e-23, nan 
-13.125, -58.875, 4.087473880145384e-23, nan 
-12.875, -58.875, 3.653304431361561e-23, nan 
-12.625, -58.875, 2.705428062900441e-23, nan 
-12.375, -58.875, 1.9579238580562703e-23, nan 
-12.125, -58.875, 3.1753348440307207e-23, nan 
-11.875, -58.875, 4.477331137187646e-23, nan 
-11.625, -58.875, 3.9744590228900366e-23, nan 
-11.375, -58.875, 3.9586067378977863e-23, nan 
-11.125, -58.875, 2.3640863552810117e-23, nan 
-10.875, -58.875, 2.777007501672041e-23, nan 
-10.625, -58.875, 3.36375403898345e-23, nan 
-10.375, -58.875, 3.4019360294520406e-23, nan 
-10.125, -58.875, 2.7460404321955236e-23, nan 
-9.875, -58.875, 1.586090829485841e-23, nan 
-9.625, -58.875, 1.2482058980051538e-23, nan 
-9.375, -58.875, 1.1557449122605629e-23, nan 
-9.125, -58.875, 2.464685740429712e-23, nan 
-8.875, -58.875, 2.5686763471207822e-23, nan 
-8.625, -58.875, 9.931348845961637e-24, nan 
-8.375, -58.875, 1.6987426911630405e-23, nan 
-8.125, -58.875, 3.2913577889898815e-23, nan 
-7.875, -58.875, 2.97737275586513e-23, nan 
-7.625, -58.875, 1.4755262115245145e-23, nan 
-7.375, -58.875, 1.10873147048662e-23, nan 
-7.125, -58.875, 1.114539695056906e-23, nan 
-6.875, -58.875, 9.369402851130977e-24, nan 
-6.625, -58.875, 1.0480528691323715e-23, nan 
-6.375, -58.875, 1.1624070469878758e-23, nan 
-6.125, -58.875, 1.6392678061643574e-23, nan 
-5.875, -58.875, 2.6411285863208624e-23, nan 
-5.625, -58.875, 5.430390420912922e-23, nan 
-5.375, -58.875, 5.0131826194111184e-23, nan 
-5.125, -58.875, 3.50683711532308e-23, nan 
-4.875, -58.875, 5.476221738691334e-23, nan 
-4.625, -58.875, 4.659075819983324e-23, nan 
-4.375, -58.875, 7.536755877433163e-24, nan 
-4.125, -58.875, 7.028454165832011e-24, nan 
-3.875, -58.875, 8.150144530880175e-24, nan 
-3.625, -58.875, 3.856605880811494e-24, nan 
-3.375, -58.875, 3.875871087730144e-24, nan 
-3.125, -58.875, 5.706686896926786e-24, nan 
-2.875, -58.875, 8.594336842567196e-24, nan 
-2.625, -58.875, 2.9190142753232916e-23, nan 
-2.375, -58.875, 7.265918791116475e-23, nan 
-2.125, -58.875, 7.761966627814303e-23, nan 
-1.875, -58.875, 4.26295318710769e-23, nan 
-1.625, -58.875, 2.70622054470052e-23, nan 
-1.375, -58.875, 1.9259860933967496e-23, nan 
-1.125, -58.875, 1.6262816666912592e-23, nan 
-0.875, -58.875, 1.4830615313756787e-23, nan 
-0.625, -58.875, 2.3000717694036735e-23, nan 
-0.375, -58.875, 2.661987103640156e-23, nan 
-0.125, -58.875, 2.1243768555598113e-23, nan 
0.125, -58.875, 5.723873784329664e-23, nan 
0.375, -58.875, 5.536114902159133e-23, nan 
0.625, -58.875, 1.5420357184109966e-23, nan 
0.875, -58.875, 1.0514310673322022e-23, nan 
1.125, -58.875, 3.0724836359382944e-23, nan 
1.375, -58.875, 3.0456336135779703e-23, nan 
1.625, -58.875, 3.081118100619838e-23, nan 
1.875, -58.875, 2.5167983374549312e-23, nan 
2.125, -58.875, 3.1819802451729303e-23, nan 
-13.875, -58.625, 7.381513811984527e-24, nan 
-13.625, -58.625, 1.5339455687612846e-23, nan 
-13.375, -58.625, 3.930585308419828e-23, nan 
-13.125, -58.625, 6.090270292342182e-23, nan 
-12.875, -58.625, 6.055539251215457e-23, nan 
-12.625, -58.625, 2.335971078289824e-23, nan 
-12.375, -58.625, 2.4481625508386098e-23, nan 
-12.125, -58.625, 2.007283533105626e-23, nan 
-11.875, -58.625, 3.9797739033687174e-23, nan 
-11.625, -58.625, 4.431010097154681e-23, nan 
-11.375, -58.625, 2.4220717529833423e-23, nan 
-11.125, -58.625, 8.511803447756076e-24, nan 
-10.875, -58.625, 2.873097062925274e-23, nan 
-10.625, -58.625, 3.02125671953799e-23, nan 
-10.375, -58.625, 2.5208605216839167e-23, nan 
-10.125, -58.625, 3.116527066889718e-23, nan 
-9.875, -58.625, 2.5655382904176422e-23, nan 
-9.625, -58.625, 5.138963457045021e-24, nan 
-9.375, -58.625, 1.0106658083496518e-23, nan 
-9.125, -58.625, 2.5393595786844103e-23, nan 
-8.875, -58.625, 2.4612836659400217e-23, nan 
-8.625, -58.625, 4.949461587661739e-24, nan 
-8.375, -58.625, 3.2504376054385874e-24, nan 
-8.125, -58.625, 1.8628949981627263e-23, nan 
-7.875, -58.625, 2.637555733089214e-23, nan 
-7.625, -58.625, 1.8572422546896323e-23, nan 
-7.375, -58.625, 1.4517517857196677e-23, nan 
-7.125, -58.625, 1.4196351133420053e-23, nan 
-6.875, -58.625, 1.4310979464803147e-23, nan 
-6.625, -58.625, 2.4552506529998426e-23, nan 
-6.375, -58.625, 2.683269674327388e-23, nan 
-6.125, -58.625, 3.972003663398772e-23, nan 
-5.875, -58.625, 4.172745108472963e-23, nan 
-5.625, -58.625, 3.63003620327874e-23, nan 
-5.375, -58.625, 2.915607988166949e-23, nan 
-5.125, -58.625, 1.3628078046489326e-23, nan 
-4.875, -58.625, 4.0523254936223724e-23, nan 
-4.625, -58.625, 5.916127522489296e-23, nan 
-4.375, -58.625, 6.90664346623415e-23, nan 
-4.125, -58.625, 5.230837900435155e-23, nan 
-3.875, -58.625, 3.7958930567498554e-23, nan 
-3.625, -58.625, 3.590941834368677e-23, nan 
-3.375, -58.625, 5.5790504950475594e-24, nan 
-3.125, -58.625, 1.3160787142525436e-23, nan 
-2.875, -58.625, 1.8354323868301295e-23, nan 
-2.625, -58.625, 5.452870612009706e-23, nan 
-2.375, -58.625, 6.270007594731343e-23, nan 
-2.125, -58.625, 6.005700809981247e-23, nan 
-1.875, -58.625, 5.073720750484705e-23, nan 
-1.625, -58.625, 2.978639921048387e-23, nan 
-1.375, -58.625, 8.134286194792208e-24, nan 
-1.125, -58.625, 7.847043574371063e-24, nan 
-0.875, -58.625, 1.1975506910063681e-23, nan 
-0.625, -58.625, 1.988859281505361e-23, nan 
-0.375, -58.625, 3.5122261069790425e-23, nan 
-0.125, -58.625, 4.1377475894168877e-23, nan 
0.125, -58.625, 3.183917446864032e-23, nan 
0.375, -58.625, 1.4896734074712416e-23, nan 
0.625, -58.625, 1.905910331686643e-23, nan 
0.875, -58.625, 1.667400173248118e-23, nan 
1.125, -58.625, 3.364772098319223e-23, nan 
1.375, -58.625, 4.357938613609048e-23, nan 
1.625, -58.625, 4.4795581307107616e-23, nan 
1.875, -58.625, 3.942255730428958e-23, nan 
-13.875, -58.375, 8.782809268991747e-24, nan 
-13.625, -58.375, 1.3739905940174132e-23, nan 
-13.375, -58.375, 1.6764691247489193e-23, nan 
-13.125, -58.375, 2.2778516979780905e-23, nan 
-12.875, -58.375, 7.993835543041192e-23, nan 
-12.625, -58.375, 7.371833711485755e-23, nan 
-12.375, -58.375, 2.2308051911639512e-23, nan 
-12.125, -58.375, 2.28194402740227e-23, nan 
-11.875, -58.375, 3.1055516708559074e-23, nan 
-11.625, -58.375, 2.0698635162174453e-23, nan 
-11.375, -58.375, 1.0121075798187835e-23, nan 
-11.125, -58.375, 9.419461381551606e-24, nan 
-10.875, -58.375, 1.8506265550309907e-23, nan 
-10.625, -58.375, 3.106808241074859e-23, nan 
-10.375, -58.375, 3.215103937993819e-23, nan 
-10.125, -58.375, 1.968552140147361e-23, nan 
-9.875, -58.375, 1.301475776000637e-23, nan 
-9.625, -58.375, 6.333790448752636e-24, nan 
-9.375, -58.375, 6.452027021451058e-24, nan 
-9.125, -58.375, 1.1018735049292775e-23, nan 
-8.875, -58.375, 1.7724522567058986e-23, nan 
-8.625, -58.375, 1.403347048587585e-23, nan 
-8.375, -58.375, 1.0952700065869102e-23, nan 
-8.125, -58.375, 9.771768344735518e-24, nan 
-7.875, -58.375, 1.7893661623120493e-23, nan 
-7.625, -58.375, 1.8758360664928165e-23, nan 
-7.375, -58.375, 1.3200703837250393e-23, nan 
-7.125, -58.375, 9.705081172811752e-24, nan 
-6.875, -58.375, 2.1048733700280306e-23, nan 
-6.625, -58.375, 2.2150992634874326e-23, nan 
-6.375, -58.375, 1.8177290935523505e-23, nan 
-6.125, -58.375, 1.303950035014451e-23, nan 
-5.875, -58.375, 1.6975450721202413e-23, nan 
-5.625, -58.375, 1.2949316936888945e-23, nan 
-5.375, -58.375, 9.444238243394625e-24, nan 
-5.125, -58.375, 8.825909739889703e-24, nan 
-4.875, -58.375, 3.110671082335059e-23, nan 
-4.625, -58.375, 4.5625341282657487e-23, nan 
-4.375, -58.375, 6.519591755223101e-23, nan 
-4.125, -58.375, 5.937521513299932e-23, nan 
-3.875, -58.375, 5.024879844653587e-23, nan 
-3.625, -58.375, 7.3348036675397e-23, nan 
-3.375, -58.375, 8.722084890625182e-23, nan 
-3.125, -58.375, 9.479675520302057e-23, nan 
-2.875, -58.375, 9.310023479594682e-23, nan 
-2.625, -58.375, 7.180462373077809e-23, nan 
-2.375, -58.375, 3.8253646822209257e-23, nan 
-2.125, -58.375, 3.0745435262143264e-23, nan 
-1.875, -58.375, 1.9851798253740837e-23, nan 
-1.625, -58.375, 1.653549155407995e-23, nan 
-1.375, -58.375, 1.8339826319764547e-23, nan 
-1.125, -58.375, 1.6591785564550425e-23, nan 
-0.875, -58.375, 6.680010156861169e-24, nan 
-0.625, -58.375, 1.576781011089669e-23, nan 
-0.375, -58.375, 2.708514674956269e-23, nan 
-0.125, -58.375, 3.317217072876853e-23, nan 
0.125, -58.375, 4.2088061256603716e-23, nan 
0.375, -58.375, 3.540929688480863e-23, nan 
0.625, -58.375, 3.2892608881072795e-23, nan 
0.875, -58.375, 3.058538998006936e-23, nan 
1.125, -58.375, 2.991477811590274e-23, nan 
1.375, -58.375, 3.640386472015317e-23, nan 
1.625, -58.375, 3.596966403090887e-23, nan 
1.875, -58.375, 3.1196721073017935e-23, nan 
-13.625, -58.125, 5.334601184256278e-24, nan 
-13.375, -58.125, 8.153516421287311e-24, nan 
-13.125, -58.125, 1.669568889230631e-23, nan 
-12.875, -58.125, 5.1556263727885787e-23, nan 
-12.625, -58.125, 5.928322524212547e-23, nan 
-12.375, -58.125, 2.8661237243687233e-23, nan 
-12.125, -58.125, 2.1525865875375506e-23, nan 
-11.875, -58.125, 1.8520480910238592e-23, nan 
-11.625, -58.125, 2.657073885088631e-23, nan 
-11.375, -58.125, 2.608504989900394e-23, nan 
-11.125, -58.125, 1.5355243893445214e-23, nan 
-10.875, -58.125, 1.4892052667632454e-23, nan 
-10.625, -58.125, 2.1231025427780642e-23, nan 
-10.375, -58.125, 2.8081508157185727e-23, nan 
-10.125, -58.125, 2.0869832677390965e-23, nan 
-9.875, -58.125, 1.1950413995145294e-23, nan 
-9.625, -58.125, 1.0055127765191021e-23, nan 
-9.375, -58.125, 6.155902538737024e-24, nan 
-9.125, -58.125, 4.602952745657908e-24, nan 
-8.875, -58.125, 1.0938950765702123e-23, nan 
-8.625, -58.125, 1.3198983026890898e-23, nan 
-8.375, -58.125, 1.0164460483430665e-23, nan 
-8.125, -58.125, 6.600626105875996e-24, nan 
-7.875, -58.125, 5.123230345320505e-24, nan 
-7.625, -58.125, 1.0144676298237185e-23, nan 
-7.375, -58.125, 1.0561907260284369e-23, nan 
-7.125, -58.125, 1.019066421655869e-23, nan 
-6.875, -58.125, 1.3987601499706364e-23, nan 
-6.625, -58.125, 1.6052344973578793e-23, nan 
-6.375, -58.125, 2.1804094075247776e-23, nan 
-6.125, -58.125, 2.229131013345343e-23, nan 
-5.875, -58.125, 1.1501109501855066e-23, nan 
-5.625, -58.125, 2.1873246241148965e-23, nan 
-5.375, -58.125, 3.778031870541095e-23, nan 
-5.125, -58.125, 2.4427196939324413e-23, nan 
-4.875, -58.125, 2.867237288561722e-23, nan 
-4.625, -58.125, 2.937178789985182e-23, nan 
-4.375, -58.125, 2.1844685734726003e-23, nan 
-4.125, -58.125, 1.9557183594993425e-23, nan 
-3.875, -58.125, 2.5243595070808454e-23, nan 
-3.625, -58.125, 2.788767494580225e-23, nan 
-3.375, -58.125, 6.189605089221307e-23, nan 
-3.125, -58.125, 7.573665905880507e-23, nan 
-2.875, -58.125, 5.509809791197512e-23, nan 
-2.625, -58.125, 4.1694295457868774e-23, nan 
-2.375, -58.125, 3.053655466047932e-23, nan 
-2.125, -58.125, 1.8586671952435184e-23, nan 
-1.875, -58.125, 1.557972264610771e-23, nan 
-1.625, -58.125, 1.2361715552394881e-23, nan 
-1.375, -58.125, 4.2269930636208915e-23, nan 
-1.125, -58.125, 5.6362046767205785e-24, nan 
-0.875, -58.125, 1.1182721441970195e-23, nan 
-0.625, -58.125, 1.7787010106475312e-23, nan 
-0.375, -58.125, 2.0913007596726223e-23, nan 
-0.125, -58.125, 3.828256384316667e-23, nan 
0.125, -58.125, 3.6574523824848103e-23, nan 
0.375, -58.125, 7.172267863897134e-23, nan 
0.625, -58.125, 7.510647507030431e-23, nan 
0.875, -58.125, 2.8563449364920916e-23, nan 
1.125, -58.125, 2.4949904680129323e-23, nan 
1.375, -58.125, 1.6851339357753744e-23, nan 
1.625, -58.125, 1.6414870869827886e-23, nan 
1.875, -58.125, 1.2172531038738333e-23, nan 
-13.375, -57.875, 6.025196409475116e-24, nan 
-13.125, -57.875, 4.316021604211488e-24, nan 
-12.875, -57.875, 1.9639747494347218e-23, nan 
-12.625, -57.875, 3.553163866290931e-23, nan 
-12.375, -57.875, 3.063359086996584e-23, nan 
-12.125, -57.875, 1.774900550670922e-23, nan 
-11.875, -57.875, 1.5124260219352037e-23, nan 
-11.625, -57.875, 3.4490495842120076e-23, nan 
-11.375, -57.875, 3.357183701432973e-23, nan 
-11.125, -57.875, 1.671289536495775e-23, nan 
-10.875, -57.875, 1.1005155944144861e-23, nan 
-10.625, -57.875, 1.1341345208780756e-23, nan 
-10.375, -57.875, 1.8977382022122883e-23, nan 
-10.125, -57.875, 2.376601656177703e-23, nan 
-9.875, -57.875, 1.8894159134301138e-23, nan 
-9.625, -57.875, 4.9158942064012816e-24, nan 
-9.375, -57.875, 4.910489641817369e-24, nan 
-9.125, -57.875, 8.572002959090348e-24, nan 
-8.875, -57.875, 8.189570730969104e-24, nan 
-8.625, -57.875, 1.1950939296925633e-23, nan 
-8.375, -57.875, 1.1527649646807468e-23, nan 
-8.125, -57.875, 6.519249490937275e-24, nan 
-7.875, -57.875, 6.175627778556554e-24, nan 
-7.625, -57.875, 1.6188615527246485e-23, nan 
-7.375, -57.875, 1.6276316410855857e-23, nan 
-7.125, -57.875, 1.1388769121924495e-23, nan 
-6.875, -57.875, 1.6089490922557212e-23, nan 
-6.625, -57.875, 1.3789298666915157e-23, nan 
-6.375, -57.875, 1.149609420526849e-23, nan 
-6.125, -57.875, 1.9857807078297926e-23, nan 
-5.875, -57.875, 1.8529506865893604e-23, nan 
-5.625, -57.875, 1.7271512870451887e-23, nan 
-5.375, -57.875, 3.176127104782207e-23, nan 
-5.125, -57.875, 1.8375012223018143e-23, nan 
-4.875, -57.875, 1.5091811212891083e-23, nan 
-4.625, -57.875, 1.670122141992109e-23, nan 
-4.375, -57.875, 1.8412973843564274e-23, nan 
-4.125, -57.875, 1.922369128306338e-23, nan 
-3.875, -57.875, 2.365889667614503e-23, nan 
-3.625, -57.875, 3.214653615924565e-23, nan 
-3.375, -57.875, 4.2224991468304647e-23, nan 
-3.125, -57.875, 4.6459998479641647e-23, nan 
-2.875, -57.875, 4.313907625158932e-23, nan 
-2.625, -57.875, 4.764657555979591e-23, nan 
-2.375, -57.875, 5.203183483482853e-23, nan 
-2.125, -57.875, 3.059756229446567e-23, nan 
-1.875, -57.875, 2.0880403440926628e-23, nan 
-1.625, -57.875, 6.996557572087167e-23, nan 
-1.375, -57.875, 1.1137464065839914e-22, nan 
-1.125, -57.875, 8.664117588462627e-23, nan 
-0.875, -57.875, 6.822937448832616e-23, nan 
-0.625, -57.875, 6.080977994779918e-23, nan 
-0.375, -57.875, 5.475328703338127e-23, nan 
-0.125, -57.875, 3.68192642657538e-23, nan 
0.125, -57.875, 4.4446382683785814e-23, nan 
0.375, -57.875, 6.16364635347015e-23, nan 
0.625, -57.875, 4.6448412778447256e-23, nan 
0.875, -57.875, 6.316393336301294e-24, nan 
1.125, -57.875, 1.186472763702672e-23, nan 
1.375, -57.875, 1.092826161610036e-23, nan 
1.625, -57.875, 1.8877204853819216e-23, nan 
1.875, -57.875, 3.092692452905881e-23, nan 
-13.125, -57.625, 6.901108125860961e-24, nan 
-12.875, -57.625, 5.6391705478003816e-24, nan 
-12.625, -57.625, 1.9922498177324975e-23, nan 
-12.375, -57.625, 2.3399389554314813e-23, nan 
-12.125, -57.625, 1.5430601147264824e-23, nan 
-11.875, -57.625, 1.6249034457465005e-23, nan 
-11.625, -57.625, 1.9976460842702845e-23, nan 
-11.375, -57.625, 2.4869483907530958e-23, nan 
-11.125, -57.625, 2.2922160817040044e-23, nan 
-10.875, -57.625, 5.559089078335417e-24, nan 
-10.625, -57.625, 1.2193102396215686e-23, nan 
-10.375, -57.625, 2.1175320626793916e-23, nan 
-10.125, -57.625, 2.663858893353699e-23, nan 
-9.875, -57.625, 2.260312101610651e-23, nan 
-9.625, -57.625, 2.1120666311996555e-23, nan 
-9.375, -57.625, 1.523495665502148e-23, nan 
-9.125, -57.625, 1.1378373741465533e-23, nan 
-8.875, -57.625, 9.066550302688443e-24, nan 
-8.625, -57.625, 1.2586817472785032e-23, nan 
-8.375, -57.625, 9.506984614286073e-24, nan 
-8.125, -57.625, 9.596553706029623e-24, nan 
-7.875, -57.625, 1.0435378746557644e-23, nan 
-7.625, -57.625, 1.1294306722280693e-23, nan 
-7.375, -57.625, 9.727010969452984e-24, nan 
-7.125, -57.625, 9.773050611229999e-24, nan 
-6.875, -57.625, 1.361107576471245e-23, nan 
-6.625, -57.625, 1.0285101247336975e-23, nan 
-6.375, -57.625, 8.014554977094038e-24, nan 
-6.125, -57.625, 2.083675280828134e-23, nan 
-5.875, -57.625, 2.4908969514392056e-23, nan 
-5.625, -57.625, 1.5226817195524376e-23, nan 
-5.375, -57.625, 1.4885523168899173e-23, nan 
-5.125, -57.625, 1.1790700827668333e-23, nan 
-4.875, -57.625, 8.457734557893789e-24, nan 
-4.625, -57.625, 4.467073370865844e-24, nan 
-4.375, -57.625, 7.916591716759108e-24, nan 
-4.125, -57.625, 1.22813347443687e-23, nan 
-3.875, -57.625, 1.5473776702044968e-23, nan 
-3.625, -57.625, 2.5782851467670057e-23, nan 
-3.375, -57.625, 5.30833697687805e-23, nan 
-3.125, -57.625, 5.522790816288471e-23, nan 
-2.875, -57.625, 3.345390339632526e-23, nan 
-2.625, -57.625, 3.0990548705787604e-23, nan 
-2.375, -57.625, 7.558038880925698e-23, nan 
-2.125, -57.625, 7.139419223965472e-23, nan 
-1.875, -57.625, 2.5309277965797932e-23, nan 
-1.625, -57.625, 3.909057664501768e-23, nan 
-1.375, -57.625, 6.231776504538371e-23, nan 
-1.125, -57.625, 7.480502270167735e-23, nan 
-0.875, -57.625, 8.218432271858337e-23, nan 
-0.625, -57.625, 6.117377744704168e-23, nan 
-0.375, -57.625, 5.89119412478217e-23, nan 
-0.125, -57.625, 4.9567629553669024e-23, nan 
0.125, -57.625, 3.090519202888226e-23, nan 
0.375, -57.625, 3.204062838107527e-23, nan 
0.625, -57.625, 2.953313235799951e-23, nan 
0.875, -57.625, 1.94299312420827e-23, nan 
1.125, -57.625, 1.6754545755804367e-23, nan 
1.375, -57.625, 1.785560346228101e-23, nan 
1.625, -57.625, 3.078111066158566e-23, nan 
-12.875, -57.375, 6.441839770796263e-24, nan 
-12.625, -57.375, 7.784263422710845e-24, nan 
-12.375, -57.375, 1.1742420707415427e-23, nan 
-12.125, -57.375, 1.4629587261537468e-23, nan 
-11.875, -57.375, 1.681635010771379e-23, nan 
-11.625, -57.375, 2.0194544395050258e-23, nan 
-11.375, -57.375, 1.5407057276194213e-23, nan 
-11.125, -57.375, 1.1050669487798649e-23, nan 
-10.875, -57.375, 8.638132858835953e-24, nan 
-10.625, -57.375, 1.026106316191227e-23, nan 
-10.375, -57.375, 1.6173432319470496e-23, nan 
-10.125, -57.375, 2.677343430529297e-23, nan 
-9.875, -57.375, 2.9429476998068794e-23, nan 
-9.625, -57.375, 2.148177472345123e-23, nan 
-9.375, -57.375, 1.7321029775973694e-23, nan 
-9.125, -57.375, 1.0929117482975278e-23, nan 
-8.875, -57.375, 1.1666837800923001e-23, nan 
-8.625, -57.375, 9.807125374271446e-24, nan 
-8.375, -57.375, 7.041143256025701e-24, nan 
-8.125, -57.375, 1.3472369174695144e-23, nan 
-7.875, -57.375, 1.24911573012178e-23, nan 
-7.625, -57.375, 2.305456183468013e-23, nan 
-7.375, -57.375, 2.5316626854147245e-23, nan 
-7.125, -57.375, 1.4802349891616072e-23, nan 
-6.875, -57.375, 2.078370450758301e-23, nan 
-6.625, -57.375, 1.215920417358812e-23, nan 
-6.375, -57.375, 6.412242094553437e-24, nan 
-6.125, -57.375, 3.593179543566851e-24, nan 
-5.875, -57.375, 2.2951257127568704e-23, nan 
-5.625, -57.375, 2.770889542504787e-23, nan 
-5.375, -57.375, 1.8550930045384312e-23, nan 
-5.125, -57.375, 8.809117426514277e-24, nan 
-4.875, -57.375, 4.847447931392867e-24, nan 
-4.625, -57.375, 8.293199562713018e-24, nan 
-4.375, -57.375, 1.0362462722718846e-23, nan 
-4.125, -57.375, 8.306373820207641e-24, nan 
-3.875, -57.375, 1.376310530572449e-23, nan 
-3.625, -57.375, 3.503664391687011e-23, nan 
-3.375, -57.375, 4.960889740271964e-23, nan 
-3.125, -57.375, 4.668699901512968e-23, nan 
-2.875, -57.375, 1.8125247639904512e-23, nan 
-2.625, -57.375, 2.017012122797265e-23, nan 
-2.375, -57.375, 6.101707308515088e-23, nan 
-2.125, -57.375, 5.687150459795928e-23, nan 
-1.875, -57.375, 3.7301068906448326e-23, nan 
-1.625, -57.375, 7.022399966610093e-23, nan 
-1.375, -57.375, 7.152614739387748e-23, nan 
-1.125, -57.375, 3.542807312730545e-23, nan 
-0.875, -57.375, 1.453256185453152e-23, nan 
-0.625, -57.375, 1.442081167314385e-23, nan 
-0.375, -57.375, 1.7806136202221946e-23, nan 
-0.125, -57.375, 6.913233921001329e-23, nan 
0.125, -57.375, 6.412204602239683e-23, nan 
0.375, -57.375, 2.0861523626053198e-23, nan 
0.625, -57.375, 2.412165130674389e-23, nan 
0.875, -57.375, 1.753998755177096e-23, nan 
1.125, -57.375, 9.435012569569425e-24, nan 
1.375, -57.375, 2.4869205175395026e-23, nan 
1.625, -57.375, 3.160602476429553e-23, nan 
-12.625, -57.125, 2.747512794306703e-23, nan 
-12.375, -57.125, 2.5991755006120332e-23, nan 
-12.125, -57.125, 1.6613063725261348e-23, nan 
-11.875, -57.125, 3.814401734749245e-23, nan 
-11.625, -57.125, 5.930662408589574e-23, nan 
-11.375, -57.125, 4.4270649171845215e-23, nan 
-11.125, -57.125, 4.857441853929465e-23, nan 
-10.875, -57.125, 5.1918686451394136e-23, nan 
-10.625, -57.125, 4.471988860649569e-23, nan 
-10.375, -57.125, 1.7628541981624348e-23, nan 
-10.125, -57.125, 1.2323199032870822e-23, nan 
-9.875, -57.125, 2.2910633268761886e-23, nan 
-9.625, -57.125, 1.6807163237422364e-23, nan 
-9.375, -57.125, 1.593934869469312e-23, nan 
-9.125, -57.125, 1.5609893249783096e-23, nan 
-8.875, -57.125, 1.7534624732968274e-23, nan 
-8.625, -57.125, 1.5564288760654112e-23, nan 
-8.375, -57.125, 1.0683350244267043e-23, nan 
-8.125, -57.125, 8.383386523450396e-24, nan 
-7.875, -57.125, 2.3711858540079087e-24, nan 
-7.625, -57.125, 5.7241716356016746e-24, nan 
-7.375, -57.125, 1.8493516798586842e-23, nan 
-7.125, -57.125, 3.0095496896503856e-23, nan 
-6.875, -57.125, 3.122815442602062e-23, nan 
-6.625, -57.125, 2.1978963390265337e-23, nan 
-6.375, -57.125, 2.275023138253271e-23, nan 
-6.125, -57.125, 2.857549698205457e-23, nan 
-5.875, -57.125, 2.9390916985753496e-23, nan 
-5.625, -57.125, 1.9110800634686808e-23, nan 
-5.375, -57.125, 1.0146282305313914e-23, nan 
-5.125, -57.125, 1.012267008104896e-23, nan 
-4.875, -57.125, 8.559413851375076e-24, nan 
-4.625, -57.125, 7.513411154295207e-24, nan 
-4.375, -57.125, 2.2858206012100118e-23, nan 
-4.125, -57.125, 2.3401245261547618e-23, nan 
-3.875, -57.125, 5.654558189740261e-24, nan 
-3.625, -57.125, 6.643292465963909e-24, nan 
-3.375, -57.125, 1.293031001462533e-23, nan 
-3.125, -57.125, 3.474858038183291e-23, nan 
-2.875, -57.125, 2.7906460065264256e-23, nan 
-2.625, -57.125, 3.56676504799996e-23, nan 
-2.375, -57.125, 4.3506921692321236e-23, nan 
-2.125, -57.125, 1.568673079316769e-23, nan 
-1.875, -57.125, 6.3302282227033074e-24, nan 
-1.625, -57.125, 9.115423870904435e-23, nan 
-1.375, -57.125, 1.0048656112636437e-22, nan 
-1.125, -57.125, 2.7839658092307475e-23, nan 
-0.875, -57.125, 1.1569536004632968e-23, nan 
-0.625, -57.125, 5.402941921131985e-24, nan 
-0.375, -57.125, 4.301635894236097e-24, nan 
-0.125, -57.125, 5.117043574450513e-23, nan 
0.125, -57.125, 5.888028156976503e-23, nan 
0.375, -57.125, 3.930461017583797e-23, nan 
0.625, -57.125, 3.4226071285957176e-23, nan 
0.875, -57.125, 2.5816848034718025e-23, nan 
1.125, -57.125, 1.3285322491676793e-23, nan 
1.375, -57.125, 1.1147329930222085e-23, nan 
1.625, -57.125, 2.253650594607441e-23, nan 
-12.375, -56.875, 7.166913900144323e-23, nan 
-12.125, -56.875, 1.6452331393234633e-23, nan 
-11.875, -56.875, 1.323288894975917e-22, nan 
-11.625, -56.875, 1.3804430996186466e-22, nan 
-11.375, -56.875, 4.21165264041149e-23, nan 
-11.125, -56.875, 4.549613225571995e-23, nan 
-10.875, -56.875, 5.094352329385329e-23, nan 
-10.625, -56.875, 7.437486105509678e-23, nan 
-10.375, -56.875, 7.220288773491416e-23, nan 
-10.125, -56.875, 3.478507347933199e-23, nan 
-9.875, -56.875, 1.6290420832027275e-23, nan 
-9.625, -56.875, 7.897139071128499e-24, nan 
-9.375, -56.875, 7.163657172336054e-24, nan 
-9.125, -56.875, 1.0703294482992968e-23, nan 
-8.875, -56.875, 1.1400348194321904e-23, nan 
-8.625, -56.875, 1.2826706491475853e-23, nan 
-8.375, -56.875, 1.0985842676042938e-23, nan 
-8.125, -56.875, 8.143310509989825e-24, nan 
-7.875, -56.875, 1.1529229048161923e-23, nan 
-7.625, -56.875, 1.897312699894577e-23, nan 
-7.375, -56.875, 1.959754862403611e-23, nan 
-7.125, -56.875, 2.3095163702457516e-23, nan 
-6.875, -56.875, 1.7805079860303187e-23, nan 
-6.625, -56.875, 2.3784919227573744e-23, nan 
-6.375, -56.875, 2.804170479298099e-23, nan 
-6.125, -56.875, 2.1105316306041346e-23, nan 
-5.875, -56.875, 9.609952965619819e-24, nan 
-5.625, -56.875, 1.4500740520532558e-23, nan 
-5.375, -56.875, 1.4762154029066356e-23, nan 
-5.125, -56.875, 1.0757057215366657e-23, nan 
-4.875, -56.875, 4.849699407113393e-24, nan 
-4.625, -56.875, 1.0090799974323147e-23, nan 
-4.375, -56.875, 1.2484721764065295e-23, nan 
-4.125, -56.875, 2.1002516324184154e-23, nan 
-3.875, -56.875, 1.724974225958978e-23, nan 
-3.625, -56.875, 1.1167281536631032e-23, nan 
-3.375, -56.875, 9.95014225918241e-24, nan 
-3.125, -56.875, 1.1055831697958951e-23, nan 
-2.875, -56.875, 1.207872781711852e-23, nan 
-2.625, -56.875, 1.386775717892805e-23, nan 
-2.375, -56.875, 1.864266773506418e-23, nan 
-2.125, -56.875, 1.5322382473886166e-23, nan 
-1.875, -56.875, 7.354979122261026e-24, nan 
-1.625, -56.875, 9.689668924516668e-24, nan 
-1.375, -56.875, 6.082716003402546e-23, nan 
-1.125, -56.875, 5.733827357431898e-23, nan 
-0.875, -56.875, 4.34834042082037e-23, nan 
-0.625, -56.875, 4.523257659607783e-23, nan 
-0.375, -56.875, 6.539863138653356e-23, nan 
-0.125, -56.875, 7.119136432198664e-23, nan 
0.125, -56.875, 5.218882877554716e-23, nan 
0.375, -56.875, 4.497827986927054e-23, nan 
0.625, -56.875, 5.403235196085447e-23, nan 
0.875, -56.875, 3.830046841776156e-23, nan 
1.125, -56.875, 1.725906334587098e-23, nan 
1.375, -56.875, 1.5140711823299666e-23, nan 
-12.125, -56.625, 2.1547533399302e-23, nan 
-11.875, -56.625, 7.56594717828866e-23, nan 
-11.625, -56.625, 8.707637509676652e-23, nan 
-11.375, -56.625, 2.4676639452907235e-23, nan 
-11.125, -56.625, 7.996422738101637e-24, nan 
-10.875, -56.625, 1.129421130342241e-23, nan 
-10.625, -56.625, 2.389257681971822e-23, nan 
-10.375, -56.625, 8.789213897519143e-23, nan 
-10.125, -56.625, 7.657945204107536e-23, nan 
-9.875, -56.625, 1.2506262720544525e-23, nan 
-9.625, -56.625, 9.758085318639191e-24, nan 
-9.375, -56.625, 6.811530853678666e-24, nan 
-9.125, -56.625, 6.122641752656472e-24, nan 
-8.875, -56.625, 4.945454657106872e-24, nan 
-8.625, -56.625, 4.868516965401893e-24, nan 
-8.375, -56.625, 5.537199502104094e-24, nan 
-8.125, -56.625, 1.0385800551080622e-23, nan 
-7.875, -56.625, 1.6210384783695874e-23, nan 
-7.625, -56.625, 1.7021589926114717e-23, nan 
-7.375, -56.625, 4.5828828815859635e-23, nan 
-7.125, -56.625, 5.548123978494802e-23, nan 
-6.875, -56.625, 4.758348867278806e-23, nan 
-6.625, -56.625, 1.0626883900744452e-23, nan 
-6.375, -56.625, 1.2094626936606428e-23, nan 
-6.125, -56.625, 1.1805519427195392e-23, nan 
-5.875, -56.625, 5.346557277048684e-24, nan 
-5.625, -56.625, 1.898014279319353e-23, nan 
-5.375, -56.625, 5.10339189571159e-23, nan 
-5.125, -56.625, 5.739632992031829e-23, nan 
-4.875, -56.625, 6.436904925669958e-23, nan 
-4.625, -56.625, 6.271693909527777e-23, nan 
-4.375, -56.625, 4.4514487447177396e-23, nan 
-4.125, -56.625, 3.0218122947212064e-23, nan 
-3.875, -56.625, 2.4315728975080228e-23, nan 
-3.625, -56.625, 1.1995102284579695e-23, nan 
-3.375, -56.625, 1.0445084712493394e-23, nan 
-3.125, -56.625, 2.2757922486461678e-23, nan 
-2.875, -56.625, 2.3642957212756148e-23, nan 
-2.625, -56.625, 1.9220035351839672e-23, nan 
-2.375, -56.625, 1.928331069362875e-23, nan 
-2.125, -56.625, 1.236372061861861e-23, nan 
-1.875, -56.625, 1.818126169193533e-23, nan 
-1.625, -56.625, 1.9210025843028584e-23, nan 
-1.375, -56.625, 1.366158136403342e-23, nan 
-1.125, -56.625, 9.454619895998889e-24, nan 
-0.875, -56.625, 3.449737831027288e-23, nan 
-0.625, -56.625, 5.0534668450438934e-23, nan 
-0.375, -56.625, 5.09557165676078e-23, nan 
-0.125, -56.625, 2.395413085220035e-23, nan 
0.125, -56.625, 1.02880568871533e-23, nan 
0.375, -56.625, 1.9873531566344465e-23, nan 
0.625, -56.625, 2.788112083061641e-23, nan 
0.875, -56.625, 2.8873986489292617e-23, nan 
1.125, -56.625, 2.697119417642474e-23, nan 
1.375, -56.625, 2.4007545866750197e-23, nan 
-11.875, -56.375, 8.800271105555749e-24, nan 
-11.625, -56.375, 9.747164185481365e-23, nan 
-11.375, -56.375, 1.0167158138463214e-22, nan 
-11.125, -56.375, 5.522658044401643e-23, nan 
-10.875, -56.375, 5.0354675844173184e-23, nan 
-10.625, -56.375, 7.113286369474335e-23, nan 
-10.375, -56.375, 6.58991500990288e-23, nan 
-10.125, -56.375, 1.3177490340319555e-23, nan 
-9.875, -56.375, 7.162653979148699e-24, nan 
-9.625, -56.375, 6.571728436548746e-24, nan 
-9.375, -56.375, 1.0026092353211022e-23, nan 
-9.125, -56.375, 5.750956203644226e-24, nan 
-8.875, -56.375, 9.572685800488147e-24, nan 
-8.625, -56.375, 1.0201760435881238e-23, nan 
-8.375, -56.375, 2.992700795021521e-24, nan 
-8.125, -56.375, 8.468013965635418e-24, nan 
-7.875, -56.375, 1.3092180739129126e-23, nan 
-7.625, -56.375, 9.148608555927247e-23, nan 
-7.375, -56.375, 1.0490228112188939e-22, nan 
-7.125, -56.375, 6.252822615063962e-23, nan 
-6.875, -56.375, 1.0968420833809388e-22, nan 
-6.625, -56.375, 1.1031977450468797e-22, nan 
-6.375, -56.375, 9.385092389740682e-24, nan 
-6.125, -56.375, 9.614974635877607e-24, nan 
-5.875, -56.375, 3.0460828638401707e-23, nan 
-5.625, -56.375, 7.010417863904397e-23, nan 
-5.375, -56.375, 7.68261014618382e-23, nan 
-5.125, -56.375, 5.619493882072089e-23, nan 
-4.875, -56.375, 6.357589166082995e-23, nan 
-4.625, -56.375, 8.313683179860276e-23, nan 
-4.375, -56.375, 1.087562688118087e-22, nan 
-4.125, -56.375, 8.18507415862227e-23, nan 
-3.875, -56.375, 2.47609061076644e-23, nan 
-3.625, -56.375, 1.7804211709785624e-23, nan 
-3.375, -56.375, 2.2565267694794085e-23, nan 
-3.125, -56.375, 1.579374808558157e-23, nan 
-2.875, -56.375, 1.0472107852186255e-23, nan 
-2.625, -56.375, 1.4081850674163718e-23, nan 
-2.375, -56.375, 1.557832269014578e-23, nan 
-2.125, -56.375, 1.2825921323699202e-23, nan 
-1.875, -56.375, 1.3252586703241784e-23, nan 
-1.625, -56.375, 8.826300689005623e-24, nan 
-1.375, -56.375, 4.392092743716902e-24, nan 
-1.125, -56.375, 6.5125068003756386e-24, nan 
-0.875, -56.375, 8.545682367379839e-24, nan 
-0.625, -56.375, 1.086001985433843e-23, nan 
-0.375, -56.375, 1.401670455870794e-23, nan 
-0.125, -56.375, 1.4891876562158364e-23, nan 
0.125, -56.375, 1.1858959220521722e-23, nan 
0.375, -56.375, 2.930151934937175e-23, nan 
0.625, -56.375, 3.4186169279610416e-23, nan 
0.875, -56.375, 1.816930256759615e-23, nan 
1.125, -56.375, 7.98818148538687e-24, nan 
-11.625, -56.125, 1.5019679423963387e-23, nan 
-11.375, -56.125, 5.33298004907131e-23, nan 
-11.125, -56.125, 5.529393064752333e-23, nan 
-10.875, -56.125, 5.1525300449986806e-23, nan 
-10.625, -56.125, 3.760868290802767e-23, nan 
-10.375, -56.125, 8.077393025252327e-24, nan 
-10.125, -56.125, 7.90240534594532e-24, nan 
-9.875, -56.125, 1.4819434735279187e-23, nan 
-9.625, -56.125, 1.8028684093936993e-23, nan 
-9.375, -56.125, 1.715673650464828e-23, nan 
-9.125, -56.125, 1.2165665401258785e-23, nan 
-8.875, -56.125, 1.0792674798452482e-23, nan 
-8.625, -56.125, 6.340733691135786e-24, nan 
-8.375, -56.125, 8.572728977789875e-24, nan 
-8.125, -56.125, 1.0558146718289006e-23, nan 
-7.875, -56.125, 9.817063128162558e-24, nan 
-7.625, -56.125, 1.1830270094698579e-22, nan 
-7.375, -56.125, 1.3094209716655924e-22, nan 
-7.125, -56.125, 2.138467486795932e-23, nan 
-6.875, -56.125, 4.9693150208655957e-23, nan 
-6.625, -56.125, 1.3276149948409588e-22, nan 
-6.375, -56.125, 1.0261222434783597e-22, nan 
-6.125, -56.125, 1.1166181234947842e-23, nan 
-5.875, -56.125, 6.026988461921766e-23, nan 
-5.625, -56.125, 7.235795233486663e-23, nan 
-5.375, -56.125, 2.877414026541868e-23, nan 
-5.125, -56.125, 8.089961741333048e-24, nan 
-4.875, -56.125, 6.810737362931873e-24, nan 
-4.625, -56.125, 1.8124232518458397e-23, nan 
-4.375, -56.125, 1.0191733129166255e-22, nan 
-4.125, -56.125, 9.870789934645321e-23, nan 
-3.875, -56.125, 2.4774981759705516e-23, nan 
-3.625, -56.125, 3.008758633543491e-23, nan 
-3.375, -56.125, 3.6452981607931347e-23, nan 
-3.125, -56.125, 2.41137253586803e-23, nan 
-2.875, -56.125, 1.6712090156153517e-23, nan 
-2.625, -56.125, 8.574306113531579e-24, nan 
-2.375, -56.125, 6.793219776866052e-24, nan 
-2.125, -56.125, 7.017604381716034e-24, nan 
-1.875, -56.125, 8.419581755521959e-24, nan 
-1.625, -56.125, 7.951978360525852e-24, nan 
-1.375, -56.125, 8.686240210701645e-24, nan 
-1.125, -56.125, 8.622845793106405e-24, nan 
-0.875, -56.125, 2.9832613253944322e-24, nan 
-0.625, -56.125, 1.0223859930274746e-23, nan 
-0.375, -56.125, 9.067610757523541e-24, nan 
-0.125, -56.125, 1.1632685459165956e-23, nan 
0.125, -56.125, 5.734087689131274e-24, nan 
0.375, -56.125, 2.431206086481043e-23, nan 
0.625, -56.125, 3.749716018131707e-23, nan 
0.875, -56.125, 3.003150801221425e-23, nan 
1.125, -56.125, 7.223396686010624e-24, nan 
-11.375, -55.875, 1.5836078423645242e-23, nan 
-11.125, -55.875, 1.8465177799199053e-23, nan 
-10.875, -55.875, 2.2335980308570555e-23, nan 
-10.625, -55.875, 2.5602878306321135e-23, nan 
-10.375, -55.875, 2.4865994355823488e-23, nan 
-10.125, -55.875, 2.0108011007921305e-23, nan 
-9.875, -55.875, 2.0856603251914273e-23, nan 
-9.625, -55.875, 1.8429539647034246e-23, nan 
-9.375, -55.875, 3.876934897407654e-23, nan 
-9.125, -55.875, 3.084292350473635e-23, nan 
-8.875, -55.875, 8.411952311433768e-24, nan 
-8.625, -55.875, 4.0620296206813445e-24, nan 
-8.375, -55.875, 3.6400296627935436e-24, nan 
-8.125, -55.875, 5.7208431401474306e-24, nan 
-7.875, -55.875, 3.077487134927531e-23, nan 
-7.625, -55.875, 6.334347060459473e-23, nan 
-7.375, -55.875, 1.0053797828727552e-22, nan 
-7.125, -55.875, 8.778135663439371e-23, nan 
-6.875, -55.875, 7.712075615999263e-23, nan 
-6.625, -55.875, 7.524362458829141e-23, nan 
-6.375, -55.875, 2.2436179697422723e-23, nan 
-6.125, -55.875, 1.0523410481569152e-23, nan 
-5.875, -55.875, 2.5173624556592856e-23, nan 
-5.625, -55.875, 7.368108365794794e-23, nan 
-5.375, -55.875, 8.178546452516382e-23, nan 
-5.125, -55.875, 6.068280877170848e-23, nan 
-4.875, -55.875, 6.450553108275106e-23, nan 
-4.625, -55.875, 8.447015935502062e-23, nan 
-4.375, -55.875, 1.0675209103821173e-22, nan 
-4.125, -55.875, 7.856942907727873e-23, nan 
-3.875, -55.875, 2.8127153512786773e-23, nan 
-3.625, -55.875, 4.110452076946884e-23, nan 
-3.375, -55.875, 4.2345658769575136e-23, nan 
-3.125, -55.875, 4.1992994491794e-23, nan 
-2.875, -55.875, 2.0273450273268324e-23, nan 
-2.625, -55.875, 1.6576977859759484e-23, nan 
-2.375, -55.875, 9.36532370969606e-24, nan 
-2.125, -55.875, 2.4493770921483294e-24, nan 
-1.875, -55.875, 3.0756587449440414e-24, nan 
-1.625, -55.875, 2.3980461530157066e-24, nan 
-1.375, -55.875, 2.937377832090606e-24, nan 
-1.125, -55.875, 1.2857178561833142e-23, nan 
-0.875, -55.875, 2.0026514820506838e-23, nan 
-0.625, -55.875, 3.1506076035032767e-23, nan 
-0.375, -55.875, 2.4219513529187682e-23, nan 
-0.125, -55.875, 8.286146964776325e-24, nan 
0.125, -55.875, 1.3513122179935478e-23, nan 
0.375, -55.875, 2.35503741434026e-23, nan 
0.625, -55.875, 2.5268000224051477e-23, nan 
0.875, -55.875, 1.8619258888819247e-23, nan 
1.125, -55.875, 1.5987443249606668e-23, nan 
-11.125, -55.625, 1.9330330223413594e-23, nan 
-10.875, -55.625, 2.4549072646373068e-23, nan 
-10.625, -55.625, 2.828561956980086e-23, nan 
-10.375, -55.625, 2.5145233418976572e-23, nan 
-10.125, -55.625, 1.5368715146017555e-23, nan 
-9.875, -55.625, 1.4150855502797062e-23, nan 
-9.625, -55.625, 1.534906581279622e-23, nan 
-9.375, -55.625, 2.194316439452684e-23, nan 
-9.125, -55.625, 6.0827682341419766e-24, nan 
-8.875, -55.625, 7.006206101926152e-24, nan 
-8.625, -55.625, 5.575595845201241e-24, nan 
-8.375, -55.625, 4.506148584366413e-24, nan 
-8.125, -55.625, 3.669987280950045e-24, nan 
-7.875, -55.625, 5.411470268157661e-24, nan 
-7.625, -55.625, 2.053607308136901e-23, nan 
-7.375, -55.625, 1.2165770016744738e-23, nan 
-7.125, -55.625, 4.9460124724346306e-23, nan 
-6.875, -55.625, 4.003677372440246e-23, nan 
-6.625, -55.625, 9.631002742817044e-24, nan 
-6.375, -55.625, 7.68411540666457e-24, nan 
-6.125, -55.625, 7.380327083560061e-24, nan 
-5.875, -55.625, 6.1735224019187634e-24, nan 
-5.625, -55.625, 1.4232255756805427e-23, nan 
-5.375, -55.625, 5.1652457111707885e-23, nan 
-5.125, -55.625, 6.081137238918148e-23, nan 
-4.875, -55.625, 6.350357897255855e-23, nan 
-4.625, -55.625, 6.282643094182469e-23, nan 
-4.375, -55.625, 3.9419082408747413e-23, nan 
-4.125, -55.625, 3.6569574790738283e-23, nan 
-3.875, -55.625, 5.565682208749101e-23, nan 
-3.625, -55.625, 5.7699728032634e-23, nan 
-3.375, -55.625, 3.442937388836209e-23, nan 
-3.125, -55.625, 7.946377583890019e-23, nan 
-2.875, -55.625, 6.591718938766373e-23, nan 
-2.625, -55.625, 1.9849432839496534e-23, nan 
-2.375, -55.625, 1.8554316571618863e-23, nan 
-2.125, -55.625, 6.023317472247893e-24, nan 
-1.875, -55.625, 4.001207526751469e-24, nan 
-1.625, -55.625, 3.773585860833359e-24, nan 
-1.375, -55.625, 2.2912806040581447e-24, nan 
-1.125, -55.625, 3.878679783856488e-24, nan 
-0.875, -55.625, 3.7910416345652134e-24, nan 
-0.625, -55.625, 1.1418576310429709e-23, nan 
-0.375, -55.625, 1.3775675706095994e-23, nan 
-0.125, -55.625, 1.5392677231064737e-23, nan 
0.125, -55.625, 1.1258685278204733e-23, nan 
0.375, -55.625, 1.3507744943261568e-23, nan 
0.625, -55.625, 1.7716621407486834e-23, nan 
0.875, -55.625, 1.5887837027185654e-23, nan 
-10.875, -55.375, 1.1269597086349845e-23, nan 
-10.625, -55.375, 1.541750273511349e-23, nan 
-10.375, -55.375, 1.3716315784876297e-23, nan 
-10.125, -55.375, 1.0262162615971198e-23, nan 
-9.875, -55.375, 1.4410099514766108e-23, nan 
-9.625, -55.375, 1.450232375076302e-23, nan 
-9.375, -55.375, 9.887676471922709e-24, nan 
-9.125, -55.375, 1.3559310747221724e-23, nan 
-8.875, -55.375, 1.141820669705143e-23, nan 
-8.625, -55.375, 5.930054833549615e-24, nan 
-8.375, -55.375, 7.276603585680868e-24, nan 
-8.125, -55.375, 8.166836889630491e-24, nan 
-7.875, -55.375, 7.176028757010918e-24, nan 
-7.625, -55.375, 6.666999674875524e-24, nan 
-7.375, -55.375, 3.320960303555335e-24, nan 
-7.125, -55.375, 2.3035783662814593e-24, nan 
-6.875, -55.375, 3.2824879317425623e-24, nan 
-6.625, -55.375, 4.2858719761509656e-24, nan 
-6.375, -55.375, 6.897977332432157e-24, nan 
-6.125, -55.375, 5.855618045676608e-24, nan 
-5.875, -55.375, 1.2122964534793592e-23, nan 
-5.625, -55.375, 1.3449690424430265e-23, nan 
-5.375, -55.375, 5.2069228968886965e-24, nan 
-5.125, -55.375, 3.0900116959991724e-24, nan 
-4.875, -55.375, 4.029113959521332e-24, nan 
-4.625, -55.375, 5.41991426378161e-24, nan 
-4.375, -55.375, 8.226010912417296e-24, nan 
-4.125, -55.375, 1.4227164454617402e-23, nan 
-3.875, -55.375, 1.4375436920807648e-23, nan 
-3.625, -55.375, 3.2057560012078034e-23, nan 
-3.375, -55.375, 3.05796918764361e-23, nan 
-3.125, -55.375, 3.457629268889127e-23, nan 
-2.875, -55.375, 1.2557258915738694e-23, nan 
-2.625, -55.375, 1.396280834521376e-23, nan 
-2.375, -55.375, 8.65962425875997e-24, nan 
-2.125, -55.375, 4.242292156223751e-24, nan 
-1.875, -55.375, 3.544857683464623e-23, nan 
-1.625, -55.375, 5.948520498019406e-24, nan 
-1.375, -55.375, 7.577084943674108e-24, nan 
-1.125, -55.375, 4.9983123463254085e-24, nan 
-0.875, -55.375, 9.857989099644072e-24, nan 
-0.625, -55.375, 6.658005020847277e-24, nan 
-0.375, -55.375, 7.364820379565298e-24, nan 
-0.125, -55.375, 7.573907208061925e-24, nan 
0.125, -55.375, 8.790926536368801e-24, nan 
0.375, -55.375, 1.608127056176465e-23, nan 
0.625, -55.375, 1.3126954894243639e-23, nan 
0.875, -55.375, 6.764335346548773e-24, nan 
-10.625, -55.125, 1.7252670789794928e-23, nan 
-10.375, -55.125, 1.1790200855133664e-23, nan 
-10.125, -55.125, 8.080653619021934e-24, nan 
-9.875, -55.125, 2.2366944660579888e-23, nan 
-9.625, -55.125, 2.5493457711132464e-23, nan 
-9.375, -55.125, 2.2229280610091754e-23, nan 
-9.125, -55.125, 1.988583463143815e-23, nan 
-8.875, -55.125, 9.609237273755002e-24, nan 
-8.625, -55.125, 4.816563320152525e-24, nan 
-8.375, -55.125, 9.920874054545978e-24, nan 
-8.125, -55.125, 1.4982797904664076e-23, nan 
-7.875, -55.125, 1.9901317264576415e-23, nan 
-7.625, -55.125, 1.9067190321770762e-23, nan 
-7.375, -55.125, 1.1505220885369295e-23, nan 
-7.125, -55.125, 2.1266185491711097e-24, nan 
-6.875, -55.125, 5.3898891069792654e-24, nan 
-6.625, -55.125, 2.686231877575285e-23, nan 
-6.375, -55.125, 3.5118330586831704e-23, nan 
-6.125, -55.125, 1.908768295001244e-23, nan 
-5.875, -55.125, 1.5642764727111943e-23, nan 
-5.625, -55.125, 1.8595224144508684e-23, nan 
-5.375, -55.125, 1.4624038477624904e-23, nan 
-5.125, -55.125, 1.363080316611301e-23, nan 
-4.875, -55.125, 9.274125737421317e-24, nan 
-4.625, -55.125, 3.609899581840085e-24, nan 
-4.375, -55.125, 1.1878694122843322e-23, nan 
-4.125, -55.125, 1.1426999423416629e-23, nan 
-3.875, -55.125, 6.389888323294241e-24, nan 
-3.625, -55.125, 6.007558851393752e-24, nan 
-3.375, -55.125, 6.470366403523636e-24, nan 
-3.125, -55.125, 7.949280652433023e-24, nan 
-2.875, -55.125, 3.308691619997145e-23, nan 
-2.625, -55.125, 1.4730860613650385e-23, nan 
-2.375, -55.125, 1.0230356792138713e-23, nan 
-2.125, -55.125, 6.15228178533661e-23, nan 
-1.875, -55.125, 9.29893893954653e-23, nan 
-1.625, -55.125, 6.102872946067605e-23, nan 
-1.375, -55.125, 9.863052971638888e-24, nan 
-1.125, -55.125, 1.1518579413455485e-23, nan 
-0.875, -55.125, 1.7653451493699884e-23, nan 
-0.625, -55.125, 2.1798461857105302e-23, nan 
-0.375, -55.125, 1.7873158226360684e-23, nan 
-0.125, -55.125, 1.4618546289402885e-23, nan 
0.125, -55.125, 1.5023081275552547e-23, nan 
0.375, -55.125, 1.8135725998722012e-23, nan 
0.625, -55.125, 1.7653121860592997e-23, nan 
-10.375, -54.875, 1.806664114882259e-23, nan 
-10.125, -54.875, 8.016302734845797e-24, nan 
-9.875, -54.875, 1.139172727972765e-23, nan 
-9.625, -54.875, 1.7179447845629646e-23, nan 
-9.375, -54.875, 1.487543647024672e-23, nan 
-9.125, -54.875, 1.0006798868247951e-23, nan 
-8.875, -54.875, 1.0415169599620327e-23, nan 
-8.625, -54.875, 6.979704387674329e-24, nan 
-8.375, -54.875, 3.883966837458207e-24, nan 
-8.125, -54.875, 8.138231368226314e-24, nan 
-7.875, -54.875, 1.1069228713505314e-23, nan 
-7.625, -54.875, 6.685105968995519e-24, nan 
-7.375, -54.875, 7.263715034006039e-24, nan 
-7.125, -54.875, 3.629567020002505e-24, nan 
-6.875, -54.875, 5.250611509366896e-23, nan 
-6.625, -54.875, 5.18892756423355e-23, nan 
-6.375, -54.875, 4.943902049314826e-23, nan 
-6.125, -54.875, 6.465310244646476e-23, nan 
-5.875, -54.875, 4.631795736722516e-23, nan 
-5.625, -54.875, 1.240765534724299e-23, nan 
-5.375, -54.875, 1.3950831556763696e-23, nan 
-5.125, -54.875, 1.5067917509829047e-23, nan 
-4.875, -54.875, 7.824208626823599e-24, nan 
-4.625, -54.875, 1.7732319772971646e-24, nan 
-4.375, -54.875, 7.325301016496193e-24, nan 
-4.125, -54.875, 3.659808791271543e-23, nan 
-3.875, -54.875, 5.087974692074667e-23, nan 
-3.625, -54.875, 9.541351956293025e-24, nan 
-3.375, -54.875, 9.179423771809454e-24, nan 
-3.125, -54.875, 5.067134057652521e-23, nan 
-2.875, -54.875, 9.161297093704331e-23, nan 
-2.625, -54.875, 6.13329616569678e-23, nan 
-2.375, -54.875, 1.1412066707142223e-23, nan 
-2.125, -54.875, 5.445781764065853e-23, nan 
-1.875, -54.875, 8.209441706955971e-23, nan 
-1.625, -54.875, 5.664338366055844e-23, nan 
-1.375, -54.875, 1.189223002745609e-23, nan 
-1.125, -54.875, 1.1526990203362426e-23, nan 
-0.875, -54.875, 1.4582523060109396e-23, nan 
-0.625, -54.875, 2.1162014425055423e-23, nan 
-0.375, -54.875, 1.783428070693877e-23, nan 
-0.125, -54.875, 4.1973237483178465e-23, nan 
0.125, -54.875, 2.8628753592845877e-23, nan 
0.375, -54.875, 1.902608043706094e-23, nan 
0.625, -54.875, 1.638034673171768e-23, nan 
-10.125, -54.625, 1.9186201080736962e-23, nan 
-9.875, -54.625, 2.0790168933715936e-23, nan 
-9.625, -54.625, 1.4344655927965667e-23, nan 
-9.375, -54.625, 1.286860572350767e-23, nan 
-9.125, -54.625, 1.364088015495734e-23, nan 
-8.875, -54.625, 1.1252629313957819e-23, nan 
-8.625, -54.625, 9.110294123762738e-24, nan 
-8.375, -54.625, 7.468851546920862e-24, nan 
-8.125, -54.625, 4.5507694497454215e-24, nan 
-7.875, -54.625, 7.220385106459305e-24, nan 
-7.625, -54.625, 9.58546966702075e-24, nan 
-7.375, -54.625, 1.0426154115808978e-23, nan 
-7.125, -54.625, 5.642945166672371e-23, nan 
-6.875, -54.625, 7.6724316484852e-23, nan 
-6.625, -54.625, 4.2822092959026315e-23, nan 
-6.375, -54.625, 1.4228496699480728e-23, nan 
-6.125, -54.625, 9.29412294920958e-23, nan 
-5.875, -54.625, 8.797934407913548e-23, nan 
-5.625, -54.625, 1.2398540593013537e-23, nan 
-5.375, -54.625, 1.160035365721493e-23, nan 
-5.125, -54.625, 5.501443279370759e-24, nan 
-4.875, -54.625, 5.7689692554932506e-24, nan 
-4.625, -54.625, 6.906006239549882e-24, nan 
-4.375, -54.625, 6.443790612961187e-23, nan 
-4.125, -54.625, 8.394354115566984e-23, nan 
-3.875, -54.625, 1.0452316444445034e-22, nan 
-3.625, -54.625, 7.741013405838219e-23, nan 
-3.375, -54.625, 1.4313146142033972e-23, nan 
-3.125, -54.625, 1.0196686527216085e-23, nan 
-2.875, -54.625, 3.829541003312233e-23, nan 
-2.625, -54.625, 9.928431140063458e-24, nan 
-2.375, -54.625, 9.857833610451672e-24, nan 
-2.125, -54.625, 1.3063076196595582e-23, nan 
-1.875, -54.625, 2.825700979251573e-23, nan 
-1.625, -54.625, 9.375113403186176e-24, nan 
-1.375, -54.625, 1.141979803769426e-23, nan 
-1.125, -54.625, 1.8761199919109815e-23, nan 
-0.875, -54.625, 1.8613241999313863e-23, nan 
-0.625, -54.625, 5.320356470075329e-23, nan 
-0.375, -54.625, 8.290917147408942e-23, nan 
-0.125, -54.625, 8.289908321248436e-23, nan 
0.125, -54.625, 5.931916667970558e-23, nan 
0.375, -54.625, 4.849156822025593e-23, nan 
-9.875, -54.375, 2.1386709177222325e-23, nan 
-9.625, -54.375, 1.6211098000455205e-23, nan 
-9.375, -54.375, 1.8677605101176007e-23, nan 
-9.125, -54.375, 1.4430588029361805e-23, nan 
-8.875, -54.375, 8.77687280832045e-24, nan 
-8.625, -54.375, 1.1034647548501528e-23, nan 
-8.375, -54.375, 1.109459764139422e-23, nan 
-8.125, -54.375, 1.0204701403179917e-23, nan 
-7.875, -54.375, 9.427195421467252e-24, nan 
-7.625, -54.375, 6.969751064346579e-24, nan 
-7.375, -54.375, 1.7174814533364337e-23, nan 
-7.125, -54.375, 1.923248116963847e-23, nan 
-6.875, -54.375, 4.5386707680659436e-23, nan 
-6.625, -54.375, 6.495225722801944e-23, nan 
-6.375, -54.375, 6.496588283049303e-23, nan 
-6.125, -54.375, 7.14882010339711e-23, nan 
-5.875, -54.375, 6.08305895749779e-23, nan 
-5.625, -54.375, 4.998251553157233e-24, nan 
-5.375, -54.375, 4.353489312324927e-24, nan 
-5.125, -54.375, 5.884646546147419e-24, nan 
-4.875, -54.375, 7.097977282499485e-24, nan 
-4.625, -54.375, 9.499925263272145e-24, nan 
-4.375, -54.375, 9.908859085454268e-24, nan 
-4.125, -54.375, 3.5987567563909535e-23, nan 
-3.875, -54.375, 4.5254417215641914e-23, nan 
-3.625, -54.375, 1.3825704324096977e-23, nan 
-3.375, -54.375, 1.7064581137922642e-23, nan 
-3.125, -54.375, 1.493267638649704e-23, nan 
-2.875, -54.375, 1.5463065126081983e-23, nan 
-2.625, -54.375, 1.3777710573988084e-23, nan 
-2.375, -54.375, 1.831545573182276e-23, nan 
-2.125, -54.375, 1.6784408937050036e-23, nan 
-1.875, -54.375, 7.515001557806626e-24, nan 
-1.625, -54.375, 1.3704815440551992e-23, nan 
-1.375, -54.375, 1.7979368228329796e-23, nan 
-1.125, -54.375, 1.573599285236246e-23, nan 
-0.875, -54.375, 7.259394608067168e-23, nan 
-0.625, -54.375, 9.323411071409787e-23, nan 
-0.375, -54.375, 5.613498256555028e-23, nan 
-0.125, -54.375, 1.7038413147452243e-23, nan 
0.125, -54.375, 3.8100218650718e-23, nan 
0.375, -54.375, 8.543572907552751e-23, nan 
-9.625, -54.125, 1.6132166458770624e-23, nan 
-9.375, -54.125, 1.9152435171922996e-23, nan 
-9.125, -54.125, 1.4726718654873054e-23, nan 
-8.875, -54.125, 1.649755919244316e-23, nan 
-8.625, -54.125, 1.6123643758298084e-23, nan 
-8.375, -54.125, 1.6970313177397735e-23, nan 
-8.125, -54.125, 1.6976899381029625e-23, nan 
-7.875, -54.125, 2.1282496232998696e-23, nan 
-7.625, -54.125, 3.704316898035153e-23, nan 
-7.375, -54.125, 3.366900236890069e-23, nan 
-7.125, -54.125, 2.0062173075279593e-23, nan 
-6.875, -54.125, 1.441405236915347e-23, nan 
-6.625, -54.125, 1.796268805316213e-23, nan 
-6.375, -54.125, 3.987321446501847e-23, nan 
-6.125, -54.125, 3.3225735679872174e-23, nan 
-5.875, -54.125, 5.700109612605836e-24, nan 
-5.625, -54.125, 5.128397766414718e-24, nan 
-5.375, -54.125, 3.8249721924499674e-24, nan 
-5.125, -54.125, 4.994250118459686e-24, nan 
-4.875, -54.125, 3.3939133709940357e-23, nan 
-4.625, -54.125, 2.0432120945122575e-23, nan 
-4.375, -54.125, 1.8120462486343656e-23, nan 
-4.125, -54.125, 9.313200084862909e-24, nan 
-3.875, -54.125, 1.7609036423632085e-23, nan 
-3.625, -54.125, 2.0190564842897317e-23, nan 
-3.375, -54.125, 3.4218625221207325e-23, nan 
-3.125, -54.125, 3.321615285433181e-23, nan 
-2.875, -54.125, 1.2525657472776368e-23, nan 
-2.625, -54.125, 1.330179359043662e-23, nan 
-2.375, -54.125, 1.5179605130506747e-23, nan 
-2.125, -54.125, 1.3615279235178468e-23, nan 
-1.875, -54.125, 1.5234727505640402e-23, nan 
-1.625, -54.125, 1.4849705335388755e-23, nan 
-1.375, -54.125, 1.1068265128610204e-23, nan 
-1.125, -54.125, 1.1989709545103715e-23, nan 
-0.875, -54.125, 1.244308450780945e-23, nan 
-0.625, -54.125, 6.220834310541341e-23, nan 
-0.375, -54.125, 6.540173915694772e-23, nan 
-0.125, -54.125, 4.437472288022298e-23, nan 
0.125, -54.125, 8.763135108342284e-23, nan 
-9.375, -53.875, 3.180218962536116e-23, nan 
-9.125, -53.875, 6.088209455328274e-23, nan 
-8.875, -53.875, 6.704219286657496e-23, nan 
-8.625, -53.875, 5.82706170581161e-23, nan 
-8.375, -53.875, 5.477274396975706e-23, nan 
-8.125, -53.875, 4.927246214745119e-23, nan 
-7.875, -53.875, 3.8971547664590003e-23, nan 
-7.625, -53.875, 4.229110137509035e-23, nan 
-7.375, -53.875, 2.6605293202520574e-23, nan 
-7.125, -53.875, 2.042451278065366e-23, nan 
-6.875, -53.875, 1.6593623721660277e-23, nan 
-6.625, -53.875, 1.6125276006612033e-23, nan 
-6.375, -53.875, 1.3660671273328796e-23, nan 
-6.125, -53.875, 8.796020298089442e-24, nan 
-5.875, -53.875, 3.0615463644684116e-24, nan 
-5.625, -53.875, 4.0260155133436586e-24, nan 
-5.375, -53.875, 3.751310187535439e-24, nan 
-5.125, -53.875, 4.6860753007856246e-23, nan 
-4.875, -53.875, 7.476631056563311e-23, nan 
-4.625, -53.875, 4.305043099289507e-23, nan 
-4.375, -53.875, 9.932488314036605e-24, nan 
-4.125, -53.875, 3.328868271741751e-24, nan 
-3.875, -53.875, 1.1157239693679702e-23, nan 
-3.625, -53.875, 1.4965583118655052e-23, nan 
-3.375, -53.875, 1.448758459400163e-23, nan 
-3.125, -53.875, 1.9667635026662837e-23, nan 
-2.875, -53.875, 1.1061167184513175e-23, nan 
-2.625, -53.875, 6.294750233244206e-24, nan 
-2.375, -53.875, 1.026300125064922e-23, nan 
-2.125, -53.875, 6.997966147485337e-24, nan 
-1.875, -53.875, 1.3083878937907825e-23, nan 
-1.625, -53.875, 1.1413022824672973e-23, nan 
-1.375, -53.875, 7.131613745778196e-24, nan 
-1.125, -53.875, 8.679982108938756e-24, nan 
-0.875, -53.875, 1.1369399232755783e-23, nan 
-0.625, -53.875, 1.1528629255095918e-23, nan 
-0.375, -53.875, 3.523607240456312e-23, nan 
-0.125, -53.875, 4.4420597169406555e-23, nan 
0.125, -53.875, 4.36409422749155e-23, nan 
-9.125, -53.625, 8.132671187688914e-23, nan 
-8.875, -53.625, 6.589927077175687e-23, nan 
-8.625, -53.625, 6.106190564721264e-23, nan 
-8.375, -53.625, 6.171736564852956e-23, nan 
-8.125, -53.625, 8.111875350545898e-23, nan 
-7.875, -53.625, 8.534153329059199e-23, nan 
-7.625, -53.625, 6.714248857087615e-23, nan 
-7.375, -53.625, 5.293626935999227e-23, nan 
-7.125, -53.625, 3.9247310874998136e-23, nan 
-6.875, -53.625, 2.114780060101169e-23, nan 
-6.625, -53.625, 1.8581953522195356e-23, nan 
-6.375, -53.625, 2.0020056745063627e-23, nan 
-6.125, -53.625, 1.690147628839228e-23, nan 
-5.875, -53.625, 7.992290546973399e-24, nan 
-5.625, -53.625, 9.23141187795491e-24, nan 
-5.375, -53.625, 1.0941280332613829e-23, nan 
-5.125, -53.625, 3.0702615713513984e-24, nan 
-4.875, -53.625, 2.6298031189198028e-23, nan 
-4.625, -53.625, 1.39624919878879e-23, nan 
-4.375, -53.625, 1.379464356082096e-23, nan 
-4.125, -53.625, 1.0682141176792472e-23, nan 
-3.875, -53.625, 5.894876523440174e-24, nan 
-3.625, -53.625, 1.2068202111040274e-23, nan 
-3.375, -53.625, 1.3806349938343894e-23, nan 
-3.125, -53.625, 2.1387302719670162e-23, nan 
-2.875, -53.625, 2.1577332458634303e-23, nan 
-2.625, -53.625, 1.2222345703074272e-23, nan 
-2.375, -53.625, 1.238599681909431e-23, nan 
-2.125, -53.625, 1.566521751161166e-23, nan 
-1.875, -53.625, 2.2088058905095984e-23, nan 
-1.625, -53.625, 4.891397407640237e-23, nan 
-1.375, -53.625, 4.5687978955730644e-23, nan 
-1.125, -53.625, 3.462927871339431e-23, nan 
-0.875, -53.625, 1.163142641059041e-23, nan 
-0.625, -53.625, 1.1340847458278625e-23, nan 
-0.375, -53.625, 1.2433344259557032e-23, nan 
-0.125, -53.625, 1.465712114361739e-23, nan 
-8.875, -53.375, 2.6143626575300266e-23, nan 
-8.625, -53.375, 3.232024722670612e-23, nan 
-8.375, -53.375, 4.149965291042267e-23, nan 
-8.125, -53.375, 5.214086674878628e-23, nan 
-7.875, -53.375, 7.302952133552249e-23, nan 
-7.625, -53.375, 7.795373856631191e-23, nan 
-7.375, -53.375, 7.643263290000167e-23, nan 
-7.125, -53.375, 1.03675206674174e-22, nan 
-6.875, -53.375, 9.596821492336679e-23, nan 
-6.625, -53.375, 2.2186082325134022e-23, nan 
-6.375, -53.375, 2.2499266685774463e-23, nan 
-6.125, -53.375, 2.7431997423152584e-23, nan 
-5.875, -53.375, 2.9556692833667357e-23, nan 
-5.625, -53.375, 1.505796762039225e-23, nan 
-5.375, -53.375, 1.497102253205212e-23, nan 
-5.125, -53.375, 1.459716356497446e-23, nan 
-4.875, -53.375, 1.2444458097754104e-23, nan 
-4.625, -53.375, 1.320595392344471e-23, nan 
-4.375, -53.375, 8.301641144054927e-24, nan 
-4.125, -53.375, 1.5100301719112648e-23, nan 
-3.875, -53.375, 1.2724120229126557e-23, nan 
-3.625, -53.375, 8.908858692020551e-24, nan 
-3.375, -53.375, 1.8333326559366275e-23, nan 
-3.125, -53.375, 1.7295009366291716e-23, nan 
-2.875, -53.375, 1.7079693851268537e-23, nan 
-2.625, -53.375, 1.4193238802432887e-23, nan 
-2.375, -53.375, 8.484804082162136e-24, nan 
-2.125, -53.375, 1.3470692940670536e-23, nan 
-1.875, -53.375, 5.45374154402675e-23, nan 
-1.625, -53.375, 6.965229745353777e-23, nan 
-1.375, -53.375, 4.9218235664304984e-23, nan 
-1.125, -53.375, 5.724574671992587e-23, nan 
-0.875, -53.375, 4.107478088739694e-23, nan 
-0.625, -53.375, 9.351083219078498e-24, nan 
-0.375, -53.375, 8.283434827655534e-24, nan 
-0.125, -53.375, 8.701734547909085e-24, nan 
-8.625, -53.125, 3.3483011476438526e-23, nan 
-8.375, -53.125, 3.5299664563312426e-23, nan 
-8.125, -53.125, 3.339090893976319e-23, nan 
-7.875, -53.125, 4.1460559011625194e-23, nan 
-7.625, -53.125, 5.2678308876254126e-23, nan 
-7.375, -53.125, 7.237553500998291e-23, nan 
-7.125, -53.125, 9.931004906617795e-23, nan 
-6.875, -53.125, 1.1034341676005055e-22, nan 
-6.625, -53.125, 6.055796610357988e-23, nan 
-6.375, -53.125, 2.0283003482259418e-23, nan 
-6.125, -53.125, 2.586117509570112e-23, nan 
-5.875, -53.125, 3.566945136038488e-23, nan 
-5.625, -53.125, 2.88019046642088e-23, nan 
-5.375, -53.125, 1.634711063011253e-23, nan 
-5.125, -53.125, 2.6074279283223702e-23, nan 
-4.875, -53.125, 2.802663760540169e-23, nan 
-4.625, -53.125, 1.532884214574458e-23, nan 
-4.375, -53.125, 9.933889188131833e-24, nan 
-4.125, -53.125, 7.615545281890312e-24, nan 
-3.875, -53.125, 7.332654296116663e-24, nan 
-3.625, -53.125, 7.821915904836008e-24, nan 
-3.375, -53.125, 1.115429977141385e-23, nan 
-3.125, -53.125, 1.3022594977891081e-23, nan 
-2.875, -53.125, 8.951024489309426e-24, nan 
-2.625, -53.125, 9.601897519484187e-24, nan 
-2.375, -53.125, 9.992677147742203e-24, nan 
-2.125, -53.125, 1.6044917307274026e-23, nan 
-1.875, -53.125, 4.559484936528865e-23, nan 
-1.625, -53.125, 5.623103427738928e-23, nan 
-1.375, -53.125, 4.469476804696267e-23, nan 
-1.125, -53.125, 4.8366974564073017e-23, nan 
-0.875, -53.125, 3.1885011805125577e-23, nan 
-0.625, -53.125, 8.433579369053467e-24, nan 
-0.375, -53.125, 7.245031006323845e-24, nan 
-8.375, -52.875, 5.683653908323415e-24, nan 
-8.125, -52.875, 1.1896515338771757e-23, nan 
-7.875, -52.875, 1.994213484870987e-23, nan 
-7.625, -52.875, 2.0498793792134648e-23, nan 
-7.375, -52.875, 3.515795721437732e-23, nan 
-7.125, -52.875, 7.236172049340729e-23, nan 
-6.875, -52.875, 1.2353101892268652e-22, nan 
-6.625, -52.875, 1.1998220857724362e-22, nan 
-6.375, -52.875, 5.297957374698719e-23, nan 
-6.125, -52.875, 1.98098897425641e-23, nan 
-5.875, -52.875, 1.7842843552417915e-23, nan 
-5.625, -52.875, 2.1825204178521358e-23, nan 
-5.375, -52.875, 6.73241467777382e-23, nan 
-5.125, -52.875, 6.971477529741988e-23, nan 
-4.875, -52.875, 5.137992944385388e-23, nan 
-4.625, -52.875, 3.849722670736715e-23, nan 
-4.375, -52.875, 4.8548862115779475e-23, nan 
-4.125, -52.875, 1.9487839854598932e-23, nan 
-3.875, -52.875, 1.1955449522252353e-23, nan 
-3.625, -52.875, 1.0494073319236846e-23, nan 
-3.375, -52.875, 1.2581297411267616e-23, nan 
-3.125, -52.875, 1.749956219419467e-23, nan 
-2.875, -52.875, 1.2480581014416381e-23, nan 
-2.625, -52.875, 8.1371758128749e-24, nan 
-2.375, -52.875, 6.871708664688048e-24, nan 
-2.125, -52.875, 1.1597705944049524e-23, nan 
-1.875, -52.875, 1.386107651703138e-23, nan 
-1.625, -52.875, 3.7133528495406404e-23, nan 
-1.375, -52.875, 3.851331196071139e-23, nan 
-1.125, -52.875, 3.0883788365484356e-23, nan 
-0.875, -52.875, 1.6408494213027212e-23, nan 
-0.625, -52.875, 1.0947148167496627e-23, nan 
-0.375, -52.875, 4.2305977753343646e-24, nan 
-8.125, -52.625, 2.4644961868482796e-23, nan 
-7.875, -52.625, 3.302732938924711e-23, nan 
-7.625, -52.625, 2.4191139067797306e-23, nan 
-7.375, -52.625, 7.185138366795553e-24, nan 
-7.125, -52.625, 2.156201754508571e-23, nan 
-6.875, -52.625, 6.89369227081311e-23, nan 
-6.625, -52.625, 1.3900064680388474e-22, nan 
-6.375, -52.625, 1.1823637020250758e-22, nan 
-6.125, -52.625, 3.750231869289571e-23, nan 
-5.875, -52.625, 3.1005083817564557e-23, nan 
-5.625, -52.625, 7.591951161848598e-23, nan 
-5.375, -52.625, 9.309833678697455e-23, nan 
-5.125, -52.625, 5.172630072757514e-23, nan 
-4.875, -52.625, 2.772914698320642e-23, nan 
-4.625, -52.625, 2.5306759797267818e-23, nan 
-4.375, -52.625, 5.1711777072761295e-23, nan 
-4.125, -52.625, 4.353056384582726e-23, nan 
-3.875, -52.625, 1.1709357043971796e-23, nan 
-3.625, -52.625, 2.7131860351949493e-24, nan 
-3.375, -52.625, 1.6643538579460674e-23, nan 
-3.125, -52.625, 1.8079541819232503e-23, nan 
-2.875, -52.625, 4.664388201567341e-24, nan 
-2.625, -52.625, 5.518203945430627e-24, nan 
-2.375, -52.625, 4.954502748755573e-24, nan 
-2.125, -52.625, 4.08992633611005e-24, nan 
-1.875, -52.625, 7.713454888330686e-24, nan 
-1.625, -52.625, 1.1726468117395845e-23, nan 
-1.375, -52.625, 1.1003948272560257e-23, nan 
-1.125, -52.625, 9.430493967670806e-24, nan 
-0.875, -52.625, 1.0655886164623528e-23, nan 
-0.625, -52.625, 1.0319652407581359e-23, nan 
-7.875, -52.375, 1.4009482580581888e-23, nan 
-7.625, -52.375, 5.963385257566415e-24, nan 
-7.375, -52.375, 1.5067965948777548e-24, nan 
-7.125, -52.375, 8.925412368931113e-24, nan 
-6.875, -52.375, 3.585038641258704e-23, nan 
-6.625, -52.375, 1.1201383189586562e-22, nan 
-6.375, -52.375, 1.1760338247924925e-22, nan 
-6.125, -52.375, 5.00706559174052e-23, nan 
-5.875, -52.375, 3.121038188839188e-23, nan 
-5.625, -52.375, 7.47506833559704e-23, nan 
-5.375, -52.375, 6.650199417254968e-23, nan 
-5.125, -52.375, 6.943813840126574e-24, nan 
-4.875, -52.375, 5.424619026617717e-24, nan 
-4.625, -52.375, 4.7553649296803336e-24, nan 
-4.375, -52.375, 5.986176944799884e-24, nan 
-4.125, -52.375, 4.202846817238752e-23, nan 
-3.875, -52.375, 4.033198182491108e-23, nan 
-3.625, -52.375, 1.124042114683721e-23, nan 
-3.375, -52.375, 1.0127161540224946e-23, nan 
-3.125, -52.375, 4.669014618853871e-24, nan 
-2.875, -52.375, 3.0899740386558954e-24, nan 
-2.625, -52.375, 5.891653769856158e-24, nan 
-2.375, -52.375, 8.656834299219851e-24, nan 
-2.125, -52.375, 6.997719292258729e-24, nan 
-1.875, -52.375, 1.0019923830992931e-23, nan 
-1.625, -52.375, 1.5654949889054546e-23, nan 
-1.375, -52.375, 1.2597985752629248e-23, nan 
-1.125, -52.375, 1.2416611010947392e-23, nan 
-0.875, -52.375, 1.138407246784704e-23, nan 
-0.625, -52.375, 1.1204119861910802e-23, nan 
-7.625, -52.125, 2.0537436006808524e-24, nan 
-7.375, -52.125, 2.154833257190592e-24, nan 
-7.125, -52.125, 5.32549709766434e-24, nan 
-6.875, -52.125, 3.2422987092482036e-23, nan 
-6.625, -52.125, 9.828461345313365e-23, nan 
-6.375, -52.125, 1.0242197258049598e-22, nan 
-6.125, -52.125, 4.579337194248471e-23, nan 
-5.875, -52.125, 4.043178415963739e-23, nan 
-5.625, -52.125, 5.166868544940059e-23, nan 
-5.375, -52.125, 2.9731802307812576e-23, nan 
-5.125, -52.125, 4.2173134691387345e-24, nan 
-4.875, -52.125, 2.3494221624555223e-24, nan 
-4.625, -52.125, 2.751779207058367e-24, nan 
-4.375, -52.125, 6.0367612703918504e-24, nan 
-4.125, -52.125, 9.517693279022273e-24, nan 
-3.875, -52.125, 3.839110462132959e-23, nan 
-3.625, -52.125, 3.405825214501855e-23, nan 
-3.375, -52.125, 6.802278987120219e-24, nan 
-3.125, -52.125, 5.045093676350142e-24, nan 
-2.875, -52.125, 3.012144439330756e-24, nan 
-2.625, -52.125, 6.1678277499917875e-24, nan 
-2.375, -52.125, 7.255596145904027e-24, nan 
-2.125, -52.125, 3.60184674122216e-24, nan 
-1.875, -52.125, 1.1198794057160981e-23, nan 
-1.625, -52.125, 1.4940577557272282e-23, nan 
-1.375, -52.125, 1.21906788878637e-23, nan 
-1.125, -52.125, 1.905052123656811e-23, nan 
-0.875, -52.125, 1.753839115340753e-23, nan 
-7.375, -51.875, 4.2625688131864514e-24, nan 
-7.125, -51.875, 2.346875048608559e-23, nan 
-6.875, -51.875, 4.350719974574571e-23, nan 
-6.625, -51.875, 8.171945581685596e-23, nan 
-6.375, -51.875, 9.211357266739391e-23, nan 
-6.125, -51.875, 6.345435513690979e-23, nan 
-5.875, -51.875, 5.013462158781734e-23, nan 
-5.625, -51.875, 4.9407209230585874e-23, nan 
-5.375, -51.875, 2.3064819223252952e-23, nan 
-5.125, -51.875, 7.225211696862269e-24, nan 
-4.875, -51.875, 5.233202558399211e-24, nan 
-4.625, -51.875, 5.695670425121611e-24, nan 
-4.375, -51.875, 8.674152062408116e-24, nan 
-4.125, -51.875, 2.87499508155938e-23, nan 
-3.875, -51.875, 4.4194039984721555e-23, nan 
-3.625, -51.875, 3.3123795640608784e-23, nan 
-3.375, -51.875, 7.410230753792634e-24, nan 
-3.125, -51.875, 4.3009534847169696e-24, nan 
-2.875, -51.875, 4.082966279226977e-24, nan 
-2.625, -51.875, 6.2137422848563e-24, nan 
-2.375, -51.875, 7.380404442295166e-24, nan 
-2.125, -51.875, 7.34503986051802e-24, nan 
-1.875, -51.875, 7.752563960589639e-24, nan 
-1.625, -51.875, 4.615635248759155e-24, nan 
-1.375, -51.875, 3.7298354510552975e-24, nan 
-1.125, -51.875, 1.9020572478732613e-23, nan 
-7.125, -51.625, 4.904696499192735e-23, nan 
-6.875, -51.625, 8.709006090334827e-23, nan 
-6.625, -51.625, 1.0845670057968107e-22, nan 
-6.375, -51.625, 8.560775516372406e-23, nan 
-6.125, -51.625, 5.1053049022816497e-23, nan 
-5.875, -51.625, 5.791267054305794e-23, nan 
-5.625, -51.625, 6.029678530811239e-23, nan 
-5.375, -51.625, 4.724394202131444e-23, nan 
-5.125, -51.625, 3.542448509316741e-23, nan 
-4.875, -51.625, 2.653678831278962e-23, nan 
-4.625, -51.625, 4.093073219551965e-23, nan 
-4.375, -51.625, 4.9995735734415153e-23, nan 
-4.125, -51.625, 4.93897609461526e-23, nan 
-3.875, -51.625, 3.4487317612218985e-23, nan 
-3.625, -51.625, 1.9250687562872906e-23, nan 
-3.375, -51.625, 1.852112005157279e-23, nan 
-3.125, -51.625, 1.2555356316255276e-23, nan 
-2.875, -51.625, 3.5640904294995264e-24, nan 
-2.625, -51.625, 4.799072972740438e-24, nan 
-2.375, -51.625, 7.85337253690614e-24, nan 
-2.125, -51.625, 1.0392781293931661e-23, nan 
-1.875, -51.625, 1.0472650540534357e-23, nan 
-1.625, -51.625, 9.74677568475961e-24, nan 
-1.375, -51.625, 6.65698251476037e-24, nan 
-1.125, -51.625, 7.615400223739953e-24, nan 
-6.875, -51.375, 1.0443461013967717e-22, nan 
-6.625, -51.375, 9.109687349869632e-23, nan 
-6.375, -51.375, 5.236205544477863e-23, nan 
-6.125, -51.375, 3.92734243924745e-23, nan 
-5.875, -51.375, 4.171441655563227e-23, nan 
-5.625, -51.375, 2.5417057905207094e-23, nan 
-5.375, -51.375, 3.359438214519545e-23, nan 
-5.125, -51.375, 3.652275626454519e-23, nan 
-4.875, -51.375, 3.610474946636497e-23, nan 
-4.625, -51.375, 4.84479351457622e-23, nan 
-4.375, -51.375, 3.38773262994819e-23, nan 
-4.125, -51.375, 1.0539585538925056e-23, nan 
-3.875, -51.375, 1.0694077301569929e-23, nan 
-3.625, -51.375, 9.321201411035331e-24, nan 
-3.375, -51.375, 5.764062476726076e-24, nan 
-3.125, -51.375, 5.2382377452466495e-24, nan 
-2.875, -51.375, 4.202901087187435e-24, nan 
-2.625, -51.375, 9.087345814082134e-24, nan 
-2.375, -51.375, 1.0932237522928825e-23, nan 
-2.125, -51.375, 1.686305544448454e-23, nan 
-1.875, -51.375, 7.47002588919274e-24, nan 
-1.625, -51.375, 8.916106732404177e-24, nan 
-1.375, -51.375, 6.4235591401586e-24, nan 
-6.625, -51.125, 3.009745390225134e-23, nan 
-6.375, -51.125, 3.05698402527263e-23, nan 
-6.125, -51.125, 2.965048983982056e-23, nan 
-5.875, -51.125, 1.8366657691139886e-23, nan 
-5.625, -51.125, 1.0939408770684409e-23, nan 
-5.375, -51.125, 1.3671729763075878e-23, nan 
-5.125, -51.125, 1.8717859026248923e-23, nan 
-4.875, -51.125, 1.6517813774832878e-23, nan 
-4.625, -51.125, 1.2858953601309117e-23, nan 
-4.375, -51.125, 9.277395575507147e-24, nan 
-4.125, -51.125, 4.9019074598895895e-24, nan 
-3.875, -51.125, 3.68681941264869e-24, nan 
-3.625, -51.125, 3.064840940151776e-24, nan 
-3.375, -51.125, 3.865838842205489e-24, nan 
-3.125, -51.125, 5.7123106365817026e-24, nan 
-2.875, -51.125, 4.684044311640377e-24, nan 
-2.625, -51.125, 7.239154774659437e-24, nan 
-2.375, -51.125, 1.630663835258741e-23, nan 
-2.125, -51.125, 4.119214740746485e-23, nan 
-1.875, -51.125, 3.486893627637707e-23, nan 
-1.625, -51.125, 4.921140010530748e-24, nan 
-1.375, -51.125, 3.9367322105872646e-24, nan 
-6.375, -50.875, 2.4951438947581671e-23, nan 
-6.125, -50.875, 1.4111631848886552e-23, nan 
-5.875, -50.875, 9.18218150257542e-24, nan 
-5.625, -50.875, 5.1180504230119656e-24, nan 
-5.375, -50.875, 1.1515070215730122e-23, nan 
-5.125, -50.875, 1.365650956672169e-23, nan 
-4.875, -50.875, 1.1197501481757138e-23, nan 
-4.625, -50.875, 4.245134762561376e-24, nan 
-4.375, -50.875, 5.751570634282217e-24, nan 
-4.125, -50.875, 6.67840895344828e-24, nan 
-3.875, -50.875, 5.9626831655809744e-24, nan 
-3.625, -50.875, 8.511397862032728e-24, nan 
-3.375, -50.875, 7.329430125611989e-24, nan 
-3.125, -50.875, 7.961095851978793e-24, nan 
-2.875, -50.875, 9.167008957527578e-24, nan 
-2.625, -50.875, 1.2417461896594181e-23, nan 
-2.375, -50.875, 5.736822488921382e-23, nan 
-2.125, -50.875, 7.838468940221256e-23, nan 
-1.875, -50.875, 7.122252029714526e-23, nan 
-1.625, -50.875, 5.400370100541938e-23, nan 
-6.125, -50.625, 8.380401731167835e-24, nan 
-5.875, -50.625, 2.6807460709273474e-24, nan 
-5.625, -50.625, 3.290220872504459e-24, nan 
-5.375, -50.625, 6.01788322975006e-24, nan 
-5.125, -50.625, 5.7058825198077244e-24, nan 
-4.875, -50.625, 1.303622990961868e-23, nan 
-4.625, -50.625, 1.8335949635662498e-23, nan 
-4.375, -50.625, 3.825362840938587e-23, nan 
-4.125, -50.625, 3.2063431460435475e-23, nan 
-3.875, -50.625, 3.0255702259489726e-23, nan 
-3.625, -50.625, 1.5144229045808292e-23, nan 
-3.375, -50.625, 6.846677006852369e-24, nan 
-3.125, -50.625, 7.04712649979022e-24, nan 
-2.875, -50.625, 8.735743315350402e-24, nan 
-2.625, -50.625, 8.542092550553279e-24, nan 
-2.375, -50.625, 7.237023756802646e-24, nan 
-2.125, -50.625, 4.1284826704407084e-23, nan 
-1.875, -50.625, 2.9677132056841734e-23, nan 
-5.875, -50.375, 4.540175624776539e-24, nan 
-5.625, -50.375, 1.7705061070890877e-23, nan 
-5.375, -50.375, 3.509765067422993e-23, nan 
-5.125, -50.375, 4.79155314456048e-23, nan 
-4.875, -50.375, 5.60054988922432e-23, nan 
-4.625, -50.375, 6.593368013000325e-23, nan 
-4.375, -50.375, 5.961599007754268e-23, nan 
-4.125, -50.375, 3.7057323719688434e-23, nan 
-3.875, -50.375, 4.1343116528632106e-23, nan 
-3.625, -50.375, 4.2597231611103706e-23, nan 
-3.375, -50.375, 3.1685146955817145e-23, nan 
-3.125, -50.375, 5.702583866876871e-24, nan 
-2.875, -50.375, 7.905005229451748e-24, nan 
-2.625, -50.375, 9.941360038423066e-24, nan 
-2.375, -50.375, 8.70264168816258e-24, nan 
-2.125, -50.375, 5.7669796870444304e-24, nan 
-1.875, -50.375, 4.886947011689386e-24, nan 
-5.625, -50.125, 7.856006556591598e-23, nan 
-5.375, -50.125, 6.145206295141091e-23, nan 
-5.125, -50.125, 6.669813166838944e-23, nan 
-4.875, -50.125, 6.131963682268764e-23, nan 
-4.625, -50.125, 4.921252145019331e-23, nan 
-4.375, -50.125, 2.4515335548794787e-23, nan 
-4.125, -50.125, 2.3562220179076268e-23, nan 
-3.875, -50.125, 2.2389347639289453e-23, nan 
-3.625, -50.125, 3.863972613742884e-23, nan 
-3.375, -50.125, 5.181654242669661e-23, nan 
-3.125, -50.125, 4.2863453583418375e-23, nan 
-2.875, -50.125, 1.9365910494007357e-23, nan 
-2.625, -50.125, 9.418758742164047e-24, nan 
-2.375, -50.125, 6.589898337309789e-24, nan 
-2.125, -50.125, 4.823260814723788e-24, nan 
-5.375, -49.875, 4.423463631668034e-23, nan 
-5.125, -49.875, 3.7122411010174626e-23, nan 
-4.875, -49.875, 1.3616196303910486e-23, nan 
-4.625, -49.875, 1.0835399307363449e-23, nan 
-4.375, -49.875, 3.356204536064819e-23, nan 
-4.125, -49.875, 5.5901955012167e-23, nan 
-3.875, -49.875, 4.6331981563196496e-23, nan 
-3.625, -49.875, 2.363132165104538e-23, nan 
-3.375, -49.875, 4.088086010269071e-23, nan 
-3.125, -49.875, 5.2353537511202304e-23, nan 
-2.875, -49.875, 7.602707876490708e-23, nan 
-2.625, -49.875, 7.25063787594568e-23, nan 
-2.375, -49.875, 7.433559589179764e-23, nan 
-5.125, -49.625, 3.443352662698415e-24, 3.447648312031184e-24 
-4.875, -49.625, 4.253395168211704e-24, 4.259043503517591e-24 
-4.625, -49.625, 4.5634903581724567e-23, 4.5699175478368766e-23 
-4.375, -49.625, 7.155276109678882e-23, 7.16572819609576e-23 
-4.125, -49.625, 6.671734699988637e-23, 6.681635324730022e-23 
-3.875, -49.625, 9.780613300438723e-23, 9.795354421813365e-23 
-3.625, -49.625, 8.133077405274926e-23, 8.145524172616238e-23 
-3.375, -49.625, 4.559296334795274e-23, 4.5664366894234496e-23 
-3.125, -49.625, 8.752957042381896e-23, 8.767519384951992e-23 
-2.875, -49.625, 9.273145165134632e-23, 9.289495159888055e-23 
-2.625, -49.625, 7.432848868077341e-23, 7.446693326398574e-23 
-2.375, -49.625, 8.527070008415066e-23, 8.543453204337154e-23 
-4.625, -49.375, 4.079284032499656e-24, 4.084123705727085e-24 
-4.375, -49.375, 7.452320597967546e-23, 7.461565021019231e-23 
-4.125, -49.375, 9.350152442953878e-23, 9.362028504418787e-23 
-3.875, -49.375, 6.35877734147383e-23, 6.367001559182766e-23 
-3.625, -49.375, 3.7392428386548865e-23, 3.7441658575166585e-23 
-3.375, -49.375, 2.839062169203832e-23, 2.8428782182323873e-23 
-3.125, -49.375, 6.716281366075164e-23, 6.725575233237716e-23 
-2.875, -49.375, 3.670624597169714e-23, 3.676063522421079e-23 
-2.625, -49.375, 1.3181582678034818e-23, 1.3202425321150417e-23 
-4.375, -49.125, 4.721938426718981e-24, 4.726747625766346e-24 
-4.125, -49.125, 4.5306473870043984e-23, 4.5354040242413766e-23 
-3.875, -49.125, 1.9438093911360202e-23, 1.9459078091675066e-23 
-3.625, -49.125, 2.1397397400491434e-23, 2.1420993646419586e-23 
-3.375, -49.125, 2.994515180016803e-23, 2.997899911566171e-23 
-3.125, -49.125, 8.015501277090002e-23, 8.024812919469813e-23 
-2.875, -49.125, 9.980495012783568e-23, 9.99248611570993e-23 
-4.125, -48.875, 7.017089958488833e-24, 7.022899250960661e-24 
-3.875, -48.875, 1.376994409704823e-23, 1.3781776382932097e-23 
-3.625, -48.875, 3.070290973117912e-23, 3.0730202482489864e-23 
-3.375, -48.875, 7.221288651951583e-23, 7.227906854499433e-23 
-3.125, -48.875, 7.27635255851138e-23, 7.283249709369616e-23 
-3.875, -48.625, 3.539217104209103e-23, 3.54146180156293e-23 
-3.625, -48.625, 4.615766747272724e-23, 4.618839219968524e-23 
-3.375, -48.625, 6.129268138378688e-23, 6.133603157808134e-23 
-3.125, -48.625, 5.1632207427574793e-23, 5.167034676431591e-23 
-3.625, -48.375, 4.696806127828856e-23, 4.6988764832315475e-23 
-3.375, -48.375, 3.2652149801963253e-23, 3.266807140205219e-23 
