# lon_gridpoint [deg], lat_gridpoint [deg], P_R_modelGRS [W], P_R_modelFREND [W] 
-17.125, -75.625, 7.34404446580991e-25, nan 
-16.875, -75.625, 9.649800367496244e-25, nan 
-17.125, -75.375, 2.6640010590500846e-25, nan 
-16.875, -75.375, 1.1755292689277884e-24, nan 
-16.625, -75.375, 1.4500358276504851e-24, nan 
-16.375, -75.375, 3.202185748724539e-25, nan 
-16.125, -75.375, 2.0668789659563638e-24, nan 
-15.875, -75.375, 2.512004896517055e-24, nan 
-17.125, -75.125, 4.431893350227803e-25, nan 
-16.875, -75.125, 4.807146514754354e-25, nan 
-16.625, -75.125, 1.942890479897497e-24, nan 
-16.375, -75.125, 3.312054562414306e-24, nan 
-16.125, -75.125, 4.101009465864029e-24, nan 
-15.875, -75.125, 3.827568229009563e-24, nan 
-15.625, -75.125, 3.870146219833138e-24, nan 
-15.375, -75.125, 2.6973689341522783e-24, nan 
-15.125, -75.125, 7.267399016497596e-25, nan 
-14.875, -75.125, 1.8618154445031628e-24, nan 
-14.625, -75.125, 1.8680923707510038e-24, nan 
-17.125, -74.875, 4.1252420285278475e-24, nan 
-16.875, -74.875, 4.867707359620313e-24, nan 
-16.625, -74.875, 3.720918812238942e-24, nan 
-16.375, -74.875, 5.4252271285413425e-24, nan 
-16.125, -74.875, 6.264320253536487e-24, nan 
-15.875, -74.875, 6.2050067400278505e-24, nan 
-15.625, -74.875, 6.711430878072911e-24, nan 
-15.375, -74.875, 4.398617099082424e-24, nan 
-15.125, -74.875, 4.786637415497613e-24, nan 
-14.875, -74.875, 5.695993351076055e-24, nan 
-14.625, -74.875, 3.771459112567676e-24, nan 
-14.375, -74.875, 1.927484552604405e-24, nan 
-14.125, -74.875, 2.4031790579002505e-24, nan 
-13.875, -74.875, 3.2172408313349653e-24, nan 
-13.625, -74.875, 2.336633239488877e-24, nan 
-17.375, -74.625, 1.1412040075665727e-24, nan 
-17.125, -74.625, 4.76192683005417e-24, nan 
-16.875, -74.625, 4.624471346713415e-24, nan 
-16.625, -74.625, 3.696805386347018e-24, nan 
-16.375, -74.625, 6.315232189462768e-24, nan 
-16.125, -74.625, 6.672337385352325e-24, nan 
-15.875, -74.625, 7.349764701722575e-24, nan 
-15.625, -74.625, 6.1717002883286555e-24, nan 
-15.375, -74.625, 4.366432599039375e-24, nan 
-15.125, -74.625, 5.17586260057382e-24, nan 
-14.875, -74.625, 4.5794892381402574e-24, nan 
-14.625, -74.625, 2.5134099894820775e-24, nan 
-14.375, -74.625, 1.233820625706891e-24, nan 
-14.125, -74.625, 1.3459176908642597e-24, nan 
-13.875, -74.625, 1.9316123950105667e-24, nan 
-13.625, -74.625, 1.5125731068410056e-24, nan 
-13.375, -74.625, 1.2310976227755947e-24, nan 
-13.125, -74.625, 4.637926382460427e-25, nan 
-12.875, -74.625, 5.337978580469155e-25, nan 
-12.625, -74.625, 6.729444302149881e-25, nan 
-17.375, -74.375, 9.839048157970698e-25, nan 
-17.125, -74.375, 8.354892041739712e-25, nan 
-16.875, -74.375, 8.995587625531664e-25, nan 
-16.625, -74.375, 1.776781717863954e-24, nan 
-16.375, -74.375, 4.27261079661164e-24, nan 
-16.125, -74.375, 4.314031503557454e-24, nan 
-15.875, -74.375, 4.393147661880983e-24, nan 
-15.625, -74.375, 4.3117914076102476e-24, nan 
-15.375, -74.375, 2.5824608649300184e-24, nan 
-15.125, -74.375, 8.9060229774979e-25, nan 
-14.875, -74.375, 8.18967943613371e-25, nan 
-14.625, -74.375, 7.998060598979083e-25, nan 
-14.375, -74.375, 7.136420977181599e-25, nan 
-14.125, -74.375, 6.735505444775961e-25, nan 
-13.875, -74.375, 6.80252463780418e-25, nan 
-13.625, -74.375, 6.827629806908282e-25, nan 
-13.375, -74.375, 5.889687351796462e-25, nan 
-13.125, -74.375, 6.434145026379621e-25, nan 
-12.875, -74.375, 6.726822576635763e-25, nan 
-12.625, -74.375, 6.2722267964448185e-25, nan 
-12.375, -74.375, 3.760348573280595e-25, nan 
-12.125, -74.375, 4.395602058368506e-25, nan 
-11.875, -74.375, 5.261279775218457e-25, nan 
-17.375, -74.125, 5.959090637815126e-25, nan 
-17.125, -74.125, 7.638418293574158e-25, nan 
-16.875, -74.125, 7.944851728563314e-25, nan 
-16.625, -74.125, 8.092746594632812e-25, nan 
-16.375, -74.125, 9.682277527047387e-25, nan 
-16.125, -74.125, 9.673457392368267e-25, nan 
-15.875, -74.125, 8.95830566794731e-25, nan 
-15.625, -74.125, 8.18224319388393e-25, nan 
-15.375, -74.125, 8.84332635459476e-25, nan 
-15.125, -74.125, 7.676304477757017e-25, nan 
-14.875, -74.125, 7.177300818035781e-25, nan 
-14.625, -74.125, 7.311002769117372e-25, nan 
-14.375, -74.125, 5.989897736803607e-25, nan 
-14.125, -74.125, 6.299370876473709e-25, nan 
-13.875, -74.125, 6.541975557347729e-25, nan 
-13.625, -74.125, 5.99550474464825e-25, nan 
-13.375, -74.125, 3.811948398896442e-25, nan 
-13.125, -74.125, 4.166187925303473e-25, nan 
-12.875, -74.125, 2.1878123216561766e-25, nan 
-12.625, -74.125, 2.9174647220351057e-25, nan 
-12.375, -74.125, 3.87414705118921e-25, nan 
-12.125, -74.125, 4.368115757110572e-25, nan 
-11.875, -74.125, 5.814537132660509e-25, nan 
-11.625, -74.125, 7.327332486505342e-25, nan 
-11.375, -74.125, 4.4624901050043355e-25, nan 
-11.125, -74.125, 2.2800811467575384e-25, nan 
-17.375, -73.875, 4.543742362429835e-25, nan 
-17.125, -73.875, 7.2397978850520665e-25, nan 
-16.875, -73.875, 6.470366207198084e-25, nan 
-16.625, -73.875, 9.434638998231986e-25, nan 
-16.375, -73.875, 9.901176386695607e-25, nan 
-16.125, -73.875, 9.945238358541859e-25, nan 
-15.875, -73.875, 7.45656601843597e-25, nan 
-15.625, -73.875, 7.027722130019612e-25, nan 
-15.375, -73.875, 6.000901086093527e-25, nan 
-15.125, -73.875, 5.411719328128838e-25, nan 
-14.875, -73.875, 5.878320983190094e-25, nan 
-14.625, -73.875, 3.9278684230143006e-25, nan 
-14.375, -73.875, 5.129782214905372e-25, nan 
-14.125, -73.875, 6.284117637323386e-25, nan 
-13.875, -73.875, 5.379141559237077e-25, nan 
-13.625, -73.875, 3.699578043784687e-25, nan 
-13.375, -73.875, 1.483308969548737e-24, nan 
-13.125, -73.875, 1.5979278037269736e-24, nan 
-12.875, -73.875, 4.653519802663012e-25, nan 
-12.625, -73.875, 1.666640208412643e-24, nan 
-12.375, -73.875, 1.026938504666932e-24, nan 
-12.125, -73.875, 4.210524031165992e-25, nan 
-11.875, -73.875, 2.6737103868626914e-25, nan 
-11.625, -73.875, 2.582013639020164e-25, nan 
-11.375, -73.875, 1.7504964311860803e-25, nan 
-11.125, -73.875, 1.1303574886597732e-25, nan 
-10.875, -73.875, 1.469004012600456e-25, nan 
-10.625, -73.875, 2.2695208831711874e-25, nan 
-10.375, -73.875, 3.6748752240698096e-25, nan 
-17.375, -73.625, 1.108196372860527e-24, nan 
-17.125, -73.625, 1.032576265883368e-24, nan 
-16.875, -73.625, 1.2191462869860195e-24, nan 
-16.625, -73.625, 1.0958834369802996e-24, nan 
-16.375, -73.625, 7.683788317444811e-25, nan 
-16.125, -73.625, 1.4267907847500302e-24, nan 
-15.875, -73.625, 1.6466466336835561e-24, nan 
-15.625, -73.625, 4.4867165357799375e-25, nan 
-15.375, -73.625, 5.314099388820099e-25, nan 
-15.125, -73.625, 6.03006233045598e-25, nan 
-14.875, -73.625, 5.801580682251623e-25, nan 
-14.625, -73.625, 6.211091291263965e-25, nan 
-14.375, -73.625, 6.364012522577529e-25, nan 
-14.125, -73.625, 1.8331145380650846e-24, nan 
-13.875, -73.625, 1.8494926838861327e-24, nan 
-13.625, -73.625, 1.2754388528384495e-24, nan 
-13.375, -73.625, 2.3039805239060616e-24, nan 
-13.125, -73.625, 2.5339979198675986e-24, nan 
-12.875, -73.625, 1.3915703511124406e-24, nan 
-12.625, -73.625, 2.6751742598372435e-24, nan 
-12.375, -73.625, 2.009252884620081e-24, nan 
-12.125, -73.625, 7.651961217953784e-25, nan 
-11.875, -73.625, 2.078112556691655e-24, nan 
-11.625, -73.625, 1.4293991971647944e-24, nan 
-11.375, -73.625, 5.796912100850455e-25, nan 
-11.125, -73.625, 1.8995969925779926e-25, nan 
-10.875, -73.625, 1.6324699112254986e-25, nan 
-10.625, -73.625, 2.089911907271466e-25, nan 
-10.375, -73.625, 8.097069480197153e-25, nan 
-10.125, -73.625, 6.353992463258331e-25, nan 
-9.875, -73.625, 4.287674995401385e-25, nan 
-9.625, -73.625, 1.2357848947647677e-24, nan 
-17.375, -73.375, 9.43533473370371e-25, nan 
-17.125, -73.375, 1.7672587495995798e-24, nan 
-16.875, -73.375, 2.8382862012595293e-24, nan 
-16.625, -73.375, 2.7765978168247345e-24, nan 
-16.375, -73.375, 3.148841319466976e-24, nan 
-16.125, -73.375, 4.244527960072645e-24, nan 
-15.875, -73.375, 4.341352949190395e-24, nan 
-15.625, -73.375, 4.3476191823773084e-24, nan 
-15.375, -73.375, 2.2459941564594853e-24, nan 
-15.125, -73.375, 2.360310191048244e-24, nan 
-14.875, -73.375, 8.926921684642208e-25, nan 
-14.625, -73.375, 1.2176729221570911e-24, nan 
-14.375, -73.375, 2.0551345257316017e-24, nan 
-14.125, -73.375, 1.838284105116613e-24, nan 
-13.875, -73.375, 1.812657492394779e-24, nan 
-13.625, -73.375, 2.7472812866638085e-24, nan 
-13.375, -73.375, 2.218158211297651e-24, nan 
-13.125, -73.375, 2.551971382370657e-24, nan 
-12.875, -73.375, 3.0656779034467053e-24, nan 
-12.625, -73.375, 2.562219573071717e-24, nan 
-12.375, -73.375, 1.665868237808656e-24, nan 
-12.125, -73.375, 2.0569672304420857e-24, nan 
-11.875, -73.375, 2.0264573781519932e-24, nan 
-11.625, -73.375, 6.006717639579428e-25, nan 
-11.375, -73.375, 2.901448123588874e-25, nan 
-11.125, -73.375, 4.164802034618642e-25, nan 
-10.875, -73.375, 4.1246554796332356e-25, nan 
-10.625, -73.375, 1.1717672465853341e-24, nan 
-10.375, -73.375, 1.5687894939110626e-24, nan 
-10.125, -73.375, 1.6620582644722394e-24, nan 
-9.875, -73.375, 1.2320082063332543e-24, nan 
-9.625, -73.375, 4.840803981402505e-25, nan 
-9.375, -73.375, 8.508818074214349e-25, nan 
-9.125, -73.375, 1.4402525902829472e-24, nan 
-8.875, -73.375, 1.6383769201490493e-24, nan 
-17.375, -73.125, 1.3514901143249206e-24, nan 
-17.125, -73.125, 4.151025763549087e-24, nan 
-16.875, -73.125, 5.328194592369133e-24, nan 
-16.625, -73.125, 4.164222101719519e-24, nan 
-16.375, -73.125, 6.137155233077725e-24, nan 
-16.125, -73.125, 8.181344728140621e-24, nan 
-15.875, -73.125, 8.131219448162757e-24, nan 
-15.625, -73.125, 7.806007356303108e-24, nan 
-15.375, -73.125, 4.2188303039270676e-24, nan 
-15.125, -73.125, 5.464083574637826e-24, nan 
-14.875, -73.125, 5.0210604385990966e-24, nan 
-14.625, -73.125, 1.4409434791816733e-24, nan 
-14.375, -73.125, 9.607975062258675e-25, nan 
-14.125, -73.125, 8.730783291782027e-25, nan 
-13.875, -73.125, 9.232605941399467e-25, nan 
-13.625, -73.125, 1.4984440822451505e-24, nan 
-13.375, -73.125, 1.5323332777763939e-24, nan 
-13.125, -73.125, 1.7438745438652318e-24, nan 
-12.875, -73.125, 1.900875774064676e-24, nan 
-12.625, -73.125, 1.629140670300545e-24, nan 
-12.375, -73.125, 4.416053240000463e-25, nan 
-12.125, -73.125, 3.0308060092537846e-25, nan 
-11.875, -73.125, 3.0201812047576896e-25, nan 
-11.625, -73.125, 3.417598510961805e-25, nan 
-11.375, -73.125, 1.0906330339191824e-24, nan 
-11.125, -73.125, 1.4061557031686877e-24, nan 
-10.875, -73.125, 1.249813321635567e-24, nan 
-10.625, -73.125, 1.6839943890066207e-24, nan 
-10.375, -73.125, 2.5829009236110102e-24, nan 
-10.125, -73.125, 2.4985506593487494e-24, nan 
-9.875, -73.125, 1.6970467752612054e-24, nan 
-9.625, -73.125, 1.6171609362488638e-24, nan 
-9.375, -73.125, 1.458184474884321e-24, nan 
-9.125, -73.125, 1.6904800945690956e-24, nan 
-8.875, -73.125, 1.7705771547444186e-24, nan 
-8.625, -73.125, 1.964294648900499e-24, nan 
-8.375, -73.125, 1.2646382803885016e-24, nan 
-17.375, -72.875, 3.353679038086477e-25, nan 
-17.125, -72.875, 4.415310517742325e-25, nan 
-16.875, -72.875, 7.358695822354228e-25, nan 
-16.625, -72.875, 1.3368154227345201e-24, nan 
-16.375, -72.875, 3.68824827557102e-24, nan 
-16.125, -72.875, 4.257435427318035e-24, nan 
-15.875, -72.875, 4.58634181231688e-24, nan 
-15.625, -72.875, 4.388723136195784e-24, nan 
-15.375, -72.875, 1.1582961180257352e-24, nan 
-15.125, -72.875, 8.205945947270245e-25, nan 
-14.875, -72.875, 7.411111415456181e-25, nan 
-14.625, -72.875, 7.419303680738974e-25, nan 
-14.375, -72.875, 5.572308701019501e-25, nan 
-14.125, -72.875, 3.514456777767583e-25, nan 
-13.875, -72.875, 2.4028322313371103e-25, nan 
-13.625, -72.875, 3.0085367296102605e-25, nan 
-13.375, -72.875, 3.899662202657579e-25, nan 
-13.125, -72.875, 3.8992820646796895e-25, nan 
-12.875, -72.875, 9.880262438071422e-25, nan 
-12.625, -72.875, 1.2319812411822037e-24, nan 
-12.375, -72.875, 2.3247935031727683e-25, nan 
-12.125, -72.875, 5.89239774175919e-25, nan 
-11.875, -72.875, 9.837104690336378e-25, nan 
-11.625, -72.875, 9.179359096827508e-25, nan 
-11.375, -72.875, 9.007333348369117e-25, nan 
-11.125, -72.875, 4.840066286328644e-25, nan 
-10.875, -72.875, 1.9285578258097232e-25, nan 
-10.625, -72.875, 8.479285650806633e-25, nan 
-10.375, -72.875, 1.1193467148160145e-24, nan 
-10.125, -72.875, 1.1053877895036943e-24, nan 
-9.875, -72.875, 1.2966153133518513e-24, nan 
-9.625, -72.875, 7.649089651581272e-25, nan 
-9.375, -72.875, 4.40709525815468e-25, nan 
-9.125, -72.875, 2.0522189023259364e-24, nan 
-8.875, -72.875, 1.86761761855085e-24, nan 
-8.625, -72.875, 3.604968142141119e-24, nan 
-8.375, -72.875, 2.6263007407790638e-24, nan 
-8.125, -72.875, 2.419386436705262e-24, nan 
-7.875, -72.875, 3.5320380811723954e-24, nan 
-7.625, -72.875, 2.3608519977046517e-24, nan 
-17.375, -72.625, 4.053579583789352e-25, nan 
-17.125, -72.625, 4.396540796220072e-25, nan 
-16.875, -72.625, 7.534513906943342e-25, nan 
-16.625, -72.625, 5.325313962602291e-25, nan 
-16.375, -72.625, 5.135684414894447e-25, nan 
-16.125, -72.625, 3.885907651165794e-25, nan 
-15.875, -72.625, 5.512956818446851e-25, nan 
-15.625, -72.625, 4.836770458855728e-25, nan 
-15.375, -72.625, 4.660962674670932e-25, nan 
-15.125, -72.625, 4.577532874414788e-25, nan 
-14.875, -72.625, 3.0863808931513682e-25, nan 
-14.625, -72.625, 2.9285676415484352e-25, nan 
-14.375, -72.625, 2.5637164782888896e-25, nan 
-14.125, -72.625, 5.12457598569177e-25, nan 
-13.875, -72.625, 3.11273264349297e-25, nan 
-13.625, -72.625, 9.782618784539757e-25, nan 
-13.375, -72.625, 1.0987314481229732e-24, nan 
-13.125, -72.625, 5.028588979536059e-25, nan 
-12.875, -72.625, 1.6531826945037912e-24, nan 
-12.625, -72.625, 1.7948114798555072e-24, nan 
-12.375, -72.625, 1.0691120368358681e-24, nan 
-12.125, -72.625, 8.354711016897272e-25, nan 
-11.875, -72.625, 1.3503984596378038e-24, nan 
-11.625, -72.625, 1.8661330475858736e-24, nan 
-11.375, -72.625, 1.5382696264875718e-24, nan 
-11.125, -72.625, 1.1383543570965076e-24, nan 
-10.875, -72.625, 1.1053813509058327e-24, nan 
-10.625, -72.625, 1.0320069429682754e-24, nan 
-10.375, -72.625, 6.303303190801806e-25, nan 
-10.125, -72.625, 3.696513808593075e-25, nan 
-9.875, -72.625, 9.406305413211648e-25, nan 
-9.625, -72.625, 1.0563498453696277e-24, nan 
-9.375, -72.625, 1.460722738085289e-24, nan 
-9.125, -72.625, 2.3241292584938448e-24, nan 
-8.875, -72.625, 3.4560835810705864e-24, nan 
-8.625, -72.625, 3.272342845709625e-24, nan 
-8.375, -72.625, 2.375075785582282e-24, nan 
-8.125, -72.625, 2.7990512262684924e-24, nan 
-7.875, -72.625, 2.3132628345206486e-24, nan 
-7.625, -72.625, 1.7318403523236364e-24, nan 
-7.375, -72.625, 2.727853407003101e-25, nan 
-7.125, -72.625, 2.625103425526586e-25, nan 
-17.375, -72.375, 9.084324078043328e-25, nan 
-17.125, -72.375, 4.865333524156805e-25, nan 
-16.875, -72.375, 4.467396737098377e-25, nan 
-16.625, -72.375, 2.7441084447216233e-25, nan 
-16.375, -72.375, 1.8362759314984235e-25, nan 
-16.125, -72.375, 2.0444790383350032e-25, nan 
-15.875, -72.375, 2.307972097776318e-25, nan 
-15.625, -72.375, 2.018566216086982e-25, nan 
-15.375, -72.375, 1.4282211780333888e-25, nan 
-15.125, -72.375, 1.5905994795773962e-25, nan 
-14.875, -72.375, 1.4154302466121552e-25, nan 
-14.625, -72.375, 1.5654003644628763e-25, nan 
-14.375, -72.375, 1.9344804399161387e-25, nan 
-14.125, -72.375, 2.036095698208117e-25, nan 
-13.875, -72.375, 1.9268863231719416e-25, nan 
-13.625, -72.375, 1.921282778116568e-25, nan 
-13.375, -72.375, 4.52966912214012e-25, nan 
-13.125, -72.375, 2.704641993405536e-25, nan 
-12.875, -72.375, 1.3280864562758992e-24, nan 
-12.625, -72.375, 1.6680138024272273e-24, nan 
-12.375, -72.375, 1.781717014395705e-24, nan 
-12.125, -72.375, 1.69656993095563e-24, nan 
-11.875, -72.375, 1.2748186706997844e-24, nan 
-11.625, -72.375, 2.4452577462006486e-24, nan 
-11.375, -72.375, 2.2097158242239655e-24, nan 
-11.125, -72.375, 1.4489052732583292e-24, nan 
-10.875, -72.375, 1.9976236300820116e-24, nan 
-10.625, -72.375, 1.8895116761647065e-24, nan 
-10.375, -72.375, 1.0359192541909681e-24, nan 
-10.125, -72.375, 1.481448386059058e-24, nan 
-9.875, -72.375, 2.755774632032824e-24, nan 
-9.625, -72.375, 2.872397770446543e-24, nan 
-9.375, -72.375, 2.757665127145076e-24, nan 
-9.125, -72.375, 3.9488448697544986e-24, nan 
-8.875, -72.375, 3.6600747762514165e-24, nan 
-8.625, -72.375, 2.696633617999286e-24, nan 
-8.375, -72.375, 1.4207240056595432e-24, nan 
-8.125, -72.375, 2.503229356012765e-25, nan 
-7.875, -72.375, 3.5688458593628577e-25, nan 
-7.625, -72.375, 3.882009227872683e-25, nan 
-7.375, -72.375, 3.176965800557035e-25, nan 
-7.125, -72.375, 2.1206547644335574e-25, nan 
-6.875, -72.375, 2.9877299084249323e-25, nan 
-6.625, -72.375, 2.9617884478367094e-25, nan 
-17.375, -72.125, 1.3581200652266748e-24, nan 
-17.125, -72.125, 1.0920727484692022e-24, nan 
-16.875, -72.125, 9.069073013991899e-25, nan 
-16.625, -72.125, 6.207121858681961e-25, nan 
-16.375, -72.125, 2.865753561341046e-25, nan 
-16.125, -72.125, 2.32897085369192e-25, nan 
-15.875, -72.125, 3.122051432959065e-25, nan 
-15.625, -72.125, 1.9337924898532559e-25, nan 
-15.375, -72.125, 1.3342691591218026e-25, nan 
-15.125, -72.125, 2.4718254739853696e-25, nan 
-14.875, -72.125, 2.1210547071213543e-25, nan 
-14.625, -72.125, 1.943704319512331e-25, nan 
-14.375, -72.125, 2.234910150337403e-25, nan 
-14.125, -72.125, 2.2596062791710755e-25, nan 
-13.875, -72.125, 1.7112335449628324e-25, nan 
-13.625, -72.125, 1.313709761126905e-25, nan 
-13.375, -72.125, 8.20246880444167e-25, nan 
-13.125, -72.125, 5.588433479285262e-25, nan 
-12.875, -72.125, 2.783289889391807e-24, nan 
-12.625, -72.125, 1.976727896221803e-24, nan 
-12.375, -72.125, 2.5141995773962326e-24, nan 
-12.125, -72.125, 2.2817595556979196e-24, nan 
-11.875, -72.125, 1.1610179876485346e-24, nan 
-11.625, -72.125, 1.8144996411867747e-24, nan 
-11.375, -72.125, 2.0501500200441686e-24, nan 
-11.125, -72.125, 1.96946702265258e-24, nan 
-10.875, -72.125, 1.9613268160286752e-24, nan 
-10.625, -72.125, 2.3117057476245107e-24, nan 
-10.375, -72.125, 1.870818678555948e-24, nan 
-10.125, -72.125, 2.2376007241676837e-24, nan 
-9.875, -72.125, 7.655018398309205e-25, nan 
-9.625, -72.125, 2.4244164355202138e-24, nan 
-9.375, -72.125, 3.049101452214187e-24, nan 
-9.125, -72.125, 4.143909192930304e-24, nan 
-8.875, -72.125, 2.7431386724506265e-24, nan 
-8.625, -72.125, 2.6748740936634116e-24, nan 
-8.375, -72.125, 3.0631022416893723e-24, nan 
-8.125, -72.125, 1.522166478346704e-24, nan 
-7.875, -72.125, 1.4476447239652395e-24, nan 
-7.625, -72.125, 1.6327008858683198e-24, nan 
-7.375, -72.125, 1.260900634975556e-24, nan 
-7.125, -72.125, 6.601272164933942e-25, nan 
-6.875, -72.125, 5.589004335727912e-25, nan 
-6.625, -72.125, 6.791827379919394e-25, nan 
-6.375, -72.125, 6.273123464558094e-25, nan 
-6.125, -72.125, 3.0349834303521146e-24, nan 
-17.375, -71.875, 1.3084547193566094e-24, nan 
-17.125, -71.875, 1.2322192513365377e-24, nan 
-16.875, -71.875, 1.0107895325007487e-24, nan 
-16.625, -71.875, 9.179269425995851e-25, nan 
-16.375, -71.875, 8.686167736624046e-25, nan 
-16.125, -71.875, 5.8107029553858235e-25, nan 
-15.875, -71.875, 3.364667601527519e-25, nan 
-15.625, -71.875, 1.6691760614122626e-25, nan 
-15.375, -71.875, 2.683548793471435e-25, nan 
-15.125, -71.875, 2.840152335589299e-25, nan 
-14.875, -71.875, 3.1312695535385567e-25, nan 
-14.625, -71.875, 2.184272077208176e-25, nan 
-14.375, -71.875, 2.191352740912688e-25, nan 
-14.125, -71.875, 2.7144454815092605e-25, nan 
-13.875, -71.875, 2.2767404715464343e-25, nan 
-13.625, -71.875, 2.14197026765448e-24, nan 
-13.375, -71.875, 2.2845344957966487e-24, nan 
-13.125, -71.875, 2.4186150252612646e-24, nan 
-12.875, -71.875, 3.128662800884171e-24, nan 
-12.625, -71.875, 2.7100972657930912e-24, nan 
-12.375, -71.875, 3.0049706497592817e-24, nan 
-12.125, -71.875, 2.9371984627077735e-25, nan 
-11.875, -71.875, 8.435231039365701e-25, nan 
-11.625, -71.875, 1.0309139534782569e-24, nan 
-11.375, -71.875, 9.991615842707308e-25, nan 
-11.125, -71.875, 1.1536471470908906e-24, nan 
-10.875, -71.875, 1.2110260945795061e-24, nan 
-10.625, -71.875, 1.9899355241698128e-24, nan 
-10.375, -71.875, 1.4315789975427533e-24, nan 
-10.125, -71.875, 2.3967535040624773e-24, nan 
-9.875, -71.875, 2.0306377193777707e-24, nan 
-9.625, -71.875, 2.0497539534816465e-24, nan 
-9.375, -71.875, 1.7891874999585492e-24, nan 
-9.125, -71.875, 2.919968998642265e-24, nan 
-8.875, -71.875, 2.5677348477610256e-24, nan 
-8.625, -71.875, 2.7833169797290993e-24, nan 
-8.375, -71.875, 2.986032018367118e-24, nan 
-8.125, -71.875, 2.004984057781435e-24, nan 
-7.875, -71.875, 2.49179644021798e-24, nan 
-7.625, -71.875, 2.9539216466999797e-24, nan 
-7.375, -71.875, 1.96348948225368e-24, nan 
-7.125, -71.875, 1.774240871287315e-24, nan 
-6.875, -71.875, 3.670641333012892e-24, nan 
-6.625, -71.875, 3.597063041388002e-24, nan 
-6.375, -71.875, 4.246812005161753e-24, nan 
-6.125, -71.875, 5.274190905880328e-24, nan 
-5.875, -71.875, 4.469710544204197e-24, nan 
-5.625, -71.875, 5.599695721601047e-24, nan 
-17.125, -71.625, 1.2040808214830304e-24, nan 
-16.875, -71.625, 1.2334290018356696e-24, nan 
-16.625, -71.625, 1.5451605095039521e-24, nan 
-16.375, -71.625, 1.4470246051463144e-24, nan 
-16.125, -71.625, 1.4169307076899555e-24, nan 
-15.875, -71.625, 6.441752829141597e-25, nan 
-15.625, -71.625, 4.604215978433791e-25, nan 
-15.375, -71.625, 4.441351371664584e-25, nan 
-15.125, -71.625, 2.830903095655962e-25, nan 
-14.875, -71.625, 2.518526718584918e-25, nan 
-14.625, -71.625, 1.4899416532337782e-25, nan 
-14.375, -71.625, 1.1395632372501086e-25, nan 
-14.125, -71.625, 3.3489381008991865e-25, nan 
-13.875, -71.625, 6.040224358063894e-25, nan 
-13.625, -71.625, 1.1066200528707307e-24, nan 
-13.375, -71.625, 2.307768200871282e-24, nan 
-13.125, -71.625, 2.220682224253927e-24, nan 
-12.875, -71.625, 2.23279385885128e-24, nan 
-12.625, -71.625, 2.9764955767987317e-24, nan 
-12.375, -71.625, 2.927730045049373e-24, nan 
-12.125, -71.625, 2.3541204685892173e-24, nan 
-11.875, -71.625, 1.9624191123528743e-24, nan 
-11.625, -71.625, 2.1847892554895172e-24, nan 
-11.375, -71.625, 2.3266204392269672e-24, nan 
-11.125, -71.625, 1.810296865022961e-24, nan 
-10.875, -71.625, 1.6032259618568226e-24, nan 
-10.625, -71.625, 2.856494123493479e-24, nan 
-10.375, -71.625, 2.3284876556000257e-24, nan 
-10.125, -71.625, 2.390473542805838e-24, nan 
-9.875, -71.625, 1.1933574147600237e-24, nan 
-9.625, -71.625, 1.6199897962824818e-24, nan 
-9.375, -71.625, 1.44801101749419e-24, nan 
-9.125, -71.625, 1.2948417728390946e-24, nan 
-8.875, -71.625, 2.0587966342002754e-24, nan 
-8.625, -71.625, 2.204667347130796e-24, nan 
-8.375, -71.625, 2.326685307447051e-24, nan 
-8.125, -71.625, 1.8367889567013128e-24, nan 
-7.875, -71.625, 1.521821305615295e-24, nan 
-7.625, -71.625, 6.193168939607802e-25, nan 
-7.375, -71.625, 1.1035097086179979e-24, nan 
-7.125, -71.625, 2.356924734123686e-24, nan 
-6.875, -71.625, 2.2609669134283897e-24, nan 
-6.625, -71.625, 2.3800026091365775e-24, nan 
-6.375, -71.625, 2.630882322997831e-24, nan 
-6.125, -71.625, 1.595569108012049e-25, nan 
-5.875, -71.625, 4.7122825206666416e-26, nan 
-5.625, -71.625, 1.0774672303189257e-24, nan 
-5.375, -71.625, 3.583604523293723e-24, nan 
-5.125, -71.625, 2.275412845854963e-24, nan 
-17.125, -71.375, 8.85527095050119e-25, nan 
-16.875, -71.375, 1.1440308722561417e-24, nan 
-16.625, -71.375, 2.0786375651164068e-24, nan 
-16.375, -71.375, 2.1778494437454116e-24, nan 
-16.125, -71.375, 2.151525701490096e-24, nan 
-15.875, -71.375, 2.014296454239107e-24, nan 
-15.625, -71.375, 1.8282977252515626e-24, nan 
-15.375, -71.375, 1.8484849073988675e-24, nan 
-15.125, -71.375, 5.443094113672961e-25, nan 
-14.875, -71.375, 2.9110182886277627e-25, nan 
-14.625, -71.375, 2.420731729435049e-25, nan 
-14.375, -71.375, 6.167467960540923e-25, nan 
-14.125, -71.375, 8.808199444162153e-25, nan 
-13.875, -71.375, 7.656946946698232e-25, nan 
-13.625, -71.375, 9.870329650320892e-25, nan 
-13.375, -71.375, 1.2707227390619732e-24, nan 
-13.125, -71.375, 1.2053053415308722e-24, nan 
-12.875, -71.375, 7.301477812214404e-25, nan 
-12.625, -71.375, 2.1113689242295192e-24, nan 
-12.375, -71.375, 2.1325643176180194e-24, nan 
-12.125, -71.375, 2.206124157140861e-24, nan 
-11.875, -71.375, 2.5089971406164808e-24, nan 
-11.625, -71.375, 2.562575927707324e-24, nan 
-11.375, -71.375, 1.4367824367332975e-24, nan 
-11.125, -71.375, 2.1253662874497677e-24, nan 
-10.875, -71.375, 1.784495415060096e-24, nan 
-10.625, -71.375, 1.114886446418453e-24, nan 
-10.375, -71.375, 1.472980642324792e-24, nan 
-10.125, -71.375, 1.1216281019674936e-24, nan 
-9.875, -71.375, 1.6730120231511196e-25, nan 
-9.625, -71.375, 5.157052558334331e-25, nan 
-9.375, -71.375, 5.519511294913974e-25, nan 
-9.125, -71.375, 2.0796114573461104e-25, nan 
-8.875, -71.375, 2.390921823060703e-25, nan 
-8.625, -71.375, 2.5400847382935233e-25, nan 
-8.375, -71.375, 3.192045901571819e-25, nan 
-8.125, -71.375, 3.1476016118259167e-25, nan 
-7.875, -71.375, 1.8194974587512941e-25, nan 
-7.625, -71.375, 1.8257667648796884e-25, nan 
-7.375, -71.375, 3.807025787899181e-25, nan 
-7.125, -71.375, 1.2153270714785502e-24, nan 
-6.875, -71.375, 1.6402240618293094e-25, nan 
-6.625, -71.375, 7.089756787770632e-26, nan 
-6.375, -71.375, 6.480796898274351e-26, nan 
-6.125, -71.375, 7.733952789197525e-26, nan 
-5.875, -71.375, 9.761919314223118e-26, nan 
-5.625, -71.375, 8.852853784228499e-26, nan 
-5.375, -71.375, 8.2475278666087e-26, nan 
-5.125, -71.375, 1.1374287106663436e-25, nan 
-4.875, -71.375, 3.263456140058779e-25, nan 
-4.625, -71.375, 1.2276871858619875e-25, nan 
-17.125, -71.125, 6.4974062131975905e-25, nan 
-16.875, -71.125, 5.214330642022941e-24, nan 
-16.625, -71.125, 5.381691054405275e-24, nan 
-16.375, -71.125, 5.3998894494521084e-24, nan 
-16.125, -71.125, 2.942768553989508e-24, nan 
-15.875, -71.125, 2.9284028249037388e-24, nan 
-15.625, -71.125, 2.574157889067443e-24, nan 
-15.375, -71.125, 2.3092851909643026e-24, nan 
-15.125, -71.125, 1.7978426680898446e-24, nan 
-14.875, -71.125, 1.035734287956784e-24, nan 
-14.625, -71.125, 8.480124887497757e-25, nan 
-14.375, -71.125, 6.519639093401277e-25, nan 
-14.125, -71.125, 8.551281203869851e-25, nan 
-13.875, -71.125, 4.529617214340675e-25, nan 
-13.625, -71.125, 5.433953696221238e-25, nan 
-13.375, -71.125, 8.592028397693977e-25, nan 
-13.125, -71.125, 9.553730246283725e-25, nan 
-12.875, -71.125, 1.7678623200796665e-24, nan 
-12.625, -71.125, 8.902763944943994e-25, nan 
-12.375, -71.125, 9.470747138218583e-25, nan 
-12.125, -71.125, 2.4458619428838087e-24, nan 
-11.875, -71.125, 1.5323495485400516e-24, nan 
-11.625, -71.125, 1.48077289329176e-24, nan 
-11.375, -71.125, 1.4080343049424432e-24, nan 
-11.125, -71.125, 1.9455448750800277e-24, nan 
-10.875, -71.125, 1.5857529846761107e-24, nan 
-10.625, -71.125, 6.392899131711028e-25, nan 
-10.375, -71.125, 9.13110780407224e-25, nan 
-10.125, -71.125, 7.736877580498357e-25, nan 
-9.875, -71.125, 1.6716939155402587e-25, nan 
-9.625, -71.125, 1.1153255341084287e-25, nan 
-9.375, -71.125, 1.3797079333677423e-25, nan 
-9.125, -71.125, 1.3007324129839915e-25, nan 
-8.875, -71.125, 1.9363602978017244e-25, nan 
-8.625, -71.125, 3.1109244389096206e-25, nan 
-8.375, -71.125, 3.297037736021115e-25, nan 
-8.125, -71.125, 4.0803504012259996e-25, nan 
-7.875, -71.125, 2.9288473359431957e-25, nan 
-7.625, -71.125, 3.601589447231936e-25, nan 
-7.375, -71.125, 1.2908847277474187e-24, nan 
-7.125, -71.125, 3.942191274996856e-25, nan 
-6.875, -71.125, 1.4274234448008932e-25, nan 
-6.625, -71.125, 1.1060657963343062e-25, nan 
-6.375, -71.125, 1.2409118849719083e-25, nan 
-6.125, -71.125, 1.42533267512891e-25, nan 
-5.875, -71.125, 1.5394594426534805e-25, nan 
-5.625, -71.125, 2.4708402471750877e-25, nan 
-5.375, -71.125, 2.69972978903154e-25, nan 
-5.125, -71.125, 3.747733149731189e-25, nan 
-4.875, -71.125, 2.9342222650863696e-25, nan 
-4.625, -71.125, 2.3365196039276095e-25, nan 
-4.375, -71.125, 1.9608536395793304e-25, nan 
-17.125, -70.875, 8.533312911974661e-24, nan 
-16.875, -70.875, 8.361829619806722e-24, nan 
-16.625, -70.875, 8.064129150290313e-24, nan 
-16.375, -70.875, 8.072151532535981e-24, nan 
-16.125, -70.875, 5.046639524505281e-24, nan 
-15.875, -70.875, 3.1071847420580903e-24, nan 
-15.625, -70.875, 2.6921723188788406e-24, nan 
-15.375, -70.875, 2.076069496062657e-24, nan 
-15.125, -70.875, 1.5941258798227245e-24, nan 
-14.875, -70.875, 1.7890369552348286e-24, nan 
-14.625, -70.875, 2.09397384517543e-24, nan 
-14.375, -70.875, 1.4105757221277237e-24, nan 
-14.125, -70.875, 1.7093804377855707e-24, nan 
-13.875, -70.875, 1.0264487590110983e-24, nan 
-13.625, -70.875, 7.104205101013679e-25, nan 
-13.375, -70.875, 5.8243035338238025e-25, nan 
-13.125, -70.875, 3.587708777400963e-25, nan 
-12.875, -70.875, 1.748996839156413e-25, nan 
-12.625, -70.875, 3.5739220014048617e-25, nan 
-12.375, -70.875, 3.87675362408564e-25, nan 
-12.125, -70.875, 1.6903625561194952e-24, nan 
-11.875, -70.875, 8.882078134273306e-25, nan 
-11.625, -70.875, 9.705401105062735e-25, nan 
-11.375, -70.875, 1.4675976143190124e-24, nan 
-11.125, -70.875, 1.5359651026421348e-24, nan 
-10.875, -70.875, 1.3964559923887013e-24, nan 
-10.625, -70.875, 8.34291128549337e-25, nan 
-10.375, -70.875, 6.427150605754734e-25, nan 
-10.125, -70.875, 9.351510327343524e-25, nan 
-9.875, -70.875, 1.241262245017549e-24, nan 
-9.625, -70.875, 8.700298710381887e-25, nan 
-9.375, -70.875, 5.710849605442482e-25, nan 
-9.125, -70.875, 2.0207688211673344e-25, nan 
-8.875, -70.875, 4.865861309189184e-25, nan 
-8.625, -70.875, 8.646518989632583e-25, nan 
-8.375, -70.875, 9.608718232262179e-25, nan 
-8.125, -70.875, 2.0000654046466853e-24, nan 
-7.875, -70.875, 1.745217605102712e-24, nan 
-7.625, -70.875, 8.849406246330645e-25, nan 
-7.375, -70.875, 2.5473435442364826e-24, nan 
-7.125, -70.875, 7.089877017153072e-25, nan 
-6.875, -70.875, 1.2521531462445805e-24, nan 
-6.625, -70.875, 2.2200005357263756e-24, nan 
-6.375, -70.875, 1.6412053917571713e-24, nan 
-6.125, -70.875, 1.7632903893952014e-24, nan 
-5.875, -70.875, 1.9156498180306646e-24, nan 
-5.625, -70.875, 1.8132359669095786e-24, nan 
-5.375, -70.875, 1.6082158497958328e-24, nan 
-5.125, -70.875, 1.318117651947731e-24, nan 
-4.875, -70.875, 6.771640933164175e-25, nan 
-4.625, -70.875, 8.023719844660521e-25, nan 
-4.375, -70.875, 3.6849286324940975e-24, nan 
-4.125, -70.875, 1.1876629500304155e-24, nan 
-3.875, -70.875, 1.87772807810914e-24, nan 
-17.125, -70.625, 7.559074770740827e-24, nan 
-16.875, -70.625, 6.520638896920592e-24, nan 
-16.625, -70.625, 6.781149586952707e-24, nan 
-16.375, -70.625, 7.238422166128081e-24, nan 
-16.125, -70.625, 6.074791364779194e-24, nan 
-15.875, -70.625, 4.02681526626816e-24, nan 
-15.625, -70.625, 4.63489812194195e-24, nan 
-15.375, -70.625, 3.607614573578653e-24, nan 
-15.125, -70.625, 4.292770894731178e-24, nan 
-14.875, -70.625, 2.0382684624986765e-24, nan 
-14.625, -70.625, 3.021018085770106e-24, nan 
-14.375, -70.625, 1.7689784078956364e-24, nan 
-14.125, -70.625, 2.477818589084524e-24, nan 
-13.875, -70.625, 1.7915369265267054e-24, nan 
-13.625, -70.625, 1.6521681785382122e-24, nan 
-13.375, -70.625, 2.7757121158614386e-24, nan 
-13.125, -70.625, 1.7501414549941714e-24, nan 
-12.875, -70.625, 6.799998561905755e-25, nan 
-12.625, -70.625, 5.48681685274258e-25, nan 
-12.375, -70.625, 1.8471750424567493e-25, nan 
-12.125, -70.625, 1.584839411323137e-25, nan 
-11.875, -70.625, 4.0070040045159527e-25, nan 
-11.625, -70.625, 3.12020236399252e-25, nan 
-11.375, -70.625, 4.208156503944072e-25, nan 
-11.125, -70.625, 5.914805617567414e-25, nan 
-10.875, -70.625, 7.772877328736953e-25, nan 
-10.625, -70.625, 8.536413064758517e-25, nan 
-10.375, -70.625, 7.253147839241964e-25, nan 
-10.125, -70.625, 1.161321141934458e-24, nan 
-9.875, -70.625, 2.151780318805647e-24, nan 
-9.625, -70.625, 1.2095029416845258e-24, nan 
-9.375, -70.625, 8.032439958122605e-25, nan 
-9.125, -70.625, 1.8684420652886556e-24, nan 
-8.875, -70.625, 1.6700818865573385e-24, nan 
-8.625, -70.625, 1.5480184089899243e-24, nan 
-8.375, -70.625, 1.4954925694288874e-24, nan 
-8.125, -70.625, 2.9311685715632437e-24, nan 
-7.875, -70.625, 3.2999398373666514e-24, nan 
-7.625, -70.625, 1.8335046106938137e-24, nan 
-7.375, -70.625, 2.8704692594407543e-24, nan 
-7.125, -70.625, 2.6235900753839173e-24, nan 
-6.875, -70.625, 3.1495353049755e-24, nan 
-6.625, -70.625, 3.546651759329095e-24, nan 
-6.375, -70.625, 3.2851421011530606e-24, nan 
-6.125, -70.625, 3.22267594736903e-24, nan 
-5.875, -70.625, 3.529123876783542e-24, nan 
-5.625, -70.625, 3.529426806135258e-24, nan 
-5.375, -70.625, 3.739092971013399e-24, nan 
-5.125, -70.625, 3.187356104348389e-24, nan 
-4.875, -70.625, 2.467564308802332e-24, nan 
-4.625, -70.625, 2.483544185707383e-24, nan 
-4.375, -70.625, 2.416160196923001e-24, nan 
-4.125, -70.625, 2.40062819369564e-24, nan 
-3.875, -70.625, 3.043682199055148e-24, nan 
-3.625, -70.625, 4.668359750103457e-24, nan 
-16.875, -70.375, 4.5639837331340925e-24, nan 
-16.625, -70.375, 3.9866348446233484e-24, nan 
-16.375, -70.375, 5.0133465739838575e-24, nan 
-16.125, -70.375, 4.980683084203414e-24, nan 
-15.875, -70.375, 5.236565317212809e-24, nan 
-15.625, -70.375, 1.95636129606538e-24, nan 
-15.375, -70.375, 3.770809401970233e-24, nan 
-15.125, -70.375, 7.278917365467488e-24, nan 
-14.875, -70.375, 2.3040184839656337e-24, nan 
-14.625, -70.375, 3.308408102817652e-24, nan 
-14.375, -70.375, 4.513640027912861e-24, nan 
-14.125, -70.375, 3.3805500225854554e-24, nan 
-13.875, -70.375, 5.9481682391382855e-24, nan 
-13.625, -70.375, 5.128294654070663e-24, nan 
-13.375, -70.375, 4.8450900767939785e-24, nan 
-13.125, -70.375, 3.809499106796108e-24, nan 
-12.875, -70.375, 2.988714411588938e-24, nan 
-12.625, -70.375, 2.7913825050597277e-24, nan 
-12.375, -70.375, 1.4633473417382052e-24, nan 
-12.125, -70.375, 4.353599351505116e-25, nan 
-11.875, -70.375, 1.0526760696123932e-24, nan 
-11.625, -70.375, 9.036359677275604e-25, nan 
-11.375, -70.375, 9.494988589379138e-25, nan 
-11.125, -70.375, 9.924912687328202e-25, nan 
-10.875, -70.375, 5.103705826519592e-25, nan 
-10.625, -70.375, 8.87969884537122e-25, nan 
-10.375, -70.375, 9.040339680480615e-25, nan 
-10.125, -70.375, 6.2008274923054025e-25, nan 
-9.875, -70.375, 9.366323832738692e-25, nan 
-9.625, -70.375, 9.91320404417414e-25, nan 
-9.375, -70.375, 1.3309518816738585e-24, nan 
-9.125, -70.375, 1.374023890644747e-24, nan 
-8.875, -70.375, 6.46186610049463e-25, nan 
-8.625, -70.375, 4.055538524038307e-25, nan 
-8.375, -70.375, 7.106513457805403e-25, nan 
-8.125, -70.375, 1.197335096439799e-24, nan 
-7.875, -70.375, 1.4160416531131545e-24, nan 
-7.625, -70.375, 9.369783238613289e-25, nan 
-7.375, -70.375, 1.6084141249640444e-24, nan 
-7.125, -70.375, 1.3326003655097408e-24, nan 
-6.875, -70.375, 2.587757993168685e-24, nan 
-6.625, -70.375, 3.0382166039142845e-24, nan 
-6.375, -70.375, 2.7968393896519377e-24, nan 
-6.125, -70.375, 2.8647095527978947e-24, nan 
-5.875, -70.375, 2.906066996597353e-24, nan 
-5.625, -70.375, 2.7784790125941964e-24, nan 
-5.375, -70.375, 2.543772256051934e-24, nan 
-5.125, -70.375, 2.1939493679546992e-24, nan 
-4.875, -70.375, 1.8215705028274538e-24, nan 
-4.625, -70.375, 9.829257755179197e-25, nan 
-4.375, -70.375, 2.886851183845796e-25, nan 
-4.125, -70.375, 4.278951873274996e-25, nan 
-3.875, -70.375, 2.091775531927521e-25, nan 
-3.625, -70.375, 1.3582387972543586e-24, nan 
-3.375, -70.375, 2.4552367046842414e-24, nan 
-16.875, -70.125, 1.1782282222378433e-24, nan 
-16.625, -70.125, 1.323003237284148e-24, nan 
-16.375, -70.125, 1.6075736184048869e-24, nan 
-16.125, -70.125, 3.1126720618848243e-24, nan 
-15.875, -70.125, 3.465685751280523e-24, nan 
-15.625, -70.125, 2.3494103422521696e-24, nan 
-15.375, -70.125, 4.002693031677643e-24, nan 
-15.125, -70.125, 3.824947173928773e-24, nan 
-14.875, -70.125, 2.4616867337085302e-24, nan 
-14.625, -70.125, 2.7428116372831582e-24, nan 
-14.375, -70.125, 3.3648686048944344e-24, nan 
-14.125, -70.125, 3.7556810925482216e-24, nan 
-13.875, -70.125, 6.77127869712347e-24, nan 
-13.625, -70.125, 6.72955516848846e-24, nan 
-13.375, -70.125, 6.432000443237908e-24, nan 
-13.125, -70.125, 6.003320354979016e-24, nan 
-12.875, -70.125, 5.494652589916639e-24, nan 
-12.625, -70.125, 5.1064535491590564e-24, nan 
-12.375, -70.125, 4.126270308594734e-24, nan 
-12.125, -70.125, 1.9870610028202294e-24, nan 
-11.875, -70.125, 3.451746127158458e-25, nan 
-11.625, -70.125, 1.3562360428225257e-24, nan 
-11.375, -70.125, 6.071062384611241e-25, nan 
-11.125, -70.125, 6.844763675527645e-25, nan 
-10.875, -70.125, 6.731921930156816e-25, nan 
-10.625, -70.125, 8.180480478163687e-25, nan 
-10.375, -70.125, 1.2259632422281125e-24, nan 
-10.125, -70.125, 9.820542729023676e-25, nan 
-9.875, -70.125, 9.038555936282333e-25, nan 
-9.625, -70.125, 1.4107609615279571e-24, nan 
-9.375, -70.125, 1.7084044416097818e-24, nan 
-9.125, -70.125, 1.4902371314417287e-24, nan 
-8.875, -70.125, 1.4809055349753194e-24, nan 
-8.625, -70.125, 1.7996395099768805e-24, nan 
-8.375, -70.125, 1.2750911719703013e-24, nan 
-8.125, -70.125, 1.0502294350025188e-24, nan 
-7.875, -70.125, 1.4579185140976583e-24, nan 
-7.625, -70.125, 1.4492249909300284e-24, nan 
-7.375, -70.125, 2.617913615142327e-24, nan 
-7.125, -70.125, 1.7023577456823138e-24, nan 
-6.875, -70.125, 1.1683206018740486e-24, nan 
-6.625, -70.125, 1.6447221779645206e-24, nan 
-6.375, -70.125, 1.4973688236800701e-24, nan 
-6.125, -70.125, 1.3978871345315995e-24, nan 
-5.875, -70.125, 1.3018737125071634e-24, nan 
-5.625, -70.125, 1.496425183750865e-24, nan 
-5.375, -70.125, 1.6962240485919575e-24, nan 
-5.125, -70.125, 1.3881080068416804e-24, nan 
-4.875, -70.125, 1.9461902776646106e-24, nan 
-4.625, -70.125, 1.6513095644095945e-24, nan 
-4.375, -70.125, 8.328394659974725e-25, nan 
-4.125, -70.125, 9.867076314509045e-25, nan 
-3.875, -70.125, 1.3420123006733866e-24, nan 
-3.625, -70.125, 1.6304534791374353e-24, nan 
-3.375, -70.125, 1.584133920336498e-24, nan 
-3.125, -70.125, 8.2479996874547825e-25, nan 
-2.875, -70.125, 4.580665789192852e-25, nan 
-16.875, -69.875, 4.85513460152714e-25, nan 
-16.625, -69.875, 5.147249307192638e-25, nan 
-16.375, -69.875, 3.451469877495296e-24, nan 
-16.125, -69.875, 3.90181439637358e-24, nan 
-15.875, -69.875, 4.259208365071837e-24, nan 
-15.625, -69.875, 4.9193987733075344e-24, nan 
-15.375, -69.875, 6.269788044987381e-24, nan 
-15.125, -69.875, 6.5088998622897704e-24, nan 
-14.875, -69.875, 5.3182252271280495e-24, nan 
-14.625, -69.875, 5.898379657499831e-24, nan 
-14.375, -69.875, 5.5130774663451916e-24, nan 
-14.125, -69.875, 3.854765392913066e-24, nan 
-13.875, -69.875, 3.1023222187866948e-24, nan 
-13.625, -69.875, 5.123699480636716e-24, nan 
-13.375, -69.875, 6.686154952857887e-24, nan 
-13.125, -69.875, 8.45283672818229e-24, nan 
-12.875, -69.875, 6.705003749522454e-24, nan 
-12.625, -69.875, 6.4232756635201665e-24, nan 
-12.375, -69.875, 6.674097909646928e-24, nan 
-12.125, -69.875, 4.1698836762966406e-24, nan 
-11.875, -69.875, 1.5295322938129207e-24, nan 
-11.625, -69.875, 1.0497583903518115e-24, nan 
-11.375, -69.875, 3.1150339176453074e-25, nan 
-11.125, -69.875, 5.260785380461436e-25, nan 
-10.875, -69.875, 4.554171780153369e-25, nan 
-10.625, -69.875, 7.102580103928835e-25, nan 
-10.375, -69.875, 1.0124692902395081e-24, nan 
-10.125, -69.875, 1.0208396364053729e-24, nan 
-9.875, -69.875, 9.85933810370963e-25, nan 
-9.625, -69.875, 7.977507029985902e-25, nan 
-9.375, -69.875, 9.60415201159508e-25, nan 
-9.125, -69.875, 9.129553838597945e-25, nan 
-8.875, -69.875, 1.6067412215055118e-24, nan 
-8.625, -69.875, 1.790054589175542e-24, nan 
-8.375, -69.875, 1.5174354715644037e-24, nan 
-8.125, -69.875, 2.882624649954476e-24, nan 
-7.875, -69.875, 1.8274768050356467e-24, nan 
-7.625, -69.875, 1.6024780787947556e-24, nan 
-7.375, -69.875, 3.3165147315657896e-24, nan 
-7.125, -69.875, 1.8154986295502923e-24, nan 
-6.875, -69.875, 1.2750445584415618e-24, nan 
-6.625, -69.875, 1.296853603263635e-24, nan 
-6.375, -69.875, 1.3254816613123787e-24, nan 
-6.125, -69.875, 1.0949547988636871e-24, nan 
-5.875, -69.875, 1.5718690020309973e-24, nan 
-5.625, -69.875, 1.996686898792171e-24, nan 
-5.375, -69.875, 1.5870173032254093e-24, nan 
-5.125, -69.875, 1.6791369483183437e-24, nan 
-4.875, -69.875, 2.6178061461222083e-24, nan 
-4.625, -69.875, 1.0892540624951113e-24, nan 
-4.375, -69.875, 1.6103366182858042e-24, nan 
-4.125, -69.875, 3.1454771173649963e-24, nan 
-3.875, -69.875, 1.7358808532247196e-24, nan 
-3.625, -69.875, 1.975156248404914e-24, nan 
-3.375, -69.875, 2.10613168761442e-24, nan 
-3.125, -69.875, 1.3672861648886061e-24, nan 
-2.875, -69.875, 1.285352491741039e-24, nan 
-2.625, -69.875, 1.4637412448001752e-24, nan 
-16.875, -69.625, 3.340381106992181e-24, nan 
-16.625, -69.625, 6.354375895069146e-24, nan 
-16.375, -69.625, 5.861067063679207e-24, nan 
-16.125, -69.625, 6.4628260897275996e-24, nan 
-15.875, -69.625, 6.705986701164196e-24, nan 
-15.625, -69.625, 5.739848646471538e-24, nan 
-15.375, -69.625, 6.148073585104465e-24, nan 
-15.125, -69.625, 6.036089236697396e-24, nan 
-14.875, -69.625, 5.036146413148996e-24, nan 
-14.625, -69.625, 5.258385380058593e-24, nan 
-14.375, -69.625, 5.2147989322652664e-24, nan 
-14.125, -69.625, 9.120504994407682e-24, nan 
-13.875, -69.625, 1.0433647882839415e-23, nan 
-13.625, -69.625, 9.50425497794003e-24, nan 
-13.375, -69.625, 8.092805837612475e-24, nan 
-13.125, -69.625, 9.10111281077489e-24, nan 
-12.875, -69.625, 8.001850423215551e-24, nan 
-12.625, -69.625, 6.135036493826571e-24, nan 
-12.375, -69.625, 2.4115221590822407e-24, nan 
-12.125, -69.625, 1.882468722192117e-24, nan 
-11.875, -69.625, 8.378011533065522e-25, nan 
-11.625, -69.625, 5.421675990743523e-25, nan 
-11.375, -69.625, 4.7804036687252805e-25, nan 
-11.125, -69.625, 5.833892270014827e-25, nan 
-10.875, -69.625, 5.7516057777705285e-25, nan 
-10.625, -69.625, 6.599683343111424e-25, nan 
-10.375, -69.625, 8.020134176948492e-25, nan 
-10.125, -69.625, 9.506126676741434e-25, nan 
-9.875, -69.625, 1.0436804053431822e-24, nan 
-9.625, -69.625, 1.2286460963142298e-24, nan 
-9.375, -69.625, 1.488606007568845e-24, nan 
-9.125, -69.625, 1.369584280266098e-24, nan 
-8.875, -69.625, 1.3039105145019905e-24, nan 
-8.625, -69.625, 9.982524531965748e-25, nan 
-8.375, -69.625, 1.347697633648739e-24, nan 
-8.125, -69.625, 1.8825451280894443e-24, nan 
-7.875, -69.625, 1.2294070012023575e-24, nan 
-7.625, -69.625, 1.1890457265881028e-24, nan 
-7.375, -69.625, 7.071296270019839e-25, nan 
-7.125, -69.625, 1.1156065447219289e-24, nan 
-6.875, -69.625, 9.358348486690025e-25, nan 
-6.625, -69.625, 6.73594137528529e-25, nan 
-6.375, -69.625, 5.462923476283197e-25, nan 
-6.125, -69.625, 6.257680007867321e-25, nan 
-5.875, -69.625, 1.0783644988057893e-24, nan 
-5.625, -69.625, 1.2786287828230115e-24, nan 
-5.375, -69.625, 9.850525436702321e-25, nan 
-5.125, -69.625, 9.473971975774234e-25, nan 
-4.875, -69.625, 2.6044473999727957e-25, nan 
-4.625, -69.625, 6.2538375530163515e-25, nan 
-4.375, -69.625, 1.2801728353604315e-24, nan 
-4.125, -69.625, 2.191957561870462e-24, nan 
-3.875, -69.625, 1.3904994607114787e-24, nan 
-3.625, -69.625, 1.1208351839186436e-24, nan 
-3.375, -69.625, 1.2135166493042102e-24, nan 
-3.125, -69.625, 1.4850504839077918e-24, nan 
-2.875, -69.625, 1.5286669130508539e-24, nan 
-2.625, -69.625, 1.4209551827261006e-24, nan 
-2.375, -69.625, 1.2426771229444954e-24, nan 
-16.625, -69.375, 7.736563868907884e-24, nan 
-16.375, -69.375, 8.031672705242684e-24, nan 
-16.125, -69.375, 1.0146442053112979e-23, nan 
-15.875, -69.375, 7.382638356245232e-24, nan 
-15.625, -69.375, 6.299418011378646e-24, nan 
-15.375, -69.375, 7.926851680438126e-24, nan 
-15.125, -69.375, 8.330465903789756e-24, nan 
-14.875, -69.375, 1.0834117807607573e-23, nan 
-14.625, -69.375, 1.0817954942578203e-23, nan 
-14.375, -69.375, 9.990711905964416e-24, nan 
-14.125, -69.375, 1.092913289127357e-23, nan 
-13.875, -69.375, 1.045791879316119e-23, nan 
-13.625, -69.375, 9.323958320045846e-24, nan 
-13.375, -69.375, 6.580497164791137e-24, nan 
-13.125, -69.375, 4.599912526300591e-24, nan 
-12.875, -69.375, 4.277196115256852e-24, nan 
-12.625, -69.375, 4.3191985391800465e-24, nan 
-12.375, -69.375, 3.832210725767621e-24, nan 
-12.125, -69.375, 1.2983056452940979e-24, nan 
-11.875, -69.375, 1.994585786160361e-24, nan 
-11.625, -69.375, 2.230695434560414e-24, nan 
-11.375, -69.375, 1.5725505759195005e-24, nan 
-11.125, -69.375, 1.2730507870170811e-24, nan 
-10.875, -69.375, 1.884087960738809e-24, nan 
-10.625, -69.375, 1.5209029925464965e-24, nan 
-10.375, -69.375, 1.3471977232587891e-24, nan 
-10.125, -69.375, 1.7497870878549596e-24, nan 
-9.875, -69.375, 1.609926702272712e-24, nan 
-9.625, -69.375, 1.5892485325856888e-24, nan 
-9.375, -69.375, 1.9427008587914817e-24, nan 
-9.125, -69.375, 1.5889423188055478e-24, nan 
-8.875, -69.375, 1.0761830510444742e-24, nan 
-8.625, -69.375, 9.578183002119967e-25, nan 
-8.375, -69.375, 1.7585537517512712e-24, nan 
-8.125, -69.375, 1.8265141904825027e-24, nan 
-7.875, -69.375, 1.2366762871509139e-24, nan 
-7.625, -69.375, 4.309367794437615e-25, nan 
-7.375, -69.375, 5.47212053907218e-25, nan 
-7.125, -69.375, 5.65685984321165e-25, nan 
-6.875, -69.375, 3.9338311671965737e-25, nan 
-6.625, -69.375, 3.830247309564632e-25, nan 
-6.375, -69.375, 4.699215287054588e-25, nan 
-6.125, -69.375, 3.7063278948838236e-25, nan 
-5.875, -69.375, 5.285809681805895e-25, nan 
-5.625, -69.375, 4.304009893507396e-25, nan 
-5.375, -69.375, 3.1017632773374442e-25, nan 
-5.125, -69.375, 4.917085780110349e-25, nan 
-4.875, -69.375, 5.299870426821785e-25, nan 
-4.625, -69.375, 8.890583496103754e-25, nan 
-4.375, -69.375, 1.0816740768214025e-24, nan 
-4.125, -69.375, 9.849160106197924e-25, nan 
-3.875, -69.375, 1.4074062068700169e-24, nan 
-3.625, -69.375, 2.225336335822997e-24, nan 
-3.375, -69.375, 1.5718479462646775e-24, nan 
-3.125, -69.375, 1.6348580338859481e-24, nan 
-2.875, -69.375, 2.1057819030761418e-24, nan 
-2.625, -69.375, 1.3767086516082271e-24, nan 
-2.375, -69.375, 1.0841149228171643e-24, nan 
-2.125, -69.375, 8.537981874276143e-25, nan 
-16.625, -69.125, 8.8453388642138e-24, nan 
-16.375, -69.125, 9.439154563088034e-24, nan 
-16.125, -69.125, 8.591490267488978e-24, nan 
-15.875, -69.125, 8.567744504537241e-24, nan 
-15.625, -69.125, 7.016856915375874e-24, nan 
-15.375, -69.125, 9.223344578102302e-24, nan 
-15.125, -69.125, 9.899007254901556e-24, nan 
-14.875, -69.125, 1.0081702280551892e-23, nan 
-14.625, -69.125, 8.822389101707538e-24, nan 
-14.375, -69.125, 8.515698860483894e-24, nan 
-14.125, -69.125, 5.4986156288456595e-24, nan 
-13.875, -69.125, 3.4828441067255125e-24, nan 
-13.625, -69.125, 3.2906253896075334e-24, nan 
-13.375, -69.125, 5.683053266118853e-24, nan 
-13.125, -69.125, 4.460722034787424e-24, nan 
-12.875, -69.125, 2.9759253017439326e-24, nan 
-12.625, -69.125, 1.307786305333585e-24, nan 
-12.375, -69.125, 1.4925237535170434e-24, nan 
-12.125, -69.125, 9.351259474276956e-25, nan 
-11.875, -69.125, 1.630006089428572e-24, nan 
-11.625, -69.125, 1.6667479573733945e-24, nan 
-11.375, -69.125, 1.4422534899933401e-24, nan 
-11.125, -69.125, 1.7954736969747125e-24, nan 
-10.875, -69.125, 1.9992277578363435e-24, nan 
-10.625, -69.125, 1.4065288101817373e-24, nan 
-10.375, -69.125, 1.4004995801691016e-24, nan 
-10.125, -69.125, 1.2626258146665935e-24, nan 
-9.875, -69.125, 1.0108354613904815e-24, nan 
-9.625, -69.125, 1.3219311249584186e-24, nan 
-9.375, -69.125, 1.1926161181298462e-24, nan 
-9.125, -69.125, 1.6028381918227696e-24, nan 
-8.875, -69.125, 1.2843552995854256e-24, nan 
-8.625, -69.125, 1.3602778933747437e-24, nan 
-8.375, -69.125, 2.9461304122970725e-24, nan 
-8.125, -69.125, 3.3413476496172694e-24, nan 
-7.875, -69.125, 2.326487045146764e-24, nan 
-7.625, -69.125, 1.874163930726676e-24, nan 
-7.375, -69.125, 1.8227656973550878e-24, nan 
-7.125, -69.125, 1.2816487950746947e-24, nan 
-6.875, -69.125, 6.900022586166481e-25, nan 
-6.625, -69.125, 5.793937090615441e-25, nan 
-6.375, -69.125, 9.01221712119637e-25, nan 
-6.125, -69.125, 1.0424356822190904e-24, nan 
-5.875, -69.125, 8.513285891395909e-25, nan 
-5.625, -69.125, 1.0113842103798754e-24, nan 
-5.375, -69.125, 8.854816947446291e-25, nan 
-5.125, -69.125, 9.752265602730154e-25, nan 
-4.875, -69.125, 9.759922392806496e-25, nan 
-4.625, -69.125, 1.660587686496639e-24, nan 
-4.375, -69.125, 1.8578658562524152e-24, nan 
-4.125, -69.125, 9.003356779657844e-25, nan 
-3.875, -69.125, 1.3848659239251999e-24, nan 
-3.625, -69.125, 1.9933645224797123e-24, nan 
-3.375, -69.125, 2.217813500720884e-24, nan 
-3.125, -69.125, 1.5977308364923576e-24, nan 
-2.875, -69.125, 1.4697291484537062e-24, nan 
-2.625, -69.125, 1.9963540534459697e-24, nan 
-2.375, -69.125, 1.5119432812127134e-24, nan 
-2.125, -69.125, 1.0550775440735897e-24, nan 
-1.875, -69.125, 8.526645573776648e-25, nan 
-16.625, -68.875, 4.944241771864604e-24, nan 
-16.375, -68.875, 6.46367196655729e-24, nan 
-16.125, -68.875, 5.277690173895318e-24, nan 
-15.875, -68.875, 6.1285962650923865e-24, nan 
-15.625, -68.875, 7.290288077510093e-24, nan 
-15.375, -68.875, 5.980333097753439e-24, nan 
-15.125, -68.875, 7.540411479037674e-24, nan 
-14.875, -68.875, 9.549458728701033e-24, nan 
-14.625, -68.875, 7.385775655564864e-24, nan 
-14.375, -68.875, 5.4934579662021386e-24, nan 
-14.125, -68.875, 7.142646322266499e-24, nan 
-13.875, -68.875, 7.234150404670588e-24, nan 
-13.625, -68.875, 6.3161552179751205e-24, nan 
-13.375, -68.875, 6.677518387525128e-24, nan 
-13.125, -68.875, 8.084391059587162e-24, nan 
-12.875, -68.875, 7.848268954284798e-24, nan 
-12.625, -68.875, 4.844690112333883e-24, nan 
-12.375, -68.875, 2.3958676226750837e-24, nan 
-12.125, -68.875, 2.10855468279025e-24, nan 
-11.875, -68.875, 1.663671757255735e-24, nan 
-11.625, -68.875, 2.069991261568256e-24, nan 
-11.375, -68.875, 8.236231615022774e-25, nan 
-11.125, -68.875, 1.423296196457369e-24, nan 
-10.875, -68.875, 1.7240241484409395e-24, nan 
-10.625, -68.875, 1.0474209415617496e-24, nan 
-10.375, -68.875, 1.0785627340295681e-24, nan 
-10.125, -68.875, 1.2368569698509822e-24, nan 
-9.875, -68.875, 1.0322107641522828e-24, nan 
-9.625, -68.875, 9.92555245754716e-25, nan 
-9.375, -68.875, 1.7949644350082593e-24, nan 
-9.125, -68.875, 1.281690336821162e-24, nan 
-8.875, -68.875, 1.864674705553528e-24, nan 
-8.625, -68.875, 3.703126437376092e-24, nan 
-8.375, -68.875, 2.29124430774362e-24, nan 
-8.125, -68.875, 2.214589510983033e-24, nan 
-7.875, -68.875, 2.849396225377397e-24, nan 
-7.625, -68.875, 1.5159516615161774e-24, nan 
-7.375, -68.875, 7.226048441039586e-25, nan 
-7.125, -68.875, 8.327590326221277e-25, nan 
-6.875, -68.875, 8.459112956228518e-25, nan 
-6.625, -68.875, 6.782146007243827e-25, nan 
-6.375, -68.875, 9.770110943829867e-25, nan 
-6.125, -68.875, 1.308804801101415e-24, nan 
-5.875, -68.875, 1.450338981896653e-24, nan 
-5.625, -68.875, 1.3852507918065809e-24, nan 
-5.375, -68.875, 1.4410192664927313e-24, nan 
-5.125, -68.875, 1.120701075770263e-24, nan 
-4.875, -68.875, 1.5113565961812188e-24, nan 
-4.625, -68.875, 1.704572025626811e-24, nan 
-4.375, -68.875, 1.5456159256219926e-24, nan 
-4.125, -68.875, 1.0744542691142058e-24, nan 
-3.875, -68.875, 1.2660625925598197e-24, nan 
-3.625, -68.875, 1.5361804782045878e-24, nan 
-3.375, -68.875, 1.8312734391088627e-24, nan 
-3.125, -68.875, 1.6370893253993478e-24, nan 
-2.875, -68.875, 1.2449494884845763e-24, nan 
-2.625, -68.875, 1.474615367320413e-24, nan 
-2.375, -68.875, 1.389409939988904e-24, nan 
-2.125, -68.875, 1.0757812224081697e-24, nan 
-1.875, -68.875, 9.282426621276066e-25, nan 
-1.625, -68.875, 7.687929786372148e-25, nan 
-16.375, -68.625, 2.7818660687320917e-24, nan 
-16.125, -68.625, 2.973810998330966e-24, nan 
-15.875, -68.625, 3.822325091779057e-24, nan 
-15.625, -68.625, 8.346318414006418e-24, nan 
-15.375, -68.625, 9.16371496489488e-24, nan 
-15.125, -68.625, 5.044824261871702e-24, nan 
-14.875, -68.625, 7.795202189869128e-24, nan 
-14.625, -68.625, 9.549377643338343e-24, nan 
-14.375, -68.625, 4.3255862186395585e-24, nan 
-14.125, -68.625, 1.9749267740148636e-24, nan 
-13.875, -68.625, 5.511731054905929e-25, nan 
-13.625, -68.625, 4.4701198826956e-24, nan 
-13.375, -68.625, 8.869066156767643e-24, nan 
-13.125, -68.625, 9.417828445872004e-24, nan 
-12.875, -68.625, 7.36262637094567e-24, nan 
-12.625, -68.625, 8.495992243652582e-24, nan 
-12.375, -68.625, 7.279597642999413e-24, nan 
-12.125, -68.625, 2.887946141093463e-24, nan 
-11.875, -68.625, 2.0084889731476766e-24, nan 
-11.625, -68.625, 1.5878231699007316e-24, nan 
-11.375, -68.625, 7.016331072440609e-25, nan 
-11.125, -68.625, 8.716161589491004e-25, nan 
-10.875, -68.625, 1.2521423383663922e-24, nan 
-10.625, -68.625, 7.611722175342735e-25, nan 
-10.375, -68.625, 1.1972200707024875e-24, nan 
-10.125, -68.625, 9.564912374164387e-25, nan 
-9.875, -68.625, 9.089988281558651e-25, nan 
-9.625, -68.625, 9.43014031239519e-25, nan 
-9.375, -68.625, 1.0017699128869643e-24, nan 
-9.125, -68.625, 8.518372387587277e-25, nan 
-8.875, -68.625, 1.4128412362810316e-24, nan 
-8.625, -68.625, 2.417116465954587e-24, nan 
-8.375, -68.625, 1.6143996178957378e-24, nan 
-8.125, -68.625, 1.0314756809048066e-24, nan 
-7.875, -68.625, 1.1285644724730816e-24, nan 
-7.625, -68.625, 7.394798736714628e-25, nan 
-7.375, -68.625, 1.0174192104583286e-24, nan 
-7.125, -68.625, 1.2005752675615993e-24, nan 
-6.875, -68.625, 7.769496102572639e-25, nan 
-6.625, -68.625, 1.0181653352994659e-24, nan 
-6.375, -68.625, 4.961954002838542e-25, nan 
-6.125, -68.625, 8.492146905108391e-25, nan 
-5.875, -68.625, 2.160254315597584e-24, nan 
-5.625, -68.625, 1.7848686281528925e-24, nan 
-5.375, -68.625, 1.9769168599560287e-24, nan 
-5.125, -68.625, 1.489679392514411e-24, nan 
-4.875, -68.625, 1.5530543989212402e-24, nan 
-4.625, -68.625, 1.5131970322937994e-24, nan 
-4.375, -68.625, 9.937421371334294e-25, nan 
-4.125, -68.625, 1.498055891481897e-24, nan 
-3.875, -68.625, 2.052667813724544e-24, nan 
-3.625, -68.625, 1.1080957758471915e-24, nan 
-3.375, -68.625, 1.518900835359691e-24, nan 
-3.125, -68.625, 1.5816932343436404e-24, nan 
-2.875, -68.625, 1.1599510566263716e-24, nan 
-2.625, -68.625, 1.3257018150036471e-24, nan 
-2.375, -68.625, 1.2833891923081742e-24, nan 
-2.125, -68.625, 1.0969859139129145e-24, nan 
-1.875, -68.625, 9.548846076286136e-25, nan 
-1.625, -68.625, 1.131433402606331e-24, nan 
-1.375, -68.625, 7.8945462696158295e-25, nan 
-16.375, -68.375, 1.8939006192287167e-24, nan 
-16.125, -68.375, 1.6298633126864788e-24, nan 
-15.875, -68.375, 3.928930802618433e-24, nan 
-15.625, -68.375, 5.098104564641331e-24, nan 
-15.375, -68.375, 6.9209181149453e-24, nan 
-15.125, -68.375, 6.524024265049474e-24, nan 
-14.875, -68.375, 7.737657660142162e-24, nan 
-14.625, -68.375, 9.913291020731095e-24, nan 
-14.375, -68.375, 6.830771438944882e-24, nan 
-14.125, -68.375, 4.178404991991608e-24, nan 
-13.875, -68.375, 4.507753647517664e-24, nan 
-13.625, -68.375, 8.082171262142175e-24, nan 
-13.375, -68.375, 9.398901944766186e-24, nan 
-13.125, -68.375, 6.925479322980299e-24, nan 
-12.875, -68.375, 7.475598078570618e-24, nan 
-12.625, -68.375, 6.756531455231811e-24, nan 
-12.375, -68.375, 4.289432428176388e-24, nan 
-12.125, -68.375, 9.587230933146548e-25, nan 
-11.875, -68.375, 7.551208098812302e-25, nan 
-11.625, -68.375, 8.985240253442974e-25, nan 
-11.375, -68.375, 7.326798956767627e-25, nan 
-11.125, -68.375, 1.7760532822071185e-24, nan 
-10.875, -68.375, 1.6930329892519057e-24, nan 
-10.625, -68.375, 1.179698125025925e-24, nan 
-10.375, -68.375, 1.5554145460520715e-24, nan 
-10.125, -68.375, 1.2823447539002185e-24, nan 
-9.875, -68.375, 1.3533369903456172e-24, nan 
-9.625, -68.375, 9.16051925474239e-25, nan 
-9.375, -68.375, 8.266941959431396e-25, nan 
-9.125, -68.375, 1.0866782250887686e-24, nan 
-8.875, -68.375, 7.817752908350993e-25, nan 
-8.625, -68.375, 9.894022850706096e-25, nan 
-8.375, -68.375, 1.103700086318146e-24, nan 
-8.125, -68.375, 1.4163799640660114e-24, nan 
-7.875, -68.375, 1.4476087766641062e-24, nan 
-7.625, -68.375, 1.2897831352484839e-24, nan 
-7.375, -68.375, 1.0645214901511722e-24, nan 
-7.125, -68.375, 1.188253189914696e-24, nan 
-6.875, -68.375, 9.678160764902466e-25, nan 
-6.625, -68.375, 1.5827575708460152e-24, nan 
-6.375, -68.375, 1.3944170477615874e-24, nan 
-6.125, -68.375, 1.4778850870646386e-24, nan 
-5.875, -68.375, 2.3251319564119793e-24, nan 
-5.625, -68.375, 2.2969477319116912e-24, nan 
-5.375, -68.375, 2.647973705515831e-24, nan 
-5.125, -68.375, 2.5168707837826006e-24, nan 
-4.875, -68.375, 2.5852517431222604e-24, nan 
-4.625, -68.375, 2.7633480330637285e-24, nan 
-4.375, -68.375, 1.866799186670423e-24, nan 
-4.125, -68.375, 2.702414368935459e-24, nan 
-3.875, -68.375, 3.623991100338774e-24, nan 
-3.625, -68.375, 1.0820508299876141e-24, nan 
-3.375, -68.375, 2.1197530626499964e-24, nan 
-3.125, -68.375, 2.741125516200825e-24, nan 
-2.875, -68.375, 9.740765107963554e-25, nan 
-2.625, -68.375, 1.800976846074216e-24, nan 
-2.375, -68.375, 1.2919475655948071e-24, nan 
-2.125, -68.375, 1.3381763800199318e-24, nan 
-1.875, -68.375, 1.4289123264204545e-24, nan 
-1.625, -68.375, 1.2475709569822503e-24, nan 
-1.375, -68.375, 1.3078189382367036e-24, nan 
-1.125, -68.375, 8.59691723579104e-25, nan 
-16.375, -68.125, 2.1226935980041912e-24, nan 
-16.125, -68.125, 1.2943488335738343e-24, nan 
-15.875, -68.125, 1.1534651748922334e-24, nan 
-15.625, -68.125, 1.81798595748542e-24, nan 
-15.375, -68.125, 1.0713001929644687e-24, nan 
-15.125, -68.125, 4.3915641868963704e-24, nan 
-14.875, -68.125, 7.065490238701518e-24, nan 
-14.625, -68.125, 8.015676692109758e-24, nan 
-14.375, -68.125, 6.213818529990861e-24, nan 
-14.125, -68.125, 7.035378525414373e-24, nan 
-13.875, -68.125, 6.414880292315394e-24, nan 
-13.625, -68.125, 5.408589331909181e-24, nan 
-13.375, -68.125, 7.529236100214822e-24, nan 
-13.125, -68.125, 6.101845508791683e-24, nan 
-12.875, -68.125, 1.7620706183077777e-24, nan 
-12.625, -68.125, 1.1971555025347196e-24, nan 
-12.375, -68.125, 1.1367022246238493e-24, nan 
-12.125, -68.125, 4.401372567549319e-25, nan 
-11.875, -68.125, 6.171123110223036e-25, nan 
-11.625, -68.125, 1.2625856983297812e-24, nan 
-11.375, -68.125, 1.4607134771888814e-24, nan 
-11.125, -68.125, 1.6046055301530582e-24, nan 
-10.875, -68.125, 1.678608978289175e-24, nan 
-10.625, -68.125, 1.3730594671412665e-24, nan 
-10.375, -68.125, 9.612878965413065e-25, nan 
-10.125, -68.125, 7.495353472519744e-25, nan 
-9.875, -68.125, 6.074203451170044e-25, nan 
-9.625, -68.125, 5.1267517419729735e-25, nan 
-9.375, -68.125, 5.899338409030854e-25, nan 
-9.125, -68.125, 1.0736594045427754e-24, nan 
-8.875, -68.125, 1.0712149390822845e-24, nan 
-8.625, -68.125, 1.030112055979789e-24, nan 
-8.375, -68.125, 1.2582882721018044e-24, nan 
-8.125, -68.125, 1.3481289996888421e-24, nan 
-7.875, -68.125, 1.1660887498402346e-24, nan 
-7.625, -68.125, 1.3196087679211192e-24, nan 
-7.375, -68.125, 7.615397869627446e-25, nan 
-7.125, -68.125, 3.0272133586221757e-25, nan 
-6.875, -68.125, 1.0033858406236622e-24, nan 
-6.625, -68.125, 1.1052101320111124e-24, nan 
-6.375, -68.125, 1.5137103502213056e-24, nan 
-6.125, -68.125, 1.4821662613443618e-24, nan 
-5.875, -68.125, 8.714249172021835e-25, nan 
-5.625, -68.125, 4.540977084780446e-25, nan 
-5.375, -68.125, 9.581018502364916e-25, nan 
-5.125, -68.125, 2.121513384318428e-24, nan 
-4.875, -68.125, 2.1074412646274433e-24, nan 
-4.625, -68.125, 2.3780039061194262e-24, nan 
-4.375, -68.125, 2.5244061405192233e-24, nan 
-4.125, -68.125, 2.7107226450489635e-24, nan 
-3.875, -68.125, 2.807290986123562e-24, nan 
-3.625, -68.125, 1.40518106892259e-24, nan 
-3.375, -68.125, 2.5987754713809217e-24, nan 
-3.125, -68.125, 1.7762196538505234e-24, nan 
-2.875, -68.125, 9.92499956013691e-25, nan 
-2.625, -68.125, 1.8717208056536595e-24, nan 
-2.375, -68.125, 1.207611809339468e-24, nan 
-2.125, -68.125, 1.0150202487193676e-24, nan 
-1.875, -68.125, 7.09485309967219e-25, nan 
-1.625, -68.125, 6.897053167247188e-25, nan 
-1.375, -68.125, 5.840502140222555e-25, nan 
-1.125, -68.125, 7.800652914280241e-25, nan 
-0.875, -68.125, 7.772115067471509e-25, nan 
-16.125, -67.875, 1.9947564365867627e-24, nan 
-15.875, -67.875, 1.5140908062555728e-24, nan 
-15.625, -67.875, 1.213766028888102e-24, nan 
-15.375, -67.875, 1.3195206992929091e-24, nan 
-15.125, -67.875, 1.0771875807073137e-24, nan 
-14.875, -67.875, 1.5894582379687873e-24, nan 
-14.625, -67.875, 1.5464791588633483e-24, nan 
-14.375, -67.875, 2.345989393245371e-24, nan 
-14.125, -67.875, 3.448132161577014e-24, nan 
-13.875, -67.875, 2.456007512367254e-24, nan 
-13.625, -67.875, 1.8179740943479954e-24, nan 
-13.375, -67.875, 6.05194181431562e-25, nan 
-13.125, -67.875, 1.0772146317535146e-24, nan 
-12.875, -67.875, 3.0825656154375703e-25, nan 
-12.625, -67.875, 6.908936306973283e-25, nan 
-12.375, -67.875, 1.3544146249423957e-24, nan 
-12.125, -67.875, 1.5046070206106949e-24, nan 
-11.875, -67.875, 2.1943442864773617e-24, nan 
-11.625, -67.875, 1.9589683462808706e-24, nan 
-11.375, -67.875, 1.5389552225199168e-24, nan 
-11.125, -67.875, 1.6258762946657093e-24, nan 
-10.875, -67.875, 1.238201610492107e-24, nan 
-10.625, -67.875, 9.165216772751491e-25, nan 
-10.375, -67.875, 9.707019532894365e-25, nan 
-10.125, -67.875, 1.1364204715743046e-24, nan 
-9.875, -67.875, 8.464021382850022e-25, nan 
-9.625, -67.875, 1.1723598373057597e-24, nan 
-9.375, -67.875, 1.1116166552209316e-24, nan 
-9.125, -67.875, 5.101531959957347e-25, nan 
-8.875, -67.875, 1.2627613972862995e-24, nan 
-8.625, -67.875, 1.971848174287199e-24, nan 
-8.375, -67.875, 1.5109895914580274e-24, nan 
-8.125, -67.875, 1.0714481164179718e-24, nan 
-7.875, -67.875, 1.4453852851803424e-24, nan 
-7.625, -67.875, 1.3125423665296632e-24, nan 
-7.375, -67.875, 1.006398261738133e-24, nan 
-7.125, -67.875, 1.0610899012460897e-24, nan 
-6.875, -67.875, 1.3258705043997436e-24, nan 
-6.625, -67.875, 7.291505946412048e-25, nan 
-6.375, -67.875, 1.9552497774844823e-24, nan 
-6.125, -67.875, 1.584048884057484e-24, nan 
-5.875, -67.875, 1.0280792212190886e-24, nan 
-5.625, -67.875, 6.827500132675443e-25, nan 
-5.375, -67.875, 7.805432006765317e-25, nan 
-5.125, -67.875, 8.771337596313214e-25, nan 
-4.875, -67.875, 4.5175898834161585e-25, nan 
-4.625, -67.875, 1.3831194370962957e-24, nan 
-4.375, -67.875, 1.8342837663488663e-24, nan 
-4.125, -67.875, 2.3154741490555414e-24, nan 
-3.875, -67.875, 2.190456787761451e-24, nan 
-3.625, -67.875, 1.5708849362528174e-24, nan 
-3.375, -67.875, 1.8859516887394366e-24, nan 
-3.125, -67.875, 1.7472800228852338e-24, nan 
-2.875, -67.875, 9.381564025641215e-25, nan 
-2.625, -67.875, 1.85845739008361e-24, nan 
-2.375, -67.875, 9.37649876163525e-25, nan 
-2.125, -67.875, 9.401931911166749e-25, nan 
-1.875, -67.875, 1.5705254867947144e-24, nan 
-1.625, -67.875, 1.0395613595508908e-24, nan 
-1.375, -67.875, 5.381039443434847e-25, nan 
-1.125, -67.875, 6.306146921048067e-25, nan 
-0.875, -67.875, 1.3035085905784144e-24, nan 
-0.625, -67.875, 1.4416707666926476e-24, nan 
-16.125, -67.625, 2.3509143204011546e-24, nan 
-15.875, -67.625, 2.1207812441757906e-24, nan 
-15.625, -67.625, 1.738135061537413e-24, nan 
-15.375, -67.625, 1.5752211992481942e-24, nan 
-15.125, -67.625, 2.1325192190764968e-24, nan 
-14.875, -67.625, 1.785938326117201e-24, nan 
-14.625, -67.625, 1.540986239724812e-24, nan 
-14.375, -67.625, 1.2350369069049151e-24, nan 
-14.125, -67.625, 1.2638472649111909e-24, nan 
-13.875, -67.625, 8.885334684482931e-25, nan 
-13.625, -67.625, 7.474808546469941e-25, nan 
-13.375, -67.625, 1.4913096492593906e-24, nan 
-13.125, -67.625, 1.777170188492298e-24, nan 
-12.875, -67.625, 1.7707671716938905e-24, nan 
-12.625, -67.625, 1.5965717242482095e-24, nan 
-12.375, -67.625, 1.9905741049448813e-24, nan 
-12.125, -67.625, 2.0271849143733177e-24, nan 
-11.875, -67.625, 2.0445265206800354e-24, nan 
-11.625, -67.625, 1.7194856173012685e-24, nan 
-11.375, -67.625, 1.0808241783424797e-24, nan 
-11.125, -67.625, 7.91589411787245e-25, nan 
-10.875, -67.625, 9.311557756359033e-25, nan 
-10.625, -67.625, 8.724187020656253e-25, nan 
-10.375, -67.625, 7.801030093967023e-25, nan 
-10.125, -67.625, 2.0704762916621607e-24, nan 
-9.875, -67.625, 1.2236611006292651e-24, nan 
-9.625, -67.625, 9.947420096532265e-25, nan 
-9.375, -67.625, 1.190234462066268e-24, nan 
-9.125, -67.625, 1.3458389949809465e-24, nan 
-8.875, -67.625, 9.892325171141605e-25, nan 
-8.625, -67.625, 1.6340921522507035e-24, nan 
-8.375, -67.625, 1.4450202411672097e-24, nan 
-8.125, -67.625, 7.907665756606057e-25, nan 
-7.875, -67.625, 6.034906285525343e-25, nan 
-7.625, -67.625, 7.965959872923607e-25, nan 
-7.375, -67.625, 1.6190483792607349e-24, nan 
-7.125, -67.625, 5.659474533420932e-25, nan 
-6.875, -67.625, 1.0776014205098418e-24, nan 
-6.625, -67.625, 1.000182876074184e-24, nan 
-6.375, -67.625, 9.844042868030722e-25, nan 
-6.125, -67.625, 1.1935369022771559e-24, nan 
-5.875, -67.625, 9.183932984731818e-25, nan 
-5.625, -67.625, 4.652462455784341e-25, nan 
-5.375, -67.625, 7.133407895835295e-25, nan 
-5.125, -67.625, 1.0893661337657121e-24, nan 
-4.875, -67.625, 1.7938681831967074e-24, nan 
-4.625, -67.625, 3.32183429143717e-25, nan 
-4.375, -67.625, 1.8599889060098568e-24, nan 
-4.125, -67.625, 3.44274415193194e-24, nan 
-3.875, -67.625, 2.187086425974647e-24, nan 
-3.625, -67.625, 1.2651906025464779e-24, nan 
-3.375, -67.625, 1.0386585294950914e-24, nan 
-3.125, -67.625, 3.0067692823893764e-24, nan 
-2.875, -67.625, 1.4583992733642527e-24, nan 
-2.625, -67.625, 1.8611775253836505e-24, nan 
-2.375, -67.625, 2.337003889894216e-24, nan 
-2.125, -67.625, 2.0891037449953497e-24, nan 
-1.875, -67.625, 1.505369484833994e-24, nan 
-1.625, -67.625, 1.5244685449033316e-24, nan 
-1.375, -67.625, 1.0268287702394905e-24, nan 
-1.125, -67.625, 9.61855230797884e-25, nan 
-0.875, -67.625, 1.4056571037155461e-24, nan 
-0.625, -67.625, 1.3058951098000218e-24, nan 
-0.375, -67.625, 1.3597220688847926e-24, nan 
-15.875, -67.375, 3.583692548381893e-24, nan 
-15.625, -67.375, 6.188304354214536e-24, nan 
-15.375, -67.375, 4.942618942514419e-24, nan 
-15.125, -67.375, 2.5298147809204702e-24, nan 
-14.875, -67.375, 2.0678309357334897e-24, nan 
-14.625, -67.375, 2.846481895405724e-24, nan 
-14.375, -67.375, 2.312637422405361e-24, nan 
-14.125, -67.375, 2.1697550095575204e-24, nan 
-13.875, -67.375, 1.887893561426751e-24, nan 
-13.625, -67.375, 1.6712817153287276e-24, nan 
-13.375, -67.375, 2.143657618243267e-24, nan 
-13.125, -67.375, 1.960482569553185e-24, nan 
-12.875, -67.375, 1.8137487987821292e-24, nan 
-12.625, -67.375, 1.1802965782299588e-24, nan 
-12.375, -67.375, 9.771328564909668e-25, nan 
-12.125, -67.375, 1.0707756478995405e-24, nan 
-11.875, -67.375, 8.382070060931452e-25, nan 
-11.625, -67.375, 7.831758495220825e-25, nan 
-11.375, -67.375, 8.247391063705014e-25, nan 
-11.125, -67.375, 7.458675852020664e-25, nan 
-10.875, -67.375, 1.6467409186679999e-24, nan 
-10.625, -67.375, 9.380646085166476e-25, nan 
-10.375, -67.375, 8.309181541172692e-25, nan 
-10.125, -67.375, 3.401908984095583e-24, nan 
-9.875, -67.375, 1.0273113588370699e-24, nan 
-9.625, -67.375, 6.192634304258248e-25, nan 
-9.375, -67.375, 1.8470094334567894e-24, nan 
-9.125, -67.375, 9.43891145091343e-25, nan 
-8.875, -67.375, 8.497551117212944e-25, nan 
-8.625, -67.375, 7.494465620558912e-25, nan 
-8.375, -67.375, 8.425654934830445e-25, nan 
-8.125, -67.375, 9.532364676418473e-25, nan 
-7.875, -67.375, 7.740958166006434e-25, nan 
-7.625, -67.375, 4.822132365200693e-25, nan 
-7.375, -67.375, 1.329679275063058e-24, nan 
-7.125, -67.375, 4.84981309238705e-25, nan 
-6.875, -67.375, 7.668274783876807e-25, nan 
-6.625, -67.375, 8.178945525610653e-25, nan 
-6.375, -67.375, 5.386142410865047e-25, nan 
-6.125, -67.375, 1.000955030326993e-24, nan 
-5.875, -67.375, 9.985493038925705e-25, nan 
-5.625, -67.375, 3.447478272570941e-25, nan 
-5.375, -67.375, 5.027528629556267e-25, nan 
-5.125, -67.375, 7.672901485244164e-25, nan 
-4.875, -67.375, 6.372113020597089e-25, nan 
-4.625, -67.375, 5.980150064987753e-25, nan 
-4.375, -67.375, 1.9121147437487478e-24, nan 
-4.125, -67.375, 3.1707452580617676e-24, nan 
-3.875, -67.375, 1.93450923732e-24, nan 
-3.625, -67.375, 1.6046087942301855e-24, nan 
-3.375, -67.375, 3.0508570937327747e-24, nan 
-3.125, -67.375, 3.4328569577247245e-24, nan 
-2.875, -67.375, 3.2963759618258777e-24, nan 
-2.625, -67.375, 2.371212660638842e-24, nan 
-2.375, -67.375, 3.032264720888408e-24, nan 
-2.125, -67.375, 3.2263593080852348e-24, nan 
-1.875, -67.375, 2.1770386198759313e-24, nan 
-1.625, -67.375, 1.9070682124361332e-24, nan 
-1.375, -67.375, 1.5550687208203184e-24, nan 
-1.125, -67.375, 2.6700087776102482e-24, nan 
-0.875, -67.375, 2.200757713281592e-24, nan 
-0.625, -67.375, 1.2986946555048538e-24, nan 
-0.375, -67.375, 1.1634507666199163e-24, nan 
-15.875, -67.125, 5.885602690717768e-24, nan 
-15.625, -67.125, 8.04811884373845e-24, nan 
-15.375, -67.125, 7.443724830126763e-24, nan 
-15.125, -67.125, 9.049021763023742e-24, nan 
-14.875, -67.125, 8.561808252827137e-24, nan 
-14.625, -67.125, 6.88107723006894e-24, nan 
-14.375, -67.125, 4.694649531823274e-24, nan 
-14.125, -67.125, 1.4501658178852611e-24, nan 
-13.875, -67.125, 1.6441628040562822e-24, nan 
-13.625, -67.125, 2.0710557800210255e-24, nan 
-13.375, -67.125, 1.8804503791719626e-24, nan 
-13.125, -67.125, 1.7007434299771747e-24, nan 
-12.875, -67.125, 2.1181881320911835e-24, nan 
-12.625, -67.125, 1.7858492837033493e-24, nan 
-12.375, -67.125, 1.058039245249299e-24, nan 
-12.125, -67.125, 6.76436780541871e-25, nan 
-11.875, -67.125, 6.104461753648775e-25, nan 
-11.625, -67.125, 8.281962715627782e-25, nan 
-11.375, -67.125, 6.721966048371352e-25, nan 
-11.125, -67.125, 5.737694510334995e-25, nan 
-10.875, -67.125, 6.331547260794646e-25, nan 
-10.625, -67.125, 5.3610463987756005e-25, nan 
-10.375, -67.125, 5.257268007431605e-25, nan 
-10.125, -67.125, 1.769793703244301e-24, nan 
-9.875, -67.125, 9.500579027897994e-25, nan 
-9.625, -67.125, 6.6364157085642015e-25, nan 
-9.375, -67.125, 8.420673507258097e-25, nan 
-9.125, -67.125, 1.1239219084282517e-24, nan 
-8.875, -67.125, 1.4560065103811058e-24, nan 
-8.625, -67.125, 1.190163070421098e-24, nan 
-8.375, -67.125, 7.965929305393569e-25, nan 
-8.125, -67.125, 1.0414310270633881e-24, nan 
-7.875, -67.125, 9.12979510322293e-25, nan 
-7.625, -67.125, 3.7637650947370285e-25, nan 
-7.375, -67.125, 2.2009067197639186e-25, nan 
-7.125, -67.125, 3.663396519688699e-25, nan 
-6.875, -67.125, 3.1295782190247526e-25, nan 
-6.625, -67.125, 4.025749915697189e-25, nan 
-6.375, -67.125, 6.830262805614527e-25, nan 
-6.125, -67.125, 5.489661036256889e-25, nan 
-5.875, -67.125, 7.060735056820599e-25, nan 
-5.625, -67.125, 6.595327626533249e-25, nan 
-5.375, -67.125, 3.785804561085245e-25, nan 
-5.125, -67.125, 5.743234346854468e-25, nan 
-4.875, -67.125, 7.786201386721362e-25, nan 
-4.625, -67.125, 6.700332928929696e-25, nan 
-4.375, -67.125, 5.003859676553251e-25, nan 
-4.125, -67.125, 4.1055351867777873e-25, nan 
-3.875, -67.125, 1.4323106263921734e-24, nan 
-3.625, -67.125, 1.242576337263641e-24, nan 
-3.375, -67.125, 2.3123439295223993e-24, nan 
-3.125, -67.125, 3.498944769153347e-24, nan 
-2.875, -67.125, 2.445839914498519e-24, nan 
-2.625, -67.125, 1.642036816244193e-24, nan 
-2.375, -67.125, 2.455223458113938e-24, nan 
-2.125, -67.125, 1.2553544614141937e-24, nan 
-1.875, -67.125, 5.275349873574764e-25, nan 
-1.625, -67.125, 1.500622533239678e-24, nan 
-1.375, -67.125, 1.3999315770561219e-24, nan 
-1.125, -67.125, 2.2599815344936827e-24, nan 
-0.875, -67.125, 1.9438150952964344e-24, nan 
-0.625, -67.125, 1.4302368042014216e-24, nan 
-0.375, -67.125, 1.2107687241623052e-24, nan 
-0.125, -67.125, 1.1530166960512278e-24, nan 
-15.875, -66.875, 6.641494822408743e-24, nan 
-15.625, -66.875, 7.923587354084502e-24, nan 
-15.375, -66.875, 9.091942767028714e-24, nan 
-15.125, -66.875, 9.357431648740747e-24, nan 
-14.875, -66.875, 9.766117734459317e-24, nan 
-14.625, -66.875, 8.54776428367896e-24, nan 
-14.375, -66.875, 6.431510914971762e-24, nan 
-14.125, -66.875, 5.631073238401622e-24, nan 
-13.875, -66.875, 5.63752981709995e-24, nan 
-13.625, -66.875, 3.430687343137498e-24, nan 
-13.375, -66.875, 1.5090703731758551e-24, nan 
-13.125, -66.875, 1.6410610820065105e-24, nan 
-12.875, -66.875, 1.3913124613044249e-24, nan 
-12.625, -66.875, 1.643554667426392e-24, nan 
-12.375, -66.875, 1.6351451575898593e-24, nan 
-12.125, -66.875, 1.0787293605686722e-24, nan 
-11.875, -66.875, 1.0480023485199633e-24, nan 
-11.625, -66.875, 9.404825671925578e-25, nan 
-11.375, -66.875, 6.4652666045888475e-25, nan 
-11.125, -66.875, 6.5784988410510345e-25, nan 
-10.875, -66.875, 3.248679500471305e-25, nan 
-10.625, -66.875, 2.5872109506258853e-25, nan 
-10.375, -66.875, 5.163962864108107e-25, nan 
-10.125, -66.875, 4.441347472737541e-25, nan 
-9.875, -66.875, 2.5337216597760217e-25, nan 
-9.625, -66.875, 4.716536089169776e-25, nan 
-9.375, -66.875, 7.758735696151281e-25, nan 
-9.125, -66.875, 8.536165861312544e-25, nan 
-8.875, -66.875, 1.0342362068218304e-24, nan 
-8.625, -66.875, 9.203842942535441e-25, nan 
-8.375, -66.875, 6.502925253209542e-25, nan 
-8.125, -66.875, 3.6690107082022096e-25, nan 
-7.875, -66.875, 5.630054799507017e-25, nan 
-7.625, -66.875, 4.190530984487913e-25, nan 
-7.375, -66.875, 2.426717820557087e-25, nan 
-7.125, -66.875, 2.195529777083314e-25, nan 
-6.875, -66.875, 3.585910838340556e-25, nan 
-6.625, -66.875, 4.237526160864487e-25, nan 
-6.375, -66.875, 5.292403902016756e-25, nan 
-6.125, -66.875, 2.5535482058623513e-25, nan 
-5.875, -66.875, 3.2353130580439793e-25, nan 
-5.625, -66.875, 7.364120211675624e-25, nan 
-5.375, -66.875, 8.493066956304394e-25, nan 
-5.125, -66.875, 4.490135365372054e-25, nan 
-4.875, -66.875, 7.749493017990765e-25, nan 
-4.625, -66.875, 1.062790661623384e-24, nan 
-4.375, -66.875, 6.64300596481977e-25, nan 
-4.125, -66.875, 4.254567741361681e-25, nan 
-3.875, -66.875, 4.707569493486756e-25, nan 
-3.625, -66.875, 9.124744621837866e-25, nan 
-3.375, -66.875, 1.2203561937571821e-24, nan 
-3.125, -66.875, 6.453394998158404e-24, nan 
-2.875, -66.875, 4.7141836271284396e-24, nan 
-2.625, -66.875, 2.819643680166137e-24, nan 
-2.375, -66.875, 5.482286112791672e-25, nan 
-2.125, -66.875, 5.603717101814262e-25, nan 
-1.875, -66.875, 1.4789246167352048e-25, nan 
-1.625, -66.875, 7.103890851772273e-25, nan 
-1.375, -66.875, 8.89782505430511e-25, nan 
-1.125, -66.875, 8.27880432082562e-25, nan 
-0.875, -66.875, 1.074648514537584e-24, nan 
-0.625, -66.875, 1.20076407599638e-24, nan 
-0.375, -66.875, 1.1377428427086157e-24, nan 
-0.125, -66.875, 8.290799099236402e-25, nan 
0.125, -66.875, 1.1426608171256987e-24, nan 
-15.625, -66.625, 6.9099917241639e-24, nan 
-15.375, -66.625, 7.670497670150964e-24, nan 
-15.125, -66.625, 5.0040985077974595e-24, nan 
-14.875, -66.625, 6.93378955825459e-24, nan 
-14.625, -66.625, 8.054818942845786e-24, nan 
-14.375, -66.625, 7.029398266299621e-24, nan 
-14.125, -66.625, 5.3272015570584164e-24, nan 
-13.875, -66.625, 5.947052059387271e-24, nan 
-13.625, -66.625, 5.485593499821297e-24, nan 
-13.375, -66.625, 1.7995395912325983e-24, nan 
-13.125, -66.625, 1.4823324942163655e-24, nan 
-12.875, -66.625, 1.4383176328543694e-24, nan 
-12.625, -66.625, 1.5187109834716827e-24, nan 
-12.375, -66.625, 1.5529609896060126e-24, nan 
-12.125, -66.625, 1.3203633082489972e-24, nan 
-11.875, -66.625, 1.0230975862758273e-24, nan 
-11.625, -66.625, 8.309533956016742e-25, nan 
-11.375, -66.625, 6.409896754339372e-25, nan 
-11.125, -66.625, 4.784034997551796e-25, nan 
-10.875, -66.625, 2.202198800080222e-25, nan 
-10.625, -66.625, 2.0540298526239e-25, nan 
-10.375, -66.625, 3.0337226784645914e-25, nan 
-10.125, -66.625, 3.8290438356301577e-25, nan 
-9.875, -66.625, 2.110767093906048e-25, nan 
-9.625, -66.625, 2.6286626002630316e-25, nan 
-9.375, -66.625, 3.9602707520718294e-25, nan 
-9.125, -66.625, 3.148841861466745e-25, nan 
-8.875, -66.625, 3.736337326414901e-25, nan 
-8.625, -66.625, 3.272010922039415e-25, nan 
-8.375, -66.625, 1.5828411589196072e-25, nan 
-8.125, -66.625, 1.130924423253578e-25, nan 
-7.875, -66.625, 4.463864310557774e-25, nan 
-7.625, -66.625, 4.513352528538008e-25, nan 
-7.375, -66.625, 5.120312412261071e-25, nan 
-7.125, -66.625, 4.021019899470997e-25, nan 
-6.875, -66.625, 3.3537187401440965e-25, nan 
-6.625, -66.625, 8.448096635687563e-25, nan 
-6.375, -66.625, 5.199005413909884e-25, nan 
-6.125, -66.625, 1.5073977799807138e-25, nan 
-5.875, -66.625, 5.7516140956114715e-25, nan 
-5.625, -66.625, 3.760069525335867e-25, nan 
-5.375, -66.625, 3.938766629096775e-25, nan 
-5.125, -66.625, 5.95040282230934e-25, nan 
-4.875, -66.625, 4.293529250504256e-25, nan 
-4.625, -66.625, 6.157117469414213e-25, nan 
-4.375, -66.625, 5.415155607577586e-25, nan 
-4.125, -66.625, 5.243206882919099e-25, nan 
-3.875, -66.625, 4.885197924656447e-24, nan 
-3.625, -66.625, 3.547066383906606e-24, nan 
-3.375, -66.625, 2.4157706122627963e-24, nan 
-3.125, -66.625, 1.1472236201370743e-23, nan 
-2.875, -66.625, 1.1213667584705476e-23, nan 
-2.625, -66.625, 5.4932112029270686e-24, nan 
-2.375, -66.625, 6.256743749671121e-24, nan 
-2.125, -66.625, 4.650543504152817e-24, nan 
-1.875, -66.625, 2.6667118755645832e-24, nan 
-1.625, -66.625, 2.7344029458263e-25, nan 
-1.375, -66.625, 5.769900313833474e-25, nan 
-1.125, -66.625, 6.0875645448638625e-25, nan 
-0.875, -66.625, 5.680512656173708e-25, nan 
-0.625, -66.625, 7.796323386766508e-25, nan 
-0.375, -66.625, 7.577181266495829e-25, nan 
-0.125, -66.625, 8.437540435674419e-25, nan 
0.125, -66.625, 1.0218843733573227e-24, nan 
-15.625, -66.375, 5.843731772274218e-24, nan 
-15.375, -66.375, 6.0281788616238506e-24, nan 
-15.125, -66.375, 5.408057155330283e-24, nan 
-14.875, -66.375, 4.781600820257957e-24, nan 
-14.625, -66.375, 5.9751360672186165e-24, nan 
-14.375, -66.375, 4.451236192433712e-24, nan 
-14.125, -66.375, 1.3333207026324042e-24, nan 
-13.875, -66.375, 2.2169754729362567e-24, nan 
-13.625, -66.375, 2.6668273084119173e-24, nan 
-13.375, -66.375, 1.7534776287725243e-24, nan 
-13.125, -66.375, 2.106027452970463e-24, nan 
-12.875, -66.375, 2.5632996822940554e-24, nan 
-12.625, -66.375, 1.736342414898842e-24, nan 
-12.375, -66.375, 1.6704416589504807e-24, nan 
-12.125, -66.375, 1.6749071715852492e-24, nan 
-11.875, -66.375, 1.4542189936276476e-24, nan 
-11.625, -66.375, 1.147861694244485e-24, nan 
-11.375, -66.375, 9.505184144640148e-25, nan 
-11.125, -66.375, 7.6297408417908715e-25, nan 
-10.875, -66.375, 1.2869564449992408e-25, nan 
-10.625, -66.375, 2.5368478902972556e-25, nan 
-10.375, -66.375, 3.656143917165289e-25, nan 
-10.125, -66.375, 3.121039136346987e-25, nan 
-9.875, -66.375, 2.334606623702545e-25, nan 
-9.625, -66.375, 1.2687819516892027e-25, nan 
-9.375, -66.375, 3.7127135747461695e-25, nan 
-9.125, -66.375, 4.583296492549233e-25, nan 
-8.875, -66.375, 5.093436678576475e-25, nan 
-8.625, -66.375, 4.697495050731113e-25, nan 
-8.375, -66.375, 3.2641136829836085e-25, nan 
-8.125, -66.375, 2.728209675265781e-25, nan 
-7.875, -66.375, 4.871434473852342e-25, nan 
-7.625, -66.375, 4.611225361548558e-25, nan 
-7.375, -66.375, 3.020197446519454e-25, nan 
-7.125, -66.375, 4.446737297195253e-25, nan 
-6.875, -66.375, 4.0639592767260685e-25, nan 
-6.625, -66.375, 4.2470637594475335e-25, nan 
-6.375, -66.375, 4.243195892242741e-25, nan 
-6.125, -66.375, 4.723018747094789e-25, nan 
-5.875, -66.375, 8.913380838980118e-25, nan 
-5.625, -66.375, 4.501558093599741e-25, nan 
-5.375, -66.375, 9.066970954822917e-25, nan 
-5.125, -66.375, 1.4107593066117142e-24, nan 
-4.875, -66.375, 5.1547271526156495e-25, nan 
-4.625, -66.375, 3.338683183305096e-25, nan 
-4.375, -66.375, 5.34933600727084e-25, nan 
-4.125, -66.375, 1.9368958552601675e-24, nan 
-3.875, -66.375, 9.136845103427375e-24, nan 
-3.625, -66.375, 1.0147346404959926e-23, nan 
-3.375, -66.375, 4.408646489239638e-24, nan 
-3.125, -66.375, 1.8955488472340193e-23, nan 
-2.875, -66.375, 2.2045251651770476e-23, nan 
-2.625, -66.375, 9.600314557613331e-24, nan 
-2.375, -66.375, 1.0385899342072689e-23, nan 
-2.125, -66.375, 1.2210100792749513e-23, nan 
-1.875, -66.375, 5.960227426412449e-24, nan 
-1.625, -66.375, 1.3611709146968136e-24, nan 
-1.375, -66.375, 3.4156819326747028e-25, nan 
-1.125, -66.375, 3.253184202567487e-25, nan 
-0.875, -66.375, 1.283713750492086e-24, nan 
-0.625, -66.375, 9.014764374196854e-25, nan 
-0.375, -66.375, 3.0217234437283e-25, nan 
-0.125, -66.375, 1.1952925777547108e-24, nan 
0.125, -66.375, 1.1814252678706677e-24, nan 
0.375, -66.375, 8.264575863488907e-25, nan 
-15.375, -66.125, 1.7681594721842622e-24, nan 
-15.125, -66.125, 1.8172915081995833e-24, nan 
-14.875, -66.125, 1.0126829604697136e-24, nan 
-14.625, -66.125, 8.161837002951216e-25, nan 
-14.375, -66.125, 5.115561518055453e-25, nan 
-14.125, -66.125, 7.249971466391648e-25, nan 
-13.875, -66.125, 7.750898767188776e-25, nan 
-13.625, -66.125, 6.544816193849512e-25, nan 
-13.375, -66.125, 1.453016473009144e-24, nan 
-13.125, -66.125, 1.7523801880416764e-24, nan 
-12.875, -66.125, 1.709159757857112e-24, nan 
-12.625, -66.125, 3.424839699543515e-24, nan 
-12.375, -66.125, 3.2450675507352777e-24, nan 
-12.125, -66.125, 7.049897024684724e-25, nan 
-11.875, -66.125, 8.429429678837812e-25, nan 
-11.625, -66.125, 4.692918397182283e-25, nan 
-11.375, -66.125, 6.179394385262344e-25, nan 
-11.125, -66.125, 3.889131503076579e-25, nan 
-10.875, -66.125, 1.6618499205131688e-25, nan 
-10.625, -66.125, 4.531781239435703e-25, nan 
-10.375, -66.125, 2.2217163314470036e-25, nan 
-10.125, -66.125, 5.8690252125770525e-25, nan 
-9.875, -66.125, 8.689938603790611e-25, nan 
-9.625, -66.125, 3.3987279018795355e-25, nan 
-9.375, -66.125, 5.432107404131099e-25, nan 
-9.125, -66.125, 1.3835938517130583e-24, nan 
-8.875, -66.125, 1.852972337024657e-24, nan 
-8.625, -66.125, 8.561373198496224e-25, nan 
-8.375, -66.125, 5.945690576688618e-25, nan 
-8.125, -66.125, 7.5095748386964155e-25, nan 
-7.875, -66.125, 8.89292621192171e-25, nan 
-7.625, -66.125, 4.294926650159059e-25, nan 
-7.375, -66.125, 2.4957454949807725e-25, nan 
-7.125, -66.125, 3.0739642436369625e-25, nan 
-6.875, -66.125, 5.14003723586866e-25, nan 
-6.625, -66.125, 4.460238744892719e-25, nan 
-6.375, -66.125, 3.335233411762307e-25, nan 
-6.125, -66.125, 8.183838649237878e-25, nan 
-5.875, -66.125, 7.323099848037513e-25, nan 
-5.625, -66.125, 1.1360893723218891e-24, nan 
-5.375, -66.125, 1.7733115881186315e-24, nan 
-5.125, -66.125, 1.6325419143691808e-24, nan 
-4.875, -66.125, 4.657174600785384e-25, nan 
-4.625, -66.125, 1.1572900903505786e-24, nan 
-4.375, -66.125, 1.3716363966309122e-24, nan 
-4.125, -66.125, 8.358892122262358e-25, nan 
-3.875, -66.125, 1.1193539665979804e-24, nan 
-3.625, -66.125, 9.874874900329021e-25, nan 
-3.375, -66.125, 2.5129899792382795e-24, nan 
-3.125, -66.125, 1.2586914512871088e-23, nan 
-2.875, -66.125, 1.3425578835992227e-23, nan 
-2.625, -66.125, 6.246061221776526e-24, nan 
-2.375, -66.125, 1.4510777380298145e-24, nan 
-2.125, -66.125, 1.0332644116194437e-24, nan 
-1.875, -66.125, 1.271216256089355e-24, nan 
-1.625, -66.125, 1.2612258421289583e-24, nan 
-1.375, -66.125, 1.1828640251914322e-24, nan 
-1.125, -66.125, 3.0613517183166784e-25, nan 
-0.875, -66.125, 2.1476783574143518e-24, nan 
-0.625, -66.125, 1.2268259031269158e-24, nan 
-0.375, -66.125, 5.62227510480818e-25, nan 
-0.125, -66.125, 1.29492379763825e-24, nan 
0.125, -66.125, 1.0665813371962426e-24, nan 
0.375, -66.125, 1.2395065854745661e-24, nan 
-15.375, -65.875, 1.8160330284199184e-24, nan 
-15.125, -65.875, 1.5826936528811777e-24, nan 
-14.875, -65.875, 1.7224943748448955e-24, nan 
-14.625, -65.875, 1.4068965345545635e-24, nan 
-14.375, -65.875, 9.382124777468609e-25, nan 
-14.125, -65.875, 7.928398097020835e-25, nan 
-13.875, -65.875, 7.953704674413183e-25, nan 
-13.625, -65.875, 5.59309808214863e-25, nan 
-13.375, -65.875, 2.7454238485249628e-24, nan 
-13.125, -65.875, 3.3208831024666204e-24, nan 
-12.875, -65.875, 4.4442114308190665e-25, nan 
-12.625, -65.875, 5.436636369142727e-24, nan 
-12.375, -65.875, 6.206000679210851e-24, nan 
-12.125, -65.875, 5.851840732233326e-25, nan 
-11.875, -65.875, 1.7761275277512304e-24, nan 
-11.625, -65.875, 2.18419565870839e-24, nan 
-11.375, -65.875, 3.963229785448441e-25, nan 
-11.125, -65.875, 2.6109012465153406e-25, nan 
-10.875, -65.875, 2.4953833025575467e-25, nan 
-10.625, -65.875, 1.9028442365015004e-25, nan 
-10.375, -65.875, 2.523926224997259e-25, nan 
-10.125, -65.875, 5.557851030500702e-25, nan 
-9.875, -65.875, 1.2237648551834365e-24, nan 
-9.625, -65.875, 1.5437418158383152e-24, nan 
-9.375, -65.875, 6.33403036694324e-25, nan 
-9.125, -65.875, 2.2181869750496737e-24, nan 
-8.875, -65.875, 3.2022606446723704e-24, nan 
-8.625, -65.875, 9.966050371436889e-25, nan 
-8.375, -65.875, 1.5424380106676287e-24, nan 
-8.125, -65.875, 2.0769793156158917e-24, nan 
-7.875, -65.875, 8.917398567184024e-25, nan 
-7.625, -65.875, 7.4701936547215e-25, nan 
-7.375, -65.875, 8.537946569751293e-25, nan 
-7.125, -65.875, 2.6640769537258875e-25, nan 
-6.875, -65.875, 8.423870907040422e-25, nan 
-6.625, -65.875, 9.163985815404573e-25, nan 
-6.375, -65.875, 8.36033740174517e-25, nan 
-6.125, -65.875, 6.719550558818421e-25, nan 
-5.875, -65.875, 6.408602603734429e-25, nan 
-5.625, -65.875, 2.080370654106709e-24, nan 
-5.375, -65.875, 1.0444246947039725e-24, nan 
-5.125, -65.875, 8.88157588859767e-25, nan 
-4.875, -65.875, 1.75654213129937e-24, nan 
-4.625, -65.875, 1.712022825599679e-24, nan 
-4.375, -65.875, 1.2249499744193436e-24, nan 
-4.125, -65.875, 1.587774407261326e-24, nan 
-3.875, -65.875, 1.7645039788442958e-24, nan 
-3.625, -65.875, 1.3359999923064542e-24, nan 
-3.375, -65.875, 1.3969026940730495e-24, nan 
-3.125, -65.875, 1.3545124379766779e-24, nan 
-2.875, -65.875, 9.177098390495581e-25, nan 
-2.625, -65.875, 1.0811372619489958e-24, nan 
-2.375, -65.875, 1.2304720669023498e-24, nan 
-2.125, -65.875, 8.969952011045758e-25, nan 
-1.875, -65.875, 1.313571606768852e-24, nan 
-1.625, -65.875, 1.37724534530912e-24, nan 
-1.375, -65.875, 1.39390278432042e-24, nan 
-1.125, -65.875, 8.671872834612342e-25, nan 
-0.875, -65.875, 1.2689592605041337e-24, nan 
-0.625, -65.875, 1.3275839913248644e-24, nan 
-0.375, -65.875, 8.476672861968991e-25, nan 
-0.125, -65.875, 7.133212493367274e-25, nan 
0.125, -65.875, 1.3957208138800796e-24, nan 
0.375, -65.875, 1.3483282197657263e-24, nan 
0.625, -65.875, 1.260680887056389e-24, nan 
-15.125, -65.625, 1.9906910166842978e-24, nan 
-14.875, -65.625, 3.586363458371606e-24, nan 
-14.625, -65.625, 2.247185399367267e-24, nan 
-14.375, -65.625, 6.596904083381382e-25, nan 
-14.125, -65.625, 3.2035109192310705e-24, nan 
-13.875, -65.625, 1.0631319114888554e-24, nan 
-13.625, -65.625, 1.2768397183961198e-24, nan 
-13.375, -65.625, 9.435964161933587e-25, nan 
-13.125, -65.625, 1.1217777982832346e-24, nan 
-12.875, -65.625, 4.990918174570707e-25, nan 
-12.625, -65.625, 3.130137439894308e-24, nan 
-12.375, -65.625, 3.83817669312158e-24, nan 
-12.125, -65.625, 6.345453053447624e-25, nan 
-11.875, -65.625, 6.691350392149419e-25, nan 
-11.625, -65.625, 7.207527924995788e-25, nan 
-11.375, -65.625, 4.524511146723359e-25, nan 
-11.125, -65.625, 2.0686115751069256e-25, nan 
-10.875, -65.625, 2.1259813658043767e-25, nan 
-10.625, -65.625, 2.4242684349561314e-25, nan 
-10.375, -65.625, 3.3013848228283047e-25, nan 
-10.125, -65.625, 7.969447235214828e-25, nan 
-9.875, -65.625, 6.306928699118339e-25, nan 
-9.625, -65.625, 6.627499725803213e-25, nan 
-9.375, -65.625, 1.1843689941896555e-24, nan 
-9.125, -65.625, 1.3403240439028435e-24, nan 
-8.875, -65.625, 1.5349067612065582e-24, nan 
-8.625, -65.625, 1.2216882824407724e-24, nan 
-8.375, -65.625, 8.79149767920062e-25, nan 
-8.125, -65.625, 9.666453221056997e-25, nan 
-7.875, -65.625, 1.0622450797044781e-24, nan 
-7.625, -65.625, 5.236188631858778e-25, nan 
-7.375, -65.625, 6.25180477487484e-25, nan 
-7.125, -65.625, 3.23699697421738e-25, nan 
-6.875, -65.625, 5.419665907152865e-25, nan 
-6.625, -65.625, 2.4094164590718644e-25, nan 
-6.375, -65.625, 4.423156138058828e-25, nan 
-6.125, -65.625, 5.222390171831771e-25, nan 
-5.875, -65.625, 4.511380453486369e-25, nan 
-5.625, -65.625, 1.1895042011793628e-24, nan 
-5.375, -65.625, 8.024092379181211e-25, nan 
-5.125, -65.625, 8.909405238294532e-25, nan 
-4.875, -65.625, 1.3193934446623411e-24, nan 
-4.625, -65.625, 1.9001005009365986e-24, nan 
-4.375, -65.625, 1.2282194372018584e-24, nan 
-4.125, -65.625, 1.1546149085937737e-24, nan 
-3.875, -65.625, 1.4688083289086487e-24, nan 
-3.625, -65.625, 1.7751225224926048e-24, nan 
-3.375, -65.625, 1.1482541775082014e-24, nan 
-3.125, -65.625, 1.6079780112383592e-24, nan 
-2.875, -65.625, 2.4297641629698095e-24, nan 
-2.625, -65.625, 1.4687396662286302e-24, nan 
-2.375, -65.625, 1.2860338147816889e-24, nan 
-2.125, -65.625, 2.1758015952522067e-24, nan 
-1.875, -65.625, 1.5835308029507857e-24, nan 
-1.625, -65.625, 1.9406713525556236e-24, nan 
-1.375, -65.625, 2.0301472785956595e-24, nan 
-1.125, -65.625, 1.033251585011621e-24, nan 
-0.875, -65.625, 1.392004890536819e-24, nan 
-0.625, -65.625, 1.9717971565064792e-24, nan 
-0.375, -65.625, 1.1600428985959737e-24, nan 
-0.125, -65.625, 8.89342553590916e-25, nan 
0.125, -65.625, 1.5104803947337366e-24, nan 
0.375, -65.625, 1.402720662424333e-24, nan 
0.625, -65.625, 1.1085995919321714e-24, nan 
-15.125, -65.375, 7.73248572050735e-24, nan 
-14.875, -65.375, 1.2229351621816441e-23, nan 
-14.625, -65.375, 9.53204014195571e-24, nan 
-14.375, -65.375, 9.422005770908874e-24, nan 
-14.125, -65.375, 6.739845587471146e-24, nan 
-13.875, -65.375, 1.3865736499290983e-24, nan 
-13.625, -65.375, 1.5119793268452369e-24, nan 
-13.375, -65.375, 3.563052813358023e-24, nan 
-13.125, -65.375, 1.284314536084136e-24, nan 
-12.875, -65.375, 9.416432428110757e-25, nan 
-12.625, -65.375, 1.1877573523853994e-24, nan 
-12.375, -65.375, 1.0439382306581957e-24, nan 
-12.125, -65.375, 7.112747152386607e-25, nan 
-11.875, -65.375, 6.0450824498688295e-25, nan 
-11.625, -65.375, 4.739896518193279e-25, nan 
-11.375, -65.375, 2.445138003391871e-25, nan 
-11.125, -65.375, 1.2925637187118064e-25, nan 
-10.875, -65.375, 1.550742504395086e-25, nan 
-10.625, -65.375, 1.696168858193747e-25, nan 
-10.375, -65.375, 1.6944998093971979e-25, nan 
-10.125, -65.375, 1.8985229850189752e-25, nan 
-9.875, -65.375, 1.6990398600957133e-25, nan 
-9.625, -65.375, 3.6883481786408554e-25, nan 
-9.375, -65.375, 8.579977495300243e-25, nan 
-9.125, -65.375, 8.065147209099068e-25, nan 
-8.875, -65.375, 9.16188332338631e-25, nan 
-8.625, -65.375, 9.523331734640036e-25, nan 
-8.375, -65.375, 4.3023234609802495e-25, nan 
-8.125, -65.375, 9.880147559306413e-25, nan 
-7.875, -65.375, 6.8168011319174715e-25, nan 
-7.625, -65.375, 4.125059092678312e-25, nan 
-7.375, -65.375, 5.343729762483582e-25, nan 
-7.125, -65.375, 6.475147161699436e-25, nan 
-6.875, -65.375, 3.998104283343477e-25, nan 
-6.625, -65.375, 3.4505594280796278e-25, nan 
-6.375, -65.375, 4.728183605770469e-25, nan 
-6.125, -65.375, 2.6411093305874316e-25, nan 
-5.875, -65.375, 5.977342428142332e-25, nan 
-5.625, -65.375, 6.050835242349895e-25, nan 
-5.375, -65.375, 2.960401086925777e-25, nan 
-5.125, -65.375, 1.2380819697507235e-24, nan 
-4.875, -65.375, 2.114850703790915e-24, nan 
-4.625, -65.375, 1.5336596442798827e-24, nan 
-4.375, -65.375, 1.4877912687154458e-24, nan 
-4.125, -65.375, 2.7372954000036006e-24, nan 
-3.875, -65.375, 2.017444926412363e-24, nan 
-3.625, -65.375, 1.721067716095148e-24, nan 
-3.375, -65.375, 2.3259164450024897e-24, nan 
-3.125, -65.375, 1.8136194647915022e-24, nan 
-2.875, -65.375, 2.7621098140447482e-24, nan 
-2.625, -65.375, 8.425043649672716e-25, nan 
-2.375, -65.375, 9.664848235218506e-25, nan 
-2.125, -65.375, 2.308857172558822e-24, nan 
-1.875, -65.375, 2.0649599813726075e-24, nan 
-1.625, -65.375, 2.375477196462283e-24, nan 
-1.375, -65.375, 2.3003970804436498e-24, nan 
-1.125, -65.375, 1.8026042164096323e-24, nan 
-0.875, -65.375, 1.991512959257167e-24, nan 
-0.625, -65.375, 2.0656648559735822e-24, nan 
-0.375, -65.375, 1.5210805813742327e-24, nan 
-0.125, -65.375, 9.614672427665967e-25, nan 
0.125, -65.375, 1.334721250494534e-24, nan 
0.375, -65.375, 1.264176518265054e-24, nan 
0.625, -65.375, 1.480619089625867e-24, nan 
0.875, -65.375, 1.9186261398595384e-24, nan 
-14.875, -65.125, 1.3637156625688385e-23, nan 
-14.625, -65.125, 1.440283847635587e-23, nan 
-14.375, -65.125, 1.2996549919623447e-23, nan 
-14.125, -65.125, 8.014527437518483e-24, nan 
-13.875, -65.125, 9.161450468432692e-24, nan 
-13.625, -65.125, 8.382691569080249e-24, nan 
-13.375, -65.125, 5.09166538147613e-24, nan 
-13.125, -65.125, 1.0954813008743728e-24, nan 
-12.875, -65.125, 8.75359046620007e-25, nan 
-12.625, -65.125, 1.0969904674716963e-24, nan 
-12.375, -65.125, 7.35209823269291e-25, nan 
-12.125, -65.125, 8.383324961574292e-25, nan 
-11.875, -65.125, 8.794384598312339e-25, nan 
-11.625, -65.125, 3.979692253167342e-25, nan 
-11.375, -65.125, 4.0807217152516136e-25, nan 
-11.125, -65.125, 4.87730834208542e-25, nan 
-10.875, -65.125, 2.266802158502449e-25, nan 
-10.625, -65.125, 1.1123428878627022e-25, nan 
-10.375, -65.125, 2.224643399808509e-25, nan 
-10.125, -65.125, 5.962430675510981e-25, nan 
-9.875, -65.125, 8.727808372334134e-25, nan 
-9.625, -65.125, 1.5348160091786178e-24, nan 
-9.375, -65.125, 1.1835416907171901e-24, nan 
-9.125, -65.125, 1.171823006636929e-24, nan 
-8.875, -65.125, 1.2263162260661276e-24, nan 
-8.625, -65.125, 7.649121393713068e-25, nan 
-8.375, -65.125, 6.428695886333416e-25, nan 
-8.125, -65.125, 1.372392723374349e-24, nan 
-7.875, -65.125, 7.185503060790433e-25, nan 
-7.625, -65.125, 9.717381632271058e-25, nan 
-7.375, -65.125, 1.1332596431502778e-24, nan 
-7.125, -65.125, 7.477903288079518e-25, nan 
-6.875, -65.125, 4.590283508625072e-25, nan 
-6.625, -65.125, 5.065387251666443e-25, nan 
-6.375, -65.125, 4.771201552789652e-25, nan 
-6.125, -65.125, 2.5858385814168517e-25, nan 
-5.875, -65.125, 9.436929993900202e-25, nan 
-5.625, -65.125, 1.9195293205221887e-24, nan 
-5.375, -65.125, 8.770298192355224e-25, nan 
-5.125, -65.125, 7.534151930540123e-25, nan 
-4.875, -65.125, 2.4249986942168954e-24, nan 
-4.625, -65.125, 1.2708301995640975e-24, nan 
-4.375, -65.125, 1.725037828998639e-24, nan 
-4.125, -65.125, 3.564492690271551e-24, nan 
-3.875, -65.125, 3.987986593759761e-24, nan 
-3.625, -65.125, 3.3910407774073646e-24, nan 
-3.375, -65.125, 3.9180776164837664e-24, nan 
-3.125, -65.125, 3.7516152911176205e-24, nan 
-2.875, -65.125, 3.33468042524551e-24, nan 
-2.625, -65.125, 2.913967320652829e-24, nan 
-2.375, -65.125, 2.941175164586971e-24, nan 
-2.125, -65.125, 2.348505858846763e-24, nan 
-1.875, -65.125, 2.011096748648192e-24, nan 
-1.625, -65.125, 2.0040885733628627e-24, nan 
-1.375, -65.125, 1.999207488957671e-24, nan 
-1.125, -65.125, 1.9719290786736233e-24, nan 
-0.875, -65.125, 9.701447378857072e-25, nan 
-0.625, -65.125, 9.41294644316399e-25, nan 
-0.375, -65.125, 1.5971055296101594e-24, nan 
-0.125, -65.125, 1.8554113223599727e-24, nan 
0.125, -65.125, 1.7256560241640798e-24, nan 
0.375, -65.125, 2.019637674442634e-24, nan 
0.625, -65.125, 1.7049347334906205e-24, nan 
0.875, -65.125, 2.4050342119719568e-24, nan 
-14.875, -64.875, 9.13032867814522e-24, nan 
-14.625, -64.875, 6.199473394035663e-24, nan 
-14.375, -64.875, 9.071025523849513e-24, nan 
-14.125, -64.875, 1.4026790077131647e-23, nan 
-13.875, -64.875, 1.1664046702938905e-23, nan 
-13.625, -64.875, 9.233124690883358e-24, nan 
-13.375, -64.875, 1.0573078706673675e-23, nan 
-13.125, -64.875, 6.4709558552899384e-24, nan 
-12.875, -64.875, 2.1109984509733828e-24, nan 
-12.625, -64.875, 1.857539060394445e-24, nan 
-12.375, -64.875, 1.238496283615262e-24, nan 
-12.125, -64.875, 1.1953653702562593e-24, nan 
-11.875, -64.875, 9.325478813334235e-25, nan 
-11.625, -64.875, 3.147388432774293e-25, nan 
-11.375, -64.875, 6.906993798182902e-26, nan 
-11.125, -64.875, 1.8927980423576625e-25, nan 
-10.875, -64.875, 4.943923935444432e-25, nan 
-10.625, -64.875, 6.692904604423564e-25, nan 
-10.375, -64.875, 1.1212668795152763e-24, nan 
-10.125, -64.875, 9.707302497613706e-25, nan 
-9.875, -64.875, 1.1706037168877573e-24, nan 
-9.625, -64.875, 2.101167708835681e-24, nan 
-9.375, -64.875, 1.5250683158499688e-24, nan 
-9.125, -64.875, 1.4552025801174835e-24, nan 
-8.875, -64.875, 1.0609473613788694e-24, nan 
-8.625, -64.875, 9.727037726045632e-25, nan 
-8.375, -64.875, 1.173891059859472e-24, nan 
-8.125, -64.875, 1.2058154582001776e-24, nan 
-7.875, -64.875, 1.0655145666667575e-24, nan 
-7.625, -64.875, 1.67641836701933e-24, nan 
-7.375, -64.875, 2.0603649118620856e-24, nan 
-7.125, -64.875, 1.0378408099964194e-24, nan 
-6.875, -64.875, 9.015549010430829e-25, nan 
-6.625, -64.875, 1.3124995205536173e-24, nan 
-6.375, -64.875, 1.4899872342400614e-24, nan 
-6.125, -64.875, 2.1996567692867873e-24, nan 
-5.875, -64.875, 1.8039576066447065e-24, nan 
-5.625, -64.875, 2.5555149500946836e-24, nan 
-5.375, -64.875, 2.140000278748936e-24, nan 
-5.125, -64.875, 1.612359332388645e-24, nan 
-4.875, -64.875, 8.589760010364738e-24, nan 
-4.625, -64.875, 1.4577061174721374e-23, nan 
-4.375, -64.875, 1.691170230971622e-23, nan 
-4.125, -64.875, 1.8884961561136393e-23, nan 
-3.875, -64.875, 1.808136797437808e-23, nan 
-3.625, -64.875, 1.8866389617947338e-23, nan 
-3.375, -64.875, 1.6985726054897428e-23, nan 
-3.125, -64.875, 7.676170620835645e-24, nan 
-2.875, -64.875, 4.0565684887984514e-24, nan 
-2.625, -64.875, 5.146866239821404e-24, nan 
-2.375, -64.875, 4.565287939654108e-24, nan 
-2.125, -64.875, 4.027057384345566e-24, nan 
-1.875, -64.875, 4.349606969775846e-24, nan 
-1.625, -64.875, 4.066765691572332e-24, nan 
-1.375, -64.875, 2.739553908940872e-24, nan 
-1.125, -64.875, 2.196157390578158e-24, nan 
-0.875, -64.875, 1.892168571107932e-24, nan 
-0.625, -64.875, 1.4123116640865266e-24, nan 
-0.375, -64.875, 6.684273517443314e-25, nan 
-0.125, -64.875, 2.3542191213643905e-24, nan 
0.125, -64.875, 1.983605070187267e-24, nan 
0.375, -64.875, 2.3440196533497328e-24, nan 
0.625, -64.875, 1.784409974321064e-24, nan 
0.875, -64.875, 1.8373330396040992e-24, nan 
-14.625, -64.625, 2.0833166244359447e-23, nan 
-14.375, -64.625, 1.9825534091130808e-23, nan 
-14.125, -64.625, 1.5013302340766787e-23, nan 
-13.875, -64.625, 1.0610471109083322e-23, nan 
-13.625, -64.625, 8.779744738683931e-24, nan 
-13.375, -64.625, 5.765283817669755e-24, nan 
-13.125, -64.625, 2.0321121379764395e-24, nan 
-12.875, -64.625, 1.8271701791898348e-24, nan 
-12.625, -64.625, 1.7230963069844588e-24, nan 
-12.375, -64.625, 1.6353617413967843e-24, nan 
-12.125, -64.625, 1.5707657816136746e-24, nan 
-11.875, -64.625, 1.5481103257451602e-24, nan 
-11.625, -64.625, 7.652022254834487e-25, nan 
-11.375, -64.625, 4.436594399883027e-25, nan 
-11.125, -64.625, 1.884260465806452e-25, nan 
-10.875, -64.625, 3.000070815925419e-25, nan 
-10.625, -64.625, 4.34026364546626e-25, nan 
-10.375, -64.625, 1.1836989190756393e-24, nan 
-10.125, -64.625, 9.477091672066519e-25, nan 
-9.875, -64.625, 7.388551474564595e-25, nan 
-9.625, -64.625, 2.1290317465619575e-24, nan 
-9.375, -64.625, 1.0522810830055182e-24, nan 
-9.125, -64.625, 1.4601464354434281e-24, nan 
-8.875, -64.625, 8.690095780122032e-25, nan 
-8.625, -64.625, 6.895816305988847e-25, nan 
-8.375, -64.625, 2.2695240988878814e-25, nan 
-8.125, -64.625, 2.3968431795690145e-25, nan 
-7.875, -64.625, 8.011417712116095e-25, nan 
-7.625, -64.625, 1.1757172427210595e-24, nan 
-7.375, -64.625, 1.3301786391821807e-24, nan 
-7.125, -64.625, 9.580876161932391e-25, nan 
-6.875, -64.625, 1.585582933942215e-24, nan 
-6.625, -64.625, 2.1043689977240523e-24, nan 
-6.375, -64.625, 2.659800347654352e-24, nan 
-6.125, -64.625, 2.727839758531148e-24, nan 
-5.875, -64.625, 3.5848144474179136e-24, nan 
-5.625, -64.625, 6.870909838686958e-24, nan 
-5.375, -64.625, 1.54375887968654e-23, nan 
-5.125, -64.625, 1.8617725298037162e-23, nan 
-4.875, -64.625, 1.852814270253957e-23, nan 
-4.625, -64.625, 2.3696068654729801e-23, nan 
-4.375, -64.625, 2.496147833948248e-23, nan 
-4.125, -64.625, 2.3887550408238298e-23, nan 
-3.875, -64.625, 2.302058028429682e-23, nan 
-3.625, -64.625, 2.607441565633674e-23, nan 
-3.375, -64.625, 2.3270028953933967e-23, nan 
-3.125, -64.625, 1.4139387721691068e-23, nan 
-2.875, -64.625, 1.9128794776863063e-23, nan 
-2.625, -64.625, 1.589137433722417e-23, nan 
-2.375, -64.625, 5.811642784608676e-24, nan 
-2.125, -64.625, 4.568512844698549e-24, nan 
-1.875, -64.625, 4.957090103106045e-24, nan 
-1.625, -64.625, 3.2619172522732994e-24, nan 
-1.375, -64.625, 4.333921308694737e-24, nan 
-1.125, -64.625, 3.847833336467995e-24, nan 
-0.875, -64.625, 5.646263071667219e-24, nan 
-0.625, -64.625, 3.816993925142581e-24, nan 
-0.375, -64.625, 4.827984580327739e-24, nan 
-0.125, -64.625, 2.724391412633e-24, nan 
0.125, -64.625, 7.131276870143014e-25, nan 
0.375, -64.625, 1.9614133714864855e-24, nan 
0.625, -64.625, 1.0935892757426e-24, nan 
0.875, -64.625, 1.1219412110877215e-24, nan 
1.125, -64.625, 1.6714148545884193e-24, nan 
-14.625, -64.375, 1.7669833043022935e-23, nan 
-14.375, -64.375, 1.7459441960828535e-23, nan 
-14.125, -64.375, 1.3003418627969673e-23, nan 
-13.875, -64.375, 5.433417960842751e-24, nan 
-13.625, -64.375, 4.897079399858357e-24, nan 
-13.375, -64.375, 6.589914881050491e-24, nan 
-13.125, -64.375, 8.099039674977941e-24, nan 
-12.875, -64.375, 8.665552936723339e-24, nan 
-12.625, -64.375, 4.884096840923791e-24, nan 
-12.375, -64.375, 2.4783629427350442e-24, nan 
-12.125, -64.375, 1.5826129162085967e-24, nan 
-11.875, -64.375, 1.8952601395046435e-24, nan 
-11.625, -64.375, 1.8333270864016726e-24, nan 
-11.375, -64.375, 1.2723770040253583e-24, nan 
-11.125, -64.375, 6.508485974281194e-25, nan 
-10.875, -64.375, 3.487446211189024e-25, nan 
-10.625, -64.375, 2.3388638561219355e-25, nan 
-10.375, -64.375, 2.363987591538105e-25, nan 
-10.125, -64.375, 1.3203532539941029e-24, nan 
-9.875, -64.375, 1.848789163997441e-24, nan 
-9.625, -64.375, 1.807968139980158e-24, nan 
-9.375, -64.375, 1.990845557028778e-24, nan 
-9.125, -64.375, 3.2526259189866433e-24, nan 
-8.875, -64.375, 7.437315453460999e-25, nan 
-8.625, -64.375, 8.065841958829474e-25, nan 
-8.375, -64.375, 1.2731322720374637e-24, nan 
-8.125, -64.375, 4.93255460519193e-25, nan 
-7.875, -64.375, 4.031544379170712e-25, nan 
-7.625, -64.375, 3.350141871046039e-25, nan 
-7.375, -64.375, 1.450544354621328e-24, nan 
-7.125, -64.375, 2.2502498779678344e-24, nan 
-6.875, -64.375, 1.5543334080332375e-24, nan 
-6.625, -64.375, 1.974416951289446e-24, nan 
-6.375, -64.375, 3.3801725010981825e-24, nan 
-6.125, -64.375, 3.538105557669535e-24, nan 
-5.875, -64.375, 1.2954510247416041e-23, nan 
-5.625, -64.375, 1.754230180223175e-23, nan 
-5.375, -64.375, 2.0827760429904817e-23, nan 
-5.125, -64.375, 2.7694472904426886e-23, nan 
-4.875, -64.375, 2.2529452544398817e-23, nan 
-4.625, -64.375, 2.017942407293163e-23, nan 
-4.375, -64.375, 1.2598542597030591e-23, nan 
-4.125, -64.375, 6.825074911275601e-24, nan 
-3.875, -64.375, 1.8765556909959398e-23, nan 
-3.625, -64.375, 2.1250291348111848e-23, nan 
-3.375, -64.375, 2.4591103156135914e-23, nan 
-3.125, -64.375, 1.8934229467361182e-23, nan 
-2.875, -64.375, 2.1466883328178864e-23, nan 
-2.625, -64.375, 2.3763050786614157e-23, nan 
-2.375, -64.375, 1.1219597314651151e-23, nan 
-2.125, -64.375, 4.832442210099764e-24, nan 
-1.875, -64.375, 5.504165561702443e-24, nan 
-1.625, -64.375, 5.637827698722557e-24, nan 
-1.375, -64.375, 4.768809148549866e-24, nan 
-1.125, -64.375, 3.2950700155328176e-24, nan 
-0.875, -64.375, 7.355159091882021e-24, nan 
-0.625, -64.375, 5.786096123622361e-24, nan 
-0.375, -64.375, 6.4182326727907065e-24, nan 
-0.125, -64.375, 4.969090132002975e-24, nan 
0.125, -64.375, 4.71540471620711e-24, nan 
0.375, -64.375, 4.187115510193261e-24, nan 
0.625, -64.375, 3.5021520657537716e-24, nan 
0.875, -64.375, 1.7135271314888242e-24, nan 
1.125, -64.375, 3.372677790425098e-24, nan 
-14.375, -64.125, 3.6715913485358996e-24, nan 
-14.125, -64.125, 5.740358200935253e-24, nan 
-13.875, -64.125, 4.681333961310161e-24, nan 
-13.625, -64.125, 2.8082948758261807e-24, nan 
-13.375, -64.125, 7.38595104646928e-24, nan 
-13.125, -64.125, 1.1604350366085748e-23, nan 
-12.875, -64.125, 1.162672369971608e-23, nan 
-12.625, -64.125, 7.347080581586837e-24, nan 
-12.375, -64.125, 8.355242110040894e-24, nan 
-12.125, -64.125, 7.655509238855542e-24, nan 
-11.875, -64.125, 4.4048167562678235e-24, nan 
-11.625, -64.125, 2.72730766886552e-24, nan 
-11.375, -64.125, 1.8815841791113053e-24, nan 
-11.125, -64.125, 2.1268264208738707e-24, nan 
-10.875, -64.125, 1.7183354625742457e-24, nan 
-10.625, -64.125, 1.2447089101815906e-24, nan 
-10.375, -64.125, 3.7099908528577824e-25, nan 
-10.125, -64.125, 3.5518241585047575e-25, nan 
-9.875, -64.125, 3.2964404199873276e-25, nan 
-9.625, -64.125, 4.819745752455192e-25, nan 
-9.375, -64.125, 1.5822489023789087e-24, nan 
-9.125, -64.125, 2.2182677919821222e-24, nan 
-8.875, -64.125, 6.424317613642377e-25, nan 
-8.625, -64.125, 5.227581309228317e-25, nan 
-8.375, -64.125, 4.895071057604331e-25, nan 
-8.125, -64.125, 2.1457224923643213e-25, nan 
-7.875, -64.125, 6.12369301391625e-25, nan 
-7.625, -64.125, 3.8477445546834395e-25, nan 
-7.375, -64.125, 1.1506403450108995e-24, nan 
-7.125, -64.125, 2.619124282193356e-24, nan 
-6.875, -64.125, 1.3005875360139564e-24, nan 
-6.625, -64.125, 1.2885359990756221e-24, nan 
-6.375, -64.125, 3.40206010039832e-24, nan 
-6.125, -64.125, 3.592382328613849e-24, nan 
-5.875, -64.125, 1.9316913982185477e-24, nan 
-5.625, -64.125, 2.217423735987922e-23, nan 
-5.375, -64.125, 3.04353254180214e-23, nan 
-5.125, -64.125, 3.198223477958699e-23, nan 
-4.875, -64.125, 4.260821597937803e-23, nan 
-4.625, -64.125, 4.653927396096425e-23, nan 
-4.375, -64.125, 3.793013089312958e-23, nan 
-4.125, -64.125, 2.961081256435817e-23, nan 
-3.875, -64.125, 2.985002028428864e-23, nan 
-3.625, -64.125, 2.51101066600141e-23, nan 
-3.375, -64.125, 2.814332334532582e-23, nan 
-3.125, -64.125, 2.6049920479585772e-23, nan 
-2.875, -64.125, 2.227867197110932e-23, nan 
-2.625, -64.125, 1.8780845513161734e-23, nan 
-2.375, -64.125, 1.1340634887153896e-23, nan 
-2.125, -64.125, 6.521172502964585e-24, nan 
-1.875, -64.125, 4.3153845423529915e-24, nan 
-1.625, -64.125, 3.579008048428959e-24, nan 
-1.375, -64.125, 1.3988018348840708e-24, nan 
-1.125, -64.125, 1.679646156401508e-24, nan 
-0.875, -64.125, 2.095742716588258e-24, nan 
-0.625, -64.125, 3.860059997219175e-24, nan 
-0.375, -64.125, 4.10661290035475e-24, nan 
-0.125, -64.125, 2.7294872023735246e-24, nan 
0.125, -64.125, 6.4688501095956e-24, nan 
0.375, -64.125, 4.948824847177825e-24, nan 
0.625, -64.125, 5.11584292202621e-24, nan 
0.875, -64.125, 7.79507007871002e-24, nan 
1.125, -64.125, 7.220732604822198e-24, nan 
-14.375, -63.875, 3.093301393325158e-24, nan 
-14.125, -63.875, 6.4378125851138515e-24, nan 
-13.875, -63.875, 5.189122181046097e-24, nan 
-13.625, -63.875, 3.433132474289331e-24, nan 
-13.375, -63.875, 4.72378598654783e-24, nan 
-13.125, -63.875, 7.159745293252142e-24, nan 
-12.875, -63.875, 8.057878137716295e-24, nan 
-12.625, -63.875, 7.75752732595265e-24, nan 
-12.375, -63.875, 7.328317846797288e-24, nan 
-12.125, -63.875, 7.501545437504877e-24, nan 
-11.875, -63.875, 7.002072225161813e-24, nan 
-11.625, -63.875, 6.119608903699623e-24, nan 
-11.375, -63.875, 2.480771384255912e-24, nan 
-11.125, -63.875, 3.1005432099763954e-24, nan 
-10.875, -63.875, 2.2850067261707966e-24, nan 
-10.625, -63.875, 1.8620095178733224e-24, nan 
-10.375, -63.875, 1.4048578278857084e-24, nan 
-10.125, -63.875, 1.0856040866368515e-24, nan 
-9.875, -63.875, 1.045107689338692e-24, nan 
-9.625, -63.875, 4.435931150991205e-25, nan 
-9.375, -63.875, 3.922640872533254e-25, nan 
-9.125, -63.875, 2.997149209427199e-25, nan 
-8.875, -63.875, 5.67933131187025e-25, nan 
-8.625, -63.875, 5.324041249644444e-25, nan 
-8.375, -63.875, 3.418826161119473e-25, nan 
-8.125, -63.875, 9.334611179350145e-25, nan 
-7.875, -63.875, 1.5708240088337363e-24, nan 
-7.625, -63.875, 7.519209069144344e-25, nan 
-7.375, -63.875, 1.8589497759381334e-24, nan 
-7.125, -63.875, 2.2840406329304583e-24, nan 
-6.875, -63.875, 1.4838267504846137e-24, nan 
-6.625, -63.875, 1.904558119573436e-24, nan 
-6.375, -63.875, 3.403122481763307e-24, nan 
-6.125, -63.875, 2.527097315045167e-24, nan 
-5.875, -63.875, 1.6053259509623813e-24, nan 
-5.625, -63.875, 2.7457492298226664e-24, nan 
-5.375, -63.875, 5.596114499838566e-24, nan 
-5.125, -63.875, 1.0021720804409963e-23, nan 
-4.875, -63.875, 4.276941944144191e-23, nan 
-4.625, -63.875, 4.217291045384463e-23, nan 
-4.375, -63.875, 3.799191034346529e-23, nan 
-4.125, -63.875, 4.3149184921865966e-23, nan 
-3.875, -63.875, 4.281909022279945e-23, nan 
-3.625, -63.875, 3.373714866526934e-23, nan 
-3.375, -63.875, 2.4465286464494686e-23, nan 
-3.125, -63.875, 2.915719170063058e-23, nan 
-2.875, -63.875, 2.510297777883602e-23, nan 
-2.625, -63.875, 1.2402470435964764e-23, nan 
-2.375, -63.875, 7.89264959512956e-24, nan 
-2.125, -63.875, 9.139754354013424e-24, nan 
-1.875, -63.875, 6.873602939612228e-24, nan 
-1.625, -63.875, 3.506133732796932e-24, nan 
-1.375, -63.875, 2.9059486869923285e-24, nan 
-1.125, -63.875, 2.235835319336605e-24, nan 
-0.875, -63.875, 3.1738718778434016e-24, nan 
-0.625, -63.875, 5.122627570282213e-24, nan 
-0.375, -63.875, 4.5658053459093675e-24, nan 
-0.125, -63.875, 5.786752081253814e-24, nan 
0.125, -63.875, 7.58635510014474e-24, nan 
0.375, -63.875, 3.923782596578543e-24, nan 
0.625, -63.875, 6.350484738810463e-24, nan 
0.875, -63.875, 1.085494308125134e-23, nan 
1.125, -63.875, 1.044263063801045e-23, nan 
1.375, -63.875, 7.461456471686224e-24, nan 
-14.125, -63.625, 7.808079429777178e-24, nan 
-13.875, -63.625, 7.18092798555381e-24, nan 
-13.625, -63.625, 5.430556411445691e-24, nan 
-13.375, -63.625, 5.0130928539072606e-24, nan 
-13.125, -63.625, 7.173553329313366e-24, nan 
-12.875, -63.625, 6.48872305087928e-24, nan 
-12.625, -63.625, 6.410203107752143e-24, nan 
-12.375, -63.625, 3.943036165640121e-24, nan 
-12.125, -63.625, 6.1964457104613726e-24, nan 
-11.875, -63.625, 7.61951457554343e-24, nan 
-11.625, -63.625, 6.894769334959925e-24, nan 
-11.375, -63.625, 4.783150053920025e-24, nan 
-11.125, -63.625, 6.2481894886824615e-24, nan 
-10.875, -63.625, 5.726496115862047e-24, nan 
-10.625, -63.625, 3.0824317902384824e-24, nan 
-10.375, -63.625, 2.5076937818389532e-24, nan 
-10.125, -63.625, 2.2794169650228474e-24, nan 
-9.875, -63.625, 1.3105116422996113e-24, nan 
-9.625, -63.625, 4.601544488631649e-25, nan 
-9.375, -63.625, 2.0895172110905825e-24, nan 
-9.125, -63.625, 6.539458723735619e-24, nan 
-8.875, -63.625, 4.387512078255081e-25, nan 
-8.625, -63.625, 5.7350071135333e-25, nan 
-8.375, -63.625, 5.487256383588791e-25, nan 
-8.125, -63.625, 2.6931488671749394e-25, nan 
-7.875, -63.625, 1.0401860319299072e-24, nan 
-7.625, -63.625, 1.1651093509591603e-24, nan 
-7.375, -63.625, 3.2210857840592527e-24, nan 
-7.125, -63.625, 2.3356372378115153e-24, nan 
-6.875, -63.625, 1.506410045380652e-24, nan 
-6.625, -63.625, 2.3562673098751176e-24, nan 
-6.375, -63.625, 4.057365380453681e-24, nan 
-6.125, -63.625, 3.414874770144558e-24, nan 
-5.875, -63.625, 3.71401598165483e-24, nan 
-5.625, -63.625, 7.271644896979829e-24, nan 
-5.375, -63.625, 4.067144157582707e-24, nan 
-5.125, -63.625, 2.5529675110699908e-24, nan 
-4.875, -63.625, 8.058061672486692e-24, nan 
-4.625, -63.625, 5.728405021394441e-24, nan 
-4.375, -63.625, 1.8809970397112352e-23, nan 
-4.125, -63.625, 2.878892035897451e-23, nan 
-3.875, -63.625, 3.181147925824354e-23, nan 
-3.625, -63.625, 3.0943261716980556e-23, nan 
-3.375, -63.625, 1.2919663097227605e-23, nan 
-3.125, -63.625, 1.3840332126114833e-23, nan 
-2.875, -63.625, 1.428098827202967e-23, nan 
-2.625, -63.625, 1.3352639066574843e-23, nan 
-2.375, -63.625, 6.234704595392974e-24, nan 
-2.125, -63.625, 1.2809572170531064e-23, nan 
-1.875, -63.625, 9.486004059176613e-24, nan 
-1.625, -63.625, 8.758777393534664e-24, nan 
-1.375, -63.625, 1.2896196090543797e-23, nan 
-1.125, -63.625, 1.0234342549473555e-23, nan 
-0.875, -63.625, 1.2620068482654228e-23, nan 
-0.625, -63.625, 1.1231689446777979e-23, nan 
-0.375, -63.625, 8.059741569795575e-24, nan 
-0.125, -63.625, 1.1544785953463833e-23, nan 
0.125, -63.625, 1.5223879362576246e-23, nan 
0.375, -63.625, 6.69290652184102e-24, nan 
0.625, -63.625, 1.1341679971351735e-23, nan 
0.875, -63.625, 1.5552168308337767e-23, nan 
1.125, -63.625, 1.3034187092386423e-23, nan 
1.375, -63.625, 1.337301855739568e-23, nan 
-13.875, -63.375, 4.160007332977471e-24, nan 
-13.625, -63.375, 3.3656773206805045e-24, nan 
-13.375, -63.375, 3.0545009924032228e-24, nan 
-13.125, -63.375, 3.0295299433375736e-24, nan 
-12.875, -63.375, 3.873187242546452e-24, nan 
-12.625, -63.375, 4.371432996618694e-24, nan 
-12.375, -63.375, 4.0115516144190515e-24, nan 
-12.125, -63.375, 5.443024578208501e-24, nan 
-11.875, -63.375, 8.030628682189869e-24, nan 
-11.625, -63.375, 5.726586344313811e-24, nan 
-11.375, -63.375, 6.17436125367221e-24, nan 
-11.125, -63.375, 8.152701136991549e-24, nan 
-10.875, -63.375, 7.256490328157284e-24, nan 
-10.625, -63.375, 4.263460423081476e-24, nan 
-10.375, -63.375, 4.175459647017963e-24, nan 
-10.125, -63.375, 5.546900006991522e-24, nan 
-9.875, -63.375, 7.36030575975152e-24, nan 
-9.625, -63.375, 1.1185976405198647e-24, nan 
-9.375, -63.375, 5.000127718822843e-24, nan 
-9.125, -63.375, 1.640850824661081e-23, nan 
-8.875, -63.375, 2.1856682290641107e-24, nan 
-8.625, -63.375, 3.147395714516904e-24, nan 
-8.375, -63.375, 7.137458176516992e-24, nan 
-8.125, -63.375, 3.430557047209242e-24, nan 
-7.875, -63.375, 2.756577381737501e-24, nan 
-7.625, -63.375, 2.9164859464683568e-24, nan 
-7.375, -63.375, 6.139809674604918e-24, nan 
-7.125, -63.375, 4.716270759900907e-24, nan 
-6.875, -63.375, 2.331241669903604e-24, nan 
-6.625, -63.375, 3.601802108906715e-24, nan 
-6.375, -63.375, 2.3935220143678986e-24, nan 
-6.125, -63.375, 2.720536733135088e-24, nan 
-5.875, -63.375, 4.314639085968783e-24, nan 
-5.625, -63.375, 8.869871350534054e-24, nan 
-5.375, -63.375, 5.788351438356173e-24, nan 
-5.125, -63.375, 4.544821026157674e-24, nan 
-4.875, -63.375, 5.836520535071453e-24, nan 
-4.625, -63.375, 1.053485699176915e-23, nan 
-4.375, -63.375, 1.340709351076978e-23, nan 
-4.125, -63.375, 1.490265522166175e-23, nan 
-3.875, -63.375, 1.635589817326513e-23, nan 
-3.625, -63.375, 1.618996293111951e-23, nan 
-3.375, -63.375, 1.923908251183773e-23, nan 
-3.125, -63.375, 9.141617332432776e-24, nan 
-2.875, -63.375, 1.5319424231316306e-23, nan 
-2.625, -63.375, 1.2345640267785247e-23, nan 
-2.375, -63.375, 1.2907443897787724e-23, nan 
-2.125, -63.375, 1.9771490457273322e-23, nan 
-1.875, -63.375, 1.9235848477206386e-23, nan 
-1.625, -63.375, 2.4008252463796352e-23, nan 
-1.375, -63.375, 2.4209098369717816e-23, nan 
-1.125, -63.375, 2.1879774678990186e-23, nan 
-0.875, -63.375, 2.8929125137592155e-23, nan 
-0.625, -63.375, 1.0436097853387835e-23, nan 
-0.375, -63.375, 1.2959474141156675e-23, nan 
-0.125, -63.375, 1.747424667126819e-23, nan 
0.125, -63.375, 2.295478442887671e-23, nan 
0.375, -63.375, 2.425740844908478e-23, nan 
0.625, -63.375, 4.098264620092898e-23, nan 
0.875, -63.375, 1.809345565504871e-23, nan 
1.125, -63.375, 3.495162877974753e-23, nan 
1.375, -63.375, 4.425712890404136e-23, nan 
-13.875, -63.125, 7.818457821510163e-24, nan 
-13.625, -63.125, 6.253586150224745e-24, nan 
-13.375, -63.125, 7.789254524898106e-24, nan 
-13.125, -63.125, 7.076064312855952e-24, nan 
-12.875, -63.125, 9.501616500459276e-24, nan 
-12.625, -63.125, 1.0992752041074928e-23, nan 
-12.375, -63.125, 1.0386902008603894e-23, nan 
-12.125, -63.125, 1.5719601169497824e-23, nan 
-11.875, -63.125, 1.5978254751018945e-23, nan 
-11.625, -63.125, 1.0884037636735962e-23, nan 
-11.375, -63.125, 1.0160775493409795e-23, nan 
-11.125, -63.125, 1.5054855599245605e-23, nan 
-10.875, -63.125, 1.1503488167070814e-23, nan 
-10.625, -63.125, 4.76552656130703e-24, nan 
-10.375, -63.125, 7.139942876791572e-24, nan 
-10.125, -63.125, 4.832040974044449e-24, nan 
-9.875, -63.125, 5.230973847000991e-24, nan 
-9.625, -63.125, 1.9354153551495233e-24, nan 
-9.375, -63.125, 6.2688056397005495e-24, nan 
-9.125, -63.125, 1.6372828914453243e-23, nan 
-8.875, -63.125, 7.384069403467297e-24, nan 
-8.625, -63.125, 8.851739814075926e-24, nan 
-8.375, -63.125, 6.156487810513327e-24, nan 
-8.125, -63.125, 9.026070897113958e-24, nan 
-7.875, -63.125, 1.0277119011639583e-23, nan 
-7.625, -63.125, 8.70266415017499e-24, nan 
-7.375, -63.125, 6.932087688062533e-24, nan 
-7.125, -63.125, 1.088101385385459e-23, nan 
-6.875, -63.125, 4.177730410150674e-24, nan 
-6.625, -63.125, 6.448346279727546e-24, nan 
-6.375, -63.125, 8.132493047669547e-24, nan 
-6.125, -63.125, 5.065856450735637e-24, nan 
-5.875, -63.125, 4.6739762143993476e-24, nan 
-5.625, -63.125, 1.8312175644764775e-24, nan 
-5.375, -63.125, 9.730256147643824e-24, nan 
-5.125, -63.125, 1.2885790849942177e-23, nan 
-4.875, -63.125, 1.1314226103305743e-23, nan 
-4.625, -63.125, 1.9534189907989047e-23, nan 
-4.375, -63.125, 3.049564198426238e-23, nan 
-4.125, -63.125, 1.409805238740013e-23, nan 
-3.875, -63.125, 2.4031691508753657e-23, nan 
-3.625, -63.125, 2.3147387830089574e-23, nan 
-3.375, -63.125, 2.5327404683217328e-23, nan 
-3.125, -63.125, 2.1468530822702632e-23, nan 
-2.875, -63.125, 3.3744649985796995e-23, nan 
-2.625, -63.125, 2.948210083740394e-23, nan 
-2.375, -63.125, 2.6506283611137686e-23, nan 
-2.125, -63.125, 2.545077784216342e-23, nan 
-1.875, -63.125, 3.770545495693103e-23, nan 
-1.625, -63.125, 5.331775154292588e-23, nan 
-1.375, -63.125, 3.7937553974949655e-23, nan 
-1.125, -63.125, 1.7715003327324934e-23, nan 
-0.875, -63.125, 1.6043746393031615e-23, nan 
-0.625, -63.125, 1.5343470561967483e-23, nan 
-0.375, -63.125, 2.489000284386096e-23, nan 
-0.125, -63.125, 2.71828235309708e-23, nan 
0.125, -63.125, 2.885691320588031e-23, nan 
0.375, -63.125, 1.0456892423278242e-22, nan 
0.625, -63.125, 9.645437237104327e-23, nan 
0.875, -63.125, 7.810383898481676e-23, nan 
1.125, -63.125, 1.6809479447155502e-22, nan 
1.375, -63.125, 7.273019653180259e-23, nan 
-13.625, -62.875, 7.879524036027364e-24, nan 
-13.375, -62.875, 9.286215400916702e-24, nan 
-13.125, -62.875, 9.397840923228667e-24, nan 
-12.875, -62.875, 1.020833602691246e-23, nan 
-12.625, -62.875, 1.542519715738694e-23, nan 
-12.375, -62.875, 1.7477075910727932e-23, nan 
-12.125, -62.875, 1.8347155250073088e-23, nan 
-11.875, -62.875, 2.6169517784912344e-23, nan 
-11.625, -62.875, 2.3413829458204634e-23, nan 
-11.375, -62.875, 7.81543439398316e-24, nan 
-11.125, -62.875, 1.9271740351770994e-23, nan 
-10.875, -62.875, 1.6095366122087776e-23, nan 
-10.625, -62.875, 6.453717267201208e-24, nan 
-10.375, -62.875, 5.5183668714920484e-24, nan 
-10.125, -62.875, 5.076811371930859e-24, nan 
-9.875, -62.875, 9.601981444098985e-24, nan 
-9.625, -62.875, 1.938247433596994e-23, nan 
-9.375, -62.875, 2.1201041224688066e-23, nan 
-9.125, -62.875, 1.2907389138463152e-23, nan 
-8.875, -62.875, 1.4330600090720332e-23, nan 
-8.625, -62.875, 1.6722344605056648e-23, nan 
-8.375, -62.875, 2.1437867793795615e-23, nan 
-8.125, -62.875, 3.113268611949932e-23, nan 
-7.875, -62.875, 2.962418002648075e-23, nan 
-7.625, -62.875, 3.1999602524363526e-23, nan 
-7.375, -62.875, 3.2189391061682484e-23, nan 
-7.125, -62.875, 1.9243308216397938e-23, nan 
-6.875, -62.875, 1.1928919962616806e-23, nan 
-6.625, -62.875, 1.9649286761652712e-23, nan 
-6.375, -62.875, 2.1202964017430677e-23, nan 
-6.125, -62.875, 2.4323503175173128e-23, nan 
-5.875, -62.875, 1.8350522145628896e-23, nan 
-5.625, -62.875, 1.2147294847295547e-23, nan 
-5.375, -62.875, 3.318255037590787e-23, nan 
-5.125, -62.875, 2.6820313936733205e-23, nan 
-4.875, -62.875, 2.2091402487550297e-23, nan 
-4.625, -62.875, 6.348332176335513e-23, nan 
-4.375, -62.875, 4.9597622739915637e-23, nan 
-4.125, -62.875, 6.004732191752876e-23, nan 
-3.875, -62.875, 8.64529646698176e-23, nan 
-3.625, -62.875, 5.491220894359419e-23, nan 
-3.375, -62.875, 6.756764382417573e-23, nan 
-3.125, -62.875, 7.674041978515834e-23, nan 
-2.875, -62.875, 6.844908024658048e-23, nan 
-2.625, -62.875, 1.0394004315818066e-22, nan 
-2.375, -62.875, 9.170655969794027e-23, nan 
-2.125, -62.875, 1.8434926848782062e-22, nan 
-1.875, -62.875, 1.910706057539641e-22, nan 
-1.625, -62.875, 2.599201139020932e-22, nan 
-1.375, -62.875, 3.9597988904742587e-22, nan 
-1.125, -62.875, 2.0803254261504642e-22, nan 
-0.875, -62.875, 2.237371939618838e-22, nan 
-0.625, -62.875, 3.0119363254668645e-22, nan 
-0.375, -62.875, 1.9651730795357426e-22, nan 
-0.125, -62.875, 2.5753044300495874e-22, nan 
0.125, -62.875, 3.532095917207402e-22, nan 
0.375, -62.875, 7.791804808758034e-22, nan 
0.625, -62.875, 1.0027101159964822e-21, nan 
0.875, -62.875, 1.0060255344691122e-21, nan 
1.125, -62.875, 1.7616548979122785e-21, nan 
1.375, -62.875, 1.0987171599984961e-21, nan 
-13.625, -62.625, 1.002416022180128e-23, nan 
-13.375, -62.625, 6.4877513981659145e-24, nan 
-13.125, -62.625, 1.2171364197232117e-23, nan 
-12.875, -62.625, 1.2259061940704454e-23, nan 
-12.625, -62.625, 1.152074632469175e-23, nan 
-12.375, -62.625, 1.4322476709066383e-23, nan 
-12.125, -62.625, 1.4087562055281082e-23, nan 
-11.875, -62.625, 2.975321241145148e-23, nan 
-11.625, -62.625, 2.8387185121444687e-23, nan 
-11.375, -62.625, 1.657991485341547e-23, nan 
-11.125, -62.625, 1.7157756376847915e-23, nan 
-10.875, -62.625, 6.637766484572157e-24, nan 
-10.625, -62.625, 1.1307901580892844e-23, nan 
-10.375, -62.625, 3.700568817096066e-23, nan 
-10.125, -62.625, 5.078612005305114e-23, nan 
-9.875, -62.625, 2.536232478438943e-23, nan 
-9.625, -62.625, 4.400025712779144e-23, nan 
-9.375, -62.625, 5.734594814439805e-23, nan 
-9.125, -62.625, 2.5042261159489665e-23, nan 
-8.875, -62.625, 3.0202583870811803e-23, nan 
-8.625, -62.625, 3.875526704174251e-23, nan 
-8.375, -62.625, 5.50287460558012e-23, nan 
-8.125, -62.625, 8.544585644536375e-23, nan 
-7.875, -62.625, 1.0816286503812414e-22, nan 
-7.625, -62.625, 1.3042177412549902e-22, nan 
-7.375, -62.625, 1.5308839714769767e-22, nan 
-7.125, -62.625, 1.2322776421152253e-22, nan 
-6.875, -62.625, 1.342386326361339e-22, nan 
-6.625, -62.625, 1.8819036228873413e-22, nan 
-6.375, -62.625, 1.315163540905698e-22, nan 
-6.125, -62.625, 8.879156868011447e-23, nan 
-5.875, -62.625, 1.4868916645892783e-22, nan 
-5.625, -62.625, 1.6249205211479225e-22, nan 
-5.375, -62.625, 6.797231459752226e-23, nan 
-5.125, -62.625, 2.016332595897659e-22, nan 
-4.875, -62.625, 3.05896585939503e-22, nan 
-4.625, -62.625, 4.686503733332602e-22, nan 
-4.375, -62.625, 3.1068085734575136e-22, nan 
-4.125, -62.625, 9.388669685346162e-22, nan 
-3.875, -62.625, 1.3868285966745449e-21, nan 
-3.625, -62.625, 8.158514528144531e-22, nan 
-3.375, -62.625, 1.5354184863773768e-21, nan 
-3.125, -62.625, 1.7671725436959178e-21, nan 
-2.875, -62.625, 3.8342368662707225e-21, nan 
-2.625, -62.625, 4.978337697233745e-21, nan 
-2.375, -62.625, 9.187182286291648e-21, nan 
-2.125, -62.625, 1.4882741368750176e-20, nan 
-1.875, -62.625, 1.583507966614137e-20, nan 
-1.625, -62.625, 1.2673976089974753e-20, nan 
-1.375, -62.625, 1.4328255756724122e-20, nan 
-1.125, -62.625, 1.0325875968511373e-20, nan 
-0.875, -62.625, 7.855264490116447e-21, nan 
-0.625, -62.625, 5.564539065980657e-21, nan 
-0.375, -62.625, 4.588530460622998e-21, nan 
-0.125, -62.625, 3.476490549469366e-21, nan 
0.125, -62.625, 1.3906127404541006e-21, nan 
0.375, -62.625, 2.4866242240749125e-21, nan 
0.625, -62.625, 2.075103316373952e-21, nan 
0.875, -62.625, 1.2542050307237505e-21, nan 
1.125, -62.625, 1.244594846219534e-21, nan 
1.375, -62.625, 5.898376081334943e-22, nan 
1.625, -62.625, 7.877083386148756e-22, nan 
-13.375, -62.375, 1.2820387092282469e-23, nan 
-13.125, -62.375, 2.1903313943471827e-23, nan 
-12.875, -62.375, 2.4873380096520278e-23, nan 
-12.625, -62.375, 1.7422913264123625e-23, nan 
-12.375, -62.375, 2.1575209982540568e-23, nan 
-12.125, -62.375, 1.4594501563496932e-23, nan 
-11.875, -62.375, 2.7895378195083025e-23, nan 
-11.625, -62.375, 3.924022285807006e-23, nan 
-11.375, -62.375, 5.316075000260497e-23, nan 
-11.125, -62.375, 9.595564874486144e-23, nan 
-10.875, -62.375, 1.1645458308207682e-22, nan 
-10.625, -62.375, 1.4791766248963394e-22, nan 
-10.375, -62.375, 1.4161428865556145e-22, nan 
-10.125, -62.375, 1.7393882802552928e-22, nan 
-9.875, -62.375, 1.065518133135386e-22, nan 
-9.625, -62.375, 7.618766120285796e-23, nan 
-9.375, -62.375, 5.486666070510405e-23, nan 
-9.125, -62.375, 1.6529305945638243e-22, nan 
-8.875, -62.375, 2.480577919965265e-22, nan 
-8.625, -62.375, 2.829211877160403e-22, nan 
-8.375, -62.375, 3.3921754726631017e-22, nan 
-8.125, -62.375, 6.496323581062404e-22, nan 
-7.875, -62.375, 1.4678441900283926e-21, nan 
-7.625, -62.375, 2.34781029382908e-21, nan 
-7.375, -62.375, 2.4467177378229763e-21, nan 
-7.125, -62.375, 3.9589244561463004e-21, nan 
-6.875, -62.375, 5.4361627890159006e-21, nan 
-6.625, -62.375, 7.94390448710845e-21, nan 
-6.375, -62.375, 1.1660472683963918e-20, nan 
-6.125, -62.375, 1.2676975892213274e-20, nan 
-5.875, -62.375, 8.397128287812533e-21, nan 
-5.625, -62.375, 4.351059276784749e-20, nan 
-5.375, -62.375, 4.762278862776961e-19, nan 
-5.125, -62.375, 7.179750769612994e-19, nan 
-4.875, -62.375, 1.0597801890529571e-19, nan 
-4.625, -62.375, 1.7692173118256283e-20, nan 
-4.375, -62.375, 1.0491240315075656e-20, nan 
-4.125, -62.375, 5.721945699448181e-21, nan 
-3.875, -62.375, 3.011959325893204e-21, nan 
-3.625, -62.375, 1.646941734741695e-21, nan 
-3.375, -62.375, 5.360250214039665e-22, nan 
-3.125, -62.375, 1.3364269121920913e-21, nan 
-2.875, -62.375, 9.991563946785937e-22, nan 
-2.625, -62.375, 3.840465335817187e-22, nan 
-2.375, -62.375, 7.613588687258088e-22, nan 
-2.125, -62.375, 4.984447784154564e-22, nan 
-1.875, -62.375, 1.819254977415294e-22, nan 
-1.625, -62.375, 3.210714443628675e-22, nan 
-1.375, -62.375, 2.7435133076004737e-22, nan 
-1.125, -62.375, 2.61405276516071e-22, nan 
-0.875, -62.375, 1.6085304628001378e-22, nan 
-0.625, -62.375, 1.6741945817766565e-22, nan 
-0.375, -62.375, 3.503370578858212e-22, nan 
-0.125, -62.375, 7.281553096948288e-22, nan 
0.125, -62.375, 6.788963529394001e-22, nan 
0.375, -62.375, 3.3840545932300905e-22, nan 
0.625, -62.375, 8.097571343191366e-23, nan 
0.875, -62.375, 7.546474513285947e-23, nan 
1.125, -62.375, 6.168762088020061e-23, nan 
1.375, -62.375, 6.420505558554375e-23, nan 
1.625, -62.375, 6.652643739834565e-23, nan 
-13.375, -62.125, 2.5889838657979114e-23, nan 
-13.125, -62.125, 3.89858494674548e-23, nan 
-12.875, -62.125, 5.891343196023429e-23, nan 
-12.625, -62.125, 4.3660588527214057e-23, nan 
-12.375, -62.125, 6.602996885826003e-23, nan 
-12.125, -62.125, 7.972583393863879e-23, nan 
-11.875, -62.125, 2.0900933326321123e-22, nan 
-11.625, -62.125, 3.381755733689368e-22, nan 
-11.375, -62.125, 2.956229772967791e-22, nan 
-11.125, -62.125, 7.714923755278827e-22, nan 
-10.875, -62.125, 1.0643064303527945e-21, nan 
-10.625, -62.125, 1.2724673900602525e-21, nan 
-10.375, -62.125, 7.340053354859962e-22, nan 
-10.125, -62.125, 1.1734299311218255e-21, nan 
-9.875, -62.125, 1.6372980512199644e-21, nan 
-9.625, -62.125, 1.1058175097213874e-21, nan 
-9.375, -62.125, 9.813564122648239e-22, nan 
-9.125, -62.125, 3.354343321616084e-21, nan 
-8.875, -62.125, 7.700886898940347e-21, nan 
-8.625, -62.125, 1.4737483665111792e-20, nan 
-8.375, -62.125, 4.220308604104366e-20, nan 
-8.125, -62.125, 1.9688494768307065e-19, nan 
-7.875, -62.125, 2.568625635586913e-19, nan 
-7.625, -62.125, 1.1142148551042511e-19, nan 
-7.375, -62.125, 2.8777177017510867e-20, nan 
-7.125, -62.125, 1.2178970235265017e-20, nan 
-6.875, -62.125, 6.403139267450296e-21, nan 
-6.625, -62.125, 3.527714858229597e-21, nan 
-6.375, -62.125, 2.1105127511050616e-21, nan 
-6.125, -62.125, 1.3006447732991211e-21, nan 
-5.875, -62.125, 9.001249638289076e-22, nan 
-5.625, -62.125, 6.372611348297595e-22, nan 
-5.375, -62.125, 1.9661769692254993e-22, nan 
-5.125, -62.125, 1.6888104203331324e-22, nan 
-4.875, -62.125, 2.1063331440395342e-22, nan 
-4.625, -62.125, 1.0778082944379431e-22, nan 
-4.375, -62.125, 8.872465464647054e-23, nan 
-4.125, -62.125, 1.3297028934023632e-22, nan 
-3.875, -62.125, 1.3376829560288004e-22, nan 
-3.625, -62.125, 1.3517907773557962e-22, nan 
-3.375, -62.125, 6.066643454734957e-23, nan 
-3.125, -62.125, 6.350740874190764e-23, nan 
-2.875, -62.125, 6.871543882118996e-23, nan 
-2.625, -62.125, 5.727980179064579e-23, nan 
-2.375, -62.125, 3.1979524860053417e-23, nan 
-2.125, -62.125, 4.6769579199186624e-23, nan 
-1.875, -62.125, 1.8117794986452762e-23, nan 
-1.625, -62.125, 2.3761865171534047e-23, nan 
-1.375, -62.125, 3.1440184047478914e-23, nan 
-1.125, -62.125, 1.4392469443405852e-23, nan 
-0.875, -62.125, 8.658234897101007e-23, nan 
-0.625, -62.125, 1.1324441235182053e-22, nan 
-0.375, -62.125, 6.480880884142216e-23, nan 
-0.125, -62.125, 2.1494241897795394e-22, nan 
0.125, -62.125, 2.048255973900044e-22, nan 
0.375, -62.125, 1.1079016586305552e-22, nan 
0.625, -62.125, 8.1721034703363e-23, nan 
0.875, -62.125, 8.626753607520988e-23, nan 
1.125, -62.125, 4.2977327424754435e-23, nan 
1.375, -62.125, 1.8967907144976798e-23, nan 
1.625, -62.125, 1.6685473517950562e-23, nan 
-13.125, -61.875, 2.0153834254697285e-22, nan 
-12.875, -61.875, 1.2124067385802888e-22, nan 
-12.625, -61.875, 4.1044003629451557e-22, nan 
-12.375, -61.875, 4.921078268248002e-22, nan 
-12.125, -61.875, 5.0299351751105425e-22, nan 
-11.875, -61.875, 5.568505537616039e-22, nan 
-11.625, -61.875, 6.2534014152620595e-22, nan 
-11.375, -61.875, 7.316437666490947e-22, nan 
-11.125, -61.875, 1.4932640858539683e-20, nan 
-10.875, -61.875, 3.309083374845724e-20, nan 
-10.625, -61.875, 6.388426672064754e-20, nan 
-10.375, -61.875, 1.0803762572007388e-20, nan 
-10.125, -61.875, 1.8015022882342576e-20, nan 
-9.875, -61.875, 1.393843789975015e-20, nan 
-9.625, -61.875, 1.0003602201888899e-20, nan 
-9.375, -61.875, 4.717450218779223e-21, nan 
-9.125, -61.875, 3.581912176779915e-21, nan 
-8.875, -61.875, 2.4297566023811592e-21, nan 
-8.625, -61.875, 1.3257523708833204e-21, nan 
-8.375, -61.875, 1.4607851531032777e-21, nan 
-8.125, -61.875, 1.0049720763111243e-21, nan 
-7.875, -61.875, 8.471978907117655e-22, nan 
-7.625, -61.875, 6.99373641830144e-22, nan 
-7.375, -61.875, 5.914714140259622e-22, nan 
-7.125, -61.875, 4.810523668136947e-22, nan 
-6.875, -61.875, 2.737973343400705e-22, nan 
-6.625, -61.875, 2.1434356210035037e-22, nan 
-6.375, -61.875, 1.825020155837644e-22, nan 
-6.125, -61.875, 1.1629004396172358e-22, nan 
-5.875, -61.875, 8.1333447449742e-23, nan 
-5.625, -61.875, 7.165578560665891e-23, nan 
-5.375, -61.875, 4.185249165275993e-23, nan 
-5.125, -61.875, 3.4817320627132216e-23, nan 
-4.875, -61.875, 3.214336745707878e-23, nan 
-4.625, -61.875, 4.0546922528154925e-23, nan 
-4.375, -61.875, 3.233283310506348e-23, nan 
-4.125, -61.875, 1.8860600791531808e-23, nan 
-3.875, -61.875, 3.9796597176487456e-23, nan 
-3.625, -61.875, 5.179499531729488e-23, nan 
-3.375, -61.875, 1.7100591712300382e-23, nan 
-3.125, -61.875, 1.9090791823211255e-23, nan 
-2.875, -61.875, 2.1178742405251213e-23, nan 
-2.625, -61.875, 2.792483085727931e-23, nan 
-2.375, -61.875, 1.1917566645072487e-23, nan 
-2.125, -61.875, 1.3412538903934925e-23, nan 
-1.875, -61.875, 1.5109334805989357e-23, nan 
-1.625, -61.875, 1.1826281565542585e-23, nan 
-1.375, -61.875, 1.1533496502904956e-23, nan 
-1.125, -61.875, 3.949454231870116e-24, nan 
-0.875, -61.875, 4.5397680578798535e-24, nan 
-0.625, -61.875, 1.509248752998669e-23, nan 
-0.375, -61.875, 4.370084345328822e-24, nan 
-0.125, -61.875, 4.6902876989782346e-23, nan 
0.125, -61.875, 3.896929344210948e-23, nan 
0.375, -61.875, 2.4424609431843088e-23, nan 
0.625, -61.875, 1.0940757307980762e-23, nan 
0.875, -61.875, 7.51627283724281e-24, nan 
1.125, -61.875, 2.024409034999691e-23, nan 
1.375, -61.875, 3.274470207184844e-23, nan 
1.625, -61.875, 3.767504243169695e-23, nan 
-12.875, -61.625, 3.890531930203374e-21, nan 
-12.625, -61.625, 1.0154742207171635e-20, nan 
-12.375, -61.625, 1.4647513679917003e-20, nan 
-12.125, -61.625, 1.1563876011279991e-20, nan 
-11.875, -61.625, 6.695521560692812e-21, nan 
-11.625, -61.625, 3.5594001667026245e-21, nan 
-11.375, -61.625, 2.490792962559892e-21, nan 
-11.125, -61.625, 1.078333084459333e-21, nan 
-10.875, -61.625, 1.1027825469906603e-21, nan 
-10.625, -61.625, 4.795040591374564e-22, nan 
-10.375, -61.625, 1.6994869246767407e-22, nan 
-10.125, -61.625, 2.524575414724583e-22, nan 
-9.875, -61.625, 9.260872448221528e-23, nan 
-9.625, -61.625, 9.379104202009466e-23, nan 
-9.375, -61.625, 1.1071388208715396e-22, nan 
-9.125, -61.625, 9.853399416138693e-23, nan 
-8.875, -61.625, 1.236917181302542e-22, nan 
-8.625, -61.625, 8.545607471929396e-23, nan 
-8.375, -61.625, 1.1352053337651254e-22, nan 
-8.125, -61.625, 1.1854047869401872e-22, nan 
-7.875, -61.625, 1.2875865251540767e-22, nan 
-7.625, -61.625, 1.3765592495837459e-22, nan 
-7.375, -61.625, 8.978382793840665e-23, nan 
-7.125, -61.625, 1.0104914353738724e-22, nan 
-6.875, -61.625, 1.0530011974422197e-22, nan 
-6.625, -61.625, 3.5964533286445775e-23, nan 
-6.375, -61.625, 6.824537837939438e-23, nan 
-6.125, -61.625, 7.847908562081017e-23, nan 
-5.875, -61.625, 6.543045492247398e-23, nan 
-5.625, -61.625, 5.107900332496853e-23, nan 
-5.375, -61.625, 4.005839719901429e-23, nan 
-5.125, -61.625, 1.0956383825965192e-23, nan 
-4.875, -61.625, 1.1298765949855532e-23, nan 
-4.625, -61.625, 1.7911766991729768e-23, nan 
-4.375, -61.625, 8.325752537486455e-24, nan 
-4.125, -61.625, 8.510630649319098e-24, nan 
-3.875, -61.625, 1.6676376604625896e-23, nan 
-3.625, -61.625, 1.3952186825515353e-23, nan 
-3.375, -61.625, 6.5736476806644904e-24, nan 
-3.125, -61.625, 8.475546729810555e-24, nan 
-2.875, -61.625, 8.546622306097274e-24, nan 
-2.625, -61.625, 9.074455291269012e-24, nan 
-2.375, -61.625, 6.516823538380978e-24, nan 
-2.125, -61.625, 3.9709205036686784e-24, nan 
-1.875, -61.625, 3.90366263199992e-24, nan 
-1.625, -61.625, 6.757751709619566e-24, nan 
-1.375, -61.625, 6.194390199020727e-24, nan 
-1.125, -61.625, 2.612220574884294e-24, nan 
-0.875, -61.625, 4.293855989270972e-24, nan 
-0.625, -61.625, 3.861305386353794e-24, nan 
-0.375, -61.625, 3.441487953863581e-24, nan 
-0.125, -61.625, 6.525463391489564e-24, nan 
0.125, -61.625, 1.2014537757349664e-23, nan 
0.375, -61.625, 4.88339505352301e-24, nan 
0.625, -61.625, 7.260897336758717e-24, nan 
0.875, -61.625, 6.0171901914709264e-24, nan 
1.125, -61.625, 1.413897038984472e-23, nan 
1.375, -61.625, 2.763285901885089e-23, nan 
1.625, -61.625, 2.3025464098220833e-23, nan 
-12.875, -61.375, 5.0169299527201344e-21, nan 
-12.625, -61.375, 3.950760655284542e-21, nan 
-12.375, -61.375, 2.9578110720868944e-21, nan 
-12.125, -61.375, 1.0025046056352447e-21, nan 
-11.875, -61.375, 3.0172271886849643e-22, nan 
-11.625, -61.375, 2.153389185249084e-22, nan 
-11.375, -61.375, 1.668858294266997e-22, nan 
-11.125, -61.375, 1.1381799275997231e-22, nan 
-10.875, -61.375, 1.0228192327628535e-22, nan 
-10.625, -61.375, 8.558741495610444e-23, nan 
-10.375, -61.375, 5.71043577308123e-23, nan 
-10.125, -61.375, 2.7676455825978274e-23, nan 
-9.875, -61.375, 1.7975890638701122e-23, nan 
-9.625, -61.375, 2.4682452878197046e-23, nan 
-9.375, -61.375, 2.0131635930071102e-23, nan 
-9.125, -61.375, 9.785213332388778e-24, nan 
-8.875, -61.375, 1.4280580058976534e-23, nan 
-8.625, -61.375, 1.8160024192761074e-23, nan 
-8.375, -61.375, 2.140012035642447e-23, nan 
-8.125, -61.375, 2.004863575845587e-23, nan 
-7.875, -61.375, 2.548145905049769e-23, nan 
-7.625, -61.375, 2.719450901260126e-23, nan 
-7.375, -61.375, 2.65022445927981e-23, nan 
-7.125, -61.375, 3.830164735225162e-23, nan 
-6.875, -61.375, 4.539670641924347e-23, nan 
-6.625, -61.375, 2.0256155763498347e-23, nan 
-6.375, -61.375, 3.502338674608703e-23, nan 
-6.125, -61.375, 4.3802896639939596e-23, nan 
-5.875, -61.375, 4.0505461874346983e-23, nan 
-5.625, -61.375, 3.039737230070986e-23, nan 
-5.375, -61.375, 2.3352572974034365e-23, nan 
-5.125, -61.375, 2.0133276039330815e-23, nan 
-4.875, -61.375, 1.8785483152438766e-23, nan 
-4.625, -61.375, 1.2455091936903081e-23, nan 
-4.375, -61.375, 8.059954253910905e-24, nan 
-4.125, -61.375, 5.034627801530123e-24, nan 
-3.875, -61.375, 1.0644334221673229e-23, nan 
-3.625, -61.375, 6.012742292890314e-24, nan 
-3.375, -61.375, 3.721855260006101e-24, nan 
-3.125, -61.375, 2.9425179082462407e-24, nan 
-2.875, -61.375, 4.7413347250471686e-24, nan 
-2.625, -61.375, 2.923790890641592e-24, nan 
-2.375, -61.375, 2.8488407311363866e-24, nan 
-2.125, -61.375, 2.6935175610059355e-24, nan 
-1.875, -61.375, 2.4337420036267263e-24, nan 
-1.625, -61.375, 3.8855856411859415e-24, nan 
-1.375, -61.375, 3.3051660849674463e-24, nan 
-1.125, -61.375, 1.9201908861079518e-24, nan 
-0.875, -61.375, 2.921809239137248e-24, nan 
-0.625, -61.375, 2.950572071783602e-24, nan 
-0.375, -61.375, 2.2614019255689894e-24, nan 
-0.125, -61.375, 2.4066138601773655e-24, nan 
0.125, -61.375, 3.780843262249498e-24, nan 
0.375, -61.375, 4.11024810185661e-24, nan 
0.625, -61.375, 3.982280467726113e-24, nan 
0.875, -61.375, 3.101482458739835e-24, nan 
1.125, -61.375, 3.497669698687642e-24, nan 
1.375, -61.375, 2.5310488472983747e-24, nan 
1.625, -61.375, 3.5434179547987806e-24, nan 
-12.625, -61.125, 4.355625164268437e-22, nan 
-12.375, -61.125, 3.1018449203604323e-22, nan 
-12.125, -61.125, 1.6061314246072116e-22, nan 
-11.875, -61.125, 6.727702621180511e-23, nan 
-11.625, -61.125, 3.950818162321313e-23, nan 
-11.375, -61.125, 4.161499173189378e-23, nan 
-11.125, -61.125, 2.5916765310665434e-23, nan 
-10.875, -61.125, 1.438329941947195e-23, nan 
-10.625, -61.125, 1.7280097281584638e-23, nan 
-10.375, -61.125, 1.226404108847317e-23, nan 
-10.125, -61.125, 9.506074620105772e-24, nan 
-9.875, -61.125, 4.3352802165326544e-24, nan 
-9.625, -61.125, 8.095168791900943e-24, nan 
-9.375, -61.125, 1.30143492830274e-23, nan 
-9.125, -61.125, 4.6112544907473324e-24, nan 
-8.875, -61.125, 9.027768381586344e-24, nan 
-8.625, -61.125, 1.2959038525008194e-23, nan 
-8.375, -61.125, 9.570732710971005e-24, nan 
-8.125, -61.125, 1.2031941725352124e-23, nan 
-7.875, -61.125, 9.35522314780091e-24, nan 
-7.625, -61.125, 1.0914727666641322e-23, nan 
-7.375, -61.125, 9.517922471734348e-24, nan 
-7.125, -61.125, 8.056855254641607e-24, nan 
-6.875, -61.125, 1.083652706394975e-23, nan 
-6.625, -61.125, 1.0952323924003547e-23, nan 
-6.375, -61.125, 1.0724756053565314e-23, nan 
-6.125, -61.125, 1.212479916763853e-23, nan 
-5.875, -61.125, 1.7045003934842058e-23, nan 
-5.625, -61.125, 3.258969618113852e-23, nan 
-5.375, -61.125, 2.406149373462562e-23, nan 
-5.125, -61.125, 1.852017513627628e-23, nan 
-4.875, -61.125, 1.4728947249606995e-23, nan 
-4.625, -61.125, 4.270410866711376e-24, nan 
-4.375, -61.125, 1.5953366489417877e-23, nan 
-4.125, -61.125, 1.8601941951578097e-23, nan 
-3.875, -61.125, 6.0240754809055884e-24, nan 
-3.625, -61.125, 2.1141571624184534e-24, nan 
-3.375, -61.125, 4.193540457967132e-24, nan 
-3.125, -61.125, 3.988698932468614e-24, nan 
-2.875, -61.125, 1.7098515616206448e-24, nan 
-2.625, -61.125, 1.6829157739190903e-24, nan 
-2.375, -61.125, 1.6140318146464643e-24, nan 
-2.125, -61.125, 1.681995663647889e-24, nan 
-1.875, -61.125, 1.592442774360371e-24, nan 
-1.625, -61.125, 2.3477114712215853e-24, nan 
-1.375, -61.125, 2.4756117775525863e-24, nan 
-1.125, -61.125, 7.184652798849204e-25, nan 
-0.875, -61.125, 1.0326090825794028e-24, nan 
-0.625, -61.125, 1.197977839533182e-24, nan 
-0.375, -61.125, 1.2152858739233945e-24, nan 
-0.125, -61.125, 1.600390141016904e-24, nan 
0.125, -61.125, 1.5502862579460065e-24, nan 
0.375, -61.125, 1.9588631559576127e-24, nan 
0.625, -61.125, 3.388010049536558e-24, nan 
0.875, -61.125, 4.018298054337675e-24, nan 
1.125, -61.125, 2.4243331313859902e-24, nan 
1.375, -61.125, 2.924267089468046e-24, nan 
1.625, -61.125, 2.107817740477859e-24, nan 
-12.375, -60.875, 3.387295873687211e-23, nan 
-12.125, -60.875, 3.039376670143089e-23, nan 
-11.875, -60.875, 2.5775725689800655e-23, nan 
-11.625, -60.875, 1.7254315376373098e-23, nan 
-11.375, -60.875, 1.9434463585447716e-23, nan 
-11.125, -60.875, 1.1484892226499454e-23, nan 
-10.875, -60.875, 9.130066494126616e-24, nan 
-10.625, -60.875, 5.799669476376255e-24, nan 
-10.375, -60.875, 5.760303365644993e-24, nan 
-10.125, -60.875, 3.891847418716163e-24, nan 
-9.875, -60.875, 4.960763648951072e-24, nan 
-9.625, -60.875, 7.805791504685411e-24, nan 
-9.375, -60.875, 6.093909836431944e-24, nan 
-9.125, -60.875, 2.4005967630689687e-24, nan 
-8.875, -60.875, 5.76005956781831e-24, nan 
-8.625, -60.875, 7.172356086163473e-24, nan 
-8.375, -60.875, 6.688657837124627e-24, nan 
-8.125, -60.875, 5.591920624621992e-24, nan 
-7.875, -60.875, 2.5353485234350243e-24, nan 
-7.625, -60.875, 5.867886890576058e-24, nan 
-7.375, -60.875, 5.925533909062166e-24, nan 
-7.125, -60.875, 5.0756945776956486e-24, nan 
-6.875, -60.875, 6.943673408197747e-24, nan 
-6.625, -60.875, 8.452746516941538e-24, nan 
-6.375, -60.875, 1.2803099499651755e-23, nan 
-6.125, -60.875, 1.4661525240430656e-23, nan 
-5.875, -60.875, 1.6911920398478742e-23, nan 
-5.625, -60.875, 2.3982000091871128e-23, nan 
-5.375, -60.875, 2.250012404670676e-23, nan 
-5.125, -60.875, 1.6347181320909338e-23, nan 
-4.875, -60.875, 1.1315383641933051e-23, nan 
-4.625, -60.875, 7.471025369086967e-24, nan 
-4.375, -60.875, 1.8426314578447642e-23, nan 
-4.125, -60.875, 1.840973933387232e-23, nan 
-3.875, -60.875, 4.001829614062526e-24, nan 
-3.625, -60.875, 7.148147574652008e-24, nan 
-3.375, -60.875, 5.36919787009312e-24, nan 
-3.125, -60.875, 2.8450001041216223e-24, nan 
-2.875, -60.875, 1.342611540143954e-24, nan 
-2.625, -60.875, 2.110777864220189e-24, nan 
-2.375, -60.875, 3.046352294828338e-24, nan 
-2.125, -60.875, 1.5298212480344155e-24, nan 
-1.875, -60.875, 9.930786441845944e-25, nan 
-1.625, -60.875, 1.376478074889221e-24, nan 
-1.375, -60.875, 1.2487506634232375e-24, nan 
-1.125, -60.875, 1.1710261607311247e-24, nan 
-0.875, -60.875, 1.3394698968934256e-24, nan 
-0.625, -60.875, 2.911904362667144e-25, nan 
-0.375, -60.875, 1.4962000236001685e-24, nan 
-0.125, -60.875, 2.0760903547654477e-24, nan 
0.125, -60.875, 1.2625395165231398e-24, nan 
0.375, -60.875, 1.1478007966994994e-24, nan 
0.625, -60.875, 2.132774122315947e-24, nan 
0.875, -60.875, 3.638014928926486e-24, nan 
1.125, -60.875, 1.932346061677412e-24, nan 
1.375, -60.875, 2.045365992852522e-24, nan 
1.625, -60.875, 3.3393143948198044e-24, nan 
-12.375, -60.625, 8.453820185620088e-24, nan 
-12.125, -60.625, 7.339884172490329e-24, nan 
-11.875, -60.625, 5.8884566858713125e-24, nan 
-11.625, -60.625, 4.853343648099039e-24, nan 
-11.375, -60.625, 5.677763092770337e-24, nan 
-11.125, -60.625, 6.63688156144318e-24, nan 
-10.875, -60.625, 5.264779193281015e-24, nan 
-10.625, -60.625, 3.741135838442575e-24, nan 
-10.375, -60.625, 4.836703515229712e-24, nan 
-10.125, -60.625, 1.6702203002499493e-24, nan 
-9.875, -60.625, 4.2697364600947826e-24, nan 
-9.625, -60.625, 7.606676006342181e-24, nan 
-9.375, -60.625, 5.930655061092102e-24, nan 
-9.125, -60.625, 3.62291203013445e-24, nan 
-8.875, -60.625, 6.1012983076052866e-24, nan 
-8.625, -60.625, 6.183794513754254e-24, nan 
-8.375, -60.625, 3.978834181081758e-24, nan 
-8.125, -60.625, 4.487577432864733e-24, nan 
-7.875, -60.625, 3.876858068163246e-24, nan 
-7.625, -60.625, 2.2612482091144033e-24, nan 
-7.375, -60.625, 3.8226690365601785e-24, nan 
-7.125, -60.625, 3.726934629958649e-24, nan 
-6.875, -60.625, 5.774022983828589e-24, nan 
-6.625, -60.625, 5.651903605887521e-24, nan 
-6.375, -60.625, 9.952952889893072e-24, nan 
-6.125, -60.625, 1.2020763954387515e-23, nan 
-5.875, -60.625, 1.0919825321726063e-23, nan 
-5.625, -60.625, 1.6162900669982752e-23, nan 
-5.375, -60.625, 1.7128592047415989e-23, nan 
-5.125, -60.625, 1.4972406331619876e-23, nan 
-4.875, -60.625, 1.0248852147277148e-23, nan 
-4.625, -60.625, 7.095664409453692e-24, nan 
-4.375, -60.625, 1.1202421079646148e-23, nan 
-4.125, -60.625, 8.914183163010914e-24, nan 
-3.875, -60.625, 2.5232181565294335e-24, nan 
-3.625, -60.625, 1.416304837230932e-24, nan 
-3.375, -60.625, 1.5036141206712576e-24, nan 
-3.125, -60.625, 1.9548990975332082e-24, nan 
-2.875, -60.625, 1.1590877017750025e-24, nan 
-2.625, -60.625, 2.1492424065096272e-24, nan 
-2.375, -60.625, 3.418202173434132e-24, nan 
-2.125, -60.625, 1.6468105795131496e-24, nan 
-1.875, -60.625, 1.5547150192338675e-24, nan 
-1.625, -60.625, 2.12425177720298e-24, nan 
-1.375, -60.625, 3.270083497436756e-24, nan 
-1.125, -60.625, 1.8728373981993226e-24, nan 
-0.875, -60.625, 7.292372190398773e-25, nan 
-0.625, -60.625, 5.921881613182839e-25, nan 
-0.375, -60.625, 9.619279149512512e-25, nan 
-0.125, -60.625, 1.1097821954959239e-24, nan 
0.125, -60.625, 1.6406035354031987e-24, nan 
0.375, -60.625, 2.0493535516997246e-24, nan 
0.625, -60.625, 1.933313113261851e-24, nan 
0.875, -60.625, 3.406798383722002e-24, nan 
1.125, -60.625, 1.7479675060892786e-24, nan 
1.375, -60.625, 1.700855758765953e-24, nan 
1.625, -60.625, 4.731801240484428e-24, nan 
-12.125, -60.375, 9.662710013894253e-24, nan 
-11.875, -60.375, 4.3150920135442966e-24, nan 
-11.625, -60.375, 2.105110292749887e-24, nan 
-11.375, -60.375, 5.940868265605594e-24, nan 
-11.125, -60.375, 1.8052604873024648e-24, nan 
-10.875, -60.375, 2.1031246912087048e-24, nan 
-10.625, -60.375, 3.5965103376049445e-24, nan 
-10.375, -60.375, 4.285957027294176e-24, nan 
-10.125, -60.375, 2.483186448204099e-24, nan 
-9.875, -60.375, 2.7438238651319157e-24, nan 
-9.625, -60.375, 4.6211079623648634e-24, nan 
-9.375, -60.375, 3.6436301913816416e-24, nan 
-9.125, -60.375, 4.342937312138185e-24, nan 
-8.875, -60.375, 5.628166642556882e-24, nan 
-8.625, -60.375, 5.305401206298039e-24, nan 
-8.375, -60.375, 1.0581315709496299e-23, nan 
-8.125, -60.375, 1.2327378394588257e-23, nan 
-7.875, -60.375, 1.0702372800061389e-23, nan 
-7.625, -60.375, 5.277191542490216e-24, nan 
-7.375, -60.375, 3.449344798972413e-24, nan 
-7.125, -60.375, 4.214619571878863e-24, nan 
-6.875, -60.375, 2.547859820275095e-24, nan 
-6.625, -60.375, 2.616305401533766e-24, nan 
-6.375, -60.375, 2.737457429505232e-24, nan 
-6.125, -60.375, 2.7990430037972417e-24, nan 
-5.875, -60.375, 3.1587836341677092e-24, nan 
-5.625, -60.375, 1.1812462184245666e-23, nan 
-5.375, -60.375, 9.571969634503743e-24, nan 
-5.125, -60.375, 8.980681356491775e-24, nan 
-4.875, -60.375, 6.907469131287486e-24, nan 
-4.625, -60.375, 1.1435281299641697e-24, nan 
-4.375, -60.375, 1.4646880582671609e-24, nan 
-4.125, -60.375, 1.755111972323105e-24, nan 
-3.875, -60.375, 1.5851105052375195e-24, nan 
-3.625, -60.375, 1.2079361594762517e-24, nan 
-3.375, -60.375, 1.858967607831968e-24, nan 
-3.125, -60.375, 2.4557186843423675e-24, nan 
-2.875, -60.375, 1.8671986125097248e-24, nan 
-2.625, -60.375, 1.1930810222859191e-24, nan 
-2.375, -60.375, 2.549044190563194e-24, nan 
-2.125, -60.375, 3.2297528049442596e-24, nan 
-1.875, -60.375, 9.35500340470315e-25, nan 
-1.625, -60.375, 1.5855336943358598e-24, nan 
-1.375, -60.375, 5.804799419726039e-24, nan 
-1.125, -60.375, 1.7923960807982315e-24, nan 
-0.875, -60.375, 5.990427316842963e-25, nan 
-0.625, -60.375, 2.2503067293461013e-24, nan 
-0.375, -60.375, 1.778219170170913e-24, nan 
-0.125, -60.375, 9.809152298030687e-25, nan 
0.125, -60.375, 2.2406872630544303e-24, nan 
0.375, -60.375, 2.949605742947353e-24, nan 
0.625, -60.375, 3.1180498399439393e-24, nan 
0.875, -60.375, 2.695357822759776e-24, nan 
1.125, -60.375, 2.0493407055233974e-24, nan 
1.375, -60.375, 2.813028067623162e-24, nan 
1.625, -60.375, 8.169435058986022e-24, nan 
-11.875, -60.125, 5.785597564020484e-24, nan 
-11.625, -60.125, 5.675563553453045e-24, nan 
-11.375, -60.125, 8.700140901855781e-24, nan 
-11.125, -60.125, 9.099293859058319e-24, nan 
-10.875, -60.125, 2.3498909000144165e-24, nan 
-10.625, -60.125, 4.16937537856906e-24, nan 
-10.375, -60.125, 2.6051229152377084e-24, nan 
-10.125, -60.125, 1.8648495069570634e-24, nan 
-9.875, -60.125, 2.171222402521206e-24, nan 
-9.625, -60.125, 4.972184601911748e-24, nan 
-9.375, -60.125, 2.50299711452215e-24, nan 
-9.125, -60.125, 2.887537799523025e-24, nan 
-8.875, -60.125, 6.6049492393236495e-24, nan 
-8.625, -60.125, 1.531726112123739e-23, nan 
-8.375, -60.125, 1.8075730617746814e-23, nan 
-8.125, -60.125, 1.9772694782002864e-23, nan 
-7.875, -60.125, 1.9788406487272148e-23, nan 
-7.625, -60.125, 1.4086563073198925e-23, nan 
-7.375, -60.125, 7.547157013701293e-24, nan 
-7.125, -60.125, 3.456153197255351e-24, nan 
-6.875, -60.125, 2.7439334230284645e-24, nan 
-6.625, -60.125, 1.424745725786363e-24, nan 
-6.375, -60.125, 1.357347656611415e-24, nan 
-6.125, -60.125, 3.6455691546167225e-24, nan 
-5.875, -60.125, 9.821890446842196e-25, nan 
-5.625, -60.125, 2.8196386430014047e-24, nan 
-5.375, -60.125, 2.8843288025136617e-24, nan 
-5.125, -60.125, 3.355299951672553e-24, nan 
-4.875, -60.125, 2.6589093252756903e-24, nan 
-4.625, -60.125, 2.2006930652700866e-24, nan 
-4.375, -60.125, 2.294821418579798e-24, nan 
-4.125, -60.125, 1.733141875862023e-24, nan 
-3.875, -60.125, 1.4066520537521544e-24, nan 
-3.625, -60.125, 1.048751780216157e-24, nan 
-3.375, -60.125, 1.654108651148354e-24, nan 
-3.125, -60.125, 3.44103881442976e-24, nan 
-2.875, -60.125, 4.340410533240429e-24, nan 
-2.625, -60.125, 1.7956540007548732e-24, nan 
-2.375, -60.125, 1.4895666626590664e-24, nan 
-2.125, -60.125, 9.247180148421822e-25, nan 
-1.875, -60.125, 1.3455364120108378e-24, nan 
-1.625, -60.125, 1.4586832391597705e-24, nan 
-1.375, -60.125, 3.576659314651841e-24, nan 
-1.125, -60.125, 1.3716673909282502e-24, nan 
-0.875, -60.125, 7.9308783602426255e-25, nan 
-0.625, -60.125, 1.565545880087886e-24, nan 
-0.375, -60.125, 1.8729795831448953e-24, nan 
-0.125, -60.125, 1.4903241158490698e-24, nan 
0.125, -60.125, 3.1648243377498256e-24, nan 
0.375, -60.125, 2.477635197701507e-24, nan 
0.625, -60.125, 1.8583338372469304e-24, nan 
0.875, -60.125, 3.5312196662845335e-24, nan 
1.125, -60.125, 2.633136225692262e-24, nan 
1.375, -60.125, 5.0537064853535426e-24, nan 
1.625, -60.125, 1.095446631702181e-23, nan 
-11.875, -59.875, 3.587857068009213e-23, nan 
-11.625, -59.875, 4.8622525177805453e-23, nan 
-11.375, -59.875, 3.719012032318795e-23, nan 
-11.125, -59.875, 8.203980239197778e-23, nan 
-10.875, -59.875, 7.181319482806697e-23, nan 
-10.625, -59.875, 3.438626031097041e-23, nan 
-10.375, -59.875, 2.5796815650947158e-23, nan 
-10.125, -59.875, 1.148936407006703e-23, nan 
-9.875, -59.875, 2.0729681297798186e-23, nan 
-9.625, -59.875, 1.580742383676993e-23, nan 
-9.375, -59.875, 4.509928545636922e-23, nan 
-9.125, -59.875, 4.9090175989404796e-23, nan 
-8.875, -59.875, 1.2731851111120455e-22, nan 
-8.625, -59.875, 1.4348917871089132e-22, nan 
-8.375, -59.875, 9.170162118064148e-23, nan 
-8.125, -59.875, 8.744696928436152e-23, nan 
-7.875, -59.875, 1.1221125540327057e-22, nan 
-7.625, -59.875, 1.351620794394072e-22, nan 
-7.375, -59.875, 1.5954797693346833e-22, nan 
-7.125, -59.875, 1.085849090222938e-22, nan 
-6.875, -59.875, 1.657154403650655e-23, nan 
-6.625, -59.875, 9.469165274980761e-24, nan 
-6.375, -59.875, 3.308528443556381e-23, nan 
-6.125, -59.875, 5.788464310672785e-23, nan 
-5.875, -59.875, 4.119115963852736e-23, nan 
-5.625, -59.875, 1.8359910485964548e-23, nan 
-5.375, -59.875, 3.2792678381637005e-23, nan 
-5.125, -59.875, 3.31331737534779e-23, nan 
-4.875, -59.875, 2.006708862414951e-23, nan 
-4.625, -59.875, 9.21710602980619e-24, nan 
-4.375, -59.875, 1.6241308711570805e-23, nan 
-4.125, -59.875, 1.5471829912460535e-23, nan 
-3.875, -59.875, 1.6520838841427557e-23, nan 
-3.625, -59.875, 2.1308148916464972e-23, nan 
-3.375, -59.875, 2.847874897591666e-23, nan 
-3.125, -59.875, 4.374790756165445e-23, nan 
-2.875, -59.875, 4.5986399937211585e-23, nan 
-2.625, -59.875, 2.877622445895458e-23, nan 
-2.375, -59.875, 3.0090274927036115e-23, nan 
-2.125, -59.875, 2.5786270292411752e-23, nan 
-1.875, -59.875, 1.4567397074864137e-23, nan 
-1.625, -59.875, 1.6625883421405182e-23, nan 
-1.375, -59.875, 8.754723003027684e-24, nan 
-1.125, -59.875, 1.364658657247149e-23, nan 
-0.875, -59.875, 1.7944977752607418e-23, nan 
-0.625, -59.875, 1.84719463734212e-23, nan 
-0.375, -59.875, 2.2492284497357906e-23, nan 
-0.125, -59.875, 3.1889083195038654e-23, nan 
0.125, -59.875, 3.4926769284035273e-23, nan 
0.375, -59.875, 4.2774240497788524e-23, nan 
0.625, -59.875, 4.135803452130046e-23, nan 
0.875, -59.875, 1.4505482654162018e-23, nan 
1.125, -59.875, 9.052113953863879e-23, nan 
1.375, -59.875, 1.5266307276486714e-22, nan 
1.625, -59.875, 1.353231794108014e-22, nan 
-11.625, -59.625, 3.579476209940532e-23, nan 
-11.375, -59.625, 3.609081495089073e-23, nan 
-11.125, -59.625, 2.4068990561550744e-23, nan 
-10.875, -59.625, 2.418230130779157e-23, nan 
-10.625, -59.625, 2.6795090775962256e-23, nan 
-10.375, -59.625, 4.70179754914822e-23, nan 
-10.125, -59.625, 4.088143441646721e-23, nan 
-9.875, -59.625, 1.348422895090011e-23, nan 
-9.625, -59.625, 4.994183305483027e-24, nan 
-9.375, -59.625, 1.5352448098644697e-23, nan 
-9.125, -59.625, 2.5484831615150693e-23, nan 
-8.875, -59.625, 1.141352302941899e-22, nan 
-8.625, -59.625, 1.2642415398160248e-22, nan 
-8.375, -59.625, 9.797535892934496e-23, nan 
-8.125, -59.625, 1.1262622682822164e-22, nan 
-7.875, -59.625, 1.0087745211366375e-22, nan 
-7.625, -59.625, 1.6313471712688866e-22, nan 
-7.375, -59.625, 1.470527107163573e-22, nan 
-7.125, -59.625, 5.119510171729668e-23, nan 
-6.875, -59.625, 1.8335260800396422e-23, nan 
-6.625, -59.625, 1.2737899894712361e-23, nan 
-6.375, -59.625, 9.215247756201505e-24, nan 
-6.125, -59.625, 1.679038085536217e-23, nan 
-5.875, -59.625, 1.2740061282846301e-23, nan 
-5.625, -59.625, 2.0403361997459687e-23, nan 
-5.375, -59.625, 2.2697327911348858e-23, nan 
-5.125, -59.625, 1.0462154595475836e-23, nan 
-4.875, -59.625, 3.0950192850801162e-24, nan 
-4.625, -59.625, 1.8684148589358356e-23, nan 
-4.375, -59.625, 2.218135915920668e-23, nan 
-4.125, -59.625, 1.4143037326815868e-23, nan 
-3.875, -59.625, 1.1863852955776412e-23, nan 
-3.625, -59.625, 1.5967036581320473e-23, nan 
-3.375, -59.625, 1.8931423689813003e-23, nan 
-3.125, -59.625, 3.790730777505535e-23, nan 
-2.875, -59.625, 5.753857067367034e-23, nan 
-2.625, -59.625, 5.640701111696366e-23, nan 
-2.375, -59.625, 4.428322481232998e-23, nan 
-2.125, -59.625, 3.361503114294906e-23, nan 
-1.875, -59.625, 3.9620160753402297e-23, nan 
-1.625, -59.625, 3.1263900911776825e-23, nan 
-1.375, -59.625, 3.426642243321078e-23, nan 
-1.125, -59.625, 2.5943621955888113e-23, nan 
-0.875, -59.625, 2.0751020406123887e-23, nan 
-0.625, -59.625, 2.3751853439859542e-23, nan 
-0.375, -59.625, 2.1896907829595097e-23, nan 
-0.125, -59.625, 1.4541800356344342e-23, nan 
0.125, -59.625, 2.304774905084165e-23, nan 
0.375, -59.625, 3.6781488950142565e-23, nan 
0.625, -59.625, 3.199572443826271e-23, nan 
0.875, -59.625, 9.413891610310454e-24, nan 
1.125, -59.625, 3.3932592297277904e-24, nan 
1.375, -59.625, 4.188810559870107e-23, nan 
1.625, -59.625, 7.668401338770173e-23, nan 
-11.375, -59.375, 1.217217597440202e-23, nan 
-11.125, -59.375, 7.299753018937382e-24, nan 
-10.875, -59.375, 1.4120986670093628e-23, nan 
-10.625, -59.375, 2.2733779989723472e-23, nan 
-10.375, -59.375, 3.0329617024655075e-23, nan 
-10.125, -59.375, 2.5566922856798516e-23, nan 
-9.875, -59.375, 1.247224703575964e-23, nan 
-9.625, -59.375, 5.8461230457171146e-24, nan 
-9.375, -59.375, 4.696447595045334e-24, nan 
-9.125, -59.375, 1.7010107778847513e-23, nan 
-8.875, -59.375, 2.611615930987127e-23, nan 
-8.625, -59.375, 6.420760809763221e-23, nan 
-8.375, -59.375, 8.629581367541543e-23, nan 
-8.125, -59.375, 1.0736009806464415e-22, nan 
-7.875, -59.375, 8.645491189265237e-23, nan 
-7.625, -59.375, 7.075013497685399e-23, nan 
-7.375, -59.375, 1.952639142298886e-23, nan 
-7.125, -59.375, 1.7216340379832148e-23, nan 
-6.875, -59.375, 8.73560384404953e-24, nan 
-6.625, -59.375, 1.4893149998054287e-23, nan 
-6.375, -59.375, 1.55715010120063e-23, nan 
-6.125, -59.375, 1.0670828334764788e-23, nan 
-5.875, -59.375, 1.1444621595800866e-23, nan 
-5.625, -59.375, 9.16232893580443e-24, nan 
-5.375, -59.375, 2.185212165486684e-24, nan 
-5.125, -59.375, 1.0816081262617053e-23, nan 
-4.875, -59.375, 1.799657366245276e-23, nan 
-4.625, -59.375, 1.6860811717367244e-23, nan 
-4.375, -59.375, 9.257532401578595e-24, nan 
-4.125, -59.375, 3.06567849266253e-24, nan 
-3.875, -59.375, 3.3059095769426393e-24, nan 
-3.625, -59.375, 6.624893919703785e-24, nan 
-3.375, -59.375, 8.298496288922908e-24, nan 
-3.125, -59.375, 6.2425296020854336e-24, nan 
-2.875, -59.375, 1.890763632771012e-23, nan 
-2.625, -59.375, 3.63814995688939e-23, nan 
-2.375, -59.375, 5.940577596673213e-23, nan 
-2.125, -59.375, 6.250353102923025e-23, nan 
-1.875, -59.375, 4.6402170682294716e-23, nan 
-1.625, -59.375, 2.2013704349242276e-23, nan 
-1.375, -59.375, 2.952639835333671e-23, nan 
-1.125, -59.375, 2.901278363885693e-23, nan 
-0.875, -59.375, 2.9923474999274417e-23, nan 
-0.625, -59.375, 2.4475705696885622e-23, nan 
-0.375, -59.375, 2.896779697929555e-23, nan 
-0.125, -59.375, 2.567498427572505e-23, nan 
0.125, -59.375, 1.518860594213581e-23, nan 
0.375, -59.375, 2.0233502491672587e-23, nan 
0.625, -59.375, 2.0168569298713063e-23, nan 
0.875, -59.375, 1.479046905311899e-23, nan 
1.125, -59.375, 9.180538112630645e-24, nan 
1.375, -59.375, 2.552941540835548e-23, nan 
1.625, -59.375, 3.402683347242462e-23, nan 
-11.375, -59.125, 1.4684821357397945e-23, nan 
-11.125, -59.125, 6.155311660590713e-24, nan 
-10.875, -59.125, 4.8843548425787226e-24, nan 
-10.625, -59.125, 1.6278706764577227e-23, nan 
-10.375, -59.125, 4.5348964051488835e-23, nan 
-10.125, -59.125, 4.227130936693486e-23, nan 
-9.875, -59.125, 7.390311702661751e-24, nan 
-9.625, -59.125, 1.1667195317998825e-23, nan 
-9.375, -59.125, 1.3502309152381358e-23, nan 
-9.125, -59.125, 2.0739263552154294e-23, nan 
-8.875, -59.125, 2.2817344763600917e-23, nan 
-8.625, -59.125, 1.6829045423069075e-23, nan 
-8.375, -59.125, 2.600467491369092e-23, nan 
-8.125, -59.125, 2.624759820481365e-23, nan 
-7.875, -59.125, 1.940745216111458e-23, nan 
-7.625, -59.125, 1.90221248661125e-23, nan 
-7.375, -59.125, 9.715661729039159e-24, nan 
-7.125, -59.125, 6.1117119601105244e-24, nan 
-6.875, -59.125, 4.19437685163311e-24, nan 
-6.625, -59.125, 1.1039999046904266e-23, nan 
-6.375, -59.125, 1.0551795633320294e-23, nan 
-6.125, -59.125, 1.367754676907058e-23, nan 
-5.875, -59.125, 1.5355461710220772e-23, nan 
-5.625, -59.125, 1.5413164235975828e-23, nan 
-5.375, -59.125, 1.443036440154226e-23, nan 
-5.125, -59.125, 3.2509835502971876e-23, nan 
-4.875, -59.125, 3.500409322824042e-23, nan 
-4.625, -59.125, 5.953791972159965e-24, nan 
-4.375, -59.125, 4.3891675192829984e-24, nan 
-4.125, -59.125, 5.5398958784435e-24, nan 
-3.875, -59.125, 3.840111828854881e-24, nan 
-3.625, -59.125, 3.2617172431085365e-24, nan 
-3.375, -59.125, 2.7303901343838534e-24, nan 
-3.125, -59.125, 3.519356263360494e-24, nan 
-2.875, -59.125, 1.1229961430430124e-23, nan 
-2.625, -59.125, 1.3709567369646734e-23, nan 
-2.375, -59.125, 2.648357367273335e-23, nan 
-2.125, -59.125, 5.642136265403978e-23, nan 
-1.875, -59.125, 5.0190029651248396e-23, nan 
-1.625, -59.125, 2.213405431099723e-23, nan 
-1.375, -59.125, 1.449378373323146e-23, nan 
-1.125, -59.125, 1.6854770683214167e-23, nan 
-0.875, -59.125, 2.450506217287192e-23, nan 
-0.625, -59.125, 1.940731042162419e-23, nan 
-0.375, -59.125, 3.069588643918216e-23, nan 
-0.125, -59.125, 4.37005532841386e-23, nan 
0.125, -59.125, 3.693539061140032e-23, nan 
0.375, -59.125, 2.060635195631408e-23, nan 
0.625, -59.125, 2.0752423217113185e-23, nan 
0.875, -59.125, 1.2515947481705774e-23, nan 
1.125, -59.125, 3.7206048364349174e-23, nan 
1.375, -59.125, 5.02544281821474e-23, nan 
1.625, -59.125, 4.607587267124396e-23, nan 
-11.125, -58.875, 1.9044552707420387e-23, nan 
-10.875, -58.875, 2.2206825013844075e-23, nan 
-10.625, -58.875, 2.665921329712139e-23, nan 
-10.375, -58.875, 2.680186410986208e-23, nan 
-10.125, -58.875, 2.1535015996634103e-23, nan 
-9.875, -58.875, 1.2396984993662085e-23, nan 
-9.625, -58.875, 9.711413508384676e-24, nan 
-9.375, -58.875, 8.966416314847483e-24, nan 
-9.125, -58.875, 1.9083683520911865e-23, nan 
-8.875, -58.875, 1.980707986042579e-23, nan 
-8.625, -58.875, 7.603031131644684e-24, nan 
-8.375, -58.875, 1.2963485322819723e-23, nan 
-8.125, -58.875, 2.5097888261846114e-23, nan 
-7.875, -58.875, 2.2554522056232418e-23, nan 
-7.625, -58.875, 1.1098517128644948e-23, nan 
-7.375, -58.875, 8.319158228454181e-24, nan 
-7.125, -58.875, 8.339488926026332e-24, nan 
-6.875, -58.875, 6.995040055877766e-24, nan 
-6.625, -58.875, 7.809018496374327e-24, nan 
-6.375, -58.875, 8.625197167877514e-24, nan 
-6.125, -58.875, 1.2118136014318422e-23, nan 
-5.875, -58.875, 1.9446816880844893e-23, nan 
-5.625, -58.875, 4.0056850228234724e-23, nan 
-5.375, -58.875, 3.7026733913004774e-23, nan 
-5.125, -58.875, 2.5692231941052348e-23, nan 
-4.875, -58.875, 3.9837766865346405e-23, nan 
-4.625, -58.875, 3.38916340700703e-23, nan 
-4.375, -58.875, 5.4892688183238114e-24, nan 
-4.125, -58.875, 5.109554946639921e-24, nan 
-3.875, -58.875, 5.91474996056596e-24, nan 
-3.625, -58.875, 2.795093046256357e-24, nan 
-3.375, -58.875, 2.8043492507575004e-24, nan 
-3.125, -58.875, 4.123407025633323e-24, nan 
-2.875, -58.875, 6.204144230334183e-24, nan 
-2.625, -58.875, 2.107798775411764e-23, nan 
-2.375, -58.875, 5.2594490841267774e-23, nan 
-2.125, -58.875, 5.613515335687786e-23, nan 
-1.875, -58.875, 3.07047024594801e-23, nan 
-1.625, -58.875, 1.9438504848230664e-23, nan 
-1.375, -58.875, 1.38128273132862e-23, nan 
-1.125, -58.875, 1.1643296769337855e-23, nan 
-0.875, -58.875, 1.0588401450212349e-23, nan 
-0.625, -58.875, 1.638664871485062e-23, nan 
-0.375, -58.875, 1.8945430521473212e-23, nan 
-0.125, -58.875, 1.511418918377231e-23, nan 
0.125, -58.875, 4.0597803203517056e-23, nan 
0.375, -58.875, 3.923330698162379e-23, nan 
0.625, -58.875, 1.0954263245793844e-23, nan 
0.875, -58.875, 7.47182621035812e-24, nan 
1.125, -58.875, 2.1856175520932772e-23, nan 
1.375, -58.875, 2.1630406477275742e-23, nan 
-10.875, -58.625, 2.236474524125092e-23, nan 
-10.625, -58.625, 2.3343409517515804e-23, nan 
-10.375, -58.625, 1.9403620930898967e-23, nan 
-10.125, -58.625, 2.38506691734566e-23, nan 
-9.875, -58.625, 1.9580588668883388e-23, nan 
-9.625, -58.625, 3.914184031616663e-24, nan 
-9.375, -58.625, 7.6754706322907e-24, nan 
-9.125, -58.625, 1.9259707282655396e-23, nan 
-8.875, -58.625, 1.8583382005640291e-23, nan 
-8.625, -58.625, 3.716183537048179e-24, nan 
-8.375, -58.625, 2.4326403491724735e-24, nan 
-8.125, -58.625, 1.3917395524127193e-23, nan 
-7.875, -58.625, 1.9659169713527552e-23, nan 
-7.625, -58.625, 1.3771653336072345e-23, nan 
-7.375, -58.625, 1.0721543189618265e-23, nan 
-7.125, -58.625, 1.0471745004364836e-23, nan 
-6.875, -58.625, 1.0540480972812202e-23, nan 
-6.625, -58.625, 1.8059786624993373e-23, nan 
-6.375, -58.625, 1.9686142375059736e-23, nan 
-6.125, -58.625, 2.8943722167559423e-23, nan 
-5.875, -58.625, 3.036045252235617e-23, nan 
-5.625, -58.625, 2.6474340999929973e-23, nan 
-5.375, -58.625, 2.121713377672473e-23, nan 
-5.125, -58.625, 9.887755268051376e-24, nan 
-4.875, -58.625, 2.9270028382131277e-23, nan 
-4.625, -58.625, 4.250822351785844e-23, nan 
-4.375, -58.625, 4.962355794570511e-23, nan 
-4.125, -58.625, 3.762444825165954e-23, nan 
-3.875, -58.625, 2.7260865303219793e-23, nan 
-3.625, -58.625, 2.5748637554416288e-23, nan 
-3.375, -58.625, 3.998545985261831e-24, nan 
-3.125, -58.625, 9.426556152156715e-24, nan 
-2.875, -58.625, 1.313221588046372e-23, nan 
-2.625, -58.625, 3.9026105380790354e-23, nan 
-2.375, -58.625, 4.4897527451669106e-23, nan 
-2.125, -58.625, 4.2968890247111313e-23, nan 
-1.875, -58.625, 3.6235387194906357e-23, nan 
-1.625, -58.625, 2.1202554596201056e-23, nan 
-1.375, -58.625, 5.775453459860118e-24, nan 
-1.125, -58.625, 5.5675053787728576e-24, nan 
-0.875, -58.625, 8.48563231755934e-24, nan 
-0.625, -58.625, 1.4065990520157845e-23, nan 
-0.375, -58.625, 2.4793566599042446e-23, nan 
-0.125, -58.625, 2.91731076003222e-23, nan 
0.125, -58.625, 2.2461054338698836e-23, nan 
0.375, -58.625, 1.0509309896019445e-23, nan 
0.625, -58.625, 1.3431382656046206e-23, nan 
0.875, -58.625, 1.1753790366537127e-23, nan 
1.125, -58.625, 2.3754794355626454e-23, nan 
1.375, -58.625, 3.0734662406547224e-23, nan 
-10.875, -58.375, 1.4117125410221114e-23, nan 
-10.625, -58.375, 2.35472933487425e-23, nan 
-10.375, -58.375, 2.4275241817976768e-23, nan 
-10.125, -58.375, 1.4829643141120008e-23, nan 
-9.875, -58.375, 9.776333421302794e-24, nan 
-9.625, -58.375, 4.7481599931389696e-24, nan 
-9.375, -58.375, 4.823531386855052e-24, nan 
-9.125, -58.375, 8.215541289446668e-24, nan 
-8.875, -58.375, 1.318302353068491e-23, nan 
-8.625, -58.375, 1.0400457661804475e-23, nan 
-8.375, -58.375, 8.085793912708422e-24, nan 
-8.125, -58.375, 7.192323808405277e-24, nan 
-7.875, -58.375, 1.3152801517282211e-23, nan 
-7.625, -58.375, 1.3760917767181346e-23, nan 
-7.375, -58.375, 9.651102645167776e-24, nan 
-7.125, -58.375, 7.077853943879734e-24, nan 
-6.875, -58.375, 1.5341401550108416e-23, nan 
-6.625, -58.375, 1.612246082775962e-23, nan 
-6.375, -58.375, 1.3197477335575122e-23, nan 
-6.125, -58.375, 9.445728211055796e-24, nan 
-5.875, -58.375, 1.2268331972532375e-23, nan 
-5.625, -58.375, 9.339228278177071e-24, nan 
-5.375, -58.375, 6.797033508161209e-24, nan 
-5.125, -58.375, 6.3440887809800696e-24, nan 
-4.875, -58.375, 2.2363738324932933e-23, nan 
-4.625, -58.375, 3.279051230128349e-23, nan 
-4.375, -58.375, 4.667352698586129e-23, nan 
-4.125, -58.375, 4.232266727303866e-23, nan 
-3.875, -58.375, 3.5775852087499943e-23, nan 
-3.625, -58.375, 5.20749411834509e-23, nan 
-3.375, -58.375, 6.182028053731523e-23, nan 
-3.125, -58.375, 6.74693154026341e-23, nan 
-2.875, -58.375, 6.642590831713679e-23, nan 
-2.625, -58.375, 5.1087082215136264e-23, nan 
-2.375, -58.375, 2.7145253736583546e-23, nan 
-2.125, -58.375, 2.1800289829049765e-23, nan 
-1.875, -58.375, 1.4057205655435112e-23, nan 
-1.625, -58.375, 1.1693610779205869e-23, nan 
-1.375, -58.375, 1.2962530066575433e-23, nan 
-1.125, -58.375, 1.1713342092198513e-23, nan 
-0.875, -58.375, 4.708495481723989e-24, nan 
-0.625, -58.375, 1.1098000245529068e-23, nan 
-0.375, -58.375, 1.9033527456624462e-23, nan 
-0.125, -58.375, 2.3286490668039969e-23, nan 
0.125, -58.375, 2.95107268015995e-23, nan 
0.375, -58.375, 2.4833663656322126e-23, nan 
0.625, -58.375, 2.3074660478658658e-23, nan 
0.875, -58.375, 2.1441046105905967e-23, nan 
1.125, -58.375, 2.095581128085177e-23, nan 
1.375, -58.375, 2.5483777429565678e-23, nan 
-10.625, -58.125, 1.5889702243519722e-23, nan 
-10.375, -58.125, 2.09223907777403e-23, nan 
-10.125, -58.125, 1.5522919478886242e-23, nan 
-9.875, -58.125, 8.871497528502865e-24, nan 
-9.625, -58.125, 7.440536979274635e-24, nan 
-9.375, -58.125, 4.545903387839079e-24, nan 
-9.125, -58.125, 3.39088737594202e-24, nan 
-8.875, -58.125, 8.040304029958944e-24, nan 
-8.625, -58.125, 9.682832272902316e-24, nan 
-8.375, -58.125, 7.43676436958922e-24, nan 
-8.125, -58.125, 4.81776995505975e-24, nan 
-7.875, -58.125, 3.7302811626953396e-24, nan 
-7.625, -58.125, 7.370076119955787e-24, nan 
-7.375, -58.125, 7.661201759006275e-24, nan 
-7.125, -58.125, 7.380723342811664e-24, nan 
-6.875, -58.125, 1.0116968655774723e-23, nan 
-6.625, -58.125, 1.1591613401689077e-23, nan 
-6.375, -58.125, 1.5724139658630733e-23, nan 
-6.125, -58.125, 1.6049166266881448e-23, nan 
-5.875, -58.125, 8.257519970362508e-24, nan 
-5.625, -58.125, 1.5689812516764113e-23, nan 
-5.375, -58.125, 2.7041248494971203e-23, nan 
-5.125, -58.125, 1.7452281325558092e-23, nan 
-4.875, -58.125, 2.0499048292494707e-23, nan 
-4.625, -58.125, 2.0963537078735016e-23, nan 
-4.375, -58.125, 1.5560878101147274e-23, nan 
-4.125, -58.125, 1.3914961308224385e-23, nan 
-3.875, -58.125, 1.7933840303957954e-23, nan 
-3.625, -58.125, 1.9792230922450058e-23, nan 
-3.375, -58.125, 4.387534748644259e-23, nan 
-3.125, -58.125, 5.361529333731757e-23, nan 
-2.875, -58.125, 3.897637289248814e-23, nan 
-2.625, -58.125, 2.9469647418947846e-23, nan 
-2.375, -58.125, 2.1560828654412443e-23, nan 
-2.125, -58.125, 1.311184292999466e-23, nan 
-1.875, -58.125, 1.0982377412620047e-23, nan 
-1.625, -58.125, 8.70513027367499e-24, nan 
-1.375, -58.125, 2.973410687677562e-23, nan 
-1.125, -58.125, 3.961520536402338e-24, nan 
-0.875, -58.125, 7.857068030213781e-24, nan 
-0.625, -58.125, 1.2482587203727978e-23, nan 
-0.375, -58.125, 1.4653650810688766e-23, nan 
-0.125, -58.125, 2.678728993308224e-23, nan 
0.125, -58.125, 2.5576018907251404e-23, nan 
0.375, -58.125, 5.0064887457765665e-23, nan 
0.625, -58.125, 5.240709656506103e-23, nan 
0.875, -58.125, 1.9966110107570618e-23, nan 
1.125, -58.125, 1.7434247132336538e-23, nan 
1.375, -58.125, 1.1766165587298154e-23, nan 
-10.375, -57.875, 1.401930179483532e-23, nan 
-10.125, -57.875, 1.7499670976495138e-23, nan 
-9.875, -57.875, 1.3893404875970335e-23, nan 
-9.625, -57.875, 3.609423266172689e-24, nan 
-9.375, -57.875, 3.597010091781625e-24, nan 
-9.125, -57.875, 6.267490197468141e-24, nan 
-8.875, -57.875, 5.972711043898384e-24, nan 
-8.625, -57.875, 8.700517956743669e-24, nan 
-8.375, -57.875, 8.379787386165817e-24, nan 
-8.125, -57.875, 4.728073279288531e-24, nan 
-7.875, -57.875, 4.4700584933396356e-24, nan 
-7.625, -57.875, 1.1686348301022954e-23, nan 
-7.375, -57.875, 1.1730628205419564e-23, nan 
-7.125, -57.875, 8.204963654094182e-24, nan 
-6.875, -57.875, 1.157767687001272e-23, nan 
-6.625, -57.875, 9.905541731200657e-24, nan 
-6.375, -57.875, 8.244821779861249e-24, nan 
-6.125, -57.875, 1.4227525583450523e-23, nan 
-5.875, -57.875, 1.3248076927225974e-23, nan 
-5.625, -57.875, 1.2318128658138728e-23, nan 
-5.375, -57.875, 2.2643279346097653e-23, nan 
-5.125, -57.875, 1.3095346733193465e-23, nan 
-4.875, -57.875, 1.074074800081399e-23, nan 
-4.625, -57.875, 1.1867227767631134e-23, nan 
-4.375, -57.875, 1.3068861661097744e-23, nan 
-4.125, -57.875, 1.363269302600459e-23, nan 
-3.875, -57.875, 1.6765151429915414e-23, nan 
-3.625, -57.875, 2.2771626183257614e-23, nan 
-3.375, -57.875, 2.984806922457116e-23, nan 
-3.125, -57.875, 3.277146321601832e-23, nan 
-2.875, -57.875, 3.041060277165429e-23, nan 
-2.625, -57.875, 3.3591953480173974e-23, nan 
-2.375, -57.875, 3.6691043234248844e-23, nan 
-2.125, -57.875, 2.154553984520006e-23, nan 
-1.875, -57.875, 1.4687265972698015e-23, nan 
-1.625, -57.875, 4.907773726690727e-23, nan 
-1.375, -57.875, 7.818737869104579e-23, nan 
-1.125, -57.875, 6.090387257009928e-23, nan 
-0.875, -57.875, 4.781713303505457e-23, nan 
-0.625, -57.875, 4.257091685068515e-23, nan 
-0.375, -57.875, 3.829396021625799e-23, nan 
-0.125, -57.875, 2.573129218103147e-23, nan 
0.125, -57.875, 3.102509016843258e-23, nan 
0.375, -57.875, 4.296425289177942e-23, nan 
0.625, -57.875, 3.2391132927677e-23, nan 
0.875, -57.875, 4.40736319074294e-24, nan 
1.125, -57.875, 8.274927642258607e-24, nan 
1.375, -57.875, 7.617389831816596e-24, nan 
-10.125, -57.625, 1.948995827763612e-23, nan 
-9.875, -57.625, 1.651152600955969e-23, nan 
-9.625, -57.625, 1.5417256540734642e-23, nan 
-9.375, -57.625, 1.1103011503877307e-23, nan 
-9.125, -57.625, 8.272833422598513e-24, nan 
-8.875, -57.625, 6.5768478002434385e-24, nan 
-8.625, -57.625, 9.115763973129736e-24, nan 
-8.375, -57.625, 6.87666238100616e-24, nan 
-8.125, -57.625, 6.93027904653568e-24, nan 
-7.875, -57.625, 7.521055396984629e-24, nan 
-7.625, -57.625, 8.122310761053792e-24, nan 
-7.375, -57.625, 6.985320977951327e-24, nan 
-7.125, -57.625, 7.01353726074254e-24, nan 
-6.875, -57.625, 9.758936443965635e-24, nan 
-6.625, -57.625, 7.361775304487291e-24, nan 
-6.375, -57.625, 5.728491079693245e-24, nan 
-6.125, -57.625, 1.4884863404792788e-23, nan 
-5.875, -57.625, 1.7775211249325724e-23, nan 
-5.625, -57.625, 1.0846083046067528e-23, nan 
-5.375, -57.625, 1.0584509610787151e-23, nan 
-5.125, -57.625, 8.376332541073406e-24, nan 
-4.875, -57.625, 6.004062112962271e-24, nan 
-4.625, -57.625, 3.167068834215013e-24, nan 
-4.375, -57.625, 5.607435847990457e-24, nan 
-4.125, -57.625, 8.693557050392846e-24, nan 
-3.875, -57.625, 1.0944542305188736e-23, nan 
-3.625, -57.625, 1.8203540578773313e-23, nan 
-3.375, -57.625, 3.73984357403846e-23, nan 
-3.125, -57.625, 3.8893695049541034e-23, nan 
-2.875, -57.625, 2.3561922478235294e-23, nan 
-2.625, -57.625, 2.181741071350485e-23, nan 
-2.375, -57.625, 5.324913284527598e-23, nan 
-2.125, -57.625, 5.027045539058707e-23, nan 
-1.875, -57.625, 1.7785944133807677e-23, nan 
-1.625, -57.625, 2.742283897717411e-23, nan 
-1.375, -57.625, 4.3644182348834455e-23, nan 
-1.125, -57.625, 5.2328757649085784e-23, nan 
-0.875, -57.625, 5.749635380733634e-23, nan 
-0.625, -57.625, 4.281835452159999e-23, nan 
-0.375, -57.625, 4.1223289840193614e-23, nan 
-0.125, -57.625, 3.4669600416228725e-23, nan 
0.125, -57.625, 2.1583541287968865e-23, nan 
0.375, -57.625, 2.2346031243754877e-23, nan 
0.625, -57.625, 2.0589468909475342e-23, nan 
0.875, -57.625, 1.3547236558516734e-23, nan 
1.125, -57.625, 1.1678615322560291e-23, nan 
-10.125, -57.375, 1.950711976789482e-23, nan 
-9.875, -57.375, 2.1405680032567065e-23, nan 
-9.625, -57.375, 1.560516366031232e-23, nan 
-9.375, -57.375, 1.2562638930641133e-23, nan 
-9.125, -57.375, 7.915789377657894e-24, nan 
-8.875, -57.375, 8.435349147564366e-24, nan 
-8.625, -57.375, 7.079416373132327e-24, nan 
-8.375, -57.375, 5.075493255026004e-24, nan 
-8.125, -57.375, 9.70189280876769e-24, nan 
-7.875, -57.375, 8.98190357423022e-24, nan 
-7.625, -57.375, 1.653553684773723e-23, nan 
-7.375, -57.375, 1.8130716837357142e-23, nan 
-7.125, -57.375, 1.0597961910899417e-23, nan 
-6.875, -57.375, 1.4868954598659246e-23, nan 
-6.625, -57.375, 8.688740026482291e-24, nan 
-6.375, -57.375, 4.575671910386003e-24, nan 
-6.125, -57.375, 2.5608535231468676e-24, nan 
-5.875, -57.375, 1.6345451895489482e-23, nan 
-5.625, -57.375, 1.9720597686876463e-23, nan 
-5.375, -57.375, 1.3185677720675992e-23, nan 
-5.125, -57.375, 6.252398122785599e-24, nan 
-4.875, -57.375, 3.436520479221784e-24, nan 
-4.625, -57.375, 5.8747828579718696e-24, nan 
-4.375, -57.375, 7.335267163488899e-24, nan 
-4.125, -57.375, 5.873781511075933e-24, nan 
-3.875, -57.375, 9.725697164158162e-24, nan 
-3.625, -57.375, 2.472053467217311e-23, nan 
-3.375, -57.375, 3.4939311342344635e-23, nan 
-3.125, -57.375, 3.287709418776173e-23, nan 
-2.875, -57.375, 1.2764001881075052e-23, nan 
-2.625, -57.375, 1.4195227261279846e-23, nan 
-2.375, -57.375, 4.294653136009407e-23, nan 
-2.125, -57.375, 4.000505737767869e-23, nan 
-1.875, -57.375, 2.6181820163958384e-23, nan 
-1.625, -57.375, 4.91966080067161e-23, nan 
-1.375, -57.375, 5.0094162914886276e-23, nan 
-1.125, -57.375, 2.4815183844030877e-23, nan 
-0.875, -57.375, 1.017447530946527e-23, nan 
-0.625, -57.375, 1.00915172448569e-23, nan 
-0.375, -57.375, 1.245325153012315e-23, nan 
-0.125, -57.375, 4.8362812022099994e-23, nan 
0.125, -57.375, 4.482388592304371e-23, nan 
0.375, -57.375, 1.4558364165339036e-23, nan 
0.625, -57.375, 1.6822421346142028e-23, nan 
0.875, -57.375, 1.2227795901500166e-23, nan 
1.125, -57.375, 6.575030172164606e-24, nan 
-9.875, -57.125, 1.662307513071968e-23, nan 
-9.625, -57.125, 1.2176876991557866e-23, nan 
-9.375, -57.125, 1.1531881896012845e-23, nan 
-9.125, -57.125, 1.1279065844539627e-23, nan 
-8.875, -57.125, 1.265016946905249e-23, nan 
-8.625, -57.125, 1.121196648196915e-23, nan 
-8.375, -57.125, 7.689620098762869e-24, nan 
-8.125, -57.125, 6.026566842487602e-24, nan 
-7.875, -57.125, 1.7021903556465722e-24, nan 
-7.625, -57.125, 4.1035508045021174e-24, nan 
-7.375, -57.125, 1.3238460373137774e-23, nan 
-7.125, -57.125, 2.1530109389900425e-23, nan 
-6.875, -57.125, 2.2310914120024733e-23, nan 
-6.625, -57.125, 1.5680913517689725e-23, nan 
-6.375, -57.125, 1.62205387441376e-23, nan 
-6.125, -57.125, 2.036255798450678e-23, nan 
-5.875, -57.125, 2.092872419204905e-23, nan 
-5.625, -57.125, 1.358957285705753e-23, nan 
-5.375, -57.125, 7.206868398881709e-24, nan 
-5.125, -57.125, 7.182567769846227e-24, nan 
-4.875, -57.125, 6.066799791983937e-24, nan 
-4.625, -57.125, 5.3215834842916165e-24, nan 
-4.375, -57.125, 1.6184057734008358e-23, nan 
-4.125, -57.125, 1.6553898894406543e-23, nan 
-3.875, -57.125, 3.995078923574036e-24, nan 
-3.625, -57.125, 4.6897821425429785e-24, nan 
-3.375, -57.125, 9.120801261432708e-24, nan 
-3.125, -57.125, 2.4486383570288252e-23, nan 
-2.875, -57.125, 1.9652287160338105e-23, nan 
-2.625, -57.125, 2.5117092950931792e-23, nan 
-2.375, -57.125, 3.0620340802803706e-23, nan 
-2.125, -57.125, 1.1028892926143535e-23, nan 
-1.875, -57.125, 4.4468118048258956e-24, nan 
-1.625, -57.125, 6.391842957566162e-23, nan 
-1.375, -57.125, 7.041556476205307e-23, nan 
-1.125, -57.125, 1.9516491702987918e-23, nan 
-0.875, -57.125, 8.106229386876834e-24, nan 
-0.625, -57.125, 3.7835441013391e-24, nan 
-0.375, -57.125, 3.0105599115016368e-24, nan 
-0.125, -57.125, 3.580852525354935e-23, nan 
0.125, -57.125, 4.119026783265608e-23, nan 
0.375, -57.125, 2.7461124479362654e-23, nan 
0.625, -57.125, 2.3887867081587538e-23, nan 
0.875, -57.125, 1.801128563572073e-23, nan 
1.125, -57.125, 9.265759990236493e-24, nan 
-9.625, -56.875, 5.717180452743612e-24, nan 
-9.375, -56.875, 5.1800048316872746e-24, nan 
-9.125, -56.875, 7.728361421768975e-24, nan 
-8.875, -56.875, 8.21881311468224e-24, nan 
-8.625, -56.875, 9.233901263714822e-24, nan 
-8.375, -56.875, 7.89932289046071e-24, nan 
-8.125, -56.875, 5.8490901622506664e-24, nan 
-7.875, -56.875, 8.273757080664506e-24, nan 
-7.625, -56.875, 1.3604211441908842e-23, nan 
-7.375, -56.875, 1.4037219829878635e-23, nan 
-7.125, -56.875, 1.6521906249316634e-23, nan 
-6.875, -56.875, 1.2720266655752127e-23, nan 
-6.625, -56.875, 1.6978360004267318e-23, nan 
-6.375, -56.875, 1.9999467403067464e-23, nan 
-6.125, -56.875, 1.5033302235746632e-23, nan 
-5.875, -56.875, 6.840493961066224e-24, nan 
-5.625, -56.875, 1.0311824292084405e-23, nan 
-5.375, -56.875, 1.0488637217524872e-23, nan 
-5.125, -56.875, 7.638194146483032e-24, nan 
-4.875, -56.875, 3.440431952274956e-24, nan 
-4.625, -56.875, 7.153152799756713e-24, nan 
-4.375, -56.875, 8.843023211926929e-24, nan 
-4.125, -56.875, 1.4865481740510865e-23, nan 
-3.875, -56.875, 1.2198712578533772e-23, nan 
-3.625, -56.875, 7.889897162340532e-24, nan 
-3.375, -56.875, 7.025907756674617e-24, nan 
-3.125, -56.875, 7.801214386631566e-24, nan 
-2.875, -56.875, 8.516252276066316e-24, nan 
-2.625, -56.875, 9.771614689245044e-24, nan 
-2.375, -56.875, 1.312927570609096e-23, nan 
-2.125, -56.875, 1.0783831616993092e-23, nan 
-1.875, -56.875, 5.1725798115614226e-24, nan 
-1.625, -56.875, 6.809729856759547e-24, nan 
-1.375, -56.875, 4.270954859540219e-23, nan 
-1.125, -56.875, 4.022720030762692e-23, nan 
-0.875, -56.875, 3.049614353997834e-23, nan 
-0.625, -56.875, 3.171256373557381e-23, nan 
-0.375, -56.875, 4.5842376706114357e-23, nan 
-0.125, -56.875, 4.98905757180767e-23, nan 
0.125, -56.875, 3.6542768198763e-23, nan 
0.375, -56.875, 3.145806517774145e-23, nan 
0.625, -56.875, 3.7760976015887766e-23, nan 
0.875, -56.875, 2.6758806565890687e-23, nan 
1.125, -56.875, 1.2053838216320946e-23, nan 
-9.375, -56.625, 4.922800434456408e-24, nan 
-9.125, -56.625, 4.419178685028999e-24, nan 
-8.875, -56.625, 3.565699712792168e-24, nan 
-8.625, -56.625, 3.506501842778153e-24, nan 
-8.375, -56.625, 3.98340142219698e-24, nan 
-8.125, -56.625, 7.463835514476362e-24, nan 
-7.875, -56.625, 1.1639941315944413e-23, nan 
-7.625, -56.625, 1.2206459343039273e-23, nan 
-7.375, -56.625, 3.282898257585857e-23, nan 
-7.125, -56.625, 3.9714329730045007e-23, nan 
-6.875, -56.625, 3.403663119579533e-23, nan 
-6.625, -56.625, 7.591746375925478e-24, nan 
-6.375, -56.625, 8.63059803507711e-24, nan 
-6.125, -56.625, 8.417643297525506e-24, nan 
-5.875, -56.625, 3.809408020770091e-24, nan 
-5.625, -56.625, 1.3512675729589397e-23, nan 
-5.375, -56.625, 3.630483521607078e-23, nan 
-5.125, -56.625, 4.080218879882578e-23, nan 
-4.875, -56.625, 4.5726086999096943e-23, nan 
-4.625, -56.625, 4.4519611634982964e-23, nan 
-4.375, -56.625, 3.1575216832981243e-23, nan 
-4.125, -56.625, 2.1410451435313917e-23, nan 
-3.875, -56.625, 1.7213308562947673e-23, nan 
-3.625, -56.625, 8.486453965224e-24, nan 
-3.375, -56.625, 7.385177090574154e-24, nan 
-3.125, -56.625, 1.6083000186323674e-23, nan 
-2.875, -56.625, 1.6697949150772918e-23, nan 
-2.625, -56.625, 1.3564363625897705e-23, nan 
-2.375, -56.625, 1.3599556069275052e-23, nan 
-2.125, -56.625, 8.713429417167166e-24, nan 
-1.875, -56.625, 1.280455789855384e-23, nan 
-1.625, -56.625, 1.352059588207208e-23, nan 
-1.375, -56.625, 9.610218987260988e-24, nan 
-1.125, -56.625, 6.647297401142809e-24, nan 
-0.875, -56.625, 2.4243523626356247e-23, nan 
-0.625, -56.625, 3.549582819115887e-23, nan 
-0.375, -56.625, 3.576804020295085e-23, nan 
-0.125, -56.625, 1.680415061074322e-23, nan 
0.125, -56.625, 7.212953607127613e-24, nan 
0.375, -56.625, 1.3925323156236063e-23, nan 
0.625, -56.625, 1.9525666200655963e-23, nan 
0.875, -56.625, 2.0211327324291707e-23, nan 
1.125, -56.625, 1.8870210999741908e-23, nan 
-9.375, -56.375, 7.24996971917151e-24, nan 
-9.125, -56.375, 4.153804409383919e-24, nan 
-8.875, -56.375, 6.907865140762223e-24, nan 
-8.625, -56.375, 7.353825782927251e-24, nan 
-8.375, -56.375, 2.1547325831590106e-24, nan 
-8.125, -56.375, 6.091350648561046e-24, nan 
-7.875, -56.375, 9.409639337570361e-24, nan 
-7.625, -56.375, 6.559273177773397e-23, nan 
-7.375, -56.375, 7.51243316625269e-23, nan 
-7.125, -56.375, 4.4807806820089476e-23, nan 
-6.875, -56.375, 7.864761903481679e-23, nan 
-6.625, -56.375, 7.900497040719766e-23, nan 
-6.375, -56.375, 6.706520645500097e-24, nan 
-6.125, -56.375, 6.864945076891947e-24, nan 
-5.875, -56.375, 2.1726877811264673e-23, nan 
-5.625, -56.375, 4.9943165112230865e-23, nan 
-5.375, -56.375, 5.470285235049024e-23, nan 
-5.125, -56.375, 4.000086633874507e-23, nan 
-4.875, -56.375, 4.522808872515094e-23, nan 
-4.625, -56.375, 5.912083971599932e-23, nan 
-4.375, -56.375, 7.730858258919622e-23, nan 
-4.125, -56.375, 5.811236632103779e-23, nan 
-3.875, -56.375, 1.75607032099683e-23, nan 
-3.625, -56.375, 1.2619340603022588e-23, nan 
-3.375, -56.375, 1.598348389818453e-23, nan 
-3.125, -56.375, 1.1180265429318587e-23, nan 
-2.875, -56.375, 7.408303512694504e-24, nan 
-2.625, -56.375, 9.955712556024832e-24, nan 
-2.375, -56.375, 1.1006720177803983e-23, nan 
-2.125, -56.375, 9.05632162548972e-24, nan 
-1.875, -56.375, 9.351885174851875e-24, nan 
-1.625, -56.375, 6.2247914169814684e-24, nan 
-1.375, -56.375, 3.0957909458596278e-24, nan 
-1.125, -56.375, 4.587836265099657e-24, nan 
-0.875, -56.375, 6.0168136275638954e-24, nan 
-0.625, -56.375, 7.641910667129544e-24, nan 
-0.375, -56.375, 9.857779581914637e-24, nan 
-0.125, -56.375, 1.046773167350309e-23, nan 
0.125, -56.375, 8.331493723860116e-24, nan 
0.375, -56.375, 2.0575326276812686e-23, nan 
0.625, -56.375, 2.3992958733321933e-23, nan 
0.875, -56.375, 1.2745474597063173e-23, nan 
-9.125, -56.125, 8.798800372019192e-24, nan 
-8.875, -56.125, 7.797503872586568e-24, nan 
-8.625, -56.125, 4.576155065866084e-24, nan 
-8.375, -56.125, 6.181190669429792e-24, nan 
-8.125, -56.125, 7.605733920122041e-24, nan 
-7.875, -56.125, 7.063838026585959e-24, nan 
-7.625, -56.125, 8.491891822764312e-23, nan 
-7.375, -56.125, 9.392943983524721e-23, nan 
-7.125, -56.125, 1.5345587922956172e-23, nan 
-6.875, -56.125, 3.5636556317608355e-23, nan 
-6.625, -56.125, 9.522693579104196e-23, nan 
-6.375, -56.125, 7.351252194928367e-23, nan 
-6.125, -56.125, 7.986584030434178e-24, nan 
-5.875, -56.125, 4.306031124099032e-23, nan 
-5.625, -56.125, 5.165361460353032e-23, nan 
-5.375, -56.125, 2.0532454230460326e-23, nan 
-5.125, -56.125, 5.769477472590541e-24, nan 
-4.875, -56.125, 4.853977665526343e-24, nan 
-4.625, -56.125, 1.2908566301431895e-23, nan 
-4.375, -56.125, 7.255539536203576e-23, nan 
-4.125, -56.125, 7.021963570577572e-23, nan 
-3.875, -56.125, 1.7609293480774244e-23, nan 
-3.625, -56.125, 2.1370453654820627e-23, nan 
-3.375, -56.125, 2.5874212332241523e-23, nan 
-3.125, -56.125, 1.710501317565909e-23, nan 
-2.875, -56.125, 1.1847481713792133e-23, nan 
-2.625, -56.125, 6.074767814491024e-24, nan 
-2.375, -56.125, 4.809960974706731e-24, nan 
-2.125, -56.125, 4.965894635108494e-24, nan 
-1.875, -56.125, 5.954508449382392e-24, nan 
-1.625, -56.125, 5.6205698722110236e-24, nan 
-1.375, -56.125, 6.1360266301555685e-24, nan 
-1.125, -56.125, 6.087879988310643e-24, nan 
-0.875, -56.125, 2.1051203552796678e-24, nan 
-0.625, -56.125, 7.210652837080742e-24, nan 
-0.375, -56.125, 6.391536923413261e-24, nan 
-0.125, -56.125, 8.195284795757502e-24, nan 
0.125, -56.125, 4.037721541370998e-24, nan 
0.375, -56.125, 1.711173320797034e-23, nan 
0.625, -56.125, 2.6381071344373557e-23, nan 
0.875, -56.125, 2.1117452228724712e-23, nan 
-8.875, -55.875, 6.086346703225106e-24, nan 
-8.625, -55.875, 2.936004041135302e-24, nan 
-8.375, -55.875, 2.6286866270348674e-24, nan 
-8.125, -55.875, 4.127920921970044e-24, nan 
-7.875, -55.875, 2.2192173336162997e-23, nan 
-7.625, -55.875, 4.5614359962855793e-23, nan 
-7.375, -55.875, 7.226919325269033e-23, nan 
-7.125, -55.875, 6.3084446801559e-23, nan 
-6.875, -55.875, 5.542478491993195e-23, nan 
-6.625, -55.875, 5.403457697013584e-23, nan 
-6.375, -55.875, 1.6096134140703967e-23, nan 
-6.125, -55.875, 7.542830108217953e-24, nan 
-5.875, -55.875, 1.8028530892741928e-23, nan 
-5.625, -55.875, 5.2719512948046026e-23, nan 
-5.375, -55.875, 5.848167169397604e-23, nan 
-5.125, -55.875, 4.336869088244708e-23, nan 
-4.875, -55.875, 4.607068367875844e-23, nan 
-4.625, -55.875, 6.029238959332999e-23, nan 
-4.375, -55.875, 7.614651383547292e-23, nan 
-4.125, -55.875, 5.600389523649418e-23, nan 
-3.875, -55.875, 2.003622604362743e-23, nan 
-3.625, -55.875, 2.9261888553929396e-23, nan 
-3.375, -55.875, 3.012492207903817e-23, nan 
-3.125, -55.875, 2.98541248849509e-23, nan 
-2.875, -55.875, 1.4405710333956286e-23, nan 
-2.625, -55.875, 1.1772861472904454e-23, nan 
-2.375, -55.875, 6.647082829163696e-24, nan 
-2.125, -55.875, 1.7374194177078783e-24, nan 
-1.875, -55.875, 2.1804265736845178e-24, nan 
-1.625, -55.875, 1.6990877135552835e-24, nan 
-1.375, -55.875, 2.0800732123961827e-24, nan 
-1.125, -55.875, 9.099314638826211e-24, nan 
-0.875, -55.875, 1.416470074586083e-23, nan 
-0.625, -55.875, 2.2275603590592616e-23, nan 
-0.375, -55.875, 1.7116247101452676e-23, nan 
-0.125, -55.875, 5.8521604365804276e-24, nan 
0.125, -55.875, 9.539566363038042e-24, nan 
0.375, -55.875, 1.661864735355532e-23, nan 
0.625, -55.875, 1.7822664442165965e-23, nan 
0.875, -55.875, 1.3125908305823884e-23, nan 
-8.625, -55.625, 4.038072257542475e-24, nan 
-8.375, -55.625, 3.2607797272638418e-24, nan 
-8.125, -55.625, 2.6533747648574846e-24, nan 
-7.875, -55.625, 3.909074865931301e-24, nan 
-7.625, -55.625, 1.4823516860623207e-23, nan 
-7.375, -55.625, 8.773691052577044e-24, nan 
-7.125, -55.625, 3.563749415466539e-23, nan 
-6.875, -55.625, 2.8825854039927065e-23, nan 
-6.625, -55.625, 6.92918305004651e-24, nan 
-6.375, -55.625, 5.5245183772305205e-24, nan 
-6.125, -55.625, 5.3023023672574685e-24, nan 
-5.875, -55.625, 4.4320223546661485e-24, nan 
-5.625, -55.625, 1.0210086075386635e-23, nan 
-5.375, -55.625, 3.702886648517715e-23, nan 
-5.125, -55.625, 4.3565027360176415e-23, nan 
-4.875, -55.625, 4.5463466959576355e-23, nan 
-4.625, -55.625, 4.494885526064375e-23, nan 
-4.375, -55.625, 2.818370278597275e-23, nan 
-4.125, -55.625, 2.613165888801899e-23, nan 
-3.875, -55.625, 3.9751560949200766e-23, nan 
-3.625, -55.625, 4.1182198510831564e-23, nan 
-3.375, -55.625, 2.4554978181449373e-23, nan 
-3.125, -55.625, 5.662543931595892e-23, nan 
-2.875, -55.625, 4.694338446898792e-23, nan 
-2.625, -55.625, 1.41326487868204e-23, nan 
-2.375, -55.625, 1.3203540352963276e-23, nan 
-2.125, -55.625, 4.283474308325893e-24, nan 
-1.875, -55.625, 2.8438041819613846e-24, nan 
-1.625, -55.625, 2.680583509929853e-24, nan 
-1.375, -55.625, 1.6267379925299587e-24, nan 
-1.125, -55.625, 2.7522469279561424e-24, nan 
-0.875, -55.625, 2.6886046258323215e-24, nan 
-0.625, -55.625, 8.093643921759518e-24, nan 
-0.375, -55.625, 9.760528710974433e-24, nan 
-0.125, -55.625, 1.0900520129197867e-23, nan 
0.125, -55.625, 7.968811486509223e-24, nan 
0.375, -55.625, 9.55736307099882e-24, nan 
0.625, -55.625, 1.2529948462799997e-23, nan 
-8.375, -55.375, 5.2776132267917425e-24, nan 
-8.125, -55.375, 5.918363994512711e-24, nan 
-7.875, -55.375, 5.195713268029466e-24, nan 
-7.625, -55.375, 4.8232693579299845e-24, nan 
-7.375, -55.375, 2.4006963184801796e-24, nan 
-7.125, -55.375, 1.6639368095553347e-24, nan 
-6.875, -55.375, 2.369209853995074e-24, nan 
-6.625, -55.375, 3.0911064316240066e-24, nan 
-6.375, -55.375, 4.971430094947666e-24, nan 
-6.125, -55.375, 4.21717414229339e-24, nan 
-5.875, -55.375, 8.724689478296171e-24, nan 
-5.625, -55.375, 9.67275093724679e-24, nan 
-5.375, -55.375, 3.742204066152013e-24, nan 
-5.125, -55.375, 2.2192943303389283e-24, nan 
-4.875, -55.375, 2.891860627081509e-24, nan 
-4.625, -55.375, 3.887547172410865e-24, nan 
-4.375, -55.375, 5.896633733279387e-24, nan 
-4.125, -55.375, 1.0191866769817612e-23, nan 
-3.875, -55.375, 1.029188019964525e-23, nan 
-3.625, -55.375, 2.2938937370656786e-23, nan 
-3.375, -55.375, 2.1866813253211133e-23, nan 
-3.125, -55.375, 2.4708480277038576e-23, nan 
-2.875, -55.375, 8.968602749044992e-24, nan 
-2.625, -55.375, 9.967687564216882e-24, nan 
-2.375, -55.375, 6.178470262566773e-24, nan 
-2.125, -55.375, 3.0249360221032566e-24, nan 
-1.875, -55.375, 2.526045979270278e-23, nan 
-1.625, -55.375, 4.237077942754109e-24, nan 
-1.375, -55.375, 5.394288860522765e-24, nan 
-1.125, -55.375, 3.556415267954841e-24, nan 
-0.875, -55.375, 7.010805816953721e-24, nan 
-0.625, -55.375, 4.7325434539577e-24, nan 
-0.375, -55.375, 5.231984607570259e-24, nan 
-0.125, -55.375, 5.377952186662095e-24, nan 
0.125, -55.375, 6.239704985372216e-24, nan 
0.375, -55.375, 1.1410449183378139e-23, nan 
0.625, -55.375, 9.309279505627307e-24, nan 
-8.375, -55.125, 7.213076681431431e-24, nan 
-8.125, -55.125, 1.088477823366334e-23, nan 
-7.875, -55.125, 1.4445179226975326e-23, nan 
-7.625, -55.125, 1.3828825638398e-23, nan 
-7.375, -55.125, 8.338091109239289e-24, nan 
-7.125, -55.125, 1.5400132549901232e-24, nan 
-6.875, -55.125, 3.900251098746344e-24, nan 
-6.625, -55.125, 1.942435518376684e-23, nan 
-6.375, -55.125, 2.5376132156853679e-23, nan 
-6.125, -55.125, 1.3782500212555964e-23, nan 
-5.875, -55.125, 1.1286899023567134e-23, nan 
-5.625, -55.125, 1.340889139331454e-23, nan 
-5.375, -55.125, 1.0538676217248024e-23, nan 
-5.125, -55.125, 9.815680933028698e-24, nan 
-4.875, -55.125, 6.673945998095448e-24, nan 
-4.625, -55.125, 2.5962036060789765e-24, nan 
-4.375, -55.125, 8.538203525009684e-24, nan 
-4.125, -55.125, 8.208620886728815e-24, nan 
-3.875, -55.125, 4.587051963737742e-24, nan 
-3.625, -55.125, 4.309888361740782e-24, nan 
-3.375, -55.125, 4.6391826787555456e-24, nan 
-3.125, -55.125, 5.6965988371311056e-24, nan 
-2.875, -55.125, 2.3697266964134252e-23, nan 
-2.625, -55.125, 1.0543938524263035e-23, nan 
-2.375, -55.125, 7.318285639467444e-24, nan 
-2.125, -55.125, 4.401192628280259e-23, nan 
-1.875, -55.125, 6.645070170815406e-23, nan 
-1.625, -55.125, 4.356468340195788e-23, nan 
-1.375, -55.125, 7.040802051231624e-24, nan 
-1.125, -55.125, 8.218358383788347e-24, nan 
-0.875, -55.125, 1.2590437268204937e-23, nan 
-0.625, -55.125, 1.5540956210428873e-23, nan 
-0.375, -55.125, 1.273425079712e-23, nan 
-0.125, -55.125, 1.0409805108916426e-23, nan 
0.125, -55.125, 1.0693131231370156e-23, nan 
0.375, -55.125, 1.2904591494898914e-23, nan 
0.625, -55.125, 1.2556195082247946e-23, nan 
-8.125, -54.875, 5.9273971286050355e-24, nan 
-7.875, -54.875, 8.055816104209143e-24, nan 
-7.625, -54.875, 4.861324693401155e-24, nan 
-7.375, -54.875, 5.27805527043603e-24, nan 
-7.125, -54.875, 2.6353830820828583e-24, nan 
-6.875, -54.875, 3.8099462234942265e-23, nan 
-6.625, -54.875, 3.7626712555107064e-23, nan 
-6.375, -54.875, 3.5818713396652747e-23, nan 
-6.125, -54.875, 4.679917272510817e-23, nan 
-5.875, -54.875, 3.3506087978984444e-23, nan 
-5.625, -54.875, 8.971629248407828e-24, nan 
-5.375, -54.875, 1.0080697112813637e-23, nan 
-5.125, -54.875, 1.0880656725468605e-23, nan 
-4.875, -54.875, 5.6465077622215665e-24, nan 
-4.625, -54.875, 1.2788403658711631e-24, nan 
-4.375, -54.875, 5.279925125129353e-24, nan 
-4.125, -54.875, 2.6361792712470837e-23, nan 
-3.875, -54.875, 3.6624306586455084e-23, nan 
-3.625, -54.875, 6.864104486379086e-24, nan 
-3.375, -54.875, 6.6003184031058655e-24, nan 
-3.125, -54.875, 3.643128670286593e-23, nan 
-2.875, -54.875, 6.579355850383271e-23, nan 
-2.625, -54.875, 4.399980041192328e-23, nan 
-2.375, -54.875, 8.187296963799633e-24, nan 
-2.125, -54.875, 3.907157935149838e-23, nan 
-1.875, -54.875, 5.883784817031897e-23, nan 
-1.625, -54.875, 4.054653266503297e-23, nan 
-1.375, -54.875, 8.512745882213918e-24, nan 
-1.125, -54.875, 8.247336628520074e-24, nan 
-0.875, -54.875, 1.0427965621077142e-23, nan 
-0.625, -54.875, 1.512850153718484e-23, nan 
-0.375, -54.875, 1.2744262541603281e-23, nan 
-0.125, -54.875, 2.997294171281765e-23, nan 
0.125, -54.875, 2.043740851031348e-23, nan 
0.375, -54.875, 1.3579219614686687e-23, nan 
-7.875, -54.625, 5.2689442118778574e-24, nan 
-7.625, -54.625, 6.989397911035865e-24, nan 
-7.375, -54.625, 7.596611826691459e-24, nan 
-7.125, -54.625, 4.109042184595955e-23, nan 
-6.875, -54.625, 5.583274820571709e-23, nan 
-6.625, -54.625, 3.1134937982224116e-23, nan 
-6.375, -54.625, 1.0337468659050676e-23, nan 
-6.125, -54.625, 6.745035110974001e-23, nan 
-5.875, -54.625, 6.380365058148781e-23, nan 
-5.625, -54.625, 8.990262981131116e-24, nan 
-5.375, -54.625, 8.40618766085942e-24, nan 
-5.125, -54.625, 3.9837538351506066e-24, nan 
-4.875, -54.625, 4.1747618410480254e-24, nan 
-4.625, -54.625, 4.994697396187922e-24, nan 
-4.375, -54.625, 4.660102538467361e-23, nan 
-4.125, -54.625, 6.06817667477377e-23, nan 
-3.875, -54.625, 7.542285991741254e-23, nan 
-3.625, -54.625, 5.58055352588581e-23, nan 
-3.375, -54.625, 1.0319124375849041e-23, nan 
-3.125, -54.625, 7.347558707822775e-24, nan 
-2.875, -54.625, 2.7580863860170097e-23, nan 
-2.625, -54.625, 7.147062225352906e-24, nan 
-2.375, -54.625, 7.093405752825244e-24, nan 
-2.125, -54.625, 9.395147049558459e-24, nan 
-1.875, -54.625, 2.0310707172769627e-23, nan 
-1.625, -54.625, 6.733790249096647e-24, nan 
-1.375, -54.625, 8.197883793358738e-24, nan 
-1.125, -54.625, 1.345989409733247e-23, nan 
-0.875, -54.625, 1.3347582502048357e-23, nan 
-0.625, -54.625, 3.8144189503519606e-23, nan 
-0.375, -54.625, 5.946262141207272e-23, nan 
-0.125, -54.625, 5.939232971274932e-23, nan 
0.125, -54.625, 4.243287531161973e-23, nan 
0.375, -54.625, 3.4691248949854476e-23, nan 
-7.625, -54.375, 5.096363529439561e-24, nan 
-7.375, -54.375, 1.2548663317648843e-23, nan 
-7.125, -54.375, 1.4041382362303708e-23, nan 
-6.875, -54.375, 3.311561356997898e-23, nan 
-6.625, -54.375, 4.7372217547012515e-23, nan 
-6.375, -54.375, 4.734515014238899e-23, nan 
-6.125, -54.375, 5.202966087001259e-23, nan 
-5.875, -54.375, 4.4243908272102995e-23, nan 
-5.625, -54.375, 3.6344699825703304e-24, nan 
-5.375, -54.375, 3.1635796557070245e-24, nan 
-5.125, -54.375, 4.273220345966648e-24, nan 
-4.875, -54.375, 5.151151541743842e-24, nan 
-4.625, -54.375, 6.890873356095855e-24, nan 
-4.375, -54.375, 7.18335096689576e-24, nan 
-4.125, -54.375, 2.60739988592339e-23, nan 
-3.875, -54.375, 3.2768748968191184e-23, nan 
-3.625, -54.375, 1.0003182579248148e-23, nan 
-3.375, -54.375, 1.2338538392731633e-23, nan 
-3.125, -54.375, 1.0790536465591487e-23, nan 
-2.875, -54.375, 1.116772348700149e-23, nan 
-2.625, -54.375, 9.947576357663154e-24, nan 
-2.375, -54.375, 1.3219250392654128e-23, nan 
-2.125, -54.375, 1.2106496665978116e-23, nan 
-1.875, -54.375, 5.416764404993023e-24, nan 
-1.625, -54.375, 9.871928035472444e-24, nan 
-1.375, -54.375, 1.2942806686991698e-23, nan 
-1.125, -54.375, 1.1322957390503865e-23, nan 
-0.875, -54.375, 5.2265260395529686e-23, nan 
-0.625, -54.375, 6.711715477335573e-23, nan 
-0.375, -54.375, 4.0352492609050906e-23, nan 
-0.125, -54.375, 1.224004829569278e-23, nan 
0.125, -54.375, 2.7350694242412666e-23, nan 
0.375, -54.375, 6.126208334475998e-23, nan 
-7.375, -54.125, 2.466861743257763e-23, nan 
-7.125, -54.125, 1.4689672916234684e-23, nan 
-6.875, -54.125, 1.0547752429490024e-23, nan 
-6.625, -54.125, 1.3134844405059845e-23, nan 
-6.375, -54.125, 2.91347372222581e-23, nan 
-6.125, -54.125, 2.4262397760381517e-23, nan 
-5.875, -54.125, 4.159365454969501e-24, nan 
-5.625, -54.125, 3.739610581383022e-24, nan 
-5.375, -54.125, 2.787445486713233e-24, nan 
-5.125, -54.125, 3.637179511664463e-24, nan 
-4.875, -54.125, 2.4699883451463366e-23, nan 
-4.625, -54.125, 1.4863820367341877e-23, nan 
-4.375, -54.125, 1.3175624086049838e-23, nan 
-4.125, -54.125, 6.767060879442376e-24, nan 
-3.875, -54.125, 1.2788920234545144e-23, nan 
-3.625, -54.125, 1.4653983421263393e-23, nan 
-3.375, -54.125, 2.480737760725054e-23, nan 
-3.125, -54.125, 2.406730657104556e-23, nan 
-2.875, -54.125, 9.074532012949034e-24, nan 
-2.625, -54.125, 9.632312007321887e-24, nan 
-2.375, -54.125, 1.0987265707703717e-23, nan 
-2.125, -54.125, 9.849360411339861e-24, nan 
-1.875, -54.125, 1.1011577559172435e-23, nan 
-1.625, -54.125, 1.0727316248728547e-23, nan 
-1.375, -54.125, 7.992196628788877e-24, nan 
-1.125, -54.125, 8.653902649382512e-24, nan 
-0.875, -54.125, 8.97776156731305e-24, nan 
-0.625, -54.125, 4.49012823790205e-23, nan 
-0.375, -54.125, 4.7193158193446584e-23, nan 
-0.125, -54.125, 3.198245187719108e-23, nan 
0.125, -54.125, 6.305746707503526e-23, nan 
-7.125, -53.875, 1.5000805702356875e-23, nan 
-6.875, -53.875, 1.2178387517909522e-23, nan 
-6.625, -53.875, 1.1826088287448098e-23, nan 
-6.375, -53.875, 1.0011810519282345e-23, nan 
-6.125, -53.875, 6.441823019182728e-24, nan 
-5.875, -53.875, 2.240541949809154e-24, nan 
-5.625, -53.875, 2.9444136061417873e-24, nan 
-5.375, -53.875, 2.741736686800523e-24, nan 
-5.125, -53.875, 3.424340438161637e-23, nan 
-4.875, -53.875, 5.45787635417967e-23, nan 
-4.625, -53.875, 3.1392991368801476e-23, nan 
-4.375, -53.875, 7.241785716873205e-24, nan 
-4.125, -53.875, 2.425504601164888e-24, nan 
-3.875, -53.875, 8.125767596905288e-24, nan 
-3.625, -53.875, 1.0894365733131875e-23, nan 
-3.375, -53.875, 1.0537374720898844e-23, nan 
-3.125, -53.875, 1.4294196222479874e-23, nan 
-2.875, -53.875, 8.035884395442791e-24, nan 
-2.625, -53.875, 4.5711166908282754e-24, nan 
-2.375, -53.875, 7.449630896993006e-24, nan 
-2.125, -53.875, 5.0767719161324605e-24, nan 
-1.875, -53.875, 9.485004023465402e-24, nan 
-1.625, -53.875, 8.269961334448624e-24, nan 
-1.375, -53.875, 5.165448566000444e-24, nan 
-1.125, -53.875, 6.283566121898254e-24, nan 
-0.875, -53.875, 8.226196827339112e-24, nan 
-0.625, -53.875, 8.337385333224726e-24, nan 
-0.375, -53.875, 2.5474011101269172e-23, nan 
-0.125, -53.875, 3.210252902533699e-23, nan 
0.125, -53.875, 3.152888133261572e-23, nan 
-7.125, -53.625, 2.8904982283975756e-23, nan 
-6.875, -53.625, 1.5565503138147192e-23, nan 
-6.625, -53.625, 1.3667287453119676e-23, nan 
-6.375, -53.625, 1.4715960702822393e-23, nan 
-6.125, -53.625, 1.2415080428117566e-23, nan 
-5.875, -53.625, 5.866277480995619e-24, nan 
-5.625, -53.625, 6.771529618692918e-24, nan 
-5.375, -53.625, 8.020711510538205e-24, nan 
-5.125, -53.625, 2.2490895713244384e-24, nan 
-4.875, -53.625, 1.9254350053301385e-23, nan 
-4.625, -53.625, 1.0217334648784448e-23, nan 
-4.375, -53.625, 1.0086791324081135e-23, nan 
-4.125, -53.625, 7.804800340988055e-24, nan 
-3.875, -53.625, 4.3050114863824925e-24, nan 
-3.625, -53.625, 8.810178249123046e-24, nan 
-3.375, -53.625, 1.0074176300373097e-23, nan 
-3.125, -53.625, 1.5590899450887725e-23, nan 
-2.875, -53.625, 1.5718701066055144e-23, nan 
-2.625, -53.625, 8.902449306827702e-24, nan 
-2.375, -53.625, 9.01671497571611e-24, nan 
-2.125, -53.625, 1.1394136406524159e-23, nan 
-1.875, -53.625, 1.6057184760680978e-23, nan 
-1.625, -53.625, 3.5550483934402155e-23, nan 
-1.375, -53.625, 3.3190231480760667e-23, nan 
-1.125, -53.625, 2.514407612710148e-23, nan 
-0.875, -53.625, 8.441888627302744e-24, nan 
-0.625, -53.625, 8.226399622759405e-24, nan 
-0.375, -53.625, 9.01526440310558e-24, nan 
-0.125, -53.625, 1.062289716691231e-23, nan 
-6.875, -53.375, 7.079469500548061e-23, nan 
-6.625, -53.375, 1.636690734363368e-23, nan 
-6.375, -53.375, 1.6587641912907637e-23, nan 
-6.125, -53.375, 2.0211388246426764e-23, nan 
-5.875, -53.375, 2.1760424460078164e-23, nan 
-5.625, -53.375, 1.1077366301714605e-23, nan 
-5.375, -53.375, 1.1006912496681889e-23, nan 
-5.125, -53.375, 1.0725542256850775e-23, nan 
-4.875, -53.375, 9.138210351531228e-24, nan 
-4.625, -53.375, 9.69168048080105e-24, nan 
-4.375, -53.375, 6.088438376118394e-24, nan 
-4.125, -53.375, 1.1065525618151607e-23, nan 
-3.875, -53.375, 9.317783755529117e-24, nan 
-3.625, -53.375, 6.521878446794049e-24, nan 
-3.375, -53.375, 1.34172583007693e-23, nan 
-3.125, -53.375, 1.2648706393167378e-23, nan 
-2.875, -53.375, 1.247917584283722e-23, nan 
-2.625, -53.375, 1.036458626365949e-23, nan 
-2.375, -53.375, 6.193370701597612e-24, nan 
-2.125, -53.375, 9.82982078144153e-24, nan 
-1.875, -53.375, 3.981059479462913e-23, nan 
-1.625, -53.375, 5.081052874170812e-23, nan 
-1.375, -53.375, 3.5846461738758977e-23, nan 
-1.125, -53.375, 4.164550347192135e-23, nan 
-0.875, -53.375, 2.9877652211130355e-23, nan 
-0.625, -53.375, 6.803112895834785e-24, nan 
-0.375, -53.375, 6.0240759703832904e-24, nan 
-0.125, -53.375, 6.325150274922033e-24, nan 
-6.625, -53.125, 4.4776453877534663e-23, nan 
-6.375, -53.125, 1.4990799034385712e-23, nan 
-6.125, -53.125, 1.9099639789141466e-23, nan 
-5.875, -53.125, 2.633766217362274e-23, nan 
-5.625, -53.125, 2.125556070840804e-23, nan 
-5.375, -53.125, 1.205420270263472e-23, nan 
-5.125, -53.125, 1.9217700868349655e-23, nan 
-4.875, -53.125, 2.064329189159437e-23, nan 
-4.625, -53.125, 1.1281304284872421e-23, nan 
-4.375, -53.125, 7.30650884680763e-24, nan 
-4.125, -53.125, 5.597406760316975e-24, nan 
-3.875, -53.125, 5.385675232264283e-24, nan 
-3.625, -53.125, 5.742071286694711e-24, nan 
-3.375, -53.125, 8.185398948191549e-24, nan 
-3.125, -53.125, 9.551955523902985e-24, nan 
-2.875, -53.125, 6.560200801712844e-24, nan 
-2.625, -53.125, 7.032689897445379e-24, nan 
-2.375, -53.125, 7.314937203530328e-24, nan 
-2.125, -53.125, 1.1741493859465322e-23, nan 
-1.875, -53.125, 3.337716194132175e-23, nan 
-1.625, -53.125, 4.113902706261508e-23, nan 
-1.375, -53.125, 3.2648962459414946e-23, nan 
-1.125, -53.125, 3.5296529318292034e-23, nan 
-0.875, -53.125, 2.326667694487448e-23, nan 
-0.625, -53.125, 6.154126368708077e-24, nan 
-0.375, -53.125, 5.2837255977424124e-24, nan 
-0.125, -53.125, 5.293311689030155e-24, nan 
-6.375, -52.875, 3.9249138055100754e-23, nan 
-6.125, -52.875, 1.4673563723290177e-23, nan 
-5.875, -52.875, 1.3211442280446365e-23, nan 
-5.625, -52.875, 1.6148275405863385e-23, nan 
-5.375, -52.875, 4.9786326239361505e-23, nan 
-5.125, -52.875, 5.1547825832954954e-23, nan 
-4.875, -52.875, 3.7958530496456397e-23, nan 
-4.625, -52.875, 2.839900313241058e-23, nan 
-4.375, -52.875, 3.579569154897483e-23, nan 
-4.125, -52.875, 1.4367835663679794e-23, nan 
-3.875, -52.875, 8.808105253399436e-24, nan 
-3.625, -52.875, 7.724879055275482e-24, nan 
-3.375, -52.875, 9.25704660360813e-24, nan 
-3.125, -52.875, 1.2872531030649793e-23, nan 
-2.875, -52.875, 9.174700233763455e-24, nan 
-2.625, -52.875, 5.97700157854935e-24, nan 
-2.375, -52.875, 5.0448158675064814e-24, nan 
-2.125, -52.875, 8.509510053707793e-24, nan 
-1.875, -52.875, 1.0164341479592473e-23, nan 
-1.625, -52.875, 2.722100090334955e-23, nan 
-1.375, -52.875, 2.821971949366155e-23, nan 
-1.125, -52.875, 2.2624258666207825e-23, nan 
-0.875, -52.875, 1.2017508142426624e-23, nan 
-0.625, -52.875, 8.012309917070102e-24, nan 
-0.375, -52.875, 3.0943857944487865e-24, nan 
-6.125, -52.625, 2.785713458965128e-23, nan 
-5.875, -52.625, 2.302895758754555e-23, nan 
-5.625, -52.625, 5.638704205732004e-23, nan 
-5.375, -52.625, 6.908517768322929e-23, nan 
-5.125, -52.625, 3.832785762957894e-23, nan 
-4.875, -52.625, 2.0532556324843677e-23, nan 
-4.625, -52.625, 1.8726195914774285e-23, nan 
-4.375, -52.625, 3.8223025096022025e-23, nan 
-4.125, -52.625, 3.215366265171549e-23, nan 
-3.875, -52.625, 8.64885427639677e-24, nan 
-3.625, -52.625, 2.0031827218007033e-24, nan 
-3.375, -52.625, 1.2283335922907964e-23, nan 
-3.125, -52.625, 1.3335791857006873e-23, nan 
-2.875, -52.625, 3.437759771713247e-24, nan 
-2.625, -52.625, 4.064683699431123e-24, nan 
-2.375, -52.625, 3.647703796108337e-24, nan 
-2.125, -52.625, 3.009684750273486e-24, nan 
-1.875, -52.625, 5.67305662657935e-24, nan 
-1.625, -52.625, 8.61990687661674e-24, nan 
-1.375, -52.625, 8.084594431939453e-24, nan 
-1.125, -52.625, 6.926375871402453e-24, nan 
-0.875, -52.625, 7.825163689061874e-24, nan 
-0.625, -52.625, 7.574500737107367e-24, nan 
-0.375, -52.625, 1.8675498951864324e-24, nan 
-5.875, -52.375, 2.3244778764065453e-23, nan 
-5.625, -52.375, 5.567682956706182e-23, nan 
-5.375, -52.375, 4.9489026850917234e-23, nan 
-5.125, -52.375, 5.1596383418668875e-24, nan 
-4.875, -52.375, 4.027929644125348e-24, nan 
-4.625, -52.375, 3.5287384423709324e-24, nan 
-4.375, -52.375, 4.43927838334672e-24, nan 
-4.125, -52.375, 3.1132758710245993e-23, nan 
-3.875, -52.375, 2.985592616862847e-23, nan 
-3.625, -52.375, 8.321663158420282e-24, nan 
-3.375, -52.375, 7.494654582570975e-24, nan 
-3.125, -52.375, 3.453107773867155e-24, nan 
-2.875, -52.375, 2.2839939976684406e-24, nan 
-2.625, -52.375, 4.352248140180721e-24, nan 
-2.375, -52.375, 6.390637185137893e-24, nan 
-2.125, -52.375, 5.163432235889242e-24, nan 
-1.875, -52.375, 7.389387060632749e-24, nan 
-1.625, -52.375, 1.1539200984316196e-23, nan 
-1.375, -52.375, 9.28288549316304e-24, nan 
-1.125, -52.375, 9.14549447439786e-24, nan 
-0.875, -52.375, 8.383228216729991e-24, nan 
-0.625, -52.375, 8.246792343359672e-24, nan 
-5.625, -52.125, 3.8579842470990857e-23, nan 
-5.375, -52.125, 2.217684900904893e-23, nan 
-5.125, -52.125, 3.142410776846043e-24, nan 
-4.875, -52.125, 1.7494446156500387e-24, nan 
-4.625, -52.125, 2.047726419601715e-24, nan 
-4.375, -52.125, 4.48897596617678e-24, nan 
-4.125, -52.125, 7.07246861755268e-24, nan 
-3.875, -52.125, 2.849799020725665e-23, nan 
-3.625, -52.125, 2.527277019022423e-23, nan 
-3.375, -52.125, 5.047714062451905e-24, nan 
-3.125, -52.125, 3.741495029612863e-24, nan 
-2.875, -52.125, 2.2325023397011924e-24, nan 
-2.625, -52.125, 4.5684734616890325e-24, nan 
-2.375, -52.125, 5.3711789554150455e-24, nan 
-2.125, -52.125, 2.6651449500506643e-24, nan 
-1.875, -52.125, 8.284122169695494e-24, nan 
-1.625, -52.125, 1.1046935676655934e-23, nan 
-1.375, -52.125, 9.007698700345391e-24, nan 
-1.125, -52.125, 1.4066377987464212e-23, nan 
-0.875, -52.125, 1.2946831711064583e-23, nan 
-0.625, -52.125, 7.161918640640106e-24, nan 
-5.625, -51.875, 3.6992701163010776e-23, nan 
-5.375, -51.875, 1.7249731347594195e-23, nan 
-5.125, -51.875, 5.3986333946767715e-24, nan 
-4.875, -51.875, 3.907505148960256e-24, nan 
-4.625, -51.875, 4.250086334851902e-24, nan 
-4.375, -51.875, 6.4678367100071346e-24, nan 
-4.125, -51.875, 2.1421998793688702e-23, nan 
-3.875, -51.875, 3.289769335392723e-23, nan 
-3.625, -51.875, 2.4646129603214468e-23, nan 
-3.375, -51.875, 5.513227016723531e-24, nan 
-3.125, -51.875, 3.198144771585906e-24, nan 
-2.875, -51.875, 3.034383795955895e-24, nan 
-2.625, -51.875, 4.614825931671983e-24, nan 
-2.375, -51.875, 5.478828523832845e-24, nan 
-2.125, -51.875, 5.450728603128795e-24, nan 
-1.875, -51.875, 5.750247101663454e-24, nan 
-1.625, -51.875, 3.421674932685223e-24, nan 
-1.375, -51.875, 2.763514995262623e-24, nan 
-1.125, -51.875, 1.4081662022504636e-23, nan 
-0.875, -51.875, 1.6157910483623323e-23, nan 
-5.375, -51.625, 3.543895435243172e-23, nan 
-5.125, -51.625, 2.6543247160119807e-23, nan 
-4.875, -51.625, 1.986691775562282e-23, nan 
-4.625, -51.625, 3.062422112256618e-23, nan 
-4.375, -51.625, 3.736068544627341e-23, nan 
-4.125, -51.625, 3.6877272456747657e-23, nan 
-3.875, -51.625, 2.5749017195542242e-23, nan 
-3.625, -51.625, 1.437024297835478e-23, nan 
-3.375, -51.625, 1.3821032793648855e-23, nan 
-3.125, -51.625, 9.362107855850893e-24, nan 
-2.875, -51.625, 2.6557424604845484e-24, nan 
-2.625, -51.625, 3.573874062404517e-24, nan 
-2.375, -51.625, 5.8446015010410205e-24, nan 
-2.125, -51.625, 7.731929961059376e-24, nan 
-1.875, -51.625, 7.789050645679865e-24, nan 
-1.625, -51.625, 7.244991937240863e-24, nan 
-1.375, -51.625, 4.945687747391878e-24, nan 
-1.125, -51.625, 5.654870113026694e-24, nan 
-0.875, -51.625, 6.927657642521807e-24, nan 
-5.125, -51.375, 2.7441293101872284e-23, nan 
-4.875, -51.375, 2.709564612342993e-23, nan 
-4.625, -51.375, 3.6338247146797917e-23, nan 
-4.375, -51.375, 2.5402921166013204e-23, nan 
-4.125, -51.375, 7.897319043028319e-24, nan 
-3.875, -51.375, 8.007898743404836e-24, nan 
-3.625, -51.375, 6.975270016911488e-24, nan 
-3.375, -51.375, 4.3112535516362e-24, nan 
-3.125, -51.375, 3.915596385545701e-24, nan 
-2.875, -51.375, 3.13994383127473e-24, nan 
-2.625, -51.375, 6.784952363448707e-24, nan 
-2.375, -51.375, 8.156528916032592e-24, nan 
-2.125, -51.375, 1.2576555593256535e-23, nan 
-1.875, -51.375, 5.569768314038959e-24, nan 
-1.625, -51.375, 6.645060819196802e-24, nan 
-1.375, -51.375, 4.784956628267809e-24, nan 
-1.125, -51.375, 4.824241837031961e-24, nan 
-4.875, -51.125, 1.2433089404898055e-23, nan 
-4.625, -51.125, 9.672207925971723e-24, nan 
-4.375, -51.125, 6.973363867106377e-24, nan 
-4.125, -51.125, 3.681978737608061e-24, nan 
-3.875, -51.125, 2.7677400942843118e-24, nan 
-3.625, -51.125, 2.29940842216351e-24, nan 
-3.375, -51.125, 2.898492871594562e-24, nan 
-3.125, -51.125, 4.2806090078397495e-24, nan 
-2.875, -51.125, 3.508082950550026e-24, nan 
-2.625, -51.125, 5.4188238378251224e-24, nan 
-2.375, -51.125, 1.2203975248054221e-23, nan 
-2.125, -51.125, 3.079989760063257e-23, nan 
-1.875, -51.125, 2.6051882753465324e-23, nan 
-1.625, -51.125, 3.676698223799041e-24, nan 
-1.375, -51.125, 2.939957652315337e-24, nan 
-1.125, -51.125, 2.933417515864676e-24, nan 
-4.625, -50.875, 3.200549821979586e-24, nan 
-4.375, -50.875, 4.334021361629639e-24, nan 
-4.125, -50.875, 5.029348744646555e-24, nan 
-3.875, -50.875, 4.4873782021728745e-24, nan 
-3.625, -50.875, 6.4018802668130935e-24, nan 
-3.375, -50.875, 5.509614390257201e-24, nan 
-3.125, -50.875, 5.980102100655134e-24, nan 
-2.875, -50.875, 6.881647895815622e-24, nan 
-2.625, -50.875, 9.319534951041866e-24, nan 
-2.375, -50.875, 4.308151075104136e-23, nan 
-2.125, -50.875, 5.880496186045407e-23, nan 
-1.875, -50.875, 5.329848158833228e-23, nan 
-1.625, -50.875, 4.0411410896889095e-23, nan 
-1.375, -50.875, 3.872009824280436e-24, nan 
-4.375, -50.625, 2.88992252215911e-23, nan 
-4.125, -50.625, 2.4206036852954227e-23, nan 
-3.875, -50.625, 2.2826787372178944e-23, nan 
-3.625, -50.625, 1.1418717718843023e-23, nan 
-3.375, -50.625, 5.158857522382266e-24, nan 
-3.125, -50.625, 5.3064188436383456e-24, nan 
-2.875, -50.625, 6.574072036391822e-24, nan 
-2.625, -50.625, 6.42498451665702e-24, nan 
-2.375, -50.625, 5.441125464243071e-24, nan 
-2.125, -50.625, 3.1028900128286214e-23, nan 
-1.875, -50.625, 2.2292116536743498e-23, nan 
-1.625, -50.625, 4.649484244751465e-24, nan 
-1.375, -50.625, 6.706460195481925e-24, nan 
-4.125, -50.375, 2.80378987455223e-23, nan 
-3.875, -50.375, 3.1251593935198614e-23, nan 
-3.625, -50.375, 3.216955195772588e-23, nan 
-3.375, -50.375, 2.3922602414551362e-23, nan 
-3.125, -50.375, 4.304519744197904e-24, nan 
-2.875, -50.375, 5.963876996915225e-24, nan 
-2.625, -50.375, 7.495762545140176e-24, nan 
-2.375, -50.375, 6.558296351295279e-24, nan 
-2.125, -50.375, 4.344171841329568e-24, nan 
-1.875, -50.375, 3.6798545737468126e-24, nan 
-1.625, -50.375, 6.333449315869877e-24, nan 
-3.875, -50.125, 1.6968355532848445e-23, nan 
-3.625, -50.125, 2.925422639449232e-23, nan 
-3.375, -50.125, 3.918778464392712e-23, nan 
-3.125, -50.125, 3.240299896772406e-23, nan 
-2.875, -50.125, 1.4640812502266975e-23, nan 
-2.625, -50.125, 7.118725751370775e-24, nan 
-2.375, -50.125, 4.978285061681275e-24, nan 
-2.125, -50.125, 3.641883963055656e-24, nan 
-1.875, -50.125, 8.932294683588405e-24, nan 
-1.625, -50.125, 1.2947151509981795e-23, nan 
-3.625, -49.875, 1.7934365564834185e-23, nan 
-3.375, -49.875, 3.099356735812862e-23, nan 
-3.125, -49.875, 3.965666382446272e-23, nan 
-2.875, -49.875, 5.759067632364223e-23, nan 
-2.625, -49.875, 5.492739499016584e-23, nan 
-2.375, -49.875, 5.627127287081053e-23, nan 
-2.125, -49.875, 3.872661660432949e-23, nan 
-1.875, -49.875, 2.124960573240038e-23, nan 
-3.375, -49.625, 3.464748326767834e-23, 3.47017969433729e-23 
-3.125, -49.625, 6.6548905115636e-23, 6.665972891416175e-23 
-2.875, -49.625, 7.053789110684552e-23, 7.06623794910207e-23 
-2.625, -49.625, 5.644811386084523e-23, 5.655335511846936e-23 
-2.375, -49.625, 6.465464719571305e-23, 6.477898825909556e-23 
-2.125, -49.625, 6.536894950449182e-23, 6.549639421095962e-23 
-3.125, -49.375, 5.121014090686157e-23, 5.1281072360261766e-23 
-2.875, -49.375, 2.796149850780987e-23, 2.8002969936907726e-23 
-2.625, -49.375, 1.0030991853403236e-23, 1.004686798463073e-23 
-2.375, -49.375, 9.294453174309979e-24, 9.309709841140002e-24 
-2.125, -49.375, 4.777849255120005e-23, 4.785818475106968e-23 
-2.875, -49.125, 7.626757973633894e-23, 7.635929932359565e-23 
-2.625, -49.125, 5.249208017724282e-23, 5.2560373659499277e-23 
-2.375, -49.125, 5.744854855807217e-23, 5.752666721019489e-23 
-2.625, -48.875, 5.918356779375394e-23, 5.924394089107294e-23 
-2.375, -48.875, 6.038127575618257e-23, 6.044659958494482e-23 
