# lon_gridpoint [deg], lat_gridpoint [deg], P_R_modelGRS [W], P_R_modelFREND [W] 
-14.625, -74.375, 1.9669748907680402e-24, nan 
-14.375, -74.375, 1.754889563459207e-24, nan 
-14.125, -74.375, 1.6560960370718214e-24, nan 
-13.875, -74.375, 1.672428294515918e-24, nan 
-14.625, -74.125, 1.8075830289826498e-24, nan 
-14.375, -74.125, 1.4807919138038585e-24, nan 
-14.125, -74.125, 1.5572055274427882e-24, nan 
-13.875, -74.125, 1.6170564248923996e-24, nan 
-13.625, -74.125, 1.4818466712412232e-24, nan 
-13.375, -74.125, 9.420702891422169e-25, nan 
-13.125, -74.125, 1.0294130923001464e-24, nan 
-12.875, -74.125, 5.405119733159719e-25, nan 
-14.875, -73.875, 1.4610135846418756e-24, nan 
-14.625, -73.875, 9.760995681541789e-25, nan 
-14.375, -73.875, 1.2746551811455731e-24, nan 
-14.125, -73.875, 1.5612931687934826e-24, nan 
-13.875, -73.875, 1.3364872133606652e-24, nan 
-13.625, -73.875, 9.192066036599727e-25, nan 
-13.375, -73.875, 3.6860508494149466e-24, nan 
-13.125, -73.875, 3.9703076740728594e-24, nan 
-12.875, -73.875, 1.1559672745419793e-24, nan 
-12.625, -73.875, 4.1402910369311195e-24, nan 
-12.375, -73.875, 2.5504005229218414e-24, nan 
-12.125, -73.875, 1.0454195570507284e-24, nan 
-14.875, -73.625, 1.449195445348888e-24, nan 
-14.625, -73.625, 1.5512483266231692e-24, nan 
-14.375, -73.625, 1.5891854048072938e-24, nan 
-14.125, -73.625, 4.574235688325046e-24, nan 
-13.875, -73.625, 4.615164892349309e-24, nan 
-13.625, -73.625, 3.1851138290752596e-24, nan 
-13.375, -73.625, 5.749654510456089e-24, nan 
-13.125, -73.625, 6.325287249876971e-24, nan 
-12.875, -73.625, 3.474839542426883e-24, nan 
-12.625, -73.625, 6.685733734436429e-24, nan 
-12.375, -73.625, 5.0202716850625716e-24, nan 
-12.125, -73.625, 1.910238985552632e-24, nan 
-11.875, -73.625, 5.190887774500467e-24, nan 
-11.625, -73.625, 3.5687251089700885e-24, nan 
-11.375, -73.625, 1.4465070931115447e-24, nan 
-14.875, -73.375, 2.241113778176253e-24, nan 
-14.625, -73.375, 3.0560985265590675e-24, nan 
-14.375, -73.375, 5.15496015807083e-24, nan 
-14.125, -73.375, 4.610724043423103e-24, nan 
-13.875, -73.375, 4.5459689704588705e-24, nan 
-13.625, -73.375, 6.889465504884096e-24, nan 
-13.375, -73.375, 5.562037207110634e-24, nan 
-13.125, -73.375, 6.403553283884106e-24, nan 
-12.875, -73.375, 7.699089944756782e-24, nan 
-12.625, -73.375, 6.433382016986596e-24, nan 
-12.375, -73.375, 4.1827365913081615e-24, nan 
-12.125, -73.375, 5.165079701455107e-24, nan 
-11.875, -73.375, 5.088098146237544e-24, nan 
-11.625, -73.375, 1.5069508639140835e-24, nan 
-11.375, -73.375, 7.276482543519345e-25, nan 
-11.125, -73.375, 1.0443374822559502e-24, nan 
-10.875, -73.375, 1.0341605056764415e-24, nan 
-10.625, -73.375, 2.937347498412885e-24, nan 
-14.875, -73.125, 1.2702494999911129e-23, nan 
-14.625, -73.125, 3.638773237746023e-24, nan 
-14.375, -73.125, 2.424282998056134e-24, nan 
-14.125, -73.125, 2.202842868908403e-24, nan 
-13.875, -73.125, 2.329410208041746e-24, nan 
-13.625, -73.125, 3.78051173513632e-24, nan 
-13.375, -73.125, 3.865508752373217e-24, nan 
-13.125, -73.125, 4.398761325690051e-24, nan 
-12.875, -73.125, 4.794193068232867e-24, nan 
-12.625, -73.125, 4.108136602482103e-24, nan 
-12.375, -73.125, 1.1135651710395044e-24, nan 
-12.125, -73.125, 7.642057262551128e-25, nan 
-11.875, -73.125, 7.614587624600108e-25, nan 
-11.625, -73.125, 8.61529983436862e-25, nan 
-11.375, -73.125, 2.7477632969812292e-24, nan 
-11.125, -73.125, 3.5417469225255425e-24, nan 
-10.875, -73.125, 3.147841655190032e-24, nan 
-10.625, -73.125, 4.240969855829163e-24, nan 
-10.375, -73.125, 6.508010701602725e-24, nan 
-10.125, -73.125, 6.2945107094764484e-24, nan 
-9.875, -73.125, 4.273666729578576e-24, nan 
-14.875, -72.875, 1.8807621862551313e-24, nan 
-14.625, -72.875, 1.8826517079411963e-24, nan 
-14.375, -72.875, 1.4137190451591585e-24, nan 
-14.125, -72.875, 8.916183801627456e-25, nan 
-13.875, -72.875, 6.096086900313073e-25, nan 
-13.625, -72.875, 7.632126097370628e-25, nan 
-13.375, -72.875, 9.892687027039067e-25, nan 
-13.125, -72.875, 9.889918577870761e-25, nan 
-12.875, -72.875, 2.5060287469820736e-24, nan 
-12.625, -72.875, 3.1244122608611897e-24, nan 
-12.375, -72.875, 5.89367067399824e-25, nan 
-12.125, -72.875, 1.4937174050077249e-24, nan 
-11.875, -72.875, 2.4933977718101688e-24, nan 
-11.625, -72.875, 2.3265227870609784e-24, nan 
-11.375, -72.875, 2.2823560930432092e-24, nan 
-11.125, -72.875, 1.225975156235986e-24, nan 
-10.875, -72.875, 4.885271358245144e-25, nan 
-10.625, -72.875, 2.1476880657108634e-24, nan 
-10.375, -72.875, 2.833591461933892e-24, nan 
-10.125, -72.875, 2.798960529425109e-24, nan 
-9.875, -72.875, 3.2830137311411753e-24, nan 
-9.625, -72.875, 1.9363899260545848e-24, nan 
-9.375, -72.875, 1.1155544122859428e-24, nan 
-9.125, -72.875, 5.189537263380001e-24, nan 
-15.125, -72.625, 1.1681018040238645e-24, nan 
-14.875, -72.625, 7.8746997013592545e-25, nan 
-14.625, -72.625, 7.471155581093808e-25, nan 
-14.375, -72.625, 6.539676430537316e-25, nan 
-14.125, -72.625, 1.3068532508367546e-24, nan 
-13.875, -72.625, 7.937984714265851e-25, nan 
-13.625, -72.625, 2.4935810894212897e-24, nan 
-13.375, -72.625, 2.8000792249494357e-24, nan 
-13.125, -72.625, 1.2820902592028585e-24, nan 
-12.875, -72.625, 4.213488964520616e-24, nan 
-12.625, -72.625, 4.573683641454652e-24, nan 
-12.375, -72.625, 2.723751454744776e-24, nan 
-12.125, -72.625, 2.1292634658261633e-24, nan 
-11.875, -72.625, 3.4431431508633995e-24, nan 
-11.625, -72.625, 4.755557510663494e-24, nan 
-11.375, -72.625, 3.9204036922989655e-24, nan 
-11.125, -72.625, 2.9012840298763485e-24, nan 
-10.875, -72.625, 2.8165657139470347e-24, nan 
-10.625, -72.625, 2.6290485338436108e-24, nan 
-10.375, -72.625, 1.6047560843248055e-24, nan 
-10.125, -72.625, 9.408262632324107e-25, nan 
-9.875, -72.625, 2.393161413511673e-24, nan 
-9.625, -72.625, 2.686933095409799e-24, nan 
-9.375, -72.625, 3.715060824146167e-24, nan 
-9.125, -72.625, 5.908964412838912e-24, nan 
-8.875, -72.625, 8.778546485447513e-24, nan 
-8.625, -72.625, 8.311688530981083e-24, nan 
-15.125, -72.375, 4.08037132304283e-25, nan 
-14.875, -72.375, 3.6306812526571073e-25, nan 
-14.625, -72.375, 4.0149673305073654e-25, nan 
-14.375, -72.375, 4.960970294537879e-25, nan 
-14.125, -72.375, 5.221028741040819e-25, nan 
-13.875, -72.375, 4.940370047995384e-25, nan 
-13.625, -72.375, 4.925336097051014e-25, nan 
-13.375, -72.375, 1.160964029565988e-24, nan 
-13.125, -72.375, 6.931717237572844e-25, nan 
-12.875, -72.375, 3.401600077166759e-24, nan 
-12.625, -72.375, 4.271459082199015e-24, nan 
-12.375, -72.375, 4.561602787902904e-24, nan 
-12.125, -72.375, 4.343420414349018e-24, nan 
-11.875, -72.375, 3.2645027357822e-24, nan 
-11.625, -72.375, 6.263300822066664e-24, nan 
-11.375, -72.375, 5.662096850815045e-24, nan 
-11.125, -72.375, 3.712947245500339e-24, nan 
-10.875, -72.375, 5.119317409520722e-24, nan 
-10.625, -72.375, 4.840660863448714e-24, nan 
-10.375, -72.375, 2.6519065685821216e-24, nan 
-10.125, -72.375, 3.7885491927621106e-24, nan 
-9.875, -72.375, 7.040932104970677e-24, nan 
-9.625, -72.375, 7.336451397785112e-24, nan 
-9.375, -72.375, 7.042127630958959e-24, nan 
-9.125, -72.375, 1.0082165642413092e-23, nan 
-8.875, -72.375, 9.345885842833949e-24, nan 
-8.625, -72.375, 6.888330912263138e-24, nan 
-8.375, -72.375, 3.630927266047942e-24, nan 
-8.125, -72.375, 6.39618894819961e-25, nan 
-15.125, -72.125, 6.374152131378542e-25, nan 
-14.875, -72.125, 5.4691656623829575e-25, nan 
-14.625, -72.125, 5.011499725127821e-25, nan 
-14.375, -72.125, 5.7617192066268905e-25, nan 
-14.125, -72.125, 5.82493406750043e-25, nan 
-13.875, -72.125, 4.410866154429959e-25, nan 
-13.625, -72.125, 3.3857838714761793e-25, nan 
-13.375, -72.125, 2.113111618967112e-24, nan 
-13.125, -72.125, 1.4396632703274338e-24, nan 
-12.875, -72.125, 7.16618095691977e-24, nan 
-12.625, -72.125, 5.089832392292039e-24, nan 
-12.375, -72.125, 6.471657145071358e-24, nan 
-12.125, -72.125, 5.871703523537123e-24, nan 
-11.875, -72.125, 2.9886071734734e-24, nan 
-11.625, -72.125, 4.6701120566419975e-24, nan 
-11.375, -72.125, 5.282968239121862e-24, nan 
-11.125, -72.125, 5.0737567952766195e-24, nan 
-10.875, -72.125, 5.053465175596278e-24, nan 
-10.625, -72.125, 5.955653030490343e-24, nan 
-10.375, -72.125, 4.817760498530593e-24, nan 
-10.125, -72.125, 5.760054047421606e-24, nan 
-9.875, -72.125, 1.9686085044750672e-24, nan 
-9.625, -72.125, 6.228665774737205e-24, nan 
-9.375, -72.125, 7.828114616946451e-24, nan 
-9.125, -72.125, 1.0633797630035113e-23, nan 
-8.875, -72.125, 7.038463275793142e-24, nan 
-8.625, -72.125, 6.864412174456408e-24, nan 
-8.375, -72.125, 7.85945656605838e-24, nan 
-8.125, -72.125, 3.907695354523393e-24, nan 
-7.875, -72.125, 3.7166075563879165e-24, nan 
-7.625, -72.125, 4.191675439166703e-24, nan 
-7.375, -72.125, 3.236381075893174e-24, nan 
-15.125, -71.875, 7.362912422984396e-25, nan 
-14.875, -71.875, 8.116641878717784e-25, nan 
-14.625, -71.875, 5.661438814699912e-25, nan 
-14.375, -71.875, 5.679058110044654e-25, nan 
-14.125, -71.875, 7.03369970265179e-25, nan 
-13.875, -71.875, 5.899024923801636e-25, nan 
-13.625, -71.875, 5.544202685216173e-24, nan 
-13.375, -71.875, 5.9123663916476806e-24, nan 
-13.125, -71.875, 6.258495402252284e-24, nan 
-12.875, -71.875, 8.09585153307832e-24, nan 
-12.625, -71.875, 7.012697617930504e-24, nan 
-12.375, -71.875, 7.77521560302488e-24, nan 
-12.125, -71.875, 7.6042406877352945e-25, nan 
-11.875, -71.875, 2.1844449025278694e-24, nan 
-11.625, -71.875, 2.6699199179758144e-24, nan 
-11.375, -71.875, 2.58700671945995e-24, nan 
-11.125, -71.875, 2.987359746671049e-24, nan 
-10.875, -71.875, 3.13374976503016e-24, nan 
-10.625, -71.875, 5.1517176621880395e-24, nan 
-10.375, -71.875, 3.7034356477601764e-24, nan 
-10.125, -71.875, 6.196928633416886e-24, nan 
-9.875, -71.875, 5.248345633840813e-24, nan 
-9.625, -71.875, 5.294140116615659e-24, nan 
-9.375, -71.875, 4.622450521733029e-24, nan 
-9.125, -71.875, 7.536329620577407e-24, nan 
-8.875, -71.875, 6.628767729295793e-24, nan 
-8.625, -71.875, 7.18800350998233e-24, nan 
-8.375, -71.875, 7.713085524680707e-24, nan 
-8.125, -71.875, 5.177982754048832e-24, nan 
-7.875, -71.875, 6.431544259592354e-24, nan 
-7.625, -71.875, 7.623257339644747e-24, nan 
-7.375, -71.875, 5.064862148224531e-24, nan 
-7.125, -71.875, 4.573960848306657e-24, nan 
-6.875, -71.875, 9.470141604905966e-24, nan 
-15.125, -71.625, 7.378067484396437e-25, nan 
-14.875, -71.625, 6.563465169639693e-25, nan 
-14.625, -71.625, 3.882695594789353e-25, nan 
-14.375, -71.625, 2.969252250347976e-25, nan 
-14.125, -71.625, 8.723871169729504e-25, nan 
-13.875, -71.625, 1.5730717512106601e-24, nan 
-13.625, -71.625, 2.8813826889718805e-24, nan 
-13.375, -71.625, 6.004121896803892e-24, nan 
-13.125, -71.625, 5.776314614687568e-24, nan 
-12.875, -71.625, 5.8055270078670404e-24, nan 
-12.625, -71.625, 7.738455436902059e-24, nan 
-12.375, -71.625, 7.611575544429046e-24, nan 
-12.125, -71.625, 6.121335772757078e-24, nan 
-11.875, -71.625, 5.1070770551587525e-24, nan 
-11.625, -71.625, 5.6859530036250304e-24, nan 
-11.375, -71.625, 6.0591997097557545e-24, nan 
-11.125, -71.625, 4.714485738105522e-24, nan 
-10.875, -71.625, 4.174385760484309e-24, nan 
-10.625, -71.625, 7.431991606677669e-24, nan 
-10.375, -71.625, 6.0549279154988705e-24, nan 
-10.125, -71.625, 6.213692707032702e-24, nan 
-9.875, -71.625, 3.100422374754272e-24, nan 
-9.625, -71.625, 4.2082148168159884e-24, nan 
-9.375, -71.625, 3.7609208302625395e-24, nan 
-9.125, -71.625, 3.363593278547998e-24, nan 
-8.875, -71.625, 5.347869680687586e-24, nan 
-8.625, -71.625, 5.725392951776647e-24, nan 
-8.375, -71.625, 6.0392936987488786e-24, nan 
-8.125, -71.625, 4.766068514754073e-24, nan 
-7.875, -71.625, 3.9466624115258254e-24, nan 
-7.625, -71.625, 1.6067934634294834e-24, nan 
-7.375, -71.625, 2.862400818821772e-24, nan 
-7.125, -71.625, 6.1118742265519665e-24, nan 
-6.875, -71.625, 5.862044324042528e-24, nan 
-6.625, -71.625, 6.1702768858878414e-24, nan 
-6.375, -71.625, 6.822515625870479e-24, nan 
-15.125, -71.375, 1.4257966397782104e-24, nan 
-14.875, -71.375, 7.62583274644222e-25, nan 
-14.625, -71.375, 6.341137884090564e-25, nan 
-14.375, -71.375, 1.6150150424752346e-24, nan 
-14.125, -71.375, 2.3062446522643285e-24, nan 
-13.875, -71.375, 2.004608081054789e-24, nan 
-13.625, -71.375, 2.583717085079564e-24, nan 
-13.375, -71.375, 3.326426556245983e-24, nan 
-13.125, -71.375, 3.1544106191173118e-24, nan 
-12.875, -71.375, 1.9107778481877435e-24, nan 
-12.625, -71.375, 5.524355192845468e-24, nan 
-12.375, -71.375, 5.579290830160168e-24, nan 
-12.125, -71.375, 5.76855096290083e-24, nan 
-11.875, -71.375, 6.556194765184809e-24, nan 
-11.625, -71.375, 6.696481921924023e-24, nan 
-11.375, -71.375, 3.7565630116873e-24, nan 
-11.125, -71.375, 5.556636422452361e-24, nan 
-10.875, -71.375, 4.664211939789323e-24, nan 
-10.625, -71.375, 2.9156809490467937e-24, nan 
-10.375, -71.375, 3.8523094492936795e-24, nan 
-10.125, -71.375, 2.9326654864514587e-24, nan 
-9.875, -71.375, 4.371174196924316e-25, nan 
-9.625, -71.375, 1.3470799235181505e-24, nan 
-9.375, -71.375, 1.4416258183837587e-24, nan 
-9.125, -71.375, 5.431127073866921e-25, nan 
-8.875, -71.375, 6.243291849779625e-25, nan 
-8.625, -71.375, 6.630970971353305e-25, nan 
-8.375, -71.375, 8.331243506676814e-25, nan 
-8.125, -71.375, 8.2134542012719125e-25, nan 
-7.875, -71.375, 4.746737625940666e-25, nan 
-7.625, -71.375, 4.762062234947493e-25, nan 
-7.375, -71.375, 9.927223545599583e-25, nan 
-7.125, -71.375, 3.168202228359119e-24, nan 
-6.875, -71.375, 4.275470072352697e-25, nan 
-6.625, -71.375, 1.8476607299522358e-25, nan 
-6.375, -71.375, 1.6885643797559887e-25, nan 
-6.125, -71.375, 2.0145432377350992e-25, nan 
-5.875, -71.375, 2.5421730463618643e-25, nan 
-15.125, -71.125, 4.7322170242696754e-24, nan 
-14.875, -71.125, 2.72623249924831e-24, nan 
-14.625, -71.125, 2.232183485822234e-24, nan 
-14.375, -71.125, 1.7163034198008685e-24, nan 
-14.125, -71.125, 2.2511382788146938e-24, nan 
-13.875, -71.125, 1.1925112883053836e-24, nan 
-13.625, -71.125, 1.4302796223320083e-24, nan 
-13.375, -71.125, 2.2613426412078828e-24, nan 
-13.125, -71.125, 2.5138880044577922e-24, nan 
-12.875, -71.125, 4.647680402323154e-24, nan 
-12.625, -71.125, 2.3413353809948814e-24, nan 
-12.375, -71.125, 2.4898944527942305e-24, nan 
-12.125, -71.125, 6.427384654247674e-24, nan 
-11.875, -71.125, 4.025883980216014e-24, nan 
-11.625, -71.125, 3.890248602275318e-24, nan 
-11.375, -71.125, 3.7019509148851634e-24, nan 
-11.125, -71.125, 5.11239184839073e-24, nan 
-10.875, -71.125, 4.16668736941115e-24, nan 
-10.625, -71.125, 1.680233699904366e-24, nan 
-10.375, -71.125, 2.3998891293199176e-24, nan 
-10.125, -71.125, 2.0330106978029714e-24, nan 
-9.875, -71.125, 4.390266323846547e-25, nan 
-9.625, -71.125, 2.928543756221035e-25, nan 
-9.375, -71.125, 3.622084954276004e-25, nan 
-9.125, -71.125, 3.4142499431227386e-25, nan 
-8.875, -71.125, 5.08183194221115e-25, nan 
-8.625, -71.125, 8.163119878702405e-25, nan 
-8.375, -71.125, 8.649786046360313e-25, nan 
-8.125, -71.125, 1.0702703411530856e-24, nan 
-7.875, -71.125, 7.681168325889273e-25, nan 
-7.625, -71.125, 9.443943508121669e-25, nan 
-7.375, -71.125, 3.384575859683363e-24, nan 
-7.125, -71.125, 1.0332507101451475e-24, nan 
-6.875, -71.125, 3.7401918135454194e-25, nan 
-6.625, -71.125, 2.8973826307044368e-25, nan 
-6.375, -71.125, 3.2496760971706615e-25, nan 
-6.125, -71.125, 3.73175364383841e-25, nan 
-5.875, -71.125, 4.0295662345840706e-25, nan 
-5.625, -71.125, 6.465918429900715e-25, nan 
-15.125, -70.875, 4.223503630839479e-24, nan 
-14.875, -70.875, 4.740084401307791e-24, nan 
-14.625, -70.875, 5.547483689283077e-24, nan 
-14.375, -70.875, 3.7355239762335474e-24, nan 
-14.125, -70.875, 4.525707488433062e-24, nan 
-13.875, -70.875, 2.7168518179057908e-24, nan 
-13.625, -70.875, 1.8800364880844394e-24, nan 
-13.375, -70.875, 1.5407999446936752e-24, nan 
-13.125, -70.875, 9.491582303940815e-25, nan 
-12.875, -70.875, 4.62624386786075e-25, nan 
-12.625, -70.875, 9.449878315676426e-25, nan 
-12.375, -70.875, 1.0249156644593016e-24, nan 
-12.125, -70.875, 4.467212508450918e-24, nan 
-11.875, -70.875, 2.347013877221729e-24, nan 
-11.625, -70.875, 2.5639446020056533e-24, nan 
-11.375, -70.875, 3.876003820840535e-24, nan 
-11.125, -70.875, 4.0559690637379365e-24, nan 
-10.875, -70.875, 3.68697029088301e-24, nan 
-10.625, -70.875, 2.202718027550584e-24, nan 
-10.375, -70.875, 1.6967798982990618e-24, nan 
-10.125, -70.875, 2.468436330009334e-24, nan 
-9.875, -70.875, 3.275716992625562e-24, nan 
-9.625, -70.875, 2.2956910507379717e-24, nan 
-9.375, -70.875, 1.5066838830495394e-24, nan 
-9.125, -70.875, 5.331446385096467e-25, nan 
-8.875, -70.875, 1.283675555671613e-24, nan 
-8.625, -70.875, 2.2804703028560267e-24, nan 
-8.375, -70.875, 2.5330949940514267e-24, nan 
-8.125, -70.875, 5.268921244367534e-24, nan 
-7.875, -70.875, 4.599069768609427e-24, nan 
-7.625, -70.875, 2.331959359553007e-24, nan 
-7.375, -70.875, 6.711462204529634e-24, nan 
-7.125, -70.875, 1.867625266330059e-24, nan 
-6.875, -70.875, 3.2988480028398463e-24, nan 
-6.625, -70.875, 5.850593992215929e-24, nan 
-6.375, -70.875, 4.321844917965936e-24, nan 
-6.125, -70.875, 4.641558432032248e-24, nan 
-5.875, -70.875, 5.041620247265993e-24, nan 
-5.625, -70.875, 4.7704048253726464e-24, nan 
-5.375, -70.875, 4.229611068773313e-24, nan 
-5.125, -70.875, 3.4654031566206745e-24, nan 
-14.875, -70.625, 5.426646277242224e-24, nan 
-14.625, -70.625, 8.047462037733956e-24, nan 
-14.375, -70.625, 4.711087941893039e-24, nan 
-14.125, -70.625, 6.600965832068195e-24, nan 
-13.875, -70.625, 4.771268788934968e-24, nan 
-13.625, -70.625, 4.398562938910911e-24, nan 
-13.375, -70.625, 7.390277094118458e-24, nan 
-13.125, -70.625, 4.65760659045411e-24, nan 
-12.875, -70.625, 1.8086940527213724e-24, nan 
-12.625, -70.625, 1.4583638977179535e-24, nan 
-12.375, -70.625, 4.91024479056769e-25, nan 
-12.125, -70.625, 4.212124557728903e-25, nan 
-11.875, -70.625, 1.0647742661280066e-24, nan 
-11.625, -70.625, 8.289706934566759e-25, nan 
-11.375, -70.625, 1.1176722429298166e-24, nan 
-11.125, -70.625, 1.5705697429539463e-24, nan 
-10.875, -70.625, 2.0639891603254156e-24, nan 
-10.625, -70.625, 2.2667066202894145e-24, nan 
-10.375, -70.625, 1.925206501504514e-24, nan 
-10.125, -70.625, 3.0812310709547058e-24, nan 
-9.875, -70.625, 5.7065674897058676e-24, nan 
-9.625, -70.625, 3.2076408853232873e-24, nan 
-9.375, -70.625, 2.1299442807083592e-24, nan 
-9.125, -70.625, 4.953871699909923e-24, nan 
-8.875, -70.625, 4.4294470203265334e-24, nan 
-8.625, -70.625, 4.106173934089599e-24, nan 
-8.375, -70.625, 3.9643262858928515e-24, nan 
-8.125, -70.625, 7.764747625904528e-24, nan 
-7.875, -70.625, 8.738564621515181e-24, nan 
-7.625, -70.625, 4.850406162611937e-24, nan 
-7.375, -70.625, 7.586390962200265e-24, nan 
-7.125, -70.625, 6.932976564995277e-24, nan 
-6.875, -70.625, 8.326394406391143e-24, nan 
-6.625, -70.625, 9.377422642004851e-24, nan 
-6.375, -70.625, 8.68387033662396e-24, nan 
-6.125, -70.625, 8.521907630895923e-24, nan 
-5.875, -70.625, 9.334871533558535e-24, nan 
-5.625, -70.625, 9.334981909352874e-24, nan 
-5.375, -70.625, 9.894044898122877e-24, nan 
-5.125, -70.625, 8.433165256774488e-24, nan 
-4.875, -70.625, 6.525864938086618e-24, nan 
-4.625, -70.625, 6.566849796642404e-24, nan 
-14.875, -70.375, 6.167418896449491e-24, nan 
-14.625, -70.375, 8.862092866350184e-24, nan 
-14.375, -70.375, 1.2102373266302505e-23, nan 
-14.125, -70.375, 9.050929747171207e-24, nan 
-13.875, -70.375, 1.5943200489863722e-23, nan 
-13.625, -70.375, 1.3740433913604976e-23, nan 
-13.375, -70.375, 1.2981584619683779e-23, nan 
-13.125, -70.375, 1.0199914453394671e-23, nan 
-12.875, -70.375, 7.997942410046997e-24, nan 
-12.625, -70.375, 7.465520563175229e-24, nan 
-12.375, -70.375, 3.9128052489763285e-24, nan 
-12.125, -70.375, 1.1632256480723e-24, nan 
-11.875, -70.375, 2.8112834306760197e-24, nan 
-11.625, -70.375, 2.413244015452292e-24, nan 
-11.375, -70.375, 2.534757733370508e-24, nan 
-11.125, -70.375, 2.6492523139901897e-24, nan 
-10.875, -70.375, 1.3621348936291317e-24, nan 
-10.625, -70.375, 2.3688988209077387e-24, nan 
-10.375, -70.375, 2.4114569940112952e-24, nan 
-10.125, -70.375, 1.6539214084837582e-24, nan 
-9.875, -70.375, 2.4979276222690294e-24, nan 
-9.625, -70.375, 2.643287743352394e-24, nan 
-9.375, -70.375, 3.547551232039032e-24, nan 
-9.125, -70.375, 3.662414687584261e-24, nan 
-8.875, -70.375, 1.7219494431544626e-24, nan 
-8.625, -70.375, 1.0806787458115017e-24, nan 
-8.375, -70.375, 1.8934219951501167e-24, nan 
-8.125, -70.375, 3.190282651344315e-24, nan 
-7.875, -70.375, 3.771617814912187e-24, nan 
-7.625, -70.375, 2.494414126868606e-24, nan 
-7.375, -70.375, 4.281124430532737e-24, nan 
-7.125, -70.375, 3.546265966449316e-24, nan 
-6.875, -70.375, 6.883150024322303e-24, nan 
-6.625, -70.375, 8.076604316362896e-24, nan 
-6.375, -70.375, 7.434677719812893e-24, nan 
-6.125, -70.375, 7.611002285242945e-24, nan 
-5.875, -70.375, 7.719883947129723e-24, nan 
-5.625, -70.375, 7.379555211919654e-24, nan 
-5.375, -70.375, 6.754880381398611e-24, nan 
-5.125, -70.375, 5.824170145168575e-24, nan 
-4.875, -70.375, 4.834407546055164e-24, nan 
-4.625, -70.375, 2.6082227989567344e-24, nan 
-4.375, -70.375, 7.6577316896162725e-25, nan 
-14.875, -70.125, 6.61609500792302e-24, nan 
-14.625, -70.125, 7.368303249145879e-24, nan 
-14.375, -70.125, 9.048270395730393e-24, nan 
-14.125, -70.125, 1.0100213410292209e-23, nan 
-13.875, -70.125, 1.822198966159111e-23, nan 
-13.625, -70.125, 1.81297913754872e-23, nan 
-13.375, -70.125, 1.7340085979572044e-23, nan 
-13.125, -70.125, 1.6195639293608567e-23, nan 
-12.875, -70.125, 1.481572989877078e-23, nan 
-12.625, -70.125, 1.3754422312284456e-23, nan 
-12.375, -70.125, 1.1100825528469446e-23, nan 
-12.125, -70.125, 5.3409272458487716e-24, nan 
-11.875, -70.125, 9.267662827247955e-25, nan 
-11.625, -70.125, 3.641064718386187e-24, nan 
-11.375, -70.125, 1.6291950342412884e-24, nan 
-11.125, -70.125, 1.836572762953567e-24, nan 
-10.875, -70.125, 1.8064301271430636e-24, nan 
-10.625, -70.125, 2.1937313149206032e-24, nan 
-10.375, -70.125, 3.2884871823857875e-24, nan 
-10.125, -70.125, 2.633856204058445e-24, nan 
-9.875, -70.125, 2.423569974763947e-24, nan 
-9.625, -70.125, 3.781150395733308e-24, nan 
-9.375, -70.125, 4.576760890078068e-24, nan 
-9.125, -70.125, 3.991369723015404e-24, nan 
-8.875, -70.125, 3.96416226345002e-24, nan 
-8.625, -70.125, 4.816025440490459e-24, nan 
-8.375, -70.125, 3.4128536386904165e-24, nan 
-8.125, -70.125, 2.811178490630898e-24, nan 
-7.875, -70.125, 3.901813839997811e-24, nan 
-7.625, -70.125, 3.878153639434402e-24, nan 
-7.375, -70.125, 7.00471383408229e-24, nan 
-7.125, -70.125, 4.5534956670346494e-24, nan 
-6.875, -70.125, 3.123965559007198e-24, nan 
-6.625, -70.125, 4.3949815206710946e-24, nan 
-6.375, -70.125, 3.999588369713518e-24, nan 
-6.125, -70.125, 3.73230670751043e-24, nan 
-5.875, -70.125, 3.4752364791618964e-24, nan 
-5.625, -70.125, 3.9946019753101984e-24, nan 
-5.375, -70.125, 4.526328157346168e-24, nan 
-5.125, -70.125, 3.702537703043283e-24, nan 
-4.875, -70.125, 5.1893092290589546e-24, nan 
-4.625, -70.125, 4.401564277418875e-24, nan 
-4.375, -70.125, 2.2185872079325746e-24, nan 
-4.125, -70.125, 2.6274121319350486e-24, nan 
-3.875, -70.125, 3.571857146966368e-24, nan 
-14.875, -69.875, 1.4356142124673136e-23, nan 
-14.625, -69.875, 1.591581514278734e-23, nan 
-14.375, -69.875, 1.4874854784789974e-23, nan 
-14.125, -69.875, 1.0408671695622736e-23, nan 
-13.875, -69.875, 8.379389217578672e-24, nan 
-13.625, -69.875, 1.385716033372754e-23, nan 
-13.375, -69.875, 1.8100827587862986e-23, nan 
-13.125, -69.875, 2.2903823230281825e-23, nan 
-12.875, -69.875, 1.8175795551093317e-23, nan 
-12.625, -69.875, 1.739952463638122e-23, nan 
-12.375, -69.875, 1.8065838732140014e-23, nan 
-12.125, -69.875, 1.1274064584137387e-23, nan 
-11.875, -69.875, 4.1303188370651795e-24, nan 
-11.625, -69.875, 2.8309089089200048e-24, nan 
-11.375, -69.875, 8.401603939599293e-25, nan 
-11.125, -69.875, 1.4189620974828734e-24, nan 
-10.875, -69.875, 1.2279979552588962e-24, nan 
-10.625, -69.875, 1.914799317036955e-24, nan 
-10.375, -69.875, 2.729232170854023e-24, nan 
-10.125, -69.875, 2.7514382706281125e-24, nan 
-9.875, -69.875, 2.6566644355645053e-24, nan 
-9.625, -69.875, 2.1494829723672706e-24, nan 
-9.375, -69.875, 2.58730043329764e-24, nan 
-9.125, -69.875, 2.458086195519232e-24, nan 
-8.875, -69.875, 4.323266713879154e-24, nan 
-8.625, -69.875, 4.8160606255425495e-24, nan 
-8.375, -69.875, 4.081975467203544e-24, nan 
-8.125, -69.875, 7.757014304537674e-24, nan 
-7.875, -69.875, 4.913699779046916e-24, nan 
-7.625, -69.875, 4.3082359983898674e-24, nan 
-7.375, -69.875, 8.916850001859792e-24, nan 
-7.125, -69.875, 4.878921370593768e-24, nan 
-6.875, -69.875, 3.4252359593713224e-24, nan 
-6.625, -69.875, 3.4795493337048986e-24, nan 
-6.375, -69.875, 3.556986643383444e-24, nan 
-6.125, -69.875, 2.9384950337533837e-24, nan 
-5.875, -69.875, 4.216405098255217e-24, nan 
-5.625, -69.875, 5.3553773241299875e-24, nan 
-5.375, -69.875, 4.2542872169468385e-24, nan 
-5.125, -69.875, 4.498748603609235e-24, nan 
-4.875, -69.875, 7.009700989576319e-24, nan 
-4.625, -69.875, 2.9162348837664372e-24, nan 
-4.375, -69.875, 4.310566541490279e-24, nan 
-4.125, -69.875, 8.414566666650134e-24, nan 
-3.875, -69.875, 4.6407371348660495e-24, nan 
-3.625, -69.875, 5.2817001382432816e-24, nan 
-14.875, -69.625, 1.3674645878612266e-23, nan 
-14.625, -69.625, 1.4282724766292384e-23, nan 
-14.375, -69.625, 1.4166626262308403e-23, nan 
-14.125, -69.625, 2.4790483395776493e-23, nan 
-13.875, -69.625, 2.841189164834857e-23, nan 
-13.625, -69.625, 2.587978423997107e-23, nan 
-13.375, -69.625, 2.2051672538114877e-23, nan 
-13.125, -69.625, 2.479675646293375e-23, nan 
-12.875, -69.625, 2.1787404031346254e-23, nan 
-12.625, -69.625, 1.6677006517756175e-23, nan 
-12.375, -69.625, 6.545912316963813e-24, nan 
-12.125, -69.625, 5.108420024623177e-24, nan 
-11.875, -69.625, 2.2709073713943553e-24, nan 
-11.625, -69.625, 1.4695287460031255e-24, nan 
-11.375, -69.625, 1.2956038735836577e-24, nan 
-11.125, -69.625, 1.581401266589677e-24, nan 
-10.875, -69.625, 1.5587580499620433e-24, nan 
-10.625, -69.625, 1.788512144697803e-24, nan 
-10.375, -69.625, 2.17317098982648e-24, nan 
-10.125, -69.625, 2.5752175954149493e-24, nan 
-9.875, -69.625, 2.826662118517353e-24, nan 
-9.625, -69.625, 3.326992295921641e-24, nan 
-9.375, -69.625, 4.029374237562347e-24, nan 
-9.125, -69.625, 3.706064911634415e-24, nan 
-8.875, -69.625, 3.528279181092254e-24, nan 
-8.625, -69.625, 2.6998831137344942e-24, nan 
-8.375, -69.625, 3.644135608690385e-24, nan 
-8.125, -69.625, 5.0891932196582866e-24, nan 
-7.875, -69.625, 3.322530155843571e-24, nan 
-7.625, -69.625, 3.212374677970109e-24, nan 
-7.375, -69.625, 1.9097144290578935e-24, nan 
-7.125, -69.625, 3.0118362993023858e-24, nan 
-6.875, -69.625, 2.5254790897266545e-24, nan 
-6.625, -69.625, 1.8169610881367888e-24, nan 
-6.375, -69.625, 1.4732793023711765e-24, nan 
-6.125, -69.625, 1.6872349084778165e-24, nan 
-5.875, -69.625, 2.9065701191394947e-24, nan 
-5.625, -69.625, 3.44479569151777e-24, nan 
-5.375, -69.625, 2.652615033909797e-24, nan 
-5.125, -69.625, 2.5501334999577075e-24, nan 
-4.875, -69.625, 7.009826275831255e-25, nan 
-4.625, -69.625, 1.6823071772925492e-24, nan 
-4.375, -69.625, 3.4417468070344864e-24, nan 
-4.125, -69.625, 5.891542656508579e-24, nan 
-3.875, -69.625, 3.735803800062355e-24, nan 
-3.625, -69.625, 3.0101115258414842e-24, nan 
-3.375, -69.625, 3.2569428498327594e-24, nan 
-14.875, -69.375, 2.964038981691704e-23, nan 
-14.625, -69.375, 2.9595079354351054e-23, nan 
-14.375, -69.375, 2.732270363472976e-23, nan 
-14.125, -69.375, 2.9883000732057074e-23, nan 
-13.875, -69.375, 2.860584127508626e-23, nan 
-13.625, -69.375, 2.5510243962047613e-23, nan 
-13.375, -69.375, 1.7964592036037234e-23, nan 
-13.125, -69.375, 1.2562243743008862e-23, nan 
-12.875, -69.375, 1.1674492728163944e-23, nan 
-12.625, -69.375, 1.1787298604794478e-23, nan 
-12.375, -69.375, 1.0453609800208481e-23, nan 
-12.125, -69.375, 3.535520296329862e-24, nan 
-11.875, -69.375, 5.4283509199829924e-24, nan 
-11.625, -69.375, 6.071154648569301e-24, nan 
-11.375, -69.375, 4.281112879010934e-24, nan 
-11.125, -69.375, 3.466151439252793e-24, nan 
-10.875, -69.375, 5.130317003220089e-24, nan 
-10.625, -69.375, 4.1419530882964534e-24, nan 
-10.375, -69.375, 3.669127623279532e-24, nan 
-10.125, -69.375, 4.765856756853817e-24, nan 
-9.875, -69.375, 4.3834408799450636e-24, nan 
-9.625, -69.375, 4.3252222753747815e-24, nan 
-9.375, -69.375, 5.284965616169865e-24, nan 
-9.125, -69.375, 4.3206491880096895e-24, nan 
-8.875, -69.375, 2.924469036120143e-24, nan 
-8.625, -69.375, 2.6010780498088624e-24, nan 
-8.375, -69.375, 4.77374758304798e-24, nan 
-8.125, -69.375, 4.9577739161567406e-24, nan 
-7.875, -69.375, 3.356412755602978e-24, nan 
-7.625, -69.375, 1.1693445621371629e-24, nan 
-7.375, -69.375, 1.4846396182311911e-24, nan 
-7.125, -69.375, 1.5343688864518204e-24, nan 
-6.875, -69.375, 1.0666335719011288e-24, nan 
-6.625, -69.375, 1.038134951276073e-24, nan 
-6.375, -69.375, 1.2732200125403474e-24, nan 
-6.125, -69.375, 1.00382995119441e-24, nan 
-5.875, -69.375, 1.4315474308241032e-24, nan 
-5.625, -69.375, 1.1650596828159688e-24, nan 
-5.375, -69.375, 8.392201416838153e-25, nan 
-5.125, -69.375, 1.3298909893876869e-24, nan 
-4.875, -69.375, 1.4326754262253422e-24, nan 
-4.625, -69.375, 2.4026808545238446e-24, nan 
-4.375, -69.375, 2.9220307541035725e-24, nan 
-4.125, -69.375, 2.6584015073613484e-24, nan 
-3.875, -69.375, 3.796852292529328e-24, nan 
-3.625, -69.375, 6.0000526057015544e-24, nan 
-3.375, -69.375, 4.2357773079699816e-24, nan 
-3.125, -69.375, 4.403230681272404e-24, nan 
-14.875, -69.125, 2.7799754993939064e-23, nan 
-14.625, -69.125, 2.4288084981873696e-23, nan 
-14.375, -69.125, 2.3481388366058735e-23, nan 
-14.125, -69.125, 1.5190536560126747e-23, nan 
-13.875, -69.125, 9.617640406735336e-24, nan 
-13.625, -69.125, 9.076745023716442e-24, nan 
-13.375, -69.125, 1.5671961299495082e-23, nan 
-13.125, -69.125, 1.2302306758223225e-23, nan 
-12.875, -69.125, 8.199436022453411e-24, nan 
-12.625, -69.125, 3.600015410404451e-24, nan 
-12.375, -69.125, 4.1087013166371856e-24, nan 
-12.125, -69.125, 2.5727022354545212e-24, nan 
-11.875, -69.125, 4.4817143125896646e-24, nan 
-11.625, -69.125, 4.584633402030174e-24, nan 
-11.375, -69.125, 3.965929255919956e-24, nan 
-11.125, -69.125, 4.9343209575212995e-24, nan 
-10.875, -69.125, 5.4941967214575796e-24, nan 
-10.625, -69.125, 3.866558066548524e-24, nan 
-10.375, -69.125, 3.850477509522981e-24, nan 
-10.125, -69.125, 3.4697050334376795e-24, nan 
-9.875, -69.125, 2.7782628170582557e-24, nan 
-9.625, -69.125, 3.63349524012047e-24, nan 
-9.375, -69.125, 3.277248660289024e-24, nan 
-9.125, -69.125, 4.404541448636302e-24, nan 
-8.875, -69.125, 3.527136968640053e-24, nan 
-8.625, -69.125, 3.7322034450809495e-24, nan 
-8.375, -69.125, 8.076393806197302e-24, nan 
-8.125, -69.125, 9.156409097377149e-24, nan 
-7.875, -69.125, 6.37292916738769e-24, nan 
-7.625, -69.125, 5.129658065200337e-24, nan 
-7.375, -69.125, 4.987329682814792e-24, nan 
-7.125, -69.125, 3.5068985652623694e-24, nan 
-6.875, -69.125, 1.888647320714087e-24, nan 
-6.625, -69.125, 1.5853514108647501e-24, nan 
-6.375, -69.125, 2.4653523155783e-24, nan 
-6.125, -69.125, 2.8512514836588413e-24, nan 
-5.875, -69.125, 2.328055864431294e-24, nan 
-5.625, -69.125, 2.765250996831375e-24, nan 
-5.375, -69.125, 2.4201781989935777e-24, nan 
-5.125, -69.125, 2.6646888077827043e-24, nan 
-4.875, -69.125, 2.6646590211082548e-24, nan 
-4.625, -69.125, 4.528816905437705e-24, nan 
-4.375, -69.125, 5.063986474720312e-24, nan 
-4.125, -69.125, 2.453278446011093e-24, nan 
-3.875, -69.125, 3.769964745055487e-24, nan 
-3.625, -69.125, 5.4222783945457594e-24, nan 
-3.375, -69.125, 6.030016706215156e-24, nan 
-3.125, -69.125, 4.343561139967849e-24, nan 
-2.875, -69.125, 3.993606716957004e-24, nan 
-2.625, -69.125, 5.420534150682318e-24, nan 
-14.625, -68.875, 2.0543339473349296e-23, nan 
-14.375, -68.875, 1.5292109651544236e-23, nan 
-14.125, -68.875, 1.9885097506127684e-23, nan 
-13.875, -68.875, 2.0178798002076063e-23, nan 
-13.625, -68.875, 1.7669143231025378e-23, nan 
-13.375, -68.875, 1.868642986520993e-23, nan 
-13.125, -68.875, 2.2616170921096532e-23, nan 
-12.875, -68.875, 2.1907217951349948e-23, nan 
-12.625, -68.875, 1.3505518774688948e-23, nan 
-12.375, -68.875, 6.665720516077266e-24, nan 
-12.125, -68.875, 5.860154113246773e-24, nan 
-11.875, -68.875, 4.626020267465294e-24, nan 
-11.625, -68.875, 5.7551946391526226e-24, nan 
-11.375, -68.875, 2.290253084798227e-24, nan 
-11.125, -68.875, 3.956685315393007e-24, nan 
-10.875, -68.875, 4.7923945245235704e-24, nan 
-10.625, -68.875, 2.910409758065847e-24, nan 
-10.375, -68.875, 2.9959186693606054e-24, nan 
-10.125, -68.875, 3.43495071068646e-24, nan 
-9.875, -68.875, 2.8669147569524035e-24, nan 
-9.625, -68.875, 2.757068953985028e-24, nan 
-9.375, -68.875, 4.988036868784349e-24, nan 
-9.125, -68.875, 3.559100094845364e-24, nan 
-8.875, -68.875, 5.172522990435407e-24, nan 
-8.625, -68.875, 1.0264769349646915e-23, nan 
-8.375, -68.875, 6.3495842147819494e-24, nan 
-8.125, -68.875, 6.13361428146751e-24, nan 
-7.875, -68.875, 7.883640361594304e-24, nan 
-7.625, -68.875, 4.194238230357027e-24, nan 
-7.375, -68.875, 1.999780052161378e-24, nan 
-7.125, -68.875, 2.3039832605708198e-24, nan 
-6.875, -68.875, 2.339451083497983e-24, nan 
-6.625, -68.875, 1.875421646630896e-24, nan 
-6.375, -68.875, 2.7007842239739634e-24, nan 
-6.125, -68.875, 3.6178340207185486e-24, nan 
-5.875, -68.875, 4.008057715427665e-24, nan 
-5.625, -68.875, 3.828306641741647e-24, nan 
-5.375, -68.875, 3.9810799374713605e-24, nan 
-5.125, -68.875, 3.0938501410902348e-24, nan 
-4.875, -68.875, 4.169935012824635e-24, nan 
-4.625, -68.875, 4.699095762219334e-24, nan 
-4.375, -68.875, 4.25722891507857e-24, nan 
-4.125, -68.875, 2.9570751043156213e-24, nan 
-3.875, -68.875, 3.481676020174868e-24, nan 
-3.625, -68.875, 4.2220001105668364e-24, nan 
-3.375, -68.875, 5.0309040818461055e-24, nan 
-3.125, -68.875, 4.4953852936405446e-24, nan 
-2.875, -68.875, 3.417745836471332e-24, nan 
-2.625, -68.875, 4.045775741796398e-24, nan 
-2.375, -68.875, 3.810649200486507e-24, nan 
-14.625, -68.625, 2.683054531991871e-23, nan 
-14.375, -68.625, 1.2166138779166916e-23, nan 
-14.125, -68.625, 5.559170092029636e-24, nan 
-13.875, -68.625, 1.5527991987241613e-24, nan 
-13.625, -68.625, 1.2615900276738376e-23, nan 
-13.375, -68.625, 2.5085640085585878e-23, nan 
-13.125, -68.625, 2.664292464029004e-23, nan 
-12.875, -68.625, 2.0805112754686514e-23, nan 
-12.625, -68.625, 2.3998235434181018e-23, nan 
-12.375, -68.625, 2.0558565154339163e-23, nan 
-12.125, -68.625, 8.136229492344315e-24, nan 
-11.875, -68.625, 5.642813255361344e-24, nan 
-11.625, -68.625, 4.459974654198845e-24, nan 
-11.375, -68.625, 1.9714949670090654e-24, nan 
-11.125, -68.625, 2.4485317082373543e-24, nan 
-10.875, -68.625, 3.516329046844334e-24, nan 
-10.625, -68.625, 2.1377124990808015e-24, nan 
-10.375, -68.625, 3.361925465344217e-24, nan 
-10.125, -68.625, 2.685760549570038e-24, nan 
-9.875, -68.625, 2.5518385153770208e-24, nan 
-9.625, -68.625, 2.6467606272644715e-24, nan 
-9.375, -68.625, 2.8110702329260358e-24, nan 
-9.125, -68.625, 2.3890678082156388e-24, nan 
-8.875, -68.625, 3.960937728943044e-24, nan 
-8.625, -68.625, 6.774377392347502e-24, nan 
-8.375, -68.625, 4.522002316646054e-24, nan 
-8.125, -68.625, 2.8880278366312518e-24, nan 
-7.875, -68.625, 3.158171536876498e-24, nan 
-7.625, -68.625, 2.068631020240601e-24, nan 
-7.375, -68.625, 2.8452173807631876e-24, nan 
-7.125, -68.625, 3.356382456802944e-24, nan 
-6.875, -68.625, 2.1711999641079783e-24, nan 
-6.625, -68.625, 2.8433852011342643e-24, nan 
-6.375, -68.625, 1.3856365950565e-24, nan 
-6.125, -68.625, 2.3710458051876176e-24, nan 
-5.875, -68.625, 6.031069245391415e-24, nan 
-5.625, -68.625, 4.9816819511126084e-24, nan 
-5.375, -68.625, 5.515073732897557e-24, nan 
-5.125, -68.625, 4.156169021046802e-24, nan 
-4.875, -68.625, 4.330707428530638e-24, nan 
-4.625, -68.625, 4.2161053129189655e-24, nan 
-4.375, -68.625, 2.7659500577321536e-24, nan 
-4.125, -68.625, 4.1654668162335e-24, nan 
-3.875, -68.625, 5.7040649128888065e-24, nan 
-3.625, -68.625, 3.0769982299529333e-24, nan 
-3.375, -68.625, 4.215003394643427e-24, nan 
-3.125, -68.625, 4.387408723078598e-24, nan 
-2.875, -68.625, 3.216312766933079e-24, nan 
-2.625, -68.625, 3.674595851401681e-24, nan 
-2.375, -68.625, 3.555462164596394e-24, nan 
-2.125, -68.625, 3.0376634870765764e-24, nan 
-14.625, -68.375, 2.8109737112333984e-23, nan 
-14.375, -68.375, 1.9405180263028006e-23, nan 
-14.125, -68.375, 1.188159291753161e-23, nan 
-13.875, -68.375, 1.2836888558904889e-23, nan 
-13.625, -68.375, 2.3077996468628602e-23, nan 
-13.375, -68.375, 2.6818346219249914e-23, nan 
-13.125, -68.375, 1.9749227005970642e-23, nan 
-12.875, -68.375, 2.133433638068619e-23, nan 
-12.625, -68.375, 1.92969526515646e-23, nan 
-12.375, -68.375, 1.2236767143591516e-23, nan 
-12.125, -68.375, 2.725832813127341e-24, nan 
-11.875, -68.375, 2.146369141823293e-24, nan 
-11.625, -68.375, 2.554221278000526e-24, nan 
-11.375, -68.375, 2.0812847689300852e-24, nan 
-11.125, -68.375, 5.0422665756909955e-24, nan 
-10.875, -68.375, 4.804578243903611e-24, nan 
-10.625, -68.375, 3.347191425277156e-24, nan 
-10.375, -68.375, 4.411596921778714e-24, nan 
-10.125, -68.375, 3.6374876247770065e-24, nan 
-9.875, -68.375, 3.839666733864194e-24, nan 
-9.625, -68.375, 2.5985318084817003e-24, nan 
-9.375, -68.375, 2.3440482074967046e-24, nan 
-9.125, -68.375, 3.080199823858577e-24, nan 
-8.875, -68.375, 2.2142880601265875e-24, nan 
-8.625, -68.375, 2.8005558186497855e-24, nan 
-8.375, -68.375, 3.123004863769299e-24, nan 
-8.125, -68.375, 4.006140548664526e-24, nan 
-7.875, -68.375, 4.092412426803856e-24, nan 
-7.625, -68.375, 3.64566591761323e-24, nan 
-7.375, -68.375, 3.0082030065720887e-24, nan 
-7.125, -68.375, 3.357144637954896e-24, nan 
-6.875, -68.375, 2.7320245612305465e-24, nan 
-6.625, -68.375, 4.464385917403223e-24, nan 
-6.375, -68.375, 3.932758292835688e-24, nan 
-6.125, -68.375, 4.165731993377179e-24, nan 
-5.875, -68.375, 6.5559698176452956e-24, nan 
-5.625, -68.375, 6.474034926094509e-24, nan 
-5.375, -68.375, 7.46475894492766e-24, nan 
-5.125, -68.375, 7.099482030386726e-24, nan 
-4.875, -68.375, 7.28953306361158e-24, nan 
-4.625, -68.375, 7.790043332362976e-24, nan 
-4.375, -68.375, 5.250116043547743e-24, nan 
-4.125, -68.375, 7.592365156376678e-24, nan 
-3.875, -68.375, 1.0170041029526546e-23, nan 
-3.625, -68.375, 3.0339558353850042e-24, nan 
-3.375, -68.375, 5.940558540019126e-24, nan 
-3.125, -68.375, 7.67207523965831e-24, nan 
-2.875, -68.375, 2.727517924416506e-24, nan 
-2.625, -68.375, 5.0414982810543254e-24, nan 
-2.375, -68.375, 3.614133030918086e-24, nan 
-2.125, -68.375, 3.74052883670494e-24, nan 
-1.875, -68.375, 3.990785239073883e-24, nan 
-14.625, -68.125, 2.3025179484578847e-23, nan 
-14.375, -68.125, 1.7848682609486722e-23, nan 
-14.125, -68.125, 2.0224964682407237e-23, nan 
-13.875, -68.125, 1.844329395987687e-23, nan 
-13.625, -68.125, 1.556379079210088e-23, nan 
-13.375, -68.125, 2.1676091216133732e-23, nan 
-13.125, -68.125, 1.7559306729336756e-23, nan 
-12.875, -68.125, 5.073701208998711e-24, nan 
-12.625, -68.125, 3.443271165692833e-24, nan 
-12.375, -68.125, 3.2666429096999234e-24, nan 
-12.125, -68.125, 1.2650726658592505e-24, nan 
-11.875, -68.125, 1.7729277662154057e-24, nan 
-11.625, -68.125, 3.6255135152202044e-24, nan 
-11.375, -68.125, 4.193120112421703e-24, nan 
-11.125, -68.125, 4.604029170574155e-24, nan 
-10.875, -68.125, 4.814817240299817e-24, nan 
-10.625, -68.125, 3.9368648444617675e-24, nan 
-10.375, -68.125, 2.75597718090061e-24, nan 
-10.125, -68.125, 2.149457358562519e-24, nan 
-9.875, -68.125, 1.741322113018086e-24, nan 
-9.625, -68.125, 1.4690545860677436e-24, nan 
-9.375, -68.125, 1.689782681982953e-24, nan 
-9.125, -68.125, 3.0736603169716257e-24, nan 
-8.875, -68.125, 3.0640667252881607e-24, nan 
-8.625, -68.125, 2.944535828506081e-24, nan 
-8.375, -68.125, 3.595002565701297e-24, nan 
-8.125, -68.125, 3.850947191564644e-24, nan 
-7.875, -68.125, 3.329858832426494e-24, nan 
-7.625, -68.125, 3.767937398471909e-24, nan 
-7.375, -68.125, 2.173802280411235e-24, nan 
-7.125, -68.125, 8.637472202375158e-25, nan 
-6.875, -68.125, 2.8606136883721002e-24, nan 
-6.625, -68.125, 3.1491350324402122e-24, nan 
-6.375, -68.125, 4.312700565722706e-24, nan 
-6.125, -68.125, 4.220183987225885e-24, nan 
-5.875, -68.125, 2.4800453192091965e-24, nan 
-5.625, -68.125, 1.2917005557698036e-24, nan 
-5.375, -68.125, 2.7265546159541907e-24, nan 
-5.125, -68.125, 6.038621405720086e-24, nan 
-4.875, -68.125, 5.994715322002098e-24, nan 
-4.625, -68.125, 6.764376171441537e-24, nan 
-4.375, -68.125, 7.174516767652087e-24, nan 
-4.125, -68.125, 7.702328835223182e-24, nan 
-3.875, -68.125, 7.965260894612667e-24, nan 
-3.625, -68.125, 3.980771808625487e-24, nan 
-3.375, -68.125, 7.354744461405825e-24, nan 
-3.125, -68.125, 5.021438775357293e-24, nan 
-2.875, -68.125, 2.804596937326653e-24, nan 
-2.625, -68.125, 5.283487679044117e-24, nan 
-2.375, -68.125, 3.4080737860098465e-24, nan 
-2.125, -68.125, 2.863659546570642e-24, nan 
-1.875, -68.125, 2.0012656119775298e-24, nan 
-1.625, -68.125, 1.9444643275564322e-24, nan 
-14.375, -67.875, 6.823470950865994e-24, nan 
-14.125, -67.875, 1.0025047773957768e-23, nan 
-13.875, -67.875, 7.141393011119504e-24, nan 
-13.625, -67.875, 5.28689187728537e-24, nan 
-13.375, -67.875, 1.7605113063141705e-24, nan 
-13.125, -67.875, 3.1329735340479707e-24, nan 
-12.875, -67.875, 8.961299037865327e-25, nan 
-12.625, -67.875, 2.008461980407097e-24, nan 
-12.375, -67.875, 3.935813757606235e-24, nan 
-12.125, -67.875, 4.368980281261582e-24, nan 
-11.875, -67.875, 6.369619624246861e-24, nan 
-11.625, -67.875, 5.683590769737074e-24, nan 
-11.375, -67.875, 4.4634688804372e-24, nan 
-11.125, -67.875, 4.71219635103357e-24, nan 
-10.875, -67.875, 3.5870768990424556e-24, nan 
-10.625, -67.875, 2.65608423940099e-24, nan 
-10.375, -67.875, 2.81323301761013e-24, nan 
-10.125, -67.875, 3.2926024079388503e-24, nan 
-9.875, -67.875, 2.451358937977106e-24, nan 
-9.625, -67.875, 3.394382052343805e-24, nan 
-9.375, -67.875, 3.2177586259527957e-24, nan 
-9.125, -67.875, 1.475398310555491e-24, nan 
-8.875, -67.875, 3.647829098752483e-24, nan 
-8.625, -67.875, 5.692265015215907e-24, nan 
-8.375, -67.875, 4.3598175170559025e-24, nan 
-8.125, -67.875, 3.0896892914016074e-24, nan 
-7.875, -67.875, 4.1667351284421615e-24, nan 
-7.625, -67.875, 3.7829568359816044e-24, nan 
-7.375, -67.875, 2.899456223746213e-24, nan 
-7.125, -67.875, 3.055090868197914e-24, nan 
-6.875, -67.875, 3.815562464708754e-24, nan 
-6.625, -67.875, 2.0975429695696845e-24, nan 
-6.375, -67.875, 5.62271985194934e-24, nan 
-6.125, -67.875, 4.552860676328841e-24, nan 
-5.875, -67.875, 2.9544224696379303e-24, nan 
-5.625, -67.875, 1.9617597629770072e-24, nan 
-5.375, -67.875, 2.2415897429236435e-24, nan 
-5.125, -67.875, 2.5176675583871314e-24, nan 
-4.875, -67.875, 1.295646868803255e-24, nan 
-4.625, -67.875, 3.96603638840651e-24, nan 
-4.375, -67.875, 5.255831686597717e-24, nan 
-4.125, -67.875, 6.631894425656085e-24, nan 
-3.875, -67.875, 6.271281677225217e-24, nan 
-3.625, -67.875, 4.494587841080023e-24, nan 
-3.375, -67.875, 5.392949360935428e-24, nan 
-3.125, -67.875, 4.988948941168028e-24, nan 
-2.875, -67.875, 2.6761394196664125e-24, nan 
-2.625, -67.875, 5.2963307944200964e-24, nan 
-2.375, -67.875, 2.670797245521356e-24, nan 
-2.125, -67.875, 2.675557561009607e-24, nan 
-1.875, -67.875, 4.465199428102287e-24, nan 
-1.625, -67.875, 2.9549505230542806e-24, nan 
-1.375, -67.875, 1.5289306742611719e-24, nan 
-14.375, -67.625, 3.63200781485758e-24, nan 
-14.125, -67.625, 3.715802602796668e-24, nan 
-13.875, -67.625, 2.6119906028618256e-24, nan 
-13.625, -67.625, 2.196899996760185e-24, nan 
-13.375, -67.625, 4.3805472359885174e-24, nan 
-13.125, -67.625, 5.2176047240652984e-24, nan 
-12.875, -67.625, 5.197451105632068e-24, nan 
-12.625, -67.625, 4.684288937069968e-24, nan 
-12.375, -67.625, 5.838715944552531e-24, nan 
-12.125, -67.625, 5.944295677637344e-24, nan 
-11.875, -67.625, 5.996284326861359e-24, nan 
-11.625, -67.625, 5.042437509342586e-24, nan 
-11.375, -67.625, 3.1675137419025778e-24, nan 
-11.125, -67.625, 2.319128725302344e-24, nan 
-10.875, -67.625, 2.7273190050035987e-24, nan 
-10.625, -67.625, 2.5537499129008686e-24, nan 
-10.375, -67.625, 2.283018571613191e-24, nan 
-10.125, -67.625, 6.05919092918078e-24, nan 
-9.875, -67.625, 3.579687987652745e-24, nan 
-9.625, -67.625, 2.9078998222122663e-24, nan 
-9.375, -67.625, 3.476825547742233e-24, nan 
-9.125, -67.625, 3.930149535533164e-24, nan 
-8.875, -67.625, 2.8862342610133553e-24, nan 
-8.625, -67.625, 4.763501317318494e-24, nan 
-8.375, -67.625, 4.2094272866385266e-24, nan 
-8.125, -67.625, 2.3044181628931388e-24, nan 
-7.875, -67.625, 1.7573750841294842e-24, nan 
-7.625, -67.625, 2.3181029059565964e-24, nan 
-7.375, -67.625, 4.709779296320874e-24, nan 
-7.125, -67.625, 1.645876193893489e-24, nan 
-6.875, -67.625, 3.1300792806128888e-24, nan 
-6.625, -67.625, 2.9019865502549116e-24, nan 
-6.375, -67.625, 2.856355588704876e-24, nan 
-6.125, -67.625, 3.46159201948961e-24, nan 
-5.875, -67.625, 2.662086091679852e-24, nan 
-5.625, -67.625, 1.3479305408385045e-24, nan 
-5.375, -67.625, 2.066780784556545e-24, nan 
-5.125, -67.625, 3.1559275167520394e-24, nan 
-4.875, -67.625, 5.195850582886848e-24, nan 
-4.625, -67.625, 9.603491554528364e-25, nan 
-4.375, -67.625, 5.3750109149535366e-24, nan 
-4.125, -67.625, 9.95039135510067e-24, nan 
-3.875, -67.625, 6.3204418428541446e-24, nan 
-3.625, -67.625, 3.649114430781927e-24, nan 
-3.375, -67.625, 2.9896231376843722e-24, nan 
-3.125, -67.625, 8.657603134085694e-24, nan 
-2.875, -67.625, 4.195753759546018e-24, nan 
-2.625, -67.625, 5.3442385588105215e-24, nan 
-2.375, -67.625, 6.70213160435074e-24, nan 
-2.125, -67.625, 5.991918220675068e-24, nan 
-1.875, -67.625, 4.317602202352346e-24, nan 
-1.625, -67.625, 4.371685654352082e-24, nan 
-1.375, -67.625, 2.9424449391430627e-24, nan 
-14.375, -67.375, 6.868880794664216e-24, nan 
-14.125, -67.375, 6.4411753455642876e-24, nan 
-13.875, -67.375, 5.602583724291026e-24, nan 
-13.625, -67.375, 4.9581213105522485e-24, nan 
-13.375, -67.375, 6.3573078817977564e-24, nan 
-13.125, -67.375, 5.813239590039863e-24, nan 
-12.875, -67.375, 5.377534639897634e-24, nan 
-12.625, -67.375, 3.498760276284399e-24, nan 
-12.375, -67.375, 2.8952833907591296e-24, nan 
-12.125, -67.375, 3.1711174352134188e-24, nan 
-11.875, -67.375, 2.481685862900365e-24, nan 
-11.625, -67.375, 2.317689591696206e-24, nan 
-11.375, -67.375, 2.4398660398329343e-24, nan 
-11.125, -67.375, 2.2058399767307627e-24, nan 
-10.875, -67.375, 4.864707887613808e-24, nan 
-10.625, -67.375, 2.7734522383108846e-24, nan 
-10.375, -67.375, 2.4550554059286242e-24, nan 
-10.125, -67.375, 1.004915654302758e-23, nan 
-9.875, -67.375, 3.033337290729194e-24, nan 
-9.625, -67.375, 1.8277404338605884e-24, nan 
-9.375, -67.375, 5.4522506111896016e-24, nan 
-9.125, -67.375, 2.780341824950672e-24, nan 
-8.875, -67.375, 2.5015614004303213e-24, nan 
-8.625, -67.375, 2.2045720958359124e-24, nan 
-8.375, -67.375, 2.477223747094686e-24, nan 
-8.125, -67.375, 2.8006561892246104e-24, nan 
-7.875, -67.375, 2.273481653684157e-24, nan 
-7.625, -67.375, 1.4159824084868128e-24, nan 
-7.375, -67.375, 3.903173416662518e-24, nan 
-7.125, -67.375, 1.4226622454231923e-24, nan 
-6.875, -67.375, 2.2471813781448055e-24, nan 
-6.625, -67.375, 2.3955052199042048e-24, nan 
-6.375, -67.375, 1.5768095920242965e-24, nan 
-6.125, -67.375, 2.927664160016218e-24, nan 
-5.875, -67.375, 2.918922452304536e-24, nan 
-5.625, -67.375, 1.0071624744059918e-24, nan 
-5.375, -67.375, 1.4683897188801426e-24, nan 
-5.125, -67.375, 2.2391027584306364e-24, nan 
-4.875, -67.375, 1.8579091609723107e-24, nan 
-4.625, -67.375, 1.743006905476987e-24, nan 
-4.375, -67.375, 5.57136464946817e-24, nan 
-4.125, -67.375, 9.239782232982632e-24, nan 
-3.875, -67.375, 5.634555764427273e-24, nan 
-3.625, -67.375, 4.669137390752184e-24, nan 
-3.375, -67.375, 8.861980716420557e-24, nan 
-3.125, -67.375, 9.953796785391824e-24, nan 
-2.875, -67.375, 9.543479987782703e-24, nan 
-2.625, -67.375, 6.855814261906979e-24, nan 
-2.375, -67.375, 8.757917523216655e-24, nan 
-2.125, -67.375, 9.317053869770086e-24, nan 
-1.875, -67.375, 6.294499466506412e-24, nan 
-1.625, -67.375, 5.513598306614752e-24, nan 
-1.375, -67.375, 4.492732269141561e-24, nan 
-1.125, -67.375, 7.70639318892859e-24, nan 
-14.125, -67.125, 4.353469028668571e-24, nan 
-13.875, -67.125, 4.9348054080638464e-24, nan 
-13.625, -67.125, 6.207893909011797e-24, nan 
-13.375, -67.125, 5.6313015431713755e-24, nan 
-13.125, -67.125, 5.090718754515585e-24, nan 
-12.875, -67.125, 6.3377521323755006e-24, nan 
-12.625, -67.125, 5.342128277809224e-24, nan 
-12.375, -67.125, 3.1651697361585634e-24, nan 
-12.125, -67.125, 2.0231686714650746e-24, nan 
-11.875, -67.125, 1.8249815982233087e-24, nan 
-11.625, -67.125, 2.4745390289014472e-24, nan 
-11.375, -67.125, 2.0074121573533667e-24, nan 
-11.125, -67.125, 1.7128777253879045e-24, nan 
-10.875, -67.125, 1.889125996866206e-24, nan 
-10.625, -67.125, 1.5987597161666559e-24, nan 
-10.375, -67.125, 1.567413465187078e-24, nan 
-10.125, -67.125, 5.274072923564059e-24, nan 
-9.875, -67.125, 2.8311174342112168e-24, nan 
-9.625, -67.125, 1.9762351698343296e-24, nan 
-9.375, -67.125, 2.5053533446983813e-24, nan 
-9.125, -67.125, 3.341187293945853e-24, nan 
-8.875, -67.125, 4.32411283822486e-24, nan 
-8.625, -67.125, 3.531162543090454e-24, nan 
-8.375, -67.125, 2.361956342342386e-24, nan 
-8.125, -67.125, 3.085137882097732e-24, nan 
-7.875, -67.125, 2.7035459836923415e-24, nan 
-7.625, -67.125, 1.1140331814652504e-24, nan 
-7.375, -67.125, 6.5110007711081595e-25, nan 
-7.125, -67.125, 1.0830465922707759e-24, nan 
-6.875, -67.125, 9.246492973442731e-25, nan 
-6.625, -67.125, 1.1888113157113716e-24, nan 
-6.375, -67.125, 2.0152468333577137e-24, nan 
-6.125, -67.125, 1.6183909288484713e-24, nan 
-5.875, -67.125, 2.0797141747344097e-24, nan 
-5.625, -67.125, 1.94116387046428e-24, nan 
-5.375, -67.125, 1.113317461616166e-24, nan 
-5.125, -67.125, 1.6878438560280756e-24, nan 
-4.875, -67.125, 2.2861646639549595e-24, nan 
-4.625, -67.125, 1.9663978036721123e-24, nan 
-4.375, -67.125, 1.4678900342694535e-24, nan 
-4.125, -67.125, 1.2033755062618194e-24, nan 
-3.875, -67.125, 4.198747158375313e-24, nan 
-3.625, -67.125, 3.636266349446624e-24, nan 
-3.375, -67.125, 6.7576090730194e-24, nan 
-3.125, -67.125, 1.0213168585830841e-23, nan 
-2.875, -67.125, 7.130910705131456e-24, nan 
-2.625, -67.125, 4.7834892857902846e-24, nan 
-2.375, -67.125, 7.138277370788811e-24, nan 
-2.125, -67.125, 3.650092341558135e-24, nan 
-1.875, -67.125, 1.5339688760499732e-24, nan 
-1.625, -67.125, 4.36422079624892e-24, nan 
-1.375, -67.125, 4.06765505378227e-24, nan 
-1.125, -67.125, 6.560698412648493e-24, nan 
-0.875, -67.125, 5.637829287309843e-24, nan 
-14.125, -66.875, 1.714197249862744e-23, nan 
-13.875, -66.875, 1.7149161949597248e-23, nan 
-13.625, -66.875, 1.0409326595203134e-23, nan 
-13.375, -66.875, 4.5657976195270426e-24, nan 
-13.125, -66.875, 4.960263502593657e-24, nan 
-12.875, -66.875, 4.202181542505517e-24, nan 
-12.625, -66.875, 4.960765966339939e-24, nan 
-12.375, -66.875, 4.933142494383246e-24, nan 
-12.125, -66.875, 3.2543474853534534e-24, nan 
-11.875, -66.875, 3.1602060617848147e-24, nan 
-11.625, -66.875, 2.83508387918721e-24, nan 
-11.375, -66.875, 1.9479633564444983e-24, nan 
-11.125, -66.875, 1.9809746107158324e-24, nan 
-10.875, -66.875, 9.777962816278982e-25, nan 
-10.625, -66.875, 7.782895961282896e-25, nan 
-10.375, -66.875, 1.5527692965817132e-24, nan 
-10.125, -66.875, 1.3347351915042432e-24, nan 
-9.875, -66.875, 7.609437358759327e-25, nan 
-9.625, -66.875, 1.4156769651823381e-24, nan 
-9.375, -66.875, 2.326621888626874e-24, nan 
-9.125, -66.875, 2.5577478956967655e-24, nan 
-8.875, -66.875, 3.0968209355070874e-24, nan 
-8.625, -66.875, 2.7540705121562346e-24, nan 
-8.375, -66.875, 1.9442074995191017e-24, nan 
-8.125, -66.875, 1.0959761588288516e-24, nan 
-7.875, -66.875, 1.6808792752028803e-24, nan 
-7.625, -66.875, 1.2501779316551954e-24, nan 
-7.375, -66.875, 7.232768929540351e-25, nan 
-7.125, -66.875, 6.538519764508211e-25, nan 
-6.875, -66.875, 1.0668930206871299e-24, nan 
-6.625, -66.875, 1.2600868347263328e-24, nan 
-6.375, -66.875, 1.5724537035989567e-24, nan 
-6.125, -66.875, 7.58061659884264e-25, nan 
-5.875, -66.875, 9.595030201590328e-25, nan 
-5.625, -66.875, 2.1812563663375863e-24, nan 
-5.375, -66.875, 2.5134069599311285e-24, nan 
-5.125, -66.875, 1.3276237849471533e-24, nan 
-4.875, -66.875, 2.2891207569495433e-24, nan 
-4.625, -66.875, 3.1368941702708678e-24, nan 
-4.375, -66.875, 1.9592480933519464e-24, nan 
-4.125, -66.875, 1.2539688923696049e-24, nan 
-3.875, -66.875, 1.3864958546227689e-24, nan 
-3.625, -66.875, 2.684365469897196e-24, nan 
-3.375, -66.875, 3.585288710239416e-24, nan 
-3.125, -66.875, 1.893278583498441e-23, nan 
-2.875, -66.875, 1.3817952559155075e-23, nan 
-2.625, -66.875, 8.258641991578532e-24, nan 
-2.375, -66.875, 1.6044639212997964e-24, nan 
-2.125, -66.875, 1.6385648660475466e-24, nan 
-1.875, -66.875, 4.321616726736331e-25, nan 
-1.625, -66.875, 2.0751398380385557e-24, nan 
-1.375, -66.875, 2.59707366795802e-24, nan 
-1.125, -66.875, 2.4135572264380266e-24, nan 
-0.875, -66.875, 3.129531177282066e-24, nan 
-0.625, -66.875, 3.4929471784092034e-24, nan 
-14.125, -66.625, 1.6366775121436517e-23, nan 
-13.875, -66.625, 1.8263109873433523e-23, nan 
-13.625, -66.625, 1.6824900118493532e-23, nan 
-13.375, -66.625, 5.496188216510889e-24, nan 
-13.125, -66.625, 4.5211134332960064e-24, nan 
-12.875, -66.625, 4.3817669846686685e-24, nan 
-12.625, -66.625, 4.623573383206124e-24, nan 
-12.375, -66.625, 4.7249250302502975e-24, nan 
-12.125, -66.625, 4.016050155534047e-24, nan 
-11.875, -66.625, 3.110569011923387e-24, nan 
-11.625, -66.625, 2.5256422869256105e-24, nan 
-11.375, -66.625, 1.9472771171116e-24, nan 
-11.125, -66.625, 1.4523717694594433e-24, nan 
-10.875, -66.625, 6.681242984191877e-25, nan 
-10.625, -66.625, 6.227292008990755e-25, nan 
-10.375, -66.625, 9.191939629340932e-25, nan 
-10.125, -66.625, 1.1593889704448856e-24, nan 
-9.875, -66.625, 6.386077780047529e-25, nan 
-9.625, -66.625, 7.9463463146235055e-25, nan 
-9.375, -66.625, 1.1961715765331e-24, nan 
-9.125, -66.625, 9.502846747358752e-25, nan 
-8.875, -66.625, 1.1265049730245192e-24, nan 
-8.625, -66.625, 9.854760067643729e-25, nan 
-8.375, -66.625, 4.764195715862365e-25, nan 
-8.125, -66.625, 3.401422616136361e-25, nan 
-7.875, -66.625, 1.3414605391631182e-24, nan 
-7.625, -66.625, 1.3550339131976397e-24, nan 
-7.375, -66.625, 1.5354894264657395e-24, nan 
-7.125, -66.625, 1.2050327729152112e-24, nan 
-6.875, -66.625, 1.00408651551682e-24, nan 
-6.625, -66.625, 2.527183805689061e-24, nan 
-6.375, -66.625, 1.5537001324310256e-24, nan 
-6.125, -66.625, 4.500746228025585e-25, nan 
-5.875, -66.625, 1.7158387819821802e-24, nan 
-5.625, -66.625, 1.120355977379848e-24, nan 
-5.375, -66.625, 1.1723205126389003e-24, nan 
-5.125, -66.625, 1.7691115509403615e-24, nan 
-4.875, -66.625, 1.2752252941744011e-24, nan 
-4.625, -66.625, 1.8264036546869692e-24, nan 
-4.375, -66.625, 1.6048096904368634e-24, nan 
-4.125, -66.625, 1.5531711836550971e-24, nan 
-3.875, -66.625, 1.4514354529813854e-23, nan 
-3.625, -66.625, 1.0513058516182157e-23, nan 
-3.375, -66.625, 7.138431595270782e-24, nan 
-3.125, -66.625, 3.376707327037936e-23, nan 
-2.875, -66.625, 3.2968060532144275e-23, nan 
-2.625, -66.625, 1.6131424548226592e-23, nan 
-2.375, -66.625, 1.828583206047402e-23, nan 
-2.125, -66.625, 1.3598745074535272e-23, nan 
-1.875, -66.625, 7.803512251038699e-24, nan 
-1.625, -66.625, 8.011342153541579e-25, nan 
-1.375, -66.625, 1.6885559803853275e-24, nan 
-1.125, -66.625, 1.779267386326211e-24, nan 
-0.875, -66.625, 1.6584666740317786e-24, nan 
-0.625, -66.625, 2.273562375367827e-24, nan 
-13.875, -66.375, 6.84144867982603e-24, nan 
-13.625, -66.375, 8.227745874511394e-24, nan 
-13.375, -66.375, 5.4054578381041635e-24, nan 
-13.125, -66.375, 6.484655208571391e-24, nan 
-12.875, -66.375, 7.884429699049597e-24, nan 
-12.625, -66.375, 5.332518567472671e-24, nan 
-12.375, -66.375, 5.1222883988012814e-24, nan 
-12.125, -66.375, 5.1304146232849136e-24, nan 
-11.875, -66.375, 4.451938123987819e-24, nan 
-11.625, -66.375, 3.513614133699513e-24, nan 
-11.375, -66.375, 2.9081761785463218e-24, nan 
-11.125, -66.375, 2.332798096489621e-24, nan 
-10.875, -66.375, 3.9325866451269235e-25, nan 
-10.625, -66.375, 7.7454050101837535e-25, nan 
-10.375, -66.375, 1.1154868145291166e-24, nan 
-10.125, -66.375, 9.513481601245462e-25, nan 
-9.875, -66.375, 7.109186593794186e-25, nan 
-9.625, -66.375, 3.8593739035750507e-25, nan 
-9.375, -66.375, 1.128363764748271e-24, nan 
-9.125, -66.375, 1.3914648700153369e-24, nan 
-8.875, -66.375, 1.5444320286513033e-24, nan 
-8.625, -66.375, 1.4226615051122148e-24, nan 
-8.375, -66.375, 9.877427670461219e-25, nan 
-8.125, -66.375, 8.248644687476274e-25, nan 
-7.875, -66.375, 1.4711907139223388e-24, nan 
-7.625, -66.375, 1.3913250515475659e-24, nan 
-7.375, -66.375, 9.104689138679145e-25, nan 
-7.125, -66.375, 1.3393993199952954e-24, nan 
-6.875, -66.375, 1.2227560850285332e-24, nan 
-6.625, -66.375, 1.2764062741923012e-24, nan 
-6.375, -66.375, 1.2739330499517125e-24, nan 
-6.125, -66.375, 1.4160902929328824e-24, nan 
-5.875, -66.375, 2.6682742622658706e-24, nan 
-5.625, -66.375, 1.3460808903191125e-24, nan 
-5.375, -66.375, 2.707824750783669e-24, nan 
-5.125, -66.375, 4.2082274828167835e-24, nan 
-4.875, -66.375, 1.5362224246163339e-24, nan 
-4.625, -66.375, 9.941051591964097e-25, nan 
-4.375, -66.375, 1.5911212578918554e-24, nan 
-4.125, -66.375, 5.7639326819893385e-24, nan 
-3.875, -66.375, 2.7353111545563115e-23, nan 
-3.625, -66.375, 3.036372601622692e-23, nan 
-3.375, -66.375, 1.3102837333936654e-23, nan 
-3.125, -66.375, 5.606670516176157e-23, nan 
-2.875, -66.375, 6.505593957319791e-23, nan 
-2.625, -66.375, 2.8219822701684406e-23, nan 
-2.375, -66.375, 3.024487833106895e-23, nan 
-2.125, -66.375, 3.548527201011488e-23, nan 
-1.875, -66.375, 1.740454425890527e-23, nan 
-1.625, -66.375, 3.988340227046615e-24, nan 
-1.375, -66.375, 1.0006370206249077e-24, nan 
-1.125, -66.375, 9.51586613441835e-25, nan 
-0.875, -66.375, 3.7483644581874616e-24, nan 
-0.625, -66.375, 2.62882706714743e-24, nan 
-0.375, -66.375, 8.799607210471498e-25, nan 
-13.875, -66.125, 2.4068656448928303e-24, nan 
-13.625, -66.125, 2.031270359883521e-24, nan 
-13.375, -66.125, 4.507343426149831e-24, nan 
-13.125, -66.125, 5.429758472162042e-24, nan 
-12.875, -66.125, 5.292068405891556e-24, nan 
-12.625, -66.125, 1.0605714679846702e-23, nan 
-12.375, -66.125, 1.0035381810227217e-23, nan 
-12.125, -66.125, 2.175866697251033e-24, nan 
-11.875, -66.125, 2.5990233776002366e-24, nan 
-11.625, -66.125, 1.4461639826513563e-24, nan 
-11.375, -66.125, 1.9023992922074063e-24, nan 
-11.125, -66.125, 1.1962722900959259e-24, nan 
-10.875, -66.125, 5.107353822838839e-25, nan 
-10.625, -66.125, 1.3912159116544389e-24, nan 
-10.375, -66.125, 6.815298080989286e-25, nan 
-10.125, -66.125, 1.7984673319038457e-24, nan 
-9.875, -66.125, 2.6599385885665803e-24, nan 
-9.625, -66.125, 1.0392921041515915e-24, nan 
-9.375, -66.125, 1.6590261114014785e-24, nan 
-9.125, -66.125, 4.2193341127483834e-24, nan 
-8.875, -66.125, 5.640701459834611e-24, nan 
-8.625, -66.125, 2.6029134721101926e-24, nan 
-8.375, -66.125, 1.805888845488112e-24, nan 
-8.125, -66.125, 2.2781555600102744e-24, nan 
-7.875, -66.125, 2.6952150715416268e-24, nan 
-7.625, -66.125, 1.3006078886301975e-24, nan 
-7.375, -66.125, 7.549459337246229e-25, nan 
-7.125, -66.125, 9.287978853666885e-25, nan 
-6.875, -66.125, 1.5506032366600209e-24, nan 
-6.625, -66.125, 1.3437364427576543e-24, nan 
-6.375, -66.125, 1.0036104477050367e-24, nan 
-6.125, -66.125, 2.460632929922527e-24, nan 
-5.875, -66.125, 2.1986307415084132e-24, nan 
-5.625, -66.125, 3.403934035677692e-24, nan 
-5.375, -66.125, 5.3059060797498804e-24, nan 
-5.125, -66.125, 4.877301705423777e-24, nan 
-4.875, -66.125, 1.3903222230680425e-24, nan 
-4.625, -66.125, 3.447707402925816e-24, nan 
-4.375, -66.125, 4.0804658894728085e-24, nan 
-4.125, -66.125, 2.483891615124988e-24, nan 
-3.875, -66.125, 3.32092107046825e-24, nan 
-3.625, -66.125, 2.9262114659868668e-24, nan 
-3.375, -66.125, 7.43303770137089e-24, nan 
-3.125, -66.125, 3.720565885185669e-23, nan 
-2.875, -66.125, 3.9632164401430427e-23, nan 
-2.625, -66.125, 1.8392568005997753e-23, nan 
-2.375, -66.125, 4.2657256729437205e-24, nan 
-2.125, -66.125, 3.0320151246168187e-24, nan 
-1.875, -66.125, 3.725244948833e-24, nan 
-1.625, -66.125, 3.696228977287723e-24, nan 
-1.375, -66.125, 3.4603344266614096e-24, nan 
-1.125, -66.125, 8.935039180097761e-25, nan 
-0.875, -66.125, 6.260088462272048e-24, nan 
-0.625, -66.125, 3.570456935153711e-24, nan 
-0.375, -66.125, 1.6338102174624458e-24, nan 
-0.125, -66.125, 3.7531235579682614e-24, nan 
-13.875, -65.875, 2.487073244690204e-24, nan 
-13.625, -65.875, 1.7472740362632548e-24, nan 
-13.375, -65.875, 8.550654589792018e-24, nan 
-13.125, -65.875, 1.0329703935163437e-23, nan 
-12.875, -65.875, 1.3835489063184758e-24, nan 
-12.625, -65.875, 1.6903858522696302e-23, nan 
-12.375, -65.875, 1.926887826668101e-23, nan 
-12.125, -65.875, 1.8154530351442017e-24, nan 
-11.875, -65.875, 5.515750321295534e-24, nan 
-11.625, -65.875, 6.777923005171135e-24, nan 
-11.375, -65.875, 1.2258710394835317e-24, nan 
-11.125, -65.875, 8.068300361509455e-25, nan 
-10.875, -65.875, 7.703132786694305e-25, nan 
-10.625, -65.875, 5.867028907027688e-25, nan 
-10.375, -65.875, 7.77273876970324e-25, nan 
-10.125, -65.875, 1.709638568797297e-24, nan 
-9.875, -65.875, 3.761581082297619e-24, nan 
-9.625, -65.875, 4.7413159291280974e-24, nan 
-9.375, -65.875, 1.9401724917545247e-24, nan 
-9.125, -65.875, 6.781429172664228e-24, nan 
-8.875, -65.875, 9.775634259642324e-24, nan 
-8.625, -65.875, 3.036743934537946e-24, nan 
-8.375, -65.875, 4.689728496981866e-24, nan 
-8.125, -65.875, 6.301979984935633e-24, nan 
-7.875, -65.875, 2.705924192988424e-24, nan 
-7.625, -65.875, 2.265637960608203e-24, nan 
-7.375, -65.875, 2.585738712454955e-24, nan 
-7.125, -65.875, 8.055969962967437e-25, nan 
-6.875, -65.875, 2.542616198762632e-24, nan 
-6.625, -65.875, 2.7620805230795487e-24, nan 
-6.375, -65.875, 2.518142124909168e-24, nan 
-6.125, -65.875, 2.017795378169826e-24, nan 
-5.875, -65.875, 1.9211640156487977e-24, nan 
-5.625, -65.875, 6.2269876397001375e-24, nan 
-5.375, -65.875, 3.1228986062139874e-24, nan 
-5.125, -65.875, 2.6525152477708217e-24, nan 
-4.875, -65.875, 5.233114658141906e-24, nan 
-4.625, -65.875, 5.097294313870306e-24, nan 
-4.375, -65.875, 3.640447910040662e-24, nan 
-4.125, -65.875, 4.707354143408706e-24, nan 
-3.875, -65.875, 5.222907547063762e-24, nan 
-3.625, -65.875, 3.9457341575147385e-24, nan 
-3.375, -65.875, 4.11512903119268e-24, nan 
-3.125, -65.875, 3.983153871265633e-24, nan 
-2.875, -65.875, 2.694559739118658e-24, nan 
-2.625, -65.875, 3.171824818848318e-24, nan 
-2.375, -65.875, 3.601387674426369e-24, nan 
-2.125, -65.875, 2.6213274481161844e-24, nan 
-1.875, -65.875, 3.830696386550164e-24, nan 
-1.625, -65.875, 4.009065150495948e-24, nan 
-1.375, -65.875, 4.052430390340669e-24, nan 
-1.125, -65.875, 2.5149511145405803e-24, nan 
-0.875, -65.875, 3.67445155038124e-24, nan 
-0.625, -65.875, 3.835054910326092e-24, nan 
-0.375, -65.875, 2.4451416548813776e-24, nan 
-0.125, -65.875, 2.053734008355769e-24, nan 
-13.625, -65.625, 4.007462395551224e-24, nan 
-13.375, -65.625, 2.957327908683859e-24, nan 
-13.125, -65.625, 3.511356059723799e-24, nan 
-12.875, -65.625, 1.5609283870218519e-24, nan 
-12.625, -65.625, 9.763510020695943e-24, nan 
-12.375, -65.625, 1.1956060784248077e-23, nan 
-12.125, -65.625, 1.9755411445247454e-24, nan 
-11.875, -65.625, 2.080595068086753e-24, nan 
-11.625, -65.625, 2.2380433141688966e-24, nan 
-11.375, -65.625, 1.4032037690610446e-24, nan 
-11.125, -65.625, 6.408528716272323e-25, nan 
-10.875, -65.625, 6.577228900060101e-25, nan 
-10.625, -65.625, 7.489837036357389e-25, nan 
-10.375, -65.625, 1.018478790313282e-24, nan 
-10.125, -65.625, 2.456021146782783e-24, nan 
-9.875, -65.625, 1.9405570860939356e-24, nan 
-9.625, -65.625, 2.036131305648831e-24, nan 
-9.375, -65.625, 3.6326977896398946e-24, nan 
-9.125, -65.625, 4.101499924832842e-24, nan 
-8.875, -65.625, 4.68962175067993e-24, nan 
-8.625, -65.625, 3.721420038018606e-24, nan 
-8.375, -65.625, 2.673532839739545e-24, nan 
-8.125, -65.625, 2.9342913163910744e-24, nan 
-7.875, -65.625, 3.2187024193830864e-24, nan 
-7.625, -65.625, 1.585436339817278e-24, nan 
-7.375, -65.625, 1.8889433150962044e-24, nan 
-7.125, -65.625, 9.763572132127755e-25, nan 
-6.875, -65.625, 1.6317065224961345e-24, nan 
-6.625, -65.625, 7.241824071210884e-25, nan 
-6.375, -65.625, 1.3269709886686528e-24, nan 
-6.125, -65.625, 1.5629484480975984e-24, nan 
-5.875, -65.625, 1.3477738296960637e-24, nan 
-5.625, -65.625, 3.550308405899241e-24, nan 
-5.375, -65.625, 2.390651858098439e-24, nan 
-5.125, -65.625, 2.648895971455851e-24, nan 
-4.875, -65.625, 3.91613083543467e-24, nan 
-4.625, -65.625, 5.6311573895156826e-24, nan 
-4.375, -65.625, 3.632052166015063e-24, nan 
-4.125, -65.625, 3.4028432974233426e-24, nan 
-3.875, -65.625, 4.318011416285814e-24, nan 
-3.625, -65.625, 5.206561865492018e-24, nan 
-3.375, -65.625, 3.359958141975036e-24, nan 
-3.125, -65.625, 4.692041607336329e-24, nan 
-2.875, -65.625, 7.069425170402312e-24, nan 
-2.625, -65.625, 4.269606452868792e-24, nan 
-2.375, -65.625, 3.732236003406654e-24, nan 
-2.125, -65.625, 6.304022503515335e-24, nan 
-1.875, -65.625, 4.571760548993613e-24, nan 
-1.625, -65.625, 5.588933773626972e-24, nan 
-1.375, -65.625, 5.839427071744543e-24, nan 
-1.125, -65.625, 2.963969133458373e-24, nan 
-0.875, -65.625, 3.982021872573317e-24, nan 
-0.625, -65.625, 5.623773676969122e-24, nan 
-0.375, -65.625, 3.3051004515947775e-24, nan 
-0.125, -65.625, 2.5296912538539424e-24, nan 
0.125, -65.625, 4.288763689394855e-24, nan 
-13.625, -65.375, 4.75817475437279e-24, nan 
-13.375, -65.375, 1.1221101591871409e-23, nan 
-13.125, -65.375, 4.027331242057128e-24, nan 
-12.875, -65.375, 2.9483550619957476e-24, nan 
-12.625, -65.375, 3.713202454647649e-24, nan 
-12.375, -65.375, 3.2587448654391747e-24, nan 
-12.125, -65.375, 2.2175323431958333e-24, nan 
-11.875, -65.375, 1.8818330680023162e-24, nan 
-11.625, -65.375, 1.4732335830365478e-24, nan 
-11.375, -65.375, 7.588208758563287e-25, nan 
-11.125, -65.375, 4.004654213732112e-25, nan 
-10.875, -65.375, 4.796649726090922e-25, nan 
-10.625, -65.375, 5.236553621551292e-25, nan 
-10.375, -65.375, 5.221473890565451e-25, nan 
-10.125, -65.375, 5.839661648789937e-25, nan 
-9.875, -65.375, 5.216035972979324e-25, nan 
-9.625, -65.375, 1.1304373867390813e-24, nan 
-9.375, -65.375, 2.6250159259632605e-24, nan 
-9.125, -65.375, 2.4608299330828024e-24, nan 
-8.875, -65.375, 2.789672291214853e-24, nan 
-8.625, -65.375, 2.8934482385778752e-24, nan 
-8.375, -65.375, 1.303921574330954e-24, nan 
-8.125, -65.375, 2.988584061804668e-24, nan 
-7.875, -65.375, 2.0571681758850566e-24, nan 
-7.625, -65.375, 1.2427970996441286e-24, nan 
-7.375, -65.375, 1.6063946175276762e-24, nan 
-7.125, -65.375, 1.9417721556660758e-24, nan 
-6.875, -65.375, 1.1962729988947962e-24, nan 
-6.625, -65.375, 1.029666263251593e-24, nan 
-6.375, -65.375, 1.407220169259026e-24, nan 
-6.125, -65.375, 7.846154117635983e-25, nan 
-5.875, -65.375, 1.7708516744125615e-24, nan 
-5.625, -65.375, 1.788828832361011e-24, nan 
-5.375, -65.375, 8.734383075993745e-25, nan 
-5.125, -65.375, 3.647711033462538e-24, nan 
-4.875, -65.375, 6.222555223896134e-24, nan 
-4.625, -65.375, 4.499183974756183e-24, nan 
-4.375, -65.375, 4.3513414176405826e-24, nan 
-4.125, -65.375, 7.986452962846158e-24, nan 
-3.875, -65.375, 5.8736983728722105e-24, nan 
-3.625, -65.375, 4.9966826977548205e-24, nan 
-3.375, -65.375, 6.71925291850355e-24, nan 
-3.125, -65.375, 5.227095720273001e-24, nan 
-2.875, -65.375, 7.949049647472555e-24, nan 
-2.625, -65.375, 2.417943050540886e-24, nan 
-2.375, -65.375, 2.763928645113369e-24, nan 
-2.125, -65.375, 6.577645677164159e-24, nan 
-1.875, -65.375, 5.866478502820558e-24, nan 
-1.625, -65.375, 6.727590409197229e-24, nan 
-1.375, -65.375, 6.495466835246917e-24, nan 
-1.125, -65.375, 5.076875965829176e-24, nan 
-0.875, -65.375, 5.595526206100341e-24, nan 
-0.625, -65.375, 5.789644585561226e-24, nan 
-0.375, -65.375, 4.2582295754140066e-24, nan 
-0.125, -65.375, 2.6858309026885495e-24, nan 
0.125, -65.375, 3.718632919439256e-24, nan 
-13.375, -65.125, 1.60700793580086e-23, nan 
-13.125, -65.125, 3.438875705082318e-24, nan 
-12.875, -65.125, 2.7397600127388062e-24, nan 
-12.625, -65.125, 3.4279619033212054e-24, nan 
-12.375, -65.125, 2.292943420834821e-24, nan 
-12.125, -65.125, 2.6093507017936608e-24, nan 
-11.875, -65.125, 2.732951721935176e-24, nan 
-11.625, -65.125, 1.2341297557531339e-24, nan 
-11.375, -65.125, 1.2625325262021269e-24, nan 
-11.125, -65.125, 1.5057872935057249e-24, nan 
-10.875, -65.125, 6.985213610685582e-25, nan 
-10.625, -65.125, 3.4203195307761782e-25, nan 
-10.375, -65.125, 6.825472896890896e-25, nan 
-10.125, -65.125, 1.824997189029963e-24, nan 
-9.875, -65.125, 2.6655556551213806e-24, nan 
-9.625, -65.125, 4.676879966044913e-24, nan 
-9.375, -65.125, 3.596686560374715e-24, nan 
-9.125, -65.125, 3.551679384607952e-24, nan 
-8.875, -65.125, 3.704381427698561e-24, nan 
-8.625, -65.125, 2.3056451458867908e-24, nan 
-8.375, -65.125, 1.9314987920904028e-24, nan 
-8.125, -65.125, 4.1128730354738836e-24, nan 
-7.875, -65.125, 2.148371630792886e-24, nan 
-7.625, -65.125, 2.8980585693523097e-24, nan 
-7.375, -65.125, 3.37473194301833e-24, nan 
-7.125, -65.125, 2.218837268030512e-24, nan 
-6.875, -65.125, 1.358158595251933e-24, nan 
-6.625, -65.125, 1.4945983935647118e-24, nan 
-6.375, -65.125, 1.4027068957437303e-24, nan 
-6.125, -65.125, 7.583764049349888e-25, nan 
-5.875, -65.125, 2.7570316509749583e-24, nan 
-5.625, -65.125, 5.593274723211644e-24, nan 
-5.375, -65.125, 2.5483264902879194e-24, nan 
-5.125, -65.125, 2.1820524061036806e-24, nan 
-4.875, -65.125, 7.005879912800068e-24, nan 
-4.625, -65.125, 3.658080012108168e-24, nan 
-4.375, -65.125, 4.956730190192869e-24, nan 
-4.125, -65.125, 1.0227571593227502e-23, nan 
-3.875, -65.125, 1.1411120509411415e-23, nan 
-3.625, -65.125, 9.668844926460463e-24, nan 
-3.375, -65.125, 1.1113548052804858e-23, nan 
-3.125, -65.125, 1.0608392274365306e-23, nan 
-2.875, -65.125, 9.391825062151064e-24, nan 
-2.625, -65.125, 8.160503301178237e-24, nan 
-2.375, -65.125, 8.198147478029206e-24, nan 
-2.125, -65.125, 6.5243872031593524e-24, nan 
-1.875, -65.125, 5.576101496049634e-24, nan 
-1.625, -65.125, 5.539649225494291e-24, nan 
-1.375, -65.125, 5.508751754288925e-24, nan 
-1.125, -65.125, 5.419382759737629e-24, nan 
-0.875, -65.125, 2.660240057624958e-24, nan 
-0.625, -65.125, 2.5728569555821718e-24, nan 
-0.375, -65.125, 4.353521392353851e-24, nan 
-0.125, -65.125, 5.044995576192013e-24, nan 
0.125, -65.125, 4.678505230516725e-24, nan 
0.375, -65.125, 5.454189417557654e-24, nan 
-13.375, -64.875, 3.3453421815125475e-23, nan 
-13.125, -64.875, 2.0348098365859886e-23, nan 
-12.875, -64.875, 6.570976390929301e-24, nan 
-12.625, -64.875, 5.770408672948179e-24, nan 
-12.375, -64.875, 3.8417811386159325e-24, nan 
-12.125, -64.875, 3.700196475418927e-24, nan 
-11.875, -64.875, 2.880409838244968e-24, nan 
-11.625, -64.875, 9.70125589343692e-25, nan 
-11.375, -64.875, 2.1233626462454578e-25, nan 
-11.125, -64.875, 5.802148963323481e-25, nan 
-10.875, -64.875, 1.5109618687832638e-24, nan 
-10.625, -64.875, 2.0390768757735078e-24, nan 
-10.375, -64.875, 3.404008439916622e-24, nan 
-10.125, -64.875, 2.9390212319946578e-24, nan 
-9.875, -64.875, 3.534391189355547e-24, nan 
-9.625, -64.875, 6.330128344214161e-24, nan 
-9.375, -64.875, 4.58192673909005e-24, nan 
-9.125, -64.875, 4.3589665715603884e-24, nan 
-8.875, -64.875, 3.1696623118597374e-24, nan 
-8.625, -64.875, 2.8937213448575395e-24, nan 
-8.375, -64.875, 3.478573157567268e-24, nan 
-8.125, -64.875, 3.558169312074687e-24, nan 
-7.875, -64.875, 3.134472351739913e-24, nan 
-7.625, -64.875, 4.915214045931517e-24, nan 
-7.375, -64.875, 6.023338353784262e-24, nan 
-7.125, -64.875, 3.024735253504127e-24, nan 
-6.875, -64.875, 2.6194594790721932e-24, nan 
-6.625, -64.875, 3.804927457733371e-24, nan 
-6.375, -64.875, 4.3022569777191094e-24, nan 
-6.125, -64.875, 6.321823174239893e-24, nan 
-5.875, -64.875, 5.159980132175864e-24, nan 
-5.625, -64.875, 7.29821633346108e-24, nan 
-5.375, -64.875, 6.08041776258194e-24, nan 
-5.125, -64.875, 4.561213751829803e-24, nan 
-4.875, -64.875, 2.4258434789068668e-23, nan 
-4.625, -64.875, 4.110270142479045e-23, nan 
-4.375, -64.875, 4.760129334079537e-23, nan 
-4.125, -64.875, 5.2910367721194954e-23, nan 
-3.875, -64.875, 5.049124531220686e-23, nan 
-3.625, -64.875, 5.2509049269651196e-23, nan 
-3.375, -64.875, 4.6922819639596e-23, nan 
-3.125, -64.875, 2.1057085767299017e-23, nan 
-2.875, -64.875, 1.1043638677387655e-23, nan 
-2.625, -64.875, 1.3894570298237505e-23, nan 
-2.375, -64.875, 1.2272390114117825e-23, nan 
-2.125, -64.875, 1.0775662522899267e-23, nan 
-1.875, -64.875, 1.1612120396313884e-23, nan 
-1.625, -64.875, 1.081497818001094e-23, nan 
-1.375, -64.875, 7.26562999102976e-24, nan 
-1.125, -64.875, 5.8216388955503716e-24, nan 
-0.875, -64.875, 5.0049745182481046e-24, nan 
-0.625, -64.875, 3.718640231579996e-24, nan 
-0.375, -64.875, 1.75284662219256e-24, nan 
-0.125, -64.875, 6.15283419357296e-24, nan 
0.125, -64.875, 5.1674695706143226e-24, nan 
0.375, -64.875, 6.077549017318021e-24, nan 
-13.375, -64.625, 1.8029264301483386e-23, nan 
-13.125, -64.625, 6.310408443249107e-24, nan 
-12.875, -64.625, 5.643428731276253e-24, nan 
-12.625, -64.625, 5.308459899002868e-24, nan 
-12.375, -64.625, 5.020998964304282e-24, nan 
-12.125, -64.625, 4.807905003401305e-24, nan 
-11.875, -64.625, 4.7245559425566574e-24, nan 
-11.625, -64.625, 2.3296846404407176e-24, nan 
-11.375, -64.625, 1.346529426735477e-24, nan 
-11.125, -64.625, 5.7009236491293715e-25, nan 
-10.875, -64.625, 9.044136545779957e-25, nan 
-10.625, -64.625, 1.3033985193532457e-24, nan 
-10.375, -64.625, 3.5378185729227005e-24, nan 
-10.125, -64.625, 2.8221840815098508e-24, nan 
-9.875, -64.625, 2.193214653949081e-24, nan 
-9.625, -64.625, 6.294133234267481e-24, nan 
-9.375, -64.625, 3.1007377742987935e-24, nan 
-9.125, -64.625, 4.2873900467308365e-24, nan 
-8.875, -64.625, 2.5431446176054247e-24, nan 
-8.625, -64.625, 2.0092920300729525e-24, nan 
-8.375, -64.625, 6.5795234215686905e-25, nan 
-8.125, -64.625, 6.91787487775026e-25, nan 
-7.875, -64.625, 2.3016186627540655e-24, nan 
-7.625, -64.625, 3.362568169182326e-24, nan 
-7.375, -64.625, 3.7880873260785006e-24, nan 
-7.125, -64.625, 2.7166476079152144e-24, nan 
-6.875, -64.625, 4.482323469814067e-24, nan 
-6.625, -64.625, 5.92366147230612e-24, nan 
-6.375, -64.625, 7.445464444834814e-24, nan 
-6.125, -64.625, 7.606517845075502e-24, nan 
-5.875, -64.625, 9.911972052567447e-24, nan 
-5.625, -64.625, 1.878845771705187e-23, nan 
-5.375, -64.625, 4.159515326392268e-23, nan 
-5.125, -64.625, 4.987763532582425e-23, nan 
-4.875, -64.625, 4.9453560317166227e-23, nan 
-4.625, -64.625, 6.300547608900669e-23, nan 
-4.375, -64.625, 6.639352476236931e-23, nan 
-4.125, -64.625, 6.382222857922444e-23, nan 
-3.875, -64.625, 6.249843043370324e-23, nan 
-3.625, -64.625, 7.12738486245917e-23, nan 
-3.375, -64.625, 6.328454492121478e-23, nan 
-3.125, -64.625, 3.792724001735502e-23, nan 
-2.875, -64.625, 5.0967847687053976e-23, nan 
-2.625, -64.625, 4.1880913906938174e-23, nan 
-2.375, -64.625, 1.5034928597447968e-23, nan 
-2.125, -64.625, 1.1629667711056454e-23, nan 
-1.875, -64.625, 1.2564051627282601e-23, nan 
-1.625, -64.625, 8.24947820597066e-24, nan 
-1.375, -64.625, 1.090867459396759e-23, nan 
-1.125, -64.625, 9.640354422646207e-24, nan 
-0.875, -64.625, 1.4104355170811525e-23, nan 
-0.625, -64.625, 9.493262375753415e-24, nan 
-0.375, -64.625, 1.1944021936448757e-23, nan 
-0.125, -64.625, 6.713035784422417e-24, nan 
0.125, -64.625, 1.749450128161449e-24, nan 
0.375, -64.625, 4.789206621212806e-24, nan 
0.625, -64.625, 2.6579525172250927e-24, nan 
-13.125, -64.375, 2.4694070260654268e-23, nan 
-12.875, -64.375, 2.6266600988990995e-23, nan 
-12.625, -64.375, 1.4773237649763956e-23, nan 
-12.375, -64.375, 7.482198261548372e-24, nan 
-12.125, -64.375, 4.762811751068193e-24, nan 
-11.875, -64.375, 5.679272890633684e-24, nan 
-11.625, -64.375, 5.471895576706359e-24, nan 
-11.375, -64.375, 3.7838131154355945e-24, nan 
-11.125, -64.375, 1.928029920236934e-24, nan 
-10.875, -64.375, 1.0286973666538396e-24, nan 
-10.625, -64.375, 6.868086821236815e-25, nan 
-10.375, -64.375, 6.908406639126554e-25, nan 
-10.125, -64.375, 3.833965902754222e-24, nan 
-9.875, -64.375, 5.338197954295301e-24, nan 
-9.625, -64.375, 5.1986693861424145e-24, nan 
-9.375, -64.375, 5.696574186031844e-24, nan 
-9.125, -64.375, 9.260832379288004e-24, nan 
-8.875, -64.375, 2.1071476469550847e-24, nan 
-8.625, -64.375, 2.2764882125477818e-24, nan 
-8.375, -64.375, 3.575578573461982e-24, nan 
-8.125, -64.375, 1.374905012795148e-24, nan 
-7.875, -64.375, 1.1172857062195626e-24, nan 
-7.625, -64.375, 9.233585807954377e-25, nan 
-7.375, -64.375, 3.978425611054826e-24, nan 
-7.125, -64.375, 6.1435763529818865e-24, nan 
-6.875, -64.375, 4.215857506975183e-24, nan 
-6.625, -64.375, 5.322198751442724e-24, nan 
-6.375, -64.375, 9.056875619033569e-24, nan 
-6.125, -64.375, 9.37976224099367e-24, nan 
-5.875, -64.375, 3.363439041677195e-23, nan 
-5.625, -64.375, 4.4936172678548603e-23, nan 
-5.375, -64.375, 5.27306170866466e-23, nan 
-5.125, -64.375, 6.945095985624571e-23, nan 
-4.875, -64.375, 5.644613455469439e-23, nan 
-4.625, -64.375, 5.017311989278389e-23, nan 
-4.375, -64.375, 3.159124615951762e-23, nan 
-4.125, -64.375, 1.7186386681547414e-23, nan 
-3.875, -64.375, 4.8126808572753614e-23, nan 
-3.625, -64.375, 5.455369875976764e-23, nan 
-3.375, -64.375, 6.306132504630215e-23, nan 
-3.125, -64.375, 4.8380809806443133e-23, nan 
-2.875, -64.375, 5.434511470931242e-23, nan 
-2.625, -64.375, 5.929333091470752e-23, nan 
-2.375, -64.375, 2.721368116498301e-23, nan 
-2.125, -64.375, 1.1603727942462696e-23, nan 
-1.875, -64.375, 1.2981227677571955e-23, nan 
-1.625, -64.375, 1.3250857692309585e-23, nan 
-1.375, -64.375, 1.1138445313720617e-23, nan 
-1.125, -64.375, 7.667582978222659e-24, nan 
-0.875, -64.375, 1.699418321821374e-23, nan 
-0.625, -64.375, 1.3213902077176536e-23, nan 
-0.375, -64.375, 1.456916911326205e-23, nan 
-0.125, -64.375, 1.118888495222325e-23, nan 
0.125, -64.375, 1.0589667394100588e-23, nan 
0.375, -64.375, 9.343098907777326e-24, nan 
0.625, -64.375, 7.776172098637938e-24, nan 
-13.125, -64.125, 3.4647184355988195e-23, nan 
-12.875, -64.125, 3.443512817652888e-23, nan 
-12.625, -64.125, 2.1605574191381644e-23, nan 
-12.375, -64.125, 2.4423562582725018e-23, nan 
-12.125, -64.125, 2.2292803006863924e-23, nan 
-11.875, -64.125, 1.2794299951010356e-23, nan 
-11.625, -64.125, 7.898022165409162e-24, nan 
-11.375, -64.125, 5.4266441815642385e-24, nan 
-11.125, -64.125, 6.096876176594214e-24, nan 
-10.875, -64.125, 4.898424662145963e-24, nan 
-10.625, -64.125, 3.5285961459765295e-24, nan 
-10.375, -64.125, 1.0461131381712527e-24, nan 
-10.125, -64.125, 9.95140471977074e-25, nan 
-9.875, -64.125, 9.175480307775877e-25, nan 
-9.625, -64.125, 1.332009853090253e-24, nan 
-9.375, -64.125, 4.340663578116289e-24, nan 
-9.125, -64.125, 6.041862874237932e-24, nan 
-8.875, -64.125, 1.7387804154895643e-24, nan 
-8.625, -64.125, 1.4054922510903002e-24, nan 
-8.375, -64.125, 1.3064212824289432e-24, nan 
-8.125, -64.125, 5.686196915031937e-25, nan 
-7.875, -64.125, 1.6106167553007747e-24, nan 
-7.625, -64.125, 1.004192718924308e-24, nan 
-7.375, -64.125, 2.989353772444701e-24, nan 
-7.125, -64.125, 6.764087187912195e-24, nan 
-6.875, -64.125, 3.327912607530075e-24, nan 
-6.625, -64.125, 3.270902668597517e-24, nan 
-6.375, -64.125, 8.58097805424062e-24, nan 
-6.125, -64.125, 9.011249749630533e-24, nan 
-5.875, -64.125, 4.763400187555027e-24, nan 
-5.625, -64.125, 5.272444899829315e-23, nan 
-5.375, -64.125, 7.150802305401996e-23, nan 
-5.125, -64.125, 7.400255432368071e-23, nan 
-4.875, -64.125, 9.714892815056747e-23, nan 
-4.625, -64.125, 1.0484977684732965e-22, nan 
-4.375, -64.125, 8.616984438170198e-23, nan 
-4.125, -64.125, 6.95071116667504e-23, nan 
-3.875, -64.125, 7.049789795421846e-23, nan 
-3.625, -64.125, 5.937789237717217e-23, nan 
-3.375, -64.125, 6.676521614782119e-23, nan 
-3.125, -64.125, 6.119335563959252e-23, nan 
-2.875, -64.125, 5.142311399356448e-23, nan 
-2.625, -64.125, 4.239989595765617e-23, nan 
-2.375, -64.125, 2.5076703263376165e-23, nan 
-2.125, -64.125, 1.4185513277780055e-23, nan 
-1.875, -64.125, 9.204700336436571e-24, nan 
-1.625, -64.125, 7.575422960064488e-24, nan 
-1.375, -64.125, 2.9403121254140847e-24, nan 
-1.125, -64.125, 3.5036214838220384e-24, nan 
-0.875, -64.125, 4.325481305972388e-24, nan 
-0.625, -64.125, 7.893345421115898e-24, nan 
-0.375, -64.125, 8.320432404588041e-24, nan 
-0.125, -64.125, 5.481896724406128e-24, nan 
0.125, -64.125, 1.2867010594491845e-23, nan 
0.375, -64.125, 9.758691193079666e-24, nan 
0.625, -64.125, 1.0006353526251349e-23, nan 
-12.875, -63.875, 2.326039321816389e-23, nan 
-12.625, -63.875, 2.2185849216679577e-23, nan 
-12.375, -63.875, 2.072467634259035e-23, nan 
-12.125, -63.875, 2.103001997538823e-23, nan 
-11.875, -63.875, 1.9476708989303764e-23, nan 
-11.625, -63.875, 1.692161227490935e-23, nan 
-11.375, -63.875, 6.844800816776902e-24, nan 
-11.125, -63.875, 8.473774006388887e-24, nan 
-10.875, -63.875, 6.202693463086305e-24, nan 
-10.625, -63.875, 5.016232052655266e-24, nan 
-10.375, -63.875, 3.7565910153247696e-24, nan 
-10.125, -63.875, 2.879493997312063e-24, nan 
-9.875, -63.875, 2.7474590805542782e-24, nan 
-9.625, -63.875, 1.1566215311692667e-24, nan 
-9.375, -63.875, 1.0134874979063167e-24, nan 
-9.125, -63.875, 7.671318161401e-25, nan 
-8.875, -63.875, 1.4392907357315297e-24, nan 
-8.625, -63.875, 1.3361553219494721e-24, nan 
-8.375, -63.875, 8.497064845419787e-25, nan 
-8.125, -63.875, 2.2990932823389108e-24, nan 
-7.875, -63.875, 3.832098056663923e-24, nan 
-7.625, -63.875, 1.8137487349933034e-24, nan 
-7.375, -63.875, 4.478755098319767e-24, nan 
-7.125, -63.875, 5.4708050768315965e-24, nan 
-6.875, -63.875, 3.518590578751568e-24, nan 
-6.625, -63.875, 4.46136937561975e-24, nan 
-6.375, -63.875, 7.887707548574575e-24, nan 
-6.125, -63.875, 5.790682389893152e-24, nan 
-5.875, -63.875, 3.635388078058463e-24, nan 
-5.625, -63.875, 6.160165465444443e-24, nan 
-5.375, -63.875, 1.2342357498230015e-23, nan 
-5.125, -63.875, 2.155310857047032e-23, nan 
-4.875, -63.875, 9.021850622503411e-23, nan 
-4.625, -63.875, 8.769543228669869e-23, nan 
-4.375, -63.875, 7.803964547000918e-23, nan 
-4.125, -63.875, 8.881603269670994e-23, nan 
-3.875, -63.875, 8.86530448512528e-23, nan 
-3.625, -63.875, 6.982480568009116e-23, nan 
-3.375, -63.875, 5.0219262744815925e-23, nan 
-3.125, -63.875, 5.901195280082499e-23, nan 
-2.875, -63.875, 5.015189451150529e-23, nan 
-2.625, -63.875, 2.4047216890892518e-23, nan 
-2.375, -63.875, 1.4971547194865576e-23, nan 
-2.125, -63.875, 1.7105763606213795e-23, nan 
-1.875, -63.875, 1.2686467778911263e-23, nan 
-1.625, -63.875, 6.435530290458303e-24, nan 
-1.375, -63.875, 5.289291141972254e-24, nan 
-1.125, -63.875, 4.0122524998160325e-24, nan 
-0.875, -63.875, 5.605264709207934e-24, nan 
-0.625, -63.875, 8.966925315252309e-24, nan 
-0.375, -63.875, 7.880240357668515e-24, nan 
-0.125, -63.875, 9.849524542746535e-24, nan 
0.125, -63.875, 1.2735739923031516e-23, nan 
0.375, -63.875, 6.526666129678019e-24, nan 
0.625, -63.875, 1.0435813976155316e-23, nan 
0.875, -63.875, 1.7496073378906308e-23, nan 
-12.875, -63.625, 1.7977198414968484e-23, nan 
-12.625, -63.625, 1.7611764528632717e-23, nan 
-12.375, -63.625, 1.0701313762662287e-23, nan 
-12.125, -63.625, 1.655251381931589e-23, nan 
-11.875, -63.625, 2.012385707804649e-23, nan 
-11.625, -63.625, 1.8005636726646283e-23, nan 
-11.375, -63.625, 1.2337204406114112e-23, nan 
-11.125, -63.625, 1.5910052354059e-23, nan 
-10.875, -63.625, 1.443869201760395e-23, nan 
-10.625, -63.625, 7.716717339038438e-24, nan 
-10.375, -63.625, 6.215696414050225e-24, nan 
-10.125, -63.625, 5.594147244745183e-24, nan 
-9.875, -63.625, 3.176205889212207e-24, nan 
-9.625, -63.625, 1.1028379981547723e-24, nan 
-9.375, -63.625, 4.950247625134146e-24, nan 
-9.125, -63.625, 1.53155899246726e-23, nan 
-8.875, -63.625, 1.011295862266111e-24, nan 
-8.625, -63.625, 1.303529034889917e-24, nan 
-8.375, -63.625, 1.229882507618295e-24, nan 
-8.125, -63.625, 5.954293703989029e-25, nan 
-7.875, -63.625, 2.268573303516483e-24, nan 
-7.625, -63.625, 2.5045443491133457e-24, nan 
-7.375, -63.625, 6.893332184770508e-24, nan 
-7.125, -63.625, 4.979349256276217e-24, nan 
-6.875, -63.625, 3.175229727795964e-24, nan 
-6.625, -63.625, 4.897262454321976e-24, nan 
-6.375, -63.625, 8.309359719471604e-24, nan 
-6.125, -63.625, 6.868737156842577e-24, nan 
-5.875, -63.625, 7.357438382608442e-24, nan 
-5.625, -63.625, 1.4153866697837644e-23, nan 
-5.375, -63.625, 7.796890409055012e-24, nan 
-5.125, -63.625, 4.796672481246527e-24, nan 
-4.875, -63.625, 1.4901948121422283e-23, nan 
-4.625, -63.625, 1.0422991157081856e-23, nan 
-4.375, -63.625, 3.354015657393453e-23, nan 
-4.125, -63.625, 5.062435035759488e-23, nan 
-3.875, -63.625, 5.462330033566149e-23, nan 
-3.625, -63.625, 5.22177857493216e-23, nan 
-3.375, -63.625, 2.1387981787520273e-23, nan 
-3.125, -63.625, 2.260304949245001e-23, nan 
-2.875, -63.625, 2.304937534417181e-23, nan 
-2.625, -63.625, 2.1108572898422613e-23, nan 
-2.375, -63.625, 9.737752928223682e-24, nan 
-2.125, -63.625, 1.9611267034237245e-23, nan 
-1.875, -63.625, 1.4240421106304376e-23, nan 
-1.625, -63.625, 1.2900759858034538e-23, nan 
-1.375, -63.625, 1.8500879755342183e-23, nan 
-1.125, -63.625, 1.445722937968685e-23, nan 
-0.875, -63.625, 1.7493338752729145e-23, nan 
-0.625, -63.625, 1.542336265943764e-23, nan 
-0.375, -63.625, 1.0860298413584257e-23, nan 
-0.125, -63.625, 1.5215706373819232e-23, nan 
0.125, -63.625, 1.983554450098421e-23, nan 
0.375, -63.625, 8.590368784056919e-24, nan 
0.625, -63.625, 1.4366766114062183e-23, nan 
0.875, -63.625, 1.914487000789597e-23, nan 
-12.625, -63.375, 1.119026168566235e-23, nan 
-12.375, -63.375, 1.0095370322961805e-23, nan 
-12.125, -63.375, 1.3458419331379044e-23, nan 
-11.875, -63.375, 1.954962909601715e-23, nan 
-11.625, -63.375, 1.370264771742507e-23, nan 
-11.375, -63.375, 1.4539145361386076e-23, nan 
-11.125, -63.375, 1.884762664036215e-23, nan 
-10.875, -63.375, 1.6530864912967047e-23, nan 
-10.625, -63.375, 9.617438649604395e-24, nan 
-10.375, -63.375, 9.282084604262841e-24, nan 
-10.125, -63.375, 1.2104079985956732e-23, nan 
-9.875, -63.375, 1.5710592887328736e-23, nan 
-9.625, -63.375, 2.3705261079787795e-24, nan 
-9.375, -63.375, 1.0439182742604179e-23, nan 
-9.125, -63.375, 3.355373658670524e-23, nan 
-8.875, -63.375, 4.381825914046593e-24, nan 
-8.625, -63.375, 6.2084391195640406e-24, nan 
-8.375, -63.375, 1.38901557593736e-23, nan 
-8.125, -63.375, 6.464275135660771e-24, nan 
-7.875, -63.375, 5.101637102035519e-24, nan 
-7.625, -63.375, 5.2901379123357064e-24, nan 
-7.375, -63.375, 1.1027118879561057e-23, nan 
-7.125, -63.375, 8.391542874458593e-24, nan 
-6.875, -63.375, 4.10358755439645e-24, nan 
-6.625, -63.375, 6.234119179537397e-24, nan 
-6.375, -63.375, 4.031177113904117e-24, nan 
-6.125, -63.375, 4.4716091914984704e-24, nan 
-5.875, -63.375, 6.936504119272074e-24, nan 
-5.625, -63.375, 1.3938398653178724e-23, nan 
-5.375, -63.375, 8.833726683717764e-24, nan 
-5.125, -63.375, 6.785258248388489e-24, nan 
-4.875, -63.375, 8.48769638292668e-24, nan 
-4.625, -63.375, 1.4956118074337986e-23, nan 
-4.375, -63.375, 1.8518067322004836e-23, nan 
-4.125, -63.375, 2.0014076195545588e-23, nan 
-3.875, -63.375, 2.1552736544062636e-23, nan 
-3.625, -63.375, 2.0840529797733223e-23, nan 
-3.375, -63.375, 2.4161451230719564e-23, nan 
-3.125, -63.375, 1.117233773849916e-23, nan 
-2.875, -63.375, 1.823922456387042e-23, nan 
-2.625, -63.375, 1.4363329135481886e-23, nan 
-2.375, -63.375, 1.4622309214700782e-23, nan 
-2.125, -63.375, 2.144624958778833e-23, nan 
-1.875, -63.375, 2.0348401395777854e-23, nan 
-1.625, -63.375, 2.470801064187363e-23, nan 
-1.375, -63.375, 2.4379672192744687e-23, nan 
-1.125, -63.375, 2.138361642893997e-23, nan 
-0.875, -63.375, 2.743415449221765e-23, nan 
-0.625, -63.375, 9.830316948787446e-24, nan 
-0.375, -63.375, 1.1923092334872585e-23, nan 
-0.125, -63.375, 1.5778556694772894e-23, nan 
0.125, -63.375, 1.994026336681661e-23, nan 
0.375, -63.375, 2.0500212861220953e-23, nan 
0.625, -63.375, 3.391913648986069e-23, nan 
0.875, -63.375, 1.4616898125612464e-23, nan 
-12.625, -63.125, 2.568514624148932e-23, nan 
-12.375, -63.125, 2.3770257241935857e-23, nan 
-12.125, -63.125, 3.5022590384543075e-23, nan 
-11.875, -63.125, 3.4752007013568355e-23, nan 
-11.625, -63.125, 2.305647915838401e-23, nan 
-11.375, -63.125, 2.0931615214452818e-23, nan 
-11.125, -63.125, 3.0213930372062816e-23, nan 
-10.875, -63.125, 2.2692595748447784e-23, nan 
-10.625, -63.125, 9.288239944670072e-24, nan 
-10.375, -63.125, 1.3563072614471068e-23, nan 
-10.125, -63.125, 8.963494034765158e-24, nan 
-9.875, -63.125, 9.506367189107269e-24, nan 
-9.625, -63.125, 3.443565260549962e-24, nan 
-9.375, -63.125, 1.0815079737539992e-23, nan 
-9.125, -63.125, 2.7272733850251777e-23, nan 
-8.875, -63.125, 1.2005537835868412e-23, nan 
-8.625, -63.125, 1.3963458064341305e-23, nan 
-8.375, -63.125, 9.429618195256668e-24, nan 
-8.125, -63.125, 1.3377279643623263e-23, nan 
-7.875, -63.125, 1.4765276367534282e-23, nan 
-7.625, -63.125, 1.220143704366825e-23, nan 
-7.375, -63.125, 9.555487220717349e-24, nan 
-7.125, -63.125, 1.4724758075213066e-23, nan 
-6.875, -63.125, 5.536594479507766e-24, nan 
-6.625, -63.125, 8.361135527807048e-24, nan 
-6.375, -63.125, 1.0215726042055156e-23, nan 
-6.125, -63.125, 6.101712990136031e-24, nan 
-5.875, -63.125, 5.4044651324271096e-24, nan 
-5.625, -63.125, 2.0386937378727315e-24, nan 
-5.375, -63.125, 1.033803708586143e-23, nan 
-5.125, -63.125, 1.3148257036907766e-23, nan 
-4.875, -63.125, 1.1178969065160295e-23, nan 
-4.625, -63.125, 1.844085351697393e-23, nan 
-4.375, -63.125, 2.775170083804877e-23, nan 
-4.125, -63.125, 1.2296183861576892e-23, nan 
-3.875, -63.125, 2.0472189405006327e-23, nan 
-3.625, -63.125, 1.8949409530591265e-23, nan 
-3.375, -63.125, 1.9816062048555705e-23, nan 
-3.125, -63.125, 1.618999501671966e-23, nan 
-2.875, -63.125, 2.4340181439102962e-23, nan 
-2.625, -63.125, 2.0373533359088612e-23, nan 
-2.375, -63.125, 1.745582509163024e-23, nan 
-2.125, -63.125, 1.5976443387693104e-23, nan 
-1.875, -63.125, 2.2528951616686422e-23, nan 
-1.625, -63.125, 3.0522373439207086e-23, nan 
-1.375, -63.125, 2.0864083715347403e-23, nan 
-1.125, -63.125, 9.380293633526797e-24, nan 
-0.875, -63.125, 8.098439158229968e-24, nan 
-0.625, -63.125, 7.484983528230346e-24, nan 
-0.375, -63.125, 1.1798868066483196e-23, nan 
-0.125, -63.125, 1.2212283551998621e-23, nan 
0.125, -63.125, 1.238366096180037e-23, nan 
0.375, -63.125, 4.2307440394664103e-23, nan 
0.625, -63.125, 3.7612926359858634e-23, nan 
0.875, -63.125, 2.9397819072399784e-23, nan 
-12.375, -62.875, 3.4573110375465694e-23, nan 
-12.125, -62.875, 3.5182216544441147e-23, nan 
-11.875, -62.875, 4.8553333899106677e-23, nan 
-11.625, -62.875, 4.2079646168053443e-23, nan 
-11.375, -62.875, 1.346788245623328e-23, nan 
-11.125, -62.875, 3.184135583742939e-23, nan 
-10.875, -62.875, 2.573972649180416e-23, nan 
-10.625, -62.875, 1.0038103329659733e-23, nan 
-10.375, -62.875, 8.31820199698337e-24, nan 
-10.125, -62.875, 7.421545602891036e-24, nan 
-9.875, -62.875, 1.3579449142056735e-23, nan 
-9.625, -62.875, 2.6251374964267388e-23, nan 
-9.375, -62.875, 2.7584999027746026e-23, nan 
-9.125, -62.875, 1.610269234746722e-23, nan 
-8.875, -62.875, 1.710679953322215e-23, nan 
-8.625, -62.875, 1.8959755865905136e-23, nan 
-8.375, -62.875, 2.2959584372693502e-23, nan 
-8.125, -62.875, 3.159352381272042e-23, nan 
-7.875, -62.875, 2.8648318530976e-23, nan 
-7.625, -62.875, 2.9730710477544455e-23, nan 
-7.375, -62.875, 2.8728643127376385e-23, nan 
-7.125, -62.875, 1.658396248198469e-23, nan 
-6.875, -62.875, 1.0005593771342141e-23, nan 
-6.625, -62.875, 1.5819843315229878e-23, nan 
-6.375, -62.875, 1.6155275114351535e-23, nan 
-6.125, -62.875, 1.7413715214840542e-23, nan 
-5.875, -62.875, 1.231621018454846e-23, nan 
-5.625, -62.875, 7.55720471366646e-24, nan 
-5.375, -62.875, 1.8964776645391098e-23, nan 
-5.125, -62.875, 1.4396250173911934e-23, nan 
-4.875, -62.875, 1.1113521471087494e-23, nan 
-4.625, -62.875, 2.9396113099628315e-23, nan 
-4.375, -62.875, 2.1634751828271e-23, nan 
-4.125, -62.875, 2.4458580157280186e-23, nan 
-3.875, -62.875, 3.3087646110730463e-23, nan 
-3.625, -62.875, 1.926319713231141e-23, nan 
-3.375, -62.875, 2.1999075598103864e-23, nan 
-3.125, -62.875, 2.331071859297502e-23, nan 
-2.875, -62.875, 1.878380884558125e-23, nan 
-2.625, -62.875, 2.6295701596956717e-23, nan 
-2.375, -62.875, 2.066990220047699e-23, nan 
-2.125, -62.875, 3.7478162209695706e-23, nan 
-1.875, -62.875, 3.6129397574622465e-23, nan 
-1.625, -62.875, 4.4213537433549174e-23, nan 
-1.375, -62.875, 6.105090935402133e-23, nan 
-1.125, -62.875, 2.9428150907901786e-23, nan 
-0.875, -62.875, 3.0644815474735505e-23, nan 
-0.625, -62.875, 3.8494948959588564e-23, nan 
-0.375, -62.875, 2.261333996866552e-23, nan 
-0.125, -62.875, 2.716769518321159e-23, nan 
0.125, -62.875, 3.3359697238273633e-23, nan 
0.375, -62.875, 6.659521600871255e-23, nan 
0.625, -62.875, 7.777188906809548e-23, nan 
0.875, -62.875, 7.338852660913344e-23, nan 
1.125, -62.875, 1.3050526311132508e-22, nan 
-12.375, -62.625, 2.231123963882198e-23, nan 
-12.125, -62.625, 2.1142774052413674e-23, nan 
-11.875, -62.625, 4.2943303444919294e-23, nan 
-11.625, -62.625, 3.9416163352467607e-23, nan 
-11.375, -62.625, 2.180160739252206e-23, nan 
-11.125, -62.625, 2.1262016250970215e-23, nan 
-10.875, -62.625, 7.828709840720444e-24, nan 
-10.625, -62.625, 1.258480025702214e-23, nan 
-10.375, -62.625, 3.94494196609516e-23, nan 
-10.125, -62.625, 5.11825999581879e-23, nan 
-9.875, -62.625, 2.376013867542661e-23, nan 
-9.625, -62.625, 3.8731963445269324e-23, nan 
-9.375, -62.625, 4.738789732679177e-23, nan 
-9.125, -62.625, 1.94629639278634e-23, nan 
-8.875, -62.625, 2.1508547356042642e-23, nan 
-8.625, -62.625, 2.5166454510220735e-23, nan 
-8.375, -62.625, 3.344065344622847e-23, nan 
-8.125, -62.625, 4.7051637071594517e-23, nan 
-7.875, -62.625, 5.34957220279942e-23, nan 
-7.625, -62.625, 5.796142449787984e-23, nan 
-7.375, -62.625, 6.140487354714794e-23, nan 
-7.125, -62.625, 4.578763337079165e-23, nan 
-6.875, -62.625, 4.6343159452385534e-23, nan 
-6.625, -62.625, 5.996595726541954e-23, nan 
-6.375, -62.625, 3.835309931508742e-23, nan 
-6.125, -62.625, 2.3390666789693816e-23, nan 
-5.875, -62.625, 3.4444600165895734e-23, nan 
-5.625, -62.625, 3.2005076383084083e-23, nan 
-5.375, -62.625, 1.121369974320044e-23, nan 
-5.125, -62.625, 2.707429796075474e-23, nan 
-4.875, -62.625, 3.528842483713825e-23, nan 
-4.625, -62.625, 4.466009332659749e-23, nan 
-4.375, -62.625, 2.4010597434721502e-23, nan 
-4.125, -62.625, 5.719635322048644e-23, nan 
-3.875, -62.625, 6.723478793061853e-23, nan 
-3.625, -62.625, 3.0821544015484995e-23, nan 
-3.375, -62.625, 4.0702622649625727e-23, nan 
-3.125, -62.625, 3.64831377281531e-23, nan 
-2.875, -62.625, 6.387318205681917e-23, nan 
-2.625, -62.625, 6.08924946322961e-23, nan 
-2.375, -62.625, 8.735066993999854e-23, nan 
-2.125, -62.625, 1.180639245271695e-22, nan 
-1.875, -62.625, 8.597808383991023e-23, nan 
-1.625, -62.625, 8.521794088589019e-23, nan 
-1.375, -62.625, 1.6265976388908745e-22, nan 
-1.125, -62.625, 1.248911533466326e-22, nan 
-0.875, -62.625, 1.2022592231962785e-22, nan 
-0.625, -62.625, 1.3736031500609894e-22, nan 
-0.375, -62.625, 1.7649832505903613e-22, nan 
-0.125, -62.625, 1.6116758375100052e-22, nan 
0.125, -62.625, 8.483364517520294e-23, nan 
0.375, -62.625, 1.9956421201212875e-22, nan 
0.625, -62.625, 2.5284631213134657e-22, nan 
0.875, -62.625, 2.004031402458783e-22, nan 
1.125, -62.625, 2.3603420943602164e-22, nan 
-12.125, -62.375, 1.4718515815783248e-23, nan 
-11.875, -62.375, 2.647839112123753e-23, nan 
-11.625, -62.375, 3.494079289451485e-23, nan 
-11.375, -62.375, 4.4672728186939844e-23, nan 
-11.125, -62.375, 7.783992706615923e-23, nan 
-10.875, -62.375, 8.818803416120336e-23, nan 
-10.625, -62.375, 1.0166703373899115e-22, nan 
-10.375, -62.375, 8.504131526901347e-23, nan 
-10.125, -62.375, 9.347230172137264e-23, nan 
-9.875, -62.375, 4.938513608607424e-23, nan 
-9.625, -62.375, 3.1087892823325525e-23, nan 
-9.375, -62.375, 1.9635670520736072e-23, nan 
-9.125, -62.375, 5.20246353207793e-23, nan 
-8.875, -62.375, 6.735558444104409e-23, nan 
-8.625, -62.375, 6.427494990620067e-23, nan 
-8.375, -62.375, 6.399973801198366e-23, nan 
-8.125, -62.375, 9.669077007056264e-23, nan 
-7.875, -62.375, 1.6698449828241241e-22, nan 
-7.625, -62.375, 2.0045016766052516e-22, nan 
-7.375, -62.375, 1.51802703211674e-22, nan 
-7.125, -62.375, 1.6735803660395763e-22, nan 
-6.875, -62.375, 1.71217951338972e-22, nan 
-6.625, -62.375, 1.7541121593274287e-22, nan 
-6.375, -62.375, 1.5253581635905798e-22, nan 
-6.125, -62.375, 9.99202360731239e-23, nan 
-5.875, -62.375, 3.163473672196289e-23, nan 
-5.625, -62.375, 5.546686007513624e-23, nan 
-5.375, -62.375, 4.917969629409245e-23, nan 
-5.125, -62.375, 9.113927344154547e-23, nan 
-4.875, -62.375, 1.2059028467431362e-22, nan 
-4.625, -62.375, 7.935309096450521e-23, nan 
-4.375, -62.375, 1.4946657650938073e-22, nan 
-4.125, -62.375, 1.964230194153793e-22, nan 
-3.875, -62.375, 1.9232870180982455e-22, nan 
-3.625, -62.375, 1.720820756064698e-22, nan 
-3.375, -62.375, 8.992545544422606e-23, nan 
-3.125, -62.375, 3.3712220924323017e-22, nan 
-2.875, -62.375, 3.7651264393887422e-22, nan 
-2.625, -62.375, 2.2748539688011295e-22, nan 
-2.375, -62.375, 6.482433419188373e-22, nan 
-2.125, -62.375, 5.515178893500287e-22, nan 
-1.875, -62.375, 2.7382029087726917e-22, nan 
-1.625, -62.375, 7.37220433032237e-22, nan 
-1.375, -62.375, 8.043930816163911e-22, nan 
-1.125, -62.375, 8.409260621433824e-22, nan 
-0.875, -62.375, 6.950820923873359e-22, nan 
-0.625, -62.375, 1.0326881147143987e-21, nan 
-0.375, -62.375, 2.787621118150594e-21, nan 
-0.125, -62.375, 7.161234487727096e-21, nan 
0.125, -62.375, 8.99854735213057e-21, nan 
0.375, -62.375, 6.203045242853793e-21, nan 
0.625, -62.375, 1.7285588996665664e-21, nan 
0.875, -62.375, 1.900141754900735e-21, nan 
1.125, -62.375, 1.83330682172119e-21, nan 
-12.125, -62.125, 4.2668900213511395e-23, nan 
-11.875, -62.125, 9.264985056579628e-23, nan 
-11.625, -62.125, 1.3230096116608637e-22, nan 
-11.375, -62.125, 1.0056226926550823e-22, nan 
-11.125, -62.125, 2.5250147439974027e-22, nan 
-10.875, -62.125, 3.0375515665413663e-22, nan 
-10.625, -62.125, 3.154708869542713e-22, nan 
-10.375, -62.125, 1.6947733322215275e-22, nan 
-10.125, -62.125, 2.2511698869420407e-22, nan 
-9.875, -62.125, 2.3337246092448976e-22, nan 
-9.625, -62.125, 9.55504944848341e-23, nan 
-9.375, -62.125, 5.512478028483381e-23, nan 
-9.125, -62.125, 1.1554584097881346e-22, nan 
-8.875, -62.125, 1.6394930474692365e-22, nan 
-8.625, -62.125, 1.8335051151206632e-22, nan 
-8.375, -62.125, 1.7333937101361474e-22, nan 
-8.125, -62.125, 2.434054725505909e-22, nan 
-7.875, -62.125, 5.369597047046683e-22, nan 
-7.625, -62.125, 6.744496913595863e-22, nan 
-7.375, -62.125, 6.205678316428563e-22, nan 
-7.125, -62.125, 9.810252553670702e-22, nan 
-6.875, -62.125, 9.780354148311626e-22, nan 
-6.625, -62.125, 7.573029511115526e-22, nan 
-6.375, -62.125, 7.944022665287176e-22, nan 
-6.125, -62.125, 7.870683191684086e-22, nan 
-5.875, -62.125, 8.662343781503422e-22, nan 
-5.625, -62.125, 9.262850165059298e-22, nan 
-5.375, -62.125, 4.182622341756606e-22, nan 
-5.125, -62.125, 5.422400516692851e-22, nan 
-4.875, -62.125, 9.760026052711714e-22, nan 
-4.625, -62.125, 7.470104140300333e-22, nan 
-4.375, -62.125, 1.0045460691901468e-21, nan 
-4.125, -62.125, 2.42580643833396e-21, nan 
-3.875, -62.125, 3.752253970006017e-21, nan 
-3.625, -62.125, 5.824467029649368e-21, nan 
-3.375, -62.125, 4.0959457615921655e-21, nan 
-3.125, -62.125, 6.950671302058424e-21, nan 
-2.875, -62.125, 1.061163705220043e-20, nan 
-2.625, -62.125, 1.4777240854144843e-20, nan 
-2.375, -62.125, 1.4811141221856944e-20, nan 
-2.125, -62.125, 3.64616871711027e-20, nan 
-1.875, -62.125, 2.1788799769115592e-20, nan 
-1.625, -62.125, 3.696198218968809e-20, nan 
-1.375, -62.125, 6.504500236186185e-20, nan 
-1.125, -62.125, 3.430905187492154e-20, nan 
-0.875, -62.125, 1.5229627827041832e-19, nan 
-0.625, -62.125, 1.4852677239478062e-19, nan 
-0.375, -62.125, 8.965325742814595e-20, nan 
-0.125, -62.125, 1.3626829561366738e-19, nan 
0.125, -62.125, 1.2502557201552699e-19, nan 
0.375, -62.125, 6.194539061806522e-20, nan 
0.625, -62.125, 4.700721735141404e-20, nan 
0.875, -62.125, 4.27634248274536e-20, nan 
1.125, -62.125, 1.4448284616588293e-20, nan 
-11.875, -61.875, 6.743952586920984e-23, nan 
-11.625, -61.875, 5.857892920803342e-23, nan 
-11.375, -61.875, 4.619989046117581e-23, nan 
-11.125, -61.875, 3.8766379898183623e-22, nan 
-10.875, -61.875, 4.2169208596116053e-22, nan 
-10.625, -61.875, 4.601862594775643e-22, nan 
-10.375, -61.875, 1.4527350955707361e-22, nan 
-10.125, -61.875, 2.865925890134088e-22, nan 
-9.875, -61.875, 2.705753262918729e-22, nan 
-9.625, -61.875, 2.6305147749690947e-22, nan 
-9.375, -61.875, 2.529280086550965e-22, nan 
-9.125, -61.875, 3.8523955278265453e-22, nan 
-8.875, -61.875, 5.492874667431272e-22, nan 
-8.625, -61.875, 5.548393003993608e-22, nan 
-8.375, -61.875, 9.04456298050085e-22, nan 
-8.125, -61.875, 1.193470958406868e-21, nan 
-7.875, -61.875, 1.6943866827873686e-21, nan 
-7.625, -61.875, 3.1568919303202164e-21, nan 
-7.375, -61.875, 6.282666388090218e-21, nan 
-7.125, -61.875, 1.051354548068813e-20, nan 
-6.875, -61.875, 1.4412543177075976e-20, nan 
-6.625, -61.875, 1.9560498034652647e-20, nan 
-6.375, -61.875, 3.697927349575215e-20, nan 
-6.125, -61.875, 4.7889700179663235e-20, nan 
-5.875, -61.875, 5.885336293320255e-20, nan 
-5.625, -61.875, 1.4974074653115962e-19, nan 
-5.375, -61.875, 5.474629634944259e-19, nan 
-5.125, -61.875, 4.727360487947654e-18, nan 
-4.875, -61.875, 7.825536905535317e-18, nan 
-4.625, -61.875, 1.8700022647013013e-18, nan 
-4.375, -61.875, 2.6262004495929695e-19, nan 
-4.125, -61.875, 4.231549161731019e-20, nan 
-3.875, -61.875, 5.0311515061728074e-20, nan 
-3.625, -61.875, 4.113441726449884e-20, nan 
-3.375, -61.875, 8.680734150853374e-21, nan 
-3.125, -61.875, 6.278045826158481e-21, nan 
-2.875, -61.875, 5.0408118088903325e-21, nan 
-2.625, -61.875, 5.8282808732820225e-21, nan 
-2.375, -61.875, 2.059917801461988e-21, nan 
-2.125, -61.875, 1.8742970542383856e-21, nan 
-1.875, -61.875, 1.744107368765989e-21, nan 
-1.625, -61.875, 1.2083921833337727e-21, nan 
-1.375, -61.875, 1.063189737874703e-21, nan 
-1.125, -61.875, 3.315759737166185e-22, nan 
-0.875, -61.875, 3.4482681159981077e-22, nan 
-0.625, -61.875, 1.0019719958049494e-21, nan 
-0.375, -61.875, 2.6914591168686413e-22, nan 
-0.125, -61.875, 2.4308648892070217e-21, nan 
0.125, -61.875, 1.847882219865508e-21, nan 
0.375, -61.875, 1.1732800006731788e-21, nan 
0.625, -61.875, 5.15799768839052e-22, nan 
0.875, -61.875, 3.3809043146759706e-22, nan 
1.125, -61.875, 9.018021806679592e-22, nan 
-11.875, -61.625, 2.6084938116019846e-22, nan 
-11.625, -61.625, 2.3907084803482415e-22, nan 
-11.375, -61.625, 3.080457388146267e-22, nan 
-11.125, -61.625, 2.786741942240929e-22, nan 
-10.875, -61.625, 5.535619967893668e-22, nan 
-10.625, -61.625, 4.244957256804261e-22, nan 
-10.375, -61.625, 2.842065592767134e-22, nan 
-10.125, -61.625, 7.562065687822655e-22, nan 
-9.875, -61.625, 5.160644069279545e-22, nan 
-9.625, -61.625, 9.26725456137393e-22, nan 
-9.375, -61.625, 1.9271688932068445e-21, nan 
-9.125, -61.625, 3.2350880153425226e-21, nan 
-8.875, -61.625, 7.928096359869178e-21, nan 
-8.625, -61.625, 1.2130470933358308e-20, nan 
-8.375, -61.625, 2.828103239356988e-20, nan 
-8.125, -61.625, 6.484808603576834e-20, nan 
-7.875, -61.625, 1.435123797566963e-19, nan 
-7.625, -61.625, 2.0388239999578577e-19, nan 
-7.375, -61.625, 2.381833369458355e-19, nan 
-7.125, -61.625, 1.5405565163071184e-19, nan 
-6.875, -61.625, 8.425457945320571e-20, nan 
-6.625, -61.625, 1.7888782597774687e-20, nan 
-6.375, -61.625, 1.886058873437217e-20, nan 
-6.125, -61.625, 1.41907809560978e-20, nan 
-5.875, -61.625, 1.044199856150704e-20, nan 
-5.625, -61.625, 6.701878812095141e-21, nan 
-5.375, -61.625, 4.3797522775190534e-21, nan 
-5.125, -61.625, 1.0673784039226425e-21, nan 
-4.875, -61.625, 9.489068782248433e-22, nan 
-4.625, -61.625, 1.3155755387697538e-21, nan 
-4.375, -61.625, 5.179350350008035e-22, nan 
-4.125, -61.625, 4.732756198645434e-22, nan 
-3.875, -61.625, 8.459128205747357e-22, nan 
-3.625, -61.625, 6.360772223626244e-22, nan 
-3.375, -61.625, 2.652727171515325e-22, nan 
-3.125, -61.625, 3.125016036885073e-22, nan 
-2.875, -61.625, 3.0083060639151833e-22, nan 
-2.625, -61.625, 2.9938576633125976e-22, nan 
-2.375, -61.625, 2.013414030880081e-22, nan 
-2.125, -61.625, 1.1476333834914945e-22, nan 
-1.875, -61.625, 1.0643901619099496e-22, nan 
-1.625, -61.625, 1.7484037013587804e-22, nan 
-1.375, -61.625, 1.5266767779283335e-22, nan 
-1.125, -61.625, 6.185284828081511e-23, nan 
-0.875, -61.625, 9.750740170906958e-23, nan 
-0.625, -61.625, 8.459166811646681e-23, nan 
-0.375, -61.625, 7.260268077210655e-23, nan 
-0.125, -61.625, 1.3252134800915182e-22, nan 
0.125, -61.625, 2.3439184451158297e-22, nan 
0.375, -61.625, 9.307171961088174e-23, nan 
0.625, -61.625, 1.344377365607661e-22, nan 
0.875, -61.625, 1.0920674945904035e-22, nan 
1.125, -61.625, 2.6101889756147176e-22, nan 
-11.625, -61.375, 2.8604920802755214e-21, nan 
-11.375, -61.375, 4.53923578089554e-21, nan 
-11.125, -61.375, 5.748139329611303e-21, nan 
-10.875, -61.375, 9.811265762986966e-21, nan 
-10.625, -61.375, 1.8351323764887596e-20, nan 
-10.375, -61.375, 2.7370796312819057e-20, nan 
-10.125, -61.375, 2.713215244798751e-20, nan 
-9.875, -61.375, 2.7468542047137893e-20, nan 
-9.625, -61.375, 3.330097453106366e-20, nan 
-9.375, -61.375, 1.6735806560849e-20, nan 
-9.125, -61.375, 4.91314409451165e-21, nan 
-8.875, -61.375, 4.348029858080351e-21, nan 
-8.625, -61.375, 3.7255590343953345e-21, nan 
-8.375, -61.375, 3.2882704339136807e-21, nan 
-8.125, -61.375, 2.5028218021346356e-21, nan 
-7.875, -61.375, 2.49604220721893e-21, nan 
-7.625, -61.375, 2.112497180127875e-21, nan 
-7.375, -61.375, 1.778419224268243e-21, nan 
-7.125, -61.375, 2.3077766834907584e-21, nan 
-6.875, -61.375, 2.3855241643178165e-21, nan 
-6.625, -61.375, 9.08842444937228e-22, nan 
-6.375, -61.375, 1.3544758173941568e-21, nan 
-6.125, -61.375, 1.4894915547634928e-21, nan 
-5.875, -61.375, 1.1865289712028946e-21, nan 
-5.625, -61.375, 8.064046639101576e-22, nan 
-5.375, -61.375, 5.871107711174437e-22, nan 
-5.125, -61.375, 4.806910362730311e-22, nan 
-4.875, -61.375, 4.277777321383011e-22, nan 
-4.625, -61.375, 2.706603220708204e-22, nan 
-4.375, -61.375, 1.7079146022293709e-22, nan 
-4.125, -61.375, 1.0151956500246463e-22, nan 
-3.875, -61.375, 2.0302194299712084e-22, nan 
-3.625, -61.375, 1.0967158110550861e-22, nan 
-3.375, -61.375, 6.537634368596047e-23, nan 
-3.125, -61.375, 5.0132748614840175e-23, nan 
-2.875, -61.375, 7.829152874665114e-23, nan 
-2.625, -61.375, 4.66305236278822e-23, nan 
-2.375, -61.375, 4.416264630996579e-23, nan 
-2.125, -61.375, 4.063858696895427e-23, nan 
-1.875, -61.375, 3.548682396564903e-23, nan 
-1.625, -61.375, 5.514492698752307e-23, nan 
-1.375, -61.375, 4.575598857640361e-23, nan 
-1.125, -61.375, 2.5947421699731794e-23, nan 
-0.875, -61.375, 3.8619178695210374e-23, nan 
-0.625, -61.375, 3.831177495047481e-23, nan 
-0.375, -61.375, 2.900594048642322e-23, nan 
-0.125, -61.375, 3.0277235570474513e-23, nan 
0.125, -61.375, 4.664353495184518e-23, nan 
0.375, -61.375, 4.9870200926466974e-23, nan 
0.625, -61.375, 4.752327444440087e-23, nan 
0.875, -61.375, 3.658616864863218e-23, nan 
1.125, -61.375, 4.078191468515986e-23, nan 
1.375, -61.375, 2.9345444745519564e-23, nan 
-11.375, -61.125, 1.3696715820380923e-20, nan 
-11.125, -61.125, 6.4690726429411925e-21, nan 
-10.875, -61.125, 2.9601050569198327e-21, nan 
-10.625, -61.125, 2.555068457342658e-21, nan 
-10.375, -61.125, 1.403598839451295e-21, nan 
-10.125, -61.125, 8.563283234473515e-22, nan 
-9.875, -61.125, 3.0582626266642704e-22, nan 
-9.625, -61.125, 4.674452673057305e-22, nan 
-9.375, -61.125, 6.23352069536089e-22, nan 
-9.125, -61.125, 1.893446079274052e-22, nan 
-8.875, -61.125, 3.213862183171773e-22, nan 
-8.625, -61.125, 4.123157181691126e-22, nan 
-8.375, -61.125, 2.749276352116941e-22, nan 
-8.125, -61.125, 3.145083900342245e-22, nan 
-7.875, -61.125, 2.2345249862585577e-22, nan 
-7.625, -61.125, 2.4011296119328124e-22, nan 
-7.375, -61.125, 1.9653511572318983e-22, nan 
-7.125, -61.125, 1.5599228450708177e-22, nan 
-6.875, -61.125, 1.997118128408407e-22, nan 
-6.625, -61.125, 1.933529809767863e-22, nan 
-6.375, -61.125, 1.8053164301547094e-22, nan 
-6.125, -61.125, 1.9095190742227517e-22, nan 
-5.875, -61.125, 2.5515043562568154e-22, nan 
-5.625, -61.125, 4.739021802450116e-22, nan 
-5.375, -61.125, 3.380833464653059e-22, nan 
-5.125, -61.125, 2.497305360880669e-22, nan 
-4.875, -61.125, 1.9648506424434245e-22, nan 
-4.625, -61.125, 5.6756791349096e-23, nan 
-4.375, -61.125, 2.0721254900296343e-22, nan 
-4.125, -61.125, 2.3367075879285046e-22, nan 
-3.875, -61.125, 7.339606718758928e-23, nan 
-3.625, -61.125, 2.5312440575773147e-23, nan 
-3.375, -61.125, 4.882061921788104e-23, nan 
-3.125, -61.125, 4.5443928252565614e-23, nan 
-2.875, -61.125, 1.921024645296788e-23, nan 
-2.625, -61.125, 1.8587399934190026e-23, nan 
-2.375, -61.125, 1.7543283202037424e-23, nan 
-2.125, -61.125, 1.8011206451920424e-23, nan 
-1.875, -61.125, 1.6770390927002623e-23, nan 
-1.625, -61.125, 2.434457543511173e-23, nan 
-1.375, -61.125, 2.5290542946007958e-23, nan 
-1.125, -61.125, 7.231396051122913e-24, nan 
-0.875, -61.125, 1.0260554024201071e-23, nan 
-0.625, -61.125, 1.1775708641116305e-23, nan 
-0.375, -61.125, 1.1850896056306052e-23, nan 
-0.125, -61.125, 1.5488236636538574e-23, nan 
0.125, -61.125, 1.4817125601549753e-23, nan 
0.375, -61.125, 1.8568861126919585e-23, nan 
0.625, -61.125, 3.183111018370113e-23, nan 
0.875, -61.125, 3.7431696834852725e-23, nan 
1.125, -61.125, 2.2470079638032664e-23, nan 
1.375, -61.125, 2.697584280896182e-23, nan 
-11.375, -60.875, 9.085508155341917e-22, nan 
-11.125, -60.875, 4.521273436490211e-22, nan 
-10.875, -60.875, 3.1428988069434794e-22, nan 
-10.625, -60.875, 1.7629194041279763e-22, nan 
-10.375, -60.875, 1.5518763244588797e-22, nan 
-10.125, -60.875, 9.369478779310321e-23, nan 
-9.875, -60.875, 1.083067396242695e-22, nan 
-9.625, -60.875, 1.5813461210799958e-22, nan 
-9.375, -60.875, 1.1294648430324653e-22, nan 
-9.125, -60.875, 4.1083296780749667e-23, nan 
-8.875, -60.875, 9.228307362678581e-23, nan 
-8.625, -60.875, 1.0790610531970063e-22, nan 
-8.375, -60.875, 9.544048886459442e-23, nan 
-8.125, -60.875, 7.504972642445916e-23, nan 
-7.875, -60.875, 3.2433886349285736e-23, nan 
-7.625, -60.875, 7.205377109683736e-23, nan 
-7.375, -60.875, 7.043142745490787e-23, nan 
-7.125, -60.875, 5.869163074561667e-23, nan 
-6.875, -60.875, 7.831428852002297e-23, nan 
-6.625, -60.875, 9.375257286605546e-23, nan 
-6.375, -60.875, 1.3532389267033127e-22, nan 
-6.125, -60.875, 1.513703606285764e-22, nan 
-5.875, -60.875, 1.7277993833028613e-22, nan 
-5.625, -60.875, 2.438769597084274e-22, nan 
-5.375, -60.875, 2.281945723753028e-22, nan 
-5.125, -60.875, 1.606554619750498e-22, nan 
-4.875, -60.875, 1.1320509361063482e-22, nan 
-4.625, -60.875, 7.593387781011517e-23, nan 
-4.375, -60.875, 1.8513815091452913e-22, nan 
-4.125, -60.875, 1.8111572108703497e-22, nan 
-3.875, -60.875, 3.854615097211767e-23, nan 
-3.625, -60.875, 6.895916141058145e-23, nan 
-3.375, -60.875, 5.0987182527344495e-23, nan 
-3.125, -60.875, 2.624641762785423e-23, nan 
-2.875, -60.875, 1.226295003068006e-23, nan 
-2.625, -60.875, 1.9097432767706677e-23, nan 
-2.375, -60.875, 2.7243979232767606e-23, nan 
-2.125, -60.875, 1.3547784782748295e-23, nan 
-1.875, -60.875, 8.727537169852374e-24, nan 
-1.625, -60.875, 1.1993076304431671e-23, nan 
-1.375, -60.875, 1.0776753205628135e-23, nan 
-1.125, -60.875, 1.0011635187652451e-23, nan 
-0.875, -60.875, 1.1367719684444082e-23, nan 
-0.625, -60.875, 2.4570044108600712e-24, nan 
-0.375, -60.875, 1.254792037280447e-23, nan 
-0.125, -60.875, 1.7315178992292717e-23, nan 
0.125, -60.875, 1.049188018854389e-23, nan 
0.375, -60.875, 9.483868564966047e-24, nan 
0.625, -60.875, 1.7525404117423285e-23, nan 
0.875, -60.875, 2.9729236569554364e-23, nan 
1.125, -60.875, 1.575353682111629e-23, nan 
1.375, -60.875, 1.6622491441668065e-23, nan 
-11.125, -60.625, 1.157821285157448e-22, nan 
-10.875, -60.625, 8.50309077617826e-23, nan 
-10.625, -60.625, 5.636110793477806e-23, nan 
-10.375, -60.625, 6.819393034171372e-23, nan 
-10.125, -60.625, 2.2204858167968645e-23, nan 
-9.875, -60.625, 5.384990663229604e-23, nan 
-9.625, -60.625, 9.154957571481955e-23, nan 
-9.375, -60.625, 6.836249224198018e-23, nan 
-9.125, -60.625, 3.990213493012051e-23, nan 
-8.875, -60.625, 6.462853676691198e-23, nan 
-8.625, -60.625, 6.291139890033905e-23, nan 
-8.375, -60.625, 3.8941855039058844e-23, nan 
-8.125, -60.625, 4.22276159187282e-23, nan 
-7.875, -60.625, 3.5366839529100915e-23, nan 
-7.625, -60.625, 2.011609376744093e-23, nan 
-7.375, -60.625, 3.3523635076168046e-23, nan 
-7.125, -60.625, 3.2413758967160974e-23, nan 
-6.875, -60.625, 4.9927514433366787e-23, nan 
-6.625, -60.625, 4.842658701362872e-23, nan 
-6.375, -60.625, 8.345624887697999e-23, nan 
-6.125, -60.625, 1.001674064203459e-22, nan 
-5.875, -60.625, 9.090961729343975e-23, nan 
-5.625, -60.625, 1.3399758021318945e-22, nan 
-5.375, -60.625, 1.42947723060711e-22, nan 
-5.125, -60.625, 1.254348415564522e-22, nan 
-4.875, -60.625, 8.711379300223109e-23, nan 
-4.625, -60.625, 6.064750543447354e-23, nan 
-4.375, -60.625, 9.56485063928842e-23, nan 
-4.125, -60.625, 7.624554084694019e-23, nan 
-3.875, -60.625, 2.133012753598002e-23, nan 
-3.625, -60.625, 1.1856228522847379e-23, nan 
-3.375, -60.625, 1.2502215125446344e-23, nan 
-3.125, -60.625, 1.6138035112289206e-23, nan 
-2.875, -60.625, 9.479706130824228e-24, nan 
-2.625, -60.625, 1.7432352210291342e-23, nan 
-2.375, -60.625, 2.752396343374424e-23, nan 
-2.125, -60.625, 1.3181272882779686e-23, nan 
-1.875, -60.625, 1.2365882584859217e-23, nan 
-1.625, -60.625, 1.6777017428133964e-23, nan 
-1.375, -60.625, 2.5730178050800333e-23, nan 
-1.125, -60.625, 1.46692167972011e-23, nan 
-0.875, -60.625, 5.688584599627653e-24, nan 
-0.625, -60.625, 4.599848503163185e-24, nan 
-0.375, -60.625, 7.436290052425561e-24, nan 
-0.125, -60.625, 8.5519324605388e-24, nan 
0.125, -60.625, 1.2618629423713832e-23, nan 
0.375, -60.625, 1.5711049063743255e-23, nan 
0.625, -60.625, 1.4754137703880174e-23, nan 
0.875, -60.625, 2.590539172096921e-23, nan 
1.125, -60.625, 1.3308883144331463e-23, nan 
1.375, -60.625, 1.2926864919338494e-23, nan 
-11.125, -60.375, 2.0372509872516447e-23, nan 
-10.875, -60.375, 2.269332289599258e-23, nan 
-10.625, -60.375, 3.7291606233486614e-23, nan 
-10.375, -60.375, 4.278020665840094e-23, nan 
-10.125, -60.375, 2.3833154885230144e-23, nan 
-9.875, -60.375, 2.5436805630289697e-23, nan 
-9.625, -60.375, 4.1580535340830755e-23, nan 
-9.375, -60.375, 3.191339929844426e-23, nan 
-9.125, -60.375, 3.7043507510274256e-23, nan 
-8.875, -60.375, 4.6856904371224445e-23, nan 
-8.625, -60.375, 4.3179308966369905e-23, nan 
-8.375, -60.375, 8.391603756341998e-23, nan 
-8.125, -60.375, 9.538526780673781e-23, nan 
-7.875, -60.375, 8.096729320261355e-23, nan 
-7.625, -60.375, 3.91576312461756e-23, nan 
-7.375, -60.375, 2.5424265985897458e-23, nan 
-7.125, -60.375, 3.104055923992294e-23, nan 
-6.875, -60.375, 1.881682828132421e-23, nan 
-6.625, -60.375, 1.9392673994977405e-23, nan 
-6.375, -60.375, 2.0341294996333677e-23, nan 
-6.125, -60.375, 2.0774629108543562e-23, nan 
-5.875, -60.375, 2.3525367713279662e-23, nan 
-5.625, -60.375, 8.808996594129342e-23, nan 
-5.375, -60.375, 7.159592947852808e-23, nan 
-5.125, -60.375, 6.74825545125786e-23, nan 
-4.875, -60.375, 5.227636473651635e-23, nan 
-4.625, -60.375, 8.75763402736863e-24, nan 
-4.375, -60.375, 1.130393878541542e-23, nan 
-4.125, -60.375, 1.3657319783427273e-23, nan 
-3.875, -60.375, 1.2462641295050128e-23, nan 
-3.625, -60.375, 9.468156926746409e-24, nan 
-3.375, -60.375, 1.4511554662827548e-23, nan 
-3.125, -60.375, 1.909191000989239e-23, nan 
-2.875, -60.375, 1.4428340352768255e-23, nan 
-2.625, -60.375, 9.171230470806292e-24, nan 
-2.375, -60.375, 1.951316132316748e-23, nan 
-2.125, -60.375, 2.4542234261123653e-23, nan 
-1.875, -60.375, 7.082726991487705e-24, nan 
-1.625, -60.375, 1.1950439989547769e-23, nan 
-1.375, -60.375, 4.361622541623399e-23, nan 
-1.125, -60.375, 1.3439858476934965e-23, nan 
-0.875, -60.375, 4.482036891005837e-24, nan 
-0.625, -60.375, 1.6852810886992196e-23, nan 
-0.375, -60.375, 1.32665953637675e-23, nan 
-0.125, -60.375, 7.298054615805114e-24, nan 
0.125, -60.375, 1.6616300599449945e-23, nan 
0.375, -60.375, 2.183615535137931e-23, nan 
0.625, -60.375, 2.3024292472904042e-23, nan 
0.875, -60.375, 1.9837329911588327e-23, nan 
1.125, -60.375, 1.5088325328858986e-23, nan 
1.375, -60.375, 2.069429053490719e-23, nan 
-10.875, -60.125, 2.0029118222204934e-23, nan 
-10.625, -60.125, 3.45053998700273e-23, nan 
-10.375, -60.125, 2.1074378058338837e-23, nan 
-10.125, -60.125, 1.474870960791301e-23, nan 
-9.875, -60.125, 1.681832694709895e-23, nan 
-9.625, -60.125, 3.7890713959092485e-23, nan 
-9.375, -60.125, 1.863261290648116e-23, nan 
-9.125, -60.125, 2.1001666294870627e-23, nan 
-8.875, -60.125, 4.7335584847949774e-23, nan 
-8.625, -60.125, 1.082573889510088e-22, nan 
-8.375, -60.125, 1.259690694991784e-22, nan 
-8.125, -60.125, 1.3575121702548664e-22, nan 
-7.875, -60.125, 1.344970699437123e-22, nan 
-7.625, -60.125, 9.48124287800344e-23, nan 
-7.375, -60.125, 5.078897940489047e-23, nan 
-7.125, -60.125, 2.3305618289322996e-23, nan 
-6.875, -60.125, 1.857650037933898e-23, nan 
-6.625, -60.125, 9.680412707376056e-24, nan 
-6.375, -60.125, 9.264278601999445e-24, nan 
-6.125, -60.125, 2.50973999210858e-23, nan 
-5.875, -60.125, 6.808020032141685e-24, nan 
-5.625, -60.125, 1.9672494894196303e-23, nan 
-5.375, -60.125, 2.0261497040673377e-23, nan 
-5.125, -60.125, 2.3791587251552848e-23, nan 
-4.875, -60.125, 1.9059268594851517e-23, nan 
-4.625, -60.125, 1.591966272788665e-23, nan 
-4.375, -60.125, 1.6791976967765066e-23, nan 
-4.125, -60.125, 1.2844115294692137e-23, nan 
-3.875, -60.125, 1.0560324709645309e-23, nan 
-3.625, -60.125, 7.981560715582054e-24, nan 
-3.375, -60.125, 1.2583618279410513e-23, nan 
-3.125, -60.125, 2.609059936359946e-23, nan 
-2.875, -60.125, 3.274574220149764e-23, nan 
-2.625, -60.125, 1.350495717405724e-23, nan 
-2.375, -60.125, 1.1178012055087754e-23, nan 
-2.125, -60.125, 6.918793117630059e-24, nan 
-1.875, -60.125, 1.0026996655232417e-23, nan 
-1.625, -60.125, 1.083325088122038e-23, nan 
-1.375, -60.125, 2.650749014402221e-23, nan 
-1.125, -60.125, 1.0153116017175514e-23, nan 
-0.875, -60.125, 5.861731355766911e-24, nan 
-0.625, -60.125, 1.1551810258708195e-23, nan 
-0.375, -60.125, 1.3805139591310935e-23, nan 
-0.125, -60.125, 1.0966545099695205e-23, nan 
0.125, -60.125, 2.3251011013578734e-23, nan 
0.375, -60.125, 1.8185947599399198e-23, nan 
0.625, -60.125, 1.364360041417912e-23, nan 
0.875, -60.125, 2.594826352404697e-23, nan 
1.125, -60.125, 1.9312999222646125e-23, nan 
1.375, -60.125, 3.697899201236786e-23, nan 
-10.625, -59.875, 4.155918691309053e-23, nan 
-10.375, -59.875, 3.076772931745088e-23, nan 
-10.125, -59.875, 1.3530605458828475e-23, nan 
-9.875, -59.875, 2.3988207560925243e-23, nan 
-9.625, -59.875, 1.8001314044651825e-23, nan 
-9.375, -59.875, 5.1265263459974094e-23, nan 
-9.125, -59.875, 5.488178430010676e-23, nan 
-8.875, -59.875, 1.3606560380284218e-22, nan 
-8.625, -59.875, 1.5117045603622822e-22, nan 
-8.375, -59.875, 9.790938904801242e-23, nan 
-8.125, -59.875, 9.325865629647918e-23, nan 
-7.875, -59.875, 1.1994928103634031e-22, nan 
-7.625, -59.875, 1.4540929938504828e-22, nan 
-7.375, -59.875, 1.7132831299441295e-22, nan 
-7.125, -59.875, 1.1396222614339712e-22, nan 
-6.875, -59.875, 1.6975615566414216e-23, nan 
-6.625, -59.875, 9.64278716554837e-24, nan 
-6.375, -59.875, 3.335422976930598e-23, nan 
-6.125, -59.875, 5.835497233041932e-23, nan 
-5.875, -59.875, 4.155106584589771e-23, nan 
-5.625, -59.875, 1.8318377204841472e-23, nan 
-5.375, -59.875, 3.2416186637163234e-23, nan 
-5.125, -59.875, 3.253959567553208e-23, nan 
-4.875, -59.875, 1.9684235787922267e-23, nan 
-4.625, -59.875, 9.031019546576489e-24, nan 
-4.375, -59.875, 1.585083025522127e-23, nan 
-4.125, -59.875, 1.5027551195875566e-23, nan 
-3.875, -59.875, 1.6022165184703432e-23, nan 
-3.625, -59.875, 2.0623747989125017e-23, nan 
-3.375, -59.875, 2.750907634117037e-23, nan 
-3.125, -59.875, 4.220546086593323e-23, nan 
-2.875, -59.875, 4.40327056424127e-23, nan 
-2.625, -59.875, 2.7381188297980415e-23, nan 
-2.375, -59.875, 2.861266620845299e-23, nan 
-2.125, -59.875, 2.4512416439887907e-23, nan 
-1.875, -59.875, 1.3842235733856352e-23, nan 
-1.625, -59.875, 1.57546558781102e-23, nan 
-1.375, -59.875, 8.275687911433992e-24, nan 
-1.125, -59.875, 1.2874654706562555e-23, nan 
-0.875, -59.875, 1.6917772282112958e-23, nan 
-0.625, -59.875, 1.7414670747630046e-23, nan 
-0.375, -59.875, 2.1172244616237015e-23, nan 
-0.125, -59.875, 3.0044079227077796e-23, nan 
0.125, -59.875, 3.282087715349979e-23, nan 
0.375, -59.875, 3.989218724041985e-23, nan 
0.625, -59.875, 3.853536981827414e-23, nan 
0.875, -59.875, 1.356943266007961e-23, nan 
1.125, -59.875, 8.543507029148796e-23, nan 
1.375, -59.875, 1.4516466006707616e-22, nan 
-10.625, -59.625, 2.938047757424965e-23, nan 
-10.375, -59.625, 5.0665405636991924e-23, nan 
-10.125, -59.625, 4.35544970940607e-23, nan 
-9.875, -59.625, 1.4328951368538062e-23, nan 
-9.625, -59.625, 5.2655201350373376e-24, nan 
-9.375, -59.625, 1.6065885754079616e-23, nan 
-9.125, -59.625, 2.650270612383382e-23, nan 
-8.875, -59.625, 1.1522357342138747e-22, nan 
-8.625, -59.625, 1.2536669360362213e-22, nan 
-8.375, -59.625, 9.773172437342299e-23, nan 
-8.125, -59.625, 1.1251683528349845e-22, nan 
-7.875, -59.625, 1.0098767784693721e-22, nan 
-7.625, -59.625, 1.6490041854069696e-22, nan 
-7.375, -59.625, 1.4826748183899313e-22, nan 
-7.125, -59.625, 5.049135975182788e-23, nan 
-6.875, -59.625, 1.7901701853729133e-23, nan 
-6.625, -59.625, 1.2410858574358001e-23, nan 
-6.375, -59.625, 8.928492457890605e-24, nan 
-6.125, -59.625, 1.6175987307873312e-23, nan 
-5.875, -59.625, 1.2219371968670626e-23, nan 
-5.625, -59.625, 1.9476194001598275e-23, nan 
-5.375, -59.625, 2.1603870369230314e-23, nan 
-5.125, -59.625, 9.938081075217308e-24, nan 
-4.875, -59.625, 2.931636652853043e-24, nan 
-4.625, -59.625, 1.7615993736399966e-23, nan 
-4.375, -59.625, 2.085290083720516e-23, nan 
-4.125, -59.625, 1.3284838476718418e-23, nan 
-3.875, -59.625, 1.1123830565880652e-23, nan 
-3.625, -59.625, 1.4940803778755597e-23, nan 
-3.375, -59.625, 1.7684278632932285e-23, nan 
-3.125, -59.625, 3.5434776559043636e-23, nan 
-2.875, -59.625, 5.38767376004183e-23, nan 
-2.625, -59.625, 5.265857613683359e-23, nan 
-2.375, -59.625, 4.106353446680727e-23, nan 
-2.125, -59.625, 3.0996653193001485e-23, nan 
-1.875, -59.625, 3.6543816368792445e-23, nan 
-1.625, -59.625, 2.88201938000586e-23, nan 
-1.375, -59.625, 3.1536972849193104e-23, nan 
-1.125, -59.625, 2.3887136367122416e-23, nan 
-0.875, -59.625, 1.9080792678241194e-23, nan 
-0.625, -59.625, 2.1839029796389192e-23, nan 
-0.375, -59.625, 2.0105964730325822e-23, nan 
-0.125, -59.625, 1.3332263402672473e-23, nan 
0.125, -59.625, 2.1084863186018477e-23, nan 
0.375, -59.625, 3.3529011140717207e-23, nan 
0.625, -59.625, 2.9175877243854136e-23, nan 
0.875, -59.625, 8.600969912293807e-24, nan 
1.125, -59.625, 3.101686938032566e-24, nan 
1.375, -59.625, 3.832148506328931e-23, nan 
-10.375, -59.375, 3.075133324591115e-23, nan 
-10.125, -59.375, 2.5742667775301236e-23, nan 
-9.875, -59.375, 1.2509982146064722e-23, nan 
-9.625, -59.375, 5.833322404990291e-24, nan 
-9.375, -59.375, 4.655260250338487e-24, nan 
-9.125, -59.375, 1.6787657229094345e-23, nan 
-8.875, -59.375, 2.5672272400059126e-23, nan 
-8.625, -59.375, 6.25762179602868e-23, nan 
-8.375, -59.375, 8.364688172898938e-23, nan 
-8.125, -59.375, 1.0320839543461602e-22, nan 
-7.875, -59.375, 8.256396865814078e-23, nan 
-7.625, -59.375, 6.747441673321885e-23, nan 
-7.375, -59.375, 1.8545236879574368e-23, nan 
-7.125, -59.375, 1.630846796108911e-23, nan 
-6.875, -59.375, 8.25940232315003e-24, nan 
-6.625, -59.375, 1.4045551793900678e-23, nan 
-6.375, -59.375, 1.4617256782793546e-23, nan 
-6.125, -59.375, 9.971737586212729e-24, nan 
-5.875, -59.375, 1.0668530189355437e-23, nan 
-5.625, -59.375, 8.52160467456424e-24, nan 
-5.375, -59.375, 2.0280156128357726e-24, nan 
-5.125, -59.375, 1.0004121644892962e-23, nan 
-4.875, -59.375, 1.6593019613261923e-23, nan 
-4.625, -59.375, 1.551435223843816e-23, nan 
-4.375, -59.375, 8.508863117641473e-24, nan 
-4.125, -59.375, 2.8141936280501117e-24, nan 
-3.875, -59.375, 3.0294821124985544e-24, nan 
-3.625, -59.375, 6.058740535289144e-24, nan 
-3.375, -59.375, 7.580934712725157e-24, nan 
-3.125, -59.375, 5.697649728844589e-24, nan 
-2.875, -59.375, 1.7242968101434667e-23, nan 
-2.625, -59.375, 3.3180590950114346e-23, nan 
-2.375, -59.375, 5.42530869125265e-23, nan 
-2.125, -59.375, 5.706790048692357e-23, nan 
-1.875, -59.375, 4.215241455307568e-23, nan 
-1.625, -59.375, 1.9926926033077554e-23, nan 
-1.375, -59.375, 2.669208773088356e-23, nan 
-1.125, -59.375, 2.618287729899006e-23, nan 
-0.875, -59.375, 2.699819827767885e-23, nan 
-0.625, -59.375, 2.2075081026939908e-23, nan 
-0.375, -59.375, 2.6081525525596328e-23, nan 
-0.125, -59.375, 2.311356856849496e-23, nan 
0.125, -59.375, 1.366826674430613e-23, nan 
0.375, -59.375, 1.818298319165214e-23, nan 
0.625, -59.375, 1.811533667289137e-23, nan 
0.875, -59.375, 1.3288156114739245e-23, nan 
1.125, -59.375, 8.255018734228092e-24, nan 
1.375, -59.375, 2.296556983667764e-23, nan 
-10.375, -59.125, 4.3978586270858256e-23, nan 
-10.125, -59.125, 4.079314673790273e-23, nan 
-9.875, -59.125, 7.125887031345534e-24, nan 
-9.625, -59.125, 1.12145497202518e-23, nan 
-9.375, -59.125, 1.2923178797897316e-23, nan 
-9.125, -59.125, 1.9776709253489506e-23, nan 
-8.875, -59.125, 2.163341288862447e-23, nan 
-8.625, -59.125, 1.5874675992693798e-23, nan 
-8.375, -59.125, 2.4517385839784493e-23, nan 
-8.125, -59.125, 2.4653669409497325e-23, nan 
-7.875, -59.125, 1.809208508758975e-23, nan 
-7.625, -59.125, 1.7660324665843445e-23, nan 
-7.375, -59.125, 9.00523204242403e-24, nan 
-7.125, -59.125, 5.652527345981136e-24, nan 
-6.875, -59.125, 3.871089822921825e-24, nan 
-6.625, -59.125, 1.0170187287785403e-23, nan 
-6.375, -59.125, 9.696074808591504e-24, nan 
-6.125, -59.125, 1.2517182944608344e-23, nan 
-5.875, -59.125, 1.40202265794022e-23, nan 
-5.625, -59.125, 1.407472827937396e-23, nan 
-5.375, -59.125, 1.3156780954374797e-23, nan 
-5.125, -59.125, 2.9489941759445467e-23, nan 
-4.875, -59.125, 3.1685072393479585e-23, nan 
-4.625, -59.125, 5.393041942835823e-24, nan 
-4.375, -59.125, 3.969595058375306e-24, nan 
-4.125, -59.125, 5.002459676804894e-24, nan 
-3.875, -59.125, 3.463839634409674e-24, nan 
-3.625, -59.125, 2.9385481307723245e-24, nan 
-3.375, -59.125, 2.4567584006530174e-24, nan 
-3.125, -59.125, 3.163689224415336e-24, nan 
-2.875, -59.125, 1.0091763570310112e-23, nan 
-2.625, -59.125, 1.2312927225460162e-23, nan 
-2.375, -59.125, 2.3780583812604438e-23, nan 
-2.125, -59.125, 5.072142712039725e-23, nan 
-1.875, -59.125, 4.5065975593007425e-23, nan 
-1.625, -59.125, 1.9820361011852516e-23, nan 
-1.375, -59.125, 1.2960376132749066e-23, nan 
-1.125, -59.125, 1.505707554576789e-23, nan 
-0.875, -59.125, 2.1859113568414276e-23, nan 
-0.625, -59.125, 1.729694589207537e-23, nan 
-0.375, -59.125, 2.732489823861779e-23, nan 
-0.125, -59.125, 3.880527833546214e-23, nan 
0.125, -59.125, 3.280367977587915e-23, nan 
0.375, -59.125, 1.8311837307421172e-23, nan 
0.625, -59.125, 1.8430931191044973e-23, nan 
0.875, -59.125, 1.1121416776907636e-23, nan 
1.125, -59.125, 3.312762427991238e-23, nan 
1.375, -59.125, 4.4789513097943285e-23, nan 
-10.125, -58.875, 2.0250160990433586e-23, nan 
-9.875, -58.875, 1.1624749120977146e-23, nan 
-9.625, -58.875, 9.075060720348834e-24, nan 
-9.375, -58.875, 8.358922467858836e-24, nan 
-9.125, -58.875, 1.7758600870799136e-23, nan 
-8.875, -58.875, 1.8376521434072736e-23, nan 
-8.625, -58.875, 7.020775053366821e-24, nan 
-8.375, -58.875, 1.1942595846963855e-23, nan 
-8.125, -58.875, 2.3099625758389975e-23, nan 
-7.875, -58.875, 2.0672310583842796e-23, nan 
-7.625, -58.875, 1.0127831134311655e-23, nan 
-7.375, -58.875, 7.578266796316219e-24, nan 
-7.125, -58.875, 7.582355893354545e-24, nan 
-6.875, -58.875, 6.350072860203954e-24, nan 
-6.625, -58.875, 7.079071808426363e-24, nan 
-6.375, -58.875, 7.799070351090117e-24, nan 
-6.125, -58.875, 1.0932398448619677e-23, nan 
-5.875, -58.875, 1.7502213974244954e-23, nan 
-5.625, -58.875, 3.6078375903452293e-23, nan 
-5.375, -58.875, 3.336506383064353e-23, nan 
-5.125, -58.875, 2.3047504350636952e-23, nan 
-4.875, -58.875, 3.5597581965109757e-23, nan 
-4.625, -58.875, 3.0279087037518295e-23, nan 
-4.375, -58.875, 4.906677549564413e-24, nan 
-4.125, -58.875, 4.562251177442665e-24, nan 
-3.875, -58.875, 5.275833400536539e-24, nan 
-3.625, -58.875, 2.491183073279066e-24, nan 
-3.375, -58.875, 2.497038686207822e-24, nan 
-3.125, -58.875, 3.668678925042565e-24, nan 
-2.875, -58.875, 5.516924262667397e-24, nan 
-2.625, -58.875, 1.874474681586014e-23, nan 
-2.375, -58.875, 4.682751311238829e-23, nan 
-2.125, -58.875, 4.995451188232919e-23, nan 
-1.875, -58.875, 2.726658559008665e-23, nan 
-1.625, -58.875, 1.7237365881046877e-23, nan 
-1.375, -58.875, 1.2238946863555442e-23, nan 
-1.125, -58.875, 1.0307548932317572e-23, nan 
-0.875, -58.875, 9.360555601509146e-24, nan 
-0.625, -58.875, 1.4471083906041206e-23, nan 
-0.375, -58.875, 1.67222967074179e-23, nan 
-0.125, -58.875, 1.3338601744674764e-23, nan 
0.125, -58.875, 3.5774126995197084e-23, nan 
0.375, -58.875, 3.455831291068145e-23, nan 
0.625, -58.875, 9.660619247371448e-24, nan 
0.875, -58.875, 6.590828327668658e-24, nan 
1.125, -58.875, 1.9289361302325282e-23, nan 
-9.875, -58.625, 1.8003002059775345e-23, nan 
-9.625, -58.625, 3.592833855834064e-24, nan 
-9.375, -58.625, 7.030391059207717e-24, nan 
-9.125, -58.625, 1.761992739643073e-23, nan 
-8.875, -58.625, 1.6951508511001242e-23, nan 
-8.625, -58.625, 3.378177347247091e-24, nan 
-8.375, -58.625, 2.206692811951531e-24, nan 
-8.125, -58.625, 1.260830124389536e-23, nan 
-7.875, -58.625, 1.7782047109414838e-23, nan 
-7.625, -58.625, 1.2418757479345662e-23, nan 
-7.375, -58.625, 9.645043778582538e-24, nan 
-7.125, -58.625, 9.41202127509066e-24, nan 
-6.875, -58.625, 9.464175263071534e-24, nan 
-6.625, -58.625, 1.6201026400281858e-23, nan 
-6.375, -58.625, 1.7632821344055873e-23, nan 
-6.125, -58.625, 2.582926029898475e-23, nan 
-5.875, -58.625, 2.706816946176347e-23, nan 
-5.625, -58.625, 2.36286250849785e-23, nan 
-5.375, -58.625, 1.8912564006596543e-23, nan 
-5.125, -58.625, 8.79931472741497e-24, nan 
-4.875, -58.625, 2.5986217350069762e-23, nan 
-4.625, -58.625, 3.763598651550864e-23, nan 
-4.375, -58.625, 4.3931233630103974e-23, nan 
-4.125, -58.625, 3.332422250762262e-23, nan 
-3.875, -58.625, 2.4124863077252392e-23, nan 
-3.625, -58.625, 2.2767535572572708e-23, nan 
-3.375, -58.625, 3.5346104019618675e-24, nan 
-3.125, -58.625, 8.329885505074242e-24, nan 
-2.875, -58.625, 1.1597707889608672e-23, nan 
-2.625, -58.625, 3.446935594833461e-23, nan 
-2.375, -58.625, 3.966387428766839e-23, nan 
-2.125, -58.625, 3.794380535796999e-23, nan 
-1.875, -58.625, 3.196922005763062e-23, nan 
-1.625, -58.625, 1.8676269206470365e-23, nan 
-1.375, -58.625, 5.081072837029305e-24, nan 
-1.125, -58.625, 4.896432699778873e-24, nan 
-0.875, -58.625, 7.45822331787601e-24, nan 
-0.625, -58.625, 1.2351851160573067e-23, nan 
-0.375, -58.625, 2.1753146874252456e-23, nan 
-0.125, -58.625, 2.5581126636755924e-23, nan 
0.125, -58.625, 1.9701340108431467e-23, nan 
0.375, -58.625, 9.218411896157644e-24, nan 
0.625, -58.625, 1.1775925788985057e-23, nan 
0.875, -58.625, 1.0306796140796226e-23, nan 
1.125, -58.625, 2.0845951705636143e-23, nan 
-9.875, -58.375, 8.871655826832873e-24, nan 
-9.625, -58.375, 4.302477007498289e-24, nan 
-9.375, -58.375, 4.362847850734653e-24, nan 
-9.125, -58.375, 7.417917060739397e-24, nan 
-8.875, -58.375, 1.1884096564474518e-23, nan 
-8.625, -58.375, 9.355579290362321e-24, nan 
-8.375, -58.375, 7.25694513537648e-24, nan 
-8.125, -58.375, 6.4435331993884145e-24, nan 
-7.875, -58.375, 1.1772839452198275e-23, nan 
-7.625, -58.375, 1.2302095215560962e-23, nan 
-7.375, -58.375, 8.611533453282909e-24, nan 
-7.125, -58.375, 6.30649319203338e-24, nan 
-6.875, -58.375, 1.3663156417832383e-23, nan 
-6.625, -58.375, 1.4346754022155443e-23, nan 
-6.375, -58.375, 1.1727864278694547e-23, nan 
-6.125, -58.375, 8.383441477515227e-24, nan 
-5.875, -58.375, 1.087496095318747e-23, nan 
-5.625, -58.375, 8.269297363018979e-24, nan 
-5.375, -58.375, 6.01164860178391e-24, nan 
-5.125, -58.375, 5.607186544703374e-24, nan 
-4.875, -58.375, 1.976636038715244e-23, nan 
-4.625, -58.375, 2.8975302775018066e-23, nan 
-4.375, -58.375, 4.116348411157465e-23, nan 
-4.125, -58.375, 3.724741385099321e-23, nan 
-3.875, -58.375, 3.146705442637715e-23, nan 
-3.625, -58.375, 4.574061741729606e-23, nan 
-3.375, -58.375, 5.425614459173324e-23, nan 
-3.125, -58.375, 5.932726893883592e-23, nan 
-2.875, -58.375, 5.847541648436381e-23, nan 
-2.625, -58.375, 4.491223232356558e-23, nan 
-2.375, -58.375, 2.3834964447005733e-23, nan 
-2.125, -58.375, 1.9134713064479932e-23, nan 
-1.875, -58.375, 1.2330730270305245e-23, nan 
-1.625, -58.375, 1.0251255113320632e-23, nan 
-1.375, -58.375, 1.1360808591123721e-23, nan 
-1.125, -58.375, 1.0260538732389807e-23, nan 
-0.875, -58.375, 4.121585166414471e-24, nan 
-0.625, -58.375, 9.708311124525315e-24, nan 
-0.375, -58.375, 1.6638514392638636e-23, nan 
-0.125, -58.375, 2.0346950552853402e-23, nan 
0.125, -58.375, 2.577245472149535e-23, nan 
0.375, -58.375, 2.169066665083925e-23, nan 
0.625, -58.375, 2.0157368342508157e-23, nan 
0.875, -58.375, 1.8724896644258435e-23, nan 
1.125, -58.375, 1.829579895953632e-23, nan 
-9.625, -58.125, 6.675360037182104e-24, nan 
-9.375, -58.125, 4.0731434550379325e-24, nan 
-9.125, -58.125, 3.033823074601281e-24, nan 
-8.875, -58.125, 7.183949612217704e-24, nan 
-8.625, -58.125, 8.641494575612858e-24, nan 
-8.375, -58.125, 6.62695433683612e-24, nan 
-8.125, -58.125, 4.287366601277862e-24, nan 
-7.875, -58.125, 3.3151046791407e-24, nan 
-7.625, -58.125, 6.541771167953335e-24, nan 
-7.375, -58.125, 6.79412460094998e-24, nan 
-7.125, -58.125, 6.539828029769082e-24, nan 
-6.875, -58.125, 8.957511377080199e-24, nan 
-6.625, -58.125, 1.025418572780644e-23, nan 
-6.375, -58.125, 1.389983185828227e-23, nan 
-6.125, -58.125, 1.417493821913438e-23, nan 
-5.875, -58.125, 7.283111733624207e-24, nan 
-5.625, -58.125, 1.3831380724254913e-23, nan 
-5.375, -58.125, 2.381267041542257e-23, nan 
-5.125, -58.125, 1.5354913370338152e-23, nan 
-4.875, -58.125, 1.8040199983950781e-23, nan 
-4.625, -58.125, 1.8433769996033104e-23, nan 
-4.375, -58.125, 1.367036355546021e-23, nan 
-4.125, -58.125, 1.2217412592716285e-23, nan 
-3.875, -58.125, 1.5734780025388785e-23, nan 
-3.625, -58.125, 1.7356877950994885e-23, nan 
-3.375, -58.125, 3.845466595143625e-23, nan 
-3.125, -58.125, 4.696257520328989e-23, nan 
-2.875, -58.125, 3.412860550635631e-23, nan 
-2.625, -58.125, 2.5794455792663016e-23, nan 
-2.375, -58.125, 1.8863078353742658e-23, nan 
-2.125, -58.125, 1.14667087684335e-23, nan 
-1.875, -58.125, 9.601241093485143e-24, nan 
-1.625, -58.125, 7.606990576760683e-24, nan 
-1.375, -58.125, 2.5971142839902417e-23, nan 
-1.125, -58.125, 3.458959502446174e-24, nan 
-0.875, -58.125, 6.859231037212029e-24, nan 
-0.625, -58.125, 1.0891888519825563e-23, nan 
-0.375, -58.125, 1.277793303473592e-23, nan 
-0.125, -58.125, 2.3344901789610244e-23, nan 
0.125, -58.125, 2.2283592857620148e-23, nan 
0.375, -58.125, 4.3587623476811234e-23, nan 
0.625, -58.125, 4.562056321895735e-23, nan 
0.875, -58.125, 1.7393885882006455e-23, nan 
1.125, -58.125, 1.518629884558798e-23, nan 
-9.375, -57.875, 3.202546405970404e-24, nan 
-9.125, -57.875, 5.574233934155603e-24, nan 
-8.875, -57.875, 5.304761370444257e-24, nan 
-8.625, -57.875, 7.719876349334188e-24, nan 
-8.375, -57.875, 7.42903233430226e-24, nan 
-8.125, -57.875, 4.186539581780846e-24, nan 
-7.875, -57.875, 3.953982227219247e-24, nan 
-7.625, -57.875, 1.0323161322008187e-23, nan 
-7.375, -57.875, 1.035353573862747e-23, nan 
-7.125, -57.875, 7.239891605090451e-24, nan 
-6.875, -57.875, 1.0209480247870418e-23, nan 
-6.625, -57.875, 8.727490089722196e-24, nan 
-6.375, -57.875, 7.258440933848338e-24, nan 
-6.125, -57.875, 1.2519005459503549e-23, nan 
-5.875, -57.875, 1.1645579948334167e-23, nan 
-5.625, -57.875, 1.0815645043979218e-23, nan 
-5.375, -57.875, 1.987704738243063e-23, nan 
-5.125, -57.875, 1.1493299824982212e-23, nan 
-4.875, -57.875, 9.420718937527496e-24, nan 
-4.625, -57.875, 1.0401172485930252e-23, nan 
-4.375, -57.875, 1.1448442049453964e-23, nan 
-4.125, -57.875, 1.1937658223287997e-23, nan 
-3.875, -57.875, 1.467544650822398e-23, nan 
-3.625, -57.875, 1.992973792203438e-23, nan 
-3.375, -57.875, 2.6099266076758926e-23, nan 
-3.125, -57.875, 2.8629251062760465e-23, nan 
-2.875, -57.875, 2.655971484812839e-23, nan 
-2.625, -57.875, 2.9339218158163975e-23, nan 
-2.375, -57.875, 3.2048156407306067e-23, nan 
-2.125, -57.875, 1.880774012038828e-23, nan 
-1.875, -57.875, 1.2815115529526629e-23, nan 
-1.625, -57.875, 4.2773266263612484e-23, nan 
-1.375, -57.875, 6.816550186219788e-23, nan 
-1.125, -57.875, 5.312529210594288e-23, nan 
-0.875, -57.875, 4.1659344819824895e-23, nan 
-0.625, -57.875, 3.7072449284308584e-23, nan 
-0.375, -57.875, 3.333493845313107e-23, nan 
-0.125, -57.875, 2.239219783918169e-23, nan 
0.125, -57.875, 2.698637660832184e-23, nan 
0.375, -57.875, 3.735084462774386e-23, nan 
0.625, -57.875, 2.8163886528319824e-23, nan 
0.875, -57.875, 3.833077265394565e-24, nan 
1.125, -57.875, 7.195401232657899e-24, nan 
-9.375, -57.625, 9.843471955817783e-24, nan 
-9.125, -57.625, 7.325408226061893e-24, nan 
-8.875, -57.625, 5.816815908480831e-24, nan 
-8.625, -57.625, 8.055574839784872e-24, nan 
-8.375, -57.625, 6.072859692954176e-24, nan 
-8.125, -57.625, 6.115211824690441e-24, nan 
-7.875, -57.625, 6.630030527083318e-24, nan 
-7.625, -57.625, 7.152523574453178e-24, nan 
-7.375, -57.625, 6.1470292732096785e-24, nan 
-7.125, -57.625, 6.169608854544852e-24, nan 
-6.875, -57.625, 8.580729178046307e-24, nan 
-6.625, -57.625, 6.467851074133094e-24, nan 
-6.375, -57.625, 5.0295724250355594e-24, nan 
-6.125, -57.625, 1.306502692522667e-23, nan 
-5.875, -57.625, 1.559432390512353e-23, nan 
-5.625, -57.625, 9.507573742217157e-24, nan 
-5.375, -57.625, 9.27113320920902e-24, nan 
-5.125, -57.625, 7.33394572143851e-24, nan 
-4.875, -57.625, 5.255102136706132e-24, nan 
-4.625, -57.625, 2.770455523180735e-24, nan 
-4.375, -57.625, 4.903188696270007e-24, nan 
-4.125, -57.625, 7.599561853944439e-24, nan 
-3.875, -57.625, 9.56391414371702e-24, nan 
-3.625, -57.625, 1.5895456131434777e-23, nan 
-3.375, -57.625, 3.262826512273461e-23, nan 
-3.125, -57.625, 3.3926829111382604e-23, nan 
-2.875, -57.625, 2.0553346048559787e-23, nan 
-2.625, -57.625, 1.9027931545110486e-23, nan 
-2.375, -57.625, 4.6453385182788546e-23, nan 
-2.125, -57.625, 4.3843861521588426e-23, nan 
-1.875, -57.625, 1.550025361128524e-23, nan 
-1.625, -57.625, 2.388260424638375e-23, nan 
-1.375, -57.625, 3.798535285069765e-23, nan 
-1.125, -57.625, 4.552367298166706e-23, nan 
-0.875, -57.625, 5.002029797772575e-23, nan 
-0.625, -57.625, 3.7256931496934915e-23, nan 
-0.375, -57.625, 3.5864598585704267e-23, nan 
-0.125, -57.625, 3.015749908160149e-23, nan 
0.125, -57.625, 1.8763815128184794e-23, nan 
0.375, -57.625, 1.9416824780185495e-23, nan 
0.625, -57.625, 1.788783392921442e-23, nan 
0.875, -57.625, 1.1769929196965877e-23, nan 
1.125, -57.625, 1.0145329919868627e-23, nan 
-9.125, -57.375, 6.987396558037634e-24, nan 
-8.875, -57.375, 7.439658909725894e-24, nan 
-8.625, -57.375, 6.238925330463906e-24, nan 
-8.375, -57.375, 4.46981908784514e-24, nan 
-8.125, -57.375, 8.540001178374209e-24, nan 
-7.875, -57.375, 7.900693878290264e-24, nan 
-7.625, -57.375, 1.4528433827714315e-23, nan 
-7.375, -57.375, 1.59190858338651e-23, nan 
-7.125, -57.375, 9.30373042933782e-24, nan 
-6.875, -57.375, 1.3048375242772589e-23, nan 
-6.625, -57.375, 7.620864692720542e-24, nan 
-6.375, -57.375, 4.010838578852285e-24, nan 
-6.125, -57.375, 2.243513534339977e-24, nan 
-5.875, -57.375, 1.431519990052466e-23, nan 
-5.625, -57.375, 1.7265866974449043e-23, nan 
-5.375, -57.375, 1.1538013392945227e-23, nan 
-5.125, -57.375, 5.467835980676156e-24, nan 
-4.875, -57.375, 3.0038334048004578e-24, nan 
-4.625, -57.375, 5.133401441704818e-24, nan 
-4.375, -57.375, 6.407580114042444e-24, nan 
-4.125, -57.375, 5.128764345590409e-24, nan 
-3.875, -57.375, 8.489624996007193e-24, nan 
-3.625, -57.375, 2.1565772459621965e-23, nan 
-3.375, -57.375, 3.0459576483699853e-23, nan 
-3.125, -57.375, 2.865949165435379e-23, nan 
-2.875, -57.375, 1.112625844033604e-23, nan 
-2.625, -57.375, 1.2370693100200918e-23, nan 
-2.375, -57.375, 3.7426331764943875e-23, nan 
-2.125, -57.375, 3.485448050765279e-23, nan 
-1.875, -57.375, 2.2793259910520195e-23, nan 
-1.625, -57.375, 4.2800385569137663e-23, nan 
-1.375, -57.375, 4.357553733771499e-23, nan 
-1.125, -57.375, 2.158602954398964e-23, nan 
-0.875, -57.375, 8.848812457710384e-24, nan 
-0.625, -57.375, 8.774992246752831e-24, nan 
-0.375, -57.375, 1.0826161793516888e-23, nan 
-0.125, -57.375, 4.204587287729063e-23, nan 
0.125, -57.375, 3.895829727040986e-23, nan 
0.375, -57.375, 1.264604561206175e-23, nan 
0.625, -57.375, 1.4609161822143887e-23, nan 
0.875, -57.375, 1.0617407482244278e-23, nan 
1.125, -57.375, 5.70823087013166e-24, nan 
-8.875, -57.125, 1.1134704381335389e-23, nan 
-8.625, -57.125, 9.862059903710873e-24, nan 
-8.375, -57.125, 6.76115380743203e-24, nan 
-8.125, -57.125, 5.295877061713977e-24, nan 
-7.875, -57.125, 1.494878743695728e-24, nan 
-7.625, -57.125, 3.601607816454995e-24, nan 
-7.375, -57.125, 1.1611881195007853e-23, nan 
-7.125, -57.125, 1.8879268379132916e-23, nan 
-6.875, -57.125, 1.9552942628485888e-23, nan 
-6.625, -57.125, 1.373448178559565e-23, nan 
-6.375, -57.125, 1.420299319421682e-23, nan 
-6.125, -57.125, 1.7825341617110263e-23, nan 
-5.875, -57.125, 1.831528569349075e-23, nan 
-5.625, -57.125, 1.1885954091854477e-23, nan 
-5.375, -57.125, 6.300545785794049e-24, nan 
-5.125, -57.125, 6.276658256439144e-24, nan 
-4.875, -57.125, 5.299352461616695e-24, nan 
-4.625, -57.125, 4.647031399662567e-24, nan 
-4.375, -57.125, 1.4130160165538487e-23, nan 
-4.125, -57.125, 1.4448008012285155e-23, nan 
-3.875, -57.125, 3.48523898541408e-24, nan 
-3.625, -57.125, 4.089976822172153e-24, nan 
-3.375, -57.125, 7.951826462286993e-24, nan 
-3.125, -57.125, 2.1340130266297024e-23, nan 
-2.875, -57.125, 1.7122811326767657e-23, nan 
-2.625, -57.125, 2.1882717395478315e-23, nan 
-2.375, -57.125, 2.667114220980101e-23, nan 
-2.125, -57.125, 9.602915404693239e-24, nan 
-1.875, -57.125, 3.870663410843389e-24, nan 
-1.625, -57.125, 5.56054009528793e-23, nan 
-1.375, -57.125, 6.12426348474582e-23, nan 
-1.125, -57.125, 1.6974820639851666e-23, nan 
-0.875, -57.125, 7.049023371018176e-24, nan 
-0.625, -57.125, 3.2893969633430698e-24, nan 
-0.375, -57.125, 2.616783594823676e-24, nan 
-0.125, -57.125, 3.112180358102767e-23, nan 
0.125, -57.125, 3.5793526191553496e-23, nan 
0.375, -57.125, 2.385399771394253e-23, nan 
0.625, -57.125, 2.0743244113835148e-23, nan 
0.875, -57.125, 1.5637549823436166e-23, nan 
-8.625, -56.875, 8.113497863957597e-24, nan 
-8.375, -56.875, 6.937300609835662e-24, nan 
-8.125, -56.875, 5.134365445914198e-24, nan 
-7.875, -56.875, 7.259958638430276e-24, nan 
-7.625, -56.875, 1.1932884422595777e-23, nan 
-7.375, -56.875, 1.2307274224229334e-23, nan 
-7.125, -56.875, 1.4478376550998403e-23, nan 
-6.875, -56.875, 1.114091491611178e-23, nan 
-6.625, -56.875, 1.4865221983934743e-23, nan 
-6.375, -56.875, 1.750405408768041e-23, nan 
-6.125, -56.875, 1.315105670728939e-23, nan 
-5.875, -56.875, 5.982338335413306e-24, nan 
-5.625, -56.875, 9.014769939298957e-24, nan 
-5.375, -56.875, 9.166223365190416e-24, nan 
-5.125, -56.875, 6.67342946123928e-24, nan 
-4.875, -56.875, 3.0048192376537465e-24, nan 
-4.625, -56.875, 6.245598333520023e-24, nan 
-4.375, -56.875, 7.718669643480774e-24, nan 
-4.125, -56.875, 1.2971723331621647e-23, nan 
-3.875, -56.875, 1.0641271303040956e-23, nan 
-3.625, -56.875, 6.880267100476288e-24, nan 
-3.375, -56.875, 6.125391522660974e-24, nan 
-3.125, -56.875, 6.799519892894377e-24, nan 
-2.875, -56.875, 7.420632850918291e-24, nan 
-2.625, -56.875, 8.512442881942575e-24, nan 
-2.375, -56.875, 1.1434905892436568e-23, nan 
-2.125, -56.875, 9.389808454228876e-24, nan 
-1.875, -56.875, 4.502743283211854e-24, nan 
-1.625, -56.875, 5.926396612194995e-24, nan 
-1.375, -56.875, 3.715935977334641e-23, nan 
-1.125, -56.875, 3.499065097228853e-23, nan 
-0.875, -56.875, 2.6521563729651856e-23, nan 
-0.625, -56.875, 2.757466534292596e-23, nan 
-0.375, -56.875, 3.985456505314716e-23, nan 
-0.125, -56.875, 4.336662993792229e-23, nan 
0.125, -56.875, 3.175602294414166e-23, nan 
0.375, -56.875, 2.732956726001886e-23, nan 
0.625, -56.875, 3.279792927675288e-23, nan 
0.875, -56.875, 2.3237903017684288e-23, nan 
-8.625, -56.625, 3.0796683449989085e-24, nan 
-8.375, -56.625, 3.496819579660501e-24, nan 
-8.125, -56.625, 6.549371191544936e-24, nan 
-7.875, -56.625, 1.0210256265690035e-23, nan 
-7.625, -56.625, 1.0701680390554724e-23, nan 
-7.375, -56.625, 2.876968199236866e-23, nan 
-7.125, -56.625, 3.4793234340005636e-23, nan 
-6.875, -56.625, 2.981027040326635e-23, nan 
-6.625, -56.625, 6.645861379871873e-24, nan 
-6.375, -56.625, 7.552112676335577e-24, nan 
-6.125, -56.625, 7.363495065839846e-24, nan 
-5.875, -56.625, 3.3313779334400065e-24, nan 
-5.625, -56.625, 1.1813441289953713e-23, nan 
-5.375, -56.625, 3.173005631153836e-23, nan 
-5.125, -56.625, 3.565080284285068e-23, nan 
-4.875, -56.625, 3.9941822717894636e-23, nan 
-4.625, -56.625, 3.8876885353870506e-23, nan 
-4.375, -56.625, 2.75653170405965e-23, nan 
-4.125, -56.625, 1.8684718789883196e-23, nan 
-3.875, -56.625, 1.5017478520258674e-23, nan 
-3.625, -56.625, 7.402118252046005e-24, nan 
-3.375, -56.625, 6.439979279443984e-24, nan 
-3.125, -56.625, 1.4021423723853435e-23, nan 
-2.875, -56.625, 1.45539810278962e-23, nan 
-2.625, -56.625, 1.1819776434682139e-23, nan 
-2.375, -56.625, 1.1847582014501044e-23, nan 
-2.125, -56.625, 7.589113970804545e-24, nan 
-1.875, -56.625, 1.1149803348109009e-23, nan 
-1.625, -56.625, 1.1770679569428227e-23, nan 
-1.375, -56.625, 8.364557080299473e-24, nan 
-1.125, -56.625, 5.784488278335745e-24, nan 
-0.875, -56.625, 2.1092322535744273e-23, nan 
-0.625, -56.625, 3.087556443682235e-23, nan 
-0.375, -56.625, 3.110651955874687e-23, nan 
-0.125, -56.625, 1.4611081341743587e-23, nan 
0.125, -56.625, 6.270226841537664e-24, nan 
0.375, -56.625, 1.2102963873784053e-23, nan 
0.625, -56.625, 1.6967368633230793e-23, nan 
0.875, -56.625, 1.7560005585180266e-23, nan 
-8.375, -56.375, 1.891240838812738e-24, nan 
-8.125, -56.375, 5.344529670201951e-24, nan 
-7.875, -56.375, 8.253188792756469e-24, nan 
-7.625, -56.375, 5.748225490145658e-23, nan 
-7.375, -56.375, 6.580813887657711e-23, nan 
-7.125, -56.375, 3.9256996730020114e-23, nan 
-6.875, -56.375, 6.891217136174157e-23, nan 
-6.625, -56.375, 6.919394353377298e-23, nan 
-6.375, -56.375, 5.869598968531158e-24, nan 
-6.125, -56.375, 6.006379920178818e-24, nan 
-5.875, -56.375, 1.9003116487335353e-23, nan 
-5.625, -56.375, 4.3665811186906326e-23, nan 
-5.375, -56.375, 4.781676058964992e-23, nan 
-5.125, -56.375, 3.4959030132663444e-23, nan 
-4.875, -56.375, 3.9517588409169204e-23, nan 
-4.625, -56.375, 5.1644394699911504e-23, nan 
-4.375, -56.375, 6.75152022879677e-23, nan 
-4.125, -56.375, 5.073488824080574e-23, nan 
-3.875, -56.375, 1.5327298801476095e-23, nan 
-3.625, -56.375, 1.1011733692721106e-23, nan 
-3.375, -56.375, 1.3944000219509426e-23, nan 
-3.125, -56.375, 9.751312493255799e-24, nan 
-2.875, -56.375, 6.459909530502645e-24, nan 
-2.625, -56.375, 8.679149253546767e-24, nan 
-2.375, -56.375, 9.593203249213023e-24, nan 
-2.125, -56.375, 7.891599607988584e-24, nan 
-1.875, -56.375, 8.147424557261177e-24, nan 
-1.625, -56.375, 5.421940013346021e-24, nan 
-1.375, -56.375, 2.6959346189100785e-24, nan 
-1.125, -56.375, 3.9944052389771766e-24, nan 
-0.875, -56.375, 5.237433019178731e-24, nan 
-0.625, -56.375, 6.650585233219578e-24, nan 
-0.375, -56.375, 8.577194494212244e-24, nan 
-0.125, -56.375, 9.10645358146818e-24, nan 
0.125, -56.375, 7.246790096212508e-24, nan 
0.375, -56.375, 1.7893906556091755e-23, nan 
0.625, -56.375, 2.0862555607132948e-23, nan 
0.875, -56.375, 1.1079862660707047e-23, nan 
-8.125, -56.125, 6.674426861798729e-24, nan 
-7.875, -56.125, 6.196345264540529e-24, nan 
-7.625, -56.125, 7.443309659253882e-23, nan 
-7.375, -56.125, 8.231078672385691e-23, nan 
-7.125, -56.125, 1.3447706446405233e-23, nan 
-6.875, -56.125, 3.1221081928009983e-23, nan 
-6.625, -56.125, 8.342177398431876e-23, nan 
-6.375, -56.125, 6.437365157122445e-23, nan 
-6.125, -56.125, 6.99062011423222e-24, nan 
-5.875, -56.125, 3.7678517110226806e-23, nan 
-5.625, -56.125, 4.518595695882213e-23, nan 
-5.375, -56.125, 1.7957542805545566e-23, nan 
-5.125, -56.125, 5.044684496321391e-24, nan 
-4.875, -56.125, 4.2431075246891344e-24, nan 
-4.625, -56.125, 1.1281113269074586e-23, nan 
-4.375, -56.125, 6.338789899097372e-23, nan 
-4.125, -56.125, 6.13309060117021e-23, nan 
-3.875, -56.125, 1.5377736993899538e-23, nan 
-3.625, -56.125, 1.8658223726392073e-23, nan 
-3.375, -56.125, 2.258594430274215e-23, nan 
-3.125, -56.125, 1.4928306548290423e-23, nan 
-2.875, -56.125, 1.0337580130935399e-23, nan 
-2.625, -56.125, 5.299303893394436e-24, nan 
-2.375, -56.125, 4.194974907520828e-24, nan 
-2.125, -56.125, 4.330041823125513e-24, nan 
-1.875, -56.125, 5.190989610249036e-24, nan 
-1.625, -56.125, 4.898784250391731e-24, nan 
-1.375, -56.125, 5.346835628786727e-24, nan 
-1.125, -56.125, 5.303837713168006e-24, nan 
-0.875, -56.125, 1.833681498617654e-24, nan 
-0.625, -56.125, 6.279701340703773e-24, nan 
-0.375, -56.125, 5.565127299729564e-24, nan 
-0.125, -56.125, 7.134279113182302e-24, nan 
0.125, -56.125, 3.514349884497415e-24, nan 
0.375, -56.125, 1.4891885137148738e-23, nan 
0.625, -56.125, 2.2956726783638443e-23, nan 
-8.125, -55.875, 3.623697703640944e-24, nan 
-7.875, -55.875, 1.9476516195087165e-23, nan 
-7.625, -55.875, 4.0015039111516896e-23, nan 
-7.375, -55.875, 6.336601783088757e-23, nan 
-7.125, -55.875, 5.530405067950691e-23, nan 
-6.875, -55.875, 4.858158833325295e-23, nan 
-6.625, -55.875, 4.734964721727529e-23, nan 
-6.375, -55.875, 1.4100842962037476e-23, nan 
-6.125, -55.875, 6.60600838110092e-24, nan 
-5.875, -55.875, 1.5785416119795174e-23, nan 
-5.625, -55.875, 4.6150294666088805e-23, nan 
-5.375, -55.875, 5.1182310729505165e-23, nan 
-5.125, -55.875, 3.794452453745627e-23, nan 
-4.875, -55.875, 4.029829640092088e-23, nan 
-4.625, -55.875, 5.2720857008981244e-23, nan 
-4.375, -55.875, 6.655954567130816e-23, nan 
-4.125, -55.875, 4.894665481673903e-23, nan 
-3.875, -55.875, 1.7510930411956668e-23, nan 
-3.625, -55.875, 2.5567963270999392e-23, nan 
-3.375, -55.875, 2.6313305044101707e-23, nan 
-3.125, -55.875, 2.606919261063932e-23, nan 
-2.875, -55.875, 1.25781469185892e-23, nan 
-2.625, -55.875, 1.027797786255472e-23, nan 
-2.375, -55.875, 5.801633655064482e-24, nan 
-2.125, -55.875, 1.516089332498456e-24, nan 
-1.875, -55.875, 1.9022754437662294e-24, nan 
-1.625, -55.875, 1.4820313508616983e-24, nan 
-1.375, -55.875, 1.813988044082809e-24, nan 
-1.125, -55.875, 7.93341696779482e-24, nan 
-0.875, -55.875, 1.2346570339569976e-23, nan 
-0.625, -55.875, 1.94152483087655e-23, nan 
-0.375, -55.875, 1.4916561534752702e-23, nan 
-0.125, -55.875, 5.098510111958502e-24, nan 
0.125, -55.875, 8.3099055412682e-24, nan 
0.375, -55.875, 1.4475030134326928e-23, nan 
0.625, -55.875, 1.5521221736601546e-23, nan 
-7.875, -55.625, 3.4323339708867154e-24, nan 
-7.625, -55.625, 1.3012167694472188e-23, nan 
-7.375, -55.625, 7.699260766424795e-24, nan 
-7.125, -55.625, 3.12640873016678e-23, nan 
-6.875, -55.625, 2.5281829980479125e-23, nan 
-6.625, -55.625, 6.0757760420550764e-24, nan 
-6.375, -55.625, 4.8428854004213976e-24, nan 
-6.125, -55.625, 4.646881304428204e-24, nan 
-5.875, -55.625, 3.883242176293243e-24, nan 
-5.625, -55.625, 8.943717402955198e-24, nan 
-5.375, -55.625, 3.242770907672732e-23, nan 
-5.125, -55.625, 3.8142829997878206e-23, nan 
-4.875, -55.625, 3.979631067272174e-23, nan 
-4.625, -55.625, 3.933634124361419e-23, nan 
-4.375, -55.625, 2.465882923832972e-23, nan 
-4.125, -55.625, 2.286098953571053e-23, nan 
-3.875, -55.625, 3.4774255349955004e-23, nan 
-3.625, -55.625, 3.601447076655822e-23, nan 
-3.375, -55.625, 2.1465892817858498e-23, nan 
-3.125, -55.625, 4.947974029178884e-23, nan 
-2.875, -55.625, 4.1010713281552147e-23, nan 
-2.625, -55.625, 1.2348031406985491e-23, nan 
-2.375, -55.625, 1.1534334722517521e-23, nan 
-2.125, -55.625, 3.7409089690178694e-24, nan 
-1.875, -55.625, 2.4830506587054022e-24, nan 
-1.625, -55.625, 2.3400960054344932e-24, nan 
-1.375, -55.625, 1.4198332680685516e-24, nan 
-1.125, -55.625, 2.4017034250703637e-24, nan 
-0.875, -55.625, 2.3456978607850516e-24, nan 
-0.625, -55.625, 7.05994485496153e-24, nan 
-0.375, -55.625, 8.512982531737266e-24, nan 
-0.125, -55.625, 9.505290062666889e-24, nan 
0.125, -55.625, 6.947382958974612e-24, nan 
0.375, -55.625, 8.331640486294016e-24, nan 
0.625, -55.625, 1.0921353087706255e-23, nan 
-7.625, -55.375, 4.236761031561653e-24, nan 
-7.375, -55.375, 2.1082047698781033e-24, nan 
-7.125, -55.375, 1.460829418505756e-24, nan 
-6.875, -55.375, 2.0794942450320402e-24, nan 
-6.625, -55.375, 2.7124468996373436e-24, nan 
-6.375, -55.375, 4.361329493449557e-24, nan 
-6.125, -55.375, 3.698739526420459e-24, nan 
-5.875, -55.375, 7.650256689062638e-24, nan 
-5.625, -55.375, 8.479562975510119e-24, nan 
-5.375, -55.375, 3.279874028427632e-24, nan 
-5.125, -55.375, 1.944666301023429e-24, nan 
-4.875, -55.375, 2.5334414460146433e-24, nan 
-4.625, -55.375, 3.404954210185841e-24, nan 
-4.375, -55.375, 5.163628904163803e-24, nan 
-4.125, -55.375, 8.922908465465824e-24, nan 
-3.875, -55.375, 9.008675241023508e-24, nan 
-3.625, -55.375, 2.0075887314144387e-23, nan 
-3.375, -55.375, 1.9132487326091915e-23, nan 
-3.125, -55.375, 2.1613278740465012e-23, nan 
-2.875, -55.375, 7.843851388174526e-24, nan 
-2.625, -55.375, 8.716531680017119e-24, nan 
-2.375, -55.375, 5.4018895680337954e-24, nan 
-2.125, -55.375, 2.6440930348922574e-24, nan 
-1.875, -55.375, 2.2074953167994857e-23, nan 
-1.625, -55.375, 3.702282460619618e-24, nan 
-1.375, -55.375, 4.712562778021242e-24, nan 
-1.125, -55.375, 3.1062914752537054e-24, nan 
-0.875, -55.375, 6.1224493341538044e-24, nan 
-0.625, -55.375, 4.132059792329004e-24, nan 
-0.375, -55.375, 4.567087003678708e-24, nan 
-0.125, -55.375, 4.693656780812222e-24, nan 
0.125, -55.375, 5.445149094668146e-24, nan 
0.375, -55.375, 9.956551237742039e-24, nan 
0.625, -55.375, 8.121313025191148e-24, nan 
-7.375, -55.125, 7.327936623046139e-24, nan 
-7.125, -55.125, 1.3531259066292826e-24, nan 
-6.875, -55.125, 3.426073791336793e-24, nan 
-6.625, -55.125, 1.705858110198523e-23, nan 
-6.375, -55.125, 2.2280318551865087e-23, nan 
-6.125, -55.125, 1.2098076876701572e-23, nan 
-5.875, -55.125, 9.905043368069286e-24, nan 
-5.625, -55.125, 1.1765386897526584e-23, nan 
-5.375, -55.125, 9.245251709208305e-24, nan 
-5.125, -55.125, 8.608457626878643e-24, nan 
-4.875, -55.125, 5.85176875601875e-24, nan 
-4.625, -55.125, 2.2759372331096368e-24, nan 
-4.375, -55.125, 7.4837299517715e-24, nan 
-4.125, -55.125, 7.19345744833572e-24, nan 
-3.875, -55.125, 4.0187105734884205e-24, nan 
-3.625, -55.125, 3.775043642133037e-24, nan 
-3.375, -55.125, 4.0626604445021395e-24, nan 
-3.125, -55.125, 4.987912323249e-24, nan 
-2.875, -55.125, 2.0745394475848867e-23, nan 
-2.625, -55.125, 9.228307530329874e-24, nan 
-2.375, -55.125, 6.4037340222041796e-24, nan 
-2.125, -55.125, 3.8519416389263685e-23, nan 
-1.875, -55.125, 5.812683298393036e-23, nan 
-1.625, -55.125, 3.808642185271056e-23, nan 
-1.375, -55.125, 6.156450868336932e-24, nan 
-1.125, -55.125, 7.184748546232589e-24, nan 
-0.875, -55.125, 1.1005637316503438e-23, nan 
-0.625, -55.125, 1.3583383811912808e-23, nan 
-0.375, -55.125, 1.112711838026687e-23, nan 
-0.125, -55.125, 9.094078576093622e-24, nan 
0.125, -55.125, 9.340105056353233e-24, nan 
0.375, -55.125, 1.1270843243863856e-23, nan 
-7.375, -54.875, 4.6425904359190094e-24, nan 
-7.125, -54.875, 2.317547058243366e-24, nan 
-6.875, -54.875, 3.350028059721376e-23, nan 
-6.625, -54.875, 3.3078305991674167e-23, nan 
-6.375, -54.875, 3.14751562694063e-23, nan 
-6.125, -54.875, 4.1106829762666654e-23, nan 
-5.875, -54.875, 2.942664470664984e-23, nan 
-5.625, -54.875, 7.87918200873548e-24, nan 
-5.375, -54.875, 8.851203391526594e-24, nan 
-5.125, -54.875, 9.551440106827647e-24, nan 
-4.875, -54.875, 4.955794753755907e-24, nan 
-4.625, -54.875, 1.1221418628721388e-24, nan 
-4.375, -54.875, 4.632168736419478e-24, nan 
-4.125, -54.875, 2.3122228096348457e-23, nan 
-3.875, -54.875, 3.211566349386364e-23, nan 
-3.625, -54.875, 6.017933179115931e-24, nan 
-3.375, -54.875, 5.785772510475719e-24, nan 
-3.125, -54.875, 3.193912990282973e-23, nan 
-2.875, -54.875, 5.764899909378807e-23, nan 
-2.625, -54.875, 3.853275704353694e-23, nan 
-2.375, -54.875, 7.17136557525012e-24, nan 
-2.125, -54.875, 3.422966055070422e-23, nan 
-1.875, -54.875, 5.151944045152681e-23, nan 
-1.625, -54.875, 3.548130632140079e-23, nan 
-1.375, -54.875, 7.450324407419704e-24, nan 
-1.125, -54.875, 7.216824738353162e-24, nan 
-0.875, -54.875, 9.123124998600844e-24, nan 
-0.625, -54.875, 1.3234631041780511e-23, nan 
-0.375, -54.875, 1.1147373351282062e-23, nan 
-0.125, -54.875, 2.620964198230445e-23, nan 
0.125, -54.875, 1.7869763019021964e-23, nan 
0.375, -54.875, 1.187271990034973e-23, nan 
-7.125, -54.625, 3.617310519187192e-23, nan 
-6.875, -54.625, 4.914318438979594e-23, nan 
-6.625, -54.625, 2.7393942573930377e-23, nan 
-6.375, -54.625, 9.092833441093753e-24, nan 
-6.125, -54.625, 5.929596387313972e-23, nan 
-5.875, -54.625, 5.607730220219648e-23, nan 
-5.625, -54.625, 7.903036582787909e-24, nan 
-5.375, -54.625, 7.38814633258275e-24, nan 
-5.125, -54.625, 3.500374537684533e-24, nan 
-4.875, -54.625, 3.667405907084936e-24, nan 
-4.625, -54.625, 4.386928830558864e-24, nan 
-4.375, -54.625, 4.0936867243833e-23, nan 
-4.125, -54.625, 5.330140989451696e-23, nan 
-3.875, -54.625, 6.618562535478232e-23, nan 
-3.625, -54.625, 4.895040791101813e-23, nan 
-3.375, -54.625, 9.053418065021977e-24, nan 
-3.125, -54.625, 6.4453012148038365e-24, nan 
-2.875, -54.625, 2.418990435953121e-23, nan 
-2.625, -54.625, 6.267435293457367e-24, nan 
-2.375, -54.625, 6.219761818109207e-24, nan 
-2.125, -54.625, 8.236676592004914e-24, nan 
-1.875, -54.625, 1.7802083202227314e-23, nan 
-1.625, -54.625, 5.900324350084399e-24, nan 
-1.375, -54.625, 7.181713987928397e-24, nan 
-1.125, -54.625, 1.1788613106270803e-23, nan 
-0.875, -54.625, 1.1688375588038266e-23, nan 
-0.625, -54.625, 3.3402570013355263e-23, nan 
-0.375, -54.625, 5.208684337782015e-23, nan 
-0.125, -54.625, 5.199853702220329e-23, nan 
0.125, -54.625, 3.712075983840669e-23, nan 
0.375, -54.625, 3.0352613112427833e-23, nan 
-6.875, -54.375, 2.9170518620865653e-23, nan 
-6.625, -54.375, 4.1729129610236216e-23, nan 
-6.375, -54.375, 4.1692814376429467e-23, nan 
-6.125, -54.375, 4.5786685813009787e-23, nan 
-5.875, -54.375, 3.8927053628444805e-23, nan 
-5.625, -54.375, 3.1979513467160953e-24, nan 
-5.375, -54.375, 2.783038324879076e-24, nan 
-5.125, -54.375, 3.758262158140569e-24, nan 
-4.875, -54.375, 4.529525228687439e-24, nan 
-4.625, -54.375, 6.0585451075445305e-24, nan 
-4.375, -54.375, 6.3145542319564486e-24, nan 
-4.125, -54.375, 2.2916247543729346e-23, nan 
-3.875, -54.375, 2.879450540760172e-23, nan 
-3.625, -54.375, 8.787154251462534e-24, nan 
-3.375, -54.375, 1.0836040649676392e-23, nan 
-3.125, -54.375, 9.474492593859844e-24, nan 
-2.875, -54.375, 9.80390152783624e-24, nan 
-2.625, -54.375, 8.7324105628538e-24, nan 
-2.375, -54.375, 1.1603544516642736e-23, nan 
-2.125, -54.375, 1.0624181613240922e-23, nan 
-1.875, -54.375, 4.752192107731188e-24, nan 
-1.625, -54.375, 8.658501252806502e-24, nan 
-1.375, -54.375, 1.1349051537349146e-23, nan 
-1.125, -54.375, 9.927253656496969e-24, nan 
-0.875, -54.375, 4.584226668469445e-23, nan 
-0.625, -54.375, 5.887039624304556e-23, nan 
-0.375, -54.375, 3.5369351313961776e-23, nan 
-0.125, -54.375, 1.0725410505884777e-23, nan 
0.125, -54.375, 2.3958697114563948e-23, nan 
-6.625, -54.125, 1.1578808542135244e-23, nan 
-6.375, -54.125, 2.5676794019086533e-23, nan 
-6.125, -54.125, 2.1378887823615785e-23, nan 
-5.875, -54.125, 3.6640992543948525e-24, nan 
-5.625, -54.125, 3.2935699022752234e-24, nan 
-5.375, -54.125, 2.4545184890289716e-24, nan 
-5.125, -54.125, 3.2020736854179866e-24, nan 
-4.875, -54.125, 2.173983753457e-23, nan 
-4.625, -54.125, 1.3081567412989576e-23, nan 
-4.375, -54.125, 1.1594255725605943e-23, nan 
-4.125, -54.125, 5.9533523334554114e-24, nan 
-3.875, -54.125, 1.1249703629201143e-23, nan 
-3.625, -54.125, 1.2887123363208262e-23, nan 
-3.375, -54.125, 2.1805198810973022e-23, nan 
-3.125, -54.125, 2.115080322108064e-23, nan 
-2.875, -54.125, 7.975318730984552e-24, nan 
-2.625, -54.125, 8.4643180441161e-24, nan 
-2.375, -54.125, 9.653694816740304e-24, nan 
-2.125, -54.125, 8.652094658743522e-24, nan 
-1.875, -54.125, 9.669515532789108e-24, nan 
-1.625, -54.125, 9.417944201655671e-24, nan 
-1.375, -54.125, 7.01571231732884e-24, nan 
-1.125, -54.125, 7.595530645503857e-24, nan 
-0.875, -54.125, 7.87887180835513e-24, nan 
-0.625, -54.125, 3.9416722189444264e-23, nan 
-0.375, -54.125, 4.1425619458461617e-23, nan 
-0.125, -54.125, 2.8057664761060047e-23, nan 
0.125, -54.125, 5.527408722262104e-23, nan 
-6.375, -53.875, 8.832950753367787e-24, nan 
-6.125, -53.875, 5.6818969610268786e-24, nan 
-5.875, -53.875, 1.9757541888145846e-24, nan 
-5.625, -53.875, 2.595886489431485e-24, nan 
-5.375, -53.875, 2.4167011238628925e-24, nan 
-5.125, -53.875, 3.0185958949149e-23, nan 
-4.875, -53.875, 4.8090375499598793e-23, nan 
-4.625, -53.875, 2.764822183534699e-23, nan 
-4.375, -53.875, 6.378340920648793e-24, nan 
-4.125, -53.875, 2.1358255588502986e-24, nan 
-3.875, -53.875, 7.154444840451862e-24, nan 
-3.625, -53.875, 9.590879991204517e-24, nan 
-3.375, -53.875, 9.273343684216204e-24, nan 
-3.125, -53.875, 1.2575794856175811e-23, nan 
-2.875, -53.875, 7.069087040394477e-24, nan 
-2.625, -53.875, 4.020653830201882e-24, nan 
-2.375, -53.875, 6.5517267300475595e-24, nan 
-2.125, -53.875, 4.463950097232764e-24, nan 
-1.875, -53.875, 8.337581439560928e-24, nan 
-1.625, -53.875, 7.26842824559252e-24, nan 
-1.375, -53.875, 4.539279645238745e-24, nan 
-1.125, -53.875, 5.52074467025351e-24, nan 
-0.875, -53.875, 7.226129875107701e-24, nan 
-0.625, -53.875, 7.322481921093166e-24, nan 
-0.375, -53.875, 2.237061068373002e-23, nan 
-0.125, -53.875, 2.818817903017357e-23, nan 
0.125, -53.875, 2.76815894453845e-23, nan 
-6.375, -53.625, 1.2996578209857807e-23, nan 
-6.125, -53.625, 1.0962109688648439e-23, nan 
-5.875, -53.625, 5.178318680706942e-24, nan 
-5.625, -53.625, 5.976263783578971e-24, nan 
-5.375, -53.625, 7.077341934208191e-24, nan 
-5.125, -53.625, 1.984055789860096e-24, nan 
-4.875, -53.625, 1.698301441568039e-23, nan 
-4.625, -53.625, 9.010672337897125e-24, nan 
-4.375, -53.625, 8.892992188582467e-24, nan 
-4.125, -53.625, 6.879031328656665e-24, nan 
-3.875, -53.625, 3.7938822644750504e-24, nan 
-3.625, -53.625, 7.763575512968348e-24, nan 
-3.375, -53.625, 8.876115886575105e-24, nan 
-3.125, -53.625, 1.3731228833974327e-23, nan 
-2.875, -53.625, 1.3840218985080476e-23, nan 
-2.625, -53.625, 7.83875665294011e-24, nan 
-2.375, -53.625, 7.937840260548957e-24, nan 
-2.125, -53.625, 1.0027157484438081e-23, nan 
-1.875, -53.625, 1.4128072536121336e-23, nan 
-1.625, -53.625, 3.1278706594632136e-23, nan 
-1.375, -53.625, 2.919730016592503e-23, nan 
-1.125, -53.625, 2.2115071323089408e-23, nan 
-0.875, -53.625, 7.423787906334802e-24, nan 
-0.625, -53.625, 7.232699221375587e-24, nan 
-0.375, -53.625, 7.925169754099301e-24, nan 
-0.125, -53.625, 9.336829255523417e-24, nan 
-6.125, -53.375, 1.786518694791879e-23, nan 
-5.875, -53.375, 1.922938091621402e-23, nan 
-5.625, -53.375, 9.786134847431445e-24, nan 
-5.375, -53.375, 9.722204501199681e-24, nan 
-5.125, -53.375, 9.471900718612831e-24, nan 
-4.875, -53.375, 8.068535407694701e-24, nan 
-4.625, -53.375, 8.555635405741307e-24, nan 
-4.375, -53.375, 5.3735321498612106e-24, nan 
-4.125, -53.375, 9.763117782876965e-24, nan 
-3.875, -53.375, 8.219017699820626e-24, nan 
-3.625, -53.375, 5.752537253403363e-24, nan 
-3.375, -53.375, 1.1833985419980254e-23, nan 
-3.125, -53.375, 1.1153266723217855e-23, nan 
-2.875, -53.375, 1.0999305520565988e-23, nan 
-2.625, -53.375, 9.133778790679211e-24, nan 
-2.375, -53.375, 5.4571950220999645e-24, nan 
-2.125, -53.375, 8.660835612986939e-24, nan 
-1.875, -53.375, 3.508567297146149e-23, nan 
-1.625, -53.375, 4.4768604623749295e-23, nan 
-1.375, -53.375, 3.156003230987788e-23, nan 
-1.125, -53.375, 3.664660387834964e-23, nan 
-0.875, -53.375, 2.6291380652137705e-23, nan 
-0.625, -53.375, 5.987488618222886e-24, nan 
-0.375, -53.375, 5.301150077316297e-24, nan 
-0.125, -53.375, 5.5650104991457404e-24, nan 
-5.875, -53.125, 2.3297936819965428e-23, nan 
-5.625, -53.125, 1.8799815144465153e-23, nan 
-5.375, -53.125, 1.0658334016401938e-23, nan 
-5.125, -53.125, 1.6990297290018904e-23, nan 
-4.875, -53.125, 1.8246750847188706e-23, nan 
-4.625, -53.125, 9.96850881981493e-24, nan 
-4.375, -53.125, 6.455011142683075e-24, nan 
-4.125, -53.125, 4.943841605809341e-24, nan 
-3.875, -53.125, 4.7556118912712835e-24, nan 
-3.625, -53.125, 5.069510884224351e-24, nan 
-3.375, -53.125, 7.226052628538461e-24, nan 
-3.125, -53.125, 8.43125304357845e-24, nan 
-2.875, -53.125, 5.788652228106571e-24, nan 
-2.625, -53.125, 6.204088266366575e-24, nan 
-2.375, -53.125, 6.451854359855345e-24, nan 
-2.125, -53.125, 1.0355276523790526e-23, nan 
-1.875, -53.125, 2.9444197032046446e-23, nan 
-1.625, -53.125, 3.628313022958693e-23, nan 
-1.375, -53.125, 2.877455692133062e-23, nan 
-1.125, -53.125, 3.109438894581568e-23, nan 
-0.875, -53.125, 2.0497481959923035e-23, nan 
-0.625, -53.125, 5.422077209609041e-24, nan 
-0.375, -53.125, 4.654105022119192e-24, nan 
-0.125, -53.125, 4.661726651156893e-24, nan 
-5.625, -52.875, 1.42944583789687e-23, nan 
-5.375, -52.875, 4.4064704945465815e-23, nan 
-5.125, -52.875, 4.562715156468325e-23, nan 
-4.875, -52.875, 3.358785695526927e-23, nan 
-4.625, -52.875, 2.511252227646472e-23, nan 
-4.375, -52.875, 3.1648639819458644e-23, nan 
-4.125, -52.875, 1.2704408432567637e-23, nan 
-3.875, -52.875, 7.786313294757036e-24, nan 
-3.625, -52.875, 6.826469471860126e-24, nan 
-3.375, -52.875, 8.179340944430545e-24, nan 
-3.125, -52.875, 1.1373558392996463e-23, nan 
-2.875, -52.875, 8.104412097045569e-24, nan 
-2.625, -52.875, 5.2780608770484935e-24, nan 
-2.375, -52.875, 4.454070443316625e-24, nan 
-2.125, -52.875, 7.511493159670848e-24, nan 
-1.875, -52.875, 8.970313710511595e-24, nan 
-1.625, -52.875, 2.4020940383747273e-23, nan 
-1.375, -52.875, 2.489832539558162e-23, nan 
-1.125, -52.875, 1.996057677249542e-23, nan 
-0.875, -52.875, 1.0602143041710806e-23, nan 
-0.625, -52.875, 7.06671858066256e-24, nan 
-0.375, -52.875, 2.7284517903326117e-24, nan 
-5.375, -52.625, 6.122653531388746e-23, nan 
-5.125, -52.625, 3.3945959452900937e-23, nan 
-4.875, -52.625, 1.8180975543840574e-23, nan 
-4.625, -52.625, 1.657770300095322e-23, nan 
-4.375, -52.625, 3.382233547545566e-23, nan 
-4.125, -52.625, 2.844488711298517e-23, nan 
-3.875, -52.625, 7.651991759516989e-24, nan 
-3.625, -52.625, 1.7720958692144192e-24, nan 
-3.375, -52.625, 1.0865249441942532e-23, nan 
-3.125, -52.625, 1.1794016680638437e-23, nan 
-2.875, -52.625, 3.0393434160716952e-24, nan 
-2.625, -52.625, 3.592871218191964e-24, nan 
-2.375, -52.625, 3.2237781059375884e-24, nan 
-2.125, -52.625, 2.659458965353502e-24, nan 
-1.875, -52.625, 5.0119115587859e-24, nan 
-1.625, -52.625, 7.613832823917142e-24, nan 
-1.375, -52.625, 7.13963369504176e-24, nan 
-1.125, -52.625, 6.116224866026714e-24, nan 
-0.875, -52.625, 6.909769312734804e-24, nan 
-0.625, -52.625, 6.6871662691295e-24, nan 
-0.375, -52.625, 1.6483315302940703e-24, nan 
-5.375, -52.375, 4.390298444135998e-23, nan 
-5.125, -52.375, 4.574238844408063e-24, nan 
-4.875, -52.375, 3.5700624633077744e-24, nan 
-4.625, -52.375, 3.126962853620908e-24, nan 
-4.375, -52.375, 3.933015412937647e-24, nan 
-4.125, -52.375, 2.756951964546966e-23, nan 
-3.875, -52.375, 2.643257737324216e-23, nan 
-3.625, -52.375, 7.368631631125505e-24, nan 
-3.375, -52.375, 6.635716841505828e-24, nan 
-3.125, -52.375, 3.0566497402475175e-24, nan 
-2.875, -52.375, 2.0213707452240496e-24, nan 
-2.625, -52.375, 3.8509625585312426e-24, nan 
-2.375, -52.375, 5.6531314322324554e-24, nan 
-2.125, -52.375, 4.566837450176765e-24, nan 
-1.875, -52.375, 6.534296974675325e-24, nan 
-1.625, -52.375, 1.020205715464414e-23, nan 
-1.375, -52.375, 8.206417341525889e-24, nan 
-1.125, -52.375, 8.083830308142671e-24, nan 
-0.875, -52.375, 7.409715894525622e-24, nan 
-0.625, -52.375, 7.28781537737214e-24, nan 
-5.125, -52.125, 2.7885927191975e-24, nan 
-4.875, -52.125, 1.5521281837847822e-24, nan 
-4.625, -52.125, 1.816380254307047e-24, nan 
-4.375, -52.125, 3.9808029873392724e-24, nan 
-4.125, -52.125, 6.2702854463055924e-24, nan 
-3.875, -52.125, 2.525491653862471e-23, nan 
-3.625, -52.125, 2.2394973512292084e-23, nan 
-3.375, -52.125, 4.473408960749019e-24, nan 
-3.125, -52.125, 3.315094962298165e-24, nan 
-2.875, -52.125, 1.9776557265732252e-24, nan 
-2.625, -52.125, 4.046016818912701e-24, nan 
-2.375, -52.125, 4.755980161997953e-24, nan 
-2.125, -52.125, 2.3595253435008434e-24, nan 
-1.875, -52.125, 7.333680261923548e-24, nan 
-1.625, -52.125, 9.777954231138714e-24, nan 
-1.375, -52.125, 7.970870293598176e-24, nan 
-1.125, -52.125, 1.244364626792944e-23, nan 
-0.875, -52.125, 1.14525668719387e-23, nan 
-0.625, -52.125, 6.335144607174859e-24, nan 
-4.875, -51.875, 3.470134161282448e-24, nan 
-4.625, -51.875, 3.773573945524687e-24, nan 
-4.375, -51.875, 5.7411652922752954e-24, nan 
-4.125, -51.875, 1.901039710136082e-23, nan 
-3.875, -51.875, 2.918297426920736e-23, nan 
-3.625, -51.875, 2.186045362429681e-23, nan 
-3.375, -51.875, 4.890344798245583e-24, nan 
-3.125, -51.875, 2.8362904989980288e-24, nan 
-2.875, -51.875, 2.6905527792350033e-24, nan 
-2.625, -51.875, 4.0908807309920104e-24, nan 
-2.375, -51.875, 4.856089349725366e-24, nan 
-2.125, -51.875, 4.830729288464601e-24, nan 
-1.875, -51.875, 5.0952704776974116e-24, nan 
-1.625, -51.875, 3.0313295746616238e-24, nan 
-1.375, -51.875, 2.4477556098090177e-24, nan 
-1.125, -51.875, 1.2468623919674256e-23, nan 
-0.875, -51.875, 1.430575425644006e-23, nan 
-4.625, -51.625, 2.721620024197397e-23, nan 
-4.375, -51.625, 3.318616493255996e-23, nan 
-4.125, -51.625, 3.274664008844047e-23, nan 
-3.875, -51.625, 2.286660457462636e-23, nan 
-3.625, -51.625, 1.2761599889557657e-23, nan 
-3.375, -51.625, 1.2272952732883735e-23, nan 
-3.125, -51.625, 8.31108464081257e-24, nan 
-2.875, -51.625, 2.3569731667803872e-24, nan 
-2.625, -51.625, 3.1711506308899233e-24, nan 
-2.375, -51.625, 5.184733422022283e-24, nan 
-2.125, -51.625, 6.85835991010097e-24, nan 
-1.875, -51.625, 6.908495918552062e-24, nan 
-1.625, -51.625, 6.424543537065086e-24, nan 
-1.375, -51.625, 4.3847675455553724e-24, nan 
-1.125, -51.625, 5.012571989268676e-24, nan 
-0.875, -51.625, 6.139682175357673e-24, nan 
-4.375, -51.375, 2.2594436645455534e-23, nan 
-4.125, -51.375, 7.022372693695595e-24, nan 
-3.875, -51.375, 7.119119199066379e-24, nan 
-3.625, -51.375, 6.199664909901764e-24, nan 
-3.375, -51.375, 3.83127970110973e-24, nan 
-3.125, -51.375, 3.4789351446600874e-24, nan 
-2.875, -51.375, 2.789254073136907e-24, nan 
-2.625, -51.375, 6.0258463823178955e-24, nan 
-2.375, -51.375, 7.241959460729095e-24, nan 
-2.125, -51.375, 1.1165036819817787e-23, nan 
-1.875, -51.375, 4.944357093583596e-24, nan 
-1.625, -51.375, 5.8980138091754826e-24, nan 
-1.375, -51.375, 4.246227726531656e-24, nan 
-1.125, -51.375, 4.280256797949743e-24, nan 
-4.125, -51.125, 3.2767957022835737e-24, nan 
-3.875, -51.125, 2.462722827371185e-24, nan 
-3.625, -51.125, 2.045578136871184e-24, nan 
-3.375, -51.125, 2.5779442648496472e-24, nan 
-3.125, -51.125, 3.806523526792861e-24, nan 
-2.875, -51.125, 3.1189478694919918e-24, nan 
-2.625, -51.125, 4.816853971685777e-24, nan 
-2.375, -51.125, 1.0848057757050399e-23, nan 
-2.125, -51.125, 2.7367628991036244e-23, nan 
-1.875, -51.125, 2.314161317961406e-23, nan 
-1.625, -51.125, 3.2661256820239657e-24, nan 
-1.375, -51.125, 2.611264245119409e-24, nan 
-1.125, -51.125, 2.6050492577095556e-24, nan 
-4.125, -50.875, 4.479998293541883e-24, nan 
-3.875, -50.875, 3.996308677768309e-24, nan 
-3.625, -50.875, 5.700249151093081e-24, nan 
-3.375, -50.875, 4.904790702141801e-24, nan 
-3.125, -50.875, 5.3221948315499085e-24, nan 
-2.875, -50.875, 6.123185442443386e-24, nan 
-2.625, -50.875, 8.292033866098097e-24, nan 
-2.375, -50.875, 3.8345200634640973e-23, nan 
-2.125, -50.875, 5.2318221122695996e-23, nan 
-1.875, -50.875, 4.7365507824892824e-23, nan 
-1.625, -50.875, 3.591441368791696e-23, nan 
-1.375, -50.875, 3.442225514453093e-24, nan 
-3.875, -50.625, 2.034676395480892e-23, nan 
-3.625, -50.625, 1.0175986663741606e-23, nan 
-3.375, -50.625, 4.5962740984101844e-24, nan 
-3.125, -50.625, 4.726632031534488e-24, nan 
-2.875, -50.625, 5.854575549261524e-24, nan 
-2.625, -50.625, 5.720786255995288e-24, nan 
-2.375, -50.625, 4.8441326242958266e-24, nan 
-2.125, -50.625, 2.7621510580013096e-23, nan 
-1.875, -50.625, 1.9839996400883522e-23, nan 
-1.625, -50.625, 4.137325864767952e-24, nan 
-1.375, -50.625, 5.967269644009758e-24, nan 
-3.625, -50.375, 2.8681642505605883e-23, nan 
-3.375, -50.375, 2.1327964195811397e-23, nan 
-3.125, -50.375, 3.837524984107749e-24, nan 
-2.875, -50.375, 5.315927625306426e-24, nan 
-2.625, -50.375, 6.679971538868281e-24, nan 
-2.375, -50.375, 5.8434512267433725e-24, nan 
-2.125, -50.375, 3.870139426154854e-24, nan 
-1.875, -50.375, 3.277913861142381e-24, nan 
-1.625, -50.375, 5.6410908032368066e-24, nan 
-3.375, -50.125, 3.495532964101183e-23, nan 
-3.125, -50.125, 2.889968839557861e-23, nan 
-2.875, -50.125, 1.305923404916258e-23, nan 
-2.625, -50.125, 6.349339604153045e-24, nan 
-2.375, -50.125, 4.439521833429329e-24, nan 
-2.125, -50.125, 3.2471875906320684e-24, nan 
-1.875, -50.125, 7.963785502973363e-24, nan 
-1.625, -50.125, 1.154280360790878e-23, nan 
-3.125, -49.875, 3.5392974213769986e-23, nan 
-2.875, -49.875, 5.140341328476044e-23, nan 
-2.625, -49.875, 4.903106735942453e-23, nan 
-2.375, -49.875, 5.0216386944829424e-23, nan 
-2.125, -49.875, 3.4554064419242204e-23, nan 
-1.875, -49.875, 1.8958652298753503e-23, nan 
-2.875, -49.625, 6.306619937613228e-23, 6.317752314701044e-23 
-2.625, -49.625, 5.0434196095750195e-23, 5.0528243462141923e-23 
-2.375, -49.625, 5.772707545222828e-23, 5.783811543146726e-23 
-2.125, -49.625, 5.833483312971175e-23, 5.844858623830043e-23 
-1.875, -49.625, 5.2223872606255274e-23, 5.232709159431562e-23 
-2.625, -49.375, 8.968549115174557e-24, 8.982746481632541e-24 
-2.375, -49.375, 8.308369036383025e-24, 8.322009729534572e-24 
-2.125, -49.375, 4.2685500104608486e-23, 4.2756711356694234e-23 
-2.375, -49.125, 5.138573900157707e-23, 5.145562706191077e-23 
-2.125, -49.125, 6.348278492413633e-23, 6.357105491729373e-23 
