# lon_gridpoint [deg], lat_gridpoint [deg], P_R_modelGRS [W], P_R_modelFREND [W] 
-56.875, -81.875, 2.45781589041847e-24, nan 
-56.625, -81.875, 2.189096835076175e-24, nan 
-56.375, -81.875, 2.9608936922786835e-24, nan 
-56.125, -81.875, 2.713795174148711e-24, nan 
-55.875, -81.875, 3.373633625701595e-24, nan 
-55.625, -81.875, 9.081319561438725e-25, nan 
-55.375, -81.875, 7.688383712184817e-25, nan 
-55.125, -81.875, 7.541265308167899e-25, nan 
-54.875, -81.875, 9.394348091082331e-25, nan 
-54.625, -81.875, 7.997180675280268e-25, nan 
-54.375, -81.875, 8.817467795186051e-25, nan 
-54.125, -81.875, 8.67981140733124e-25, nan 
-53.875, -81.875, 8.610820612736783e-25, nan 
-53.625, -81.875, 6.094149581927339e-25, nan 
-53.375, -81.875, 7.0519675327582275e-25, nan 
-53.125, -81.875, 5.892382811586753e-25, nan 
-52.875, -81.875, 4.555491555268597e-25, nan 
-52.625, -81.875, 1.2051326204379535e-25, nan 
-52.375, -81.875, 5.499741507458694e-25, nan 
-52.125, -81.875, 4.366605636099416e-25, nan 
-51.875, -81.875, 3.3242081443627493e-25, nan 
-51.625, -81.875, 3.1748781119121197e-25, nan 
-51.375, -81.875, 9.537994379838338e-25, nan 
-51.125, -81.875, 8.388532645747918e-25, nan 
-50.875, -81.875, 5.899062411299376e-25, nan 
-50.625, -81.875, 5.229116681266495e-25, nan 
-50.375, -81.875, 3.813902171955562e-25, nan 
-50.125, -81.875, 3.091068009044816e-25, nan 
-49.875, -81.875, 3.1183423673579604e-25, nan 
-49.625, -81.875, 5.589434391919937e-25, nan 
-49.375, -81.875, 2.3368341381751013e-25, nan 
-49.125, -81.875, 1.9878743237689916e-25, nan 
-48.875, -81.875, 4.766156460834837e-25, nan 
-48.625, -81.875, 6.317975832975634e-25, nan 
-48.375, -81.875, 6.08417162835371e-25, nan 
-48.125, -81.875, 5.843646806806033e-25, nan 
-47.875, -81.875, 1.1403738594856848e-24, nan 
-47.625, -81.875, 9.958102852335289e-25, nan 
-47.375, -81.875, 8.561905283748022e-25, nan 
-47.125, -81.875, 6.369941353968591e-25, nan 
-46.875, -81.875, 6.184322111123807e-25, nan 
-46.625, -81.875, 5.913291064054629e-25, nan 
-46.375, -81.875, 1.4030362333928265e-24, nan 
-46.125, -81.875, 1.0296411868079366e-24, nan 
-45.875, -81.875, 6.749781544814728e-25, nan 
-45.625, -81.875, 6.678558287132531e-25, nan 
-45.375, -81.875, 4.414340423759503e-25, nan 
-45.125, -81.875, 6.930651833159215e-25, nan 
-44.875, -81.875, 1.2203809681110534e-24, nan 
-44.625, -81.875, 1.3326880280272354e-24, nan 
-44.375, -81.875, 6.356700406727188e-25, nan 
-44.125, -81.875, 3.8549258452747984e-25, nan 
-43.875, -81.875, 3.5955740027631997e-25, nan 
-43.625, -81.875, 5.559884240326156e-25, nan 
-43.375, -81.875, 1.4360881495783523e-24, nan 
-43.125, -81.875, 2.5449314271371548e-24, nan 
-42.875, -81.875, 2.7568825901675578e-24, nan 
-42.625, -81.875, 1.4025366401076e-24, nan 
-42.375, -81.875, 1.0816973155266791e-24, nan 
-42.125, -81.875, 1.829130910348728e-24, nan 
-41.875, -81.875, 2.800541481448563e-24, nan 
-41.625, -81.875, 1.880089601794064e-24, nan 
-41.375, -81.875, 2.6874293101934137e-24, nan 
-41.125, -81.875, 3.615468745998816e-24, nan 
-40.875, -81.875, 5.402641267046371e-24, nan 
-40.625, -81.875, 4.4025199265952634e-24, nan 
-40.375, -81.875, 4.1750341185442056e-24, nan 
-40.125, -81.875, 5.011086663028208e-24, nan 
-39.875, -81.875, 5.574215855116539e-24, nan 
-39.625, -81.875, 4.284903229824967e-24, nan 
-39.375, -81.875, 4.619724852919449e-24, nan 
-39.125, -81.875, 6.008117693852546e-24, nan 
-38.875, -81.875, 4.797646301893809e-24, nan 
-38.625, -81.875, 4.5561305737832235e-24, nan 
-38.375, -81.875, 5.223770397060992e-24, nan 
-38.125, -81.875, 5.886074376469942e-24, nan 
-37.875, -81.875, 3.489065526284156e-24, nan 
-37.625, -81.875, 1.992814924127978e-24, nan 
-37.375, -81.875, 1.8271260480546407e-24, nan 
-37.125, -81.875, 1.917791235567761e-24, nan 
-36.875, -81.875, 3.323628337327417e-24, nan 
-36.625, -81.875, 2.4516291868869206e-24, nan 
-36.375, -81.875, 2.391480655228088e-24, nan 
-36.125, -81.875, 2.654515592392529e-24, nan 
-57.875, -81.625, 4.0993053033560996e-24, nan 
-57.625, -81.625, 3.500821168953262e-24, nan 
-57.375, -81.625, 8.436918118575758e-25, nan 
-57.125, -81.625, 1.0776630984985172e-24, nan 
-56.875, -81.625, 1.7222617867225597e-24, nan 
-56.625, -81.625, 1.8327212795516224e-24, nan 
-56.375, -81.625, 4.779847284831033e-24, nan 
-56.125, -81.625, 4.413668704984527e-24, nan 
-55.875, -81.625, 5.9132777859663276e-24, nan 
-55.625, -81.625, 1.0481566426689717e-24, nan 
-55.375, -81.625, 1.0598416401739626e-24, nan 
-55.125, -81.625, 1.1248196069143302e-24, nan 
-54.875, -81.625, 8.234188101326857e-25, nan 
-54.625, -81.625, 1.8772359115696117e-24, nan 
-54.375, -81.625, 1.6090549312751103e-24, nan 
-54.125, -81.625, 2.5871158298204454e-24, nan 
-53.875, -81.625, 1.0027752934170575e-24, nan 
-53.625, -81.625, 1.0316447164073634e-24, nan 
-53.375, -81.625, 7.938943190100205e-25, nan 
-53.125, -81.625, 8.941293930991243e-25, nan 
-52.875, -81.625, 1.0328671449272767e-24, nan 
-52.625, -81.625, 9.157855848240679e-25, nan 
-52.375, -81.625, 9.948723388719305e-25, nan 
-52.125, -81.625, 1.171303122275764e-24, nan 
-51.875, -81.625, 1.1025954568171112e-24, nan 
-51.625, -81.625, 6.562960024687727e-25, nan 
-51.375, -81.625, 6.973877184241528e-25, nan 
-51.125, -81.625, 5.353326726034529e-25, nan 
-50.875, -81.625, 6.112006599175754e-25, nan 
-50.625, -81.625, 8.285594416073374e-25, nan 
-50.375, -81.625, 8.1244781628420825e-25, nan 
-50.125, -81.625, 6.466509091817487e-25, nan 
-49.875, -81.625, 4.1282019748843515e-25, nan 
-49.625, -81.625, 6.287303360291804e-25, nan 
-49.375, -81.625, 7.451631944335103e-25, nan 
-49.125, -81.625, 5.938314638516266e-25, nan 
-48.875, -81.625, 8.182466955031854e-25, nan 
-48.625, -81.625, 5.9229198737027e-25, nan 
-48.375, -81.625, 7.632979644292147e-25, nan 
-48.125, -81.625, 9.558075349430753e-25, nan 
-47.875, -81.625, 9.422492365152851e-25, nan 
-47.625, -81.625, 9.208195706074936e-25, nan 
-47.375, -81.625, 8.360138034697693e-25, nan 
-47.125, -81.625, 8.48687790787604e-25, nan 
-46.875, -81.625, 5.834192488767534e-25, nan 
-46.625, -81.625, 7.615851836682286e-25, nan 
-46.375, -81.625, 9.309562349945753e-25, nan 
-46.125, -81.625, 5.110662942874079e-25, nan 
-45.875, -81.625, 2.840609851537324e-25, nan 
-45.625, -81.625, 3.897192192213982e-25, nan 
-45.375, -81.625, 7.212542457342254e-25, nan 
-45.125, -81.625, 8.386839784323291e-25, nan 
-44.875, -81.625, 4.383817013080116e-25, nan 
-44.625, -81.625, 3.6805474245912744e-25, nan 
-44.375, -81.625, 6.069217117680177e-25, nan 
-44.125, -81.625, 1.0908366415064999e-24, nan 
-43.875, -81.625, 1.4500455381272482e-24, nan 
-43.625, -81.625, 2.2114422215138733e-24, nan 
-43.375, -81.625, 3.0027516912857427e-24, nan 
-43.125, -81.625, 2.8210184640901314e-24, nan 
-42.875, -81.625, 3.166659063246931e-24, nan 
-42.625, -81.625, 3.1555067523842477e-24, nan 
-42.375, -81.625, 3.071911884556092e-24, nan 
-42.125, -81.625, 3.1881640121557827e-24, nan 
-41.875, -81.625, 3.714688247911002e-24, nan 
-41.625, -81.625, 3.691661843716091e-24, nan 
-41.375, -81.625, 3.481715052756037e-24, nan 
-41.125, -81.625, 3.7955602597668845e-24, nan 
-40.875, -81.625, 4.915172620943864e-24, nan 
-40.625, -81.625, 4.610258259669463e-24, nan 
-40.375, -81.625, 3.909249312127784e-24, nan 
-40.125, -81.625, 3.429228386214146e-24, nan 
-39.875, -81.625, 3.93671941413218e-24, nan 
-39.625, -81.625, 2.8585713076232284e-24, nan 
-39.375, -81.625, 2.3202707187139575e-24, nan 
-39.125, -81.625, 2.717915343752266e-24, nan 
-38.875, -81.625, 5.070729491960512e-24, nan 
-38.625, -81.625, 3.6192457614257276e-24, nan 
-38.375, -81.625, 2.9942436456063488e-24, nan 
-38.125, -81.625, 2.295469758414561e-24, nan 
-37.875, -81.625, 3.004631381676233e-24, nan 
-37.625, -81.625, 2.900274015229203e-24, nan 
-37.375, -81.625, 2.153759853795192e-24, nan 
-37.125, -81.625, 2.2337843083641605e-24, nan 
-36.875, -81.625, 1.7319533355202185e-24, nan 
-36.625, -81.625, 1.6602313919244957e-24, nan 
-36.375, -81.625, 1.6198996238609936e-24, nan 
-36.125, -81.625, 1.8469066794740202e-24, nan 
-35.875, -81.625, 2.3974939666421925e-24, nan 
-35.625, -81.625, 2.373116183384733e-24, nan 
-35.375, -81.625, 2.414483654570728e-24, nan 
-35.125, -81.625, 2.80318074880186e-24, nan 
-34.875, -81.625, 2.836138830650009e-24, nan 
-34.625, -81.625, 2.725260368618368e-24, nan 
-34.375, -81.625, 2.080343240304136e-24, nan 
-34.125, -81.625, 1.7955309879705538e-24, nan 
-33.875, -81.625, 1.9640198574016647e-24, nan 
-33.625, -81.625, 2.3208921898036636e-24, nan 
-33.375, -81.625, 3.26378848187397e-24, nan 
-33.125, -81.625, 4.132821142216535e-24, nan 
-32.875, -81.625, 4.7685122423739625e-24, nan 
-32.625, -81.625, 3.4602562458468115e-24, nan 
-32.375, -81.625, 3.807771071353797e-24, nan 
-32.125, -81.625, 3.8495222892086975e-24, nan 
-31.875, -81.625, 2.612004343186069e-24, nan 
-31.625, -81.625, 3.36450757239203e-24, nan 
-31.375, -81.625, 2.5738905072541784e-24, nan 
-31.125, -81.625, 4.0769077233259565e-24, nan 
-30.875, -81.625, 3.310121281873766e-24, nan 
-30.625, -81.625, 4.227781261146619e-24, nan 
-30.375, -81.625, 1.8114132718141273e-24, nan 
-57.125, -81.375, 2.120173187293743e-24, nan 
-56.875, -81.375, 2.0947285074074378e-24, nan 
-56.625, -81.375, 1.7792456601739447e-24, nan 
-56.375, -81.375, 2.3014743962308385e-24, nan 
-56.125, -81.375, 2.0030366913035106e-24, nan 
-55.875, -81.375, 2.6320055044673415e-24, nan 
-55.625, -81.375, 1.0691429923746362e-24, nan 
-55.375, -81.375, 9.730627883166639e-25, nan 
-55.125, -81.375, 7.186536973431083e-25, nan 
-54.875, -81.375, 7.311219772827442e-25, nan 
-54.625, -81.375, 1.2469023662312879e-24, nan 
-54.375, -81.375, 1.5061415661285839e-24, nan 
-54.125, -81.375, 8.850976217860702e-25, nan 
-53.875, -81.375, 6.447996944862789e-25, nan 
-53.625, -81.375, 5.473072888075072e-25, nan 
-53.375, -81.375, 3.4000102625934347e-25, nan 
-53.125, -81.375, 5.35269768488364e-25, nan 
-52.875, -81.375, 2.1954704320866177e-24, nan 
-52.625, -81.375, 2.7750829523698364e-24, nan 
-52.375, -81.375, 1.5483662908751318e-24, nan 
-52.125, -81.375, 1.1072077314362741e-24, nan 
-51.875, -81.375, 7.961308577830046e-25, nan 
-51.625, -81.375, 4.886789263783647e-25, nan 
-51.375, -81.375, 5.176671005859316e-25, nan 
-51.125, -81.375, 1.2041340872110747e-24, nan 
-50.875, -81.375, 1.657796157186965e-24, nan 
-50.625, -81.375, 1.101012249277421e-24, nan 
-50.375, -81.375, 6.663752116084571e-25, nan 
-50.125, -81.375, 5.025141977823743e-25, nan 
-49.875, -81.375, 6.984560853878843e-25, nan 
-49.625, -81.375, 7.297013875489914e-25, nan 
-49.375, -81.375, 6.751501685925745e-25, nan 
-49.125, -81.375, 8.202180652522248e-25, nan 
-48.875, -81.375, 6.008644935266221e-25, nan 
-48.625, -81.375, 3.523655243230687e-25, nan 
-48.375, -81.375, 6.755006673631233e-25, nan 
-48.125, -81.375, 1.0372735283710111e-24, nan 
-47.875, -81.375, 9.951534501429418e-25, nan 
-47.625, -81.375, 6.334611187832684e-25, nan 
-47.375, -81.375, 7.355427223341468e-25, nan 
-47.125, -81.375, 5.399880084222441e-25, nan 
-46.875, -81.375, 4.439416360424185e-25, nan 
-46.625, -81.375, 5.911219317563243e-25, nan 
-46.375, -81.375, 5.944772055129412e-25, nan 
-46.125, -81.375, 6.308981214554707e-25, nan 
-45.875, -81.375, 4.175476800592659e-25, nan 
-45.625, -81.375, 3.0562971695483524e-25, nan 
-45.375, -81.375, 6.147333897448645e-25, nan 
-45.125, -81.375, 6.991519947046079e-25, nan 
-44.875, -81.375, 8.74627358233545e-25, nan 
-44.625, -81.375, 1.228740805980138e-24, nan 
-44.375, -81.375, 1.0368160595897686e-24, nan 
-44.125, -81.375, 1.40994490042948e-24, nan 
-43.875, -81.375, 1.466964751441774e-24, nan 
-43.625, -81.375, 2.2827051558501746e-24, nan 
-43.375, -81.375, 2.0063703302337665e-24, nan 
-43.125, -81.375, 2.181087774960586e-24, nan 
-42.875, -81.375, 2.3380588667831972e-24, nan 
-42.625, -81.375, 2.437817634348162e-24, nan 
-42.375, -81.375, 2.651360425650885e-24, nan 
-42.125, -81.375, 2.5717814189612372e-24, nan 
-41.875, -81.375, 2.9452914200252133e-24, nan 
-41.625, -81.375, 2.6567691724011584e-24, nan 
-41.375, -81.375, 2.7443908526970004e-24, nan 
-41.125, -81.375, 2.5121306012948e-24, nan 
-40.875, -81.375, 2.370742543577018e-24, nan 
-40.625, -81.375, 2.973204179981793e-24, nan 
-40.375, -81.375, 2.5438523906107127e-24, nan 
-40.125, -81.375, 4.015642375898877e-24, nan 
-39.875, -81.375, 3.535622132229334e-24, nan 
-39.625, -81.375, 3.8431064870124034e-24, nan 
-39.375, -81.375, 3.4985790714419976e-24, nan 
-39.125, -81.375, 2.7504365852692468e-24, nan 
-38.875, -81.375, 5.289518387657328e-24, nan 
-38.625, -81.375, 3.723603834216746e-24, nan 
-38.375, -81.375, 6.0716937449087215e-24, nan 
-38.125, -81.375, 5.201738361899662e-24, nan 
-37.875, -81.375, 6.10504400597928e-24, nan 
-37.625, -81.375, 5.140093598627069e-24, nan 
-37.375, -81.375, 2.464113815000064e-24, nan 
-37.125, -81.375, 2.690551558786007e-24, nan 
-36.875, -81.375, 2.060471050601845e-24, nan 
-36.625, -81.375, 5.272982578512563e-24, nan 
-36.375, -81.375, 4.757354527747724e-24, nan 
-36.125, -81.375, 4.840147881593394e-24, nan 
-35.875, -81.375, 3.928936925827592e-24, nan 
-35.625, -81.375, 2.302765274175259e-24, nan 
-35.375, -81.375, 1.292445692801991e-24, nan 
-35.125, -81.375, 1.124410951358254e-24, nan 
-34.875, -81.375, 1.071587578731017e-24, nan 
-34.625, -81.375, 1.2814979663679543e-24, nan 
-34.375, -81.375, 1.2491211287241051e-24, nan 
-34.125, -81.375, 8.311253753510977e-25, nan 
-33.875, -81.375, 9.206468906557642e-25, nan 
-33.625, -81.375, 2.0430601895544663e-24, nan 
-33.375, -81.375, 3.151765276058868e-24, nan 
-33.125, -81.375, 4.338168897378296e-24, nan 
-32.875, -81.375, 4.04294365866399e-24, nan 
-32.625, -81.375, 3.1007069692751642e-24, nan 
-32.375, -81.375, 1.840318766226386e-24, nan 
-32.125, -81.375, 1.617198383499129e-24, nan 
-31.875, -81.375, 1.9266163769449987e-24, nan 
-31.625, -81.375, 2.6804333648104522e-24, nan 
-31.375, -81.375, 2.488630436972014e-24, nan 
-31.125, -81.375, 3.206481508352757e-24, nan 
-30.875, -81.375, 2.9833841450182175e-24, nan 
-30.625, -81.375, 2.5282608534159395e-24, nan 
-30.375, -81.375, 1.947216407336901e-24, nan 
-30.125, -81.375, 1.8607245891919812e-24, nan 
-29.875, -81.375, 1.5432137585979667e-24, nan 
-29.625, -81.375, 1.6212949213889e-24, nan 
-29.375, -81.375, 2.0382378958246082e-24, nan 
-29.125, -81.375, 2.3150317269913264e-24, nan 
-28.875, -81.375, 1.6412854011806063e-24, nan 
-28.625, -81.375, 1.4040462583779064e-24, nan 
-28.375, -81.375, 2.328770289151673e-24, nan 
-28.125, -81.375, 2.4056044862360442e-24, nan 
-27.875, -81.375, 2.4194902597100153e-24, nan 
-27.625, -81.375, 2.560989663220372e-24, nan 
-27.375, -81.375, 2.819662061494866e-24, nan 
-27.125, -81.375, 2.2078029062566252e-24, nan 
-26.875, -81.375, 1.5901658327266694e-24, nan 
-26.625, -81.375, 3.2884382677526826e-24, nan 
-56.375, -81.125, 1.4432551012409255e-24, nan 
-56.125, -81.125, 1.2389714645952579e-24, nan 
-55.875, -81.125, 8.109387789779247e-25, nan 
-55.625, -81.125, 6.014108024517903e-25, nan 
-55.375, -81.125, 6.3456382858228e-25, nan 
-55.125, -81.125, 5.033457679946078e-25, nan 
-54.875, -81.125, 4.4101640916444905e-25, nan 
-54.625, -81.125, 4.453661626279816e-25, nan 
-54.375, -81.125, 4.867386128428252e-25, nan 
-54.125, -81.125, 4.71271540932265e-25, nan 
-53.875, -81.125, 4.952693243013869e-25, nan 
-53.625, -81.125, 3.953753741546683e-25, nan 
-53.375, -81.125, 3.868423349153298e-25, nan 
-53.125, -81.125, 4.183735426506167e-25, nan 
-52.875, -81.125, 1.3743407733003832e-24, nan 
-52.625, -81.125, 1.7123814610854667e-24, nan 
-52.375, -81.125, 1.07720826272349e-24, nan 
-52.125, -81.125, 7.568343998753596e-25, nan 
-51.875, -81.125, 5.009174955684378e-25, nan 
-51.625, -81.125, 3.8291396366811784e-25, nan 
-51.375, -81.125, 2.1235102557271274e-25, nan 
-51.125, -81.125, 3.174432325906938e-25, nan 
-50.875, -81.125, 5.148716116454132e-25, nan 
-50.625, -81.125, 5.642683441166396e-25, nan 
-50.375, -81.125, 4.91240515468605e-25, nan 
-50.125, -81.125, 4.15285731541351e-25, nan 
-49.875, -81.125, 2.9815114377406246e-25, nan 
-49.625, -81.125, 3.956820805619866e-25, nan 
-49.375, -81.125, 9.225585367295199e-25, nan 
-49.125, -81.125, 1.1314313439235655e-24, nan 
-48.875, -81.125, 1.4682844835113648e-24, nan 
-48.625, -81.125, 2.422530817147572e-24, nan 
-48.375, -81.125, 2.8032996185318744e-24, nan 
-48.125, -81.125, 6.804888368378186e-25, nan 
-47.875, -81.125, 1.5852447904230897e-24, nan 
-47.625, -81.125, 1.4793420804005216e-24, nan 
-47.375, -81.125, 1.1488694043024214e-24, nan 
-47.125, -81.125, 1.0808021695584432e-24, nan 
-46.875, -81.125, 7.395686297070738e-25, nan 
-46.625, -81.125, 7.03917952937149e-25, nan 
-46.375, -81.125, 9.91312417193514e-25, nan 
-46.125, -81.125, 9.710826797264576e-25, nan 
-45.875, -81.125, 7.620104500776181e-25, nan 
-45.625, -81.125, 9.88394741314713e-25, nan 
-45.375, -81.125, 9.488329265910407e-25, nan 
-45.125, -81.125, 1.0389163017270338e-24, nan 
-44.875, -81.125, 9.87369095306147e-25, nan 
-44.625, -81.125, 1.3656407315840275e-24, nan 
-44.375, -81.125, 1.5079330436990666e-24, nan 
-44.125, -81.125, 1.4487745980611694e-24, nan 
-43.875, -81.125, 1.2597982951478093e-24, nan 
-43.625, -81.125, 1.5229194729687029e-24, nan 
-43.375, -81.125, 1.3222014520111366e-24, nan 
-43.125, -81.125, 1.432337559306684e-24, nan 
-42.875, -81.125, 1.6152972642372234e-24, nan 
-42.625, -81.125, 1.904162684666758e-24, nan 
-42.375, -81.125, 1.717452256460975e-24, nan 
-42.125, -81.125, 1.5655538689068721e-24, nan 
-41.875, -81.125, 1.1627632159140874e-24, nan 
-41.625, -81.125, 1.137556022912985e-24, nan 
-41.375, -81.125, 1.4347246167891748e-24, nan 
-41.125, -81.125, 1.3610922051173218e-24, nan 
-40.875, -81.125, 2.0291640597375924e-24, nan 
-40.625, -81.125, 3.1991886812531676e-24, nan 
-40.375, -81.125, 2.3473662835420025e-24, nan 
-40.125, -81.125, 2.6579638004854453e-24, nan 
-39.875, -81.125, 2.642144913280626e-24, nan 
-39.625, -81.125, 2.7299435648101824e-24, nan 
-39.375, -81.125, 2.3652516862265917e-24, nan 
-39.125, -81.125, 2.7403699191731568e-24, nan 
-38.875, -81.125, 4.991872034570361e-24, nan 
-38.625, -81.125, 3.980823489750233e-24, nan 
-38.375, -81.125, 3.0918598179623063e-24, nan 
-38.125, -81.125, 4.568784170959821e-24, nan 
-37.875, -81.125, 3.5283250487756975e-24, nan 
-37.625, -81.125, 2.777024631497032e-24, nan 
-37.375, -81.125, 2.661897273426978e-24, nan 
-37.125, -81.125, 3.752195524507436e-24, nan 
-36.875, -81.125, 3.2151474833292394e-24, nan 
-36.625, -81.125, 3.820338329596568e-24, nan 
-36.375, -81.125, 4.466374073899615e-24, nan 
-36.125, -81.125, 3.4832675389239585e-24, nan 
-35.875, -81.125, 2.633037639869756e-24, nan 
-35.625, -81.125, 2.3949015867794598e-24, nan 
-35.375, -81.125, 1.6124789200281804e-24, nan 
-35.125, -81.125, 1.015496377553147e-24, nan 
-34.875, -81.125, 1.3288518132649761e-24, nan 
-34.625, -81.125, 7.067243196720448e-25, nan 
-34.375, -81.125, 5.780932055360742e-25, nan 
-34.125, -81.125, 5.480929266764451e-25, nan 
-33.875, -81.125, 7.164189540139751e-25, nan 
-33.625, -81.125, 1.2638666753885268e-24, nan 
-33.375, -81.125, 1.9853680668601883e-24, nan 
-33.125, -81.125, 2.1535261066092993e-24, nan 
-32.875, -81.125, 2.2065736894142853e-24, nan 
-32.625, -81.125, 2.286155395578528e-24, nan 
-32.375, -81.125, 1.7757396649657546e-24, nan 
-32.125, -81.125, 1.1059198643363712e-24, nan 
-31.875, -81.125, 4.5564389188903355e-25, nan 
-31.625, -81.125, 1.595105083273436e-24, nan 
-31.375, -81.125, 9.153396033439841e-25, nan 
-31.125, -81.125, 1.8259631536757474e-24, nan 
-30.875, -81.125, 1.6383143928705562e-24, nan 
-30.625, -81.125, 8.637066651438847e-25, nan 
-30.375, -81.125, 1.1949588439348188e-24, nan 
-30.125, -81.125, 1.7190885106362036e-24, nan 
-29.875, -81.125, 1.588209316523889e-24, nan 
-29.625, -81.125, 1.532120415301945e-24, nan 
-29.375, -81.125, 1.958980588686486e-24, nan 
-29.125, -81.125, 1.9574994837201722e-24, nan 
-28.875, -81.125, 1.9788058168490572e-24, nan 
-28.625, -81.125, 1.7729381748338982e-24, nan 
-28.375, -81.125, 1.658716356752618e-24, nan 
-28.125, -81.125, 1.3733645507745417e-24, nan 
-27.875, -81.125, 1.4707545570005378e-24, nan 
-27.625, -81.125, 1.5323625304814744e-24, nan 
-27.375, -81.125, 1.6654613509627295e-24, nan 
-27.125, -81.125, 2.1041587213017337e-24, nan 
-26.875, -81.125, 3.761701223459831e-24, nan 
-26.625, -81.125, 3.343463232474866e-24, nan 
-26.375, -81.125, 2.2355262467215746e-24, nan 
-26.125, -81.125, 2.0845514141617995e-24, nan 
-25.875, -81.125, 1.9119519783497685e-24, nan 
-25.625, -81.125, 1.4782444022932342e-24, nan 
-25.375, -81.125, 1.3467751256171988e-24, nan 
-25.125, -81.125, 1.3984409317824064e-24, nan 
-24.875, -81.125, 1.1819154206597246e-24, nan 
-24.625, -81.125, 1.033467453750724e-24, nan 
-24.375, -81.125, 6.883339610718655e-25, nan 
-24.125, -81.125, 8.348948228272338e-25, nan 
-23.875, -81.125, 9.969697494627964e-25, nan 
-23.625, -81.125, 1.35722877980326e-24, nan 
-23.375, -81.125, 1.609189285203848e-24, nan 
-55.375, -80.875, 7.154410604499901e-25, nan 
-55.125, -80.875, 5.1987098813897865e-25, nan 
-54.875, -80.875, 5.50857290749597e-25, nan 
-54.625, -80.875, 4.609656952462545e-25, nan 
-54.375, -80.875, 2.0348251365683939e-25, nan 
-54.125, -80.875, 9.031956138287147e-25, nan 
-53.875, -80.875, 1.203117187850494e-24, nan 
-53.625, -80.875, 9.850531485601756e-25, nan 
-53.375, -80.875, 8.1431798816225e-25, nan 
-53.125, -80.875, 5.979111707720841e-25, nan 
-52.875, -80.875, 7.371964726365629e-25, nan 
-52.625, -80.875, 5.627596747957657e-25, nan 
-52.375, -80.875, 3.9170878048457553e-25, nan 
-52.125, -80.875, 3.5104560769998677e-25, nan 
-51.875, -80.875, 5.600550534292545e-25, nan 
-51.625, -80.875, 4.160709814997593e-25, nan 
-51.375, -80.875, 4.048617456527693e-25, nan 
-51.125, -80.875, 7.842365395383934e-25, nan 
-50.875, -80.875, 8.935940636779366e-25, nan 
-50.625, -80.875, 5.648905070157439e-25, nan 
-50.375, -80.875, 1.8428745334737562e-24, nan 
-50.125, -80.875, 2.5298839262816302e-24, nan 
-49.875, -80.875, 5.335371535913171e-25, nan 
-49.625, -80.875, 1.0602235166961956e-24, nan 
-49.375, -80.875, 1.5013511030725076e-24, nan 
-49.125, -80.875, 1.5732935993238022e-24, nan 
-48.875, -80.875, 1.3498289824849255e-24, nan 
-48.625, -80.875, 3.971321609165465e-24, nan 
-48.375, -80.875, 5.232661795752409e-24, nan 
-48.125, -80.875, 8.563946434084568e-25, nan 
-47.875, -80.875, 2.6190844027828052e-24, nan 
-47.625, -80.875, 1.9921780127256216e-24, nan 
-47.375, -80.875, 1.2445359565027694e-24, nan 
-47.125, -80.875, 1.0746326811278385e-24, nan 
-46.875, -80.875, 2.1177594350142622e-24, nan 
-46.625, -80.875, 2.7954556649333648e-24, nan 
-46.375, -80.875, 1.0014222526236602e-24, nan 
-46.125, -80.875, 1.3948196695275161e-24, nan 
-45.875, -80.875, 1.1007286232055944e-24, nan 
-45.625, -80.875, 8.32228140084895e-25, nan 
-45.375, -80.875, 8.855993594099264e-25, nan 
-45.125, -80.875, 9.969477890688102e-25, nan 
-44.875, -80.875, 1.100221620616552e-24, nan 
-44.625, -80.875, 1.0564544352793172e-24, nan 
-44.375, -80.875, 1.0848831177286047e-24, nan 
-44.125, -80.875, 1.0377826657082923e-24, nan 
-43.875, -80.875, 8.457602647689567e-25, nan 
-43.625, -80.875, 1.0589379927909022e-24, nan 
-43.375, -80.875, 1.1093222137920154e-24, nan 
-43.125, -80.875, 1.0867842756365797e-24, nan 
-42.875, -80.875, 1.2769849091847419e-24, nan 
-42.625, -80.875, 1.670586448194592e-24, nan 
-42.375, -80.875, 1.4227141971526496e-24, nan 
-42.125, -80.875, 1.6872346582611893e-24, nan 
-41.875, -80.875, 8.704117161584295e-25, nan 
-41.625, -80.875, 9.820684721244804e-25, nan 
-41.375, -80.875, 1.4074998066072095e-24, nan 
-41.125, -80.875, 2.3978137133180415e-24, nan 
-40.875, -80.875, 2.6460826602391066e-24, nan 
-40.625, -80.875, 3.2485876047476685e-24, nan 
-40.375, -80.875, 4.000165337728428e-24, nan 
-40.125, -80.875, 2.3335294696201748e-24, nan 
-39.875, -80.875, 2.4570987928622125e-24, nan 
-39.625, -80.875, 2.2086460899439713e-24, nan 
-39.375, -80.875, 2.0837914319648926e-24, nan 
-39.125, -80.875, 1.9073212763069953e-24, nan 
-38.875, -80.875, 2.7218309581756565e-24, nan 
-38.625, -80.875, 3.2039214197372232e-24, nan 
-38.375, -80.875, 2.5522494755907324e-24, nan 
-38.125, -80.875, 4.188314251357859e-24, nan 
-37.875, -80.875, 4.135433518443112e-24, nan 
-37.625, -80.875, 3.242730491281742e-24, nan 
-37.375, -80.875, 2.616169064816114e-24, nan 
-37.125, -80.875, 2.437613501617871e-24, nan 
-36.875, -80.875, 3.1990522619915007e-24, nan 
-36.625, -80.875, 3.1257059998362213e-24, nan 
-36.375, -80.875, 4.6093248556185724e-24, nan 
-36.125, -80.875, 4.3237786090053935e-24, nan 
-35.875, -80.875, 3.30958456319052e-24, nan 
-35.625, -80.875, 2.4886197396651076e-24, nan 
-35.375, -80.875, 1.7247224432000096e-24, nan 
-35.125, -80.875, 1.1391286137041659e-24, nan 
-34.875, -80.875, 1.277836084629652e-24, nan 
-34.625, -80.875, 1.1137668541089618e-24, nan 
-34.375, -80.875, 1.5600142024442575e-24, nan 
-34.125, -80.875, 1.6048435121129611e-24, nan 
-33.875, -80.875, 1.080303824569166e-24, nan 
-33.625, -80.875, 1.6231247505336408e-24, nan 
-33.375, -80.875, 2.787492436569849e-24, nan 
-33.125, -80.875, 2.637975141081128e-24, nan 
-32.875, -80.875, 2.858810850273388e-24, nan 
-32.625, -80.875, 2.8195762548042124e-24, nan 
-32.375, -80.875, 2.4017897536809388e-24, nan 
-32.125, -80.875, 1.152242207413929e-24, nan 
-31.875, -80.875, 2.0449701069064217e-24, nan 
-31.625, -80.875, 2.1374942475339593e-24, nan 
-31.375, -80.875, 1.2857741404060052e-24, nan 
-31.125, -80.875, 2.2481762142504335e-24, nan 
-30.875, -80.875, 1.8051453838030676e-24, nan 
-30.625, -80.875, 3.0066925019953715e-24, nan 
-30.375, -80.875, 3.222333497925253e-24, nan 
-30.125, -80.875, 3.5642031561241936e-24, nan 
-29.875, -80.875, 3.2865134417535858e-24, nan 
-29.625, -80.875, 3.456656561066408e-24, nan 
-29.375, -80.875, 3.560986963539623e-24, nan 
-29.125, -80.875, 3.335176435980536e-24, nan 
-28.875, -80.875, 3.1258285265499283e-24, nan 
-28.625, -80.875, 2.914131683702528e-24, nan 
-28.375, -80.875, 3.393109275969907e-24, nan 
-28.125, -80.875, 3.395698183147596e-24, nan 
-27.875, -80.875, 4.561307868981356e-24, nan 
-27.625, -80.875, 3.969222091736683e-24, nan 
-27.375, -80.875, 4.611098877745831e-24, nan 
-27.125, -80.875, 4.5609220452896895e-24, nan 
-26.875, -80.875, 3.720112908615784e-24, nan 
-26.625, -80.875, 3.660947182413336e-24, nan 
-26.375, -80.875, 2.4241918787732196e-24, nan 
-26.125, -80.875, 2.441400535578205e-24, nan 
-25.875, -80.875, 2.0135826345751312e-24, nan 
-25.625, -80.875, 2.2729093436033613e-24, nan 
-25.375, -80.875, 2.1782170790626026e-24, nan 
-25.125, -80.875, 1.9595071645448485e-24, nan 
-24.875, -80.875, 2.1538225755141895e-24, nan 
-24.625, -80.875, 1.3812990368954697e-24, nan 
-24.375, -80.875, 1.2874460901764757e-24, nan 
-24.125, -80.875, 1.273255058330788e-24, nan 
-23.875, -80.875, 1.20161449491234e-24, nan 
-23.625, -80.875, 9.833940347130702e-25, nan 
-23.375, -80.875, 9.680457117011284e-25, nan 
-23.125, -80.875, 1.1319356586649765e-24, nan 
-22.875, -80.875, 1.1659466552036299e-24, nan 
-22.625, -80.875, 1.718213233142528e-24, nan 
-22.375, -80.875, 1.36742893068319e-24, nan 
-22.125, -80.875, 1.2231623341471604e-24, nan 
-21.875, -80.875, 5.6647641264306845e-25, nan 
-21.625, -80.875, 7.757162405603114e-25, nan 
-21.375, -80.875, 1.133877606447564e-24, nan 
-21.125, -80.875, 2.0685649007002423e-24, nan 
-20.875, -80.875, 2.844750541688265e-24, nan 
-54.625, -80.625, 1.5875162179885298e-24, nan 
-54.375, -80.625, 1.6951706536202504e-24, nan 
-54.125, -80.625, 1.4317532098503364e-24, nan 
-53.875, -80.625, 1.6555597345770313e-24, nan 
-53.625, -80.625, 1.3184264856276889e-24, nan 
-53.375, -80.625, 1.1598936751839919e-24, nan 
-53.125, -80.625, 9.115395331566843e-25, nan 
-52.875, -80.625, 1.1185717636750586e-24, nan 
-52.625, -80.625, 8.983619997294482e-25, nan 
-52.375, -80.625, 9.20568105062159e-25, nan 
-52.125, -80.625, 1.0226067756946463e-24, nan 
-51.875, -80.625, 8.232818986251042e-25, nan 
-51.625, -80.625, 7.682817599376178e-25, nan 
-51.375, -80.625, 7.134273936980269e-25, nan 
-51.125, -80.625, 9.284332656708571e-25, nan 
-50.875, -80.625, 7.858496166253548e-25, nan 
-50.625, -80.625, 8.584612488253653e-25, nan 
-50.375, -80.625, 8.498900102178309e-25, nan 
-50.125, -80.625, 6.81554851732101e-25, nan 
-49.875, -80.625, 5.916731559731216e-25, nan 
-49.625, -80.625, 6.98483944095324e-25, nan 
-49.375, -80.625, 1.209208392016792e-24, nan 
-49.125, -80.625, 1.3435186140350846e-24, nan 
-48.875, -80.625, 5.6614998722757375e-25, nan 
-48.625, -80.625, 1.6788961858055956e-24, nan 
-48.375, -80.625, 2.472847789745273e-24, nan 
-48.125, -80.625, 8.863174483152472e-25, nan 
-47.875, -80.625, 1.828757718266162e-24, nan 
-47.625, -80.625, 1.2923185399197915e-24, nan 
-47.375, -80.625, 1.0993223613362217e-24, nan 
-47.125, -80.625, 1.0517081467057358e-24, nan 
-46.875, -80.625, 8.892089657328743e-25, nan 
-46.625, -80.625, 1.0869721923763692e-24, nan 
-46.375, -80.625, 1.1263190626842004e-24, nan 
-46.125, -80.625, 1.1250046770718745e-24, nan 
-45.875, -80.625, 1.0548962570319276e-24, nan 
-45.625, -80.625, 9.840924872178627e-25, nan 
-45.375, -80.625, 9.861012814171616e-25, nan 
-45.125, -80.625, 1.0136495539843384e-24, nan 
-44.875, -80.625, 1.3261734769634085e-24, nan 
-44.625, -80.625, 1.1641057914220859e-24, nan 
-44.375, -80.625, 1.4870343576740926e-24, nan 
-44.125, -80.625, 1.041557192243204e-24, nan 
-43.875, -80.625, 9.280885783544683e-25, nan 
-43.625, -80.625, 7.384684251386316e-25, nan 
-43.375, -80.625, 5.633325694312106e-25, nan 
-43.125, -80.625, 2.0959030853121236e-25, nan 
-42.875, -80.625, 4.930713205970058e-25, nan 
-42.625, -80.625, 2.026564296092942e-24, nan 
-42.375, -80.625, 8.496732956439384e-25, nan 
-42.125, -80.625, 1.1720730974946436e-24, nan 
-41.875, -80.625, 1.6689411545072457e-24, nan 
-41.625, -80.625, 1.777566340561594e-24, nan 
-41.375, -80.625, 1.5074097621545552e-24, nan 
-41.125, -80.625, 2.1035653817218304e-24, nan 
-40.875, -80.625, 2.264511606393608e-24, nan 
-40.625, -80.625, 2.8570976806148437e-24, nan 
-40.375, -80.625, 3.5087642109948024e-24, nan 
-40.125, -80.625, 2.9961945362345876e-24, nan 
-39.875, -80.625, 3.241550723964871e-24, nan 
-39.625, -80.625, 2.2070083765419444e-24, nan 
-39.375, -80.625, 2.1178103578629945e-24, nan 
-39.125, -80.625, 1.7254055081508237e-24, nan 
-38.875, -80.625, 2.0085817549290045e-24, nan 
-38.625, -80.625, 1.6512739844760451e-24, nan 
-38.375, -80.625, 1.7905488765145853e-24, nan 
-38.125, -80.625, 2.510181972096498e-24, nan 
-37.875, -80.625, 2.9384391749095984e-24, nan 
-37.625, -80.625, 2.811677850455339e-24, nan 
-37.375, -80.625, 2.5232269228907975e-24, nan 
-37.125, -80.625, 3.0008996544863905e-24, nan 
-36.875, -80.625, 3.7454674538301706e-24, nan 
-36.625, -80.625, 3.675190385793723e-24, nan 
-36.375, -80.625, 3.3025498798696504e-24, nan 
-36.125, -80.625, 2.7711392351991005e-24, nan 
-35.875, -80.625, 2.985855431253395e-24, nan 
-35.625, -80.625, 3.439890145815563e-24, nan 
-35.375, -80.625, 2.683762166436157e-24, nan 
-35.125, -80.625, 4.1889895071044996e-24, nan 
-34.875, -80.625, 4.095522717561869e-24, nan 
-34.625, -80.625, 2.627310910758325e-24, nan 
-34.375, -80.625, 1.644266078444995e-24, nan 
-34.125, -80.625, 1.324600158493082e-24, nan 
-33.875, -80.625, 1.6770851395438584e-24, nan 
-33.625, -80.625, 2.1947965010404065e-24, nan 
-33.375, -80.625, 4.237463727608311e-24, nan 
-33.125, -80.625, 5.188985640196918e-24, nan 
-32.875, -80.625, 3.3889452381001e-24, nan 
-32.625, -80.625, 3.5201751093109e-24, nan 
-32.375, -80.625, 5.652208996579845e-25, nan 
-32.125, -80.625, 2.5324667662865494e-24, nan 
-31.875, -80.625, 2.0619738213392444e-24, nan 
-31.625, -80.625, 2.872638242076146e-24, nan 
-31.375, -80.625, 5.524545875267332e-24, nan 
-31.125, -80.625, 4.0030798553894144e-24, nan 
-30.875, -80.625, 5.962443355972357e-24, nan 
-30.625, -80.625, 2.868935922636076e-24, nan 
-30.375, -80.625, 3.67490227543603e-24, nan 
-30.125, -80.625, 3.7026618779914796e-24, nan 
-29.875, -80.625, 3.6924849043856636e-24, nan 
-29.625, -80.625, 4.595716640544151e-24, nan 
-29.375, -80.625, 3.682494764814837e-24, nan 
-29.125, -80.625, 4.078176629586381e-24, nan 
-28.875, -80.625, 2.0092808975782173e-24, nan 
-28.625, -80.625, 2.846155798931708e-24, nan 
-28.375, -80.625, 3.420178603840404e-24, nan 
-28.125, -80.625, 3.7052486215428756e-24, nan 
-27.875, -80.625, 4.349155792832752e-24, nan 
-27.625, -80.625, 3.753587905899392e-24, nan 
-27.375, -80.625, 4.0869885547730985e-24, nan 
-27.125, -80.625, 4.025053972014327e-24, nan 
-26.875, -80.625, 1.192793729399074e-24, nan 
-26.625, -80.625, 1.3491996459833909e-24, nan 
-26.375, -80.625, 2.062472082087707e-24, nan 
-26.125, -80.625, 1.8040874387323023e-24, nan 
-25.875, -80.625, 1.8194532799348758e-24, nan 
-25.625, -80.625, 1.794226951340233e-24, nan 
-25.375, -80.625, 1.8645492663229333e-24, nan 
-25.125, -80.625, 1.672131099379362e-24, nan 
-24.875, -80.625, 1.8942122897005076e-24, nan 
-24.625, -80.625, 1.5550287286365668e-24, nan 
-24.375, -80.625, 1.4329210159048252e-24, nan 
-24.125, -80.625, 1.4662387166821577e-24, nan 
-23.875, -80.625, 1.4555138066446978e-24, nan 
-23.625, -80.625, 1.0491386733837613e-24, nan 
-23.375, -80.625, 8.78398828568139e-25, nan 
-23.125, -80.625, 1.0520728378464441e-24, nan 
-22.875, -80.625, 8.829415860964759e-25, nan 
-22.625, -80.625, 7.876364673716846e-25, nan 
-22.375, -80.625, 6.533158573198785e-25, nan 
-22.125, -80.625, 6.843013472920877e-25, nan 
-21.875, -80.625, 7.74007210774233e-25, nan 
-21.625, -80.625, 1.3467463607246001e-24, nan 
-21.375, -80.625, 9.921919206215546e-25, nan 
-21.125, -80.625, 1.2198363205520669e-24, nan 
-20.875, -80.625, 1.4187381709617114e-24, nan 
-20.625, -80.625, 1.4627703715110968e-24, nan 
-20.375, -80.625, 1.1386441792027916e-24, nan 
-20.125, -80.625, 1.3523574458698701e-24, nan 
-19.875, -80.625, 2.6334665255206e-24, nan 
-19.625, -80.625, 2.2453795971650036e-24, nan 
-19.375, -80.625, 2.058111903786077e-24, nan 
-19.125, -80.625, 1.824735728299738e-24, nan 
-18.875, -80.625, 1.175462853429932e-24, nan 
-18.625, -80.625, 9.791721310960233e-25, nan 
-54.125, -80.375, 1.5328943879081804e-24, nan 
-53.875, -80.375, 1.3307802599226767e-24, nan 
-53.625, -80.375, 1.3374969762219725e-24, nan 
-53.375, -80.375, 1.3901006433450868e-24, nan 
-53.125, -80.375, 1.4717918447802963e-24, nan 
-52.875, -80.375, 1.7404025347108745e-24, nan 
-52.625, -80.375, 1.6493156098236633e-24, nan 
-52.375, -80.375, 1.2748158815867534e-24, nan 
-52.125, -80.375, 2.127733152961627e-24, nan 
-51.875, -80.375, 3.3362467746435295e-24, nan 
-51.625, -80.375, 2.833496786750388e-24, nan 
-51.375, -80.375, 7.048111470051606e-25, nan 
-51.125, -80.375, 1.36733315039184e-24, nan 
-50.875, -80.375, 1.5019077119687964e-24, nan 
-50.625, -80.375, 1.0931446785308902e-24, nan 
-50.375, -80.375, 1.076997510621436e-24, nan 
-50.125, -80.375, 7.844922681724024e-25, nan 
-49.875, -80.375, 7.272122374050915e-25, nan 
-49.625, -80.375, 1.1626890072627258e-24, nan 
-49.375, -80.375, 1.032821439381553e-24, nan 
-49.125, -80.375, 1.0873408685496807e-24, nan 
-48.875, -80.375, 8.112632759316158e-25, nan 
-48.625, -80.375, 6.917270512416665e-25, nan 
-48.375, -80.375, 4.830350168715908e-25, nan 
-48.125, -80.375, 8.227082305509902e-25, nan 
-47.875, -80.375, 7.730977020764247e-25, nan 
-47.625, -80.375, 4.223870210606522e-25, nan 
-47.375, -80.375, 9.972684341869655e-25, nan 
-47.125, -80.375, 6.661856372595777e-25, nan 
-46.875, -80.375, 5.536738935951501e-25, nan 
-46.625, -80.375, 7.273729935149763e-25, nan 
-46.375, -80.375, 1.0481751600507764e-24, nan 
-46.125, -80.375, 1.0105487718321489e-24, nan 
-45.875, -80.375, 1.296346961364366e-24, nan 
-45.625, -80.375, 1.229027743304571e-24, nan 
-45.375, -80.375, 1.1952359128173794e-24, nan 
-45.125, -80.375, 1.15013581318817e-24, nan 
-44.875, -80.375, 1.0621678484762865e-24, nan 
-44.625, -80.375, 1.5324357818500278e-24, nan 
-44.375, -80.375, 1.3573580419035335e-24, nan 
-44.125, -80.375, 1.242930205711365e-24, nan 
-43.875, -80.375, 1.081710109490909e-24, nan 
-43.625, -80.375, 1.0576740765529186e-24, nan 
-43.375, -80.375, 7.9258101243006835e-25, nan 
-43.125, -80.375, 5.779783039658402e-25, nan 
-42.875, -80.375, 1.193515223038013e-24, nan 
-42.625, -80.375, 1.7108988778341975e-24, nan 
-42.375, -80.375, 1.6526334302031012e-24, nan 
-42.125, -80.375, 2.0552301350014234e-24, nan 
-41.875, -80.375, 1.859828392866103e-24, nan 
-41.625, -80.375, 1.9628010009890993e-24, nan 
-41.375, -80.375, 1.9961122823358313e-24, nan 
-41.125, -80.375, 1.8292306606959255e-24, nan 
-40.875, -80.375, 2.212358154077963e-24, nan 
-40.625, -80.375, 1.9948256399378868e-24, nan 
-40.375, -80.375, 1.9548058006625423e-24, nan 
-40.125, -80.375, 2.031685000554199e-24, nan 
-39.875, -80.375, 1.958798924577105e-24, nan 
-39.625, -80.375, 1.299464056351847e-24, nan 
-39.375, -80.375, 1.5428553380848851e-24, nan 
-39.125, -80.375, 1.6463136828111056e-24, nan 
-38.875, -80.375, 2.0071307226517455e-24, nan 
-38.625, -80.375, 2.4918091650112898e-24, nan 
-38.375, -80.375, 3.1658375436872475e-24, nan 
-38.125, -80.375, 3.56100517268302e-24, nan 
-37.875, -80.375, 4.0523455629742105e-24, nan 
-37.625, -80.375, 4.224698616049693e-24, nan 
-37.375, -80.375, 3.6843524166466406e-24, nan 
-37.125, -80.375, 3.517368707455042e-24, nan 
-36.875, -80.375, 5.090893966090416e-24, nan 
-36.625, -80.375, 4.8195869603965835e-24, nan 
-36.375, -80.375, 4.516257857127683e-24, nan 
-36.125, -80.375, 3.394508239971741e-24, nan 
-35.875, -80.375, 2.45735119354349e-24, nan 
-35.625, -80.375, 5.278997085390976e-24, nan 
-35.375, -80.375, 2.5288177996224437e-24, nan 
-35.125, -80.375, 3.0813958019316444e-24, nan 
-34.875, -80.375, 3.45152046232653e-24, nan 
-34.625, -80.375, 3.8543505042598655e-24, nan 
-34.375, -80.375, 5.032662723494728e-24, nan 
-34.125, -80.375, 3.1235233304016494e-24, nan 
-33.875, -80.375, 3.092331330658796e-24, nan 
-33.625, -80.375, 3.0691647554725514e-24, nan 
-33.375, -80.375, 2.661137572006274e-24, nan 
-33.125, -80.375, 2.7039965439772677e-24, nan 
-32.875, -80.375, 2.1356600361764486e-24, nan 
-32.625, -80.375, 3.8686818174453444e-24, nan 
-32.375, -80.375, 3.1530044879794003e-24, nan 
-32.125, -80.375, 2.8804049386593814e-24, nan 
-31.875, -80.375, 2.1092328242140738e-24, nan 
-31.625, -80.375, 2.378587149445576e-24, nan 
-31.375, -80.375, 4.4577198216270656e-24, nan 
-31.125, -80.375, 3.523728512006241e-24, nan 
-30.875, -80.375, 4.6966147093291065e-24, nan 
-30.625, -80.375, 1.802175444267983e-24, nan 
-30.375, -80.375, 1.4173632504178333e-24, nan 
-30.125, -80.375, 2.331657714582245e-24, nan 
-29.875, -80.375, 2.5949324561754315e-24, nan 
-29.625, -80.375, 2.2622133244491572e-24, nan 
-29.375, -80.375, 1.7139569429871562e-24, nan 
-29.125, -80.375, 1.426106098929198e-24, nan 
-28.875, -80.375, 1.5791404908913072e-24, nan 
-28.625, -80.375, 2.0397079967857597e-24, nan 
-28.375, -80.375, 2.2515272140708538e-24, nan 
-28.125, -80.375, 2.015953890591805e-24, nan 
-27.875, -80.375, 1.6169397812220288e-24, nan 
-27.625, -80.375, 1.2513257527493457e-24, nan 
-27.375, -80.375, 1.0228113446570074e-24, nan 
-27.125, -80.375, 7.861099925601386e-25, nan 
-26.875, -80.375, 7.555392093271443e-25, nan 
-26.625, -80.375, 6.772100092832281e-25, nan 
-26.375, -80.375, 6.209482155800753e-25, nan 
-26.125, -80.375, 6.863200107751024e-25, nan 
-25.875, -80.375, 6.100764121043732e-25, nan 
-25.625, -80.375, 5.766192021810566e-25, nan 
-25.375, -80.375, 5.880977456939699e-25, nan 
-25.125, -80.375, 6.178898311625542e-25, nan 
-24.875, -80.375, 6.678260715044357e-25, nan 
-24.625, -80.375, 7.547848034321108e-25, nan 
-24.375, -80.375, 7.505582152956679e-25, nan 
-24.125, -80.375, 1.1084736926787827e-24, nan 
-23.875, -80.375, 1.0982609161139611e-24, nan 
-23.625, -80.375, 9.61096023179602e-25, nan 
-23.375, -80.375, 9.426976372876215e-25, nan 
-23.125, -80.375, 9.090923819492961e-25, nan 
-22.875, -80.375, 1.6501783047256022e-24, nan 
-22.625, -80.375, 1.4698892479309428e-24, nan 
-22.375, -80.375, 1.5281910545387383e-24, nan 
-22.125, -80.375, 1.6385070453217337e-24, nan 
-21.875, -80.375, 1.3470299274001592e-24, nan 
-21.625, -80.375, 1.3574459002869518e-24, nan 
-21.375, -80.375, 1.8037252575157444e-24, nan 
-21.125, -80.375, 1.658612396231124e-24, nan 
-20.875, -80.375, 1.6869566641072975e-24, nan 
-20.625, -80.375, 1.6799654432104185e-24, nan 
-20.375, -80.375, 1.4395635568880033e-24, nan 
-20.125, -80.375, 1.6438700479970426e-24, nan 
-19.875, -80.375, 1.1822299006592708e-24, nan 
-19.625, -80.375, 1.4019600830594527e-24, nan 
-19.375, -80.375, 2.0102942581518853e-24, nan 
-19.125, -80.375, 2.300935050181694e-24, nan 
-18.875, -80.375, 2.2746241492405127e-24, nan 
-18.625, -80.375, 3.4064988055059485e-24, nan 
-18.375, -80.375, 5.9056926055434445e-24, nan 
-18.125, -80.375, 7.679933534983583e-24, nan 
-17.875, -80.375, 6.76096075676831e-24, nan 
-17.625, -80.375, 7.960638621931332e-24, nan 
-17.375, -80.375, 8.346278137231382e-24, nan 
-17.125, -80.375, 5.757809633974189e-24, nan 
-16.875, -80.375, 3.688277257344112e-24, nan 
-16.625, -80.375, 4.8663290135068685e-24, nan 
-53.375, -80.125, 4.932250121674502e-24, nan 
-53.125, -80.125, 5.8801024301935675e-24, nan 
-52.875, -80.125, 5.611684684165635e-24, nan 
-52.625, -80.125, 1.835296120260553e-24, nan 
-52.375, -80.125, 1.4536641094161688e-24, nan 
-52.125, -80.125, 6.247824142604661e-24, nan 
-51.875, -80.125, 8.214178151508634e-24, nan 
-51.625, -80.125, 7.266968051857946e-24, nan 
-51.375, -80.125, 1.7191474852318503e-24, nan 
-51.125, -80.125, 2.9059256761025817e-24, nan 
-50.875, -80.125, 4.835216723337558e-24, nan 
-50.625, -80.125, 4.1610633084170655e-24, nan 
-50.375, -80.125, 3.0107510411988912e-24, nan 
-50.125, -80.125, 1.0198199377899237e-24, nan 
-49.875, -80.125, 2.302241533618774e-24, nan 
-49.625, -80.125, 2.8190298090272808e-24, nan 
-49.375, -80.125, 1.5787282759869625e-24, nan 
-49.125, -80.125, 1.1332268729564421e-24, nan 
-48.875, -80.125, 1.236645241875598e-24, nan 
-48.625, -80.125, 9.153862138616731e-25, nan 
-48.375, -80.125, 7.15510674949707e-25, nan 
-48.125, -80.125, 5.039932847215139e-25, nan 
-47.875, -80.125, 3.633358605648249e-25, nan 
-47.625, -80.125, 2.6783195650931345e-25, nan 
-47.375, -80.125, 5.32441558146048e-25, nan 
-47.125, -80.125, 5.972930623612486e-25, nan 
-46.875, -80.125, 6.431961785288759e-25, nan 
-46.625, -80.125, 4.7604891538252095e-25, nan 
-46.375, -80.125, 5.583818236256142e-25, nan 
-46.125, -80.125, 6.1398474262019e-25, nan 
-45.875, -80.125, 4.334885087801788e-25, nan 
-45.625, -80.125, 5.9283525002980695e-25, nan 
-45.375, -80.125, 5.964324943252744e-25, nan 
-45.125, -80.125, 6.780786118642831e-25, nan 
-44.875, -80.125, 9.862945817629695e-25, nan 
-44.625, -80.125, 1.000894308282217e-24, nan 
-44.375, -80.125, 1.0040101769479477e-24, nan 
-44.125, -80.125, 1.2362189736988798e-24, nan 
-43.875, -80.125, 1.2073501805309455e-24, nan 
-43.625, -80.125, 1.2023400536572144e-24, nan 
-43.375, -80.125, 7.717928025588087e-25, nan 
-43.125, -80.125, 1.0226340378931167e-24, nan 
-42.875, -80.125, 1.8810575794356465e-24, nan 
-42.625, -80.125, 2.2453409841781553e-24, nan 
-42.375, -80.125, 2.3736727030386975e-24, nan 
-42.125, -80.125, 2.6884723796287783e-24, nan 
-41.875, -80.125, 2.4112266999586957e-24, nan 
-41.625, -80.125, 2.1148488620937213e-24, nan 
-41.375, -80.125, 2.4383429965570774e-24, nan 
-41.125, -80.125, 2.3430233248172088e-24, nan 
-40.875, -80.125, 2.536568308724011e-24, nan 
-40.625, -80.125, 2.7399564633405212e-24, nan 
-40.375, -80.125, 2.9712519789640367e-24, nan 
-40.125, -80.125, 2.1739218127956443e-24, nan 
-39.875, -80.125, 2.571239752960719e-24, nan 
-39.625, -80.125, 3.3557244048208285e-24, nan 
-39.375, -80.125, 3.410737915870028e-24, nan 
-39.125, -80.125, 3.378423377324578e-24, nan 
-38.875, -80.125, 2.6704597435202065e-24, nan 
-38.625, -80.125, 2.5152054550375307e-24, nan 
-38.375, -80.125, 3.379183781917891e-24, nan 
-38.125, -80.125, 3.088950251602035e-24, nan 
-37.875, -80.125, 3.7099955798783836e-24, nan 
-37.625, -80.125, 4.3969327244309246e-24, nan 
-37.375, -80.125, 4.042989140294751e-24, nan 
-37.125, -80.125, 3.405128756766942e-24, nan 
-36.875, -80.125, 2.7404866894179642e-24, nan 
-36.625, -80.125, 2.8007393166899848e-24, nan 
-36.375, -80.125, 4.358452395166878e-24, nan 
-36.125, -80.125, 3.920464389833354e-24, nan 
-35.875, -80.125, 2.240671537459649e-24, nan 
-35.625, -80.125, 3.0718793221078037e-24, nan 
-35.375, -80.125, 3.409046085171063e-24, nan 
-35.125, -80.125, 3.163231285021644e-24, nan 
-34.875, -80.125, 3.064366798716801e-24, nan 
-34.625, -80.125, 3.499552635164361e-24, nan 
-34.375, -80.125, 5.490115697570145e-24, nan 
-34.125, -80.125, 4.1144104889140314e-24, nan 
-33.875, -80.125, 1.9028387071491126e-24, nan 
-33.625, -80.125, 1.6964465776183954e-24, nan 
-33.375, -80.125, 2.4781392838214017e-24, nan 
-33.125, -80.125, 3.491831493812426e-24, nan 
-32.875, -80.125, 2.9057176213017978e-24, nan 
-32.625, -80.125, 2.9178921284035353e-24, nan 
-32.375, -80.125, 2.296905562622036e-24, nan 
-32.125, -80.125, 2.1648559001400955e-24, nan 
-31.875, -80.125, 1.6308092635607516e-24, nan 
-31.625, -80.125, 1.394410694174126e-24, nan 
-31.375, -80.125, 1.3808689302283265e-24, nan 
-31.125, -80.125, 1.0619625069031106e-24, nan 
-30.875, -80.125, 1.0853979675629298e-24, nan 
-30.625, -80.125, 8.93576478632567e-25, nan 
-30.375, -80.125, 1.6843317877848784e-24, nan 
-30.125, -80.125, 1.891508810993674e-24, nan 
-29.875, -80.125, 2.2361124592992068e-24, nan 
-29.625, -80.125, 2.4176489144412026e-24, nan 
-29.375, -80.125, 2.827426485326413e-24, nan 
-29.125, -80.125, 2.190815162939226e-24, nan 
-28.875, -80.125, 2.2573156978454943e-24, nan 
-28.625, -80.125, 2.6105640921554637e-24, nan 
-28.375, -80.125, 2.7116817951642863e-24, nan 
-28.125, -80.125, 3.1049142559325258e-24, nan 
-27.875, -80.125, 1.9965833764840302e-24, nan 
-27.625, -80.125, 1.5073411324040634e-24, nan 
-27.375, -80.125, 8.822312626629247e-25, nan 
-27.125, -80.125, 7.454009869535703e-25, nan 
-26.875, -80.125, 6.960804389629222e-25, nan 
-26.625, -80.125, 6.381595744703978e-25, nan 
-26.375, -80.125, 7.0197160942886235e-25, nan 
-26.125, -80.125, 7.587473482991742e-25, nan 
-25.875, -80.125, 1.1368163695528727e-24, nan 
-25.625, -80.125, 1.7333280118309056e-24, nan 
-25.375, -80.125, 8.590925694481724e-25, nan 
-25.125, -80.125, 1.1321608846779322e-24, nan 
-24.875, -80.125, 1.6717678871609043e-24, nan 
-24.625, -80.125, 1.6887746599905902e-24, nan 
-24.375, -80.125, 1.773891114033776e-24, nan 
-24.125, -80.125, 2.1077904764309743e-24, nan 
-23.875, -80.125, 1.93375741563883e-24, nan 
-23.625, -80.125, 8.424374595945855e-25, nan 
-23.375, -80.125, 6.89947329582732e-25, nan 
-23.125, -80.125, 7.062176114094982e-25, nan 
-22.875, -80.125, 1.2532651602736743e-24, nan 
-22.625, -80.125, 1.2514146838247222e-24, nan 
-22.375, -80.125, 1.3140110568061555e-24, nan 
-22.125, -80.125, 1.5614055286353151e-24, nan 
-21.875, -80.125, 1.5282117326132181e-24, nan 
-21.625, -80.125, 1.385414071853228e-24, nan 
-21.375, -80.125, 1.595268154076057e-24, nan 
-21.125, -80.125, 1.3069653458546197e-24, nan 
-20.875, -80.125, 1.69108244299794e-24, nan 
-20.625, -80.125, 1.970838631023407e-24, nan 
-20.375, -80.125, 1.8540182938977618e-24, nan 
-20.125, -80.125, 1.5288342129759038e-24, nan 
-19.875, -80.125, 2.421385422488624e-24, nan 
-19.625, -80.125, 5.5726980744254876e-24, nan 
-19.375, -80.125, 7.266854718064412e-24, nan 
-19.125, -80.125, 5.9265956327953624e-24, nan 
-18.875, -80.125, 7.256064248354363e-24, nan 
-18.625, -80.125, 7.131328477850991e-24, nan 
-18.375, -80.125, 1.1981941680100136e-23, nan 
-18.125, -80.125, 1.5095353654968298e-23, nan 
-17.875, -80.125, 1.4782404772148857e-23, nan 
-17.625, -80.125, 1.8275387781618697e-23, nan 
-17.375, -80.125, 1.8708162109247036e-23, nan 
-17.125, -80.125, 1.154949329502261e-23, nan 
-16.875, -80.125, 9.907111060679208e-24, nan 
-16.625, -80.125, 8.86119908547381e-24, nan 
-16.375, -80.125, 1.1266975712148299e-23, nan 
-16.125, -80.125, 1.4210433120038097e-23, nan 
-15.875, -80.125, 8.753831937207466e-24, nan 
-15.625, -80.125, 7.175119173345792e-24, nan 
-15.375, -80.125, 5.376337668632038e-24, nan 
-15.125, -80.125, 4.37832726472627e-24, nan 
-14.875, -80.125, 3.266107282488949e-24, nan 
-52.625, -79.875, 3.002167133216999e-24, nan 
-52.375, -79.875, 3.696747874835247e-24, nan 
-52.125, -79.875, 3.59018562425704e-24, nan 
-51.875, -79.875, 3.487106510189273e-24, nan 
-51.625, -79.875, 2.9869238513429335e-24, nan 
-51.375, -79.875, 2.887255557622397e-24, nan 
-51.125, -79.875, 2.3871574431827034e-24, nan 
-50.875, -79.875, 2.5124761311246333e-24, nan 
-50.625, -79.875, 1.7576778212772757e-24, nan 
-50.375, -79.875, 1.5702538770942945e-24, nan 
-50.125, -79.875, 1.699137660308808e-24, nan 
-49.875, -79.875, 1.2711868147013572e-24, nan 
-49.625, -79.875, 1.192748143466786e-24, nan 
-49.375, -79.875, 1.5812930873361503e-24, nan 
-49.125, -79.875, 2.2349458960143658e-24, nan 
-48.875, -79.875, 2.5578967852552833e-24, nan 
-48.625, -79.875, 1.718913527042251e-24, nan 
-48.375, -79.875, 1.3323828051895196e-24, nan 
-48.125, -79.875, 1.332415938118898e-24, nan 
-47.875, -79.875, 1.9663931802796244e-24, nan 
-47.625, -79.875, 2.092898697343792e-24, nan 
-47.375, -79.875, 1.521892001370999e-24, nan 
-47.125, -79.875, 1.1723036185776583e-24, nan 
-46.875, -79.875, 1.1728801109326656e-24, nan 
-46.625, -79.875, 2.9829157520810224e-25, nan 
-46.375, -79.875, 2.49684677558085e-25, nan 
-46.125, -79.875, 2.3168231303166485e-25, nan 
-45.875, -79.875, 1.8734340035340463e-25, nan 
-45.625, -79.875, 4.738549536924233e-25, nan 
-45.375, -79.875, 9.033169533279684e-25, nan 
-45.125, -79.875, 7.5153392212223035e-25, nan 
-44.875, -79.875, 6.419188032944598e-25, nan 
-44.625, -79.875, 7.20483070607047e-25, nan 
-44.375, -79.875, 1.075729184273386e-24, nan 
-44.125, -79.875, 1.3883401405115149e-24, nan 
-43.875, -79.875, 8.85970079248319e-25, nan 
-43.625, -79.875, 1.0979065540052526e-24, nan 
-43.375, -79.875, 2.5751444125674344e-24, nan 
-43.125, -79.875, 2.8950267088414756e-24, nan 
-42.875, -79.875, 1.7982587866196538e-24, nan 
-42.625, -79.875, 1.6781772222389634e-24, nan 
-42.375, -79.875, 1.8383031993518153e-24, nan 
-42.125, -79.875, 3.709775423746255e-24, nan 
-41.875, -79.875, 3.752458925604716e-24, nan 
-41.625, -79.875, 1.533523685357629e-24, nan 
-41.375, -79.875, 1.3065817322660692e-24, nan 
-41.125, -79.875, 9.762815284105402e-25, nan 
-40.875, -79.875, 1.746913647524362e-24, nan 
-40.625, -79.875, 1.484323539211139e-24, nan 
-40.375, -79.875, 1.0544695104642218e-24, nan 
-40.125, -79.875, 1.7852279002401096e-24, nan 
-39.875, -79.875, 2.8604301714291307e-24, nan 
-39.625, -79.875, 3.0133323734820546e-24, nan 
-39.375, -79.875, 2.2946210474234873e-24, nan 
-39.125, -79.875, 1.958873886089923e-24, nan 
-38.875, -79.875, 2.040256812944818e-24, nan 
-38.625, -79.875, 2.4329631268982057e-24, nan 
-38.375, -79.875, 3.681629345718279e-24, nan 
-38.125, -79.875, 3.9584163977884556e-24, nan 
-37.875, -79.875, 4.378800323409148e-24, nan 
-37.625, -79.875, 5.077453293480967e-24, nan 
-37.375, -79.875, 4.6603335383345036e-24, nan 
-37.125, -79.875, 5.2319129078761766e-24, nan 
-36.875, -79.875, 4.876931007223679e-24, nan 
-36.625, -79.875, 5.3850798510183006e-24, nan 
-36.375, -79.875, 6.3869525005449416e-24, nan 
-36.125, -79.875, 6.043769452398801e-24, nan 
-35.875, -79.875, 5.867010898300104e-24, nan 
-35.625, -79.875, 6.208385186278987e-24, nan 
-35.375, -79.875, 7.495966308275405e-24, nan 
-35.125, -79.875, 6.687279416644775e-24, nan 
-34.875, -79.875, 5.724291696451623e-24, nan 
-34.625, -79.875, 4.621175712859143e-24, nan 
-34.375, -79.875, 4.322145369262343e-24, nan 
-34.125, -79.875, 3.806851071626802e-24, nan 
-33.875, -79.875, 3.8689899049496665e-24, nan 
-33.625, -79.875, 4.104891188939684e-24, nan 
-33.375, -79.875, 3.261400821287793e-24, nan 
-33.125, -79.875, 3.2067054256318983e-24, nan 
-32.875, -79.875, 2.25651948652964e-24, nan 
-32.625, -79.875, 1.8251484054151568e-24, nan 
-32.375, -79.875, 1.4071287130663982e-24, nan 
-32.125, -79.875, 9.153268404168508e-25, nan 
-31.875, -79.875, 8.45792431987591e-25, nan 
-31.625, -79.875, 7.233055882468985e-25, nan 
-31.375, -79.875, 7.308574934474021e-25, nan 
-31.125, -79.875, 6.1459672527036355e-25, nan 
-30.875, -79.875, 7.26070731599287e-25, nan 
-30.625, -79.875, 1.214237697754812e-24, nan 
-30.375, -79.875, 9.91864489640772e-25, nan 
-30.125, -79.875, 1.0010041295389425e-24, nan 
-29.875, -79.875, 8.137610026644088e-25, nan 
-29.625, -79.875, 1.026004694408828e-24, nan 
-29.375, -79.875, 1.4785685281782312e-24, nan 
-29.125, -79.875, 1.3369750575304367e-24, nan 
-28.875, -79.875, 1.569303317813679e-24, nan 
-28.625, -79.875, 2.0064999566626364e-24, nan 
-28.375, -79.875, 1.7120498181887185e-24, nan 
-28.125, -79.875, 1.6275002948602774e-24, nan 
-27.875, -79.875, 1.4786111052839707e-24, nan 
-27.625, -79.875, 1.3312774652085323e-24, nan 
-27.375, -79.875, 1.3909111980102462e-24, nan 
-27.125, -79.875, 1.1777545914838406e-24, nan 
-26.875, -79.875, 1.4330684812650411e-24, nan 
-26.625, -79.875, 1.08002786687531e-24, nan 
-26.375, -79.875, 1.0999647029941623e-24, nan 
-26.125, -79.875, 1.2872195299758452e-24, nan 
-25.875, -79.875, 1.3465067286147056e-24, nan 
-25.625, -79.875, 2.0210543881267224e-24, nan 
-25.375, -79.875, 1.7741639632453704e-24, nan 
-25.125, -79.875, 1.532473011035948e-24, nan 
-24.875, -79.875, 2.1864893441621645e-24, nan 
-24.625, -79.875, 2.83329173254264e-24, nan 
-24.375, -79.875, 2.9422856728370457e-24, nan 
-24.125, -79.875, 3.603163536699682e-24, nan 
-23.875, -79.875, 3.276773534465981e-24, nan 
-23.625, -79.875, 2.000566437096779e-24, nan 
-23.375, -79.875, 3.2441383010004473e-24, nan 
-23.125, -79.875, 3.4292030934294946e-24, nan 
-22.875, -79.875, 3.729327572976766e-24, nan 
-22.625, -79.875, 3.793196286211053e-24, nan 
-22.375, -79.875, 3.225319577369683e-24, nan 
-22.125, -79.875, 3.477007823634805e-24, nan 
-21.875, -79.875, 3.654621255071652e-24, nan 
-21.625, -79.875, 3.394610745357171e-24, nan 
-21.375, -79.875, 3.2617618719462748e-24, nan 
-21.125, -79.875, 2.4909774010551886e-24, nan 
-20.875, -79.875, 2.0034226568863273e-24, nan 
-20.625, -79.875, 2.0993325591388462e-24, nan 
-20.375, -79.875, 3.241130064147898e-24, nan 
-20.125, -79.875, 4.3776257604655116e-24, nan 
-19.875, -79.875, 3.930993485831588e-24, nan 
-19.625, -79.875, 5.9527668523991236e-24, nan 
-19.375, -79.875, 3.3229995447172545e-24, nan 
-19.125, -79.875, 5.633641726765852e-24, nan 
-18.875, -79.875, 4.853932714643135e-24, nan 
-18.625, -79.875, 4.8618237453828676e-24, nan 
-18.375, -79.875, 1.0646748902482485e-23, nan 
-18.125, -79.875, 8.257777987273521e-24, nan 
-17.875, -79.875, 1.1031366554494758e-23, nan 
-17.625, -79.875, 1.1598918059013567e-23, nan 
-17.375, -79.875, 9.068963796864738e-24, nan 
-17.125, -79.875, 6.832631421995536e-24, nan 
-16.875, -79.875, 2.30404904330912e-24, nan 
-16.625, -79.875, 4.063827907995958e-24, nan 
-16.375, -79.875, 5.773269078777693e-24, nan 
-16.125, -79.875, 7.374820283012912e-24, nan 
-15.875, -79.875, 1.0040889764287414e-23, nan 
-15.625, -79.875, 9.573925417888876e-24, nan 
-15.375, -79.875, 7.040699474765842e-24, nan 
-15.125, -79.875, 5.7116068013931696e-24, nan 
-14.875, -79.875, 3.3603747490563914e-24, nan 
-14.625, -79.875, 7.072076381144722e-24, nan 
-14.375, -79.875, 4.732259343499861e-24, nan 
-14.125, -79.875, 4.836970278153868e-24, nan 
-13.875, -79.875, 4.634537076856033e-24, nan 
-13.625, -79.875, 3.760269743828766e-24, nan 
-13.375, -79.875, 5.8632453223735905e-24, nan 
-51.875, -79.625, 3.815519719914914e-24, nan 
-51.625, -79.625, 3.42789609661997e-24, nan 
-51.375, -79.625, 2.78838598028508e-24, nan 
-51.125, -79.625, 2.516992515612471e-24, nan 
-50.875, -79.625, 1.7843549682249256e-24, nan 
-50.625, -79.625, 2.250133673348224e-24, nan 
-50.375, -79.625, 1.5317680066414861e-24, nan 
-50.125, -79.625, 1.50766372226098e-24, nan 
-49.875, -79.625, 1.2373979409691366e-24, nan 
-49.625, -79.625, 1.31177718157224e-24, nan 
-49.375, -79.625, 1.2381314751275386e-24, nan 
-49.125, -79.625, 1.159513948581379e-24, nan 
-48.875, -79.625, 7.189135527525008e-25, nan 
-48.625, -79.625, 6.567110026088279e-25, nan 
-48.375, -79.625, 1.1892874352751289e-24, nan 
-48.125, -79.625, 1.8794780643603887e-24, nan 
-47.875, -79.625, 2.131569359611936e-24, nan 
-47.625, -79.625, 1.7865211942260778e-24, nan 
-47.375, -79.625, 1.3841199136573018e-24, nan 
-47.125, -79.625, 1.2129880779462719e-24, nan 
-46.875, -79.625, 2.0597053499658266e-24, nan 
-46.625, -79.625, 1.77621123072602e-24, nan 
-46.375, -79.625, 1.3004791750605147e-24, nan 
-46.125, -79.625, 1.0662352535717133e-24, nan 
-45.875, -79.625, 6.219799048414194e-25, nan 
-45.625, -79.625, 9.023866569399848e-25, nan 
-45.375, -79.625, 1.1101019003211362e-24, nan 
-45.125, -79.625, 8.34571691704632e-25, nan 
-44.875, -79.625, 4.520416141045644e-25, nan 
-44.625, -79.625, 1.7958451855060921e-25, nan 
-44.375, -79.625, 2.1309763672353865e-25, nan 
-44.125, -79.625, 5.536427037263725e-25, nan 
-43.875, -79.625, 9.075665420992338e-25, nan 
-43.625, -79.625, 1.2832118203085891e-24, nan 
-43.375, -79.625, 6.236964862800942e-25, nan 
-43.125, -79.625, 9.218772053062897e-25, nan 
-42.875, -79.625, 1.1217407240932462e-24, nan 
-42.625, -79.625, 1.071346996996245e-24, nan 
-42.375, -79.625, 1.745135292919358e-24, nan 
-42.125, -79.625, 1.6140292240222899e-24, nan 
-41.875, -79.625, 1.5980482044741227e-24, nan 
-41.625, -79.625, 1.7359236570595536e-24, nan 
-41.375, -79.625, 1.2182990070028503e-24, nan 
-41.125, -79.625, 1.2525655975708951e-24, nan 
-40.875, -79.625, 1.3068649592126904e-24, nan 
-40.625, -79.625, 1.6715817921212924e-24, nan 
-40.375, -79.625, 1.600063051138652e-24, nan 
-40.125, -79.625, 1.703789877197074e-24, nan 
-39.875, -79.625, 1.970048176027249e-24, nan 
-39.625, -79.625, 1.6684396968611215e-24, nan 
-39.375, -79.625, 2.790776821551332e-24, nan 
-39.125, -79.625, 2.0897033412489143e-24, nan 
-38.875, -79.625, 1.5636962278076753e-24, nan 
-38.625, -79.625, 1.1787813954963604e-24, nan 
-38.375, -79.625, 2.131290359281655e-24, nan 
-38.125, -79.625, 2.179871151744414e-24, nan 
-37.875, -79.625, 1.4175552119938352e-24, nan 
-37.625, -79.625, 8.144923302386159e-25, nan 
-37.375, -79.625, 8.908935817830133e-25, nan 
-37.125, -79.625, 2.2094238976814873e-24, nan 
-36.875, -79.625, 2.087141036047556e-24, nan 
-36.625, -79.625, 1.8753791024484424e-24, nan 
-36.375, -79.625, 3.929949575119166e-24, nan 
-36.125, -79.625, 4.2790196256872785e-24, nan 
-35.875, -79.625, 4.228938008979003e-24, nan 
-35.625, -79.625, 5.0359935176227715e-24, nan 
-35.375, -79.625, 5.8577435544899935e-24, nan 
-35.125, -79.625, 5.3143481869095836e-24, nan 
-34.875, -79.625, 4.29599573547307e-24, nan 
-34.625, -79.625, 3.848639347351727e-24, nan 
-34.375, -79.625, 3.0511218698589e-24, nan 
-34.125, -79.625, 2.5340497271354583e-24, nan 
-33.875, -79.625, 1.4407678076960558e-24, nan 
-33.625, -79.625, 8.594800946176705e-25, nan 
-33.375, -79.625, 1.1782482940861135e-24, nan 
-33.125, -79.625, 8.854751443054457e-25, nan 
-32.875, -79.625, 8.49186222148541e-25, nan 
-32.625, -79.625, 6.351537426435476e-25, nan 
-32.375, -79.625, 7.476233804920878e-25, nan 
-32.125, -79.625, 6.8076495424225585e-25, nan 
-31.875, -79.625, 7.502871056569837e-25, nan 
-31.625, -79.625, 5.32477548172124e-25, nan 
-31.375, -79.625, 6.7708480478633735e-25, nan 
-31.125, -79.625, 6.1109665309915055e-25, nan 
-30.875, -79.625, 8.030574998939644e-25, nan 
-30.625, -79.625, 1.3829235289783953e-24, nan 
-30.375, -79.625, 1.7827959669256443e-24, nan 
-30.125, -79.625, 1.798151030691705e-24, nan 
-29.875, -79.625, 2.138624449806218e-24, nan 
-29.625, -79.625, 1.8667746637058193e-24, nan 
-29.375, -79.625, 1.9933865827346094e-24, nan 
-29.125, -79.625, 2.203713373367621e-24, nan 
-28.875, -79.625, 2.0931548852024124e-24, nan 
-28.625, -79.625, 2.513195052157466e-24, nan 
-28.375, -79.625, 2.2061552989101306e-24, nan 
-28.125, -79.625, 2.3049507744293435e-24, nan 
-27.875, -79.625, 2.161778412074503e-24, nan 
-27.625, -79.625, 2.1887554477009596e-24, nan 
-27.375, -79.625, 1.9155119506692333e-24, nan 
-27.125, -79.625, 1.4574129328532401e-24, nan 
-26.875, -79.625, 1.3683249189453413e-24, nan 
-26.625, -79.625, 1.476238953790349e-24, nan 
-26.375, -79.625, 1.4191234464411416e-24, nan 
-26.125, -79.625, 1.4430248074592417e-24, nan 
-25.875, -79.625, 1.0950553710421803e-24, nan 
-25.625, -79.625, 6.135234821371402e-25, nan 
-25.375, -79.625, 1.1732233108235618e-24, nan 
-25.125, -79.625, 8.046210681272296e-25, nan 
-24.875, -79.625, 5.314731605430033e-25, nan 
-24.625, -79.625, 5.402495079800265e-25, nan 
-24.375, -79.625, 4.910785829712256e-25, nan 
-24.125, -79.625, 2.1866540036234403e-25, nan 
-23.875, -79.625, 3.274342558798117e-25, nan 
-23.625, -79.625, 1.6997395122974177e-24, nan 
-23.375, -79.625, 3.013566754211327e-24, nan 
-23.125, -79.625, 3.463439502854436e-24, nan 
-22.875, -79.625, 3.7921115097063696e-24, nan 
-22.625, -79.625, 3.8355402372606805e-24, nan 
-22.375, -79.625, 3.5656699340862624e-24, nan 
-22.125, -79.625, 4.0127056408012626e-24, nan 
-21.875, -79.625, 5.686781887733896e-24, nan 
-21.625, -79.625, 6.981342381180708e-24, nan 
-21.375, -79.625, 7.340098712559502e-24, nan 
-21.125, -79.625, 6.497223102905276e-24, nan 
-20.875, -79.625, 5.452764748655984e-24, nan 
-20.625, -79.625, 5.145010184845471e-24, nan 
-20.375, -79.625, 6.867726634133102e-24, nan 
-20.125, -79.625, 6.859134374733342e-24, nan 
-19.875, -79.625, 6.0277321480487476e-24, nan 
-19.625, -79.625, 5.2941515267840355e-24, nan 
-19.375, -79.625, 3.5025611615177e-24, nan 
-19.125, -79.625, 2.9631566846746502e-24, nan 
-18.875, -79.625, 3.807715815478426e-24, nan 
-18.625, -79.625, 4.3704339334018664e-24, nan 
-18.375, -79.625, 4.519578703858356e-24, nan 
-18.125, -79.625, 6.4633188301462625e-24, nan 
-17.875, -79.625, 7.792921073846779e-24, nan 
-17.625, -79.625, 1.0629714074407782e-23, nan 
-17.375, -79.625, 1.0668361668692438e-23, nan 
-17.125, -79.625, 1.1911397407276623e-23, nan 
-16.875, -79.625, 8.166231878026969e-24, nan 
-16.625, -79.625, 5.7009430679757646e-24, nan 
-16.375, -79.625, 8.868714934575532e-24, nan 
-16.125, -79.625, 1.2544651728652333e-23, nan 
-15.875, -79.625, 1.7133771399702146e-23, nan 
-15.625, -79.625, 1.5484884655448314e-23, nan 
-15.375, -79.625, 8.608675581801956e-24, nan 
-15.125, -79.625, 6.2700771277707366e-24, nan 
-14.875, -79.625, 7.87318194210638e-24, nan 
-14.625, -79.625, 1.1785241527991676e-23, nan 
-14.375, -79.625, 1.0823837971057932e-23, nan 
-14.125, -79.625, 7.622897274488601e-24, nan 
-13.875, -79.625, 6.03773248378e-24, nan 
-13.625, -79.625, 4.101918881592612e-24, nan 
-13.375, -79.625, 6.422214781475645e-24, nan 
-13.125, -79.625, 3.8637968271162504e-24, nan 
-12.875, -79.625, 5.1404667414906866e-24, nan 
-12.625, -79.625, 5.665921204483296e-24, nan 
-12.375, -79.625, 3.753685455456064e-24, nan 
-12.125, -79.625, 4.6696423294294775e-24, nan 
-11.875, -79.625, 4.6382191362269235e-24, nan 
-51.375, -79.375, 3.7641391918671255e-24, nan 
-51.125, -79.375, 4.332759487484732e-24, nan 
-50.875, -79.375, 4.396996894822159e-24, nan 
-50.625, -79.375, 2.8856398097156857e-24, nan 
-50.375, -79.375, 2.9056865959715775e-24, nan 
-50.125, -79.375, 3.2816907208184406e-24, nan 
-49.875, -79.375, 3.542710980047909e-24, nan 
-49.625, -79.375, 3.0680707849340667e-24, nan 
-49.375, -79.375, 1.748605174360801e-24, nan 
-49.125, -79.375, 8.571264264132409e-25, nan 
-48.875, -79.375, 7.252229625835602e-25, nan 
-48.625, -79.375, 9.006258326973995e-25, nan 
-48.375, -79.375, 1.2622636098888668e-24, nan 
-48.125, -79.375, 1.4789806279610866e-24, nan 
-47.875, -79.375, 1.7203720084062716e-24, nan 
-47.625, -79.375, 1.3755199192288447e-24, nan 
-47.375, -79.375, 1.0564769921038702e-24, nan 
-47.125, -79.375, 1.5081458232908778e-24, nan 
-46.875, -79.375, 1.7355737534007044e-24, nan 
-46.625, -79.375, 2.2037796497922722e-24, nan 
-46.375, -79.375, 1.5274841236923742e-24, nan 
-46.125, -79.375, 8.803912529263042e-25, nan 
-45.875, -79.375, 8.82132742297646e-25, nan 
-45.625, -79.375, 1.114115846831305e-24, nan 
-45.375, -79.375, 1.8249555677168718e-24, nan 
-45.125, -79.375, 1.4479403395268334e-24, nan 
-44.875, -79.375, 6.333764843410501e-25, nan 
-44.625, -79.375, 5.847646788573332e-25, nan 
-44.375, -79.375, 1.1533659908443139e-24, nan 
-44.125, -79.375, 1.4564170346401842e-24, nan 
-43.875, -79.375, 1.695495417916743e-24, nan 
-43.625, -79.375, 9.487321072644848e-25, nan 
-43.375, -79.375, 1.695154620040394e-25, nan 
-43.125, -79.375, 9.52159903472839e-25, nan 
-42.875, -79.375, 1.2595929707076244e-24, nan 
-42.625, -79.375, 1.2600211767196308e-24, nan 
-42.375, -79.375, 1.2327932745931558e-24, nan 
-42.125, -79.375, 5.7841023874653525e-25, nan 
-41.875, -79.375, 9.484617614530328e-25, nan 
-41.625, -79.375, 1.5161753486126976e-24, nan 
-41.375, -79.375, 1.306545384012228e-24, nan 
-41.125, -79.375, 1.3758840381421051e-24, nan 
-40.875, -79.375, 4.534907725187752e-25, nan 
-40.625, -79.375, 6.5560214651550355e-25, nan 
-40.375, -79.375, 6.24955579863233e-25, nan 
-40.125, -79.375, 6.757418211069111e-25, nan 
-39.875, -79.375, 2.8202139719334934e-24, nan 
-39.625, -79.375, 1.4064083054942353e-24, nan 
-39.375, -79.375, 2.0643381801308408e-24, nan 
-39.125, -79.375, 1.836846653257652e-24, nan 
-38.875, -79.375, 1.7648603010157284e-24, nan 
-38.625, -79.375, 2.3539857756390422e-24, nan 
-38.375, -79.375, 1.4394671875383453e-24, nan 
-38.125, -79.375, 1.2237993145586887e-24, nan 
-37.875, -79.375, 1.2511933014241683e-24, nan 
-37.625, -79.375, 1.39511966361241e-24, nan 
-37.375, -79.375, 1.324555250973609e-24, nan 
-37.125, -79.375, 1.5444775401713396e-24, nan 
-36.875, -79.375, 1.293594034840842e-24, nan 
-36.625, -79.375, 1.0616288873048754e-24, nan 
-36.375, -79.375, 1.631207202239241e-24, nan 
-36.125, -79.375, 1.5686515371449195e-24, nan 
-35.875, -79.375, 1.5574196639737236e-24, nan 
-35.625, -79.375, 1.7432701419864102e-24, nan 
-35.375, -79.375, 1.9434393466963028e-24, nan 
-35.125, -79.375, 1.2098395484272666e-24, nan 
-34.875, -79.375, 1.4057977343716146e-24, nan 
-34.625, -79.375, 1.3751230897407447e-24, nan 
-34.375, -79.375, 1.4951437704105901e-24, nan 
-34.125, -79.375, 1.6024807027530166e-24, nan 
-33.875, -79.375, 1.0343049399882998e-24, nan 
-33.625, -79.375, 1.230670868615808e-24, nan 
-33.375, -79.375, 1.4738418379534461e-24, nan 
-33.125, -79.375, 9.025699239390457e-25, nan 
-32.875, -79.375, 9.461007883302454e-25, nan 
-32.625, -79.375, 6.1881046091843e-25, nan 
-32.375, -79.375, 8.267553081024139e-25, nan 
-32.125, -79.375, 7.679472074994877e-25, nan 
-31.875, -79.375, 8.963591800978832e-25, nan 
-31.625, -79.375, 7.975595268857244e-25, nan 
-31.375, -79.375, 8.531976231128275e-25, nan 
-31.125, -79.375, 1.1362437761978723e-24, nan 
-30.875, -79.375, 7.535884636940484e-25, nan 
-30.625, -79.375, 8.481248119923703e-25, nan 
-30.375, -79.375, 1.4767277350356294e-24, nan 
-30.125, -79.375, 1.1073383240301717e-24, nan 
-29.875, -79.375, 1.082099775363612e-24, nan 
-29.625, -79.375, 1.1461661780822709e-24, nan 
-29.375, -79.375, 1.1591370820773532e-24, nan 
-29.125, -79.375, 1.7105596992158353e-24, nan 
-28.875, -79.375, 1.7184513393985528e-24, nan 
-28.625, -79.375, 1.760101744946619e-24, nan 
-28.375, -79.375, 1.8187584331508557e-24, nan 
-28.125, -79.375, 1.8765051982000316e-24, nan 
-27.875, -79.375, 1.8746960512964527e-24, nan 
-27.625, -79.375, 2.190782197615106e-24, nan 
-27.375, -79.375, 2.0120737789925437e-24, nan 
-27.125, -79.375, 1.622507170983605e-24, nan 
-26.875, -79.375, 1.4686605984049772e-24, nan 
-26.625, -79.375, 1.3630580704776734e-24, nan 
-26.375, -79.375, 1.3638633589275763e-24, nan 
-26.125, -79.375, 1.090789483962842e-24, nan 
-25.875, -79.375, 1.4278876331329247e-24, nan 
-25.625, -79.375, 1.9740045345076034e-24, nan 
-25.375, -79.375, 2.192426943314137e-24, nan 
-25.125, -79.375, 2.018972631054538e-24, nan 
-24.875, -79.375, 1.9853613357004797e-24, nan 
-24.625, -79.375, 2.4482900932472298e-24, nan 
-24.375, -79.375, 3.1196789592141983e-24, nan 
-24.125, -79.375, 3.914981207524786e-24, nan 
-23.875, -79.375, 4.0205756063856495e-24, nan 
-23.625, -79.375, 3.653699000124986e-24, nan 
-23.375, -79.375, 3.688288360880231e-24, nan 
-23.125, -79.375, 2.6720004681521426e-24, nan 
-22.875, -79.375, 3.3544491453489754e-24, nan 
-22.625, -79.375, 4.839466591861002e-24, nan 
-22.375, -79.375, 5.953162686574119e-24, nan 
-22.125, -79.375, 5.184234433842361e-24, nan 
-21.875, -79.375, 2.0881303834426188e-24, nan 
-21.625, -79.375, 3.038226969490158e-24, nan 
-21.375, -79.375, 5.255964509924478e-24, nan 
-21.125, -79.375, 6.215307017251362e-24, nan 
-20.875, -79.375, 6.0321804956921356e-24, nan 
-20.625, -79.375, 7.050754861271798e-24, nan 
-20.375, -79.375, 7.338292012303334e-24, nan 
-20.125, -79.375, 4.959881781476398e-24, nan 
-19.875, -79.375, 3.348707745188523e-24, nan 
-19.625, -79.375, 3.5620494897071396e-24, nan 
-19.375, -79.375, 4.7062585803175434e-24, nan 
-19.125, -79.375, 7.461784043692836e-24, nan 
-18.875, -79.375, 3.930455252042561e-24, nan 
-18.625, -79.375, 5.566191916925007e-24, nan 
-18.375, -79.375, 4.907216403331869e-24, nan 
-18.125, -79.375, 6.659805436404496e-24, nan 
-17.875, -79.375, 7.42441949137237e-24, nan 
-17.625, -79.375, 7.701338725325221e-24, nan 
-17.375, -79.375, 7.050298354642221e-24, nan 
-17.125, -79.375, 5.8815783078547415e-24, nan 
-16.875, -79.375, 3.730999022753475e-24, nan 
-16.625, -79.375, 3.5150048872184404e-24, nan 
-16.375, -79.375, 3.669466427844197e-24, nan 
-16.125, -79.375, 6.639095418785942e-24, nan 
-15.875, -79.375, 8.992445409303605e-24, nan 
-15.625, -79.375, 8.436139555708154e-24, nan 
-15.375, -79.375, 6.82106575923722e-24, nan 
-15.125, -79.375, 7.386058104080997e-24, nan 
-14.875, -79.375, 1.0694183141981243e-23, nan 
-14.625, -79.375, 1.0874664803412455e-23, nan 
-14.375, -79.375, 9.208645791698082e-24, nan 
-14.125, -79.375, 8.241026373922713e-24, nan 
-13.875, -79.375, 6.07795413883525e-24, nan 
-13.625, -79.375, 4.447769373552789e-24, nan 
-13.375, -79.375, 4.562379854393687e-24, nan 
-13.125, -79.375, 4.8107075087074485e-24, nan 
-12.875, -79.375, 4.841773004117934e-24, nan 
-12.625, -79.375, 5.08266291599139e-24, nan 
-12.375, -79.375, 3.878316293134154e-24, nan 
-12.125, -79.375, 4.683305544228398e-24, nan 
-11.875, -79.375, 4.6214420138004684e-24, nan 
-11.625, -79.375, 3.3246148056083476e-24, nan 
-11.375, -79.375, 2.9548652865467984e-24, nan 
-11.125, -79.375, 3.12686611164626e-24, nan 
-10.875, -79.375, 3.789556447545855e-24, nan 
-10.625, -79.375, 5.6331085996764416e-24, nan 
-50.625, -79.125, 4.790145434293304e-24, nan 
-50.375, -79.125, 4.700132989755632e-24, nan 
-50.125, -79.125, 5.193783623015463e-24, nan 
-49.875, -79.125, 5.5102660692050834e-24, nan 
-49.625, -79.125, 6.247083218947394e-24, nan 
-49.375, -79.125, 3.0282896838002716e-24, nan 
-49.125, -79.125, 9.721975553959467e-25, nan 
-48.875, -79.125, 7.801774015632236e-25, nan 
-48.625, -79.125, 1.0189111476868646e-24, nan 
-48.375, -79.125, 9.120331872795735e-25, nan 
-48.125, -79.125, 1.4132004077613919e-24, nan 
-47.875, -79.125, 1.420562857579652e-24, nan 
-47.625, -79.125, 1.4797131488131145e-24, nan 
-47.375, -79.125, 2.187217584797777e-24, nan 
-47.125, -79.125, 1.6245781500373112e-24, nan 
-46.875, -79.125, 1.9745666319893187e-24, nan 
-46.625, -79.125, 2.9075811822494955e-24, nan 
-46.375, -79.125, 4.088528656549462e-24, nan 
-46.125, -79.125, 3.447026112782818e-24, nan 
-45.875, -79.125, 4.219015987232052e-24, nan 
-45.625, -79.125, 4.589202841226443e-24, nan 
-45.375, -79.125, 3.502083102359414e-24, nan 
-45.125, -79.125, 6.333034236254193e-25, nan 
-44.875, -79.125, 6.9523034984316095e-25, nan 
-44.625, -79.125, 5.75526274928878e-25, nan 
-44.375, -79.125, 6.954569998425441e-25, nan 
-44.125, -79.125, 8.199937318572009e-25, nan 
-43.875, -79.125, 9.297837124836221e-25, nan 
-43.625, -79.125, 7.7232527820855495e-25, nan 
-43.375, -79.125, 4.9950093471750045e-25, nan 
-43.125, -79.125, 3.256944519859587e-25, nan 
-42.875, -79.125, 7.983651785718953e-25, nan 
-42.625, -79.125, 7.986077639934217e-25, nan 
-42.375, -79.125, 9.291841999322495e-25, nan 
-42.125, -79.125, 8.616753638600098e-25, nan 
-41.875, -79.125, 8.030957858381631e-25, nan 
-41.625, -79.125, 9.522527802052944e-25, nan 
-41.375, -79.125, 1.2869588962776e-24, nan 
-41.125, -79.125, 1.4317884153388762e-24, nan 
-40.875, -79.125, 1.582862475848808e-24, nan 
-40.625, -79.125, 1.757552778833787e-24, nan 
-40.375, -79.125, 1.6901055391012292e-24, nan 
-40.125, -79.125, 1.6018359846763333e-24, nan 
-39.875, -79.125, 2.3511026963226522e-24, nan 
-39.625, -79.125, 2.4609749843340926e-24, nan 
-39.375, -79.125, 9.558691001853309e-24, nan 
-39.125, -79.125, 8.762737962437141e-24, nan 
-38.875, -79.125, 1.8175066298019006e-24, nan 
-38.625, -79.125, 1.9522707497754167e-24, nan 
-38.375, -79.125, 1.2176563340162718e-24, nan 
-38.125, -79.125, 1.3967482677415974e-24, nan 
-37.875, -79.125, 1.5592583828750029e-24, nan 
-37.625, -79.125, 1.1915954211979299e-24, nan 
-37.375, -79.125, 1.4865224003862227e-24, nan 
-37.125, -79.125, 1.2019641860131767e-24, nan 
-36.875, -79.125, 1.1391581640711684e-24, nan 
-36.625, -79.125, 1.3958583729604417e-24, nan 
-36.375, -79.125, 1.0352854948165604e-24, nan 
-36.125, -79.125, 1.0144627129224374e-24, nan 
-35.875, -79.125, 1.0156081954681082e-24, nan 
-35.625, -79.125, 1.1335756965714098e-24, nan 
-35.375, -79.125, 1.4531808277183661e-24, nan 
-35.125, -79.125, 4.860487373275744e-25, nan 
-34.875, -79.125, 6.60230600304745e-25, nan 
-34.625, -79.125, 4.261642760791408e-25, nan 
-34.375, -79.125, 7.779801878426047e-25, nan 
-34.125, -79.125, 5.533567448157716e-25, nan 
-33.875, -79.125, 1.1986934603135495e-24, nan 
-33.625, -79.125, 1.3842972878522792e-24, nan 
-33.375, -79.125, 1.582115264345858e-24, nan 
-33.125, -79.125, 1.225816630890702e-24, nan 
-32.875, -79.125, 1.4276783779346988e-24, nan 
-32.625, -79.125, 1.9700557732655653e-24, nan 
-32.375, -79.125, 1.7117275001385847e-24, nan 
-32.125, -79.125, 1.661586578515039e-24, nan 
-31.875, -79.125, 1.1345789194278108e-24, nan 
-31.625, -79.125, 1.0063415629092472e-24, nan 
-31.375, -79.125, 1.0221092712444606e-24, nan 
-31.125, -79.125, 1.5510194810067904e-24, nan 
-30.875, -79.125, 1.4830730571200304e-24, nan 
-30.625, -79.125, 1.4797790926691872e-24, nan 
-30.375, -79.125, 1.4993664589078005e-24, nan 
-30.125, -79.125, 1.6624772441065254e-24, nan 
-29.875, -79.125, 2.131169614858086e-24, nan 
-29.625, -79.125, 1.6757293751692994e-24, nan 
-29.375, -79.125, 1.7352694607117875e-24, nan 
-29.125, -79.125, 1.4467602899296433e-24, nan 
-28.875, -79.125, 1.6721772049979426e-24, nan 
-28.625, -79.125, 1.682004280179023e-24, nan 
-28.375, -79.125, 1.7179815760860612e-24, nan 
-28.125, -79.125, 1.681778313509746e-24, nan 
-27.875, -79.125, 1.5960738219328284e-24, nan 
-27.625, -79.125, 1.3586353497351386e-24, nan 
-27.375, -79.125, 1.3153877367621013e-24, nan 
-27.125, -79.125, 1.39744528073204e-24, nan 
-26.875, -79.125, 1.6725545770610283e-24, nan 
-26.625, -79.125, 2.0187115699345903e-24, nan 
-26.375, -79.125, 1.7535198825689603e-24, nan 
-26.125, -79.125, 2.423773801265428e-24, nan 
-25.875, -79.125, 2.6327817352703917e-24, nan 
-25.625, -79.125, 2.9861527301272026e-24, nan 
-25.375, -79.125, 3.2593630193806755e-24, nan 
-25.125, -79.125, 3.669934077602124e-24, nan 
-24.875, -79.125, 3.4268881345918955e-24, nan 
-24.625, -79.125, 3.695939676518651e-24, nan 
-24.375, -79.125, 3.8207934660746e-24, nan 
-24.125, -79.125, 3.792121579734101e-24, nan 
-23.875, -79.125, 3.393785070918893e-24, nan 
-23.625, -79.125, 3.0346169106926215e-24, nan 
-23.375, -79.125, 3.8550406834853536e-24, nan 
-23.125, -79.125, 3.0728326135293406e-24, nan 
-22.875, -79.125, 3.312010387219002e-24, nan 
-22.625, -79.125, 5.437262239520088e-24, nan 
-22.375, -79.125, 4.857534460776691e-24, nan 
-22.125, -79.125, 6.943837552294515e-24, nan 
-21.875, -79.125, 7.144786570673194e-24, nan 
-21.625, -79.125, 9.35272752717676e-24, nan 
-21.375, -79.125, 7.464503152556787e-24, nan 
-21.125, -79.125, 5.9008567729827095e-24, nan 
-20.875, -79.125, 7.220555826425716e-24, nan 
-20.625, -79.125, 9.102770117589214e-24, nan 
-20.375, -79.125, 1.1406209377550065e-23, nan 
-20.125, -79.125, 7.705765221213773e-24, nan 
-19.875, -79.125, 3.257581967592859e-24, nan 
-19.625, -79.125, 5.329511853003874e-24, nan 
-19.375, -79.125, 5.338857592035334e-24, nan 
-19.125, -79.125, 1.607657559211201e-23, nan 
-18.875, -79.125, 7.679528367739862e-24, nan 
-18.625, -79.125, 8.406584823749388e-24, nan 
-18.375, -79.125, 6.192671701732458e-24, nan 
-18.125, -79.125, 4.671374886028123e-24, nan 
-17.875, -79.125, 1.1797302762562342e-23, nan 
-17.625, -79.125, 4.224127006612172e-24, nan 
-17.375, -79.125, 8.283471998193136e-24, nan 
-17.125, -79.125, 4.905041022546327e-24, nan 
-16.875, -79.125, 4.846039560484345e-24, nan 
-16.625, -79.125, 5.545019053434842e-24, nan 
-16.375, -79.125, 6.330133966086594e-24, nan 
-16.125, -79.125, 6.340685551125057e-24, nan 
-15.875, -79.125, 3.953202238319472e-24, nan 
-15.625, -79.125, 5.153346850542849e-24, nan 
-15.375, -79.125, 5.1301525227064094e-24, nan 
-15.125, -79.125, 7.769374234782401e-24, nan 
-14.875, -79.125, 1.1072937819377469e-23, nan 
-14.625, -79.125, 8.23771013090991e-24, nan 
-14.375, -79.125, 6.94593972723226e-24, nan 
-14.125, -79.125, 6.347877929954026e-24, nan 
-13.875, -79.125, 6.639317162572997e-24, nan 
-13.625, -79.125, 7.86654967457958e-24, nan 
-13.375, -79.125, 5.009918878864488e-24, nan 
-13.125, -79.125, 3.446823896681239e-24, nan 
-12.875, -79.125, 2.5203832138856504e-24, nan 
-12.625, -79.125, 1.925010001829317e-24, nan 
-12.375, -79.125, 2.3094399166314853e-24, nan 
-12.125, -79.125, 1.7439415011743095e-24, nan 
-11.875, -79.125, 1.7553002547749947e-24, nan 
-11.625, -79.125, 2.2673400776185385e-24, nan 
-11.375, -79.125, 2.732271803031604e-24, nan 
-11.125, -79.125, 1.976659050904428e-24, nan 
-10.875, -79.125, 3.0819968285076403e-24, nan 
-10.625, -79.125, 2.8567638314543955e-24, nan 
-10.375, -79.125, 6.803083701748885e-24, nan 
-10.125, -79.125, 5.349063200893931e-24, nan 
-9.875, -79.125, 1.823114246133862e-24, nan 
-9.625, -79.125, 6.3428383312509455e-24, nan 
-50.125, -78.875, 5.011285389466363e-24, nan 
-49.875, -78.875, 6.74368038453245e-24, nan 
-49.625, -78.875, 7.627473211512904e-24, nan 
-49.375, -78.875, 6.926024790816376e-24, nan 
-49.125, -78.875, 4.9754946270514114e-24, nan 
-48.875, -78.875, 3.1493460776370515e-24, nan 
-48.625, -78.875, 1.6644402152252238e-24, nan 
-48.375, -78.875, 1.0888216628461964e-24, nan 
-48.125, -78.875, 8.514260498625864e-25, nan 
-47.875, -78.875, 1.3733245294408104e-24, nan 
-47.625, -78.875, 2.6980484511253895e-24, nan 
-47.375, -78.875, 2.4045398825742365e-24, nan 
-47.125, -78.875, 3.303976803614311e-24, nan 
-46.875, -78.875, 3.737268744049321e-24, nan 
-46.625, -78.875, 3.1699242647817084e-24, nan 
-46.375, -78.875, 6.363325659803388e-24, nan 
-46.125, -78.875, 4.575447764362376e-24, nan 
-45.875, -78.875, 6.450068151175519e-24, nan 
-45.625, -78.875, 7.247005144126667e-24, nan 
-45.375, -78.875, 5.718776089919206e-24, nan 
-45.125, -78.875, 4.7352056209567314e-24, nan 
-44.875, -78.875, 3.4162986603021376e-24, nan 
-44.625, -78.875, 4.131658302336267e-24, nan 
-44.375, -78.875, 4.5662280871381936e-24, nan 
-44.125, -78.875, 4.5669492968381786e-24, nan 
-43.875, -78.875, 1.600764696290468e-24, nan 
-43.625, -78.875, 1.4880066242090415e-24, nan 
-43.375, -78.875, 1.5731716074221212e-24, nan 
-43.125, -78.875, 1.7662335376659328e-24, nan 
-42.875, -78.875, 1.6806744731516505e-24, nan 
-42.625, -78.875, 6.591702951999909e-25, nan 
-42.375, -78.875, 4.635454715595388e-25, nan 
-42.125, -78.875, 5.587646444139496e-25, nan 
-41.875, -78.875, 6.796210436607535e-25, nan 
-41.625, -78.875, 7.598229756338038e-25, nan 
-41.375, -78.875, 7.547244029545937e-25, nan 
-41.125, -78.875, 1.3220766893466591e-24, nan 
-40.875, -78.875, 1.1242712377489148e-24, nan 
-40.625, -78.875, 7.849756175988238e-24, nan 
-40.375, -78.875, 7.153416404945301e-24, nan 
-40.125, -78.875, 1.917948136492921e-24, nan 
-39.875, -78.875, 2.2700856435229836e-24, nan 
-39.625, -78.875, 2.6661334474982452e-24, nan 
-39.375, -78.875, 1.6972002708186997e-23, nan 
-39.125, -78.875, 1.5576569986141914e-23, nan 
-38.875, -78.875, 1.819936606934428e-24, nan 
-38.625, -78.875, 1.948258545307222e-24, nan 
-38.375, -78.875, 2.8432035666186368e-24, nan 
-38.125, -78.875, 9.115561108071827e-24, nan 
-37.875, -78.875, 8.523388795285805e-24, nan 
-37.625, -78.875, 3.9722649554706056e-25, nan 
-37.375, -78.875, 9.01189933284292e-25, nan 
-37.125, -78.875, 1.1453814050698041e-24, nan 
-36.875, -78.875, 4.799999141664151e-25, nan 
-36.625, -78.875, 5.48755297628927e-25, nan 
-36.375, -78.875, 2.68472267304292e-25, nan 
-36.125, -78.875, 5.29699941269263e-25, nan 
-35.875, -78.875, 6.802020844078132e-25, nan 
-35.625, -78.875, 5.29158479206624e-25, nan 
-35.375, -78.875, 4.978312514743462e-25, nan 
-35.125, -78.875, 7.358999669299894e-25, nan 
-34.875, -78.875, 4.811684042096021e-25, nan 
-34.625, -78.875, 7.150074134358827e-25, nan 
-34.375, -78.875, 7.567148442828202e-25, nan 
-34.125, -78.875, 9.193492019493284e-25, nan 
-33.875, -78.875, 1.0200754664664884e-24, nan 
-33.625, -78.875, 1.1490638800416791e-24, nan 
-33.375, -78.875, 1.1050655089816004e-24, nan 
-33.125, -78.875, 1.5541153231806467e-24, nan 
-32.875, -78.875, 1.9684028677946618e-24, nan 
-32.625, -78.875, 2.4535979762866448e-24, nan 
-32.375, -78.875, 2.0749579673587542e-24, nan 
-32.125, -78.875, 1.1137214966435712e-24, nan 
-31.875, -78.875, 1.3056588543931741e-24, nan 
-31.625, -78.875, 1.7736646676345943e-24, nan 
-31.375, -78.875, 2.0370973988464716e-24, nan 
-31.125, -78.875, 2.0997588344369866e-24, nan 
-30.875, -78.875, 1.700554376019717e-24, nan 
-30.625, -78.875, 1.6123899510894272e-24, nan 
-30.375, -78.875, 1.7054780728821095e-24, nan 
-30.125, -78.875, 1.7725876629374036e-24, nan 
-29.875, -78.875, 2.0188061683367806e-24, nan 
-29.625, -78.875, 1.921743960366139e-24, nan 
-29.375, -78.875, 2.020941501572792e-24, nan 
-29.125, -78.875, 1.8699314363434762e-24, nan 
-28.875, -78.875, 1.7467624724077478e-24, nan 
-28.625, -78.875, 1.8849696644073592e-24, nan 
-28.375, -78.875, 2.116997709124589e-24, nan 
-28.125, -78.875, 2.245095048280142e-24, nan 
-27.875, -78.875, 2.3454759911706773e-24, nan 
-27.625, -78.875, 1.8945435024364156e-24, nan 
-27.375, -78.875, 2.151549419349039e-24, nan 
-27.125, -78.875, 2.715298144278106e-24, nan 
-26.875, -78.875, 2.9389489687577547e-24, nan 
-26.625, -78.875, 2.6616800860182226e-24, nan 
-26.375, -78.875, 3.683291573099544e-24, nan 
-26.125, -78.875, 3.297102487157415e-24, nan 
-25.875, -78.875, 3.1781309003454627e-24, nan 
-25.625, -78.875, 2.9851472482239058e-24, nan 
-25.375, -78.875, 2.8567606701323478e-24, nan 
-25.125, -78.875, 4.216426650714175e-24, nan 
-24.875, -78.875, 3.364491994186047e-24, nan 
-24.625, -78.875, 3.6852414028397895e-24, nan 
-24.375, -78.875, 3.1984829607693e-24, nan 
-24.125, -78.875, 2.7880465005761292e-24, nan 
-23.875, -78.875, 3.999391950921559e-24, nan 
-23.625, -78.875, 4.317677063732888e-24, nan 
-23.375, -78.875, 3.843859205326795e-24, nan 
-23.125, -78.875, 4.997490677872836e-24, nan 
-22.875, -78.875, 6.3623399343241296e-24, nan 
-22.625, -78.875, 6.700706544340788e-24, nan 
-22.375, -78.875, 7.642697993340248e-24, nan 
-22.125, -78.875, 7.53238022508653e-24, nan 
-21.875, -78.875, 6.385922081289224e-24, nan 
-21.625, -78.875, 7.96483106412664e-24, nan 
-21.375, -78.875, 7.843418839725522e-24, nan 
-21.125, -78.875, 1.0267606952006535e-23, nan 
-20.875, -78.875, 9.231072172026057e-24, nan 
-20.625, -78.875, 7.074040506999375e-24, nan 
-20.375, -78.875, 8.800621682979627e-24, nan 
-20.125, -78.875, 1.1663411517601759e-23, nan 
-19.875, -78.875, 1.0329566810611006e-23, nan 
-19.625, -78.875, 1.0299737974605474e-23, nan 
-19.375, -78.875, 6.4183719247946995e-24, nan 
-19.125, -78.875, 1.1468866257347849e-23, nan 
-18.875, -78.875, 1.0054264611986563e-23, nan 
-18.625, -78.875, 8.881420638091424e-24, nan 
-18.375, -78.875, 8.640972439461193e-24, nan 
-18.125, -78.875, 6.558827220313732e-24, nan 
-17.875, -78.875, 7.508968901460406e-24, nan 
-17.625, -78.875, 7.019997277593928e-24, nan 
-17.375, -78.875, 7.485289723762829e-24, nan 
-17.125, -78.875, 6.200272017280732e-24, nan 
-16.875, -78.875, 7.073424028236449e-24, nan 
-16.625, -78.875, 8.836445328108673e-24, nan 
-16.375, -78.875, 1.1810900795074402e-23, nan 
-16.125, -78.875, 9.5471618298401e-24, nan 
-15.875, -78.875, 1.0211854584976404e-23, nan 
-15.625, -78.875, 1.0444751539265624e-23, nan 
-15.375, -78.875, 8.591699109858801e-24, nan 
-15.125, -78.875, 8.427414846757562e-24, nan 
-14.875, -78.875, 8.606674465609148e-24, nan 
-14.625, -78.875, 7.075780487896052e-24, nan 
-14.375, -78.875, 6.855717589953875e-24, nan 
-14.125, -78.875, 6.68212892494991e-24, nan 
-13.875, -78.875, 6.008595539949967e-24, nan 
-13.625, -78.875, 8.764113147875397e-24, nan 
-13.375, -78.875, 6.107649233845679e-24, nan 
-13.125, -78.875, 6.771970910414184e-24, nan 
-12.875, -78.875, 3.440992889415101e-24, nan 
-12.625, -78.875, 2.155428787265179e-24, nan 
-12.375, -78.875, 3.586233401905891e-24, nan 
-12.125, -78.875, 3.237782436828262e-24, nan 
-11.875, -78.875, 2.5271064457201592e-24, nan 
-11.625, -78.875, 2.075172264162742e-24, nan 
-11.375, -78.875, 2.2723093907084624e-24, nan 
-11.125, -78.875, 1.860606479508471e-24, nan 
-10.875, -78.875, 1.6992223190833864e-24, nan 
-10.625, -78.875, 2.7021872939230354e-24, nan 
-10.375, -78.875, 3.222872915833942e-24, nan 
-10.125, -78.875, 3.677246278299586e-24, nan 
-9.875, -78.875, 3.535714893113863e-24, nan 
-9.625, -78.875, 4.087993475722352e-24, nan 
-9.375, -78.875, 2.2701944474776052e-24, nan 
-9.125, -78.875, 6.293177126857503e-24, nan 
-8.875, -78.875, 4.1443367064284134e-24, nan 
-8.625, -78.875, 2.7534296528745453e-24, nan 
-8.375, -78.875, 3.2432707102386963e-24, nan 
-49.625, -78.625, 5.820901895012815e-24, nan 
-49.375, -78.625, 6.634529196526382e-24, nan 
-49.125, -78.625, 5.661943490367833e-24, nan 
-48.875, -78.625, 3.46343643487233e-24, nan 
-48.625, -78.625, 2.259194485884161e-24, nan 
-48.375, -78.625, 2.0226605757358205e-24, nan 
-48.125, -78.625, 2.8170897599298337e-24, nan 
-47.875, -78.625, 2.564785153863681e-24, nan 
-47.625, -78.625, 2.9478778503730234e-24, nan 
-47.375, -78.625, 1.8836878186325674e-24, nan 
-47.125, -78.625, 1.82516444467916e-24, nan 
-46.875, -78.625, 3.653311051298046e-24, nan 
-46.625, -78.625, 3.2063073025941606e-24, nan 
-46.375, -78.625, 4.643508465834159e-24, nan 
-46.125, -78.625, 2.9269354609348444e-24, nan 
-45.875, -78.625, 2.509870678918973e-24, nan 
-45.625, -78.625, 3.2302467603499633e-24, nan 
-45.375, -78.625, 2.61324355271713e-24, nan 
-45.125, -78.625, 3.80682937754127e-24, nan 
-44.875, -78.625, 2.9742097985793805e-24, nan 
-44.625, -78.625, 2.4275126170364324e-24, nan 
-44.375, -78.625, 1.8205721418195274e-24, nan 
-44.125, -78.625, 2.2128278508148196e-24, nan 
-43.875, -78.625, 2.037995969597061e-24, nan 
-43.625, -78.625, 2.100560659350867e-24, nan 
-43.375, -78.625, 2.0182956727901014e-24, nan 
-43.125, -78.625, 2.0221863237226634e-24, nan 
-42.875, -78.625, 1.88838225519501e-24, nan 
-42.625, -78.625, 1.4917618129596124e-24, nan 
-42.375, -78.625, 1.47130253290156e-24, nan 
-42.125, -78.625, 1.0930688093197543e-24, nan 
-41.875, -78.625, 1.0374122531574554e-24, nan 
-41.625, -78.625, 1.106942298737731e-24, nan 
-41.375, -78.625, 8.709857168128415e-25, nan 
-41.125, -78.625, 9.34596391104503e-25, nan 
-40.875, -78.625, 1.1080797033724032e-24, nan 
-40.625, -78.625, 8.797943402224808e-25, nan 
-40.375, -78.625, 1.1931792528376578e-24, nan 
-40.125, -78.625, 1.992611909133208e-24, nan 
-39.875, -78.625, 2.1889570767726768e-24, nan 
-39.625, -78.625, 1.3745820092626578e-24, nan 
-39.375, -78.625, 7.447552869569489e-24, nan 
-39.125, -78.625, 6.78331297862154e-24, nan 
-38.875, -78.625, 2.0012187150351966e-24, nan 
-38.625, -78.625, 2.410852671749082e-24, nan 
-38.375, -78.625, 2.744791794145194e-24, nan 
-38.125, -78.625, 1.5628413615451e-24, nan 
-37.875, -78.625, 1.4368162525435944e-24, nan 
-37.625, -78.625, 1.0709530210011887e-24, nan 
-37.375, -78.625, 1.5539904045745992e-24, nan 
-37.125, -78.625, 1.6917610198825994e-24, nan 
-36.875, -78.625, 1.085030294091123e-24, nan 
-36.625, -78.625, 1.1036537744465025e-24, nan 
-36.375, -78.625, 9.187157218970143e-25, nan 
-36.125, -78.625, 8.087103249040703e-25, nan 
-35.875, -78.625, 1.085943698348015e-24, nan 
-35.625, -78.625, 1.2241319688382795e-24, nan 
-35.375, -78.625, 1.3111865830154013e-24, nan 
-35.125, -78.625, 1.164844157592218e-24, nan 
-34.875, -78.625, 1.6229730042053284e-24, nan 
-34.625, -78.625, 1.6241904881241055e-24, nan 
-34.375, -78.625, 1.9708240001176732e-24, nan 
-34.125, -78.625, 1.5879687451172628e-24, nan 
-33.875, -78.625, 1.9634281377570327e-24, nan 
-33.625, -78.625, 1.877577576021762e-24, nan 
-33.375, -78.625, 1.6867600080163406e-24, nan 
-33.125, -78.625, 2.1139458192153847e-24, nan 
-32.875, -78.625, 1.6177393734225318e-24, nan 
-32.625, -78.625, 1.7242326984708966e-24, nan 
-32.375, -78.625, 1.1373350221087162e-24, nan 
-32.125, -78.625, 1.5727149623308064e-24, nan 
-31.875, -78.625, 1.641746687243734e-24, nan 
-31.625, -78.625, 1.7337069332991262e-24, nan 
-31.375, -78.625, 1.8069879049431163e-24, nan 
-31.125, -78.625, 1.648655646870563e-24, nan 
-30.875, -78.625, 1.3241883942656003e-24, nan 
-30.625, -78.625, 1.2034763213417322e-24, nan 
-30.375, -78.625, 1.2647043783950186e-24, nan 
-30.125, -78.625, 1.3278943398684613e-24, nan 
-29.875, -78.625, 1.5165410750207182e-24, nan 
-29.625, -78.625, 1.4813993520017714e-24, nan 
-29.375, -78.625, 1.5549016962370492e-24, nan 
-29.125, -78.625, 1.6210501877865177e-24, nan 
-28.875, -78.625, 1.61653145535015e-24, nan 
-28.625, -78.625, 1.5922156189033412e-24, nan 
-28.375, -78.625, 1.8612868325607882e-24, nan 
-28.125, -78.625, 1.9628871495441564e-24, nan 
-27.875, -78.625, 2.1874049705398064e-24, nan 
-27.625, -78.625, 2.2102628865340836e-24, nan 
-27.375, -78.625, 2.2196765221763703e-24, nan 
-27.125, -78.625, 2.3007515592885326e-24, nan 
-26.875, -78.625, 2.5212023113058085e-24, nan 
-26.625, -78.625, 2.3404788914061406e-24, nan 
-26.375, -78.625, 2.757562761096449e-24, nan 
-26.125, -78.625, 2.091561117572811e-24, nan 
-25.875, -78.625, 1.2390897296816148e-24, nan 
-25.625, -78.625, 1.1035938097120222e-24, nan 
-25.375, -78.625, 2.3360649310963162e-24, nan 
-25.125, -78.625, 2.25170611381563e-24, nan 
-24.875, -78.625, 2.8217830167570283e-24, nan 
-24.625, -78.625, 1.1923343168217036e-24, nan 
-24.375, -78.625, 3.4868564981393665e-24, nan 
-24.125, -78.625, 2.878031169034296e-24, nan 
-23.875, -78.625, 2.521399844313445e-24, nan 
-23.625, -78.625, 3.25751550136485e-24, nan 
-23.375, -78.625, 3.259130643803387e-24, nan 
-23.125, -78.625, 3.7191284065568545e-24, nan 
-22.875, -78.625, 2.4244543240668964e-24, nan 
-22.625, -78.625, 2.8042875524821046e-24, nan 
-22.375, -78.625, 2.1720004543772593e-24, nan 
-22.125, -78.625, 3.894081795582226e-24, nan 
-21.875, -78.625, 2.9823656347116064e-24, nan 
-21.625, -78.625, 4.382094213623188e-24, nan 
-21.375, -78.625, 5.4531172078945405e-24, nan 
-21.125, -78.625, 7.796074971393364e-24, nan 
-20.875, -78.625, 7.344890749466183e-24, nan 
-20.625, -78.625, 6.655275168576843e-24, nan 
-20.375, -78.625, 8.406172153859694e-24, nan 
-20.125, -78.625, 1.1022466194632113e-23, nan 
-19.875, -78.625, 9.021546408954121e-24, nan 
-19.625, -78.625, 1.259894050161764e-23, nan 
-19.375, -78.625, 8.598296666673169e-24, nan 
-19.125, -78.625, 8.801337322030567e-24, nan 
-18.875, -78.625, 7.034440036656283e-24, nan 
-18.625, -78.625, 7.746872235564413e-24, nan 
-18.375, -78.625, 5.497096823918015e-24, nan 
-18.125, -78.625, 7.20610808591809e-24, nan 
-17.875, -78.625, 9.054312426829222e-24, nan 
-17.625, -78.625, 1.232892755942983e-23, nan 
-17.375, -78.625, 1.7983139460725902e-23, nan 
-17.125, -78.625, 1.5596171666723657e-23, nan 
-16.875, -78.625, 1.7925682856832226e-23, nan 
-16.625, -78.625, 2.0234654283161043e-23, nan 
-16.375, -78.625, 1.967426554821002e-23, nan 
-16.125, -78.625, 1.434736443620211e-23, nan 
-15.875, -78.625, 1.0681689445869996e-23, nan 
-15.625, -78.625, 1.2732754415471727e-23, nan 
-15.375, -78.625, 7.963501119379294e-24, nan 
-15.125, -78.625, 3.2525401069693954e-24, nan 
-14.875, -78.625, 3.529097288467886e-24, nan 
-14.625, -78.625, 4.243833936290897e-24, nan 
-14.375, -78.625, 5.7088602184162e-24, nan 
-14.125, -78.625, 5.228905284836621e-24, nan 
-13.875, -78.625, 4.9127874769942135e-24, nan 
-13.625, -78.625, 5.1872027188401e-24, nan 
-13.375, -78.625, 5.27136530430402e-24, nan 
-13.125, -78.625, 6.319731418514652e-24, nan 
-12.875, -78.625, 4.599765379300117e-24, nan 
-12.625, -78.625, 4.563780353156085e-24, nan 
-12.375, -78.625, 4.5302280199090805e-24, nan 
-12.125, -78.625, 4.047895148485154e-24, nan 
-11.875, -78.625, 4.730638688186932e-24, nan 
-11.625, -78.625, 4.493476540479731e-24, nan 
-11.375, -78.625, 3.545336403446937e-24, nan 
-11.125, -78.625, 3.641257718876307e-24, nan 
-10.875, -78.625, 2.713326239511952e-24, nan 
-10.625, -78.625, 2.3952409595912347e-24, nan 
-10.375, -78.625, 3.244525548517826e-24, nan 
-10.125, -78.625, 3.2972913756447323e-24, nan 
-9.875, -78.625, 3.451002064190231e-24, nan 
-9.625, -78.625, 2.7369779623303962e-24, nan 
-9.375, -78.625, 2.0879475744698743e-24, nan 
-9.125, -78.625, 3.0297305623103673e-24, nan 
-8.875, -78.625, 2.2145955962515697e-24, nan 
-8.625, -78.625, 2.3161253831064274e-24, nan 
-8.375, -78.625, 2.129992144808672e-24, nan 
-8.125, -78.625, 2.1200325099163165e-24, nan 
-7.875, -78.625, 2.4841435688533516e-24, nan 
-7.625, -78.625, 2.5145328897300575e-24, nan 
-7.375, -78.625, 1.3850952980457009e-24, nan 
-49.125, -78.375, 5.4577171045198766e-24, nan 
-48.875, -78.375, 3.160133681945327e-24, nan 
-48.625, -78.375, 2.1754104340187282e-24, nan 
-48.375, -78.375, 1.6366222102356592e-24, nan 
-48.125, -78.375, 2.906634432101026e-24, nan 
-47.875, -78.375, 2.1943400521913405e-24, nan 
-47.625, -78.375, 2.23471470906928e-24, nan 
-47.375, -78.375, 1.3640538290490378e-24, nan 
-47.125, -78.375, 1.0788307395754515e-24, nan 
-46.875, -78.375, 2.9743295063253632e-24, nan 
-46.625, -78.375, 1.6883050320328415e-24, nan 
-46.375, -78.375, 2.876557472762387e-24, nan 
-46.125, -78.375, 2.3008435155160625e-24, nan 
-45.875, -78.375, 1.9499642624353157e-24, nan 
-45.625, -78.375, 2.802032201621746e-24, nan 
-45.375, -78.375, 1.4197647396792302e-24, nan 
-45.125, -78.375, 1.423736823160841e-24, nan 
-44.875, -78.375, 2.221752398506575e-24, nan 
-44.625, -78.375, 1.927059700701088e-24, nan 
-44.375, -78.375, 1.9146584368782253e-24, nan 
-44.125, -78.375, 1.1701089384223334e-24, nan 
-43.875, -78.375, 8.398415851484235e-25, nan 
-43.625, -78.375, 1.4147772825145246e-24, nan 
-43.375, -78.375, 2.482667631318128e-24, nan 
-43.125, -78.375, 2.3845923712173592e-24, nan 
-42.875, -78.375, 1.695168854840706e-24, nan 
-42.625, -78.375, 2.199315061980719e-24, nan 
-42.375, -78.375, 1.625450139488129e-24, nan 
-42.125, -78.375, 2.4575899104998073e-24, nan 
-41.875, -78.375, 2.349335824404015e-24, nan 
-41.625, -78.375, 1.949819825903992e-24, nan 
-41.375, -78.375, 2.07970553696047e-24, nan 
-41.125, -78.375, 1.1665011165538428e-24, nan 
-40.875, -78.375, 1.0093391812258093e-24, nan 
-40.625, -78.375, 6.861861696677474e-25, nan 
-40.375, -78.375, 6.576031829359544e-25, nan 
-40.125, -78.375, 6.226609081335328e-25, nan 
-39.875, -78.375, 6.405628387229318e-25, nan 
-39.625, -78.375, 9.061047560933464e-25, nan 
-39.375, -78.375, 9.31350049673572e-25, nan 
-39.125, -78.375, 1.3315913297546069e-24, nan 
-38.875, -78.375, 1.8146115745097937e-24, nan 
-38.625, -78.375, 1.862454975836449e-24, nan 
-38.375, -78.375, 1.3562306399421368e-24, nan 
-38.125, -78.375, 1.0221798912134892e-24, nan 
-37.875, -78.375, 1.7509122986324478e-24, nan 
-37.625, -78.375, 2.1693926252748435e-24, nan 
-37.375, -78.375, 2.032229130500356e-24, nan 
-37.125, -78.375, 2.069843725035168e-24, nan 
-36.875, -78.375, 2.0140120670206933e-24, nan 
-36.625, -78.375, 1.7498928763065678e-24, nan 
-36.375, -78.375, 2.0597281430614983e-24, nan 
-36.125, -78.375, 1.888968395425683e-24, nan 
-35.875, -78.375, 2.1721629374648435e-24, nan 
-35.625, -78.375, 2.0417011812115155e-24, nan 
-35.375, -78.375, 2.219253213248203e-24, nan 
-35.125, -78.375, 3.0414398820962523e-24, nan 
-34.875, -78.375, 2.5484101279052867e-24, nan 
-34.625, -78.375, 2.58754649372232e-24, nan 
-34.375, -78.375, 2.5582051930664057e-24, nan 
-34.125, -78.375, 2.2565701211685567e-24, nan 
-33.875, -78.375, 2.3595332907522716e-24, nan 
-33.625, -78.375, 2.0425357204481657e-24, nan 
-33.375, -78.375, 2.448866055493839e-24, nan 
-33.125, -78.375, 2.1845580497635483e-24, nan 
-32.875, -78.375, 1.9344765402685913e-24, nan 
-32.625, -78.375, 1.761921661171888e-24, nan 
-32.375, -78.375, 1.3049303789791894e-24, nan 
-32.125, -78.375, 2.108253912660266e-24, nan 
-31.875, -78.375, 2.4066478954343376e-24, nan 
-31.625, -78.375, 2.0835029926051295e-24, nan 
-31.375, -78.375, 1.8991791046973726e-24, nan 
-31.125, -78.375, 1.6487096124133037e-24, nan 
-30.875, -78.375, 1.362719938307095e-24, nan 
-30.625, -78.375, 1.3348811156649014e-24, nan 
-30.375, -78.375, 1.2156185704653916e-24, nan 
-30.125, -78.375, 1.0834168044354026e-24, nan 
-29.875, -78.375, 1.3296103470350075e-24, nan 
-29.625, -78.375, 1.3009363223335268e-24, nan 
-29.375, -78.375, 1.5395162929448173e-24, nan 
-29.125, -78.375, 1.676548881614237e-24, nan 
-28.875, -78.375, 1.5273813594823773e-24, nan 
-28.625, -78.375, 1.5547891299442461e-24, nan 
-28.375, -78.375, 1.6180406557040128e-24, nan 
-28.125, -78.375, 1.508896284294518e-24, nan 
-27.875, -78.375, 1.6096551885985858e-24, nan 
-27.625, -78.375, 1.745995252982702e-24, nan 
-27.375, -78.375, 1.5313424207184091e-24, nan 
-27.125, -78.375, 1.0553413085043229e-24, nan 
-26.875, -78.375, 1.46308872915423e-24, nan 
-26.625, -78.375, 1.7054790499542694e-24, nan 
-26.375, -78.375, 9.62773479542397e-25, nan 
-26.125, -78.375, 5.095664621361431e-25, nan 
-25.875, -78.375, 9.452359005081985e-25, nan 
-25.625, -78.375, 1.2497417198979675e-24, nan 
-25.375, -78.375, 1.768512692743036e-24, nan 
-25.125, -78.375, 1.883072905411809e-24, nan 
-24.875, -78.375, 3.1625591337949632e-24, nan 
-24.625, -78.375, 1.697376689385821e-24, nan 
-24.375, -78.375, 1.855555759934371e-24, nan 
-24.125, -78.375, 2.3367037620618376e-24, nan 
-23.875, -78.375, 2.668581759946887e-24, nan 
-23.625, -78.375, 3.196302739805482e-24, nan 
-23.375, -78.375, 1.8490865921115408e-24, nan 
-23.125, -78.375, 2.3334236075340536e-24, nan 
-22.875, -78.375, 1.812054912555682e-24, nan 
-22.625, -78.375, 2.144075220694159e-24, nan 
-22.375, -78.375, 2.1114605201665285e-24, nan 
-22.125, -78.375, 5.289852067591945e-24, nan 
-21.875, -78.375, 6.203747241723849e-24, nan 
-21.625, -78.375, 7.478434746724033e-24, nan 
-21.375, -78.375, 8.861182467650424e-24, nan 
-21.125, -78.375, 5.1823686769914845e-24, nan 
-20.875, -78.375, 7.291105774598609e-24, nan 
-20.625, -78.375, 7.863417246796068e-24, nan 
-20.375, -78.375, 1.0801955211750466e-23, nan 
-20.125, -78.375, 1.358952384605368e-23, nan 
-19.875, -78.375, 7.990756239145512e-24, nan 
-19.625, -78.375, 1.255228996969564e-23, nan 
-19.375, -78.375, 8.0090740253841e-24, nan 
-19.125, -78.375, 8.073831837786662e-24, nan 
-18.875, -78.375, 1.2259573715472422e-23, nan 
-18.625, -78.375, 1.668842887087402e-23, nan 
-18.375, -78.375, 1.7103060564247163e-23, nan 
-18.125, -78.375, 1.8386542507557817e-23, nan 
-17.875, -78.375, 2.1102813917499357e-23, nan 
-17.625, -78.375, 1.901100747508909e-23, nan 
-17.375, -78.375, 2.262928436102144e-23, nan 
-17.125, -78.375, 2.453692791356102e-23, nan 
-16.875, -78.375, 2.877270955214118e-23, nan 
-16.625, -78.375, 3.4110686677949643e-23, nan 
-16.375, -78.375, 3.050606207458612e-23, nan 
-16.125, -78.375, 1.6791634120508773e-23, nan 
-15.875, -78.375, 1.3615244668068426e-23, nan 
-15.625, -78.375, 1.7158914230074902e-23, nan 
-15.375, -78.375, 2.0411318112484507e-23, nan 
-15.125, -78.375, 2.4087980772948537e-23, nan 
-14.875, -78.375, 1.1305919114419531e-23, nan 
-14.625, -78.375, 9.164928286450446e-24, nan 
-14.375, -78.375, 1.2531945363541207e-23, nan 
-14.125, -78.375, 6.135008473300729e-24, nan 
-13.875, -78.375, 3.916807878987997e-24, nan 
-13.625, -78.375, 2.532183831735493e-24, nan 
-13.375, -78.375, 2.275538424328904e-24, nan 
-13.125, -78.375, 1.0404505011507739e-24, nan 
-12.875, -78.375, 3.2845698455968074e-24, nan 
-12.625, -78.375, 4.644762428983146e-24, nan 
-12.375, -78.375, 3.0503708647120367e-24, nan 
-12.125, -78.375, 4.246740946588874e-24, nan 
-11.875, -78.375, 5.7725511667589266e-24, nan 
-11.625, -78.375, 7.512966912440431e-24, nan 
-11.375, -78.375, 7.066372059827626e-24, nan 
-11.125, -78.375, 5.8827468295029265e-24, nan 
-10.875, -78.375, 5.2692284524117695e-24, nan 
-10.625, -78.375, 5.508591360949959e-24, nan 
-10.375, -78.375, 8.641212647431987e-24, nan 
-10.125, -78.375, 9.208377737055689e-24, nan 
-9.875, -78.375, 6.4990752619897885e-24, nan 
-9.625, -78.375, 4.644481333342678e-24, nan 
-9.375, -78.375, 3.27497395830562e-24, nan 
-9.125, -78.375, 5.0908024072068254e-24, nan 
-8.875, -78.375, 4.0947024808853215e-24, nan 
-8.625, -78.375, 3.688396896845326e-24, nan 
-8.375, -78.375, 3.519146034361515e-24, nan 
-8.125, -78.375, 3.014565674142805e-24, nan 
-7.875, -78.375, 1.9285102807918816e-24, nan 
-7.625, -78.375, 2.4207466802930236e-24, nan 
-7.375, -78.375, 3.493724042983496e-24, nan 
-7.125, -78.375, 3.561639054242648e-24, nan 
-6.875, -78.375, 2.598089886168345e-24, nan 
-6.625, -78.375, 2.4302783735529497e-24, nan 
-48.375, -78.125, 2.743166732026539e-24, nan 
-48.125, -78.125, 2.7634555547660244e-24, nan 
-47.875, -78.125, 1.4564354824287337e-24, nan 
-47.625, -78.125, 1.167905227393354e-24, nan 
-47.375, -78.125, 6.711098374420313e-25, nan 
-47.125, -78.125, 1.0103243911235031e-24, nan 
-46.875, -78.125, 2.220910605948065e-24, nan 
-46.625, -78.125, 1.6988573852179763e-24, nan 
-46.375, -78.125, 1.8131517299446167e-24, nan 
-46.125, -78.125, 1.546429721348902e-24, nan 
-45.875, -78.125, 1.3755503859825258e-24, nan 
-45.625, -78.125, 1.4502992539798463e-24, nan 
-45.375, -78.125, 1.7462630050311125e-24, nan 
-45.125, -78.125, 2.1400878335035463e-24, nan 
-44.875, -78.125, 2.0485927178641566e-24, nan 
-44.625, -78.125, 1.9813164007832153e-24, nan 
-44.375, -78.125, 1.796281202397878e-24, nan 
-44.125, -78.125, 1.960879750082862e-24, nan 
-43.875, -78.125, 1.713609584834094e-24, nan 
-43.625, -78.125, 5.706904351350358e-25, nan 
-43.375, -78.125, 5.479775194352955e-25, nan 
-43.125, -78.125, 6.314537810765358e-25, nan 
-42.875, -78.125, 5.194188158140897e-25, nan 
-42.625, -78.125, 9.114189187987707e-25, nan 
-42.375, -78.125, 8.143379753340161e-25, nan 
-42.125, -78.125, 1.6634083623185193e-24, nan 
-41.875, -78.125, 1.5021541333610189e-24, nan 
-41.625, -78.125, 1.8154335357046703e-24, nan 
-41.375, -78.125, 1.6120010172804947e-24, nan 
-41.125, -78.125, 1.6589957448532857e-24, nan 
-40.875, -78.125, 1.3499165198277365e-24, nan 
-40.625, -78.125, 1.883098008618544e-24, nan 
-40.375, -78.125, 1.4038169367843829e-24, nan 
-40.125, -78.125, 1.2649417561614043e-24, nan 
-39.875, -78.125, 9.826230056733848e-25, nan 
-39.625, -78.125, 1.4836259439821493e-24, nan 
-39.375, -78.125, 1.2231410313813786e-24, nan 
-39.125, -78.125, 1.2060201803257853e-24, nan 
-38.875, -78.125, 1.2622820382338431e-24, nan 
-38.625, -78.125, 1.0286808811020113e-24, nan 
-38.375, -78.125, 1.2905593891139983e-24, nan 
-38.125, -78.125, 1.2534934721845147e-24, nan 
-37.875, -78.125, 1.8006680588781352e-24, nan 
-37.625, -78.125, 2.3208148383766924e-24, nan 
-37.375, -78.125, 2.1604378178082837e-24, nan 
-37.125, -78.125, 2.3504868286067677e-24, nan 
-36.875, -78.125, 2.20122063734203e-24, nan 
-36.625, -78.125, 2.2197344885314657e-24, nan 
-36.375, -78.125, 2.5454546916557454e-24, nan 
-36.125, -78.125, 2.6583639721527173e-24, nan 
-35.875, -78.125, 2.539503538844865e-24, nan 
-35.625, -78.125, 1.9314623979421295e-24, nan 
-35.375, -78.125, 2.177526201513733e-24, nan 
-35.125, -78.125, 2.6315822213208525e-24, nan 
-34.875, -78.125, 2.197955898297138e-24, nan 
-34.625, -78.125, 2.642234485154306e-24, nan 
-34.375, -78.125, 1.972773986105944e-24, nan 
-34.125, -78.125, 2.3353995152763716e-24, nan 
-33.875, -78.125, 1.7936643457937033e-24, nan 
-33.625, -78.125, 1.9592122178399394e-24, nan 
-33.375, -78.125, 2.5108739126424406e-24, nan 
-33.125, -78.125, 1.7280032715783385e-24, nan 
-32.875, -78.125, 4.0474351837915846e-24, nan 
-32.625, -78.125, 3.247853280251664e-24, nan 
-32.375, -78.125, 2.9193973921110954e-24, nan 
-32.125, -78.125, 1.7315373177441913e-24, nan 
-31.875, -78.125, 2.6527864607013067e-24, nan 
-31.625, -78.125, 3.1933787378678387e-24, nan 
-31.375, -78.125, 3.1494917047838003e-24, nan 
-31.125, -78.125, 3.0391813051990976e-24, nan 
-30.875, -78.125, 2.283335787233663e-24, nan 
-30.625, -78.125, 2.279621238770975e-24, nan 
-30.375, -78.125, 1.7160456811554846e-24, nan 
-30.125, -78.125, 1.2785249367481642e-24, nan 
-29.875, -78.125, 8.313977885476463e-25, nan 
-29.625, -78.125, 1.3048884795421615e-24, nan 
-29.375, -78.125, 1.597520317446089e-24, nan 
-29.125, -78.125, 1.6037246252191985e-24, nan 
-28.875, -78.125, 1.418992353918487e-24, nan 
-28.625, -78.125, 1.3811542533799088e-24, nan 
-28.375, -78.125, 2.0258163403275592e-24, nan 
-28.125, -78.125, 1.6194632060374535e-24, nan 
-27.875, -78.125, 1.4942224195278038e-24, nan 
-27.625, -78.125, 1.4981909245485172e-24, nan 
-27.375, -78.125, 1.911165502074665e-24, nan 
-27.125, -78.125, 1.1439368739511272e-24, nan 
-26.875, -78.125, 1.4756426881465578e-24, nan 
-26.625, -78.125, 1.633722258987024e-24, nan 
-26.375, -78.125, 1.4683521508256096e-24, nan 
-26.125, -78.125, 1.0411598525984473e-24, nan 
-25.875, -78.125, 1.4741331869678032e-24, nan 
-25.625, -78.125, 2.020775405635235e-24, nan 
-25.375, -78.125, 2.7696555159832877e-24, nan 
-25.125, -78.125, 3.0606312685380153e-24, nan 
-24.875, -78.125, 3.5616815230081596e-24, nan 
-24.625, -78.125, 2.0217517389004722e-24, nan 
-24.375, -78.125, 2.9638166184454417e-24, nan 
-24.125, -78.125, 4.080527948873297e-24, nan 
-23.875, -78.125, 4.670034253936773e-24, nan 
-23.625, -78.125, 4.713348888227641e-24, nan 
-23.375, -78.125, 3.085078928349963e-24, nan 
-23.125, -78.125, 4.1316823792265304e-24, nan 
-22.875, -78.125, 3.336406896389901e-24, nan 
-22.625, -78.125, 3.546013658736523e-24, nan 
-22.375, -78.125, 1.5634238098724575e-24, nan 
-22.125, -78.125, 3.806479912415829e-24, nan 
-21.875, -78.125, 3.447800774510423e-24, nan 
-21.625, -78.125, 4.6508036762907706e-24, nan 
-21.375, -78.125, 7.268093137991168e-24, nan 
-21.125, -78.125, 3.6155639219700085e-24, nan 
-20.875, -78.125, 6.425878449419917e-24, nan 
-20.625, -78.125, 6.217010375112458e-24, nan 
-20.375, -78.125, 6.721772294068509e-24, nan 
-20.125, -78.125, 1.194049352192759e-23, nan 
-19.875, -78.125, 4.780590812379215e-24, nan 
-19.625, -78.125, 8.918335263051495e-24, nan 
-19.375, -78.125, 8.28186580390741e-24, nan 
-19.125, -78.125, 7.456933389742949e-24, nan 
-18.875, -78.125, 9.012867830734311e-24, nan 
-18.625, -78.125, 1.579131385748949e-23, nan 
-18.375, -78.125, 1.3007045806867026e-23, nan 
-18.125, -78.125, 1.6428194831279263e-23, nan 
-17.875, -78.125, 1.772188267205067e-23, nan 
-17.625, -78.125, 1.446151926002753e-23, nan 
-17.375, -78.125, 1.8525294144845784e-23, nan 
-17.125, -78.125, 1.5968081103471988e-23, nan 
-16.875, -78.125, 2.1677980623443898e-23, nan 
-16.625, -78.125, 2.550144247559724e-23, nan 
-16.375, -78.125, 2.1256601340834124e-23, nan 
-16.125, -78.125, 1.2124027731833245e-23, nan 
-15.875, -78.125, 9.186639229514656e-24, nan 
-15.625, -78.125, 1.3205097836650987e-23, nan 
-15.375, -78.125, 1.3464521834582075e-23, nan 
-15.125, -78.125, 2.1275171863782638e-23, nan 
-14.875, -78.125, 9.120145791608565e-24, nan 
-14.625, -78.125, 1.5602476997685213e-23, nan 
-14.375, -78.125, 2.2937944541512826e-23, nan 
-14.125, -78.125, 9.883310349749929e-24, nan 
-13.875, -78.125, 1.16759787451064e-23, nan 
-13.625, -78.125, 2.396144446976057e-24, nan 
-13.375, -78.125, 9.080504175652208e-24, nan 
-13.125, -78.125, 1.2407345587532205e-23, nan 
-12.875, -78.125, 5.078081426561575e-24, nan 
-12.625, -78.125, 4.095988039412918e-24, nan 
-12.375, -78.125, 4.130214915555351e-24, nan 
-12.125, -78.125, 4.456983147707914e-24, nan 
-11.875, -78.125, 4.3288990987740834e-24, nan 
-11.625, -78.125, 4.545967832497919e-24, nan 
-11.375, -78.125, 2.8965607175462486e-24, nan 
-11.125, -78.125, 3.925504803036631e-24, nan 
-10.875, -78.125, 5.7422044858369895e-24, nan 
-10.625, -78.125, 5.490518909837116e-24, nan 
-10.375, -78.125, 5.439324414505283e-24, nan 
-10.125, -78.125, 5.706195896781127e-24, nan 
-9.875, -78.125, 5.125223129691575e-24, nan 
-9.625, -78.125, 7.73128813877759e-24, nan 
-9.375, -78.125, 6.0322957494741215e-24, nan 
-9.125, -78.125, 2.70729119492447e-24, nan 
-8.875, -78.125, 2.934096023458713e-24, nan 
-8.625, -78.125, 5.484466525026951e-24, nan 
-8.375, -78.125, 6.634188423272669e-24, nan 
-8.125, -78.125, 4.5295922710885855e-24, nan 
-7.875, -78.125, 3.521627941058948e-24, nan 
-7.625, -78.125, 3.562511899771299e-24, nan 
-7.375, -78.125, 5.24086226365181e-24, nan 
-7.125, -78.125, 5.741522722862735e-24, nan 
-6.875, -78.125, 2.048844219336593e-23, nan 
-6.625, -78.125, 2.3726582271399164e-23, nan 
-6.375, -78.125, 2.0595676385468512e-23, nan 
-6.125, -78.125, 2.981971473390828e-24, nan 
-5.875, -78.125, 1.354406807519766e-24, nan 
-47.875, -77.875, 1.7535454327153855e-24, nan 
-47.625, -77.875, 1.9021374622585966e-24, nan 
-47.375, -77.875, 1.5357160800200948e-24, nan 
-47.125, -77.875, 1.893904440018689e-24, nan 
-46.875, -77.875, 1.942074990837923e-24, nan 
-46.625, -77.875, 2.247371892201837e-24, nan 
-46.375, -77.875, 1.4749602497656259e-24, nan 
-46.125, -77.875, 1.2408551590015759e-24, nan 
-45.875, -77.875, 1.6217368985899913e-24, nan 
-45.625, -77.875, 1.8671428623334843e-24, nan 
-45.375, -77.875, 1.9417015642558887e-24, nan 
-45.125, -77.875, 1.4180094243202813e-24, nan 
-44.875, -77.875, 1.4393176755832989e-24, nan 
-44.625, -77.875, 1.986960045043472e-24, nan 
-44.375, -77.875, 2.464844806996324e-24, nan 
-44.125, -77.875, 2.44924956974408e-24, nan 
-43.875, -77.875, 1.9928164436917407e-24, nan 
-43.625, -77.875, 1.7603760104024613e-24, nan 
-43.375, -77.875, 2.3422966280634476e-24, nan 
-43.125, -77.875, 2.6560367857152593e-24, nan 
-42.875, -77.875, 2.383036644301477e-24, nan 
-42.625, -77.875, 1.6513833557514717e-24, nan 
-42.375, -77.875, 2.434883178410958e-24, nan 
-42.125, -77.875, 2.354882109359706e-24, nan 
-41.875, -77.875, 3.1217090862144772e-24, nan 
-41.625, -77.875, 2.3765766603859558e-24, nan 
-41.375, -77.875, 2.7931973722521548e-24, nan 
-41.125, -77.875, 1.839608995603068e-24, nan 
-40.875, -77.875, 1.7337378276688228e-24, nan 
-40.625, -77.875, 2.2621455243927107e-24, nan 
-40.375, -77.875, 2.1846175948987576e-24, nan 
-40.125, -77.875, 1.876281414344904e-24, nan 
-39.875, -77.875, 1.6561218358006482e-24, nan 
-39.625, -77.875, 1.3628473341254301e-24, nan 
-39.375, -77.875, 1.699800602972522e-24, nan 
-39.125, -77.875, 1.296990758893185e-24, nan 
-38.875, -77.875, 1.3667419927077074e-24, nan 
-38.625, -77.875, 1.6847556200371154e-24, nan 
-38.375, -77.875, 1.9364352734536166e-24, nan 
-38.125, -77.875, 1.8101085428988382e-24, nan 
-37.875, -77.875, 1.9032430214948992e-24, nan 
-37.625, -77.875, 2.1289003238656446e-24, nan 
-37.375, -77.875, 2.2239660544545434e-24, nan 
-37.125, -77.875, 2.062999931132242e-24, nan 
-36.875, -77.875, 1.701128330560413e-24, nan 
-36.625, -77.875, 1.9271715338290307e-24, nan 
-36.375, -77.875, 1.964183710821698e-24, nan 
-36.125, -77.875, 2.297539284979795e-24, nan 
-35.875, -77.875, 1.5250548982423269e-24, nan 
-35.625, -77.875, 1.4202649860079027e-24, nan 
-35.375, -77.875, 1.1221787981431794e-24, nan 
-35.125, -77.875, 1.2801191465739718e-24, nan 
-34.875, -77.875, 1.8067254590630815e-24, nan 
-34.625, -77.875, 8.537208591822886e-25, nan 
-34.375, -77.875, 1.3129962828922318e-24, nan 
-34.125, -77.875, 1.8148624563025012e-24, nan 
-33.875, -77.875, 1.960570606391649e-24, nan 
-33.625, -77.875, 1.450953645410611e-24, nan 
-33.375, -77.875, 5.912540799445839e-25, nan 
-33.125, -77.875, 1.9343115011870337e-24, nan 
-32.875, -77.875, 3.737958959939014e-24, nan 
-32.625, -77.875, 3.513828067070419e-24, nan 
-32.375, -77.875, 3.504827091288456e-24, nan 
-32.125, -77.875, 1.028537749176055e-24, nan 
-31.875, -77.875, 1.8750984623716446e-24, nan 
-31.625, -77.875, 3.266657101019747e-24, nan 
-31.375, -77.875, 3.985939957786014e-24, nan 
-31.125, -77.875, 4.144610882949872e-24, nan 
-30.875, -77.875, 3.310388880533482e-24, nan 
-30.625, -77.875, 2.529893664557025e-24, nan 
-30.375, -77.875, 2.7373100357990573e-24, nan 
-30.125, -77.875, 3.1730823744941837e-24, nan 
-29.875, -77.875, 3.4551239239383484e-24, nan 
-29.625, -77.875, 3.0086925593806617e-24, nan 
-29.375, -77.875, 2.428344159341021e-24, nan 
-29.125, -77.875, 1.3105498342372528e-24, nan 
-28.875, -77.875, 1.0976833955660378e-24, nan 
-28.625, -77.875, 8.176960645042276e-25, nan 
-28.375, -77.875, 1.3052960806523708e-24, nan 
-28.125, -77.875, 1.333972010224909e-24, nan 
-27.875, -77.875, 1.4911001272825717e-24, nan 
-27.625, -77.875, 1.4786116491744375e-24, nan 
-27.375, -77.875, 1.702725046216682e-24, nan 
-27.125, -77.875, 9.571286238432184e-25, nan 
-26.875, -77.875, 1.4334449405679952e-24, nan 
-26.625, -77.875, 1.6144771445917584e-24, nan 
-26.375, -77.875, 1.8110079979284673e-24, nan 
-26.125, -77.875, 5.76053817314159e-25, nan 
-25.875, -77.875, 1.1387379844852646e-24, nan 
-25.625, -77.875, 1.3329507392597003e-24, nan 
-25.375, -77.875, 1.01023139715719e-24, nan 
-25.125, -77.875, 7.413363770289307e-25, nan 
-24.875, -77.875, 9.449215949905272e-25, nan 
-24.625, -77.875, 7.669871692226209e-25, nan 
-24.375, -77.875, 1.89288758844113e-24, nan 
-24.125, -77.875, 3.046341359899211e-24, nan 
-23.875, -77.875, 3.476180755621722e-24, nan 
-23.625, -77.875, 3.8106847876455896e-24, nan 
-23.375, -77.875, 3.0749833652442562e-24, nan 
-23.125, -77.875, 3.8529623915546765e-24, nan 
-22.875, -77.875, 1.9419752849955532e-24, nan 
-22.625, -77.875, 3.545027409248489e-24, nan 
-22.375, -77.875, 2.929515952466643e-24, nan 
-22.125, -77.875, 3.1700638779700014e-24, nan 
-21.875, -77.875, 3.823627299254648e-24, nan 
-21.625, -77.875, 4.05012356463633e-24, nan 
-21.375, -77.875, 5.1119753745270156e-24, nan 
-21.125, -77.875, 4.652720469770521e-24, nan 
-20.875, -77.875, 5.57787569306277e-24, nan 
-20.625, -77.875, 4.387142335306326e-24, nan 
-20.375, -77.875, 3.640528534439726e-24, nan 
-20.125, -77.875, 8.556235190455764e-24, nan 
-19.875, -77.875, 5.1587646442659446e-24, nan 
-19.625, -77.875, 6.3553511249648665e-24, nan 
-19.375, -77.875, 6.777937459072105e-24, nan 
-19.125, -77.875, 5.525186787866612e-24, nan 
-18.875, -77.875, 2.3123460251184423e-24, nan 
-18.625, -77.875, 4.784224299342212e-24, nan 
-18.375, -77.875, 1.9589265877259392e-24, nan 
-18.125, -77.875, 4.0817961682237735e-24, nan 
-17.875, -77.875, 2.1754270625661254e-24, nan 
-17.625, -77.875, 2.5072887189018473e-24, nan 
-17.375, -77.875, 1.0649217365814327e-23, nan 
-17.125, -77.875, 1.0143641859419432e-23, nan 
-16.875, -77.875, 1.3292883081715256e-23, nan 
-16.625, -77.875, 1.577615084582087e-23, nan 
-16.375, -77.875, 1.6046145607295373e-23, nan 
-16.125, -77.875, 8.561711257768286e-24, nan 
-15.875, -77.875, 4.712086761479326e-24, nan 
-15.625, -77.875, 5.454017105583713e-24, nan 
-15.375, -77.875, 4.6118098494829796e-24, nan 
-15.125, -77.875, 1.0776675181706364e-23, nan 
-14.875, -77.875, 1.5562457046289686e-24, nan 
-14.625, -77.875, 8.664300622551619e-24, nan 
-14.375, -77.875, 1.326422379075043e-23, nan 
-14.125, -77.875, 7.105219909149513e-24, nan 
-13.875, -77.875, 2.4521075236079585e-24, nan 
-13.625, -77.875, 4.4836206214485474e-24, nan 
-13.375, -77.875, 5.223151524916782e-24, nan 
-13.125, -77.875, 4.313205557946745e-24, nan 
-12.875, -77.875, 6.4268754082574315e-24, nan 
-12.625, -77.875, 7.681686856337435e-24, nan 
-12.375, -77.875, 5.0084895440623416e-24, nan 
-12.125, -77.875, 5.5538447061151474e-24, nan 
-11.875, -77.875, 4.666583038940846e-24, nan 
-11.625, -77.875, 3.8489048417582e-24, nan 
-11.375, -77.875, 2.4028792107080708e-24, nan 
-11.125, -77.875, 4.101913275898101e-24, nan 
-10.875, -77.875, 3.679316975510822e-24, nan 
-10.625, -77.875, 2.0422865365932815e-24, nan 
-10.375, -77.875, 1.6320144747351578e-24, nan 
-10.125, -77.875, 2.632814807461312e-24, nan 
-9.875, -77.875, 5.407697367979757e-24, nan 
-9.625, -77.875, 7.001347596168854e-24, nan 
-9.375, -77.875, 5.656460149486173e-24, nan 
-9.125, -77.875, 3.9813570033328334e-24, nan 
-8.875, -77.875, 4.2807371077337925e-24, nan 
-8.625, -77.875, 5.6524310908734286e-24, nan 
-8.375, -77.875, 4.045043396276784e-24, nan 
-8.125, -77.875, 1.900186581438916e-23, nan 
-7.875, -77.875, 2.3130785701941621e-23, nan 
-7.625, -77.875, 2.0812803308883155e-23, nan 
-7.375, -77.875, 7.058725317879444e-24, nan 
-7.125, -77.875, 3.3467112722301576e-24, nan 
-6.875, -77.875, 3.883240052236499e-23, nan 
-6.625, -77.875, 4.63284729009237e-23, nan 
-6.375, -77.875, 4.017261537922897e-23, nan 
-6.125, -77.875, 6.134506503940324e-24, nan 
-5.875, -77.875, 5.349447309309765e-24, nan 
-5.625, -77.875, 2.0063755727974907e-23, nan 
-5.375, -77.875, 2.1831322048800774e-23, nan 
-5.125, -77.875, 1.8573393727962416e-23, nan 
-4.875, -77.875, 6.447812994354574e-24, nan 
-47.375, -77.625, 1.0696235281350072e-24, nan 
-47.125, -77.625, 1.0456499940308911e-24, nan 
-46.875, -77.625, 1.062931525257589e-24, nan 
-46.625, -77.625, 1.861916153173432e-24, nan 
-46.375, -77.625, 1.1610251005202706e-24, nan 
-46.125, -77.625, 7.070599806316331e-25, nan 
-45.875, -77.625, 6.420443945567914e-25, nan 
-45.625, -77.625, 1.0829511649630365e-24, nan 
-45.375, -77.625, 1.2535041450994977e-24, nan 
-45.125, -77.625, 1.4625476518722002e-24, nan 
-44.875, -77.625, 1.8515191654251484e-24, nan 
-44.625, -77.625, 1.536082219603749e-24, nan 
-44.375, -77.625, 1.0875736848526561e-24, nan 
-44.125, -77.625, 1.463219788185757e-24, nan 
-43.875, -77.625, 1.8913225093004066e-24, nan 
-43.625, -77.625, 2.0126209045631526e-24, nan 
-43.375, -77.625, 2.3848003471051594e-24, nan 
-43.125, -77.625, 2.3651354491080954e-24, nan 
-42.875, -77.625, 2.0561202317328524e-24, nan 
-42.625, -77.625, 1.6917742467721172e-24, nan 
-42.375, -77.625, 2.6322413107735642e-24, nan 
-42.125, -77.625, 2.6259111793602086e-24, nan 
-41.875, -77.625, 3.676489024514375e-24, nan 
-41.625, -77.625, 2.4103717671198345e-24, nan 
-41.375, -77.625, 3.2686945503412042e-24, nan 
-41.125, -77.625, 1.5579460440230214e-24, nan 
-40.875, -77.625, 2.082472154978492e-24, nan 
-40.625, -77.625, 1.878966277680482e-24, nan 
-40.375, -77.625, 2.211516094124103e-24, nan 
-40.125, -77.625, 2.3532714607773873e-24, nan 
-39.875, -77.625, 1.3473147899212168e-24, nan 
-39.625, -77.625, 1.7940205353227718e-24, nan 
-39.375, -77.625, 1.5387174081476908e-24, nan 
-39.125, -77.625, 1.4204316902131569e-24, nan 
-38.875, -77.625, 1.5135086284230906e-24, nan 
-38.625, -77.625, 2.268145576635488e-24, nan 
-38.375, -77.625, 1.9947577487062347e-24, nan 
-38.125, -77.625, 1.841984803299286e-24, nan 
-37.875, -77.625, 1.6216777266243148e-24, nan 
-37.625, -77.625, 2.1906220481874387e-24, nan 
-37.375, -77.625, 1.8268328648221973e-24, nan 
-37.125, -77.625, 1.2564599635696375e-24, nan 
-36.875, -77.625, 1.122657759801644e-24, nan 
-36.625, -77.625, 7.483240824976052e-25, nan 
-36.375, -77.625, 1.5061065240270508e-24, nan 
-36.125, -77.625, 1.112621312431075e-24, nan 
-35.875, -77.625, 1.342740077369357e-24, nan 
-35.625, -77.625, 1.6147965267088898e-24, nan 
-35.375, -77.625, 1.6988733044288684e-24, nan 
-35.125, -77.625, 1.2915509923281464e-24, nan 
-34.875, -77.625, 1.415280916796816e-24, nan 
-34.625, -77.625, 2.136897082844284e-24, nan 
-34.375, -77.625, 3.333007480669717e-25, nan 
-34.125, -77.625, 2.2501356737894497e-24, nan 
-33.875, -77.625, 2.2405646384302822e-24, nan 
-33.625, -77.625, 1.677994042220734e-24, nan 
-33.375, -77.625, 2.0378227887360166e-24, nan 
-33.125, -77.625, 7.347179719918127e-25, nan 
-32.875, -77.625, 1.919296453236161e-24, nan 
-32.625, -77.625, 3.219639437865775e-24, nan 
-32.375, -77.625, 3.359224023399452e-24, nan 
-32.125, -77.625, 1.725602442959825e-24, nan 
-31.875, -77.625, 1.0068631596704826e-24, nan 
-31.625, -77.625, 2.2750329443652504e-24, nan 
-31.375, -77.625, 2.6262190753605958e-24, nan 
-31.125, -77.625, 3.1925359111983355e-24, nan 
-30.875, -77.625, 2.1181840881620264e-24, nan 
-30.625, -77.625, 1.0528380599996138e-24, nan 
-30.375, -77.625, 1.65776758144287e-24, nan 
-30.125, -77.625, 1.9101837000829184e-24, nan 
-29.875, -77.625, 2.4923445376263324e-24, nan 
-29.625, -77.625, 2.461501259639809e-24, nan 
-29.375, -77.625, 2.126040870607293e-24, nan 
-29.125, -77.625, 2.1933349066313203e-24, nan 
-28.875, -77.625, 2.5059540276521894e-24, nan 
-28.625, -77.625, 2.5430539382691963e-24, nan 
-28.375, -77.625, 2.5843488382359994e-24, nan 
-28.125, -77.625, 2.248499132690167e-24, nan 
-27.875, -77.625, 1.976132485715014e-24, nan 
-27.625, -77.625, 1.7487920843740665e-24, nan 
-27.375, -77.625, 1.6219517693222398e-24, nan 
-27.125, -77.625, 1.3105193954041525e-24, nan 
-26.875, -77.625, 1.94874810912216e-24, nan 
-26.625, -77.625, 2.0577474126952056e-24, nan 
-26.375, -77.625, 1.934211518362641e-24, nan 
-26.125, -77.625, 2.1298234775498266e-24, nan 
-25.875, -77.625, 1.967968105436987e-24, nan 
-25.625, -77.625, 2.3700494811321306e-24, nan 
-25.375, -77.625, 2.3374329482366873e-24, nan 
-25.125, -77.625, 1.0275042866433103e-24, nan 
-24.875, -77.625, 1.5556089539354888e-24, nan 
-24.625, -77.625, 1.8390231010413562e-24, nan 
-24.375, -77.625, 1.896862883201645e-24, nan 
-24.125, -77.625, 2.159627781712026e-24, nan 
-23.875, -77.625, 1.9770671596608508e-24, nan 
-23.625, -77.625, 1.7035959266313795e-24, nan 
-23.375, -77.625, 1.8795894248272846e-24, nan 
-23.125, -77.625, 1.2627981361409944e-24, nan 
-22.875, -77.625, 1.11783480898009e-24, nan 
-22.625, -77.625, 1.6040273275142995e-24, nan 
-22.375, -77.625, 2.702518167145989e-24, nan 
-22.125, -77.625, 2.6941103802496766e-24, nan 
-21.875, -77.625, 2.978386600327922e-24, nan 
-21.625, -77.625, 3.2221109205989828e-24, nan 
-21.375, -77.625, 1.273222398348579e-24, nan 
-21.125, -77.625, 1.4701983485790632e-24, nan 
-20.875, -77.625, 2.1004714690333315e-24, nan 
-20.625, -77.625, 2.19294901323897e-24, nan 
-20.375, -77.625, 2.6858411992299552e-24, nan 
-20.125, -77.625, 2.9682118077030656e-24, nan 
-19.875, -77.625, 4.625765713745319e-24, nan 
-19.625, -77.625, 2.7880726305563577e-24, nan 
-19.375, -77.625, 1.69091891212452e-24, nan 
-19.125, -77.625, 1.9394546225215767e-24, nan 
-18.875, -77.625, 3.632269721856887e-24, nan 
-18.625, -77.625, 4.525040671096071e-24, nan 
-18.375, -77.625, 3.218195277655001e-24, nan 
-18.125, -77.625, 2.2292227042104595e-24, nan 
-17.875, -77.625, 3.870888348760094e-24, nan 
-17.625, -77.625, 4.605575284442726e-24, nan 
-17.375, -77.625, 5.777448491553996e-24, nan 
-17.125, -77.625, 6.0847305687612096e-24, nan 
-16.875, -77.625, 6.873602521763229e-24, nan 
-16.625, -77.625, 1.0115892490775537e-23, nan 
-16.375, -77.625, 5.339262210580779e-24, nan 
-16.125, -77.625, 1.2088982329145784e-23, nan 
-15.875, -77.625, 1.237391593048175e-23, nan 
-15.625, -77.625, 1.4074955658223665e-23, nan 
-15.375, -77.625, 1.3690156283985975e-23, nan 
-15.125, -77.625, 1.2251577290756331e-23, nan 
-14.875, -77.625, 1.4305667444337752e-23, nan 
-14.625, -77.625, 1.305183458208311e-23, nan 
-14.375, -77.625, 9.810680167667404e-24, nan 
-14.125, -77.625, 1.208652058875261e-23, nan 
-13.875, -77.625, 1.3849888266375217e-23, nan 
-13.625, -77.625, 1.1316110543475906e-23, nan 
-13.375, -77.625, 1.1139784431730283e-23, nan 
-13.125, -77.625, 1.2492034607603396e-23, nan 
-12.875, -77.625, 1.0542577192792384e-23, nan 
-12.625, -77.625, 1.1840737801337721e-23, nan 
-12.375, -77.625, 7.175443549878659e-24, nan 
-12.125, -77.625, 6.937099310927481e-24, nan 
-11.875, -77.625, 6.823929752831566e-24, nan 
-11.625, -77.625, 6.2437969596468106e-24, nan 
-11.375, -77.625, 1.1487721370117688e-23, nan 
-11.125, -77.625, 5.4057071101666025e-24, nan 
-10.875, -77.625, 6.20705387349208e-24, nan 
-10.625, -77.625, 5.576377939513029e-24, nan 
-10.375, -77.625, 4.8765734710035685e-24, nan 
-10.125, -77.625, 4.672982434202808e-24, nan 
-9.875, -77.625, 3.838048435419084e-24, nan 
-9.625, -77.625, 3.3561440479976895e-24, nan 
-9.375, -77.625, 3.1281385902482425e-24, nan 
-9.125, -77.625, 4.8494535758874306e-24, nan 
-8.875, -77.625, 5.2066938547859915e-24, nan 
-8.625, -77.625, 4.162934748160033e-24, nan 
-8.375, -77.625, 2.7962791895042978e-24, nan 
-8.125, -77.625, 3.751083818028874e-24, nan 
-7.875, -77.625, 5.194916461592819e-24, nan 
-7.625, -77.625, 5.561275217193067e-24, nan 
-7.375, -77.625, 5.566778612380359e-24, nan 
-7.125, -77.625, 3.058085576173429e-24, nan 
-6.875, -77.625, 1.8924433787646404e-23, nan 
-6.625, -77.625, 2.4680423861893473e-23, nan 
-6.375, -77.625, 2.1355965451762017e-23, nan 
-6.125, -77.625, 3.0937039973870597e-24, nan 
-5.875, -77.625, 4.865689849529844e-24, nan 
-5.625, -77.625, 3.079004009769898e-24, nan 
-5.375, -77.625, 3.776411684450487e-24, nan 
-5.125, -77.625, 5.1003329708119754e-24, nan 
-4.875, -77.625, 7.183611770388278e-24, nan 
-4.625, -77.625, 6.028078212317096e-24, nan 
-4.375, -77.625, 7.047450944480326e-24, nan 
-4.125, -77.625, 8.017395516274053e-24, nan 
-46.875, -77.375, 5.93896548039337e-25, nan 
-46.625, -77.375, 7.992853136409823e-25, nan 
-46.375, -77.375, 9.481640708382193e-25, nan 
-46.125, -77.375, 1.0249952480205636e-24, nan 
-45.875, -77.375, 1.1163118989702184e-24, nan 
-45.625, -77.375, 1.0643147947961273e-24, nan 
-45.375, -77.375, 1.4373485181100625e-24, nan 
-45.125, -77.375, 1.7437209131939046e-24, nan 
-44.875, -77.375, 1.7950462319041505e-24, nan 
-44.625, -77.375, 1.7233239511781866e-24, nan 
-44.375, -77.375, 1.3642122605760208e-24, nan 
-44.125, -77.375, 2.1242316331158606e-24, nan 
-43.875, -77.375, 2.0547134174679816e-24, nan 
-43.625, -77.375, 9.072752275497426e-25, nan 
-43.375, -77.375, 1.1960568994507857e-24, nan 
-43.125, -77.375, 1.3713322835313553e-24, nan 
-42.875, -77.375, 2.0658549330240084e-24, nan 
-42.625, -77.375, 1.4809556431601555e-24, nan 
-42.375, -77.375, 1.3574789666874164e-24, nan 
-42.125, -77.375, 2.0955662029821352e-24, nan 
-41.875, -77.375, 2.398325035297491e-24, nan 
-41.625, -77.375, 2.9132148714337206e-24, nan 
-41.375, -77.375, 1.670464314686152e-24, nan 
-41.125, -77.375, 1.5767490969228565e-24, nan 
-40.875, -77.375, 1.8296901984638635e-24, nan 
-40.625, -77.375, 1.9709983450610454e-24, nan 
-40.375, -77.375, 2.0940843965663934e-24, nan 
-40.125, -77.375, 1.538701196638493e-24, nan 
-39.875, -77.375, 1.3660281536704138e-24, nan 
-39.625, -77.375, 1.3953932979063743e-24, nan 
-39.375, -77.375, 1.1964104695506313e-24, nan 
-39.125, -77.375, 1.0322143068491676e-24, nan 
-38.875, -77.375, 9.101956563143693e-25, nan 
-38.625, -77.375, 1.990944737402686e-24, nan 
-38.375, -77.375, 1.5991047664739453e-24, nan 
-38.125, -77.375, 1.3623929159711578e-24, nan 
-37.875, -77.375, 1.1962473187416745e-24, nan 
-37.625, -77.375, 1.5900861744585436e-24, nan 
-37.375, -77.375, 1.463202598121912e-24, nan 
-37.125, -77.375, 1.1706512581934224e-24, nan 
-36.875, -77.375, 1.0255199094981183e-24, nan 
-36.625, -77.375, 1.2303815321378087e-24, nan 
-36.375, -77.375, 7.598130044851524e-25, nan 
-36.125, -77.375, 5.525017130112506e-25, nan 
-35.875, -77.375, 1.621469502704914e-24, nan 
-35.625, -77.375, 2.169606176378734e-24, nan 
-35.375, -77.375, 2.3423049724866224e-24, nan 
-35.125, -77.375, 1.741137674175937e-24, nan 
-34.875, -77.375, 1.4419655505422628e-24, nan 
-34.625, -77.375, 4.195893136513501e-24, nan 
-34.375, -77.375, 1.3929902608308827e-24, nan 
-34.125, -77.375, 1.5169189122303902e-24, nan 
-33.875, -77.375, 1.4823743440890802e-24, nan 
-33.625, -77.375, 2.353002343666495e-24, nan 
-33.375, -77.375, 3.596449481358482e-24, nan 
-33.125, -77.375, 5.243565029362203e-25, nan 
-32.875, -77.375, 8.580846745172984e-25, nan 
-32.625, -77.375, 1.3304451671928224e-24, nan 
-32.375, -77.375, 1.1380288615804759e-24, nan 
-32.125, -77.375, 1.964224454188871e-24, nan 
-31.875, -77.375, 1.250528887174556e-24, nan 
-31.625, -77.375, 1.4102559343169764e-24, nan 
-31.375, -77.375, 1.752483548224191e-24, nan 
-31.125, -77.375, 2.1111164946243394e-24, nan 
-30.875, -77.375, 1.5480975946553338e-24, nan 
-30.625, -77.375, 1.478025498579732e-24, nan 
-30.375, -77.375, 1.5384537844742445e-24, nan 
-30.125, -77.375, 1.119497639902433e-24, nan 
-29.875, -77.375, 1.0425774587988414e-24, nan 
-29.625, -77.375, 1.7015743312310312e-24, nan 
-29.375, -77.375, 1.851647273711327e-24, nan 
-29.125, -77.375, 2.8676797045713113e-24, nan 
-28.875, -77.375, 3.38352206133408e-24, nan 
-28.625, -77.375, 3.2298326641984987e-24, nan 
-28.375, -77.375, 3.345345250688375e-24, nan 
-28.125, -77.375, 2.1550621850357942e-24, nan 
-27.875, -77.375, 2.523162585863121e-24, nan 
-27.625, -77.375, 2.4025960513920853e-24, nan 
-27.375, -77.375, 1.845064932288772e-24, nan 
-27.125, -77.375, 1.749171503254589e-24, nan 
-26.875, -77.375, 2.0621282232556155e-24, nan 
-26.625, -77.375, 2.3714680815282424e-24, nan 
-26.375, -77.375, 2.7815341321734785e-24, nan 
-26.125, -77.375, 3.6734597815181035e-24, nan 
-25.875, -77.375, 4.248289517139795e-24, nan 
-25.625, -77.375, 4.072346254896592e-24, nan 
-25.375, -77.375, 5.5644856913950115e-24, nan 
-25.125, -77.375, 6.306162073672289e-24, nan 
-24.875, -77.375, 5.2027156778725635e-24, nan 
-24.625, -77.375, 3.9321896716105766e-24, nan 
-24.375, -77.375, 2.8574765615000453e-24, nan 
-24.125, -77.375, 2.380708498128301e-24, nan 
-23.875, -77.375, 2.1330952522299684e-24, nan 
-23.625, -77.375, 4.210508748462809e-24, nan 
-23.375, -77.375, 4.1098291065841046e-24, nan 
-23.125, -77.375, 3.2373143583282147e-24, nan 
-22.875, -77.375, 6.445503831647755e-24, nan 
-22.625, -77.375, 8.081461679727443e-24, nan 
-22.375, -77.375, 5.753920693788294e-24, nan 
-22.125, -77.375, 3.895968976305712e-24, nan 
-21.875, -77.375, 2.7993931685746163e-24, nan 
-21.625, -77.375, 7.197076330544334e-24, nan 
-21.375, -77.375, 2.2431192174391895e-24, nan 
-21.125, -77.375, 7.359803083096522e-24, nan 
-20.875, -77.375, 4.307632300504841e-24, nan 
-20.625, -77.375, 5.603679039994572e-24, nan 
-20.375, -77.375, 6.850455687435842e-24, nan 
-20.125, -77.375, 9.281589968599972e-24, nan 
-19.875, -77.375, 8.290125137692963e-24, nan 
-19.625, -77.375, 9.048645305036121e-24, nan 
-19.375, -77.375, 7.29951742265329e-24, nan 
-19.125, -77.375, 1.0064573585441874e-23, nan 
-18.875, -77.375, 8.549774173311508e-24, nan 
-18.625, -77.375, 1.118875129316938e-23, nan 
-18.375, -77.375, 1.2722831428146978e-23, nan 
-18.125, -77.375, 1.0584099165766146e-23, nan 
-17.875, -77.375, 1.1411461612085443e-23, nan 
-17.625, -77.375, 1.0425631716861922e-23, nan 
-17.375, -77.375, 1.1778648390910128e-23, nan 
-17.125, -77.375, 1.1578048235253285e-23, nan 
-16.875, -77.375, 1.1704361537174224e-23, nan 
-16.625, -77.375, 1.2970265775446361e-23, nan 
-16.375, -77.375, 9.523495237418262e-24, nan 
-16.125, -77.375, 1.4433845918986278e-23, nan 
-15.875, -77.375, 1.413769407338533e-23, nan 
-15.625, -77.375, 1.6533588122513644e-23, nan 
-15.375, -77.375, 1.4711509156490335e-23, nan 
-15.125, -77.375, 1.441439966068272e-23, nan 
-14.875, -77.375, 1.4768310762981443e-23, nan 
-14.625, -77.375, 1.317032149549206e-23, nan 
-14.375, -77.375, 1.2977388207290983e-23, nan 
-14.125, -77.375, 1.1908378953047406e-23, nan 
-13.875, -77.375, 1.3301554689418507e-23, nan 
-13.625, -77.375, 1.0963119799602332e-23, nan 
-13.375, -77.375, 1.0803572647322136e-23, nan 
-13.125, -77.375, 1.4029257072943006e-23, nan 
-12.875, -77.375, 8.121468455397165e-24, nan 
-12.625, -77.375, 4.369384222630569e-24, nan 
-12.375, -77.375, 7.915832438821214e-24, nan 
-12.125, -77.375, 8.171291151824802e-24, nan 
-11.875, -77.375, 9.84501209707302e-24, nan 
-11.625, -77.375, 8.196377533667381e-24, nan 
-11.375, -77.375, 1.1768096247186275e-23, nan 
-11.125, -77.375, 8.418669935465692e-24, nan 
-10.875, -77.375, 7.093568393568138e-24, nan 
-10.625, -77.375, 7.113643252267976e-24, nan 
-10.375, -77.375, 7.788627916303513e-24, nan 
-10.125, -77.375, 9.375139771841852e-24, nan 
-9.875, -77.375, 5.762266133557029e-24, nan 
-9.625, -77.375, 3.0848668610971174e-24, nan 
-9.375, -77.375, 3.24415245641141e-24, nan 
-9.125, -77.375, 7.833245232790244e-24, nan 
-8.875, -77.375, 7.433842737189189e-24, nan 
-8.625, -77.375, 5.274067355403434e-24, nan 
-8.375, -77.375, 4.394654832177223e-24, nan 
-8.125, -77.375, 4.5098462310745244e-24, nan 
-7.875, -77.375, 6.66051059851961e-24, nan 
-7.625, -77.375, 7.513874389455995e-24, nan 
-7.375, -77.375, 1.0012786311001746e-23, nan 
-7.125, -77.375, 7.069184574464665e-24, nan 
-6.875, -77.375, 5.822162592329766e-24, nan 
-6.625, -77.375, 6.110236332603259e-24, nan 
-6.375, -77.375, 6.429200720719527e-24, nan 
-6.125, -77.375, 5.715555949442714e-24, nan 
-5.875, -77.375, 5.974436959540384e-24, nan 
-5.625, -77.375, 5.358373887638823e-24, nan 
-5.375, -77.375, 5.4207181968309155e-24, nan 
-5.125, -77.375, 6.404850752447456e-24, nan 
-4.875, -77.375, 6.042150520882709e-24, nan 
-4.625, -77.375, 3.942984821787517e-24, nan 
-4.375, -77.375, 2.933836464767837e-24, nan 
-4.125, -77.375, 3.478160085140199e-24, nan 
-3.875, -77.375, 4.855574063291455e-24, nan 
-3.625, -77.375, 4.30765749673905e-24, nan 
-46.375, -77.125, 1.084889853667002e-24, nan 
-46.125, -77.125, 1.1818505383092556e-24, nan 
-45.875, -77.125, 7.950837643079824e-25, nan 
-45.625, -77.125, 6.629400507694917e-25, nan 
-45.375, -77.125, 7.787949158016189e-25, nan 
-45.125, -77.125, 9.154386019295215e-25, nan 
-44.875, -77.125, 9.956873705343723e-25, nan 
-44.625, -77.125, 5.941587100851558e-25, nan 
-44.375, -77.125, 1.5580508144465904e-24, nan 
-44.125, -77.125, 1.152921334983303e-24, nan 
-43.875, -77.125, 1.496657651790759e-24, nan 
-43.625, -77.125, 1.1212607914280895e-24, nan 
-43.375, -77.125, 1.2803308794317048e-24, nan 
-43.125, -77.125, 1.0952019723654033e-24, nan 
-42.875, -77.125, 6.149786107025951e-25, nan 
-42.625, -77.125, 1.39086353791301e-24, nan 
-42.375, -77.125, 1.4809417721522635e-24, nan 
-42.125, -77.125, 1.4970815664342529e-24, nan 
-41.875, -77.125, 1.384656563631499e-24, nan 
-41.625, -77.125, 1.519381249997828e-24, nan 
-41.375, -77.125, 9.602020854875015e-25, nan 
-41.125, -77.125, 1.171738836358133e-24, nan 
-40.875, -77.125, 1.1380976156197817e-24, nan 
-40.625, -77.125, 1.0092974914906751e-24, nan 
-40.375, -77.125, 1.1961250357743636e-24, nan 
-40.125, -77.125, 9.128959534076887e-25, nan 
-39.875, -77.125, 1.5290492947366624e-24, nan 
-39.625, -77.125, 1.1896189955174895e-24, nan 
-39.375, -77.125, 1.8226447021954357e-24, nan 
-39.125, -77.125, 9.967912563668469e-25, nan 
-38.875, -77.125, 1.0421831694108351e-24, nan 
-38.625, -77.125, 2.4121000865827554e-24, nan 
-38.375, -77.125, 9.422406445075152e-25, nan 
-38.125, -77.125, 8.295232530746958e-25, nan 
-37.875, -77.125, 9.27431949047781e-25, nan 
-37.625, -77.125, 7.55911556761896e-25, nan 
-37.375, -77.125, 4.403112975235484e-25, nan 
-37.125, -77.125, 8.40068951055564e-25, nan 
-36.875, -77.125, 9.260537578000873e-25, nan 
-36.625, -77.125, 1.4892445134910756e-24, nan 
-36.375, -77.125, 1.269512621041908e-24, nan 
-36.125, -77.125, 1.1825682701267742e-24, nan 
-35.875, -77.125, 1.9963288376514083e-24, nan 
-35.625, -77.125, 1.639422738875618e-24, nan 
-35.375, -77.125, 1.40536698139378e-24, nan 
-35.125, -77.125, 1.5150500586051267e-24, nan 
-34.875, -77.125, 2.210883870628703e-24, nan 
-34.625, -77.125, 3.358382514518941e-24, nan 
-34.375, -77.125, 1.4886108300297683e-24, nan 
-34.125, -77.125, 6.648709082571777e-25, nan 
-33.875, -77.125, 1.0955795003717665e-24, nan 
-33.625, -77.125, 4.0895583713988786e-24, nan 
-33.375, -77.125, 1.6046340073600534e-24, nan 
-33.125, -77.125, 6.462601655379994e-25, nan 
-32.875, -77.125, 5.487959302089312e-25, nan 
-32.625, -77.125, 1.2649148933906833e-24, nan 
-32.375, -77.125, 2.3947200063843045e-24, nan 
-32.125, -77.125, 1.2222106361106726e-24, nan 
-31.875, -77.125, 1.0928684894556378e-24, nan 
-31.625, -77.125, 1.6000936744203318e-24, nan 
-31.375, -77.125, 1.3211015277316676e-24, nan 
-31.125, -77.125, 1.0397545408906127e-24, nan 
-30.875, -77.125, 1.200253411193314e-24, nan 
-30.625, -77.125, 1.3894658940500005e-24, nan 
-30.375, -77.125, 2.6230766720055398e-24, nan 
-30.125, -77.125, 1.138691418770167e-24, nan 
-29.875, -77.125, 1.1853604692510999e-24, nan 
-29.625, -77.125, 1.1128536676012874e-24, nan 
-29.375, -77.125, 1.4538644129167546e-24, nan 
-29.125, -77.125, 1.782064074100927e-24, nan 
-28.875, -77.125, 2.259021294859702e-24, nan 
-28.625, -77.125, 2.7430054689238158e-24, nan 
-28.375, -77.125, 2.668717794876117e-24, nan 
-28.125, -77.125, 1.6159428004641768e-24, nan 
-27.875, -77.125, 1.1914543039941233e-24, nan 
-27.625, -77.125, 2.03946108745716e-24, nan 
-27.375, -77.125, 2.3247032328699958e-24, nan 
-27.125, -77.125, 3.4847435522740286e-24, nan 
-26.875, -77.125, 3.133191466170452e-24, nan 
-26.625, -77.125, 5.135290078280203e-24, nan 
-26.375, -77.125, 6.514232124288991e-24, nan 
-26.125, -77.125, 5.638346008527285e-24, nan 
-25.875, -77.125, 4.407958672742685e-24, nan 
-25.625, -77.125, 3.7451378891831386e-24, nan 
-25.375, -77.125, 7.564594551770477e-24, nan 
-25.125, -77.125, 1.0910832695620911e-23, nan 
-24.875, -77.125, 8.108032940832675e-24, nan 
-24.625, -77.125, 3.61553691632634e-24, nan 
-24.375, -77.125, 2.4984159357472322e-24, nan 
-24.125, -77.125, 6.871118128264685e-24, nan 
-23.875, -77.125, 8.586328515424716e-24, nan 
-23.625, -77.125, 5.430097080014378e-24, nan 
-23.375, -77.125, 7.771576290283038e-24, nan 
-23.125, -77.125, 9.653467348644485e-24, nan 
-22.875, -77.125, 1.0020878698138598e-23, nan 
-22.625, -77.125, 1.244663150437369e-23, nan 
-22.375, -77.125, 7.736611449115534e-24, nan 
-22.125, -77.125, 7.048886503518811e-24, nan 
-21.875, -77.125, 1.466595868232347e-23, nan 
-21.625, -77.125, 7.921930563405767e-24, nan 
-21.375, -77.125, 1.3854768185406643e-23, nan 
-21.125, -77.125, 8.248180606174518e-24, nan 
-20.875, -77.125, 6.4467105228558275e-24, nan 
-20.625, -77.125, 1.0105730904173375e-23, nan 
-20.375, -77.125, 7.052299643093943e-24, nan 
-20.125, -77.125, 1.3223956989736822e-23, nan 
-19.875, -77.125, 8.512359219573605e-24, nan 
-19.625, -77.125, 1.0354856991478349e-23, nan 
-19.375, -77.125, 8.219653421832926e-24, nan 
-19.125, -77.125, 1.0135408096527067e-23, nan 
-18.875, -77.125, 1.0053663508249407e-23, nan 
-18.625, -77.125, 1.1904420677986808e-23, nan 
-18.375, -77.125, 1.2512131608221709e-23, nan 
-18.125, -77.125, 1.1758645488373986e-23, nan 
-17.875, -77.125, 1.0409947896512237e-23, nan 
-17.625, -77.125, 1.055323411713229e-23, nan 
-17.375, -77.125, 7.419107673411639e-24, nan 
-17.125, -77.125, 6.830270375991775e-24, nan 
-16.875, -77.125, 7.260867330534482e-24, nan 
-16.625, -77.125, 4.996863795306571e-24, nan 
-16.375, -77.125, 5.84710165705282e-24, nan 
-16.125, -77.125, 4.2249840567906975e-24, nan 
-15.875, -77.125, 5.356286748955894e-24, nan 
-15.625, -77.125, 8.332229181636695e-24, nan 
-15.375, -77.125, 8.786110294180124e-24, nan 
-15.125, -77.125, 5.064141183955005e-24, nan 
-14.875, -77.125, 3.1521395558098162e-24, nan 
-14.625, -77.125, 2.3546652199259805e-24, nan 
-14.375, -77.125, 7.612807987824242e-24, nan 
-14.125, -77.125, 2.9610081899925837e-24, nan 
-13.875, -77.125, 5.9401204679583046e-24, nan 
-13.625, -77.125, 2.071184496922572e-24, nan 
-13.375, -77.125, 3.6393911601713765e-24, nan 
-13.125, -77.125, 5.4695314423684546e-24, nan 
-12.875, -77.125, 3.476143561511861e-24, nan 
-12.625, -77.125, 3.248596108802127e-24, nan 
-12.375, -77.125, 2.7811574991247095e-24, nan 
-12.125, -77.125, 5.905745914799037e-24, nan 
-11.875, -77.125, 7.523184625024223e-24, nan 
-11.625, -77.125, 9.158376586794952e-24, nan 
-11.375, -77.125, 8.849685503865304e-24, nan 
-11.125, -77.125, 1.0376430479597718e-23, nan 
-10.875, -77.125, 6.965305778554781e-24, nan 
-10.625, -77.125, 8.99209798544454e-24, nan 
-10.375, -77.125, 1.0288241287157406e-23, nan 
-10.125, -77.125, 9.526731223772497e-24, nan 
-9.875, -77.125, 1.0544291746284386e-23, nan 
-9.625, -77.125, 6.634986945259268e-24, nan 
-9.375, -77.125, 5.830288553078463e-24, nan 
-9.125, -77.125, 5.886700778154032e-24, nan 
-8.875, -77.125, 6.84716841323356e-24, nan 
-8.625, -77.125, 1.1867054387101043e-23, nan 
-8.375, -77.125, 1.2639691911606585e-23, nan 
-8.125, -77.125, 1.1579377133734897e-23, nan 
-7.875, -77.125, 8.616419274039608e-24, nan 
-7.625, -77.125, 7.632686078816263e-24, nan 
-7.375, -77.125, 1.203038833090133e-23, nan 
-7.125, -77.125, 1.0275734782640017e-23, nan 
-6.875, -77.125, 9.493594437784671e-24, nan 
-6.625, -77.125, 7.365492923797064e-24, nan 
-6.375, -77.125, 6.727322786880043e-24, nan 
-6.125, -77.125, 4.171603152983338e-24, nan 
-5.875, -77.125, 6.4184679269562025e-24, nan 
-5.625, -77.125, 8.686570591021249e-24, nan 
-5.375, -77.125, 6.600721006683258e-24, nan 
-5.125, -77.125, 6.546917754361912e-24, nan 
-4.875, -77.125, 2.1242445145978315e-24, nan 
-4.625, -77.125, 5.0246884263586764e-24, nan 
-4.375, -77.125, 1.074660411658737e-23, nan 
-4.125, -77.125, 1.4272951759749977e-23, nan 
-3.875, -77.125, 9.251256746912806e-24, nan 
-3.625, -77.125, 4.350491058685553e-24, nan 
-3.375, -77.125, 7.368242350524537e-24, nan 
-3.125, -77.125, 1.207155816998825e-23, nan 
-2.875, -77.125, 1.2027429400437953e-23, nan 
-45.875, -76.875, 7.925994722038095e-25, nan 
-45.625, -76.875, 9.205515780033466e-25, nan 
-45.375, -76.875, 1.419091657484371e-24, nan 
-45.125, -76.875, 1.289500296465888e-24, nan 
-44.875, -76.875, 1.3857146636739432e-24, nan 
-44.625, -76.875, 1.5670282054635055e-24, nan 
-44.375, -76.875, 2.08604964021139e-24, nan 
-44.125, -76.875, 1.729110254169838e-24, nan 
-43.875, -76.875, 1.5167214846592274e-24, nan 
-43.625, -76.875, 1.4206398089508394e-24, nan 
-43.375, -76.875, 2.0963977684640174e-24, nan 
-43.125, -76.875, 2.2664945289858155e-24, nan 
-42.875, -76.875, 2.0659737270615614e-24, nan 
-42.625, -76.875, 2.1580509733253055e-24, nan 
-42.375, -76.875, 1.0797820215294581e-24, nan 
-42.125, -76.875, 2.2997412286697703e-24, nan 
-41.875, -76.875, 2.438366725300669e-24, nan 
-41.625, -76.875, 9.19931024901292e-25, nan 
-41.375, -76.875, 9.437561459900986e-25, nan 
-41.125, -76.875, 1.118456261792013e-24, nan 
-40.875, -76.875, 2.049621054153242e-24, nan 
-40.625, -76.875, 2.707394166488621e-24, nan 
-40.375, -76.875, 1.6150784488843774e-24, nan 
-40.125, -76.875, 1.752678974410565e-24, nan 
-39.875, -76.875, 2.729060955185436e-24, nan 
-39.625, -76.875, 2.131337921227353e-24, nan 
-39.375, -76.875, 3.4528374994581695e-24, nan 
-39.125, -76.875, 1.675296260879467e-24, nan 
-38.875, -76.875, 2.03921246504333e-24, nan 
-38.625, -76.875, 4.784453408786909e-24, nan 
-38.375, -76.875, 1.1750510848163473e-24, nan 
-38.125, -76.875, 1.681167925547643e-24, nan 
-37.875, -76.875, 1.787293964121223e-24, nan 
-37.625, -76.875, 1.4007008313631861e-24, nan 
-37.375, -76.875, 2.1640081448636426e-24, nan 
-37.125, -76.875, 2.573416917788101e-24, nan 
-36.875, -76.875, 1.893226369776594e-24, nan 
-36.625, -76.875, 2.372065088561235e-24, nan 
-36.375, -76.875, 2.1411117735663415e-24, nan 
-36.125, -76.875, 1.6495242110531123e-24, nan 
-35.875, -76.875, 1.587999290356294e-24, nan 
-35.625, -76.875, 9.995471898721233e-25, nan 
-35.375, -76.875, 8.594501090025905e-25, nan 
-35.125, -76.875, 9.647610641602574e-25, nan 
-34.875, -76.875, 1.0098800668081474e-24, nan 
-34.625, -76.875, 1.0515490712514549e-24, nan 
-34.375, -76.875, 2.0026192540735656e-24, nan 
-34.125, -76.875, 1.1142487070861977e-24, nan 
-33.875, -76.875, 1.5387321426871682e-24, nan 
-33.625, -76.875, 3.588125785214531e-24, nan 
-33.375, -76.875, 3.39399196651386e-24, nan 
-33.125, -76.875, 3.704839863200013e-24, nan 
-32.875, -76.875, 3.692771555394245e-24, nan 
-32.625, -76.875, 5.247961150412576e-24, nan 
-32.375, -76.875, 6.361191880050122e-24, nan 
-32.125, -76.875, 4.5654793473341716e-24, nan 
-31.875, -76.875, 4.84462432315307e-24, nan 
-31.625, -76.875, 5.035122480413209e-24, nan 
-31.375, -76.875, 4.9218311730071405e-24, nan 
-31.125, -76.875, 3.281886947099075e-24, nan 
-30.875, -76.875, 4.094873485017735e-24, nan 
-30.625, -76.875, 3.60608514869347e-24, nan 
-30.375, -76.875, 4.077593785422436e-24, nan 
-30.125, -76.875, 3.2026228144024993e-24, nan 
-29.875, -76.875, 9.64634722655046e-25, nan 
-29.625, -76.875, 9.226390416241025e-25, nan 
-29.375, -76.875, 2.394435051780013e-24, nan 
-29.125, -76.875, 1.8673302621282324e-24, nan 
-28.875, -76.875, 3.2715241297425176e-24, nan 
-28.625, -76.875, 3.325110003360482e-24, nan 
-28.375, -76.875, 7.401204198981521e-24, nan 
-28.125, -76.875, 3.787888402092606e-24, nan 
-27.875, -76.875, 6.0379529651384525e-24, nan 
-27.625, -76.875, 4.0929585836513536e-24, nan 
-27.375, -76.875, 5.2060462915714195e-24, nan 
-27.125, -76.875, 5.23547753344555e-24, nan 
-26.875, -76.875, 4.629081391896017e-24, nan 
-26.625, -76.875, 4.969262235484009e-24, nan 
-26.375, -76.875, 5.137907763502437e-24, nan 
-26.125, -76.875, 6.001619342535186e-24, nan 
-25.875, -76.875, 6.888056576364078e-24, nan 
-25.625, -76.875, 6.705136526619534e-24, nan 
-25.375, -76.875, 7.023908488242942e-24, nan 
-25.125, -76.875, 9.308612823154718e-24, nan 
-24.875, -76.875, 9.34091062854995e-24, nan 
-24.625, -76.875, 9.20223001243374e-24, nan 
-24.375, -76.875, 1.1085351231699198e-23, nan 
-24.125, -76.875, 1.0362445745138792e-23, nan 
-23.875, -76.875, 9.425620890723805e-24, nan 
-23.625, -76.875, 7.941770443840379e-24, nan 
-23.375, -76.875, 1.0399610363744424e-23, nan 
-23.125, -76.875, 1.2038899955478417e-23, nan 
-22.875, -76.875, 8.99178412900746e-24, nan 
-22.625, -76.875, 5.869366340700958e-24, nan 
-22.375, -76.875, 7.085540764375846e-24, nan 
-22.125, -76.875, 6.1927178409345055e-24, nan 
-21.875, -76.875, 1.2029941422989398e-23, nan 
-21.625, -76.875, 3.340527473352029e-24, nan 
-21.375, -76.875, 9.11801626871157e-24, nan 
-21.125, -76.875, 8.338047300259393e-24, nan 
-20.875, -76.875, 3.914748503506104e-24, nan 
-20.625, -76.875, 3.445268351604915e-24, nan 
-20.375, -76.875, 2.1430581769483745e-24, nan 
-20.125, -76.875, 3.6312532163815814e-24, nan 
-19.875, -76.875, 7.682718529053712e-24, nan 
-19.625, -76.875, 6.142880941908835e-24, nan 
-19.375, -76.875, 8.202175724064216e-24, nan 
-19.125, -76.875, 7.476073052410476e-24, nan 
-18.875, -76.875, 6.5930687002197594e-24, nan 
-18.625, -76.875, 1.0576278611985585e-23, nan 
-18.375, -76.875, 8.359027484791454e-24, nan 
-18.125, -76.875, 1.2360049391644534e-23, nan 
-17.875, -76.875, 1.3531361078635098e-23, nan 
-17.625, -76.875, 7.55219921366152e-24, nan 
-17.375, -76.875, 9.826654959225206e-24, nan 
-17.125, -76.875, 1.0753589540059862e-23, nan 
-16.875, -76.875, 1.2325015091278649e-23, nan 
-16.625, -76.875, 9.056754173538119e-24, nan 
-16.375, -76.875, 3.864033420302282e-24, nan 
-16.125, -76.875, 1.0093592302859867e-23, nan 
-15.875, -76.875, 1.20244125016959e-23, nan 
-15.625, -76.875, 1.4036922189309226e-23, nan 
-15.375, -76.875, 1.2792175365892724e-23, nan 
-15.125, -76.875, 3.4682639150686304e-24, nan 
-14.875, -76.875, 9.625938201513423e-24, nan 
-14.625, -76.875, 9.316981581818358e-24, nan 
-14.375, -76.875, 7.889810490705576e-24, nan 
-14.125, -76.875, 6.766995259569047e-24, nan 
-13.875, -76.875, 6.780604891290136e-24, nan 
-13.625, -76.875, 4.860943454976764e-24, nan 
-13.375, -76.875, 1.0138176097686228e-23, nan 
-13.125, -76.875, 1.0127079276606769e-23, nan 
-12.875, -76.875, 8.273940607620657e-24, nan 
-12.625, -76.875, 8.05665781900546e-24, nan 
-12.375, -76.875, 3.491833274777966e-24, nan 
-12.125, -76.875, 6.83083311102213e-24, nan 
-11.875, -76.875, 7.589395438172328e-24, nan 
-11.625, -76.875, 7.199250557451018e-24, nan 
-11.375, -76.875, 6.5717461553202435e-24, nan 
-11.125, -76.875, 3.2085924533251116e-24, nan 
-10.875, -76.875, 4.3518951920091286e-24, nan 
-10.625, -76.875, 6.628849445064513e-24, nan 
-10.375, -76.875, 6.507027295494674e-24, nan 
-10.125, -76.875, 5.154941498866882e-24, nan 
-9.875, -76.875, 5.953672061441322e-24, nan 
-9.625, -76.875, 4.502327383992419e-24, nan 
-9.375, -76.875, 4.745504242267682e-24, nan 
-9.125, -76.875, 5.027798618834006e-24, nan 
-8.875, -76.875, 5.8310837297641445e-24, nan 
-8.625, -76.875, 8.597321798327136e-24, nan 
-8.375, -76.875, 8.983413209041134e-24, nan 
-8.125, -76.875, 8.374724598543741e-24, nan 
-7.875, -76.875, 6.835784013887874e-24, nan 
-7.625, -76.875, 4.9646215779064806e-24, nan 
-7.375, -76.875, 9.751789612774874e-25, nan 
-7.125, -76.875, 2.1153940881181284e-24, nan 
-6.875, -76.875, 4.271296790633254e-24, nan 
-6.625, -76.875, 3.682096877450953e-24, nan 
-6.375, -76.875, 2.3137623364384727e-24, nan 
-6.125, -76.875, 1.2138424287579497e-24, nan 
-5.875, -76.875, 4.757883441460358e-24, nan 
-5.625, -76.875, 1.2452409432647827e-23, nan 
-5.375, -76.875, 1.2311376966703824e-23, nan 
-5.125, -76.875, 6.108457842310437e-24, nan 
-4.875, -76.875, 5.462048602869028e-24, nan 
-4.625, -76.875, 8.260713288161808e-24, nan 
-4.375, -76.875, 1.1572185565789844e-23, nan 
-4.125, -76.875, 1.5101285793144932e-23, nan 
-3.875, -76.875, 1.0137348969213134e-23, nan 
-3.625, -76.875, 1.0739449620320087e-23, nan 
-3.375, -76.875, 9.916103610409135e-24, nan 
-3.125, -76.875, 6.519379368012296e-24, nan 
-2.875, -76.875, 9.777155401083257e-24, nan 
-2.625, -76.875, 2.879799893441075e-23, nan 
-2.375, -76.875, 2.8872562250983805e-23, nan 
-45.375, -76.625, 1.8429574660851676e-24, nan 
-45.125, -76.625, 1.7465326151636063e-24, nan 
-44.875, -76.625, 1.5513375977712976e-24, nan 
-44.625, -76.625, 1.6010549909871637e-24, nan 
-44.375, -76.625, 1.8859888329407682e-24, nan 
-44.125, -76.625, 2.0387926309688703e-24, nan 
-43.875, -76.625, 2.6675894161567233e-24, nan 
-43.625, -76.625, 2.4234454842820575e-24, nan 
-43.375, -76.625, 2.2984722679668456e-24, nan 
-43.125, -76.625, 2.530495228826423e-24, nan 
-42.875, -76.625, 2.419435130766285e-24, nan 
-42.625, -76.625, 2.9627749394916654e-24, nan 
-42.375, -76.625, 1.4380365060119336e-24, nan 
-42.125, -76.625, 2.231232718613088e-24, nan 
-41.875, -76.625, 2.3666708824314176e-24, nan 
-41.625, -76.625, 1.389016471494193e-24, nan 
-41.375, -76.625, 1.8550343591284473e-24, nan 
-41.125, -76.625, 2.4376878433492367e-24, nan 
-40.875, -76.625, 2.2753861833943758e-24, nan 
-40.625, -76.625, 1.9748364476676703e-24, nan 
-40.375, -76.625, 1.6206764969671309e-24, nan 
-40.125, -76.625, 1.5816732146271673e-24, nan 
-39.875, -76.625, 1.3513268392573423e-24, nan 
-39.625, -76.625, 1.7186631073806045e-24, nan 
-39.375, -76.625, 2.430651166996874e-24, nan 
-39.125, -76.625, 1.7586301455534662e-24, nan 
-38.875, -76.625, 1.7996935937257507e-24, nan 
-38.625, -76.625, 4.0858130002161224e-24, nan 
-38.375, -76.625, 3.705851589811181e-24, nan 
-38.125, -76.625, 2.9981139271732202e-24, nan 
-37.875, -76.625, 2.447384962637661e-24, nan 
-37.625, -76.625, 4.0260485138878364e-24, nan 
-37.375, -76.625, 3.1373512446943432e-24, nan 
-37.125, -76.625, 4.431316769466592e-24, nan 
-36.875, -76.625, 3.496637419205919e-24, nan 
-36.625, -76.625, 2.5756599525029613e-24, nan 
-36.375, -76.625, 3.528801421703265e-24, nan 
-36.125, -76.625, 1.473870005303657e-24, nan 
-35.875, -76.625, 1.2369997780764468e-24, nan 
-35.625, -76.625, 2.018154786697764e-24, nan 
-35.375, -76.625, 2.1363746988486703e-24, nan 
-35.125, -76.625, 2.0290780631174775e-24, nan 
-34.875, -76.625, 3.7475616744220205e-24, nan 
-34.625, -76.625, 6.391315716037357e-24, nan 
-34.375, -76.625, 6.885082212528508e-24, nan 
-34.125, -76.625, 1.4670256054856457e-23, nan 
-33.875, -76.625, 1.580330035990069e-23, nan 
-33.625, -76.625, 1.0590721993942471e-23, nan 
-33.375, -76.625, 5.505488004787213e-24, nan 
-33.125, -76.625, 1.0003883865226212e-23, nan 
-32.875, -76.625, 9.668533805197028e-24, nan 
-32.625, -76.625, 8.643182754759298e-24, nan 
-32.375, -76.625, 8.968786129837962e-24, nan 
-32.125, -76.625, 8.113438806994357e-24, nan 
-31.875, -76.625, 7.510613922853229e-24, nan 
-31.625, -76.625, 5.92403624726627e-24, nan 
-31.375, -76.625, 5.32646495757777e-24, nan 
-31.125, -76.625, 4.978019943078468e-24, nan 
-30.875, -76.625, 5.1450056505496296e-24, nan 
-30.625, -76.625, 4.276430783806113e-24, nan 
-30.375, -76.625, 4.333870125778199e-24, nan 
-30.125, -76.625, 4.556628366558627e-24, nan 
-29.875, -76.625, 5.891655418761319e-24, nan 
-29.625, -76.625, 7.03946742491099e-24, nan 
-29.375, -76.625, 3.7288785866767036e-24, nan 
-29.125, -76.625, 4.2919616579859215e-24, nan 
-28.875, -76.625, 4.2340634729447216e-24, nan 
-28.625, -76.625, 7.781620553306097e-24, nan 
-28.375, -76.625, 1.4588104879972314e-23, nan 
-28.125, -76.625, 2.863715719482993e-23, nan 
-27.875, -76.625, 2.804810918489223e-23, nan 
-27.625, -76.625, 2.7069655052076455e-23, nan 
-27.375, -76.625, 2.5318527805605483e-23, nan 
-27.125, -76.625, 1.3178981732197968e-23, nan 
-26.875, -76.625, 1.135050478112151e-23, nan 
-26.625, -76.625, 1.1999473370282343e-23, nan 
-26.375, -76.625, 1.2012102381171735e-23, nan 
-26.125, -76.625, 9.520379591564396e-24, nan 
-25.875, -76.625, 8.113599068231025e-24, nan 
-25.625, -76.625, 8.196846557144189e-24, nan 
-25.375, -76.625, 8.105307726277588e-24, nan 
-25.125, -76.625, 8.425254340633182e-24, nan 
-24.875, -76.625, 7.762175954449544e-24, nan 
-24.625, -76.625, 6.574216995155186e-24, nan 
-24.375, -76.625, 7.760346346871771e-24, nan 
-24.125, -76.625, 6.9586763167617e-24, nan 
-23.875, -76.625, 6.168933178642452e-24, nan 
-23.625, -76.625, 3.9871686546436674e-24, nan 
-23.375, -76.625, 3.449627480674133e-24, nan 
-23.125, -76.625, 3.089611129678953e-24, nan 
-22.875, -76.625, 2.278781716484963e-24, nan 
-22.625, -76.625, 1.6148025406263501e-24, nan 
-22.375, -76.625, 1.8853650172161756e-24, nan 
-22.125, -76.625, 1.421418571127692e-24, nan 
-21.875, -76.625, 2.9750731137743735e-24, nan 
-21.625, -76.625, 4.9077306262273545e-24, nan 
-21.375, -76.625, 5.8991822500729715e-24, nan 
-21.125, -76.625, 8.68869941798473e-24, nan 
-20.875, -76.625, 3.212176630555556e-24, nan 
-20.625, -76.625, 2.8866415600182956e-24, nan 
-20.375, -76.625, 4.320669381928147e-24, nan 
-20.125, -76.625, 5.01345033032815e-24, nan 
-19.875, -76.625, 5.868950279932365e-24, nan 
-19.625, -76.625, 4.8037613700743624e-24, nan 
-19.375, -76.625, 4.2805949259474145e-24, nan 
-19.125, -76.625, 4.892246550507158e-24, nan 
-18.875, -76.625, 4.4556223104840534e-24, nan 
-18.625, -76.625, 7.362338259876301e-24, nan 
-18.375, -76.625, 7.307401532538756e-24, nan 
-18.125, -76.625, 8.918714918740114e-24, nan 
-17.875, -76.625, 9.908756110786685e-24, nan 
-17.625, -76.625, 6.943066769636926e-24, nan 
-17.375, -76.625, 9.186677984752526e-24, nan 
-17.125, -76.625, 9.605391053006756e-24, nan 
-16.875, -76.625, 1.194202580260362e-23, nan 
-16.625, -76.625, 1.2726282435343006e-23, nan 
-16.375, -76.625, 1.0714011877937787e-23, nan 
-16.125, -76.625, 1.2182151768772681e-23, nan 
-15.875, -76.625, 1.1950808713302499e-23, nan 
-15.625, -76.625, 1.0847547486719357e-23, nan 
-15.375, -76.625, 8.171285884524626e-24, nan 
-15.125, -76.625, 7.844667759737096e-24, nan 
-14.875, -76.625, 7.779650699289989e-24, nan 
-14.625, -76.625, 5.2264215087219665e-24, nan 
-14.375, -76.625, 1.7960388946096224e-24, nan 
-14.125, -76.625, 4.489200542087341e-24, nan 
-13.875, -76.625, 3.7014994047496626e-24, nan 
-13.625, -76.625, 4.078980629159721e-24, nan 
-13.375, -76.625, 8.469354417689296e-24, nan 
-13.125, -76.625, 7.072777168849384e-24, nan 
-12.875, -76.625, 5.773787126173013e-24, nan 
-12.625, -76.625, 5.694971285796671e-24, nan 
-12.375, -76.625, 2.4361980424292645e-24, nan 
-12.125, -76.625, 3.480320995769488e-24, nan 
-11.875, -76.625, 6.080611141027127e-24, nan 
-11.625, -76.625, 4.403463476793635e-24, nan 
-11.375, -76.625, 2.712242553650662e-24, nan 
-11.125, -76.625, 3.4957156886393585e-24, nan 
-10.875, -76.625, 3.164056195458537e-24, nan 
-10.625, -76.625, 2.41575845057165e-24, nan 
-10.375, -76.625, 2.6225424914854488e-24, nan 
-10.125, -76.625, 2.580515463653824e-24, nan 
-9.875, -76.625, 1.849724142252545e-24, nan 
-9.625, -76.625, 1.7906847462656437e-24, nan 
-9.375, -76.625, 5.1988626982047885e-24, nan 
-9.125, -76.625, 6.726091327916621e-24, nan 
-8.875, -76.625, 9.555418240332347e-24, nan 
-8.625, -76.625, 1.0891766779760836e-23, nan 
-8.375, -76.625, 1.2286176791740254e-23, nan 
-8.125, -76.625, 8.422064354975985e-24, nan 
-7.875, -76.625, 5.007100914434471e-24, nan 
-7.625, -76.625, 4.526898091753497e-24, nan 
-7.375, -76.625, 2.6672022702581287e-24, nan 
-7.125, -76.625, 3.064982863891206e-24, nan 
-6.875, -76.625, 4.7916664745251684e-24, nan 
-6.625, -76.625, 4.095557087366294e-24, nan 
-6.375, -76.625, 5.0810249561558934e-24, nan 
-6.125, -76.625, 4.296026179224881e-24, nan 
-5.875, -76.625, 6.868507044005844e-24, nan 
-5.625, -76.625, 1.1854462711520533e-23, nan 
-5.375, -76.625, 9.92777335631295e-24, nan 
-5.125, -76.625, 9.193510269535987e-24, nan 
-4.875, -76.625, 9.123937925120014e-24, nan 
-4.625, -76.625, 1.224465350517076e-23, nan 
-4.375, -76.625, 1.4416918001971703e-23, nan 
-4.125, -76.625, 8.960783303607153e-24, nan 
-3.875, -76.625, 1.387074652524072e-23, nan 
-3.625, -76.625, 1.4965672974812562e-23, nan 
-3.375, -76.625, 1.3454193671132622e-23, nan 
-3.125, -76.625, 1.0879493634825728e-23, nan 
-2.875, -76.625, 9.989543222246887e-24, nan 
-2.625, -76.625, 1.1003651115244569e-23, nan 
-2.375, -76.625, 9.553889570327719e-24, nan 
-2.125, -76.625, 8.251755657225922e-24, nan 
-1.875, -76.625, 6.429363106567682e-24, nan 
-44.875, -76.375, 2.0780856327548208e-24, nan 
-44.625, -76.375, 2.1502848292097422e-24, nan 
-44.375, -76.375, 1.0363435479344897e-24, nan 
-44.125, -76.375, 1.4152800330897122e-24, nan 
-43.875, -76.375, 2.496060469679123e-24, nan 
-43.625, -76.375, 2.690384457830907e-24, nan 
-43.375, -76.375, 2.0205658017056344e-24, nan 
-43.125, -76.375, 8.538604260386537e-25, nan 
-42.875, -76.375, 1.5440187317272239e-24, nan 
-42.625, -76.375, 2.625547886116645e-24, nan 
-42.375, -76.375, 1.679715804540696e-24, nan 
-42.125, -76.375, 1.618403309103444e-24, nan 
-41.875, -76.375, 1.276951228470734e-24, nan 
-41.625, -76.375, 1.5577851722871753e-24, nan 
-41.375, -76.375, 2.327047640918923e-24, nan 
-41.125, -76.375, 3.567547560164735e-24, nan 
-40.875, -76.375, 3.4240344111130696e-24, nan 
-40.625, -76.375, 1.9316693792839055e-24, nan 
-40.375, -76.375, 1.7818730263880364e-24, nan 
-40.125, -76.375, 1.6055138214985379e-24, nan 
-39.875, -76.375, 2.3958908512810868e-24, nan 
-39.625, -76.375, 2.691931085400198e-24, nan 
-39.375, -76.375, 1.8248605023124943e-24, nan 
-39.125, -76.375, 3.5177650945482084e-24, nan 
-38.875, -76.375, 3.339354130455191e-24, nan 
-38.625, -76.375, 5.212831836823521e-24, nan 
-38.375, -76.375, 5.9264975644378364e-24, nan 
-38.125, -76.375, 7.065280877931093e-24, nan 
-37.875, -76.375, 6.2707630992899954e-24, nan 
-37.625, -76.375, 6.033806419451956e-24, nan 
-37.375, -76.375, 4.671528558725881e-24, nan 
-37.125, -76.375, 3.586868238695803e-24, nan 
-36.875, -76.375, 2.617281472262031e-24, nan 
-36.625, -76.375, 1.5086827175230238e-24, nan 
-36.375, -76.375, 2.1343319914842188e-24, nan 
-36.125, -76.375, 3.040327213392411e-24, nan 
-35.875, -76.375, 5.1153461622758876e-24, nan 
-35.625, -76.375, 4.598691142938575e-24, nan 
-35.375, -76.375, 1.371669648158298e-23, nan 
-35.125, -76.375, 1.4792421927062288e-23, nan 
-34.875, -76.375, 1.1139586306248165e-23, nan 
-34.625, -76.375, 8.863441171381699e-24, nan 
-34.375, -76.375, 1.837116172793374e-23, nan 
-34.125, -76.375, 3.534245848115448e-23, nan 
-33.875, -76.375, 3.7529945737699036e-23, nan 
-33.625, -76.375, 2.5919041397871698e-23, nan 
-33.375, -76.375, 5.837410079314122e-24, nan 
-33.125, -76.375, 1.8339176740601136e-23, nan 
-32.875, -76.375, 2.5077197385192098e-23, nan 
-32.625, -76.375, 2.389869482418296e-23, nan 
-32.375, -76.375, 1.7599912459994435e-23, nan 
-32.125, -76.375, 1.0145582186584983e-23, nan 
-31.875, -76.375, 7.818524053068936e-24, nan 
-31.625, -76.375, 4.997890501057987e-24, nan 
-31.375, -76.375, 5.015746940328531e-24, nan 
-31.125, -76.375, 5.173154678092615e-24, nan 
-30.875, -76.375, 5.602419055145296e-24, nan 
-30.625, -76.375, 6.3675587251694465e-24, nan 
-30.375, -76.375, 4.381133210343021e-24, nan 
-30.125, -76.375, 2.834070708104947e-24, nan 
-29.875, -76.375, 6.1073110517331226e-24, nan 
-29.625, -76.375, 8.626824219130778e-24, nan 
-29.375, -76.375, 2.388386688318575e-23, nan 
-29.125, -76.375, 2.254720939805853e-23, nan 
-28.875, -76.375, 2.3812815539370498e-23, nan 
-28.625, -76.375, 2.6259060301678528e-23, nan 
-28.375, -76.375, 1.8323947198120147e-23, nan 
-28.125, -76.375, 5.915986319584624e-23, nan 
-27.875, -76.375, 5.6664993437081e-23, nan 
-27.625, -76.375, 5.76491888519985e-23, nan 
-27.375, -76.375, 5.365693706239463e-23, nan 
-27.125, -76.375, 2.5805448847655096e-23, nan 
-26.875, -76.375, 3.6408374805883415e-23, nan 
-26.625, -76.375, 3.595279440496855e-23, nan 
-26.375, -76.375, 3.660137637941321e-23, nan 
-26.125, -76.375, 3.086132186961903e-23, nan 
-25.875, -76.375, 1.6955096150497495e-23, nan 
-25.625, -76.375, 4.385179756201346e-24, nan 
-25.375, -76.375, 5.363916069729229e-24, nan 
-25.125, -76.375, 6.3667044796390006e-24, nan 
-24.875, -76.375, 5.693549724640135e-24, nan 
-24.625, -76.375, 3.0993195142002912e-24, nan 
-24.375, -76.375, 1.9796130722502817e-24, nan 
-24.125, -76.375, 3.311447568734335e-24, nan 
-23.875, -76.375, 3.0354963619529777e-24, nan 
-23.625, -76.375, 3.8711426678463066e-24, nan 
-23.375, -76.375, 2.4908152911531394e-24, nan 
-23.125, -76.375, 2.6318053340406633e-24, nan 
-22.875, -76.375, 2.5284275354773132e-24, nan 
-22.625, -76.375, 2.9128705903268734e-24, nan 
-22.375, -76.375, 3.1279627249654863e-24, nan 
-22.125, -76.375, 1.2541803037812178e-24, nan 
-21.875, -76.375, 5.126484167659663e-24, nan 
-21.625, -76.375, 7.772778928619887e-24, nan 
-21.375, -76.375, 9.281083662422898e-24, nan 
-21.125, -76.375, 8.934796990452471e-24, nan 
-20.875, -76.375, 1.7076418087844856e-24, nan 
-20.625, -76.375, 3.9144400969964795e-24, nan 
-20.375, -76.375, 5.853856738585756e-24, nan 
-20.125, -76.375, 6.6163493276196824e-24, nan 
-19.875, -76.375, 6.601087098647103e-24, nan 
-19.625, -76.375, 3.1695890758634853e-24, nan 
-19.375, -76.375, 4.194012364577814e-24, nan 
-19.125, -76.375, 3.949674874840916e-24, nan 
-18.875, -76.375, 2.5132011328179614e-24, nan 
-18.625, -76.375, 2.7990283787823007e-24, nan 
-18.375, -76.375, 4.939694114902181e-24, nan 
-18.125, -76.375, 6.303094086873605e-24, nan 
-17.875, -76.375, 9.097703520437718e-24, nan 
-17.625, -76.375, 8.437791891717734e-24, nan 
-17.375, -76.375, 1.2935133724546929e-23, nan 
-17.125, -76.375, 1.5852780823016737e-23, nan 
-16.875, -76.375, 1.60281808435551e-23, nan 
-16.625, -76.375, 1.5364160415978554e-23, nan 
-16.375, -76.375, 1.3991780484277928e-23, nan 
-16.125, -76.375, 1.726541815828999e-23, nan 
-15.875, -76.375, 1.7285879555552986e-23, nan 
-15.625, -76.375, 1.1418611497594599e-23, nan 
-15.375, -76.375, 3.0017006339482702e-24, nan 
-15.125, -76.375, 9.649711849073277e-24, nan 
-14.875, -76.375, 8.889927505841504e-24, nan 
-14.625, -76.375, 8.204700644933489e-24, nan 
-14.375, -76.375, 5.242653667885717e-24, nan 
-14.125, -76.375, 6.104865222745857e-24, nan 
-13.875, -76.375, 6.083796596883233e-24, nan 
-13.625, -76.375, 3.108590757532338e-24, nan 
-13.375, -76.375, 4.6236196452249676e-24, nan 
-13.125, -76.375, 2.6623652645281174e-24, nan 
-12.875, -76.375, 4.4907942436031305e-24, nan 
-12.625, -76.375, 5.708228234465729e-24, nan 
-12.375, -76.375, 5.131284990741001e-24, nan 
-12.125, -76.375, 6.261868912171704e-24, nan 
-11.875, -76.375, 1.1621474204711304e-23, nan 
-11.625, -76.375, 9.33252281372398e-24, nan 
-11.375, -76.375, 1.4704877188264742e-23, nan 
-11.125, -76.375, 1.0767644137063295e-23, nan 
-10.875, -76.375, 9.279993900682299e-24, nan 
-10.625, -76.375, 1.0060181487676697e-23, nan 
-10.375, -76.375, 1.0369185338656075e-23, nan 
-10.125, -76.375, 1.348882305529727e-23, nan 
-9.875, -76.375, 1.1432279802396645e-23, nan 
-9.625, -76.375, 1.1386975857029018e-23, nan 
-9.375, -76.375, 6.706327399290262e-24, nan 
-9.125, -76.375, 7.170083926231305e-24, nan 
-8.875, -76.375, 1.3585849944748266e-23, nan 
-8.625, -76.375, 1.7349846110347294e-23, nan 
-8.375, -76.375, 2.0968358346381303e-23, nan 
-8.125, -76.375, 1.478986021187356e-23, nan 
-7.875, -76.375, 9.473766144077424e-24, nan 
-7.625, -76.375, 8.402813772694952e-24, nan 
-7.375, -76.375, 7.593672355764535e-24, nan 
-7.125, -76.375, 1.0258830908766153e-23, nan 
-6.875, -76.375, 8.821084110861166e-24, nan 
-6.625, -76.375, 7.40898176587058e-24, nan 
-6.375, -76.375, 6.206740602115801e-24, nan 
-6.125, -76.375, 4.238496950164527e-24, nan 
-5.875, -76.375, 3.98499725756959e-24, nan 
-5.625, -76.375, 7.262769500850893e-24, nan 
-5.375, -76.375, 6.298721569053141e-24, nan 
-5.125, -76.375, 6.596559420245325e-24, nan 
-4.875, -76.375, 6.5773943862285646e-24, nan 
-4.625, -76.375, 9.272667776296038e-24, nan 
-4.375, -76.375, 1.0738305938522218e-23, nan 
-4.125, -76.375, 1.1902185124267782e-23, nan 
-3.875, -76.375, 1.2648036062486776e-23, nan 
-3.625, -76.375, 1.1088568779243951e-23, nan 
-3.375, -76.375, 1.0891167786101257e-23, nan 
-3.125, -76.375, 8.771300291842432e-24, nan 
-2.875, -76.375, 1.1053836718020197e-23, nan 
-2.625, -76.375, 9.552837547167456e-24, nan 
-2.375, -76.375, 6.889264597647087e-24, nan 
-2.125, -76.375, 5.7601231620812714e-24, nan 
-1.875, -76.375, 3.0204477940361592e-24, nan 
-1.625, -76.375, 2.1234857627526937e-24, nan 
-1.375, -76.375, 1.1009526937348586e-24, nan 
-44.625, -76.125, 2.181875270029926e-24, nan 
-44.375, -76.125, 4.0704835666395695e-25, nan 
-44.125, -76.125, 1.377073369883573e-24, nan 
-43.875, -76.125, 7.932344387976021e-25, nan 
-43.625, -76.125, 4.0654731306010627e-25, nan 
-43.375, -76.125, 3.019447350841026e-25, nan 
-43.125, -76.125, 1.0396525211863146e-24, nan 
-42.875, -76.125, 1.667549691319276e-24, nan 
-42.625, -76.125, 2.073486421310548e-24, nan 
-42.375, -76.125, 9.07310972832883e-25, nan 
-42.125, -76.125, 1.3274858470143709e-24, nan 
-41.875, -76.125, 2.036525276432007e-24, nan 
-41.625, -76.125, 2.6615172465220083e-24, nan 
-41.375, -76.125, 3.216649126271538e-24, nan 
-41.125, -76.125, 2.2541890789168295e-24, nan 
-40.875, -76.125, 2.1319850269880845e-24, nan 
-40.625, -76.125, 2.207479177575379e-24, nan 
-40.375, -76.125, 3.5213340632271105e-24, nan 
-40.125, -76.125, 3.1992676008624325e-24, nan 
-39.875, -76.125, 3.872801588719912e-24, nan 
-39.625, -76.125, 5.63463454456988e-24, nan 
-39.375, -76.125, 5.9134363949404896e-24, nan 
-39.125, -76.125, 6.3597744847805706e-24, nan 
-38.875, -76.125, 6.142779764887103e-24, nan 
-38.625, -76.125, 5.7140108798637096e-24, nan 
-38.375, -76.125, 7.907020852489912e-24, nan 
-38.125, -76.125, 9.523052357264241e-24, nan 
-37.875, -76.125, 8.857391779107632e-24, nan 
-37.625, -76.125, 8.430077023524111e-24, nan 
-37.375, -76.125, 5.4893961455436996e-24, nan 
-37.125, -76.125, 3.865067726344964e-24, nan 
-36.875, -76.125, 4.5190033651763804e-24, nan 
-36.625, -76.125, 4.195256484767268e-24, nan 
-36.375, -76.125, 4.074470893595749e-24, nan 
-36.125, -76.125, 3.0860299481785223e-24, nan 
-35.875, -76.125, 4.108187496512695e-24, nan 
-35.625, -76.125, 3.401823280135567e-24, nan 
-35.375, -76.125, 4.3621572157121555e-24, nan 
-35.125, -76.125, 6.537827356949767e-24, nan 
-34.875, -76.125, 4.496433452158876e-24, nan 
-34.625, -76.125, 5.708328370319733e-24, nan 
-34.375, -76.125, 9.260738619751334e-24, nan 
-34.125, -76.125, 1.9614828429229e-23, nan 
-33.875, -76.125, 2.2432223863378496e-23, nan 
-33.625, -76.125, 1.5670425381615674e-23, nan 
-33.375, -76.125, 3.913510969893428e-24, nan 
-33.125, -76.125, 6.69874100676366e-24, nan 
-32.875, -76.125, 6.176477791317232e-24, nan 
-32.625, -76.125, 4.0517542542412216e-24, nan 
-32.375, -76.125, 3.9958258877061565e-24, nan 
-32.125, -76.125, 5.126861876146543e-24, nan 
-31.875, -76.125, 5.0227537051048714e-24, nan 
-31.625, -76.125, 3.434983449943802e-24, nan 
-31.375, -76.125, 3.576381505385367e-24, nan 
-31.125, -76.125, 4.1613955439824945e-24, nan 
-30.875, -76.125, 3.211677322778768e-24, nan 
-30.625, -76.125, 6.332347696819676e-24, nan 
-30.375, -76.125, 6.15948424340337e-24, nan 
-30.125, -76.125, 2.2047044749333487e-24, nan 
-29.875, -76.125, 2.6697555809921334e-24, nan 
-29.625, -76.125, 2.744760328118923e-24, nan 
-29.375, -76.125, 5.332747238243201e-24, nan 
-29.125, -76.125, 5.574401207558479e-24, nan 
-28.875, -76.125, 5.65932299886879e-24, nan 
-28.625, -76.125, 4.9384310853832795e-24, nan 
-28.375, -76.125, 1.2461898940901547e-23, nan 
-28.125, -76.125, 3.172460458831313e-23, nan 
-27.875, -76.125, 3.0907653398847183e-23, nan 
-27.625, -76.125, 3.1444754799391026e-23, nan 
-27.375, -76.125, 2.899311446243599e-23, nan 
-27.125, -76.125, 1.7113528423648928e-23, nan 
-26.875, -76.125, 8.020754640672656e-24, nan 
-26.625, -76.125, 1.12720228627943e-23, nan 
-26.375, -76.125, 1.0908198429465607e-23, nan 
-26.125, -76.125, 7.555559635254596e-24, nan 
-25.875, -76.125, 5.81775609206244e-24, nan 
-25.625, -76.125, 4.241925363378579e-24, nan 
-25.375, -76.125, 3.523927820930199e-24, nan 
-25.125, -76.125, 3.2301861112441634e-24, nan 
-24.875, -76.125, 3.0823977602223508e-24, nan 
-24.625, -76.125, 2.4460084170121444e-24, nan 
-24.375, -76.125, 2.3684701868755633e-24, nan 
-24.125, -76.125, 5.504803462181092e-24, nan 
-23.875, -76.125, 4.258686627371221e-24, nan 
-23.625, -76.125, 7.019686797100378e-24, nan 
-23.375, -76.125, 5.224431259319573e-24, nan 
-23.125, -76.125, 3.3066338794860804e-24, nan 
-22.875, -76.125, 4.04080930996037e-24, nan 
-22.625, -76.125, 3.487227814002608e-24, nan 
-22.375, -76.125, 3.894415774241484e-24, nan 
-22.125, -76.125, 3.381664671555929e-24, nan 
-21.875, -76.125, 5.510980561604654e-24, nan 
-21.625, -76.125, 6.342115030339758e-24, nan 
-21.375, -76.125, 6.677962335972845e-24, nan 
-21.125, -76.125, 7.367858123752383e-24, nan 
-20.875, -76.125, 4.404247148927803e-24, nan 
-20.625, -76.125, 3.830164838146449e-24, nan 
-20.375, -76.125, 4.0045478821509306e-24, nan 
-20.125, -76.125, 2.3197154067489626e-24, nan 
-19.875, -76.125, 3.530356651790346e-24, nan 
-19.625, -76.125, 3.0841946528081274e-24, nan 
-19.375, -76.125, 2.193802557241758e-24, nan 
-19.125, -76.125, 3.686519062533974e-24, nan 
-18.875, -76.125, 6.343035697709553e-24, nan 
-18.625, -76.125, 9.065085982769403e-24, nan 
-18.375, -76.125, 1.1283819610614874e-23, nan 
-18.125, -76.125, 1.416478830312467e-23, nan 
-17.875, -76.125, 1.334795775345742e-23, nan 
-17.625, -76.125, 1.0408432318339306e-23, nan 
-17.375, -76.125, 1.2500844675940849e-23, nan 
-17.125, -76.125, 1.8050088803730255e-23, nan 
-16.875, -76.125, 2.192925989761132e-23, nan 
-16.625, -76.125, 2.1112197443532752e-23, nan 
-16.375, -76.125, 1.7355428722382967e-23, nan 
-16.125, -76.125, 1.675132650054589e-23, nan 
-15.875, -76.125, 1.1962295012828233e-23, nan 
-15.625, -76.125, 1.1551647469006314e-23, nan 
-15.375, -76.125, 1.132967384144039e-23, nan 
-15.125, -76.125, 1.011550743749804e-23, nan 
-14.875, -76.125, 1.0715412577308755e-23, nan 
-14.625, -76.125, 7.715772837259726e-24, nan 
-14.375, -76.125, 5.29848051071123e-24, nan 
-14.125, -76.125, 5.906357091221321e-24, nan 
-13.875, -76.125, 5.610633063801809e-24, nan 
-13.625, -76.125, 5.492039224929116e-24, nan 
-13.375, -76.125, 5.268540972127498e-24, nan 
-13.125, -76.125, 7.690760903249256e-24, nan 
-12.875, -76.125, 4.274645550167459e-24, nan 
-12.625, -76.125, 1.0895827571563362e-23, nan 
-12.375, -76.125, 7.830795784896386e-24, nan 
-12.125, -76.125, 7.687454645503496e-24, nan 
-11.875, -76.125, 1.7017851475020472e-23, nan 
-11.625, -76.125, 1.1789648598590488e-23, nan 
-11.375, -76.125, 2.009737138221053e-23, nan 
-11.125, -76.125, 1.5433761187476002e-23, nan 
-10.875, -76.125, 1.5047871157035433e-23, nan 
-10.625, -76.125, 1.4955076301291105e-23, nan 
-10.375, -76.125, 1.6962638290398774e-23, nan 
-10.125, -76.125, 1.7648029603129422e-23, nan 
-9.875, -76.125, 1.101102041760375e-23, nan 
-9.625, -76.125, 7.932700782002898e-24, nan 
-9.375, -76.125, 7.917167778458163e-24, nan 
-9.125, -76.125, 9.802562394889038e-24, nan 
-8.875, -76.125, 1.1062340711208927e-23, nan 
-8.625, -76.125, 1.0205111551590391e-23, nan 
-8.375, -76.125, 1.0976691523197501e-23, nan 
-8.125, -76.125, 9.778860408597687e-24, nan 
-7.875, -76.125, 7.469437454452258e-24, nan 
-7.625, -76.125, 6.311998310772458e-24, nan 
-7.375, -76.125, 5.929249569591319e-24, nan 
-7.125, -76.125, 4.125848873483789e-24, nan 
-6.875, -76.125, 2.451770603935004e-24, nan 
-6.625, -76.125, 2.1793411916229737e-24, nan 
-6.375, -76.125, 1.0260828686973275e-24, nan 
-6.125, -76.125, 6.007526206139412e-24, nan 
-5.875, -76.125, 3.524788720685401e-24, nan 
-5.625, -76.125, 9.29241766343452e-24, nan 
-5.375, -76.125, 7.232276170562461e-24, nan 
-5.125, -76.125, 5.297649744673475e-24, nan 
-4.875, -76.125, 4.8312773642553464e-24, nan 
-4.625, -76.125, 5.6205993649227826e-24, nan 
-4.375, -76.125, 5.6116333925637436e-24, nan 
-4.125, -76.125, 9.246231279631159e-24, nan 
-3.875, -76.125, 8.399586392189739e-24, nan 
-3.625, -76.125, 4.188421300724034e-24, nan 
-3.375, -76.125, 3.685885443766548e-24, nan 
-3.125, -76.125, 5.281089692017777e-24, nan 
-2.875, -76.125, 4.796017823659402e-24, nan 
-2.625, -76.125, 2.7453156367765057e-24, nan 
-2.375, -76.125, 1.9113867407905926e-24, nan 
-2.125, -76.125, 2.05292108901211e-24, nan 
-1.875, -76.125, 2.1107015341959654e-24, nan 
-1.625, -76.125, 2.3329020053929493e-24, nan 
-1.375, -76.125, 2.572189505936564e-24, nan 
-1.125, -76.125, 2.0750108336637633e-24, nan 
-0.875, -76.125, 3.262555946685097e-24, nan 
-44.125, -75.875, 1.955536689547433e-24, nan 
-43.875, -75.875, 1.4262244229081267e-24, nan 
-43.625, -75.875, 1.2892889886607083e-24, nan 
-43.375, -75.875, 1.0806109671894072e-24, nan 
-43.125, -75.875, 1.971978747969882e-24, nan 
-42.875, -75.875, 3.6363931158770235e-24, nan 
-42.625, -75.875, 3.599412393064732e-24, nan 
-42.375, -75.875, 3.0297616498922217e-24, nan 
-42.125, -75.875, 2.7321443602347577e-24, nan 
-41.875, -75.875, 2.4744494149952017e-24, nan 
-41.625, -75.875, 2.346593888151119e-24, nan 
-41.375, -75.875, 2.7028342622402525e-24, nan 
-41.125, -75.875, 2.3809972522372616e-24, nan 
-40.875, -75.875, 2.149875782820937e-24, nan 
-40.625, -75.875, 1.764399814310562e-24, nan 
-40.375, -75.875, 2.4489198252460063e-24, nan 
-40.125, -75.875, 4.197622604043152e-24, nan 
-39.875, -75.875, 5.105281888928574e-24, nan 
-39.625, -75.875, 1.2077754688224938e-23, nan 
-39.375, -75.875, 1.0533317470024118e-23, nan 
-39.125, -75.875, 1.1187106974508993e-23, nan 
-38.875, -75.875, 9.317269324070843e-24, nan 
-38.625, -75.875, 8.213879537287762e-24, nan 
-38.375, -75.875, 7.506845858253889e-24, nan 
-38.125, -75.875, 7.436352541664142e-24, nan 
-37.875, -75.875, 9.586237910067456e-24, nan 
-37.625, -75.875, 8.31794250211003e-24, nan 
-37.375, -75.875, 8.070143560803471e-24, nan 
-37.125, -75.875, 3.760185575651884e-24, nan 
-36.875, -75.875, 3.84187957947464e-24, nan 
-36.625, -75.875, 5.349575989117722e-24, nan 
-36.375, -75.875, 6.318843548009307e-24, nan 
-36.125, -75.875, 4.5488036811773865e-24, nan 
-35.875, -75.875, 4.098702964422966e-24, nan 
-35.625, -75.875, 4.48564130228182e-24, nan 
-35.375, -75.875, 6.294024489274263e-24, nan 
-35.125, -75.875, 7.294344937929376e-24, nan 
-34.875, -75.875, 6.039267439257246e-24, nan 
-34.625, -75.875, 4.355916996875847e-24, nan 
-34.375, -75.875, 5.12480996494108e-24, nan 
-34.125, -75.875, 4.43577392888904e-24, nan 
-33.875, -75.875, 4.8026075364702964e-24, nan 
-33.625, -75.875, 4.111437189901866e-24, nan 
-33.375, -75.875, 4.7760556349555465e-24, nan 
-33.125, -75.875, 6.587901240204349e-24, nan 
-32.875, -75.875, 5.328632389913762e-24, nan 
-32.625, -75.875, 4.21768392841367e-24, nan 
-32.375, -75.875, 3.4858702768275656e-24, nan 
-32.125, -75.875, 4.865711095231261e-24, nan 
-31.875, -75.875, 7.392240392406476e-24, nan 
-31.625, -75.875, 8.717361281567844e-24, nan 
-31.375, -75.875, 8.917332777584923e-24, nan 
-31.125, -75.875, 7.118942301071347e-24, nan 
-30.875, -75.875, 4.47814157493272e-24, nan 
-30.625, -75.875, 5.5000421293206666e-24, nan 
-30.375, -75.875, 8.311693635627659e-24, nan 
-30.125, -75.875, 7.31200702310239e-24, nan 
-29.875, -75.875, 5.4462940609243716e-24, nan 
-29.625, -75.875, 2.352989614104229e-24, nan 
-29.375, -75.875, 4.91140157952895e-24, nan 
-29.125, -75.875, 7.529398417515236e-24, nan 
-28.875, -75.875, 8.907399562767418e-24, nan 
-28.625, -75.875, 5.932927095138074e-24, nan 
-28.375, -75.875, 9.148590359297967e-24, nan 
-28.125, -75.875, 7.748276272033738e-24, nan 
-27.875, -75.875, 1.0562399089862329e-23, nan 
-27.625, -75.875, 1.0393922458350851e-23, nan 
-27.375, -75.875, 8.790378356353597e-24, nan 
-27.125, -75.875, 7.912235742659327e-24, nan 
-26.875, -75.875, 6.918744793008913e-24, nan 
-26.625, -75.875, 9.097585660788775e-24, nan 
-26.375, -75.875, 9.375276299803333e-24, nan 
-26.125, -75.875, 8.831673032544627e-24, nan 
-25.875, -75.875, 7.214536305573052e-24, nan 
-25.625, -75.875, 6.461168004491001e-24, nan 
-25.375, -75.875, 4.252663658450793e-24, nan 
-25.125, -75.875, 2.9354006956313128e-24, nan 
-24.875, -75.875, 5.485946553966886e-24, nan 
-24.625, -75.875, 5.061760763769562e-24, nan 
-24.375, -75.875, 4.573719704833184e-24, nan 
-24.125, -75.875, 5.1871960489852665e-24, nan 
-23.875, -75.875, 3.578022492655943e-24, nan 
-23.625, -75.875, 5.9421939325114486e-24, nan 
-23.375, -75.875, 6.263149875289136e-24, nan 
-23.125, -75.875, 9.811449142281e-24, nan 
-22.875, -75.875, 1.0293442912859562e-23, nan 
-22.625, -75.875, 9.212910035665832e-24, nan 
-22.375, -75.875, 8.514966041399459e-24, nan 
-22.125, -75.875, 6.846647842012763e-24, nan 
-21.875, -75.875, 7.889888137300333e-24, nan 
-21.625, -75.875, 8.231751131511898e-24, nan 
-21.375, -75.875, 6.194572739691153e-24, nan 
-21.125, -75.875, 7.683708783852346e-24, nan 
-20.875, -75.875, 4.864491495429741e-24, nan 
-20.625, -75.875, 3.0271635499487645e-24, nan 
-20.375, -75.875, 4.1929058161708944e-24, nan 
-20.125, -75.875, 2.3066071213285286e-24, nan 
-19.875, -75.875, 4.1045969526067435e-24, nan 
-19.625, -75.875, 2.7947628524394933e-24, nan 
-19.375, -75.875, 5.647180264603892e-24, nan 
-19.125, -75.875, 7.375498055045652e-24, nan 
-18.875, -75.875, 8.628003494599696e-24, nan 
-18.625, -75.875, 9.84767847816846e-24, nan 
-18.375, -75.875, 4.555237134915627e-24, nan 
-18.125, -75.875, 6.827306690625807e-24, nan 
-17.875, -75.875, 3.5184183195695696e-24, nan 
-17.625, -75.875, 5.401778747380461e-24, nan 
-17.375, -75.875, 7.951233322767442e-24, nan 
-17.125, -75.875, 1.0678408826763853e-23, nan 
-16.875, -75.875, 1.3671978408815854e-23, nan 
-16.625, -75.875, 1.4800399132249237e-23, nan 
-16.375, -75.875, 1.3834989316384277e-23, nan 
-16.125, -75.875, 1.489339006890304e-23, nan 
-15.875, -75.875, 1.1228745328055865e-23, nan 
-15.625, -75.875, 1.0223531034286061e-23, nan 
-15.375, -75.875, 9.21731275848775e-24, nan 
-15.125, -75.875, 7.544880258405139e-24, nan 
-14.875, -75.875, 7.105229174822884e-24, nan 
-14.625, -75.875, 5.420233470113045e-24, nan 
-14.375, -75.875, 4.1095799926003974e-24, nan 
-14.125, -75.875, 5.557092146821118e-24, nan 
-13.875, -75.875, 6.87233107728901e-24, nan 
-13.625, -75.875, 1.3138923680394425e-23, nan 
-13.375, -75.875, 1.0523898846607089e-23, nan 
-13.125, -75.875, 6.967304758538005e-24, nan 
-12.875, -75.875, 1.970169287362103e-23, nan 
-12.625, -75.875, 9.252400511603522e-24, nan 
-12.375, -75.875, 3.0177466052381494e-23, nan 
-12.125, -75.875, 2.590189456357389e-23, nan 
-11.875, -75.875, 1.3562919477223815e-23, nan 
-11.625, -75.875, 1.0668656732149863e-23, nan 
-11.375, -75.875, 1.4734082114000283e-23, nan 
-11.125, -75.875, 1.280023024799976e-23, nan 
-10.875, -75.875, 1.2570389391148291e-23, nan 
-10.625, -75.875, 1.8476658219628277e-23, nan 
-10.375, -75.875, 1.2576755731948697e-23, nan 
-10.125, -75.875, 1.2274981756844409e-23, nan 
-9.875, -75.875, 1.0275865764534134e-23, nan 
-9.625, -75.875, 1.6339858220820332e-23, nan 
-9.375, -75.875, 6.523437033959806e-24, nan 
-9.125, -75.875, 7.353280193616242e-24, nan 
-8.875, -75.875, 6.525088028638956e-24, nan 
-8.625, -75.875, 2.15001702772895e-23, nan 
-8.375, -75.875, 2.1779256555572527e-23, nan 
-8.125, -75.875, 1.5687992376484656e-23, nan 
-7.875, -75.875, 4.5052361319258056e-24, nan 
-7.625, -75.875, 4.347337836347084e-24, nan 
-7.375, -75.875, 4.6985857725660184e-24, nan 
-7.125, -75.875, 2.2371305478646807e-24, nan 
-6.875, -75.875, 7.223299710098855e-24, nan 
-6.625, -75.875, 4.115728212979829e-24, nan 
-6.375, -75.875, 3.697426309244863e-24, nan 
-6.125, -75.875, 5.151009442176011e-24, nan 
-5.875, -75.875, 3.1563953921439682e-24, nan 
-5.625, -75.875, 1.381092750436607e-23, nan 
-5.375, -75.875, 2.1939309394443052e-23, nan 
-5.125, -75.875, 4.8457295340414614e-24, nan 
-4.875, -75.875, 5.063752759133498e-24, nan 
-4.625, -75.875, 4.547407815137263e-24, nan 
-4.375, -75.875, 5.4871043184245994e-24, nan 
-4.125, -75.875, 5.2297922412584066e-24, nan 
-3.875, -75.875, 1.940689484024956e-24, nan 
-3.625, -75.875, 2.1226477022309976e-24, nan 
-3.375, -75.875, 2.6455402252666907e-24, nan 
-3.125, -75.875, 2.1865380018286186e-24, nan 
-2.875, -75.875, 1.7284045931882993e-24, nan 
-2.625, -75.875, 2.6483540246737206e-24, nan 
-2.375, -75.875, 1.5836206695813026e-24, nan 
-2.125, -75.875, 2.466197881975935e-24, nan 
-1.875, -75.875, 2.5310704329985524e-24, nan 
-1.625, -75.875, 2.4492430306408513e-24, nan 
-1.375, -75.875, 2.2860408504042233e-24, nan 
-1.125, -75.875, 2.1950997073640546e-24, nan 
-0.875, -75.875, 1.637180690018381e-24, nan 
-0.625, -75.875, 2.8874773132382184e-24, nan 
-0.375, -75.875, 3.357818504208889e-24, nan 
-43.625, -75.625, 5.119732316954976e-24, nan 
-43.375, -75.625, 5.885219961349881e-24, nan 
-43.125, -75.625, 7.614744114728666e-24, nan 
-42.875, -75.625, 7.434759123813612e-24, nan 
-42.625, -75.625, 7.993367100711053e-24, nan 
-42.375, -75.625, 1.0158983653495601e-23, nan 
-42.125, -75.625, 1.2460872878269648e-23, nan 
-41.875, -75.625, 1.1712911308292575e-23, nan 
-41.625, -75.625, 1.0216507084846238e-23, nan 
-41.375, -75.625, 9.274555492513136e-24, nan 
-41.125, -75.625, 1.0061390165218742e-23, nan 
-40.875, -75.625, 9.288721811718724e-24, nan 
-40.625, -75.625, 8.42774911307854e-24, nan 
-40.375, -75.625, 6.72758732616786e-24, nan 
-40.125, -75.625, 9.370906508942712e-24, nan 
-39.875, -75.625, 1.165087307435245e-23, nan 
-39.625, -75.625, 1.3192789827954242e-23, nan 
-39.375, -75.625, 1.1093464246835293e-23, nan 
-39.125, -75.625, 1.0666739175012909e-23, nan 
-38.875, -75.625, 8.868689255495561e-24, nan 
-38.625, -75.625, 8.314843418404349e-24, nan 
-38.375, -75.625, 4.095421838156067e-24, nan 
-38.125, -75.625, 4.976524821016998e-24, nan 
-37.875, -75.625, 7.668236783015839e-24, nan 
-37.625, -75.625, 2.6440700163836707e-24, nan 
-37.375, -75.625, 2.8731023402579335e-24, nan 
-37.125, -75.625, 4.464873260013217e-24, nan 
-36.875, -75.625, 4.474670953924071e-24, nan 
-36.625, -75.625, 7.333122045130722e-24, nan 
-36.375, -75.625, 5.2028907899483726e-24, nan 
-36.125, -75.625, 4.4741328899605914e-24, nan 
-35.875, -75.625, 3.724416021060199e-24, nan 
-35.625, -75.625, 4.764439559945176e-24, nan 
-35.375, -75.625, 6.725970181694149e-24, nan 
-35.125, -75.625, 5.650708156693429e-24, nan 
-34.875, -75.625, 7.196804525324791e-24, nan 
-34.625, -75.625, 4.442921784812091e-24, nan 
-34.375, -75.625, 5.511902261074674e-24, nan 
-34.125, -75.625, 4.2311758027997025e-24, nan 
-33.875, -75.625, 5.174665873966366e-24, nan 
-33.625, -75.625, 5.207407458548915e-24, nan 
-33.375, -75.625, 5.211860300923035e-24, nan 
-33.125, -75.625, 5.332644506089551e-24, nan 
-32.875, -75.625, 7.049992982494786e-24, nan 
-32.625, -75.625, 8.15951468874867e-24, nan 
-32.375, -75.625, 7.728677418210624e-24, nan 
-32.125, -75.625, 6.242553523109791e-24, nan 
-31.875, -75.625, 5.675750037443184e-24, nan 
-31.625, -75.625, 1.004661634215042e-23, nan 
-31.375, -75.625, 1.2511230525239729e-23, nan 
-31.125, -75.625, 9.861292386563727e-24, nan 
-30.875, -75.625, 7.052537394445938e-24, nan 
-30.625, -75.625, 5.200030193079606e-24, nan 
-30.375, -75.625, 8.624909886809935e-24, nan 
-30.125, -75.625, 1.0614526573978678e-23, nan 
-29.875, -75.625, 8.752625593522472e-24, nan 
-29.625, -75.625, 6.633481293423048e-24, nan 
-29.375, -75.625, 3.272586391651638e-24, nan 
-29.125, -75.625, 4.5844678863297744e-24, nan 
-28.875, -75.625, 7.488014648503313e-24, nan 
-28.625, -75.625, 7.799294160840389e-24, nan 
-28.375, -75.625, 9.571356836096521e-24, nan 
-28.125, -75.625, 6.57165848905757e-24, nan 
-27.875, -75.625, 6.5273821544714066e-24, nan 
-27.625, -75.625, 9.112044860793847e-24, nan 
-27.375, -75.625, 9.136143646900288e-24, nan 
-27.125, -75.625, 7.192839026910815e-24, nan 
-26.875, -75.625, 6.0651946841991525e-24, nan 
-26.625, -75.625, 6.778988734005933e-24, nan 
-26.375, -75.625, 8.656099110579978e-24, nan 
-26.125, -75.625, 1.1047147134398219e-23, nan 
-25.875, -75.625, 9.62456159444613e-24, nan 
-25.625, -75.625, 9.076494265691252e-24, nan 
-25.375, -75.625, 7.322103359466178e-24, nan 
-25.125, -75.625, 4.360352632309612e-24, nan 
-24.875, -75.625, 7.46760453102301e-24, nan 
-24.625, -75.625, 7.976996098843182e-24, nan 
-24.375, -75.625, 8.29713264626441e-24, nan 
-24.125, -75.625, 8.278275368190602e-24, nan 
-23.875, -75.625, 8.220919227035689e-24, nan 
-23.625, -75.625, 8.364960776703646e-24, nan 
-23.375, -75.625, 9.549073832796064e-24, nan 
-23.125, -75.625, 8.860424140022162e-24, nan 
-22.875, -75.625, 9.906687674564545e-24, nan 
-22.625, -75.625, 1.0605246334847417e-23, nan 
-22.375, -75.625, 1.0101911266964831e-23, nan 
-22.125, -75.625, 9.513326263423206e-24, nan 
-21.875, -75.625, 6.1924558807350744e-24, nan 
-21.625, -75.625, 5.293561699315755e-24, nan 
-21.375, -75.625, 4.27129530458115e-24, nan 
-21.125, -75.625, 3.6913549867803184e-24, nan 
-20.875, -75.625, 3.750072190407313e-24, nan 
-20.625, -75.625, 4.164368387858982e-24, nan 
-20.375, -75.625, 5.8497355015753346e-24, nan 
-20.125, -75.625, 6.603717048265816e-24, nan 
-19.875, -75.625, 8.724551754220313e-24, nan 
-19.625, -75.625, 5.2010673030711965e-24, nan 
-19.375, -75.625, 7.7485252247472e-24, nan 
-19.125, -75.625, 1.3916689209159765e-23, nan 
-18.875, -75.625, 1.580440830202988e-23, nan 
-18.625, -75.625, 2.1054043307105034e-23, nan 
-18.375, -75.625, 9.231004481016104e-24, nan 
-18.125, -75.625, 1.3112633491589097e-23, nan 
-17.875, -75.625, 8.509679941803614e-24, nan 
-17.625, -75.625, 9.568035014907121e-24, nan 
-17.375, -75.625, 1.346071964714577e-23, nan 
-17.125, -75.625, 8.704225924059985e-24, nan 
-16.875, -75.625, 1.1457117112111333e-23, nan 
-16.625, -75.625, 7.53906242164193e-24, nan 
-16.375, -75.625, 4.104610957861895e-24, nan 
-16.125, -75.625, 9.472097214148212e-24, nan 
-15.875, -75.625, 1.408368145299747e-23, nan 
-15.625, -75.625, 6.0652825794432365e-24, nan 
-15.375, -75.625, 5.262228778117115e-24, nan 
-15.125, -75.625, 5.7797885270065286e-24, nan 
-14.875, -75.625, 7.745891326256869e-24, nan 
-14.625, -75.625, 6.39882442423671e-24, nan 
-14.375, -75.625, 6.0156885253133006e-24, nan 
-14.125, -75.625, 1.8417500361112928e-23, nan 
-13.875, -75.625, 1.5461259185944624e-23, nan 
-13.625, -75.625, 1.824667645190601e-23, nan 
-13.375, -75.625, 1.8311568261560943e-23, nan 
-13.125, -75.625, 7.528251341076344e-24, nan 
-12.875, -75.625, 2.5344220808962725e-23, nan 
-12.625, -75.625, 1.355836277131565e-23, nan 
-12.375, -75.625, 3.5964543018642914e-23, nan 
-12.125, -75.625, 3.580041582542724e-23, nan 
-11.875, -75.625, 1.2174218321620792e-23, nan 
-11.625, -75.625, 1.1112245128860345e-23, nan 
-11.375, -75.625, 9.286308745406008e-24, nan 
-11.125, -75.625, 1.696303122903885e-23, nan 
-10.875, -75.625, 1.6304671117051547e-23, nan 
-10.625, -75.625, 2.0082441108953452e-23, nan 
-10.375, -75.625, 1.460777646779178e-23, nan 
-10.125, -75.625, 1.6637606476595826e-23, nan 
-9.875, -75.625, 2.3066275897178963e-23, nan 
-9.625, -75.625, 2.0387886548519505e-23, nan 
-9.375, -75.625, 1.8156610569703962e-23, nan 
-9.125, -75.625, 9.761747798057267e-24, nan 
-8.875, -75.625, 1.0035106834437148e-23, nan 
-8.625, -75.625, 3.2137271343950967e-23, nan 
-8.375, -75.625, 3.031232246358115e-23, nan 
-8.125, -75.625, 2.395849524562073e-23, nan 
-7.875, -75.625, 2.613023016354622e-24, nan 
-7.625, -75.625, 1.6027955975323219e-24, nan 
-7.375, -75.625, 1.589250515887215e-23, nan 
-7.125, -75.625, 1.6827300396772896e-23, nan 
-6.875, -75.625, 1.8281226459403137e-23, nan 
-6.625, -75.625, 2.0964645049916154e-23, nan 
-6.375, -75.625, 4.051740994719699e-24, nan 
-6.125, -75.625, 6.627194712656452e-24, nan 
-5.875, -75.625, 5.723109168215508e-24, nan 
-5.625, -75.625, 2.6364292147770794e-23, nan 
-5.375, -75.625, 4.380649435186765e-23, nan 
-5.125, -75.625, 3.168462149806964e-24, nan 
-4.875, -75.625, 2.1831843639588223e-24, nan 
-4.625, -75.625, 2.8718374454614743e-24, nan 
-4.375, -75.625, 1.2217038033213511e-23, nan 
-4.125, -75.625, 2.1060397158905787e-23, nan 
-3.875, -75.625, 7.593219128016938e-24, nan 
-3.625, -75.625, 7.341506941957068e-24, nan 
-3.375, -75.625, 3.739736559411312e-24, nan 
-3.125, -75.625, 1.6267279895418701e-24, nan 
-2.875, -75.625, 1.5847632361334361e-24, nan 
-2.625, -75.625, 3.1057646872820045e-24, nan 
-2.375, -75.625, 2.5492443121066825e-24, nan 
-2.125, -75.625, 2.024284116909435e-24, nan 
-1.875, -75.625, 1.5000468229396969e-24, nan 
-1.625, -75.625, 9.929573778476534e-25, nan 
-1.375, -75.625, 1.5884649770785968e-24, nan 
-1.125, -75.625, 3.408015781511784e-24, nan 
-0.875, -75.625, 4.3116419652256946e-24, nan 
-0.625, -75.625, 3.584570538310084e-24, nan 
-0.375, -75.625, 1.8281348501568156e-24, nan 
-0.125, -75.625, 1.8300371677310007e-24, nan 
0.125, -75.625, 3.5660317216595415e-24, nan 
-43.125, -75.375, 1.1320880663496966e-23, nan 
-42.875, -75.375, 1.1699266482906328e-23, nan 
-42.625, -75.375, 1.1805930529709794e-23, nan 
-42.375, -75.375, 1.3083040552451227e-23, nan 
-42.125, -75.375, 1.5393790060847769e-23, nan 
-41.875, -75.375, 1.3535179180765544e-23, nan 
-41.625, -75.375, 1.2995990928191829e-23, nan 
-41.375, -75.375, 1.439688983470228e-23, nan 
-41.125, -75.375, 1.7863031019167663e-23, nan 
-40.875, -75.375, 1.803079970988107e-23, nan 
-40.625, -75.375, 1.4232520135635423e-23, nan 
-40.375, -75.375, 1.772929208315823e-23, nan 
-40.125, -75.375, 8.488024927516633e-24, nan 
-39.875, -75.375, 1.2107718494535713e-23, nan 
-39.625, -75.375, 1.0904043498947696e-23, nan 
-39.375, -75.375, 2.2663377490032514e-24, nan 
-39.125, -75.375, 3.3777551184523404e-24, nan 
-38.875, -75.375, 4.69948127791472e-24, nan 
-38.625, -75.375, 1.301724343957508e-24, nan 
-38.375, -75.375, 3.3024732098067966e-24, nan 
-38.125, -75.375, 4.782242304334984e-24, nan 
-37.875, -75.375, 4.3937398937017454e-24, nan 
-37.625, -75.375, 3.0593353335410005e-24, nan 
-37.375, -75.375, 3.16762550542155e-24, nan 
-37.125, -75.375, 2.685124996680415e-24, nan 
-36.875, -75.375, 2.79007366654244e-24, nan 
-36.625, -75.375, 4.1206072999707205e-24, nan 
-36.375, -75.375, 3.595308338185526e-24, nan 
-36.125, -75.375, 4.891766389832692e-24, nan 
-35.875, -75.375, 5.242736777319174e-24, nan 
-35.625, -75.375, 4.596744410557346e-24, nan 
-35.375, -75.375, 5.391489362965466e-24, nan 
-35.125, -75.375, 5.408452587397244e-24, nan 
-34.875, -75.375, 4.788124616466718e-24, nan 
-34.625, -75.375, 4.6426087797920294e-24, nan 
-34.375, -75.375, 4.025316313076913e-24, nan 
-34.125, -75.375, 3.6081250313679335e-24, nan 
-33.875, -75.375, 4.070531396937454e-24, nan 
-33.625, -75.375, 4.729108870894319e-24, nan 
-33.375, -75.375, 5.0864796854276625e-24, nan 
-33.125, -75.375, 4.678637942530064e-24, nan 
-32.875, -75.375, 5.292913833782322e-24, nan 
-32.625, -75.375, 5.945670019886365e-24, nan 
-32.375, -75.375, 7.405061590107086e-24, nan 
-32.125, -75.375, 7.225859210116765e-24, nan 
-31.875, -75.375, 4.6653851177820294e-24, nan 
-31.625, -75.375, 1.5537470614770874e-24, nan 
-31.375, -75.375, 7.714051694961828e-24, nan 
-31.125, -75.375, 1.0505652085893904e-23, nan 
-30.875, -75.375, 1.1106167336545402e-23, nan 
-30.625, -75.375, 9.419684061053918e-24, nan 
-30.375, -75.375, 1.1184208693953387e-23, nan 
-30.125, -75.375, 1.064243056570679e-23, nan 
-29.875, -75.375, 5.088128356209131e-24, nan 
-29.625, -75.375, 3.538059659366547e-24, nan 
-29.375, -75.375, 4.854238097822311e-24, nan 
-29.125, -75.375, 7.046950574103714e-24, nan 
-28.875, -75.375, 6.128608557684935e-24, nan 
-28.625, -75.375, 4.412405216927147e-24, nan 
-28.375, -75.375, 6.3329705157989126e-24, nan 
-28.125, -75.375, 3.826992815703693e-24, nan 
-27.875, -75.375, 2.5555513363707293e-24, nan 
-27.625, -75.375, 2.0462006153439814e-24, nan 
-27.375, -75.375, 8.898483461076068e-24, nan 
-27.125, -75.375, 8.81383489887238e-24, nan 
-26.875, -75.375, 7.483177955893123e-24, nan 
-26.625, -75.375, 9.426014446396324e-24, nan 
-26.375, -75.375, 8.200925353574623e-24, nan 
-26.125, -75.375, 7.257676979732878e-24, nan 
-25.875, -75.375, 5.968562674813665e-24, nan 
-25.625, -75.375, 1.3081609052587976e-23, nan 
-25.375, -75.375, 1.399503938897061e-23, nan 
-25.125, -75.375, 9.79379707159315e-24, nan 
-24.875, -75.375, 1.2552526303694794e-23, nan 
-24.625, -75.375, 1.651066697550238e-23, nan 
-24.375, -75.375, 1.527038044824072e-23, nan 
-24.125, -75.375, 1.0374953181042516e-23, nan 
-23.875, -75.375, 1.1682425124945933e-23, nan 
-23.625, -75.375, 1.444858668345853e-23, nan 
-23.375, -75.375, 1.2912621627638796e-23, nan 
-23.125, -75.375, 7.387232722869388e-24, nan 
-22.875, -75.375, 6.3260609677020896e-24, nan 
-22.625, -75.375, 7.618942218489688e-24, nan 
-22.375, -75.375, 5.268891460103072e-24, nan 
-22.125, -75.375, 6.545373667548267e-24, nan 
-21.875, -75.375, 7.894042861104927e-24, nan 
-21.625, -75.375, 6.474704940314223e-24, nan 
-21.375, -75.375, 4.9019729622920985e-24, nan 
-21.125, -75.375, 2.8699670336566474e-24, nan 
-20.875, -75.375, 2.049451332284991e-24, nan 
-20.625, -75.375, 3.480092453307656e-24, nan 
-20.375, -75.375, 3.6305475375517104e-24, nan 
-20.125, -75.375, 4.013318878706898e-24, nan 
-19.875, -75.375, 5.5498396567293336e-24, nan 
-19.625, -75.375, 4.671750873733607e-24, nan 
-19.375, -75.375, 7.261738895452601e-24, nan 
-19.125, -75.375, 1.0781303600633757e-23, nan 
-18.875, -75.375, 1.2728042318815994e-23, nan 
-18.625, -75.375, 1.564013342924492e-23, nan 
-18.375, -75.375, 8.04410883090976e-24, nan 
-18.125, -75.375, 1.2147476964045787e-23, nan 
-17.875, -75.375, 6.274011353178307e-24, nan 
-17.625, -75.375, 3.792765214914259e-24, nan 
-17.375, -75.375, 4.586072795365598e-24, nan 
-17.125, -75.375, 3.1956455790871347e-24, nan 
-16.875, -75.375, 1.4222228557188202e-23, nan 
-16.625, -75.375, 1.7622953930962285e-23, nan 
-16.375, -75.375, 3.87103271182398e-24, nan 
-16.125, -75.375, 2.5007692152516773e-23, nan 
-15.875, -75.375, 3.044536212627231e-23, nan 
-15.625, -75.375, 6.014287659983869e-24, nan 
-15.375, -75.375, 1.3482897131558687e-23, nan 
-15.125, -75.375, 1.5045616594612037e-23, nan 
-14.875, -75.375, 1.8366543273320487e-23, nan 
-14.625, -75.375, 2.2071939204541475e-23, nan 
-14.375, -75.375, 1.2491632929179133e-23, nan 
-14.125, -75.375, 2.4140319102183022e-23, nan 
-13.875, -75.375, 3.110195893868144e-23, nan 
-13.625, -75.375, 1.6098176785680192e-23, nan 
-13.375, -75.375, 8.604771042586979e-24, nan 
-13.125, -75.375, 2.4219027671641007e-23, nan 
-12.875, -75.375, 1.2963580964966016e-23, nan 
-12.625, -75.375, 2.128298555225093e-23, nan 
-12.375, -75.375, 2.688066978152349e-23, nan 
-12.125, -75.375, 1.7368856465990897e-23, nan 
-11.875, -75.375, 1.4142468896155173e-23, nan 
-11.625, -75.375, 1.805077879200164e-23, nan 
-11.375, -75.375, 1.5001609850542066e-23, nan 
-11.125, -75.375, 1.6234926915002925e-23, nan 
-10.875, -75.375, 1.710690415917895e-23, nan 
-10.625, -75.375, 1.7297385249693716e-23, nan 
-10.375, -75.375, 2.465767372448112e-23, nan 
-10.125, -75.375, 2.865570017165131e-23, nan 
-9.875, -75.375, 2.3906473376838455e-23, nan 
-9.625, -75.375, 1.6704681024038394e-23, nan 
-9.375, -75.375, 1.7408228523439377e-23, nan 
-9.125, -75.375, 1.3359281076198492e-23, nan 
-8.875, -75.375, 1.1844623284810402e-23, nan 
-8.625, -75.375, 1.4516143530325124e-23, nan 
-8.375, -75.375, 1.5951792646767325e-23, nan 
-8.125, -75.375, 1.257406921049062e-23, nan 
-7.875, -75.375, 1.1827646447167649e-23, nan 
-7.625, -75.375, 1.3473160345546793e-23, nan 
-7.375, -75.375, 1.3507526063110495e-23, nan 
-7.125, -75.375, 1.0607057453800518e-23, nan 
-6.875, -75.375, 1.1900328880595938e-23, nan 
-6.625, -75.375, 1.1889656511359313e-23, nan 
-6.375, -75.375, 1.3046002332337735e-23, nan 
-6.125, -75.375, 2.2315492866134624e-23, nan 
-5.875, -75.375, 1.8045510702761888e-23, nan 
-5.625, -75.375, 1.9965405184021224e-23, nan 
-5.375, -75.375, 2.790602024470917e-23, nan 
-5.125, -75.375, 9.093345834826299e-24, nan 
-4.875, -75.375, 5.717720511063432e-24, nan 
-4.625, -75.375, 7.003428122749248e-24, nan 
-4.375, -75.375, 8.701333233135058e-24, nan 
-4.125, -75.375, 6.984399524075464e-24, nan 
-3.875, -75.375, 1.2123184814357683e-23, nan 
-3.625, -75.375, 1.3179283861206881e-23, nan 
-3.375, -75.375, 3.692314864881885e-24, nan 
-3.125, -75.375, 7.296128118755146e-24, nan 
-2.875, -75.375, 7.406918027564283e-24, nan 
-2.625, -75.375, 3.206219947728089e-24, nan 
-2.375, -75.375, 4.136774361417278e-24, nan 
-2.125, -75.375, 2.603012205709317e-24, nan 
-1.875, -75.375, 3.4799169539038474e-24, nan 
-1.625, -75.375, 3.3032531312684713e-24, nan 
-1.375, -75.375, 5.777019681394547e-25, nan 
-1.125, -75.375, 2.489891191006557e-24, nan 
-0.875, -75.375, 3.1949002625367467e-24, nan 
-0.625, -75.375, 2.6347531793471027e-24, nan 
-0.375, -75.375, 3.0813341270644697e-24, nan 
-0.125, -75.375, 3.1625365150257466e-24, nan 
0.125, -75.375, 3.0232351356729153e-24, nan 
0.375, -75.375, 3.924837807562173e-24, nan 
0.625, -75.375, 2.5624578443154685e-24, nan 
-42.625, -75.125, 1.791612587021972e-23, nan 
-42.375, -75.125, 2.1841772978745302e-23, nan 
-42.125, -75.125, 2.4460049767268655e-23, nan 
-41.875, -75.125, 2.7608687466713617e-23, nan 
-41.625, -75.125, 3.164570866649507e-23, nan 
-41.375, -75.125, 3.0499466264353135e-23, nan 
-41.125, -75.125, 3.393316074957321e-23, nan 
-40.875, -75.125, 3.351217618860706e-23, nan 
-40.625, -75.125, 1.2900814401894353e-23, nan 
-40.375, -75.125, 1.5399121684667367e-23, nan 
-40.125, -75.125, 1.3524561767327996e-23, nan 
-39.875, -75.125, 6.969827769122813e-24, nan 
-39.625, -75.125, 4.401268444025154e-24, nan 
-39.375, -75.125, 2.4656711299574983e-24, nan 
-39.125, -75.125, 4.688527630173606e-24, nan 
-38.875, -75.125, 7.623478913961203e-24, nan 
-38.625, -75.125, 2.103301453370462e-24, nan 
-38.375, -75.125, 7.572769545984563e-24, nan 
-38.125, -75.125, 7.935608934817276e-24, nan 
-37.875, -75.125, 3.326145529609043e-24, nan 
-37.625, -75.125, 8.323477536703318e-24, nan 
-37.375, -75.125, 3.8505656436957065e-24, nan 
-37.125, -75.125, 4.107743490779101e-24, nan 
-36.875, -75.125, 4.6871070686618156e-24, nan 
-36.625, -75.125, 4.331936068638619e-24, nan 
-36.375, -75.125, 3.2547818145390654e-24, nan 
-36.125, -75.125, 3.3151161240348906e-24, nan 
-35.875, -75.125, 3.111626991752864e-24, nan 
-35.625, -75.125, 3.0359643526933255e-24, nan 
-35.375, -75.125, 3.1570232022837117e-24, nan 
-35.125, -75.125, 3.957814291751159e-24, nan 
-34.875, -75.125, 5.2950131635655555e-24, nan 
-34.625, -75.125, 5.441595854854758e-24, nan 
-34.375, -75.125, 5.4648221469116624e-24, nan 
-34.125, -75.125, 5.621234136779645e-24, nan 
-33.875, -75.125, 5.27545524077359e-24, nan 
-33.625, -75.125, 4.7471012190378e-24, nan 
-33.375, -75.125, 4.2568540740601016e-24, nan 
-33.125, -75.125, 4.052697901823008e-24, nan 
-32.875, -75.125, 4.419823313091715e-24, nan 
-32.625, -75.125, 3.5042048827570114e-24, nan 
-32.375, -75.125, 3.814093160543733e-24, nan 
-32.125, -75.125, 4.09773030967428e-24, nan 
-31.875, -75.125, 2.653164931352455e-24, nan 
-31.625, -75.125, 5.0037278678156835e-24, nan 
-31.375, -75.125, 7.557109681389745e-24, nan 
-31.125, -75.125, 6.325935236824016e-24, nan 
-30.875, -75.125, 7.189271939523525e-24, nan 
-30.625, -75.125, 8.987422990509404e-24, nan 
-30.375, -75.125, 9.109599937384225e-24, nan 
-30.125, -75.125, 9.322509762205889e-24, nan 
-29.875, -75.125, 6.551734553975524e-24, nan 
-29.625, -75.125, 7.1127788552079e-24, nan 
-29.375, -75.125, 5.5419285462775195e-24, nan 
-29.125, -75.125, 5.767511304801677e-24, nan 
-28.875, -75.125, 3.529405360683805e-24, nan 
-28.625, -75.125, 4.632322789825068e-24, nan 
-28.375, -75.125, 4.985745306298819e-24, nan 
-28.125, -75.125, 7.316473550800082e-24, nan 
-27.875, -75.125, 6.844766349185264e-24, nan 
-27.625, -75.125, 7.544229967607707e-24, nan 
-27.375, -75.125, 8.367761158800998e-24, nan 
-27.125, -75.125, 7.243550346665904e-24, nan 
-26.875, -75.125, 7.590123202601445e-24, nan 
-26.625, -75.125, 5.428569477595066e-24, nan 
-26.375, -75.125, 6.900316956041386e-24, nan 
-26.125, -75.125, 4.745860475334572e-24, nan 
-25.875, -75.125, 8.030144584521895e-24, nan 
-25.625, -75.125, 1.0124450863053723e-23, nan 
-25.375, -75.125, 1.0633136173799313e-23, nan 
-25.125, -75.125, 1.170789984142434e-23, nan 
-24.875, -75.125, 1.0630649515375626e-23, nan 
-24.625, -75.125, 1.443743965311788e-23, nan 
-24.375, -75.125, 1.555819689075401e-23, nan 
-24.125, -75.125, 8.118790482496086e-24, nan 
-23.875, -75.125, 1.0484353263910016e-23, nan 
-23.625, -75.125, 1.2264298267492714e-23, nan 
-23.375, -75.125, 7.866485822741551e-24, nan 
-23.125, -75.125, 6.5081019019370324e-24, nan 
-22.875, -75.125, 6.862714642844304e-24, nan 
-22.625, -75.125, 5.749539275974239e-24, nan 
-22.375, -75.125, 7.079800803214174e-24, nan 
-22.125, -75.125, 5.885314103931151e-24, nan 
-21.875, -75.125, 5.720429294833278e-24, nan 
-21.625, -75.125, 5.200208943646721e-24, nan 
-21.375, -75.125, 3.2625357763651506e-24, nan 
-21.125, -75.125, 2.445796481875367e-24, nan 
-20.875, -75.125, 2.690094942256105e-24, nan 
-20.625, -75.125, 4.528767094702096e-24, nan 
-20.375, -75.125, 5.150712694733971e-24, nan 
-20.125, -75.125, 5.575266550233794e-24, nan 
-19.875, -75.125, 4.8186833966941564e-24, nan 
-19.625, -75.125, 6.954241770265844e-24, nan 
-19.375, -75.125, 5.130859276055729e-24, nan 
-19.125, -75.125, 4.30250502784911e-24, nan 
-18.875, -75.125, 8.370921023225909e-24, nan 
-18.625, -75.125, 5.770279650559434e-24, nan 
-18.375, -75.125, 6.809976507423434e-24, nan 
-18.125, -75.125, 5.697918091824889e-24, nan 
-17.875, -75.125, 4.9534739991765846e-24, nan 
-17.625, -75.125, 5.030496146884526e-24, nan 
-17.375, -75.125, 5.5609876059627635e-24, nan 
-17.125, -75.125, 5.3770475546606244e-24, nan 
-16.875, -75.125, 5.84158917360208e-24, nan 
-16.625, -75.125, 2.357718943453946e-23, nan 
-16.375, -75.125, 4.02218597795132e-23, nan 
-16.125, -75.125, 5.012265992736471e-23, nan 
-15.875, -75.125, 4.685499638461717e-23, nan 
-15.625, -75.125, 4.732728433660452e-23, nan 
-15.375, -75.125, 3.314710987553845e-23, nan 
-15.125, -75.125, 9.021217487162512e-24, nan 
-14.875, -75.125, 2.3319064002090035e-23, nan 
-14.625, -75.125, 2.3340052485866828e-23, nan 
-14.375, -75.125, 1.8302124848971017e-23, nan 
-14.125, -75.125, 2.348198468277126e-23, nan 
-13.875, -75.125, 2.874984487962582e-23, nan 
-13.625, -75.125, 2.566858382985339e-23, nan 
-13.375, -75.125, 1.2763708115178698e-23, nan 
-13.125, -75.125, 1.7445452046276595e-23, nan 
-12.875, -75.125, 1.870545299115073e-23, nan 
-12.625, -75.125, 1.622793695200206e-23, nan 
-12.375, -75.125, 1.4307636585260563e-23, nan 
-12.125, -75.125, 9.93300448063711e-24, nan 
-11.875, -75.125, 7.221319073242688e-24, nan 
-11.625, -75.125, 1.4393317285156262e-23, nan 
-11.375, -75.125, 1.7994106189011198e-23, nan 
-11.125, -75.125, 9.496063985311187e-24, nan 
-10.875, -75.125, 1.1604820362745734e-23, nan 
-10.625, -75.125, 1.842138110563323e-23, nan 
-10.375, -75.125, 1.4929800875484203e-23, nan 
-10.125, -75.125, 1.8052681886378405e-23, nan 
-9.875, -75.125, 1.7185999765596786e-23, nan 
-9.625, -75.125, 2.008018416798504e-23, nan 
-9.375, -75.125, 1.9706548359255253e-23, nan 
-9.125, -75.125, 1.4202588864482136e-23, nan 
-8.875, -75.125, 1.4528748550441887e-23, nan 
-8.625, -75.125, 1.8309818178043382e-23, nan 
-8.375, -75.125, 1.428448331445504e-23, nan 
-8.125, -75.125, 9.390040186130416e-24, nan 
-7.875, -75.125, 8.032568368056057e-24, nan 
-7.625, -75.125, 8.255329112914821e-24, nan 
-7.375, -75.125, 1.073766774307457e-23, nan 
-7.125, -75.125, 1.456659777707321e-23, nan 
-6.875, -75.125, 1.3092999928742081e-23, nan 
-6.625, -75.125, 1.400471288846215e-23, nan 
-6.375, -75.125, 1.2709175158958178e-23, nan 
-6.125, -75.125, 1.9648413936459117e-23, nan 
-5.875, -75.125, 1.6876299686105472e-23, nan 
-5.625, -75.125, 1.25032937919894e-23, nan 
-5.375, -75.125, 1.0384612094552366e-23, nan 
-5.125, -75.125, 1.3574137179681844e-23, nan 
-4.875, -75.125, 1.280062639534035e-23, nan 
-4.625, -75.125, 1.2377297976597216e-23, nan 
-4.375, -75.125, 9.454329620476405e-24, nan 
-4.125, -75.125, 1.614027501828673e-23, nan 
-3.875, -75.125, 1.486977955685343e-23, nan 
-3.625, -75.125, 8.919136346131687e-24, nan 
-3.375, -75.125, 7.19833247249248e-24, nan 
-3.125, -75.125, 8.419237535718853e-24, nan 
-2.875, -75.125, 6.061330168659734e-24, nan 
-2.625, -75.125, 1.4960110115032716e-24, nan 
-2.375, -75.125, 2.710646702048131e-24, nan 
-2.125, -75.125, 5.653574203186629e-24, nan 
-1.875, -75.125, 3.893904832615075e-24, nan 
-1.625, -75.125, 2.3257037349214027e-24, nan 
-1.375, -75.125, 4.505920248999263e-24, nan 
-1.125, -75.125, 4.158921597368442e-24, nan 
-0.875, -75.125, 3.683369447913601e-24, nan 
-0.625, -75.125, 3.384546098848932e-24, nan 
-0.375, -75.125, 3.5771440172308135e-24, nan 
-0.125, -75.125, 3.638995352148424e-24, nan 
0.125, -75.125, 3.072454366614968e-24, nan 
0.375, -75.125, 2.999176959910916e-24, nan 
0.625, -75.125, 6.039655492560913e-24, nan 
0.875, -75.125, 7.970793211079657e-24, nan 
-42.375, -74.875, 1.7556429125016114e-23, nan 
-42.125, -74.875, 2.374128204828391e-23, nan 
-41.875, -74.875, 2.4236418480723203e-23, nan 
-41.625, -74.875, 3.1123289885591125e-23, nan 
-41.375, -74.875, 4.3522783494888673e-23, nan 
-41.125, -74.875, 4.1860445161892715e-23, nan 
-40.875, -74.875, 3.617855547779762e-23, nan 
-40.625, -74.875, 4.057335549784776e-23, nan 
-40.375, -74.875, 3.358858915063368e-23, nan 
-40.125, -74.875, 2.223152589925557e-23, nan 
-39.875, -74.875, 7.562105832804699e-24, nan 
-39.625, -74.875, 7.37479868205439e-24, nan 
-39.375, -74.875, 6.260546299100753e-24, nan 
-39.125, -74.875, 6.1809015216816475e-24, nan 
-38.875, -74.875, 5.537096144376551e-24, nan 
-38.625, -74.875, 6.1486753968166406e-24, nan 
-38.375, -74.875, 6.649075942558219e-24, nan 
-38.125, -74.875, 7.773752019707318e-24, nan 
-37.875, -74.875, 8.433275404380262e-24, nan 
-37.625, -74.875, 7.13437391994497e-24, nan 
-37.375, -74.875, 3.0117237861549406e-24, nan 
-37.125, -74.875, 5.0903753075435904e-24, nan 
-36.875, -74.875, 3.761182905931782e-24, nan 
-36.625, -74.875, 3.1122551144104414e-24, nan 
-36.375, -74.875, 3.5370571472187866e-24, nan 
-36.125, -74.875, 3.344490709361963e-24, nan 
-35.875, -74.875, 2.799668236571038e-24, nan 
-35.625, -74.875, 4.080189090180022e-24, nan 
-35.375, -74.875, 4.598439486550708e-24, nan 
-35.125, -74.875, 4.940561245646827e-24, nan 
-34.875, -74.875, 5.674945010878311e-24, nan 
-34.625, -74.875, 5.438101853108849e-24, nan 
-34.375, -74.875, 5.8916741527480134e-24, nan 
-34.125, -74.875, 5.413749748050584e-24, nan 
-33.875, -74.875, 4.3786064649196e-24, nan 
-33.625, -74.875, 5.3391364289015946e-24, nan 
-33.375, -74.875, 5.9703287086342145e-24, nan 
-33.125, -74.875, 4.892641672639954e-24, nan 
-32.875, -74.875, 4.445590572753574e-24, nan 
-32.625, -74.875, 5.371637316662244e-24, nan 
-32.375, -74.875, 5.613906284773366e-24, nan 
-32.125, -74.875, 5.702001816509026e-24, nan 
-31.875, -74.875, 4.184251043546896e-24, nan 
-31.625, -74.875, 3.6594268794415085e-24, nan 
-31.375, -74.875, 5.591170560254103e-24, nan 
-31.125, -74.875, 6.140015685132568e-24, nan 
-30.875, -74.875, 8.860265523759029e-24, nan 
-30.625, -74.875, 8.48689015820089e-24, nan 
-30.375, -74.875, 7.861602674116822e-24, nan 
-30.125, -74.875, 1.1586163993303069e-23, nan 
-29.875, -74.875, 1.3214742104235074e-23, nan 
-29.625, -74.875, 1.5309318609950022e-23, nan 
-29.375, -74.875, 1.2518815389929153e-23, nan 
-29.125, -74.875, 1.1704439635999171e-23, nan 
-28.875, -74.875, 1.0497604217781397e-23, nan 
-28.625, -74.875, 8.995113382630959e-24, nan 
-28.375, -74.875, 8.015346412183004e-24, nan 
-28.125, -74.875, 4.939636714883567e-24, nan 
-27.875, -74.875, 4.195258827980373e-24, nan 
-27.625, -74.875, 6.437606221537017e-24, nan 
-27.375, -74.875, 5.033816491627968e-24, nan 
-27.125, -74.875, 5.702654843577395e-24, nan 
-26.875, -74.875, 3.1731429226184505e-24, nan 
-26.625, -74.875, 5.3090257686451925e-24, nan 
-26.375, -74.875, 1.2091177944216186e-23, nan 
-26.125, -74.875, 1.544599572827403e-23, nan 
-25.875, -74.875, 1.7400862304470895e-23, nan 
-25.625, -74.875, 1.870912081677173e-23, nan 
-25.375, -74.875, 1.8091568140098288e-23, nan 
-25.125, -74.875, 1.958349100107585e-23, nan 
-24.875, -74.875, 2.2637143580218285e-23, nan 
-24.625, -74.875, 3.2753638101817926e-23, nan 
-24.375, -74.875, 1.7763297954603183e-23, nan 
-24.125, -74.875, 1.4749310150017665e-23, nan 
-23.875, -74.875, 2.654514055147987e-23, nan 
-23.625, -74.875, 6.961362878713552e-24, nan 
-23.375, -74.875, 6.917159700286158e-24, nan 
-23.125, -74.875, 6.766355405568098e-24, nan 
-22.875, -74.875, 7.444001353751601e-24, nan 
-22.625, -74.875, 6.92380568064523e-24, nan 
-22.375, -74.875, 7.364170012181024e-24, nan 
-22.125, -74.875, 5.50573038575687e-24, nan 
-21.875, -74.875, 9.48209902865884e-24, nan 
-21.625, -74.875, 6.5378625882814315e-24, nan 
-21.375, -74.875, 3.4320244627797975e-24, nan 
-21.125, -74.875, 5.812307977354613e-24, nan 
-20.875, -74.875, 6.591179738087742e-24, nan 
-20.625, -74.875, 5.050054046123166e-24, nan 
-20.375, -74.875, 6.4317096058000644e-24, nan 
-20.125, -74.875, 8.446796740505697e-24, nan 
-19.875, -74.875, 7.866503208110557e-24, nan 
-19.625, -74.875, 7.652754542954372e-24, nan 
-19.375, -74.875, 9.499321791497617e-24, nan 
-19.125, -74.875, 1.8914806962900198e-23, nan 
-18.875, -74.875, 1.0511439870678227e-23, nan 
-18.625, -74.875, 4.763937139732901e-24, nan 
-18.375, -74.875, 1.1368108373263818e-23, nan 
-18.125, -74.875, 9.758376272016377e-24, nan 
-17.875, -74.875, 8.313460498811275e-24, nan 
-17.625, -74.875, 9.849990771021829e-24, nan 
-17.375, -74.875, 2.8918925203882006e-23, nan 
-17.125, -74.875, 5.2000437070565224e-23, nan 
-16.875, -74.875, 6.171443868851217e-23, nan 
-16.625, -74.875, 4.718882006079735e-23, nan 
-16.375, -74.875, 6.879622759510718e-23, nan 
-16.125, -74.875, 7.908544831435366e-23, nan 
-15.875, -74.875, 7.553611352686238e-23, nan 
-15.625, -74.875, 8.100742442176654e-23, nan 
-15.375, -74.875, 5.351810764706625e-23, nan 
-15.125, -74.875, 5.889331025509255e-23, nan 
-14.875, -74.875, 7.006992914205462e-23, nan 
-14.625, -74.875, 4.7023959572306045e-23, nan 
-14.375, -74.875, 2.4625422989212996e-23, nan 
-14.125, -74.875, 3.0777357096008237e-23, nan 
-13.875, -74.875, 4.079121433276564e-23, nan 
-13.625, -74.875, 2.9513440547035145e-23, nan 
-13.375, -74.875, 1.7065196537777644e-23, nan 
-13.125, -74.875, 2.4391296600085906e-23, nan 
-12.875, -74.875, 2.1619126360370702e-23, nan 
-12.625, -74.875, 1.3810388832282384e-23, nan 
-12.375, -74.875, 3.810472987876559e-24, nan 
-12.125, -74.875, 4.031367256509687e-24, nan 
-11.875, -74.875, 1.1760667896742809e-23, nan 
-11.625, -74.875, 2.1036293377948346e-23, nan 
-11.375, -74.875, 2.056177873032253e-23, nan 
-11.125, -74.875, 7.124839172557173e-24, nan 
-10.875, -74.875, 2.874738228542002e-23, nan 
-10.625, -74.875, 3.0286969142254604e-23, nan 
-10.375, -74.875, 1.7613269249376936e-24, nan 
-10.125, -74.875, 1.5067647870122737e-23, nan 
-9.875, -74.875, 1.6299894922976493e-23, nan 
-9.625, -74.875, 7.044090531334345e-24, nan 
-9.375, -74.875, 6.187756639996664e-24, nan 
-9.125, -74.875, 6.286046604810083e-24, nan 
-8.875, -74.875, 8.907308443153582e-24, nan 
-8.625, -74.875, 1.1062087880135927e-23, nan 
-8.375, -74.875, 1.087999708478846e-23, nan 
-8.125, -74.875, 9.452743610684003e-24, nan 
-7.875, -74.875, 1.0875200642162488e-23, nan 
-7.625, -74.875, 1.012036416281638e-23, nan 
-7.375, -74.875, 7.749004660913103e-24, nan 
-7.125, -74.875, 2.360779673806726e-23, nan 
-6.875, -74.875, 2.2085821948662315e-23, nan 
-6.625, -74.875, 2.2408072817923762e-23, nan 
-6.375, -74.875, 2.0068394896104235e-23, nan 
-6.125, -74.875, 1.339160986739267e-23, nan 
-5.875, -74.875, 1.8127806612633846e-23, nan 
-5.625, -74.875, 2.4354740198882095e-23, nan 
-5.375, -74.875, 7.555915696656501e-24, nan 
-5.125, -74.875, 1.685385855437779e-23, nan 
-4.875, -74.875, 2.0791189615101368e-23, nan 
-4.625, -74.875, 1.3209107811858419e-23, nan 
-4.375, -74.875, 1.4481681595288597e-23, nan 
-4.125, -74.875, 8.686743505899203e-24, nan 
-3.875, -74.875, 1.1966049435326554e-23, nan 
-3.625, -74.875, 6.3508460891378854e-24, nan 
-3.375, -74.875, 2.374984175894498e-24, nan 
-3.125, -74.875, 2.655945291655992e-24, nan 
-2.875, -74.875, 2.333742574192977e-24, nan 
-2.625, -74.875, 3.439195993226307e-24, nan 
-2.375, -74.875, 3.184717850404838e-24, nan 
-2.125, -74.875, 3.432170678076633e-24, nan 
-1.875, -74.875, 2.181694718182732e-24, nan 
-1.625, -74.875, 2.2259190601881285e-24, nan 
-1.375, -74.875, 2.463864202393951e-24, nan 
-1.125, -74.875, 2.713073016839871e-24, nan 
-0.875, -74.875, 3.285248898392142e-24, nan 
-0.625, -74.875, 3.470482929750616e-24, nan 
-0.375, -74.875, 3.735744221168025e-24, nan 
-0.125, -74.875, 3.8738336178055914e-24, nan 
0.125, -74.875, 4.149464136012118e-24, nan 
0.375, -74.875, 5.31071812358123e-24, nan 
0.625, -74.875, 6.095254118310734e-24, nan 
0.875, -74.875, 6.597380879021592e-24, nan 
1.125, -74.875, 7.386988288679447e-24, nan 
-41.875, -74.625, 6.627244387837512e-24, nan 
-41.625, -74.625, 8.334329342222649e-24, nan 
-41.375, -74.625, 9.777968426863283e-24, nan 
-41.125, -74.625, 1.9367113528555068e-23, nan 
-40.875, -74.625, 3.362822656064976e-23, nan 
-40.625, -74.625, 3.485272470595369e-23, nan 
-40.375, -74.625, 2.4775280946457919e-23, nan 
-40.125, -74.625, 3.481035397171877e-23, nan 
-39.875, -74.625, 2.590304825758977e-23, nan 
-39.625, -74.625, 8.382286439685185e-24, nan 
-39.375, -74.625, 1.301286554516694e-23, nan 
-39.125, -74.625, 1.3369329064287712e-23, nan 
-38.875, -74.625, 4.90323481861999e-24, nan 
-38.625, -74.625, 5.305297062904124e-24, nan 
-38.375, -74.625, 8.616549758502303e-24, nan 
-38.125, -74.625, 9.247508926144762e-24, nan 
-37.875, -74.625, 8.49435055035006e-24, nan 
-37.625, -74.625, 8.434476487676635e-24, nan 
-37.375, -74.625, 7.724855966331679e-24, nan 
-37.125, -74.625, 7.122908979035961e-24, nan 
-36.875, -74.625, 5.499218463001247e-24, nan 
-36.625, -74.625, 6.149832142208865e-24, nan 
-36.375, -74.625, 6.137088811779441e-24, nan 
-36.125, -74.625, 5.359304296798651e-24, nan 
-35.875, -74.625, 5.076080394597541e-24, nan 
-35.625, -74.625, 6.335302947883417e-24, nan 
-35.375, -74.625, 6.004568080084278e-24, nan 
-35.125, -74.625, 6.3884696792999135e-24, nan 
-34.875, -74.625, 6.026609782966111e-24, nan 
-34.625, -74.625, 5.505468339533932e-24, nan 
-34.375, -74.625, 4.711943179774124e-24, nan 
-34.125, -74.625, 6.326437070763641e-24, nan 
-33.875, -74.625, 4.473188111358483e-24, nan 
-33.625, -74.625, 4.08946908754705e-24, nan 
-33.375, -74.625, 7.198549519104084e-24, nan 
-33.125, -74.625, 7.416860709054998e-24, nan 
-32.875, -74.625, 6.909737671932685e-24, nan 
-32.625, -74.625, 5.6303116419490944e-24, nan 
-32.375, -74.625, 8.581148976646597e-24, nan 
-32.125, -74.625, 7.412207403538594e-24, nan 
-31.875, -74.625, 5.7899333204844435e-24, nan 
-31.625, -74.625, 9.538108545484258e-24, nan 
-31.375, -74.625, 3.963006565169148e-24, nan 
-31.125, -74.625, 7.652527447079835e-24, nan 
-30.875, -74.625, 1.1865231651012817e-23, nan 
-30.625, -74.625, 9.818836116234375e-24, nan 
-30.375, -74.625, 1.1529412816857409e-23, nan 
-30.125, -74.625, 8.876874156849092e-24, nan 
-29.875, -74.625, 1.6275627936631472e-23, nan 
-29.625, -74.625, 1.873517537859496e-23, nan 
-29.375, -74.625, 1.3442744156389076e-23, nan 
-29.125, -74.625, 1.673265511220464e-23, nan 
-28.875, -74.625, 1.6403094907440514e-23, nan 
-28.625, -74.625, 1.3026436273967364e-23, nan 
-28.375, -74.625, 1.3516322602666603e-23, nan 
-28.125, -74.625, 1.1502061571886613e-23, nan 
-27.875, -74.625, 9.107971705123552e-24, nan 
-27.625, -74.625, 7.787714093250166e-24, nan 
-27.375, -74.625, 6.873307848212199e-24, nan 
-27.125, -74.625, 1.3186190547619743e-23, nan 
-26.875, -74.625, 1.6701399209054e-23, nan 
-26.625, -74.625, 1.74374673731406e-23, nan 
-26.375, -74.625, 1.7627735066185515e-23, nan 
-26.125, -74.625, 2.1670054732134915e-23, nan 
-25.875, -74.625, 2.2958004435064263e-23, nan 
-25.625, -74.625, 2.0542610215489236e-23, nan 
-25.375, -74.625, 1.844297731071228e-23, nan 
-25.125, -74.625, 1.312695535112083e-23, nan 
-24.875, -74.625, 2.2160403844916726e-23, nan 
-24.625, -74.625, 2.1750600842899094e-23, nan 
-24.375, -74.625, 1.1873291182141237e-23, nan 
-24.125, -74.625, 4.864765366671809e-24, nan 
-23.875, -74.625, 8.936431313284414e-24, nan 
-23.625, -74.625, 6.463989817338613e-24, nan 
-23.375, -74.625, 3.747487532348283e-24, nan 
-23.125, -74.625, 3.2159400236927977e-24, nan 
-22.875, -74.625, 2.818976513431121e-24, nan 
-22.625, -74.625, 2.777828923059708e-24, nan 
-22.375, -74.625, 3.950638238774198e-24, nan 
-22.125, -74.625, 2.4818840733886306e-24, nan 
-21.875, -74.625, 5.761188043276041e-24, nan 
-21.625, -74.625, 1.213797226957936e-23, nan 
-21.375, -74.625, 1.4614083747021417e-23, nan 
-21.125, -74.625, 9.175413074389993e-24, nan 
-20.875, -74.625, 9.087029883574073e-24, nan 
-20.625, -74.625, 8.500870090946315e-24, nan 
-20.375, -74.625, 9.944301158172728e-24, nan 
-20.125, -74.625, 6.75664376829461e-24, nan 
-19.875, -74.625, 1.0939734621094345e-23, nan 
-19.625, -74.625, 8.211196810298573e-24, nan 
-19.375, -74.625, 9.562615565040028e-24, nan 
-19.125, -74.625, 2.3098711446350212e-23, nan 
-18.875, -74.625, 9.172242321374957e-24, nan 
-18.625, -74.625, 4.562005089443584e-24, nan 
-18.375, -74.625, 1.173554174511324e-23, nan 
-18.125, -74.625, 6.252106993309488e-24, nan 
-17.875, -74.625, 8.046205826691097e-24, nan 
-17.625, -74.625, 6.503387786738784e-24, nan 
-17.375, -74.625, 1.4336365645333333e-23, nan 
-17.125, -74.625, 6.115118768009626e-23, nan 
-16.875, -74.625, 5.954884663901646e-23, nan 
-16.625, -74.625, 4.7960231250570846e-23, nan 
-16.375, -74.625, 8.243993671355647e-23, nan 
-16.125, -74.625, 8.61880268900668e-23, nan 
-15.875, -74.625, 9.277658141167564e-23, nan 
-15.625, -74.625, 7.677295284775015e-23, nan 
-15.375, -74.625, 5.427981343128191e-23, nan 
-15.125, -74.625, 6.407642003915297e-23, nan 
-14.875, -74.625, 5.680627963856044e-23, nan 
-14.625, -74.625, 3.1688795665689104e-23, nan 
-14.375, -74.625, 1.5895175460537586e-23, nan 
-14.125, -74.625, 1.7313561061792322e-23, nan 
-13.875, -74.625, 2.4949271141131212e-23, nan 
-13.625, -74.625, 1.955640277044905e-23, nan 
-13.375, -74.625, 1.59385969482948e-23, nan 
-13.125, -74.625, 6.0042156701057295e-24, nan 
-12.875, -74.625, 6.919381036497185e-24, nan 
-12.625, -74.625, 8.752996106052015e-24, nan 
-12.375, -74.625, 4.648334705977671e-24, nan 
-12.125, -74.625, 3.54193362807682e-24, nan 
-11.875, -74.625, 2.4104166211320817e-24, nan 
-11.625, -74.625, 2.6079684746688597e-24, nan 
-11.375, -74.625, 1.6174802544163752e-24, nan 
-11.125, -74.625, 3.658658455558499e-24, nan 
-10.875, -74.625, 1.393298420837493e-23, nan 
-10.625, -74.625, 1.4608693361985315e-23, nan 
-10.375, -74.625, 5.856856512760441e-24, nan 
-10.125, -74.625, 6.0064858845912144e-24, nan 
-9.875, -74.625, 6.78897367508863e-24, nan 
-9.625, -74.625, 1.0875084518960048e-23, nan 
-9.375, -74.625, 1.2306318166785837e-23, nan 
-9.125, -74.625, 1.564591564007167e-23, nan 
-8.875, -74.625, 1.2054827262853052e-23, nan 
-8.625, -74.625, 9.378520986892497e-24, nan 
-8.375, -74.625, 7.666198125517438e-24, nan 
-8.125, -74.625, 6.225395183874596e-24, nan 
-7.875, -74.625, 2.423809766742707e-23, nan 
-7.625, -74.625, 2.2578855095469366e-23, nan 
-7.375, -74.625, 1.5842854132999285e-23, nan 
-7.125, -74.625, 2.88163455028605e-23, nan 
-6.875, -74.625, 2.291378221004064e-23, nan 
-6.625, -74.625, 1.683324171458615e-23, nan 
-6.375, -74.625, 1.6083992853885947e-23, nan 
-6.125, -74.625, 1.241423449149493e-23, nan 
-5.875, -74.625, 5.008084635350198e-24, nan 
-5.625, -74.625, 7.734854150092188e-24, nan 
-5.375, -74.625, 9.825821598928685e-24, nan 
-5.125, -74.625, 2.0102088483810024e-23, nan 
-4.875, -74.625, 2.6030417694887475e-23, nan 
-4.625, -74.625, 1.9318228585379588e-23, nan 
-4.375, -74.625, 1.8432997059564682e-23, nan 
-4.125, -74.625, 2.1616514300152978e-23, nan 
-3.875, -74.625, 1.8622387802436335e-23, nan 
-3.625, -74.625, 6.1158882470493814e-24, nan 
-3.375, -74.625, 4.62566854561823e-24, nan 
-3.125, -74.625, 3.730004870865684e-24, nan 
-2.875, -74.625, 3.2665643104549408e-24, nan 
-2.625, -74.625, 5.705487292351179e-24, nan 
-2.375, -74.625, 4.86972431400149e-24, nan 
-2.125, -74.625, 2.4943593589466476e-24, nan 
-1.875, -74.625, 3.0106393691246563e-24, nan 
-1.625, -74.625, 3.0024974202725525e-24, nan 
-1.375, -74.625, 3.2214038999714876e-24, nan 
-1.125, -74.625, 3.380455807908959e-24, nan 
-0.875, -74.625, 3.101889401431331e-24, nan 
-0.625, -74.625, 3.3035274977425467e-24, nan 
-0.375, -74.625, 3.523673318380517e-24, nan 
-0.125, -74.625, 4.008590412563259e-24, nan 
0.125, -74.625, 5.3115219389897445e-24, nan 
0.375, -74.625, 8.653626930273181e-24, nan 
0.625, -74.625, 1.0664322275126108e-23, nan 
0.875, -74.625, 2.0828675997613206e-23, nan 
1.125, -74.625, 1.660536172415942e-23, nan 
1.375, -74.625, 1.9712041534822233e-23, nan 
1.625, -74.625, 2.605953613554484e-23, nan 
-41.375, -74.375, 7.610128409403456e-24, nan 
-41.125, -74.375, 1.9387272148507456e-23, nan 
-40.875, -74.375, 3.384219592379481e-23, nan 
-40.625, -74.375, 2.940654811444791e-23, nan 
-40.375, -74.375, 2.0450387651781125e-23, nan 
-40.125, -74.375, 3.268416198105619e-23, nan 
-39.875, -74.375, 2.910900168516285e-23, nan 
-39.625, -74.375, 6.616981080032617e-24, nan 
-39.375, -74.375, 1.5085320001679334e-23, nan 
-39.125, -74.375, 2.229616487148528e-23, nan 
-38.875, -74.375, 6.854668561371007e-24, nan 
-38.625, -74.375, 9.108324767823686e-24, nan 
-38.375, -74.375, 1.1979698837979098e-23, nan 
-38.125, -74.375, 9.023306408946039e-24, nan 
-37.875, -74.375, 9.058758914609721e-24, nan 
-37.625, -74.375, 9.813099554139387e-24, nan 
-37.375, -74.375, 8.644543468379162e-24, nan 
-37.125, -74.375, 7.101328473423997e-24, nan 
-36.875, -74.375, 8.536709858674325e-24, nan 
-36.625, -74.375, 7.945927899594679e-24, nan 
-36.375, -74.375, 6.893379456951793e-24, nan 
-36.125, -74.375, 5.844761345590182e-24, nan 
-35.875, -74.375, 7.609913705874551e-24, nan 
-35.625, -74.375, 5.8932118995455145e-24, nan 
-35.375, -74.375, 4.596666002234562e-24, nan 
-35.125, -74.375, 4.917880579371573e-24, nan 
-34.875, -74.375, 4.848271309477546e-24, nan 
-34.625, -74.375, 5.234303265337641e-24, nan 
-34.375, -74.375, 5.980969218373746e-24, nan 
-34.125, -74.375, 8.956201246346335e-24, nan 
-33.875, -74.375, 8.750983000130404e-24, nan 
-33.625, -74.375, 7.176467887551934e-24, nan 
-33.375, -74.375, 1.1703204128660328e-23, nan 
-33.125, -74.375, 1.2502300310023116e-23, nan 
-32.875, -74.375, 8.936101386649558e-24, nan 
-32.625, -74.375, 7.717087719725392e-24, nan 
-32.375, -74.375, 1.0275316950840898e-23, nan 
-32.125, -74.375, 6.0955032859637504e-24, nan 
-31.875, -74.375, 5.635674266524385e-24, nan 
-31.625, -74.375, 9.224794309123456e-24, nan 
-31.375, -74.375, 7.647784421511949e-24, nan 
-31.125, -74.375, 1.1668282963517216e-23, nan 
-30.875, -74.375, 7.375447485318538e-24, nan 
-30.625, -74.375, 7.412588932488834e-24, nan 
-30.375, -74.375, 1.5630347581888994e-23, nan 
-30.125, -74.375, 2.3953179776051006e-23, nan 
-29.875, -74.375, 3.9181269270735963e-23, nan 
-29.625, -74.375, 2.993816972538603e-23, nan 
-29.375, -74.375, 3.3101458435614656e-23, nan 
-29.125, -74.375, 3.5221005860380144e-23, nan 
-28.875, -74.375, 1.9483017862962368e-23, nan 
-28.625, -74.375, 1.9095781385126488e-23, nan 
-28.375, -74.375, 2.142708779138154e-23, nan 
-28.125, -74.375, 1.7548896512264806e-23, nan 
-27.875, -74.375, 1.2693280022770416e-23, nan 
-27.625, -74.375, 1.0646128204840865e-23, nan 
-27.375, -74.375, 5.152754173105529e-24, nan 
-27.125, -74.375, 5.007442372082822e-24, nan 
-26.875, -74.375, 1.3728519222121732e-23, nan 
-26.625, -74.375, 1.163557322052695e-23, nan 
-26.375, -74.375, 1.1078662062997371e-23, nan 
-26.125, -74.375, 1.7010085092219467e-23, nan 
-25.875, -74.375, 1.6304875673369786e-23, nan 
-25.625, -74.375, 1.2776208687846092e-23, nan 
-25.375, -74.375, 1.847677117260037e-23, nan 
-25.125, -74.375, 2.2904017290537525e-23, nan 
-24.875, -74.375, 2.3986211648429505e-23, nan 
-24.625, -74.375, 1.5457209020364678e-23, nan 
-24.375, -74.375, 1.8187280146833854e-23, nan 
-24.125, -74.375, 1.7526590937127783e-23, nan 
-23.875, -74.375, 7.691200142762978e-24, nan 
-23.625, -74.375, 2.6191947239358863e-24, nan 
-23.375, -74.375, 2.9147283921499565e-24, nan 
-23.125, -74.375, 1.1325022252180506e-23, nan 
-22.875, -74.375, 1.814682235531016e-23, nan 
-22.625, -74.375, 2.2115568705115444e-24, nan 
-22.375, -74.375, 8.880315589937313e-24, nan 
-22.125, -74.375, 1.6590901128733197e-23, nan 
-21.875, -74.375, 1.076203441258278e-23, nan 
-21.625, -74.375, 1.3560386566393724e-23, nan 
-21.375, -74.375, 2.1505491794070876e-23, nan 
-21.125, -74.375, 1.265332041674179e-23, nan 
-20.875, -74.375, 6.933625791379162e-24, nan 
-20.625, -74.375, 9.235558695557531e-24, nan 
-20.375, -74.375, 1.3531633387186535e-23, nan 
-20.125, -74.375, 3.16350641213332e-24, nan 
-19.875, -74.375, 1.613214999363497e-24, nan 
-19.625, -74.375, 4.882922265273442e-24, nan 
-19.375, -74.375, 2.5849641652980335e-24, nan 
-19.125, -74.375, 7.957306974363668e-24, nan 
-18.875, -74.375, 2.8194489616062007e-24, nan 
-18.625, -74.375, 2.265532301197825e-24, nan 
-18.375, -74.375, 3.1100960890999712e-24, nan 
-18.125, -74.375, 3.55888709569146e-24, nan 
-17.875, -74.375, 6.871770989708645e-24, nan 
-17.625, -74.375, 9.069241396913567e-24, nan 
-17.375, -74.375, 1.2431379492062674e-23, nan 
-17.125, -74.375, 1.0572828632258458e-23, nan 
-16.875, -74.375, 1.1402557731055864e-23, nan 
-16.625, -74.375, 2.2597268544684323e-23, nan 
-16.375, -74.375, 5.4935921238538e-23, nan 
-16.125, -74.375, 5.564252249259862e-23, nan 
-15.875, -74.375, 5.687416912043629e-23, nan 
-15.625, -74.375, 5.601261991725873e-23, nan 
-15.375, -74.375, 3.354332053185667e-23, nan 
-15.125, -74.375, 1.1558761822212821e-23, nan 
-14.875, -74.375, 1.0659840469153654e-23, nan 
-14.625, -74.375, 1.042172885167531e-23, nan 
-14.375, -74.375, 9.316905267361276e-24, nan 
-14.125, -74.375, 8.813055913895502e-24, nan 
-13.875, -74.375, 8.916234905515315e-24, nan 
-13.625, -74.375, 8.963823983747495e-24, nan 
-13.375, -74.375, 7.753413078675804e-24, nan 
-13.125, -74.375, 8.474690230517795e-24, nan 
-12.875, -74.375, 8.87272364665542e-24, nan 
-12.625, -74.375, 8.286433046333599e-24, nan 
-12.375, -74.375, 4.9678461060069065e-24, nan 
-12.125, -74.375, 5.815341248587412e-24, nan 
-11.875, -74.375, 6.984460063962226e-24, nan 
-11.625, -74.375, 9.067691625543347e-24, nan 
-11.375, -74.375, 7.21090649826078e-24, nan 
-11.125, -74.375, 4.036155437758494e-24, nan 
-10.875, -74.375, 5.3929849388482196e-24, nan 
-10.625, -74.375, 5.274820452393006e-24, nan 
-10.375, -74.375, 2.520572484185046e-24, nan 
-10.125, -74.375, 3.529970072636075e-24, nan 
-9.875, -74.375, 7.293948334829914e-24, nan 
-9.625, -74.375, 9.927468890006994e-24, nan 
-9.375, -74.375, 9.968902616923434e-24, nan 
-9.125, -74.375, 1.410870327575648e-23, nan 
-8.875, -74.375, 1.3511343958337623e-23, nan 
-8.625, -74.375, 1.1360568505934048e-23, nan 
-8.375, -74.375, 1.5975156266150806e-23, nan 
-8.125, -74.375, 1.711483888152638e-23, nan 
-7.875, -74.375, 1.4512774663406974e-23, nan 
-7.625, -74.375, 2.0202388608664838e-23, nan 
-7.375, -74.375, 2.0268609733607373e-23, nan 
-7.125, -74.375, 1.388038280010345e-23, nan 
-6.875, -74.375, 1.724957979346827e-23, nan 
-6.625, -74.375, 8.061759964059475e-24, nan 
-6.375, -74.375, 2.1070382718383233e-23, nan 
-6.125, -74.375, 2.4774319712593702e-23, nan 
-5.875, -74.375, 1.1336763248051624e-23, nan 
-5.625, -74.375, 8.866354343428808e-24, nan 
-5.375, -74.375, 2.3094258327888752e-23, nan 
-5.125, -74.375, 3.951983244744705e-23, nan 
-4.875, -74.375, 3.394390125777783e-23, nan 
-4.625, -74.375, 2.185305507759988e-23, nan 
-4.375, -74.375, 3.055359534132103e-23, nan 
-4.125, -74.375, 3.064273205435363e-23, nan 
-3.875, -74.375, 2.6223834535220106e-23, nan 
-3.625, -74.375, 1.8272097648567477e-23, nan 
-3.375, -74.375, 4.699356521741522e-24, nan 
-3.125, -74.375, 5.294170174478156e-24, nan 
-2.875, -74.375, 4.396704055715723e-24, nan 
-2.625, -74.375, 1.8464851214793105e-24, nan 
-2.375, -74.375, 2.5911491094921537e-24, nan 
-2.125, -74.375, 2.2755860998293333e-24, nan 
-1.875, -74.375, 1.736010126648543e-24, nan 
-1.625, -74.375, 2.6043960857430402e-24, nan 
-1.375, -74.375, 2.602867631468502e-24, nan 
-1.125, -74.375, 2.799724528041502e-24, nan 
-0.875, -74.375, 3.5212795409806814e-24, nan 
-0.625, -74.375, 3.478615888750453e-24, nan 
-0.375, -74.375, 2.844188600386714e-24, nan 
-0.125, -74.375, 5.406278509469175e-24, nan 
0.125, -74.375, 6.44737955589869e-24, nan 
0.375, -74.375, 1.5617695539246857e-23, nan 
0.625, -74.375, 2.3328380884653896e-23, nan 
0.875, -74.375, 2.609777636387644e-23, nan 
1.125, -74.375, 2.4385580992562978e-23, nan 
1.375, -74.375, 3.014735126445466e-23, nan 
1.625, -74.375, 3.197885398341895e-23, nan 
1.875, -74.375, 2.4709510325459097e-23, nan 
-41.125, -74.125, 2.3545547699021355e-23, nan 
-40.875, -74.125, 3.154486205124053e-23, nan 
-40.625, -74.125, 3.6440447002676544e-23, nan 
-40.375, -74.125, 2.4221079640046784e-23, nan 
-40.125, -74.125, 1.1516053463667553e-23, nan 
-39.875, -74.125, 1.1340084869483302e-23, nan 
-39.625, -74.125, 1.0155747294304716e-23, nan 
-39.375, -74.125, 9.92391660597216e-24, nan 
-39.125, -74.125, 1.2568267654435763e-23, nan 
-38.875, -74.125, 1.0911416604196116e-23, nan 
-38.625, -74.125, 1.1301276540962278e-23, nan 
-38.375, -74.125, 9.932265805758915e-24, nan 
-38.125, -74.125, 9.589339080058643e-24, nan 
-37.875, -74.125, 1.3207394690186096e-23, nan 
-37.625, -74.125, 1.1473399052330054e-23, nan 
-37.375, -74.125, 1.2440184990216628e-23, nan 
-37.125, -74.125, 1.2788794766734689e-23, nan 
-36.875, -74.125, 1.2004527906873097e-23, nan 
-36.625, -74.125, 1.074558616020992e-23, nan 
-36.375, -74.125, 8.258321512785187e-24, nan 
-36.125, -74.125, 8.758936531862505e-24, nan 
-35.875, -74.125, 7.64124183093255e-24, nan 
-35.625, -74.125, 8.048145020191849e-24, nan 
-35.375, -74.125, 5.723269633955414e-24, nan 
-35.125, -74.125, 5.1493111323164416e-24, nan 
-34.875, -74.125, 7.304616315354544e-24, nan 
-34.625, -74.125, 5.086642125326858e-24, nan 
-34.375, -74.125, 7.766536329858728e-24, nan 
-34.125, -74.125, 1.597352270698137e-23, nan 
-33.875, -74.125, 1.233083633571754e-23, nan 
-33.625, -74.125, 1.2548509721499188e-23, nan 
-33.375, -74.125, 1.755102613209244e-23, nan 
-33.125, -74.125, 1.44458866649094e-23, nan 
-32.875, -74.125, 1.200450054724137e-23, nan 
-32.625, -74.125, 1.2200491925175857e-23, nan 
-32.375, -74.125, 1.5855314488779087e-23, nan 
-32.125, -74.125, 1.0282176060522512e-23, nan 
-31.875, -74.125, 1.3616820931713666e-23, nan 
-31.625, -74.125, 1.5284086108807414e-23, nan 
-31.375, -74.125, 1.1256830699843262e-23, nan 
-31.125, -74.125, 1.4683447958723947e-23, nan 
-30.875, -74.125, 2.5348770852261007e-23, nan 
-30.625, -74.125, 4.3938966728686004e-23, nan 
-30.375, -74.125, 2.4611206972702258e-23, nan 
-30.125, -74.125, 2.822973457457287e-23, nan 
-29.875, -74.125, 6.418876738205573e-23, nan 
-29.625, -74.125, 4.027313624100319e-23, nan 
-29.375, -74.125, 2.899879879022347e-23, nan 
-29.125, -74.125, 4.001888961263211e-23, nan 
-28.875, -74.125, 2.3739377332476515e-23, nan 
-28.625, -74.125, 1.2717983592363027e-23, nan 
-28.375, -74.125, 1.2144218405318782e-23, nan 
-28.125, -74.125, 9.005873439289038e-24, nan 
-27.875, -74.125, 6.714871015074466e-24, nan 
-27.625, -74.125, 5.936041662570907e-24, nan 
-27.375, -74.125, 5.045768641160973e-24, nan 
-27.125, -74.125, 4.973482819668368e-24, nan 
-26.875, -74.125, 4.9724691184990554e-24, nan 
-26.625, -74.125, 1.1622207792911834e-23, nan 
-26.375, -74.125, 2.199826170317572e-23, nan 
-26.125, -74.125, 1.7793126137994323e-23, nan 
-25.875, -74.125, 1.3928557197460585e-23, nan 
-25.625, -74.125, 1.2763671978701515e-23, nan 
-25.375, -74.125, 1.2746589452145626e-23, nan 
-25.125, -74.125, 1.517358626433511e-23, nan 
-24.875, -74.125, 1.593434268837346e-23, nan 
-24.625, -74.125, 4.709983740961241e-24, nan 
-24.375, -74.125, 2.4215489109112352e-24, nan 
-24.125, -74.125, 3.1158465849383054e-24, nan 
-23.875, -74.125, 1.3779298003411116e-23, nan 
-23.625, -74.125, 2.2858445256488847e-23, nan 
-23.375, -74.125, 8.624978469383448e-24, nan 
-23.125, -74.125, 2.311070792571156e-23, nan 
-22.875, -74.125, 3.660989203837169e-23, nan 
-22.625, -74.125, 9.739715480853236e-24, nan 
-22.375, -74.125, 2.1474432553405744e-23, nan 
-22.125, -74.125, 2.655325097108743e-23, nan 
-21.875, -74.125, 1.9425014360760267e-23, nan 
-21.625, -74.125, 1.753490359499217e-23, nan 
-21.375, -74.125, 1.4561101395189384e-23, nan 
-21.125, -74.125, 2.365079115790152e-23, nan 
-20.875, -74.125, 1.3923206892969665e-23, nan 
-20.625, -74.125, 1.3747301863726356e-23, nan 
-20.375, -74.125, 3.0953606997129886e-23, nan 
-20.125, -74.125, 3.009395476797732e-24, nan 
-19.875, -74.125, 1.0801942914321773e-23, nan 
-19.625, -74.125, 1.908264759828239e-23, nan 
-19.375, -74.125, 3.362697088143703e-24, nan 
-19.125, -74.125, 1.3715168136544425e-24, nan 
-18.875, -74.125, 1.8671363436781097e-24, nan 
-18.625, -74.125, 3.5477298025713076e-24, nan 
-18.375, -74.125, 4.27933939175302e-24, nan 
-18.125, -74.125, 5.9946604453872475e-24, nan 
-17.875, -74.125, 5.472830626011728e-24, nan 
-17.625, -74.125, 6.959558320199995e-24, nan 
-17.375, -74.125, 7.67616197883057e-24, nan 
-17.125, -74.125, 9.843698347264541e-24, nan 
-16.875, -74.125, 1.0257758800098323e-23, nan 
-16.625, -74.125, 1.0476533390699771e-23, nan 
-16.375, -74.125, 1.2561078545689262e-23, nan 
-16.125, -74.125, 1.2574871926763558e-23, nan 
-15.875, -74.125, 1.1683414480700101e-23, nan 
-15.625, -74.125, 1.072380956903627e-23, nan 
-15.375, -74.125, 1.1624473973201846e-23, nan 
-15.125, -74.125, 1.01061356729671e-23, nan 
-14.875, -74.125, 9.487961641991061e-24, nan 
-14.625, -74.125, 9.675310893854873e-24, nan 
-14.375, -74.125, 7.943571410752077e-24, nan 
-14.125, -74.125, 8.366162225821037e-24, nan 
-13.875, -74.125, 8.70288083446536e-24, nan 
-13.625, -74.125, 7.99050907168821e-24, nan 
-13.375, -74.125, 5.089890568477109e-24, nan 
-13.125, -74.125, 5.5809686750834806e-24, nan 
-12.875, -74.125, 2.9376024418066533e-24, nan 
-12.625, -74.125, 3.9312644828235364e-24, nan 
-12.375, -74.125, 5.224903411326644e-24, nan 
-12.125, -74.125, 5.902248237781349e-24, nan 
-11.875, -74.125, 7.874359267447762e-24, nan 
-11.625, -74.125, 9.937884330207189e-24, nan 
-11.375, -74.125, 6.065810838214028e-24, nan 
-11.125, -74.125, 3.1043107657774057e-24, nan 
-10.875, -74.125, 4.050388770104811e-24, nan 
-10.625, -74.125, 2.6095841082943374e-24, nan 
-10.375, -74.125, 3.995826536654177e-24, nan 
-10.125, -74.125, 5.9287321799286816e-24, nan 
-9.875, -74.125, 4.3944574370921336e-24, nan 
-9.625, -74.125, 6.054137586085979e-24, nan 
-9.375, -74.125, 7.349499099873866e-24, nan 
-9.125, -74.125, 1.3865976446389543e-23, nan 
-8.875, -74.125, 1.429960582640356e-23, nan 
-8.625, -74.125, 3.860987170514034e-24, nan 
-8.375, -74.125, 8.667763883333584e-24, nan 
-8.125, -74.125, 1.0997478542897855e-23, nan 
-7.875, -74.125, 8.379642449488336e-24, nan 
-7.625, -74.125, 1.8915889709969478e-23, nan 
-7.375, -74.125, 1.0747888729408055e-23, nan 
-7.125, -74.125, 8.561236739053987e-24, nan 
-6.875, -74.125, 3.1413651637607186e-23, nan 
-6.625, -74.125, 8.54835759069713e-24, nan 
-6.375, -74.125, 1.636586572999965e-23, nan 
-6.125, -74.125, 2.5226498280873807e-23, nan 
-5.875, -74.125, 1.526325875788977e-23, nan 
-5.625, -74.125, 2.472941447490797e-23, nan 
-5.375, -74.125, 2.419089913309124e-23, nan 
-5.125, -74.125, 3.595606928309882e-23, nan 
-4.875, -74.125, 5.677279773118209e-23, nan 
-4.625, -74.125, 5.569374953807675e-23, nan 
-4.375, -74.125, 3.752967739230228e-23, nan 
-4.125, -74.125, 4.574855168254009e-23, nan 
-3.875, -74.125, 5.854252285975304e-23, nan 
-3.625, -74.125, 4.5772049342372015e-23, nan 
-3.375, -74.125, 2.706005773156797e-23, nan 
-3.125, -74.125, 3.5554877472717313e-23, nan 
-2.875, -74.125, 2.766788563044975e-23, nan 
-2.625, -74.125, 2.5615036597332192e-24, nan 
-2.375, -74.125, 5.573875685077721e-24, nan 
-2.125, -74.125, 4.9751465374848294e-24, nan 
-1.875, -74.125, 2.892773604198814e-24, nan 
-1.625, -74.125, 1.6826837888195223e-24, nan 
-1.375, -74.125, 1.8577695246028502e-24, nan 
-1.125, -74.125, 2.616414835623488e-24, nan 
-0.875, -74.125, 2.3047668898927807e-24, nan 
-0.625, -74.125, 2.8249971134539664e-24, nan 
-0.375, -74.125, 3.36029978067976e-24, nan 
-0.125, -74.125, 4.042412918437049e-24, nan 
0.125, -74.125, 4.316034618160678e-24, nan 
0.375, -74.125, 5.420082957432795e-24, nan 
0.625, -74.125, 1.0181530544858613e-23, nan 
0.875, -74.125, 1.1067063309985936e-23, nan 
1.125, -74.125, 1.5107410333163855e-23, nan 
1.375, -74.125, 2.197909466313895e-23, nan 
1.625, -74.125, 3.2282601248347523e-23, nan 
1.875, -74.125, 2.8616323728118573e-23, nan 
2.125, -74.125, 3.341545958485163e-23, nan 
-40.625, -73.875, 1.7011702405871287e-23, nan 
-40.375, -73.875, 1.185852217106033e-23, nan 
-40.125, -73.875, 9.600312882948695e-24, nan 
-39.875, -73.875, 1.5276154698288705e-23, nan 
-39.625, -73.875, 1.4215638363667258e-23, nan 
-39.375, -73.875, 8.574460602011323e-24, nan 
-39.125, -73.875, 9.279081366456822e-24, nan 
-38.875, -73.875, 9.090905871113363e-24, nan 
-38.625, -73.875, 5.863699494071582e-24, nan 
-38.375, -73.875, 7.432375629096468e-24, nan 
-38.125, -73.875, 9.754593930028545e-24, nan 
-37.875, -73.875, 1.0038221378778042e-23, nan 
-37.625, -73.875, 1.1577398353763204e-23, nan 
-37.375, -73.875, 1.2978365318860892e-23, nan 
-37.125, -73.875, 1.328668697242876e-23, nan 
-36.875, -73.875, 1.2202218405917375e-23, nan 
-36.625, -73.875, 1.2354268785502481e-23, nan 
-36.375, -73.875, 1.1382197441603098e-23, nan 
-36.125, -73.875, 9.828233265558652e-24, nan 
-35.875, -73.875, 9.710501855533251e-24, nan 
-35.625, -73.875, 9.092954417550137e-24, nan 
-35.375, -73.875, 6.964498498207691e-24, nan 
-35.125, -73.875, 5.267896411914413e-24, nan 
-34.875, -73.875, 5.0327848996795284e-24, nan 
-34.625, -73.875, 5.3871725423235445e-24, nan 
-34.375, -73.875, 1.0661664863142017e-23, nan 
-34.125, -73.875, 1.2919939012559876e-23, nan 
-33.875, -73.875, 9.244082368513921e-24, nan 
-33.625, -73.875, 1.0676644333056515e-23, nan 
-33.375, -73.875, 1.3328631836113213e-23, nan 
-33.125, -73.875, 9.12241769549358e-24, nan 
-32.875, -73.875, 1.328673471595209e-23, nan 
-32.625, -73.875, 1.9880518001742748e-23, nan 
-32.375, -73.875, 1.4835156952065025e-23, nan 
-32.125, -73.875, 1.70498589682323e-23, nan 
-31.875, -73.875, 2.1530374517089346e-23, nan 
-31.625, -73.875, 1.9170669102757486e-23, nan 
-31.375, -73.875, 1.625514989556164e-23, nan 
-31.125, -73.875, 1.6407113916427975e-23, nan 
-30.875, -73.875, 1.9831958178313586e-23, nan 
-30.625, -73.875, 2.066518140221727e-23, nan 
-30.375, -73.875, 1.722462065147046e-23, nan 
-30.125, -73.875, 7.36632699403986e-24, nan 
-29.875, -73.875, 1.8580785285091133e-23, nan 
-29.625, -73.875, 2.6316383004536296e-23, nan 
-29.375, -73.875, 2.2368135056482054e-23, nan 
-29.125, -73.875, 3.195283337829841e-23, nan 
-28.875, -73.875, 2.6561332762218513e-23, nan 
-28.625, -73.875, 2.5777135247878953e-23, nan 
-28.375, -73.875, 2.600188612368761e-23, nan 
-28.125, -73.875, 1.448443443135639e-23, nan 
-27.875, -73.875, 7.848670928467226e-24, nan 
-27.625, -73.875, 1.1782961000335783e-23, nan 
-27.375, -73.875, 1.5997704263087647e-23, nan 
-27.125, -73.875, 2.3624185719716363e-23, nan 
-26.875, -73.875, 1.465451204327233e-23, nan 
-26.625, -73.875, 1.8245805681102916e-23, nan 
-26.375, -73.875, 3.986890901914928e-23, nan 
-26.125, -73.875, 2.9870238742252686e-23, nan 
-25.875, -73.875, 2.1307991766278632e-23, nan 
-25.625, -73.875, 2.955008384879431e-23, nan 
-25.375, -73.875, 1.846911669967066e-23, nan 
-25.125, -73.875, 2.141236876149597e-23, nan 
-24.875, -73.875, 2.983463833570139e-23, nan 
-24.625, -73.875, 9.094418125094988e-24, nan 
-24.375, -73.875, 1.0114468377417775e-23, nan 
-24.125, -73.875, 1.9527290179628513e-23, nan 
-23.875, -73.875, 9.988073152032783e-24, nan 
-23.625, -73.875, 5.2417958418911835e-24, nan 
-23.375, -73.875, 1.506188074526908e-23, nan 
-23.125, -73.875, 2.4651280419584028e-23, nan 
-22.875, -73.875, 2.89291351204353e-23, nan 
-22.625, -73.875, 2.0608969477414396e-23, nan 
-22.375, -73.875, 3.2726821606375533e-23, nan 
-22.125, -73.875, 3.3334711021096216e-23, nan 
-21.875, -73.875, 2.821462192938758e-23, nan 
-21.625, -73.875, 2.147631808508568e-23, nan 
-21.375, -73.875, 2.1509537223171814e-23, nan 
-21.125, -73.875, 2.396923964132306e-23, nan 
-20.875, -73.875, 2.6081318206655237e-23, nan 
-20.625, -73.875, 1.6829809679001183e-23, nan 
-20.375, -73.875, 1.933738680987842e-23, nan 
-20.125, -73.875, 1.631048553114156e-23, nan 
-19.875, -73.875, 3.261923152415529e-24, nan 
-19.625, -73.875, 4.5251435844997694e-24, nan 
-19.375, -73.875, 3.0346583838852345e-24, nan 
-19.125, -73.875, 3.051230618725711e-24, nan 
-18.875, -73.875, 4.7216047575035796e-24, nan 
-18.625, -73.875, 3.2345836373850027e-24, nan 
-18.375, -73.875, 3.1696115077641636e-24, nan 
-18.125, -73.875, 5.66103911381195e-24, nan 
-17.875, -73.875, 6.306429648715144e-24, nan 
-17.625, -73.875, 5.606506983313309e-24, nan 
-17.375, -73.875, 5.981608364047726e-24, nan 
-17.125, -73.875, 9.54810184992314e-24, nan 
-16.875, -73.875, 8.533454406897489e-24, nan 
-16.625, -73.875, 1.2479425562239981e-23, nan 
-16.375, -73.875, 1.3081330043835206e-23, nan 
-16.125, -73.875, 1.3160629126505978e-23, nan 
-15.875, -73.875, 9.895383162623089e-24, nan 
-15.625, -73.875, 9.342687409475526e-24, nan 
-15.375, -73.875, 8.00534746446781e-24, nan 
-15.125, -73.875, 7.256500156143078e-24, nan 
-14.875, -73.875, 7.909171021192193e-24, nan 
-14.625, -73.875, 5.299299867789026e-24, nan 
-14.375, -73.875, 6.935471153596216e-24, nan 
-14.125, -73.875, 8.516730442859689e-24, nan 
-13.875, -73.875, 7.293099078237072e-24, nan 
-13.625, -73.875, 5.018167940305309e-24, nan 
-13.375, -73.875, 2.0096989703702152e-23, nan 
-13.125, -73.875, 2.170785382862146e-23, nan 
-12.875, -73.875, 6.345342129344743e-24, nan 
-12.625, -73.875, 2.2730113339271032e-23, nan 
-12.375, -73.875, 1.4068922739613506e-23, nan 
-12.125, -73.875, 5.791334030715149e-24, nan 
-11.875, -73.875, 3.69120104954398e-24, nan 
-11.625, -73.875, 3.574003869274181e-24, nan 
-11.375, -73.875, 2.4312266184287523e-24, nan 
-11.125, -73.875, 1.5733900796575431e-24, nan 
-10.875, -73.875, 2.0483573437510344e-24, nan 
-10.625, -73.875, 3.1774442100985485e-24, nan 
-10.375, -73.875, 5.164519412044618e-24, nan 
-10.125, -73.875, 7.002698900402578e-24, nan 
-9.875, -73.875, 2.0193613701027424e-23, nan 
-9.625, -73.875, 1.9922314917941043e-23, nan 
-9.375, -73.875, 7.404631692213492e-24, nan 
-9.125, -73.875, 3.212640646775967e-23, nan 
-8.875, -73.875, 4.134914274538437e-23, nan 
-8.625, -73.875, 1.4932560640935627e-23, nan 
-8.375, -73.875, 2.318394064399391e-23, nan 
-8.125, -73.875, 2.722802887120105e-23, nan 
-7.875, -73.875, 1.3793173336171793e-23, nan 
-7.625, -73.875, 2.0121716729870784e-23, nan 
-7.375, -73.875, 1.1243946046822105e-23, nan 
-7.125, -73.875, 1.822385804989857e-23, nan 
-6.875, -73.875, 2.2236786658193372e-23, nan 
-6.625, -73.875, 1.400365314169373e-23, nan 
-6.375, -73.875, 3.1494513445830805e-23, nan 
-6.125, -73.875, 1.1351563463526047e-23, nan 
-5.875, -73.875, 4.014236094992004e-23, nan 
-5.625, -73.875, 6.085293702840665e-23, nan 
-5.375, -73.875, 4.1859848954707024e-23, nan 
-5.125, -73.875, 4.210197193793785e-23, nan 
-4.875, -73.875, 9.425127546022396e-23, nan 
-4.625, -73.875, 9.163065524035899e-23, nan 
-4.375, -73.875, 5.577436780941196e-23, nan 
-4.125, -73.875, 5.680754113725196e-23, nan 
-3.875, -73.875, 6.068588850628497e-23, nan 
-3.625, -73.875, 4.3402732238588715e-23, nan 
-3.375, -73.875, 2.708607634861488e-24, nan 
-3.125, -73.875, 5.889038257534233e-24, nan 
-2.875, -73.875, 4.255970378022627e-24, nan 
-2.625, -73.875, 2.1434092079247162e-24, nan 
-2.375, -73.875, 3.4355093880808116e-24, nan 
-2.125, -73.875, 4.4715760668486936e-24, nan 
-1.875, -73.875, 3.1749199167665274e-24, nan 
-1.625, -73.875, 4.3151061387020626e-24, nan 
-1.375, -73.875, 5.0393767428492566e-24, nan 
-1.125, -73.875, 4.4126144731036676e-24, nan 
-0.875, -73.875, 3.964160066377219e-24, nan 
-0.625, -73.875, 3.555685557224391e-24, nan 
-0.375, -73.875, 4.1314592674565856e-24, nan 
-0.125, -73.875, 3.957921320027035e-24, nan 
0.125, -73.875, 3.925477485554613e-24, nan 
0.375, -73.875, 4.549199859183584e-24, nan 
0.625, -73.875, 4.990264158791376e-24, nan 
0.875, -73.875, 6.620869712245068e-24, nan 
1.125, -73.875, 7.997863818786806e-24, nan 
1.375, -73.875, 9.270435205121776e-24, nan 
1.625, -73.875, 1.0461029656910374e-23, nan 
1.875, -73.875, 1.3593873563594562e-23, nan 
2.125, -73.875, 2.2685356425009954e-23, nan 
2.375, -73.875, 3.83781826888605e-23, nan 
-40.375, -73.625, 8.047189154055322e-24, nan 
-40.125, -73.625, 1.037355532275661e-23, nan 
-39.875, -73.625, 1.1000069380680163e-23, nan 
-39.625, -73.625, 1.0409594855206719e-23, nan 
-39.375, -73.625, 7.729906123795384e-24, nan 
-39.125, -73.625, 5.4901731668263126e-24, nan 
-38.875, -73.625, 4.026255251078574e-24, nan 
-38.625, -73.625, 5.9795637347587496e-24, nan 
-38.375, -73.625, 9.43734295147562e-24, nan 
-38.125, -73.625, 8.803028345785239e-24, nan 
-37.875, -73.625, 9.477822176157308e-24, nan 
-37.625, -73.625, 9.985011591101727e-24, nan 
-37.375, -73.625, 1.0613176147411119e-23, nan 
-37.125, -73.625, 1.1886275078538506e-23, nan 
-36.875, -73.625, 1.1190550292259521e-23, nan 
-36.625, -73.625, 1.25295751803723e-23, nan 
-36.375, -73.625, 1.128392559775562e-23, nan 
-36.125, -73.625, 1.2277866422823333e-23, nan 
-35.875, -73.625, 1.3207917447251697e-23, nan 
-35.625, -73.625, 1.0004351553738517e-23, nan 
-35.375, -73.625, 1.1102153868970344e-23, nan 
-35.125, -73.625, 1.1030553511206752e-23, nan 
-34.875, -73.625, 1.2358775811364458e-23, nan 
-34.625, -73.625, 1.1571962287943024e-23, nan 
-34.375, -73.625, 1.1341393023832823e-23, nan 
-34.125, -73.625, 1.177959210051073e-23, nan 
-33.875, -73.625, 8.87846233376764e-24, nan 
-33.625, -73.625, 6.5479156580416596e-24, nan 
-33.375, -73.625, 6.673806563125998e-24, nan 
-33.125, -73.625, 9.994799180077129e-24, nan 
-32.875, -73.625, 7.127871177010963e-24, nan 
-32.625, -73.625, 1.1890973795454431e-23, nan 
-32.375, -73.625, 2.3033536968866738e-23, nan 
-32.125, -73.625, 2.2982262416756185e-23, nan 
-31.875, -73.625, 2.040914263804356e-23, nan 
-31.625, -73.625, 2.692279119390789e-23, nan 
-31.375, -73.625, 2.739396298291335e-23, nan 
-31.125, -73.625, 2.2438772860438222e-23, nan 
-30.875, -73.625, 2.1361639809672727e-23, nan 
-30.625, -73.625, 2.0496653940557866e-23, nan 
-30.375, -73.625, 2.118549818313552e-23, nan 
-30.125, -73.625, 2.2339596084974582e-23, nan 
-29.875, -73.625, 3.283223085529782e-23, nan 
-29.625, -73.625, 3.09967829581777e-23, nan 
-29.375, -73.625, 3.2898094315396054e-23, nan 
-29.125, -73.625, 3.694541512150689e-23, nan 
-28.875, -73.625, 3.006334183335061e-23, nan 
-28.625, -73.625, 4.0755299561699977e-23, nan 
-28.375, -73.625, 2.192792335943244e-23, nan 
-28.125, -73.625, 1.250369049631518e-23, nan 
-27.875, -73.625, 2.1191438705255793e-23, nan 
-27.625, -73.625, 2.111642964418437e-23, nan 
-27.375, -73.625, 1.93835288664766e-23, nan 
-27.125, -73.625, 1.6654260163861683e-23, nan 
-26.875, -73.625, 1.6758513657252545e-23, nan 
-26.625, -73.625, 1.692100996464208e-23, nan 
-26.375, -73.625, 1.811988512370801e-23, nan 
-26.125, -73.625, 1.337272198922664e-23, nan 
-25.875, -73.625, 1.327331026186469e-23, nan 
-25.625, -73.625, 8.396934050786912e-24, nan 
-25.375, -73.625, 3.6216968501311535e-24, nan 
-25.125, -73.625, 1.3343198577788378e-23, nan 
-24.875, -73.625, 1.207472538490823e-23, nan 
-24.625, -73.625, 4.042303037166499e-24, nan 
-24.375, -73.625, 7.581918835956835e-24, nan 
-24.125, -73.625, 1.0311663255489243e-23, nan 
-23.875, -73.625, 9.155805293512419e-24, nan 
-23.625, -73.625, 9.36239625522953e-24, nan 
-23.375, -73.625, 7.052120044960359e-24, nan 
-23.125, -73.625, 7.434156419724094e-24, nan 
-22.875, -73.625, 9.864873928679418e-24, nan 
-22.625, -73.625, 1.1240097430997328e-23, nan 
-22.375, -73.625, 1.7807999129922706e-23, nan 
-22.125, -73.625, 1.7316562080975792e-23, nan 
-21.875, -73.625, 1.835596068279006e-23, nan 
-21.625, -73.625, 1.7597580007717572e-23, nan 
-21.375, -73.625, 1.5372432848319058e-23, nan 
-21.125, -73.625, 1.425607560770601e-23, nan 
-20.875, -73.625, 1.635835757483376e-23, nan 
-20.625, -73.625, 4.6274240597578085e-24, nan 
-20.375, -73.625, 3.591745240122207e-24, nan 
-20.125, -73.625, 4.91371320587094e-24, nan 
-19.875, -73.625, 6.519879654157381e-24, nan 
-19.625, -73.625, 4.786361116373482e-24, nan 
-19.375, -73.625, 3.444169869893604e-24, nan 
-19.125, -73.625, 3.476406498930301e-24, nan 
-18.875, -73.625, 3.083072326257766e-24, nan 
-18.625, -73.625, 6.960139482857549e-25, nan 
-18.375, -73.625, 1.2781638571746016e-24, nan 
-18.125, -73.625, 3.592130763475188e-24, nan 
-17.875, -73.625, 3.372694083680392e-24, nan 
-17.625, -73.625, 4.803853100865512e-24, nan 
-17.375, -73.625, 1.4804548589093297e-23, nan 
-17.125, -73.625, 1.386773777951557e-23, nan 
-16.875, -73.625, 1.6395346335848875e-23, nan 
-16.625, -73.625, 1.473554114652255e-23, nan 
-16.375, -73.625, 1.0333792590457355e-23, nan 
-16.125, -73.625, 1.9203509160257778e-23, nan 
-15.875, -73.625, 2.227239205947832e-23, nan 
-15.625, -73.625, 6.102616499033619e-24, nan 
-15.375, -73.625, 7.258643060716515e-24, nan 
-15.125, -73.625, 8.264131768036505e-24, nan 
-14.875, -73.625, 7.97627924612058e-24, nan 
-14.625, -73.625, 8.564385506702085e-24, nan 
-14.375, -73.625, 8.802097310168975e-24, nan 
-14.125, -73.625, 2.563041033380713e-23, nan 
-13.875, -73.625, 2.5878170909336654e-23, nan 
-13.625, -73.625, 1.7678481759552636e-23, nan 
-13.375, -73.625, 3.226982462946062e-23, nan 
-13.125, -73.625, 3.539707980155102e-23, nan 
-12.875, -73.625, 1.9359960950983973e-23, nan 
-12.625, -73.625, 3.681767525638564e-23, nan 
-12.375, -73.625, 2.7758861521610705e-23, nan 
-12.125, -73.625, 1.0706940823729092e-23, nan 
-11.875, -73.625, 2.88637203307559e-23, nan 
-11.625, -73.625, 2.0004101645709782e-23, nan 
-11.375, -73.625, 8.180395631613779e-24, nan 
-11.125, -73.625, 2.6961194843994237e-24, nan 
-10.875, -73.625, 2.3246199599157526e-24, nan 
-10.625, -73.625, 2.984214146701442e-24, nan 
-10.375, -73.625, 1.1656884872981258e-23, nan 
-10.125, -73.625, 9.162207632756183e-24, nan 
-9.875, -73.625, 6.1760051011668986e-24, nan 
-9.625, -73.625, 1.783671825673532e-23, nan 
-9.375, -73.625, 1.5733908348262924e-23, nan 
-9.125, -73.625, 2.1154214146824892e-23, nan 
-8.875, -73.625, 2.785524015858012e-23, nan 
-8.625, -73.625, 2.2244530962244396e-23, nan 
-8.375, -73.625, 3.350201161445101e-23, nan 
-8.125, -73.625, 2.8586238197271515e-23, nan 
-7.875, -73.625, 2.451475690739796e-23, nan 
-7.625, -73.625, 2.812703230461638e-23, nan 
-7.375, -73.625, 8.874563120192971e-24, nan 
-7.125, -73.625, 6.634269746487866e-24, nan 
-6.875, -73.625, 2.698314362159151e-23, nan 
-6.625, -73.625, 3.406488989861982e-23, nan 
-6.375, -73.625, 3.3930196649141716e-23, nan 
-6.125, -73.625, 3.392572881074769e-23, nan 
-5.875, -73.625, 5.161192458145937e-23, nan 
-5.625, -73.625, 5.2456954716065765e-23, nan 
-5.375, -73.625, 1.723502230150687e-23, nan 
-5.125, -73.625, 3.0503601370647535e-23, nan 
-4.875, -73.625, 5.130992600878307e-23, nan 
-4.625, -73.625, 4.647150039069841e-23, nan 
-4.375, -73.625, 3.681091391185016e-23, nan 
-4.125, -73.625, 5.927474465915368e-24, nan 
-3.875, -73.625, 6.1381421323515926e-24, nan 
-3.625, -73.625, 3.741897315841374e-24, nan 
-3.375, -73.625, 6.025328363859876e-24, nan 
-3.125, -73.625, 1.2512844552858532e-23, nan 
-2.875, -73.625, 8.9707323378333e-24, nan 
-2.625, -73.625, 7.450039706665945e-24, nan 
-2.375, -73.625, 1.070978918590939e-23, nan 
-2.125, -73.625, 1.0024004990811317e-23, nan 
-1.875, -73.625, 7.166926290756835e-24, nan 
-1.625, -73.625, 4.989204223039152e-24, nan 
-1.375, -73.625, 5.626326023925022e-24, nan 
-1.125, -73.625, 5.108293856349673e-24, nan 
-0.875, -73.625, 3.842682282088011e-24, nan 
-0.625, -73.625, 3.53156270317044e-24, nan 
-0.375, -73.625, 3.671818761794277e-24, nan 
-0.125, -73.625, 4.680965398277777e-24, nan 
0.125, -73.625, 4.553390470229962e-24, nan 
0.375, -73.625, 5.5403861992086e-24, nan 
0.625, -73.625, 5.288636333886217e-24, nan 
0.875, -73.625, 5.658469367409072e-24, nan 
1.125, -73.625, 7.385738559965186e-24, nan 
1.375, -73.625, 9.849832900978072e-24, nan 
1.625, -73.625, 6.845524777127735e-24, nan 
1.875, -73.625, 7.529376437244771e-24, nan 
2.125, -73.625, 1.054052736870408e-23, nan 
2.375, -73.625, 1.8813671022439078e-23, nan 
2.625, -73.625, 2.7674413708359016e-23, nan 
-39.875, -73.375, 5.83849519029733e-24, nan 
-39.625, -73.375, 7.168547417721317e-24, nan 
-39.375, -73.375, 6.91867099819715e-24, nan 
-39.125, -73.375, 6.4767843873722724e-24, nan 
-38.875, -73.375, 4.320701455375684e-24, nan 
-38.625, -73.375, 8.850842084004865e-24, nan 
-38.375, -73.375, 1.4473756177810998e-23, nan 
-38.125, -73.375, 1.513290768217278e-23, nan 
-37.875, -73.375, 1.1740960784038442e-23, nan 
-37.625, -73.375, 1.478006716877467e-23, nan 
-37.375, -73.375, 1.559015827755183e-23, nan 
-37.125, -73.375, 9.762598185051531e-24, nan 
-36.875, -73.375, 1.1245279448326985e-23, nan 
-36.625, -73.375, 1.1168591842422624e-23, nan 
-36.375, -73.375, 1.5365947431242e-23, nan 
-36.125, -73.375, 1.7483697064254378e-23, nan 
-35.875, -73.375, 1.8818584077350447e-23, nan 
-35.625, -73.375, 2.1267370831201544e-23, nan 
-35.375, -73.375, 2.0973616147552974e-23, nan 
-35.125, -73.375, 2.144966254823273e-23, nan 
-34.875, -73.375, 2.0000847577834954e-23, nan 
-34.625, -73.375, 1.9530355097441954e-23, nan 
-34.375, -73.375, 1.4842302077740876e-23, nan 
-34.125, -73.375, 2.3606318040503855e-23, nan 
-33.875, -73.375, 4.6851391464087773e-23, nan 
-33.625, -73.375, 4.452424403418678e-23, nan 
-33.375, -73.375, 3.209407013239981e-23, nan 
-33.125, -73.375, 3.2079507422051796e-23, nan 
-32.875, -73.375, 3.781865923871789e-23, nan 
-32.625, -73.375, 2.7927287973610294e-23, nan 
-32.375, -73.375, 4.328759960701053e-23, nan 
-32.125, -73.375, 3.1664083244005327e-23, nan 
-31.875, -73.375, 4.401317335563107e-23, nan 
-31.625, -73.375, 1.4700359824435237e-23, nan 
-31.375, -73.375, 2.033162811472131e-23, nan 
-31.125, -73.375, 2.0002829679444796e-23, nan 
-30.875, -73.375, 2.2469047552591708e-23, nan 
-30.625, -73.375, 2.59386013350165e-23, nan 
-30.375, -73.375, 2.312241474345829e-23, nan 
-30.125, -73.375, 2.3790733741258435e-23, nan 
-29.875, -73.375, 2.2357404373420703e-23, nan 
-29.625, -73.375, 2.1364740649889832e-23, nan 
-29.375, -73.375, 1.1047372344035036e-23, nan 
-29.125, -73.375, 1.4311723424812332e-23, nan 
-28.875, -73.375, 1.986270219060716e-23, nan 
-28.625, -73.375, 2.210737252381382e-23, nan 
-28.375, -73.375, 1.9028360979865338e-23, nan 
-28.125, -73.375, 1.5803039834870182e-23, nan 
-27.875, -73.375, 1.558517107510972e-23, nan 
-27.625, -73.375, 1.7413320989038885e-23, nan 
-27.375, -73.375, 1.5722526221506747e-23, nan 
-27.125, -73.375, 2.0037539718110036e-23, nan 
-26.875, -73.375, 2.2511350272395584e-23, nan 
-26.625, -73.375, 1.585792948600448e-23, nan 
-26.375, -73.375, 1.3289280961571976e-23, nan 
-26.125, -73.375, 1.6410284832909595e-23, nan 
-25.875, -73.375, 1.115451476114019e-23, nan 
-25.625, -73.375, 7.268235259897692e-24, nan 
-25.375, -73.375, 9.262353691653485e-24, nan 
-25.125, -73.375, 9.57817681206257e-24, nan 
-24.875, -73.375, 1.1218696832133832e-23, nan 
-24.625, -73.375, 1.0782435077515541e-23, nan 
-24.375, -73.375, 8.472658095523694e-24, nan 
-24.125, -73.375, 1.4279758331302094e-23, nan 
-23.875, -73.375, 1.037397638232584e-23, nan 
-23.625, -73.375, 1.335279174855713e-23, nan 
-23.375, -73.375, 1.6988955767789355e-23, nan 
-23.125, -73.375, 1.612171236546394e-23, nan 
-22.875, -73.375, 1.6044507390934055e-23, nan 
-22.625, -73.375, 1.3485323106715334e-23, nan 
-22.375, -73.375, 2.0697993100677492e-23, nan 
-22.125, -73.375, 1.9132725086670943e-23, nan 
-21.875, -73.375, 1.4893593089718197e-23, nan 
-21.625, -73.375, 9.904344280709283e-24, nan 
-21.375, -73.375, 1.0202471106120757e-23, nan 
-21.125, -73.375, 1.2216697792011177e-23, nan 
-20.875, -73.375, 1.0500000735019883e-23, nan 
-20.625, -73.375, 1.0751811893811708e-23, nan 
-20.375, -73.375, 9.713800422074089e-24, nan 
-20.125, -73.375, 1.601173200743215e-23, nan 
-19.875, -73.375, 1.7951814182776362e-23, nan 
-19.625, -73.375, 1.1501105287628477e-23, nan 
-19.375, -73.375, 1.0857328947872468e-23, nan 
-19.125, -73.375, 1.0157602059192696e-23, nan 
-18.875, -73.375, 8.319911927647593e-24, nan 
-18.625, -73.375, 4.534677615873804e-24, nan 
-18.375, -73.375, 5.937363941500794e-24, nan 
-18.125, -73.375, 8.994656867116812e-24, nan 
-17.875, -73.375, 1.1391900317334529e-23, nan 
-17.625, -73.375, 1.5133140690046186e-23, nan 
-17.375, -73.375, 1.2833387768674086e-23, nan 
-17.125, -73.375, 2.428114684713239e-23, nan 
-16.875, -73.375, 3.9329391487370917e-23, nan 
-16.625, -73.375, 3.849262442837739e-23, nan 
-16.375, -73.375, 4.3075621098880186e-23, nan 
-16.125, -73.375, 5.819595531670968e-23, nan 
-15.875, -73.375, 5.951468376412506e-23, nan 
-15.625, -73.375, 5.941230429729837e-23, nan 
-15.375, -73.375, 3.083571313896953e-23, nan 
-15.125, -73.375, 3.257720283041514e-23, nan 
-14.875, -73.375, 1.255819264044688e-23, nan 
-14.625, -73.375, 1.721480951813619e-23, nan 
-14.375, -73.375, 2.931996999317719e-23, nan 
-14.125, -73.375, 2.62757996636519e-23, nan 
-13.875, -73.375, 2.5972817629123165e-23, nan 
-13.625, -73.375, 3.943722501770938e-23, nan 
-13.375, -73.375, 3.190443985543115e-23, nan 
-13.125, -73.375, 3.6379769527011426e-23, nan 
-12.875, -73.375, 4.324335093329812e-23, nan 
-12.625, -73.375, 3.62694275962301e-23, nan 
-12.375, -73.375, 2.3608972534943992e-23, nan 
-12.125, -73.375, 2.915564401921727e-23, nan 
-11.875, -73.375, 2.8782685022322004e-23, nan 
-11.625, -73.375, 8.638407324209737e-24, nan 
-11.375, -73.375, 4.197494003988091e-24, nan 
-11.125, -73.375, 6.042620161238035e-24, nan 
-10.875, -73.375, 5.998704902424164e-24, nan 
-10.625, -73.375, 1.7107914904561367e-23, nan 
-10.375, -73.375, 2.296614930938923e-23, nan 
-10.125, -73.375, 2.447640817562616e-23, nan 
-9.875, -73.375, 1.814627088956899e-23, nan 
-9.625, -73.375, 7.179567059691054e-24, nan 
-9.375, -73.375, 1.2688679350152039e-23, nan 
-9.125, -73.375, 2.1495185322335034e-23, nan 
-8.875, -73.375, 2.465144844212292e-23, nan 
-8.625, -73.375, 2.0431018686157416e-23, nan 
-8.375, -73.375, 2.857713783930606e-23, nan 
-8.125, -73.375, 4.5021212877422345e-23, nan 
-7.875, -73.375, 4.1431977938177525e-23, nan 
-7.625, -73.375, 3.72028200206262e-23, nan 
-7.375, -73.375, 3.611507002216583e-23, nan 
-7.125, -73.375, 4.2279728490581865e-23, nan 
-6.875, -73.375, 3.1536224520453075e-23, nan 
-6.625, -73.375, 1.706426009957092e-23, nan 
-6.375, -73.375, 5.924631684635121e-24, nan 
-6.125, -73.375, 1.9729334516814547e-23, nan 
-5.875, -73.375, 2.6392487221767555e-23, nan 
-5.625, -73.375, 2.4938559136780928e-23, nan 
-5.375, -73.375, 9.001031851794346e-24, nan 
-5.125, -73.375, 1.512505723895029e-23, nan 
-4.875, -73.375, 6.590544169897928e-24, nan 
-4.625, -73.375, 6.38962216251652e-24, nan 
-4.375, -73.375, 4.157297544538395e-24, nan 
-4.125, -73.375, 3.681664353047252e-24, nan 
-3.875, -73.375, 3.0433970299333377e-24, nan 
-3.625, -73.375, 3.052914384098438e-24, nan 
-3.375, -73.375, 6.896435608968239e-24, nan 
-3.125, -73.375, 1.115119335948242e-23, nan 
-2.875, -73.375, 1.36577663764307e-23, nan 
-2.625, -73.375, 9.093474077494046e-24, nan 
-2.375, -73.375, 4.060915769563171e-23, nan 
-2.125, -73.375, 5.145309646869988e-23, nan 
-1.875, -73.375, 5.631516628137408e-23, nan 
-1.625, -73.375, 3.1611141483380064e-23, nan 
-1.375, -73.375, 4.272223342067088e-24, nan 
-1.125, -73.375, 2.600247682611383e-24, nan 
-0.875, -73.375, 2.183862470427705e-24, nan 
-0.625, -73.375, 2.4719492539271187e-24, nan 
-0.375, -73.375, 2.1605147595663232e-24, nan 
-0.125, -73.375, 2.2387545668057816e-24, nan 
0.125, -73.375, 2.5040007862308625e-24, nan 
0.375, -73.375, 1.913416456098187e-24, nan 
0.625, -73.375, 4.733149465357637e-24, nan 
0.875, -73.375, 3.6034385938097386e-24, nan 
1.125, -73.375, 6.59424110787221e-24, nan 
1.375, -73.375, 1.2074135451250733e-23, nan 
1.625, -73.375, 5.85647075631955e-24, nan 
1.875, -73.375, 6.4549895081943164e-24, nan 
2.125, -73.375, 9.433279056094521e-24, nan 
2.375, -73.375, 8.428705424664959e-24, nan 
2.625, -73.375, 1.2107209959592057e-23, nan 
2.875, -73.375, 1.572204453828255e-23, nan 
-39.375, -73.125, 8.685905905854393e-24, nan 
-39.125, -73.125, 6.935049102478164e-24, nan 
-38.875, -73.125, 5.9819517573364925e-24, nan 
-38.625, -73.125, 7.458964938728064e-24, nan 
-38.375, -73.125, 1.1591660808492954e-23, nan 
-38.125, -73.125, 1.2894240189507053e-23, nan 
-37.875, -73.125, 1.201629063519811e-23, nan 
-37.625, -73.125, 1.1808695552073326e-23, nan 
-37.375, -73.125, 1.093728902876457e-23, nan 
-37.125, -73.125, 9.145790787631337e-24, nan 
-36.875, -73.125, 8.709445828424428e-24, nan 
-36.625, -73.125, 1.2957388536662789e-23, nan 
-36.375, -73.125, 1.1768921138748587e-23, nan 
-36.125, -73.125, 1.642182974069548e-23, nan 
-35.875, -73.125, 1.700386481019379e-23, nan 
-35.625, -73.125, 1.867967026848243e-23, nan 
-35.375, -73.125, 1.9506983673002334e-23, nan 
-35.125, -73.125, 1.9560734532249914e-23, nan 
-34.875, -73.125, 2.284304882630036e-23, nan 
-34.625, -73.125, 5.227023342721302e-23, nan 
-34.375, -73.125, 6.312613916395739e-23, nan 
-34.125, -73.125, 4.113394786303492e-23, nan 
-33.875, -73.125, 6.237558970788455e-23, nan 
-33.625, -73.125, 6.430769652391824e-23, nan 
-33.375, -73.125, 4.014356622290862e-23, nan 
-33.125, -73.125, 4.062266327688936e-23, nan 
-32.875, -73.125, 4.3326441664519434e-23, nan 
-32.625, -73.125, 3.799949876609449e-23, nan 
-32.375, -73.125, 6.304834095310988e-23, nan 
-32.125, -73.125, 4.60720539724656e-23, nan 
-31.875, -73.125, 5.947584562019358e-23, nan 
-31.625, -73.125, 6.154814727399544e-23, nan 
-31.375, -73.125, 4.585176920566634e-23, nan 
-31.125, -73.125, 5.114274013540855e-23, nan 
-30.875, -73.125, 2.616320426328657e-23, nan 
-30.625, -73.125, 2.501930045059123e-23, nan 
-30.375, -73.125, 1.8454070467141217e-23, nan 
-30.125, -73.125, 1.5952716482208798e-23, nan 
-29.875, -73.125, 1.544308553419573e-23, nan 
-29.625, -73.125, 1.4978559194492214e-23, nan 
-29.375, -73.125, 1.0752271611934801e-23, nan 
-29.125, -73.125, 1.2024753736597044e-23, nan 
-28.875, -73.125, 6.123870809676587e-24, nan 
-28.625, -73.125, 6.940185165850719e-24, nan 
-28.375, -73.125, 6.238930792583527e-24, nan 
-28.125, -73.125, 1.561886676956855e-23, nan 
-27.875, -73.125, 1.374221518686594e-23, nan 
-27.625, -73.125, 1.3425865531371496e-23, nan 
-27.375, -73.125, 1.7689901423689485e-23, nan 
-27.125, -73.125, 1.9421131833511572e-23, nan 
-26.875, -73.125, 1.8929519340760813e-23, nan 
-26.625, -73.125, 1.4972583673948138e-23, nan 
-26.375, -73.125, 1.9047764650246198e-23, nan 
-26.125, -73.125, 2.702350202339309e-23, nan 
-25.875, -73.125, 2.2525727856924078e-23, nan 
-25.625, -73.125, 1.720946565950886e-23, nan 
-25.375, -73.125, 2.3541708195470974e-23, nan 
-25.125, -73.125, 2.1244561985958898e-23, nan 
-24.875, -73.125, 1.3735832164870597e-23, nan 
-24.625, -73.125, 1.40585825391598e-23, nan 
-24.375, -73.125, 1.2574869481913698e-23, nan 
-24.125, -73.125, 9.67006396774613e-24, nan 
-23.875, -73.125, 8.46601182215683e-24, nan 
-23.625, -73.125, 1.3352126841669938e-23, nan 
-23.375, -73.125, 1.5936558292299006e-23, nan 
-23.125, -73.125, 1.2601142025995475e-23, nan 
-22.875, -73.125, 1.560108543661892e-23, nan 
-22.625, -73.125, 1.5037541667459775e-23, nan 
-22.375, -73.125, 2.2757123638504628e-23, nan 
-22.125, -73.125, 2.777283806983647e-23, nan 
-21.875, -73.125, 2.533631160987896e-23, nan 
-21.625, -73.125, 2.0165634051808127e-23, nan 
-21.375, -73.125, 2.6210011105820413e-23, nan 
-21.125, -73.125, 2.4054883210583874e-23, nan 
-20.875, -73.125, 1.3377218824039303e-23, nan 
-20.625, -73.125, 1.2885504837349274e-23, nan 
-20.375, -73.125, 1.1136710254532195e-23, nan 
-20.125, -73.125, 1.33209034959329e-23, nan 
-19.875, -73.125, 1.6882285462471905e-23, nan 
-19.625, -73.125, 1.3369051250845803e-23, nan 
-19.375, -73.125, 1.1756367537518643e-23, nan 
-19.125, -73.125, 1.110007972832352e-23, nan 
-18.875, -73.125, 9.67853220333049e-24, nan 
-18.625, -73.125, 6.92436367437414e-24, nan 
-18.375, -73.125, 7.589440698439496e-24, nan 
-18.125, -73.125, 4.938073354507773e-24, nan 
-17.875, -73.125, 7.702024859153623e-24, nan 
-17.625, -73.125, 1.023954330671323e-23, nan 
-17.375, -73.125, 1.8938439065530857e-23, nan 
-17.125, -73.125, 5.913058719866553e-23, nan 
-16.875, -73.125, 7.660636084656756e-23, nan 
-16.625, -73.125, 6.007241329349185e-23, nan 
-16.375, -73.125, 8.904107770151211e-23, nan 
-16.125, -73.125, 1.16703781515588e-22, nan 
-15.875, -73.125, 1.1399735522556592e-22, nan 
-15.625, -73.125, 1.0765947433350793e-22, nan 
-15.375, -73.125, 5.805817220280166e-23, nan 
-15.125, -73.125, 7.557088789186226e-23, nan 
-14.875, -73.125, 6.97663962277515e-23, nan 
-14.625, -73.125, 2.0556476338376554e-23, nan 
-14.375, -73.125, 1.3880408191172516e-23, nan 
-14.125, -73.125, 1.263478605212238e-23, nan 
-13.875, -73.125, 1.3378442977271374e-23, nan 
-13.625, -73.125, 2.1739928545433232e-23, nan 
-13.375, -73.125, 2.2296044678917105e-23, nan 
-13.125, -73.125, 2.5431729578667077e-23, nan 
-12.875, -73.125, 2.7798539677840595e-23, nan 
-12.625, -73.125, 2.3909271095826828e-23, nan 
-12.375, -73.125, 6.491397981577064e-24, nan 
-12.125, -73.125, 4.464611775256609e-24, nan 
-11.875, -73.125, 4.459360945915711e-24, nan 
-11.625, -73.125, 5.062132328135451e-24, nan 
-11.375, -73.125, 1.6304706726591252e-23, nan 
-11.125, -73.125, 2.1124875086438e-23, nan 
-10.875, -73.125, 1.8805689724188153e-23, nan 
-10.625, -73.125, 2.5402278883950344e-23, nan 
-10.375, -73.125, 3.872414203770193e-23, nan 
-10.125, -73.125, 3.757682620119565e-23, nan 
-9.875, -73.125, 2.5686579774331585e-23, nan 
-9.625, -73.125, 2.439084017191609e-23, nan 
-9.375, -73.125, 2.2092104246075683e-23, nan 
-9.125, -73.125, 2.5815444430048025e-23, nan 
-8.875, -73.125, 2.7495428371631054e-23, nan 
-8.625, -73.125, 3.0684384760770124e-23, nan 
-8.375, -73.125, 1.9636641259125308e-23, nan 
-8.125, -73.125, 2.5127506519103505e-23, nan 
-7.875, -73.125, 3.347272087787518e-23, nan 
-7.625, -73.125, 4.40155010110465e-23, nan 
-7.375, -73.125, 3.8330082415361473e-23, nan 
-7.125, -73.125, 5.168761624958639e-23, nan 
-6.875, -73.125, 6.203656872218944e-23, nan 
-6.625, -73.125, 4.844927074938669e-23, nan 
-6.375, -73.125, 6.273139072346341e-23, nan 
-6.125, -73.125, 5.773514420256699e-23, nan 
-5.875, -73.125, 6.046074939096821e-23, nan 
-5.625, -73.125, 5.0805865410216786e-23, nan 
-5.375, -73.125, 4.8498042818964915e-23, nan 
-5.125, -73.125, 4.870775501122027e-23, nan 
-4.875, -73.125, 4.872998976425085e-23, nan 
-4.625, -73.125, 1.1341236177681727e-23, nan 
-4.375, -73.125, 1.0186227788465794e-23, nan 
-4.125, -73.125, 1.0890736245160305e-23, nan 
-3.875, -73.125, 1.3671551834158932e-23, nan 
-3.625, -73.125, 4.3462414254543366e-23, nan 
-3.375, -73.125, 2.4610777134268132e-23, nan 
-3.125, -73.125, 5.232040959609492e-23, nan 
-2.875, -73.125, 6.722605981921492e-23, nan 
-2.625, -73.125, 8.417744145582403e-23, nan 
-2.375, -73.125, 7.289442514047032e-23, nan 
-2.125, -73.125, 1.0333579804216186e-22, nan 
-1.875, -73.125, 1.140212356043995e-22, nan 
-1.625, -73.125, 6.017929652032512e-23, nan 
-1.375, -73.125, 8.576973055771403e-23, nan 
-1.125, -73.125, 8.29069749973057e-23, nan 
-0.875, -73.125, 4.780057242689235e-23, nan 
-0.625, -73.125, 6.204731187094452e-24, nan 
-0.375, -73.125, 4.505530622975244e-24, nan 
-0.125, -73.125, 3.211490100338646e-24, nan 
0.125, -73.125, 4.503153983649992e-24, nan 
0.375, -73.125, 4.718112988259961e-24, nan 
0.625, -73.125, 2.978729130592338e-24, nan 
0.875, -73.125, 2.336625608617716e-24, nan 
1.125, -73.125, 3.800861710881033e-24, nan 
1.375, -73.125, 4.337361027159618e-24, nan 
1.625, -73.125, 3.6991052480587e-24, nan 
1.875, -73.125, 4.399580742014632e-24, nan 
2.125, -73.125, 4.814532825738728e-24, nan 
2.375, -73.125, 5.031635103679692e-24, nan 
2.625, -73.125, 5.277194821514955e-24, nan 
2.875, -73.125, 7.282212858158076e-24, nan 
3.125, -73.125, 1.4908227598253457e-23, nan 
-39.125, -72.875, 6.968021904628408e-24, nan 
-38.875, -72.875, 1.0493437176945596e-23, nan 
-38.625, -72.875, 1.4625970629443155e-23, nan 
-38.375, -72.875, 1.2535508459336945e-23, nan 
-38.125, -72.875, 1.2331754270486456e-23, nan 
-37.875, -72.875, 1.7324833335981276e-23, nan 
-37.625, -72.875, 1.1055265707837123e-23, nan 
-37.375, -72.875, 1.0172518781579985e-23, nan 
-37.125, -72.875, 1.232532966830268e-23, nan 
-36.875, -72.875, 1.5502473302297687e-23, nan 
-36.625, -72.875, 1.6627045899588775e-23, nan 
-36.375, -72.875, 1.6023607532101018e-23, nan 
-36.125, -72.875, 1.8800136727374674e-23, nan 
-35.875, -72.875, 1.534242578398431e-23, nan 
-35.625, -72.875, 1.674040293220982e-23, nan 
-35.375, -72.875, 3.995333266547675e-23, nan 
-35.125, -72.875, 4.556064050242976e-23, nan 
-34.875, -72.875, 3.56753804566839e-23, nan 
-34.625, -72.875, 5.2192345765159965e-23, nan 
-34.375, -72.875, 6.173360921612132e-23, nan 
-34.125, -72.875, 4.064636755259685e-23, nan 
-33.875, -72.875, 4.6841518979277576e-24, nan 
-33.625, -72.875, 5.806029854904928e-24, nan 
-33.375, -72.875, 1.7566205241982566e-23, nan 
-33.125, -72.875, 1.7527721053940428e-23, nan 
-32.875, -72.875, 9.604316936093198e-24, nan 
-32.625, -72.875, 2.0485090292243902e-23, nan 
-32.375, -72.875, 6.422040088173755e-24, nan 
-32.125, -72.875, 2.580128346017136e-23, nan 
-31.875, -72.875, 1.3084707870494195e-23, nan 
-31.625, -72.875, 4.7344360508519326e-23, nan 
-31.375, -72.875, 4.9785849361007506e-23, nan 
-31.125, -72.875, 4.684327774066123e-23, nan 
-30.875, -72.875, 3.8966344933770303e-23, nan 
-30.625, -72.875, 3.3932748639841874e-23, nan 
-30.375, -72.875, 3.193933083479858e-23, nan 
-30.125, -72.875, 2.838724131024754e-23, nan 
-29.875, -72.875, 9.999699521902195e-24, nan 
-29.625, -72.875, 1.1471209581850995e-23, nan 
-29.375, -72.875, 9.994769303852823e-24, nan 
-29.125, -72.875, 7.2014185128646e-24, nan 
-28.875, -72.875, 7.000205383115715e-24, nan 
-28.625, -72.875, 6.790112104725399e-24, nan 
-28.375, -72.875, 7.142474256687595e-24, nan 
-28.125, -72.875, 8.445404561942224e-24, nan 
-27.875, -72.875, 1.0512808047154193e-23, nan 
-27.625, -72.875, 1.2774288774366385e-23, nan 
-27.375, -72.875, 1.882694494969794e-23, nan 
-27.125, -72.875, 1.1216837990313375e-23, nan 
-26.875, -72.875, 1.341711115704285e-23, nan 
-26.625, -72.875, 2.1876287030418067e-23, nan 
-26.375, -72.875, 1.13878677469496e-23, nan 
-26.125, -72.875, 1.8141452300710263e-23, nan 
-25.875, -72.875, 2.01372033806968e-23, nan 
-25.625, -72.875, 8.814409712507646e-24, nan 
-25.375, -72.875, 9.147963729327502e-24, nan 
-25.125, -72.875, 1.156877312673395e-23, nan 
-24.875, -72.875, 1.3642153007542558e-23, nan 
-24.625, -72.875, 1.3719000732745077e-23, nan 
-24.375, -72.875, 1.2377644563279831e-23, nan 
-24.125, -72.875, 1.292584438230779e-23, nan 
-23.875, -72.875, 1.0788173798679804e-23, nan 
-23.625, -72.875, 9.97212947343694e-24, nan 
-23.375, -72.875, 1.0719701221551047e-23, nan 
-23.125, -72.875, 3.2615595802368847e-24, nan 
-22.875, -72.875, 6.3389559502006626e-24, nan 
-22.625, -72.875, 7.406463054920058e-24, nan 
-22.375, -72.875, 4.9164603685242355e-24, nan 
-22.125, -72.875, 9.348778619937265e-24, nan 
-21.875, -72.875, 2.9858993040210426e-23, nan 
-21.625, -72.875, 3.26021974506766e-23, nan 
-21.375, -72.875, 3.143314415594835e-23, nan 
-21.125, -72.875, 3.097416393507716e-23, nan 
-20.875, -72.875, 3.2830766796210304e-23, nan 
-20.625, -72.875, 3.389607092780815e-23, nan 
-20.375, -72.875, 1.6909760116556367e-23, nan 
-20.125, -72.875, 9.247050956490315e-24, nan 
-19.875, -72.875, 9.213635017100826e-24, nan 
-19.625, -72.875, 9.268102208968065e-24, nan 
-19.375, -72.875, 1.0397143705220403e-23, nan 
-19.125, -72.875, 1.3930764015593184e-23, nan 
-18.875, -72.875, 1.9477255219502983e-23, nan 
-18.625, -72.875, 1.4095976102173962e-23, nan 
-18.375, -72.875, 9.756436363186337e-24, nan 
-18.125, -72.875, 3.9443619884179205e-24, nan 
-17.875, -72.875, 3.533903307197735e-24, nan 
-17.625, -72.875, 5.8006658125639465e-24, nan 
-17.375, -72.875, 4.765522007959545e-24, nan 
-17.125, -72.875, 6.278325396699753e-24, nan 
-16.875, -72.875, 1.0482291004444325e-23, nan 
-16.625, -72.875, 1.9133068894328027e-23, nan 
-16.375, -72.875, 5.327528834244577e-23, nan 
-16.125, -72.875, 6.189598605929287e-23, nan 
-15.875, -72.875, 6.685303880198967e-23, nan 
-15.625, -72.875, 6.428230434137668e-23, nan 
-15.375, -72.875, 1.6876352335893315e-23, nan 
-15.125, -72.875, 1.1977098321810728e-23, nan 
-14.875, -72.875, 1.0854874137101277e-23, nan 
-14.625, -72.875, 1.089596297265079e-23, nan 
-14.375, -72.875, 8.21424158521348e-24, nan 
-14.125, -72.875, 5.1881889656804754e-24, nan 
-13.875, -72.875, 3.5507110160433715e-24, nan 
-13.625, -72.875, 4.4568738025753206e-24, nan 
-13.375, -72.875, 5.785002643873538e-24, nan 
-13.125, -72.875, 5.806772713684459e-24, nan 
-12.875, -72.875, 1.4729188731985925e-23, nan 
-12.625, -72.875, 1.8420950738138764e-23, nan 
-12.375, -72.875, 3.498441424609705e-24, nan 
-12.125, -72.875, 8.886437806404484e-24, nan 
-11.875, -72.875, 1.4880146182463087e-23, nan 
-11.625, -72.875, 1.391524251350645e-23, nan 
-11.375, -72.875, 1.372007615304118e-23, nan 
-11.125, -72.875, 7.418267842318385e-24, nan 
-10.875, -72.875, 2.9566395989449935e-24, nan 
-10.625, -72.875, 1.3031101173681041e-23, nan 
-10.375, -72.875, 1.7358750269652995e-23, nan 
-10.125, -72.875, 1.7098971437015436e-23, nan 
-9.875, -72.875, 2.0093637379586868e-23, nan 
-9.625, -72.875, 1.1902347086734522e-23, nan 
-9.375, -72.875, 6.876152975684586e-24, nan 
-9.125, -72.875, 3.252441385054208e-23, nan 
-8.875, -72.875, 2.972254979130847e-23, nan 
-8.625, -72.875, 5.834733036907748e-23, nan 
-8.375, -72.875, 4.2686329515537503e-23, nan 
-8.125, -72.875, 3.9284320556856714e-23, nan 
-7.875, -72.875, 5.783985529838504e-23, nan 
-7.625, -72.875, 3.847980476079787e-23, nan 
-7.375, -72.875, 3.432635770171241e-23, nan 
-7.125, -72.875, 2.3858128562188458e-23, nan 
-6.875, -72.875, 5.43386963549726e-23, nan 
-6.625, -72.875, 4.4944314281671194e-23, nan 
-6.375, -72.875, 5.770571952706687e-23, nan 
-6.125, -72.875, 6.177780878006967e-23, nan 
-5.875, -72.875, 6.294667012865187e-23, nan 
-5.625, -72.875, 5.353857674734883e-23, nan 
-5.375, -72.875, 7.165482492529234e-23, nan 
-5.125, -72.875, 7.4262291399499e-23, nan 
-4.875, -72.875, 7.494666189953833e-23, nan 
-4.625, -72.875, 7.198314655263871e-23, nan 
-4.375, -72.875, 8.881666695280668e-23, nan 
-4.125, -72.875, 6.286746677154428e-23, nan 
-3.875, -72.875, 1.1172544789349485e-23, nan 
-3.625, -72.875, 7.534020070588134e-23, nan 
-3.375, -72.875, 5.341303559797283e-23, nan 
-3.125, -72.875, 9.817202410948192e-23, nan 
-2.875, -72.875, 9.064464408921795e-23, nan 
-2.625, -72.875, 6.844795535849049e-23, nan 
-2.375, -72.875, 8.330232505543111e-23, nan 
-2.125, -72.875, 7.15930551800296e-23, nan 
-1.875, -72.875, 4.0145523151797274e-23, nan 
-1.625, -72.875, 5.806564049096643e-23, nan 
-1.375, -72.875, 9.653192012991487e-23, nan 
-1.125, -72.875, 8.276222003112764e-23, nan 
-0.875, -72.875, 6.473128756920805e-23, nan 
-0.625, -72.875, 7.339194523202505e-23, nan 
-0.375, -72.875, 6.060749801340504e-23, nan 
-0.125, -72.875, 3.8231700213844336e-23, nan 
0.125, -72.875, 9.078637738167851e-24, nan 
0.375, -72.875, 5.6416022165128446e-24, nan 
0.625, -72.875, 4.032263058222845e-24, nan 
0.875, -72.875, 2.4171104137832635e-24, nan 
1.125, -72.875, 1.7497802875401727e-24, nan 
1.375, -72.875, 1.8059628759452354e-24, nan 
1.625, -72.875, 1.2271400441750601e-24, nan 
1.875, -72.875, 2.4086336715837825e-24, nan 
2.125, -72.875, 3.57681324013049e-24, nan 
2.375, -72.875, 3.921451382823099e-24, nan 
2.625, -72.875, 4.484565575134688e-24, nan 
2.875, -72.875, 5.4858612461125215e-24, nan 
3.125, -72.875, 7.581126655595428e-24, nan 
3.375, -72.875, 1.3967613144685995e-23, nan 
-38.625, -72.625, 8.406411416776497e-24, nan 
-38.375, -72.625, 1.2684428951393804e-23, nan 
-38.125, -72.625, 1.2484584643652511e-23, nan 
-37.875, -72.625, 1.3448799197224676e-23, nan 
-37.625, -72.625, 1.2976400944329567e-23, nan 
-37.375, -72.625, 1.3865303388952285e-23, nan 
-37.125, -72.625, 1.862708381470492e-23, nan 
-36.875, -72.625, 2.4284431897443127e-23, nan 
-36.625, -72.625, 1.60670850616034e-23, nan 
-36.375, -72.625, 2.1087112769307302e-23, nan 
-36.125, -72.625, 3.066600392246541e-23, nan 
-35.875, -72.625, 2.5303437327652093e-23, nan 
-35.625, -72.625, 3.482972325309768e-23, nan 
-35.375, -72.625, 3.669381710205128e-23, nan 
-35.125, -72.625, 3.048566872422941e-23, nan 
-34.875, -72.625, 3.694361017635064e-23, nan 
-34.625, -72.625, 3.576044413557085e-23, nan 
-34.375, -72.625, 1.634369579410068e-23, nan 
-34.125, -72.625, 4.1575094188835594e-24, nan 
-33.875, -72.625, 5.697514902068557e-24, nan 
-33.625, -72.625, 5.899192421040564e-24, nan 
-33.375, -72.625, 4.5122518682148135e-24, nan 
-33.125, -72.625, 4.596582368797179e-24, nan 
-32.875, -72.625, 3.737938897712328e-24, nan 
-32.625, -72.625, 3.1600408227439293e-24, nan 
-32.375, -72.625, 2.7681027150385167e-24, nan 
-32.125, -72.625, 3.854997481812205e-24, nan 
-31.875, -72.625, 2.8136136529462475e-24, nan 
-31.625, -72.625, 1.0176238463687447e-23, nan 
-31.375, -72.625, 2.8855927864978763e-23, nan 
-31.125, -72.625, 4.297068981187058e-23, nan 
-30.875, -72.625, 4.060107710366841e-23, nan 
-30.625, -72.625, 4.0554901375638635e-23, nan 
-30.375, -72.625, 4.468543163715658e-23, nan 
-30.125, -72.625, 3.9114382557453855e-23, nan 
-29.875, -72.625, 1.969907896378757e-23, nan 
-29.625, -72.625, 4.908354260157864e-24, nan 
-29.375, -72.625, 6.74094996396244e-24, nan 
-29.125, -72.625, 6.10762024710722e-24, nan 
-28.875, -72.625, 7.355445497088926e-24, nan 
-28.625, -72.625, 9.425917208833964e-24, nan 
-28.375, -72.625, 7.378591971545178e-24, nan 
-28.125, -72.625, 9.666799962865258e-24, nan 
-27.875, -72.625, 1.265460590769182e-23, nan 
-27.625, -72.625, 1.0436646421470412e-23, nan 
-27.375, -72.625, 1.049634124072624e-23, nan 
-27.125, -72.625, 9.07025101843933e-24, nan 
-26.875, -72.625, 1.897001455184107e-23, nan 
-26.625, -72.625, 2.2556501319301966e-23, nan 
-26.375, -72.625, 1.973005946998025e-23, nan 
-26.125, -72.625, 2.1817390469972314e-23, nan 
-25.875, -72.625, 2.387053810500995e-23, nan 
-25.625, -72.625, 1.1958735295960175e-23, nan 
-25.375, -72.625, 1.1479207203291982e-23, nan 
-25.125, -72.625, 1.118359951910864e-23, nan 
-24.875, -72.625, 1.1845384683221114e-23, nan 
-24.625, -72.625, 1.3074129039751443e-23, nan 
-24.375, -72.625, 9.31322293793464e-24, nan 
-24.125, -72.625, 7.83285557645114e-24, nan 
-23.875, -72.625, 7.433642472016574e-24, nan 
-23.625, -72.625, 9.526128213916386e-24, nan 
-23.375, -72.625, 8.392217541357659e-24, nan 
-23.125, -72.625, 7.932668312644986e-24, nan 
-22.875, -72.625, 6.779825205164912e-24, nan 
-22.625, -72.625, 6.3373674247705634e-24, nan 
-22.375, -72.625, 7.149812179261242e-24, nan 
-22.125, -72.625, 8.22089593806552e-24, nan 
-21.875, -72.625, 1.363147018784464e-23, nan 
-21.625, -72.625, 3.8227832568260927e-23, nan 
-21.375, -72.625, 4.4838269106873776e-23, nan 
-21.125, -72.625, 4.095942684232744e-23, nan 
-20.875, -72.625, 4.062334252207885e-23, nan 
-20.625, -72.625, 5.0638899947689764e-23, nan 
-20.375, -72.625, 3.8345413503704426e-23, nan 
-20.125, -72.625, 1.0367946811258758e-23, nan 
-19.875, -72.625, 2.120182774037034e-23, nan 
-19.625, -72.625, 1.885243520077449e-23, nan 
-19.375, -72.625, 1.3619039973576025e-23, nan 
-19.125, -72.625, 1.7369290877453397e-23, nan 
-18.875, -72.625, 2.835871357740916e-23, nan 
-18.625, -72.625, 1.818055817794927e-23, nan 
-18.375, -72.625, 1.5849905096836422e-23, nan 
-18.125, -72.625, 2.1253529240168497e-23, nan 
-17.875, -72.625, 1.3509966084477747e-23, nan 
-17.625, -72.625, 1.0094740661429007e-23, nan 
-17.375, -72.625, 5.9174478115920256e-24, nan 
-17.125, -72.625, 6.427612209005225e-24, nan 
-16.875, -72.625, 1.1017968376296401e-23, nan 
-16.625, -72.625, 7.803281201971283e-24, nan 
-16.375, -72.625, 7.537194753522826e-24, nan 
-16.125, -72.625, 5.717205231410329e-24, nan 
-15.875, -72.625, 8.139299231842639e-24, nan 
-15.625, -72.625, 7.1659249925256e-24, nan 
-15.375, -72.625, 6.93583581754938e-24, nan 
-15.125, -72.625, 6.835356931245375e-24, nan 
-14.875, -72.625, 4.625012207150493e-24, nan 
-14.625, -72.625, 4.402274479998498e-24, nan 
-14.375, -72.625, 3.86522620063663e-24, nan 
-14.125, -72.625, 7.767416870279633e-24, nan 
-13.875, -72.625, 4.724767470140189e-24, nan 
-13.625, -72.625, 1.497011186307818e-23, nan 
-13.375, -72.625, 1.6888420663194604e-23, nan 
-13.125, -72.625, 7.69009026960166e-24, nan 
-12.875, -72.625, 2.544679516218817e-23, nan 
-12.625, -72.625, 2.7735276342687623e-23, nan 
-12.375, -72.625, 1.6601136443794454e-23, nan 
-12.125, -72.625, 1.2925995080059112e-23, nan 
-11.875, -72.625, 2.0784429448937467e-23, nan 
-11.625, -72.625, 2.89939428182166e-23, nan 
-11.375, -72.625, 2.390049569244702e-23, nan 
-11.125, -72.625, 1.7697766024444298e-23, nan 
-10.875, -72.625, 1.726640271392492e-23, nan 
-10.625, -72.625, 1.6190403252091735e-23, nan 
-10.375, -72.625, 9.99496717970746e-24, nan 
-10.125, -72.625, 5.894838533180545e-24, nan 
-9.875, -72.625, 1.5106206909085195e-23, nan 
-9.625, -72.625, 1.7045065260935443e-23, nan 
-9.375, -72.625, 2.365290392408162e-23, nan 
-9.125, -72.625, 3.7885461092629283e-23, nan 
-8.875, -72.625, 5.721920461587874e-23, nan 
-8.625, -72.625, 5.426666457866073e-23, nan 
-8.375, -72.625, 3.9452192298638233e-23, nan 
-8.125, -72.625, 4.676512749934692e-23, nan 
-7.875, -72.625, 3.876932570870373e-23, nan 
-7.625, -72.625, 2.9010194490838894e-23, nan 
-7.375, -72.625, 4.5347930815835734e-24, nan 
-7.125, -72.625, 4.3790831252716565e-24, nan 
-6.875, -72.625, 6.00864968758511e-24, nan 
-6.625, -72.625, 5.797506470256372e-24, nan 
-6.375, -72.625, 5.092460567863698e-24, nan 
-6.125, -72.625, 7.182390552680769e-24, nan 
-5.875, -72.625, 8.105443385989465e-24, nan 
-5.625, -72.625, 2.5717283940492736e-24, nan 
-5.375, -72.625, 3.4879715839963106e-24, nan 
-5.125, -72.625, 2.925867271696567e-24, nan 
-4.875, -72.625, 5.524891504316663e-23, nan 
-4.625, -72.625, 7.978335768836003e-23, nan 
-4.375, -72.625, 8.163855764920044e-23, nan 
-4.125, -72.625, 8.955270255400912e-23, nan 
-3.875, -72.625, 1.090972643643101e-22, nan 
-3.625, -72.625, 1.0117262885097153e-22, nan 
-3.375, -72.625, 7.901295878122621e-23, nan 
-3.125, -72.625, 1.1689910002928044e-22, nan 
-2.875, -72.625, 1.1282660195656938e-22, nan 
-2.625, -72.625, 7.502359880873963e-23, nan 
-2.375, -72.625, 5.986481269868601e-23, nan 
-2.125, -72.625, 2.808792769401093e-23, nan 
-1.875, -72.625, 3.6542941538097674e-23, nan 
-1.625, -72.625, 3.8078746728445416e-23, nan 
-1.375, -72.625, 5.0764428311389804e-23, nan 
-1.125, -72.625, 5.0519625402308305e-23, nan 
-0.875, -72.625, 4.7984572715145525e-23, nan 
-0.625, -72.625, 4.9109807885934686e-23, nan 
-0.375, -72.625, 3.78855507226506e-23, nan 
-0.125, -72.625, 4.4892916269741497e-23, nan 
0.125, -72.625, 2.6466931390886596e-23, nan 
0.375, -72.625, 1.4531694068617273e-23, nan 
0.625, -72.625, 8.492867810914631e-24, nan 
0.875, -72.625, 7.330386348861641e-24, nan 
1.125, -72.625, 3.543911360059491e-24, nan 
1.375, -72.625, 3.846896200849879e-24, nan 
1.625, -72.625, 6.48884356895634e-24, nan 
1.875, -72.625, 2.8513542723741624e-24, nan 
2.125, -72.625, 4.311005728137378e-24, nan 
2.375, -72.625, 4.683376031382734e-24, nan 
2.625, -72.625, 4.672183222865667e-24, nan 
2.875, -72.625, 5.02152552226814e-24, nan 
3.125, -72.625, 6.114639125756911e-24, nan 
3.375, -72.625, 6.792017717508236e-24, nan 
3.625, -72.625, 7.88432966275219e-24, nan 
-38.375, -72.375, 2.2115072719247705e-23, nan 
-38.125, -72.375, 1.2352420327945768e-23, nan 
-37.875, -72.375, 1.557723123359389e-23, nan 
-37.625, -72.375, 1.57274346171886e-23, nan 
-37.375, -72.375, 9.99409611570776e-24, nan 
-37.125, -72.375, 1.478043368149465e-23, nan 
-36.875, -72.375, 1.3697349396641597e-23, nan 
-36.625, -72.375, 1.0978404006951731e-23, nan 
-36.375, -72.375, 1.5048717210693984e-23, nan 
-36.125, -72.375, 2.3596113588493182e-23, nan 
-35.875, -72.375, 1.5774007237088992e-23, nan 
-35.625, -72.375, 2.359272076503633e-23, nan 
-35.375, -72.375, 3.02253623948906e-23, nan 
-35.125, -72.375, 1.8357388717872273e-23, nan 
-34.875, -72.375, 2.0912209893539442e-23, nan 
-34.625, -72.375, 2.7346485602136714e-23, nan 
-34.375, -72.375, 1.947671227676965e-23, nan 
-34.125, -72.375, 9.994531208002113e-24, nan 
-33.875, -72.375, 8.676961007210744e-24, nan 
-33.625, -72.375, 6.599580701607049e-24, nan 
-33.375, -72.375, 4.785995338755796e-24, nan 
-33.125, -72.375, 3.816316646402536e-24, nan 
-32.875, -72.375, 4.5392653522023154e-24, nan 
-32.625, -72.375, 9.335372251682098e-24, nan 
-32.375, -72.375, 5.6178810668853775e-24, nan 
-32.125, -72.375, 5.96395229518505e-24, nan 
-31.875, -72.375, 7.338878361293396e-24, nan 
-31.625, -72.375, 9.180179990475859e-24, nan 
-31.375, -72.375, 6.1777220598537514e-24, nan 
-31.125, -72.375, 2.506121113685499e-23, nan 
-30.875, -72.375, 3.7905803573416624e-23, nan 
-30.625, -72.375, 5.833182885959556e-23, nan 
-30.375, -72.375, 4.0960882778418255e-23, nan 
-30.125, -72.375, 4.0279388265017453e-23, nan 
-29.875, -72.375, 4.380065062010153e-23, nan 
-29.625, -72.375, 2.6962477083908796e-23, nan 
-29.375, -72.375, 1.562312845215183e-23, nan 
-29.125, -72.375, 2.0658136558601484e-23, nan 
-28.875, -72.375, 1.0858799409994445e-23, nan 
-28.625, -72.375, 8.036362977767797e-24, nan 
-28.375, -72.375, 4.172245981491855e-24, nan 
-28.125, -72.375, 2.7035688761146693e-24, nan 
-27.875, -72.375, 4.857305557874984e-24, nan 
-27.625, -72.375, 3.0986338154121232e-24, nan 
-27.375, -72.375, 8.395154051496143e-24, nan 
-27.125, -72.375, 1.379139950636095e-23, nan 
-26.875, -72.375, 4.466733245427495e-24, nan 
-26.625, -72.375, 2.7792525299908983e-23, nan 
-26.375, -72.375, 4.000367002680226e-23, nan 
-26.125, -72.375, 2.5180766033158298e-23, nan 
-25.875, -72.375, 4.330635360998857e-23, nan 
-25.625, -72.375, 4.010387885395816e-23, nan 
-25.375, -72.375, 2.287961891902415e-23, nan 
-25.125, -72.375, 9.021145581827473e-24, nan 
-24.875, -72.375, 1.0829437061890076e-23, nan 
-24.625, -72.375, 9.157332418199985e-24, nan 
-24.375, -72.375, 1.1986145450204176e-23, nan 
-24.125, -72.375, 1.5627644246582494e-23, nan 
-23.875, -72.375, 1.4934773639765066e-23, nan 
-23.625, -72.375, 9.552476296638998e-24, nan 
-23.375, -72.375, 8.703582120477426e-24, nan 
-23.125, -72.375, 9.771574690865428e-24, nan 
-22.875, -72.375, 7.500872268102434e-24, nan 
-22.625, -72.375, 7.17978532823989e-24, nan 
-22.375, -72.375, 1.3470263128750326e-23, nan 
-22.125, -72.375, 2.2171121104195907e-23, nan 
-21.875, -72.375, 4.667903610688975e-23, nan 
-21.625, -72.375, 5.846971540570498e-23, nan 
-21.375, -72.375, 5.523597992899654e-23, nan 
-21.125, -72.375, 3.888105229905779e-23, nan 
-20.875, -72.375, 4.8154253002198786e-23, nan 
-20.625, -72.375, 4.216237487667373e-23, nan 
-20.375, -72.375, 1.4303748954341085e-23, nan 
-20.125, -72.375, 2.2822697208101572e-23, nan 
-19.875, -72.375, 2.0211987423722934e-23, nan 
-19.625, -72.375, 1.5885017823591508e-23, nan 
-19.375, -72.375, 1.7415655446432696e-23, nan 
-19.125, -72.375, 1.3120789132236672e-23, nan 
-18.875, -72.375, 1.5356355369498447e-23, nan 
-18.625, -72.375, 1.937774123111484e-23, nan 
-18.375, -72.375, 1.885555100166735e-23, nan 
-18.125, -72.375, 2.0830893828294257e-23, nan 
-17.875, -72.375, 1.7744565541413354e-23, nan 
-17.625, -72.375, 1.5951064127630465e-23, nan 
-17.375, -72.375, 1.3625455202493635e-23, nan 
-17.125, -72.375, 7.296403496780272e-24, nan 
-16.875, -72.375, 6.711895170375128e-24, nan 
-16.625, -72.375, 4.1245933019961094e-24, nan 
-16.375, -72.375, 2.7673202728237046e-24, nan 
-16.125, -72.375, 3.088535189967405e-24, nan 
-15.875, -72.375, 3.498582774400642e-24, nan 
-15.625, -72.375, 3.0698851908289843e-24, nan 
-15.375, -72.375, 2.1791615292242056e-24, nan 
-15.125, -72.375, 2.4379206178708993e-24, nan 
-14.875, -72.375, 2.1758403127354654e-24, nan 
-14.625, -72.375, 2.413798831687831e-24, nan 
-14.375, -72.375, 2.9932750030626305e-24, nan 
-14.125, -72.375, 3.1603698535815564e-24, nan 
-13.875, -72.375, 3.0012558048529213e-24, nan 
-13.625, -72.375, 3.0033294334504154e-24, nan 
-13.375, -72.375, 7.113986027831822e-24, nan 
-13.125, -72.375, 4.257850360943913e-24, nan 
-12.875, -72.375, 2.1136349659038748e-23, nan 
-12.625, -72.375, 2.666538682326653e-23, nan 
-12.375, -72.375, 2.8631630048243795e-23, nan 
-12.125, -72.375, 2.733014645590341e-23, nan 
-11.875, -72.375, 2.0487076758068942e-23, nan 
-11.625, -72.375, 3.9212494739948897e-23, nan 
-11.375, -72.375, 3.5291293087813186e-23, nan 
-11.125, -72.375, 2.3148934714181042e-23, nan 
-10.875, -72.375, 3.1940747898667364e-23, nan 
-10.625, -72.375, 3.0397360515163414e-23, nan 
-10.375, -72.375, 1.6879779364768335e-23, nan 
-10.125, -72.375, 2.4556654505952296e-23, nan 
-9.875, -72.375, 4.639662139613113e-23, nan 
-9.625, -72.375, 4.868141115478173e-23, nan 
-9.375, -72.375, 4.6938951669224646e-23, nan 
-9.125, -72.375, 6.748506142265556e-23, nan 
-8.875, -72.375, 6.256775749407901e-23, nan 
-8.625, -72.375, 4.590637184891189e-23, nan 
-8.375, -72.375, 2.4032691418311686e-23, nan 
-8.125, -72.375, 4.251221959906155e-24, nan 
-7.875, -72.375, 6.090946914064101e-24, nan 
-7.625, -72.375, 6.656721670715634e-24, nan 
-7.375, -72.375, 5.466620953659127e-24, nan 
-7.125, -72.375, 3.6616444198227416e-24, nan 
-6.875, -72.375, 5.180897613056685e-24, nan 
-6.625, -72.375, 5.153100452166609e-24, nan 
-6.375, -72.375, 2.7267620592932824e-24, nan 
-6.125, -72.375, 2.253040822866509e-24, nan 
-5.875, -72.375, 4.22022103712818e-24, nan 
-5.625, -72.375, 6.213927822503e-24, nan 
-5.375, -72.375, 2.1307990874923903e-23, nan 
-5.125, -72.375, 7.014640057702183e-23, nan 
-4.875, -72.375, 6.66850099855969e-23, nan 
-4.625, -72.375, 6.35659826871628e-23, nan 
-4.375, -72.375, 7.950724988167293e-23, nan 
-4.125, -72.375, 9.377410741919666e-23, nan 
-3.875, -72.375, 8.935294650610922e-23, nan 
-3.625, -72.375, 5.97986165142427e-23, nan 
-3.375, -72.375, 7.689179860875419e-23, nan 
-3.125, -72.375, 8.446093661115202e-23, nan 
-2.875, -72.375, 8.14907529402791e-23, nan 
-2.625, -72.375, 8.645186761836509e-23, nan 
-2.375, -72.375, 7.728007218942685e-23, nan 
-2.125, -72.375, 7.12851930702261e-23, nan 
-1.875, -72.375, 7.450449915032781e-23, nan 
-1.625, -72.375, 5.969853423274333e-23, nan 
-1.375, -72.375, 5.298576259382936e-23, nan 
-1.125, -72.375, 6.28485164544746e-23, nan 
-0.875, -72.375, 5.778502626863995e-23, nan 
-0.625, -72.375, 2.416711354665515e-23, nan 
-0.375, -72.375, 2.289913051696374e-23, nan 
-0.125, -72.375, 5.484130384554833e-23, nan 
0.125, -72.375, 2.4014842383426677e-23, nan 
0.375, -72.375, 2.4387586780090945e-23, nan 
0.625, -72.375, 6.835483129261719e-23, nan 
0.875, -72.375, 5.356968972558672e-23, nan 
1.125, -72.375, 6.705125179526342e-23, nan 
1.375, -72.375, 8.527179617255258e-23, nan 
1.625, -72.375, 7.999177883306926e-23, nan 
1.875, -72.375, 9.068567729027002e-23, nan 
2.125, -72.375, 3.5640519329653905e-23, nan 
2.375, -72.375, 9.741155740123213e-24, nan 
2.625, -72.375, 1.1809623940863498e-23, nan 
2.875, -72.375, 3.723141670275733e-23, nan 
3.125, -72.375, 2.6241133213189346e-23, nan 
3.375, -72.375, 7.776309611701269e-23, nan 
3.625, -72.375, 2.8022642023687625e-23, nan 
-37.875, -72.125, 1.1417923439468539e-23, nan 
-37.625, -72.125, 1.2662352560095268e-23, nan 
-37.375, -72.125, 9.530484354513648e-24, nan 
-37.125, -72.125, 1.3920706432714765e-23, nan 
-36.875, -72.125, 1.5460877430573935e-23, nan 
-36.625, -72.125, 1.474355947291268e-23, nan 
-36.375, -72.125, 1.1058700637702076e-23, nan 
-36.125, -72.125, 1.218497115852107e-23, nan 
-35.875, -72.125, 1.0277361172399975e-23, nan 
-35.625, -72.125, 8.74147447435673e-24, nan 
-35.375, -72.125, 1.427713733126144e-23, nan 
-35.125, -72.125, 1.3286998908703052e-23, nan 
-34.875, -72.125, 1.5139761357147856e-23, nan 
-34.625, -72.125, 1.7833946786292248e-23, nan 
-34.375, -72.125, 1.8816145929769503e-23, nan 
-34.125, -72.125, 1.79219129541177e-23, nan 
-33.875, -72.125, 1.1299925738308237e-23, nan 
-33.625, -72.125, 8.930063521122177e-24, nan 
-33.375, -72.125, 7.204653919823136e-24, nan 
-33.125, -72.125, 9.672916134052668e-24, nan 
-32.875, -72.125, 9.641982674752731e-24, nan 
-32.625, -72.125, 1.3945254320168075e-23, nan 
-32.375, -72.125, 1.1256206704368084e-23, nan 
-32.125, -72.125, 1.4276893500914425e-23, nan 
-31.875, -72.125, 1.157843286985106e-23, nan 
-31.625, -72.125, 1.7040048162802425e-23, nan 
-31.375, -72.125, 4.8529371176766784e-23, nan 
-31.125, -72.125, 4.8300804636482753e-23, nan 
-30.875, -72.125, 4.604598459145049e-23, nan 
-30.625, -72.125, 6.996383174555624e-23, nan 
-30.375, -72.125, 5.553560330770523e-23, nan 
-30.125, -72.125, 4.533428918050613e-23, nan 
-29.875, -72.125, 2.781208384114969e-23, nan 
-29.625, -72.125, 3.362423087589569e-23, nan 
-29.375, -72.125, 5.5927026714789395e-24, nan 
-29.125, -72.125, 3.071374309929496e-23, nan 
-28.875, -72.125, 2.709328321126776e-23, nan 
-28.625, -72.125, 5.4101784994406286e-24, nan 
-28.375, -72.125, 1.6458200795199405e-23, nan 
-28.125, -72.125, 1.8067723038799853e-23, nan 
-27.875, -72.125, 2.6888838918442325e-24, nan 
-27.625, -72.125, 4.506163811611029e-24, nan 
-27.375, -72.125, 6.139818812908393e-24, nan 
-27.125, -72.125, 5.958764314814722e-24, nan 
-26.875, -72.125, 1.1965615839763262e-23, nan 
-26.625, -72.125, 1.562400487596972e-23, nan 
-26.375, -72.125, 1.06303111398862e-23, nan 
-26.125, -72.125, 2.672947863245864e-23, nan 
-25.875, -72.125, 4.748433921027925e-23, nan 
-25.625, -72.125, 3.4835497360992813e-23, nan 
-25.375, -72.125, 4.3263733153444255e-23, nan 
-25.125, -72.125, 5.204535714092226e-23, nan 
-24.875, -72.125, 3.954352258076383e-23, nan 
-24.625, -72.125, 3.421235776800554e-23, nan 
-24.375, -72.125, 2.4330567062423714e-23, nan 
-24.125, -72.125, 2.0327293259991482e-23, nan 
-23.875, -72.125, 1.5451939053921442e-23, nan 
-23.625, -72.125, 1.2885210765668485e-23, nan 
-23.375, -72.125, 2.240431761849825e-23, nan 
-23.125, -72.125, 3.0225957412342864e-23, nan 
-22.875, -72.125, 2.4953646119951204e-23, nan 
-22.625, -72.125, 6.012798558104891e-23, nan 
-22.375, -72.125, 5.936372984255695e-23, nan 
-22.125, -72.125, 5.516778657762853e-23, nan 
-21.875, -72.125, 5.666034499365383e-23, nan 
-21.625, -72.125, 6.031446761058184e-23, nan 
-21.375, -72.125, 5.70675130854511e-23, nan 
-21.125, -72.125, 1.7506454928522727e-23, nan 
-20.875, -72.125, 8.32963755882992e-24, nan 
-20.625, -72.125, 1.4224656401076628e-23, nan 
-20.375, -72.125, 1.0763202096728689e-23, nan 
-20.125, -72.125, 1.0930123715595874e-23, nan 
-19.875, -72.125, 1.0983047517865212e-23, nan 
-19.625, -72.125, 6.839048802980975e-24, nan 
-19.375, -72.125, 6.119877648429298e-24, nan 
-19.125, -72.125, 1.4290880998400273e-23, nan 
-18.875, -72.125, 1.665819322508872e-23, nan 
-18.625, -72.125, 2.130056181660522e-23, nan 
-18.375, -72.125, 2.272255257007979e-23, nan 
-18.125, -72.125, 2.3258431286941936e-23, nan 
-17.875, -72.125, 2.3692875061206328e-23, nan 
-17.625, -72.125, 2.1185962401619866e-23, nan 
-17.375, -72.125, 2.0977186512028182e-23, nan 
-17.125, -72.125, 1.686875778672019e-23, nan 
-16.875, -72.125, 1.4012557799219154e-23, nan 
-16.625, -72.125, 9.591370029821363e-24, nan 
-16.375, -72.125, 4.4389566258343655e-24, nan 
-16.125, -72.125, 3.617998320172173e-24, nan 
-15.875, -72.125, 4.864136825234177e-24, nan 
-15.625, -72.125, 3.0239324566870857e-24, nan 
-15.375, -72.125, 2.0956481052764715e-24, nan 
-15.125, -72.125, 3.900811944039995e-24, nan 
-14.875, -72.125, 3.3575413679721344e-24, nan 
-14.625, -72.125, 3.0859645658467104e-24, nan 
-14.375, -72.125, 3.5605194931401416e-24, nan 
-14.125, -72.125, 3.6107988279277914e-24, nan 
-13.875, -72.125, 2.7437474604597324e-24, nan 
-13.625, -72.125, 2.1142673106721997e-24, nan 
-13.375, -72.125, 1.330978377219674e-23, nan 
-13.125, -72.125, 9.08710799144081e-24, nan 
-12.875, -72.125, 4.5745937734562127e-23, nan 
-12.625, -72.125, 3.2519152372923073e-23, nan 
-12.375, -72.125, 4.1645037261318347e-23, nan 
-12.125, -72.125, 3.801834839906611e-23, nan 
-11.875, -72.125, 1.9286082181840313e-23, nan 
-11.625, -72.125, 3.02553852270059e-23, nan 
-11.375, -72.125, 3.361703240885343e-23, nan 
-11.125, -72.125, 3.2482357957939317e-23, nan 
-10.875, -72.125, 3.2340222043172374e-23, nan 
-10.625, -72.125, 3.824251012828145e-23, nan 
-10.375, -72.125, 3.120007981250436e-23, nan 
-10.125, -72.125, 3.7618712812069193e-23, nan 
-9.875, -72.125, 1.3086762678291982e-23, nan 
-9.625, -72.125, 4.216229267282803e-23, nan 
-9.375, -72.125, 5.368829758996828e-23, nan 
-9.125, -72.125, 7.36192472961682e-23, nan 
-8.875, -72.125, 4.8903849260417844e-23, nan 
-8.625, -72.125, 4.764251637009143e-23, nan 
-8.375, -72.125, 5.478510308708894e-23, nan 
-8.125, -72.125, 2.7035977529371176e-23, nan 
-7.875, -72.125, 2.5717196247787e-23, nan 
-7.625, -72.125, 2.904995868527308e-23, nan 
-7.375, -72.125, 2.2556260524404882e-23, nan 
-7.125, -72.125, 1.1881188399257385e-23, nan 
-6.875, -72.125, 1.010041820809097e-23, nan 
-6.625, -72.125, 1.2319184031678797e-23, nan 
-6.375, -72.125, 1.141587152481842e-23, nan 
-6.125, -72.125, 5.491993385372103e-23, nan 
-5.875, -72.125, 9.238464396903333e-23, nan 
-5.625, -72.125, 1.0060024407925763e-22, nan 
-5.375, -72.125, 1.0379441881473879e-22, nan 
-5.125, -72.125, 1.1101064412549976e-22, nan 
-4.875, -72.125, 1.0593349257504313e-22, nan 
-4.625, -72.125, 8.37367292323449e-23, nan 
-4.375, -72.125, 7.3064875922509e-23, nan 
-4.125, -72.125, 5.797455881747868e-23, nan 
-3.875, -72.125, 5.58866944725786e-23, nan 
-3.625, -72.125, 3.616653114758771e-23, nan 
-3.375, -72.125, 1.064918213517216e-23, nan 
-3.125, -72.125, 1.1311274567992435e-23, nan 
-2.875, -72.125, 2.9806847335210805e-24, nan 
-2.625, -72.125, 4.6468533260490695e-24, nan 
-2.375, -72.125, 4.3285183675151763e-23, nan 
-2.125, -72.125, 8.745341617775748e-23, nan 
-1.875, -72.125, 9.668052128116619e-23, nan 
-1.625, -72.125, 5.747706973143305e-23, nan 
-1.375, -72.125, 1.2257714189003182e-22, nan 
-1.125, -72.125, 1.455548333852549e-22, nan 
-0.875, -72.125, 7.246293177148092e-23, nan 
-0.625, -72.125, 6.470971377832814e-23, nan 
-0.375, -72.125, 7.807697684599508e-23, nan 
-0.125, -72.125, 6.372798420680446e-23, nan 
0.125, -72.125, 2.808424952316521e-23, nan 
0.375, -72.125, 4.98042861258277e-23, nan 
0.625, -72.125, 8.762764690484728e-23, nan 
0.875, -72.125, 8.072852795386526e-23, nan 
1.125, -72.125, 1.0631636194097072e-22, nan 
1.375, -72.125, 1.3167616324795883e-22, nan 
1.625, -72.125, 1.4490820471902452e-22, nan 
1.875, -72.125, 1.547037777194888e-22, nan 
2.125, -72.125, 7.012123352801093e-23, nan 
2.375, -72.125, 8.756434022499969e-23, nan 
2.625, -72.125, 1.216478091240481e-22, nan 
2.875, -72.125, 4.803751784863463e-23, nan 
3.125, -72.125, 4.299167823588425e-23, nan 
3.375, -72.125, 1.596297880668466e-22, nan 
3.625, -72.125, 4.0799403561326155e-23, nan 
3.875, -72.125, 1.8778971933311753e-23, nan 
-37.625, -71.875, 4.407967378672934e-24, nan 
-37.375, -71.875, 7.098663311725222e-24, nan 
-37.125, -71.875, 9.025792938691603e-24, nan 
-36.875, -71.875, 8.361890215937789e-24, nan 
-36.625, -71.875, 1.0657468122902978e-23, nan 
-36.375, -71.875, 1.2764660715383428e-23, nan 
-36.125, -71.875, 1.7573654525736355e-23, nan 
-35.875, -71.875, 2.3443515802598706e-23, nan 
-35.625, -71.875, 3.52007166845943e-23, nan 
-35.375, -71.875, 3.882852860989776e-23, nan 
-35.125, -71.875, 2.0283804173575264e-23, nan 
-34.875, -71.875, 2.3168918761236642e-23, nan 
-34.625, -71.875, 2.1074645160265436e-23, nan 
-34.375, -71.875, 2.1546371044270825e-23, nan 
-34.125, -71.875, 2.3495631750297352e-23, nan 
-33.875, -71.875, 1.8213635934728922e-23, nan 
-33.625, -71.875, 2.1205385560512647e-23, nan 
-33.375, -71.875, 2.779744073098431e-23, nan 
-33.125, -71.875, 1.9302505613873697e-23, nan 
-32.875, -71.875, 1.534941369350038e-23, nan 
-32.625, -71.875, 9.78181930708923e-24, nan 
-32.375, -71.875, 1.8733057704002016e-23, nan 
-32.125, -71.875, 2.6154916214803854e-23, nan 
-31.875, -71.875, 1.6845934573484566e-23, nan 
-31.625, -71.875, 1.7620294162716937e-23, nan 
-31.375, -71.875, 2.04381499674608e-23, nan 
-31.125, -71.875, 6.126504006671893e-23, nan 
-30.875, -71.875, 6.589966912579598e-23, nan 
-30.625, -71.875, 7.115716648414163e-23, nan 
-30.375, -71.875, 6.279902730907221e-23, nan 
-30.125, -71.875, 6.706488818650846e-23, nan 
-29.875, -71.875, 6.802715249441941e-23, nan 
-29.625, -71.875, 3.3520221528053895e-23, nan 
-29.375, -71.875, 4.3269524514577434e-23, nan 
-29.125, -71.875, 4.887564581191539e-23, nan 
-28.875, -71.875, 5.422754686552905e-23, nan 
-28.625, -71.875, 5.647239602681005e-23, nan 
-28.375, -71.875, 5.586496259709147e-23, nan 
-28.125, -71.875, 5.362857312586723e-23, nan 
-27.875, -71.875, 6.251532988062339e-23, nan 
-27.625, -71.875, 5.966990218043617e-23, nan 
-27.375, -71.875, 5.40695382086995e-23, nan 
-27.125, -71.875, 2.9216867097230396e-23, nan 
-26.875, -71.875, 1.519676353968292e-23, nan 
-26.625, -71.875, 1.67136165388987e-23, nan 
-26.375, -71.875, 1.6472047304616067e-23, nan 
-26.125, -71.875, 1.76910642419498e-23, nan 
-25.875, -71.875, 2.029649977599938e-23, nan 
-25.625, -71.875, 1.8086945425095993e-23, nan 
-25.375, -71.875, 4.165649078135968e-23, nan 
-25.125, -71.875, 5.568543770224248e-23, nan 
-24.875, -71.875, 4.0992752826838036e-23, nan 
-24.625, -71.875, 4.437237894085199e-23, nan 
-24.375, -71.875, 4.31845346327046e-23, nan 
-24.125, -71.875, 4.0470526582608384e-23, nan 
-23.875, -71.875, 4.701203953409717e-23, nan 
-23.625, -71.875, 3.828281866442152e-23, nan 
-23.375, -71.875, 4.1549763052470004e-23, nan 
-23.125, -71.875, 4.2369309734406264e-23, nan 
-22.875, -71.875, 4.035786802057048e-23, nan 
-22.625, -71.875, 5.61283909917117e-23, nan 
-22.375, -71.875, 4.504433373141839e-23, nan 
-22.125, -71.875, 4.117924337994795e-23, nan 
-21.875, -71.875, 2.214264314072838e-23, nan 
-21.625, -71.875, 2.1446299374142885e-23, nan 
-21.375, -71.875, 1.1658297118295597e-23, nan 
-21.125, -71.875, 1.3035399965638079e-23, nan 
-20.875, -71.875, 1.6538298402733687e-23, nan 
-20.625, -71.875, 1.2288554898324955e-23, nan 
-20.375, -71.875, 1.0034780699202963e-23, nan 
-20.125, -71.875, 4.204798020946175e-24, nan 
-19.875, -71.875, 1.0142946847823556e-23, nan 
-19.625, -71.875, 1.3083963190579642e-23, nan 
-19.375, -71.875, 1.6153499582397578e-23, nan 
-19.125, -71.875, 1.0417827400279706e-23, nan 
-18.875, -71.875, 1.3204344254390006e-23, nan 
-18.625, -71.875, 1.5876354227654832e-23, nan 
-18.375, -71.875, 1.6810285758111143e-23, nan 
-18.125, -71.875, 1.569049164974882e-23, nan 
-17.875, -71.875, 1.9096211558828324e-23, nan 
-17.625, -71.875, 1.961853643452198e-23, nan 
-17.375, -71.875, 2.08063270127699e-23, nan 
-17.125, -71.875, 1.9635109549680848e-23, nan 
-16.875, -71.875, 1.613928292343839e-23, nan 
-16.625, -71.875, 1.4707104407913976e-23, nan 
-16.375, -71.875, 1.3945515475283108e-23, nan 
-16.125, -71.875, 9.350099252569876e-24, nan 
-15.875, -71.875, 5.418835688154796e-24, nan 
-15.625, -71.875, 2.6929143245397463e-24, nan 
-15.375, -71.875, 4.3493176542019315e-24, nan 
-15.125, -71.875, 4.6206083888732035e-24, nan 
-14.875, -71.875, 5.114407217987994e-24, nan 
-14.625, -71.875, 3.579732079414415e-24, nan 
-14.375, -71.875, 3.606080187439997e-24, nan 
-14.125, -71.875, 4.4861192882961865e-24, nan 
-13.875, -71.875, 3.775567778606148e-24, nan 
-13.625, -71.875, 3.616059861233079e-23, nan 
-13.375, -71.875, 3.8738597322750947e-23, nan 
-13.125, -71.875, 4.119135984281987e-23, nan 
-12.875, -71.875, 5.33998332998146e-23, nan 
-12.625, -71.875, 4.6368889194199245e-23, nan 
-12.375, -71.875, 5.1579241650045335e-23, nan 
-12.125, -71.875, 5.004914678076312e-24, nan 
-11.875, -71.875, 1.4341908089220204e-23, nan 
-11.625, -71.875, 1.7541533508910644e-23, nan 
-11.375, -71.875, 1.7105476247615473e-23, nan 
-11.125, -71.875, 1.9751214440595285e-23, nan 
-10.875, -71.875, 2.1006610744976865e-23, nan 
-10.625, -71.875, 3.433156558472156e-23, nan 
-10.375, -71.875, 2.5041868962855953e-23, nan 
-10.125, -71.875, 4.237437684091767e-23, nan 
-9.875, -71.875, 3.6197887544374324e-23, nan 
-9.625, -71.875, 3.701502839304664e-23, nan 
-9.375, -71.875, 3.222132168125249e-23, nan 
-9.125, -71.875, 5.353188619275689e-23, nan 
-8.875, -71.875, 4.695512631834273e-23, nan 
-8.625, -71.875, 5.0664028345295694e-23, nan 
-8.375, -71.875, 5.426519652045172e-23, nan 
-8.125, -71.875, 3.6615331402367424e-23, nan 
-7.875, -71.875, 4.6011969891131265e-23, nan 
-7.625, -71.875, 5.476453830346417e-23, nan 
-7.375, -71.875, 3.674342468799647e-23, nan 
-7.125, -71.875, 3.3592009962593707e-23, nan 
-6.875, -71.875, 6.870147000421767e-23, nan 
-6.625, -71.875, 6.72861732203477e-23, nan 
-6.375, -71.875, 7.843797801613978e-23, nan 
-6.125, -71.875, 9.56405338637846e-23, nan 
-5.875, -71.875, 8.236572306522522e-23, nan 
-5.625, -71.875, 1.0360335893571894e-22, nan 
-5.375, -71.875, 1.4356730056790525e-22, nan 
-5.125, -71.875, 6.487166585006807e-23, nan 
-4.875, -71.875, 7.790365127620213e-23, nan 
-4.625, -71.875, 8.773391429199275e-23, nan 
-4.375, -71.875, 1.0753531882117323e-22, nan 
-4.125, -71.875, 5.474852686264175e-23, nan 
-3.875, -71.875, 7.924572560695209e-23, nan 
-3.625, -71.875, 1.1070310368629314e-22, nan 
-3.375, -71.875, 1.1970967863002429e-23, nan 
-3.125, -71.875, 3.1867848000478635e-23, nan 
-2.875, -71.875, 4.214860140441832e-23, nan 
-2.625, -71.875, 1.0310898407138963e-23, nan 
-2.375, -71.875, 7.853149518330077e-24, nan 
-2.125, -71.875, 7.698752580586082e-24, nan 
-1.875, -71.875, 6.269913136322871e-24, nan 
-1.625, -71.875, 3.7644963191555085e-23, nan 
-1.375, -71.875, 6.657840007386968e-23, nan 
-1.125, -71.875, 7.648152645346021e-23, nan 
-0.875, -71.875, 6.879488090979885e-23, nan 
-0.625, -71.875, 3.551472923434012e-24, nan 
-0.375, -71.875, 8.332928055476113e-23, nan 
-0.125, -71.875, 8.800211275921036e-23, nan 
0.125, -71.875, 9.340462451751749e-23, nan 
0.375, -71.875, 9.082284710913667e-23, nan 
0.625, -71.875, 9.850906341943673e-23, nan 
0.875, -71.875, 8.998257022074546e-23, nan 
1.125, -71.875, 6.918146484678449e-23, nan 
1.375, -71.875, 8.16368863486616e-23, nan 
1.625, -71.875, 1.0015020842173604e-22, nan 
1.875, -71.875, 1.2055426759763654e-22, nan 
2.125, -71.875, 7.745865036211685e-23, nan 
2.375, -71.875, 6.42881181977663e-23, nan 
2.625, -71.875, 6.313951227879389e-24, nan 
2.875, -71.875, 2.909296476743779e-23, nan 
3.125, -71.875, 1.7885217583235604e-23, nan 
3.375, -71.875, 7.898939735544554e-23, nan 
3.625, -71.875, 2.1754230308557807e-23, nan 
3.875, -71.875, 4.6120710507556095e-24, nan 
4.125, -71.875, 5.5127110720132764e-24, nan 
-37.125, -71.625, 8.133775197114364e-24, nan 
-36.875, -71.625, 1.857268710846358e-23, nan 
-36.625, -71.625, 2.950594938527043e-23, nan 
-36.375, -71.625, 4.9592630525721527e-23, nan 
-36.125, -71.625, 6.729408255307093e-23, nan 
-35.875, -71.625, 5.490656948762988e-23, nan 
-35.625, -71.625, 1.0763004410377589e-22, nan 
-35.375, -71.625, 1.1390033942985864e-22, nan 
-35.125, -71.625, 5.609682897382592e-23, nan 
-34.875, -71.625, 6.906950135162272e-23, nan 
-34.625, -71.625, 6.158221104657545e-23, nan 
-34.375, -71.625, 3.5560985060853336e-23, nan 
-34.125, -71.625, 1.2238172823316582e-23, nan 
-33.875, -71.625, 1.5408773173575586e-23, nan 
-33.625, -71.625, 1.7052447982182106e-23, nan 
-33.375, -71.625, 3.717580062317407e-23, nan 
-33.125, -71.625, 4.153320721891283e-23, nan 
-32.875, -71.625, 3.7555618006062626e-23, nan 
-32.625, -71.625, 4.0876011332363925e-23, nan 
-32.375, -71.625, 5.2032448299812066e-23, nan 
-32.125, -71.625, 5.399018942904377e-23, nan 
-31.875, -71.625, 4.937229941020454e-23, nan 
-31.625, -71.625, 5.2413010157647067e-23, nan 
-31.375, -71.625, 5.367026464750338e-23, nan 
-31.125, -71.625, 8.534112285831728e-23, nan 
-30.875, -71.625, 9.70913340436436e-23, nan 
-30.625, -71.625, 9.96451365654741e-23, nan 
-30.375, -71.625, 6.947503738460036e-23, nan 
-30.125, -71.625, 9.564524832108959e-23, nan 
-29.875, -71.625, 1.0454860508145775e-22, nan 
-29.625, -71.625, 9.474810893843377e-23, nan 
-29.375, -71.625, 7.852402560516519e-23, nan 
-29.125, -71.625, 8.65602686111652e-23, nan 
-28.875, -71.625, 8.932053776259383e-23, nan 
-28.625, -71.625, 6.282460189455236e-23, nan 
-28.375, -71.625, 5.911269791772335e-23, nan 
-28.125, -71.625, 5.395933590025359e-23, nan 
-27.875, -71.625, 7.744990828944519e-23, nan 
-27.625, -71.625, 9.076293825082664e-23, nan 
-27.375, -71.625, 9.071280930304752e-23, nan 
-27.125, -71.625, 7.284099735004081e-23, nan 
-26.875, -71.625, 7.364703919741139e-23, nan 
-26.625, -71.625, 8.156053515598705e-23, nan 
-26.375, -71.625, 5.87579392243474e-23, nan 
-26.125, -71.625, 4.138717840978449e-23, nan 
-25.875, -71.625, 2.0950607519364893e-23, nan 
-25.625, -71.625, 1.734416545796471e-23, nan 
-25.375, -71.625, 2.5704373003459483e-23, nan 
-25.125, -71.625, 3.0553150065726723e-23, nan 
-24.875, -71.625, 2.291752952326154e-23, nan 
-24.625, -71.625, 1.362430360980863e-23, nan 
-24.375, -71.625, 3.402852075400026e-23, nan 
-24.125, -71.625, 4.142095029462844e-23, nan 
-23.875, -71.625, 3.738365713043552e-23, nan 
-23.625, -71.625, 3.2826825596192245e-23, nan 
-23.375, -71.625, 2.2701989420086854e-23, nan 
-23.125, -71.625, 1.3930381307893284e-23, nan 
-22.875, -71.625, 2.195489465852939e-23, nan 
-22.625, -71.625, 5.297215954763425e-24, nan 
-22.375, -71.625, 5.4872284067585956e-24, nan 
-22.125, -71.625, 7.038014136010702e-24, nan 
-21.875, -71.625, 1.0585078601107271e-23, nan 
-21.625, -71.625, 1.704447574503179e-23, nan 
-21.375, -71.625, 1.702008958104296e-23, nan 
-21.125, -71.625, 2.1516236695771203e-23, nan 
-20.875, -71.625, 1.5719686063535407e-23, nan 
-20.625, -71.625, 1.5544502826828016e-23, nan 
-20.375, -71.625, 1.843533196422003e-23, nan 
-20.125, -71.625, 3.5014180701754725e-23, nan 
-19.875, -71.625, 4.279062158708182e-23, nan 
-19.625, -71.625, 4.777466995467388e-23, nan 
-19.375, -71.625, 5.408553285356638e-23, nan 
-19.125, -71.625, 2.4352450991837456e-23, nan 
-18.875, -71.625, 1.797855071952433e-23, nan 
-18.625, -71.625, 2.2660212290970276e-23, nan 
-18.375, -71.625, 1.5887346063571428e-23, nan 
-18.125, -71.625, 1.1392545157129263e-23, nan 
-17.875, -71.625, 1.6928035927679498e-23, nan 
-17.625, -71.625, 2.199224974571068e-23, nan 
-17.375, -71.625, 2.0220916911147396e-23, nan 
-17.125, -71.625, 1.981669877245539e-23, nan 
-16.875, -71.625, 2.0375778464184488e-23, nan 
-16.625, -71.625, 2.5678556739204036e-23, nan 
-16.375, -71.625, 2.4091434689234682e-23, nan 
-16.125, -71.625, 2.3649753829721714e-23, nan 
-15.875, -71.625, 1.0747591168682174e-23, nan 
-15.625, -71.625, 7.697895040942093e-24, nan 
-15.375, -71.625, 7.448920938050631e-24, nan 
-15.125, -71.625, 4.76009457925496e-24, nan 
-14.875, -71.625, 4.2500866686053325e-24, nan 
-14.625, -71.625, 2.5225032880654076e-24, nan 
-14.375, -71.625, 1.9378570147083046e-24, nan 
-14.125, -71.625, 5.7309130703302165e-24, nan 
-13.875, -71.625, 1.0401869542327845e-23, nan 
-13.625, -71.625, 1.9170894806139756e-23, nan 
-13.375, -71.625, 4.058767147418686e-23, nan 
-13.125, -71.625, 3.9285538667464033e-23, nan 
-12.875, -71.625, 3.9826301387158884e-23, nan 
-12.625, -71.625, 5.329867449045182e-23, nan 
-12.375, -71.625, 5.2562707387714675e-23, nan 
-12.125, -71.625, 4.225659267824227e-23, nan 
-11.875, -71.625, 3.483624579578127e-23, nan 
-11.625, -71.625, 3.885448977004354e-23, nan 
-11.375, -71.625, 4.103902369870372e-23, nan 
-11.125, -71.625, 3.202257440566437e-23, nan 
-10.875, -71.625, 2.851832738408034e-23, nan 
-10.625, -71.625, 5.153277955523535e-23, nan 
-10.375, -71.625, 4.248496717104551e-23, nan 
-10.125, -71.625, 4.397704721543629e-23, nan 
-9.875, -71.625, 2.2193165166805865e-23, nan 
-9.625, -71.625, 3.026159669604275e-23, nan 
-9.375, -71.625, 2.716877756653461e-23, nan 
-9.125, -71.625, 2.4282062091757203e-23, nan 
-8.875, -71.625, 3.870994812900995e-23, nan 
-8.625, -71.625, 4.1702614570761425e-23, nan 
-8.375, -71.625, 4.4456672531364244e-23, nan 
-8.125, -71.625, 3.537575607668166e-23, nan 
-7.875, -71.625, 2.9647511960118415e-23, nan 
-7.625, -71.625, 1.2006924231033902e-23, nan 
-7.375, -71.625, 2.1507015141488997e-23, nan 
-7.125, -71.625, 4.6223778512087454e-23, nan 
-6.875, -71.625, 4.454649839966944e-23, nan 
-6.625, -71.625, 4.7027546315794436e-23, nan 
-6.375, -71.625, 5.18466630023014e-23, nan 
-6.125, -71.625, 3.1851771329761744e-24, nan 
-5.875, -71.625, 9.466470088871415e-25, nan 
-5.625, -71.625, 2.1689122255136777e-23, nan 
-5.375, -71.625, 7.252149303121208e-23, nan 
-5.125, -71.625, 4.6421757483654983e-23, nan 
-4.875, -71.625, 4.541549113214172e-23, nan 
-4.625, -71.625, 3.58756726999544e-23, nan 
-4.375, -71.625, 4.9083693609003684e-23, nan 
-4.125, -71.625, 8.353462319523067e-24, nan 
-3.875, -71.625, 2.580005312878522e-23, nan 
-3.625, -71.625, 3.6693070340381935e-23, nan 
-3.375, -71.625, 3.930595999058916e-24, nan 
-3.125, -71.625, 5.0808235050127435e-24, nan 
-2.875, -71.625, 7.094178659896793e-24, nan 
-2.625, -71.625, 7.169327490103851e-24, nan 
-2.375, -71.625, 5.445886718546355e-24, nan 
-2.125, -71.625, 1.2854730841817975e-23, nan 
-1.875, -71.625, 8.397945026199428e-24, nan 
-1.625, -71.625, 6.220825893035463e-23, nan 
-1.375, -71.625, 5.672966439965217e-24, nan 
-1.125, -71.625, 9.640045804970309e-23, nan 
-0.875, -71.625, 1.035965728025638e-22, nan 
-0.625, -71.625, 1.3607888422210303e-22, nan 
-0.375, -71.625, 1.3766875956060867e-22, nan 
-0.125, -71.625, 1.0498782009657389e-22, nan 
0.125, -71.625, 1.5419519460727237e-22, nan 
0.375, -71.625, 1.161559165660957e-22, nan 
0.625, -71.625, 1.3632226980396203e-22, nan 
0.875, -71.625, 9.916938108312232e-23, nan 
1.125, -71.625, 8.937536686811959e-23, nan 
1.375, -71.625, 1.2143208131198793e-22, nan 
1.625, -71.625, 8.57173904032706e-23, nan 
1.875, -71.625, 1.4072825648597135e-22, nan 
2.125, -71.625, 1.2596835293391146e-22, nan 
2.375, -71.625, 9.530032404678285e-23, nan 
2.625, -71.625, 1.2431712619779455e-22, nan 
2.875, -71.625, 1.2798260073753642e-22, nan 
3.125, -71.625, 7.096789617052461e-23, nan 
3.375, -71.625, 8.719696854242631e-24, nan 
3.625, -71.625, 6.250780312242971e-24, nan 
3.875, -71.625, 5.810875263756831e-24, nan 
4.125, -71.625, 1.686023182619425e-23, nan 
-36.875, -71.375, 1.114024912690896e-23, nan 
-36.625, -71.375, 1.3453802820307672e-23, nan 
-36.375, -71.375, 1.7077348112591515e-23, nan 
-36.125, -71.375, 1.4407050600711158e-23, nan 
-35.875, -71.375, 4.4470056876704725e-23, nan 
-35.625, -71.375, 6.62724151168697e-23, nan 
-35.375, -71.375, 6.586758416234541e-23, nan 
-35.125, -71.375, 4.3279145716058857e-23, nan 
-34.875, -71.375, 1.1074166440312162e-23, nan 
-34.625, -71.375, 9.392018144569468e-24, nan 
-34.375, -71.375, 9.74123318887537e-24, nan 
-34.125, -71.375, 1.1221133356677822e-23, nan 
-33.875, -71.375, 7.711986097161266e-24, nan 
-33.625, -71.375, 5.869848401231068e-24, nan 
-33.375, -71.375, 2.014493147146912e-23, nan 
-33.125, -71.375, 1.5128720910400015e-23, nan 
-32.875, -71.375, 4.690653155995876e-24, nan 
-32.625, -71.375, 2.5780064892607317e-23, nan 
-32.375, -71.375, 3.494409699159079e-23, nan 
-32.125, -71.375, 3.762959812452713e-23, nan 
-31.875, -71.375, 4.797796911321181e-23, nan 
-31.625, -71.375, 5.731483203493448e-23, nan 
-31.375, -71.375, 6.189864824122124e-23, nan 
-31.125, -71.375, 6.396597817497634e-23, nan 
-30.875, -71.375, 7.267548440194889e-23, nan 
-30.625, -71.375, 8.214351055111372e-23, nan 
-30.375, -71.375, 8.932317596730696e-23, nan 
-30.125, -71.375, 1.1855726919856144e-22, nan 
-29.875, -71.375, 9.457104962658759e-23, nan 
-29.625, -71.375, 9.604562901817486e-23, nan 
-29.375, -71.375, 9.468401760854046e-23, nan 
-29.125, -71.375, 6.119226360419648e-23, nan 
-28.875, -71.375, 1.4878407744873838e-23, nan 
-28.625, -71.375, 1.0649836036184067e-23, nan 
-28.375, -71.375, 6.697519751130313e-24, nan 
-28.125, -71.375, 7.658115575563366e-24, nan 
-27.875, -71.375, 2.4294391208269772e-23, nan 
-27.625, -71.375, 6.023526393664348e-23, nan 
-27.375, -71.375, 5.455862474415937e-23, nan 
-27.125, -71.375, 5.544161359931147e-23, nan 
-26.875, -71.375, 7.12517498153795e-23, nan 
-26.625, -71.375, 8.250274686875913e-23, nan 
-26.375, -71.375, 6.111375253061312e-23, nan 
-26.125, -71.375, 3.7183212302385994e-23, nan 
-25.875, -71.375, 3.5641801293408364e-23, nan 
-25.625, -71.375, 2.3019096764866412e-23, nan 
-25.375, -71.375, 1.8189239630984174e-23, nan 
-25.125, -71.375, 1.4822848364045778e-23, nan 
-24.875, -71.375, 1.1182133053963264e-23, nan 
-24.625, -71.375, 1.0809272548535068e-23, nan 
-24.375, -71.375, 2.402194517109544e-23, nan 
-24.125, -71.375, 2.477747543064995e-23, nan 
-23.875, -71.375, 1.8775139293426454e-23, nan 
-23.625, -71.375, 1.5465353186300925e-23, nan 
-23.375, -71.375, 1.6126528682392365e-23, nan 
-23.125, -71.375, 1.427408572768088e-23, nan 
-22.875, -71.375, 6.3475676907940846e-24, nan 
-22.625, -71.375, 5.350616441467867e-24, nan 
-22.375, -71.375, 1.4168558543985898e-23, nan 
-22.125, -71.375, 1.3638427559028547e-23, nan 
-21.875, -71.375, 1.4602786719881127e-23, nan 
-21.625, -71.375, 2.0366153441175903e-23, nan 
-21.375, -71.375, 2.2970009045789837e-23, nan 
-21.125, -71.375, 2.940661974568847e-23, nan 
-20.875, -71.375, 2.7913265044399476e-23, nan 
-20.625, -71.375, 4.150268176717997e-23, nan 
-20.375, -71.375, 5.082445355596466e-23, nan 
-20.125, -71.375, 5.0307495322086824e-23, nan 
-19.875, -71.375, 5.946055500604013e-23, nan 
-19.625, -71.375, 8.404651921846569e-23, nan 
-19.375, -71.375, 8.577539037427506e-23, nan 
-19.125, -71.375, 4.73156669224091e-23, nan 
-18.875, -71.375, 6.121210459466644e-23, nan 
-18.625, -71.375, 6.774498653365736e-23, nan 
-18.375, -71.375, 3.133070265837321e-23, nan 
-18.125, -71.375, 1.5711898529767212e-23, nan 
-17.875, -71.375, 1.5856521960933823e-23, nan 
-17.625, -71.375, 1.7807617341484725e-23, nan 
-17.375, -71.375, 1.1980743304286055e-23, nan 
-17.125, -71.375, 1.4996337148961593e-23, nan 
-16.875, -71.375, 1.9503666192484123e-23, nan 
-16.625, -71.375, 3.5916414687919345e-23, nan 
-16.375, -71.375, 3.7810595092779885e-23, nan 
-16.125, -71.375, 3.743507869105201e-23, nan 
-15.875, -71.375, 3.5216794429541646e-23, nan 
-15.625, -71.375, 3.205083340887071e-23, nan 
-15.375, -71.375, 3.254658996394598e-23, nan 
-15.125, -71.375, 9.529040444242258e-24, nan 
-14.875, -71.375, 5.1053609381542026e-24, nan 
-14.625, -71.375, 4.261001830181215e-24, nan 
-14.375, -71.375, 1.0947796021085878e-23, nan 
-14.125, -71.375, 1.5710584667228755e-23, nan 
-13.875, -71.375, 1.37179130666306e-23, nan 
-13.625, -71.375, 1.7772531665041776e-23, nan 
-13.375, -71.375, 2.2932460617375165e-23, nan 
-13.125, -71.375, 2.1896641319385183e-23, nan 
-12.875, -71.375, 1.3311554748259236e-23, nan 
-12.625, -71.375, 3.870045174470507e-23, nan 
-12.375, -71.375, 3.9256446745089736e-23, nan 
-12.125, -71.375, 4.111636531401216e-23, nan 
-11.875, -71.375, 4.7390032740234003e-23, nan 
-11.625, -71.375, 4.850348998111852e-23, nan 
-11.375, -71.375, 2.7039081110774815e-23, nan 
-11.125, -71.375, 4.0149844759682815e-23, nan 
-10.875, -71.375, 3.395314014801382e-23, nan 
-10.625, -71.375, 2.107496547631619e-23, nan 
-10.375, -71.375, 2.7901215062054934e-23, nan 
-10.125, -71.375, 2.139136957512996e-23, nan 
-9.875, -71.375, 3.2371484688370774e-24, nan 
-9.625, -71.375, 1.0044348085021682e-23, nan 
-9.375, -71.375, 1.0794689752972332e-23, nan 
-9.125, -71.375, 4.085195777255856e-24, nan 
-8.875, -71.375, 4.719671055813174e-24, nan 
-8.625, -71.375, 5.050110851358829e-24, nan 
-8.375, -71.375, 6.383665268604186e-24, nan 
-8.125, -71.375, 6.333288780804957e-24, nan 
-7.875, -71.375, 3.68430694022487e-24, nan 
-7.625, -71.375, 3.719073901595666e-24, nan 
-7.375, -71.375, 7.804489803119259e-24, nan 
-7.125, -71.375, 2.5079440764046878e-23, nan 
-6.875, -71.375, 3.399375579804836e-24, nan 
-6.625, -71.375, 1.4777971477859237e-24, nan 
-6.375, -71.375, 1.3591656318244665e-24, nan 
-6.125, -71.375, 1.6327427617394474e-24, nan 
-5.875, -71.375, 2.0736890947062045e-24, nan 
-5.625, -71.375, 1.891491667434579e-24, nan 
-5.375, -71.375, 1.7726769975472096e-24, nan 
-5.125, -71.375, 2.4591677623588407e-24, nan 
-4.875, -71.375, 7.097023887785307e-24, nan 
-4.625, -71.375, 2.6849910458519502e-24, nan 
-4.375, -71.375, 3.2825560743256957e-24, nan 
-4.125, -71.375, 5.216503515014704e-24, nan 
-3.875, -71.375, 4.532253954415697e-24, nan 
-3.625, -71.375, 6.174344744525213e-24, nan 
-3.375, -71.375, 7.055387823890163e-24, nan 
-3.125, -71.375, 5.804205866048773e-24, nan 
-2.875, -71.375, 1.8380050130845337e-23, nan 
-2.625, -71.375, 1.3911660232202726e-23, nan 
-2.375, -71.375, 8.25215508601996e-24, nan 
-2.125, -71.375, 2.6689757041060635e-23, nan 
-1.875, -71.375, 1.9891901014074624e-23, nan 
-1.625, -71.375, 2.1616094528518534e-23, nan 
-1.375, -71.375, 9.022847013814421e-23, nan 
-1.125, -71.375, 1.0106715503553096e-22, nan 
-0.875, -71.375, 1.0133984485482242e-22, nan 
-0.625, -71.375, 1.4469145033465617e-22, nan 
-0.375, -71.375, 1.1579370006434658e-22, nan 
-0.125, -71.375, 9.197183713375326e-23, nan 
0.125, -71.375, 2.6764319388598693e-23, nan 
0.375, -71.375, 4.5082033277982655e-23, nan 
0.625, -71.375, 4.899698219861571e-23, nan 
0.875, -71.375, 8.187978233464734e-23, nan 
1.125, -71.375, 8.237870330158613e-23, nan 
1.375, -71.375, 8.667116113052492e-23, nan 
1.625, -71.375, 1.6419054248221838e-22, nan 
1.875, -71.375, 1.817534460485437e-22, nan 
2.125, -71.375, 7.002754041650717e-23, nan 
2.375, -71.375, 9.476738036533312e-23, nan 
2.625, -71.375, 1.746636180495191e-22, nan 
2.875, -71.375, 1.622893053137513e-22, nan 
3.125, -71.375, 8.186397179892738e-23, nan 
3.375, -71.375, 1.0321215409319203e-22, nan 
3.625, -71.375, 1.09861806892227e-22, nan 
3.875, -71.375, 1.7327405761271384e-23, nan 
4.125, -71.375, 2.883824212108923e-23, nan 
4.375, -71.375, 1.0845667660207904e-23, nan 
-36.625, -71.125, 1.1683582123266208e-23, nan 
-36.375, -71.125, 1.0396705128781558e-23, nan 
-36.125, -71.125, 9.297203315221859e-24, nan 
-35.875, -71.125, 9.776659275981558e-24, nan 
-35.625, -71.125, 9.604399184351629e-24, nan 
-35.375, -71.125, 9.394095387292094e-24, nan 
-35.125, -71.125, 1.1240696392963668e-23, nan 
-34.875, -71.125, 8.811480513645393e-24, nan 
-34.625, -71.125, 1.0656382230132837e-23, nan 
-34.375, -71.125, 1.4729604148622435e-23, nan 
-34.125, -71.125, 1.129375351304636e-23, nan 
-33.875, -71.125, 8.109164039672805e-24, nan 
-33.625, -71.125, 4.4588401997017355e-24, nan 
-33.375, -71.125, 1.6559202193102148e-23, nan 
-33.125, -71.125, 1.2771021847031448e-23, nan 
-32.875, -71.125, 6.034420219484344e-24, nan 
-32.625, -71.125, 6.866095335899744e-24, nan 
-32.375, -71.125, 8.281934943664269e-24, nan 
-32.125, -71.125, 8.998241018189696e-24, nan 
-31.875, -71.125, 1.3770855332672157e-23, nan 
-31.625, -71.125, 2.156666531375379e-23, nan 
-31.375, -71.125, 2.503612228494971e-23, nan 
-31.125, -71.125, 1.6521578477616368e-23, nan 
-30.875, -71.125, 6.372182629140531e-23, nan 
-30.625, -71.125, 8.779977083445678e-23, nan 
-30.375, -71.125, 6.959727648684116e-23, nan 
-30.125, -71.125, 1.2279870071485108e-22, nan 
-29.875, -71.125, 1.3771139087538533e-22, nan 
-29.625, -71.125, 9.554148194830594e-23, nan 
-29.375, -71.125, 8.444545776288473e-23, nan 
-29.125, -71.125, 7.99431794345181e-23, nan 
-28.875, -71.125, 7.75349936935069e-23, nan 
-28.625, -71.125, 7.489048594821424e-23, nan 
-28.375, -71.125, 6.217262203140886e-23, nan 
-28.125, -71.125, 6.313551692648264e-23, nan 
-27.875, -71.125, 7.988744295646265e-23, nan 
-27.625, -71.125, 1.2722928940212023e-22, nan 
-27.375, -71.125, 1.2272138529379718e-22, nan 
-27.125, -71.125, 9.204699692889318e-23, nan 
-26.875, -71.125, 1.0504712447587971e-22, nan 
-26.625, -71.125, 1.0943295983426473e-22, nan 
-26.375, -71.125, 7.836485616208483e-23, nan 
-26.125, -71.125, 2.3215864845063814e-23, nan 
-25.875, -71.125, 1.4866824331172467e-23, nan 
-25.625, -71.125, 2.254437767174048e-23, nan 
-25.375, -71.125, 2.0078600078530002e-23, nan 
-25.125, -71.125, 1.6468859709925758e-23, nan 
-24.875, -71.125, 1.6343039732089955e-23, nan 
-24.625, -71.125, 1.3300122505271827e-23, nan 
-24.375, -71.125, 1.242705326548214e-23, nan 
-24.125, -71.125, 1.412778766573151e-23, nan 
-23.875, -71.125, 1.1244136648900891e-23, nan 
-23.625, -71.125, 8.066472943679035e-24, nan 
-23.375, -71.125, 1.3530065244674564e-23, nan 
-23.125, -71.125, 1.0316799620043968e-23, nan 
-22.875, -71.125, 8.275456743498722e-24, nan 
-22.625, -71.125, 8.371582752594023e-24, nan 
-22.375, -71.125, 1.5926493666896246e-23, nan 
-22.125, -71.125, 1.7819109205323443e-23, nan 
-21.875, -71.125, 1.6490850602465117e-23, nan 
-21.625, -71.125, 1.1430652784497915e-23, nan 
-21.375, -71.125, 2.0504325795229218e-23, nan 
-21.125, -71.125, 1.9376829742044456e-23, nan 
-20.875, -71.125, 1.2950924739008908e-23, nan 
-20.625, -71.125, 2.8523295389161454e-23, nan 
-20.375, -71.125, 5.179989003260893e-23, nan 
-20.125, -71.125, 5.516423249124749e-23, nan 
-19.875, -71.125, 2.857155055989011e-23, nan 
-19.625, -71.125, 6.290285156531856e-23, nan 
-19.375, -71.125, 7.819333533504234e-23, nan 
-19.125, -71.125, 5.437116499982515e-23, nan 
-18.875, -71.125, 5.1956917487741713e-23, nan 
-18.625, -71.125, 6.295973669396561e-23, nan 
-18.375, -71.125, 5.2234589413405505e-23, nan 
-18.125, -71.125, 6.192763726623576e-23, nan 
-17.875, -71.125, 6.100798132216108e-23, nan 
-17.625, -71.125, 1.7896561512192407e-23, nan 
-17.375, -71.125, 1.3252245707016176e-23, nan 
-17.125, -71.125, 1.1385793059896541e-23, nan 
-16.875, -71.125, 9.085198410196948e-23, nan 
-16.625, -71.125, 9.419055959847908e-23, nan 
-16.375, -71.125, 9.538229186177311e-23, nan 
-16.125, -71.125, 5.2602415091737874e-23, nan 
-15.875, -71.125, 5.31368490523668e-23, nan 
-15.625, -71.125, 4.697216715911682e-23, nan 
-15.375, -71.125, 4.2192459054465965e-23, nan 
-15.125, -71.125, 3.302173074698119e-23, nan 
-14.875, -71.125, 1.9082373479962036e-23, nan 
-14.625, -71.125, 1.5666753105463756e-23, nan 
-14.375, -71.125, 1.2064932762918521e-23, nan 
-14.125, -71.125, 1.5875787827242227e-23, nan 
-13.875, -71.125, 8.427607115727694e-24, nan 
-13.625, -71.125, 1.017877799244951e-23, nan 
-13.375, -71.125, 1.6165308139486775e-23, nan 
-13.125, -71.125, 1.8101650243965193e-23, nan 
-12.875, -71.125, 3.410942283746711e-23, nan 
-12.625, -71.125, 1.7134841352658828e-23, nan 
-12.375, -71.125, 1.8387564134028552e-23, nan 
-12.125, -71.125, 4.7997430359004746e-23, nan 
-11.875, -71.125, 3.028760032740281e-23, nan 
-11.625, -71.125, 2.93812377464255e-23, nan 
-11.375, -71.125, 2.7656538503346335e-23, nan 
-11.125, -71.125, 3.86846017384451e-23, nan 
-10.875, -71.125, 3.166896116353956e-23, nan 
-10.625, -71.125, 1.2753197128466622e-23, nan 
-10.375, -71.125, 1.8275552343407263e-23, nan 
-10.125, -71.125, 1.5590001645386999e-23, nan 
-9.875, -71.125, 3.4110192022991965e-24, nan 
-9.625, -71.125, 2.2903071094793756e-24, nan 
-9.375, -71.125, 2.850751370189811e-24, nan 
-9.125, -71.125, 2.7024679441227314e-24, nan 
-8.875, -71.125, 4.0468739468351304e-24, nan 
-8.625, -71.125, 6.538400101961314e-24, nan 
-8.375, -71.125, 6.972467250985156e-24, nan 
-8.125, -71.125, 8.682212580077857e-24, nan 
-7.875, -71.125, 6.2656498152542566e-24, nan 
-7.625, -71.125, 7.74956838348194e-24, nan 
-7.375, -71.125, 2.790987882158551e-23, nan 
-7.125, -71.125, 8.593388147422336e-24, nan 
-6.875, -71.125, 3.1353273835947233e-24, nan 
-6.625, -71.125, 2.447002907080212e-24, nan 
-6.375, -71.125, 2.7661440635389582e-24, nan 
-6.125, -71.125, 3.1981388848242106e-24, nan 
-5.875, -71.125, 3.477457019297206e-24, nan 
-5.625, -71.125, 5.618021838409644e-24, nan 
-5.375, -71.125, 6.172663654039493e-24, nan 
-5.125, -71.125, 8.625410864371983e-24, nan 
-4.875, -71.125, 6.790677296964979e-24, nan 
-4.625, -71.125, 5.443387143070562e-24, nan 
-4.375, -71.125, 4.596943841323328e-24, nan 
-4.125, -71.125, 9.397505802980697e-24, nan 
-3.875, -71.125, 1.0301789593931236e-23, nan 
-3.625, -71.125, 8.383505918070153e-23, nan 
-3.375, -71.125, 2.3154950279796528e-23, nan 
-3.125, -71.125, 3.8864039406346373e-23, nan 
-2.875, -71.125, 2.5331976560934763e-23, nan 
-2.625, -71.125, 5.881220784477603e-23, nan 
-2.375, -71.125, 5.583574538915182e-23, nan 
-2.125, -71.125, 3.178859320935759e-23, nan 
-1.875, -71.125, 2.0880105475327372e-23, nan 
-1.625, -71.125, 1.0590623127252318e-23, nan 
-1.375, -71.125, 3.2853636493487466e-23, nan 
-1.125, -71.125, 5.93453684984133e-23, nan 
-0.875, -71.125, 1.26054222151955e-22, nan 
-0.625, -71.125, 1.3213138496398012e-22, nan 
-0.375, -71.125, 1.1507645157982029e-22, nan 
-0.125, -71.125, 1.468862531422878e-22, nan 
0.125, -71.125, 1.101750275708204e-22, nan 
0.375, -71.125, 8.423331849752761e-23, nan 
0.625, -71.125, 5.1845638022218265e-23, nan 
0.875, -71.125, 3.7563832185732034e-23, nan 
1.125, -71.125, 6.674598738841783e-23, nan 
1.375, -71.125, 1.6003460752872393e-22, nan 
1.625, -71.125, 2.1220495641895098e-22, nan 
1.875, -71.125, 1.6444924546461374e-22, nan 
2.125, -71.125, 8.838982207712676e-23, nan 
2.375, -71.125, 1.2533137206291236e-22, nan 
2.625, -71.125, 1.0428543999143411e-22, nan 
2.875, -71.125, 1.0567881932411788e-22, nan 
3.125, -71.125, 8.646945817110532e-23, nan 
3.375, -71.125, 1.1287898799073588e-22, nan 
3.625, -71.125, 1.2606284845657172e-22, nan 
3.875, -71.125, 1.2185441086151816e-22, nan 
4.125, -71.125, 9.471580377824503e-23, nan 
4.375, -71.125, 7.89880590647031e-24, nan 
-36.125, -70.875, 1.4875034601745556e-23, nan 
-35.875, -70.875, 3.821171373602645e-24, nan 
-35.625, -70.875, 6.947225174483298e-24, nan 
-35.375, -70.875, 4.515153808010395e-24, nan 
-35.125, -70.875, 4.523123321109459e-24, nan 
-34.875, -70.875, 2.083823371083361e-24, nan 
-34.625, -70.875, 5.661516899625186e-24, nan 
-34.375, -70.875, 1.609539663599791e-23, nan 
-34.125, -70.875, 2.2311207691887974e-23, nan 
-33.875, -70.875, 1.4590680053296002e-23, nan 
-33.625, -70.875, 1.1863737899901113e-23, nan 
-33.375, -70.875, 2.3385231724737642e-23, nan 
-33.125, -70.875, 1.5465303143305614e-23, nan 
-32.875, -70.875, 9.403221108290914e-24, nan 
-32.625, -70.875, 8.655776249214127e-24, nan 
-32.375, -70.875, 9.20710692934631e-24, nan 
-32.125, -70.875, 8.88083182412012e-24, nan 
-31.875, -70.875, 1.4870967589575394e-23, nan 
-31.625, -70.875, 1.8859520134784603e-23, nan 
-31.375, -70.875, 2.288724370628053e-23, nan 
-31.125, -70.875, 2.695637147926554e-23, nan 
-30.875, -70.875, 2.3175508643518582e-23, nan 
-30.625, -70.875, 2.5828294301805778e-23, nan 
-30.375, -70.875, 4.239895470853683e-23, nan 
-30.125, -70.875, 6.615106684001665e-23, nan 
-29.875, -70.875, 9.508009597775195e-23, nan 
-29.625, -70.875, 1.0054903428527637e-22, nan 
-29.375, -70.875, 7.257939855802779e-23, nan 
-29.125, -70.875, 8.893347787760887e-23, nan 
-28.875, -70.875, 8.530459312034238e-23, nan 
-28.625, -70.875, 7.977617326998094e-23, nan 
-28.375, -70.875, 7.678355259551114e-23, nan 
-28.125, -70.875, 7.127259400694278e-23, nan 
-27.875, -70.875, 8.006112437760854e-23, nan 
-27.625, -70.875, 8.902813514775248e-23, nan 
-27.375, -70.875, 8.244658701311354e-23, nan 
-27.125, -70.875, 6.032011652385024e-23, nan 
-26.875, -70.875, 2.393316065182425e-23, nan 
-26.625, -70.875, 2.691771180325824e-23, nan 
-26.375, -70.875, 3.1771916649235576e-23, nan 
-26.125, -70.875, 2.0012336246868722e-23, nan 
-25.875, -70.875, 8.953840343235391e-24, nan 
-25.625, -70.875, 1.0047822092678234e-23, nan 
-25.375, -70.875, 9.048423578403831e-24, nan 
-25.125, -70.875, 7.238498885830919e-24, nan 
-24.875, -70.875, 1.1035310263133423e-23, nan 
-24.625, -70.875, 6.967322197726292e-24, nan 
-24.375, -70.875, 8.43675375456123e-24, nan 
-24.125, -70.875, 1.2759454470104509e-23, nan 
-23.875, -70.875, 6.954427113704993e-24, nan 
-23.625, -70.875, 1.3409291801216838e-23, nan 
-23.375, -70.875, 1.7868161679240988e-23, nan 
-23.125, -70.875, 1.9492361031513637e-23, nan 
-22.875, -70.875, 1.3141222288864226e-23, nan 
-22.625, -70.875, 1.6708269954412523e-23, nan 
-22.375, -70.875, 2.2167116713067425e-23, nan 
-22.125, -70.875, 1.7227924316196793e-23, nan 
-21.875, -70.875, 1.4603146019088562e-23, nan 
-21.625, -70.875, 4.9232236370229246e-24, nan 
-21.375, -70.875, 2.683408415466842e-23, nan 
-21.125, -70.875, 2.797111143970275e-23, nan 
-20.875, -70.875, 2.494960109092682e-23, nan 
-20.625, -70.875, 3.172782480357235e-23, nan 
-20.375, -70.875, 2.7356445385234794e-23, nan 
-20.125, -70.875, 3.6758991219351793e-23, nan 
-19.875, -70.875, 3.273296672815933e-23, nan 
-19.625, -70.875, 3.75462744545279e-23, nan 
-19.375, -70.875, 7.120434500008107e-23, nan 
-19.125, -70.875, 9.731258298455089e-23, nan 
-18.875, -70.875, 1.3792562265377312e-22, nan 
-18.625, -70.875, 1.4301084380875802e-22, nan 
-18.375, -70.875, 1.0863439626857478e-22, nan 
-18.125, -70.875, 1.195766901710563e-22, nan 
-17.875, -70.875, 1.1182521117507635e-22, nan 
-17.625, -70.875, 1.2613502044730882e-22, nan 
-17.375, -70.875, 1.2618097051888333e-22, nan 
-17.125, -70.875, 1.5488501447461042e-22, nan 
-16.875, -70.875, 1.5294601779825182e-22, nan 
-16.625, -70.875, 1.4795748114941218e-22, nan 
-16.375, -70.875, 1.4886682419850808e-22, nan 
-16.125, -70.875, 9.070147644516505e-23, nan 
-15.875, -70.875, 5.675676056214794e-23, nan 
-15.625, -70.875, 4.925316245503343e-23, nan 
-15.375, -70.875, 3.8697062512312515e-23, nan 
-15.125, -70.875, 3.000124773607366e-23, nan 
-14.875, -70.875, 3.3771846329127404e-23, nan 
-14.625, -70.875, 3.97403126791991e-23, nan 
-14.375, -70.875, 2.70446770175821e-23, nan 
-14.125, -70.875, 3.303456155390547e-23, nan 
-13.875, -70.875, 2.0002883424396838e-23, nan 
-13.625, -70.875, 1.393863739084417e-23, nan 
-13.375, -70.875, 1.1534068542722527e-23, nan 
-13.125, -70.875, 7.127558655839201e-24, nan 
-12.875, -70.875, 3.498927031228104e-24, nan 
-12.625, -70.875, 7.221693865415573e-24, nan 
-12.375, -70.875, 7.882085833855092e-24, nan 
-12.125, -70.875, 3.4703228881666544e-23, nan 
-11.875, -70.875, 1.834933591313405e-23, nan 
-11.625, -70.875, 2.020990191798295e-23, nan 
-11.375, -70.875, 3.081153182028134e-23, nan 
-11.125, -70.875, 3.244584761020479e-23, nan 
-10.875, -70.875, 2.9693156115197995e-23, nan 
-10.625, -70.875, 1.7811387584502666e-23, nan 
-10.375, -70.875, 1.379126408671441e-23, nan 
-10.125, -70.875, 2.0190197155889711e-23, nan 
-9.875, -70.875, 2.699672558430124e-23, nan 
-9.625, -70.875, 1.904298915691918e-23, nan 
-9.375, -70.875, 1.257514204830866e-23, nan 
-9.125, -70.875, 4.4649219719617314e-24, nan 
-8.875, -70.875, 1.080117989127121e-23, nan 
-8.625, -70.875, 1.9343516878224293e-23, nan 
-8.375, -70.875, 2.1739155346048677e-23, nan 
-8.125, -70.875, 4.597071187004231e-23, nan 
-7.875, -70.875, 3.999593433462195e-23, nan 
-7.625, -70.875, 2.037247267863519e-23, nan 
-7.375, -70.875, 5.904009759306834e-23, nan 
-7.125, -70.875, 1.6537155599775215e-23, nan 
-6.875, -70.875, 2.9241399603244643e-23, nan 
-6.625, -70.875, 5.169853472543689e-23, nan 
-6.375, -70.875, 3.8880049520003646e-23, nan 
-6.125, -70.875, 4.218667419827399e-23, nan 
-5.875, -70.875, 4.6128800988672686e-23, nan 
-5.625, -70.875, 4.4061307297588737e-23, nan 
-5.375, -70.875, 3.941831567832605e-23, nan 
-5.125, -70.875, 3.259651706227007e-23, nan 
-4.875, -70.875, 1.6829538311075032e-23, nan 
-4.625, -70.875, 2.0245758459727682e-23, nan 
-4.375, -70.875, 9.687761711109778e-23, nan 
-4.125, -70.875, 3.055177004015985e-23, nan 
-3.875, -70.875, 4.8962218283132597e-23, nan 
-3.625, -70.875, 1.7539445440107205e-22, nan 
-3.375, -70.875, 5.451032747270687e-23, nan 
-3.125, -70.875, 5.775561683048474e-23, nan 
-2.875, -70.875, 1.0270052399808258e-22, nan 
-2.625, -70.875, 1.0888580704967763e-22, nan 
-2.375, -70.875, 1.1154701596037773e-22, nan 
-2.125, -70.875, 5.32926314475459e-23, nan 
-1.875, -70.875, 6.097909902110008e-23, nan 
-1.625, -70.875, 7.499978650610697e-23, nan 
-1.375, -70.875, 3.512638347989621e-23, nan 
-1.125, -70.875, 3.270171461258138e-23, nan 
-0.875, -70.875, 5.0114773724762756e-23, nan 
-0.625, -70.875, 1.102265800100536e-22, nan 
-0.375, -70.875, 1.2888115371239492e-22, nan 
-0.125, -70.875, 1.452241179458517e-22, nan 
0.125, -70.875, 1.2606825071020157e-22, nan 
0.375, -70.875, 1.4362025936802465e-22, nan 
0.625, -70.875, 2.0279553277568183e-22, nan 
0.875, -70.875, 1.5942803755184955e-22, nan 
1.125, -70.875, 8.07497088250246e-23, nan 
1.375, -70.875, 2.532469359833395e-22, nan 
1.625, -70.875, 2.5858639870473354e-22, nan 
1.875, -70.875, 1.2129754595905486e-22, nan 
2.125, -70.875, 1.5832577466217018e-22, nan 
2.375, -70.875, 2.021499504621554e-22, nan 
2.625, -70.875, 7.147220622154604e-23, nan 
2.875, -70.875, 9.498204995606838e-23, nan 
3.125, -70.875, 9.153362836968247e-23, nan 
3.375, -70.875, 1.0031249863655204e-22, nan 
3.625, -70.875, 1.5569197613192218e-22, nan 
3.875, -70.875, 1.6640890711317548e-22, nan 
4.125, -70.875, 1.4267340977304593e-22, nan 
4.375, -70.875, 1.0894086900589952e-22, nan 
4.625, -70.875, 1.1762060050903732e-22, nan 
-35.875, -70.625, 6.883502267955504e-24, nan 
-35.625, -70.625, 3.638848129722795e-24, nan 
-35.375, -70.625, 7.268604274869576e-24, nan 
-35.125, -70.625, 1.1194023303024706e-23, nan 
-34.875, -70.625, 8.144417720002352e-24, nan 
-34.625, -70.625, 7.242435643916646e-24, nan 
-34.375, -70.625, 1.2604481222860618e-23, nan 
-34.125, -70.625, 1.1703768531437609e-23, nan 
-33.875, -70.625, 1.0868974207574004e-23, nan 
-33.625, -70.625, 5.605785701193106e-24, nan 
-33.375, -70.625, 1.0683454455373273e-23, nan 
-33.125, -70.625, 1.1569464892395694e-23, nan 
-32.875, -70.625, 4.638976337135768e-24, nan 
-32.625, -70.625, 3.365915285782426e-24, nan 
-32.375, -70.625, 8.827764738864432e-24, nan 
-32.125, -70.625, 8.327361891106692e-24, nan 
-31.875, -70.625, 5.526289072558702e-24, nan 
-31.625, -70.625, 1.018198398515872e-23, nan 
-31.375, -70.625, 1.6095480931373933e-23, nan 
-31.125, -70.625, 1.724585171242316e-23, nan 
-30.875, -70.625, 1.7352355754835865e-23, nan 
-30.625, -70.625, 3.679547823587132e-23, nan 
-30.375, -70.625, 3.0264712987683704e-23, nan 
-30.125, -70.625, 2.947943452072988e-23, nan 
-29.875, -70.625, 8.831996322680252e-23, nan 
-29.625, -70.625, 7.594565787545927e-23, nan 
-29.375, -70.625, 3.618271532177469e-23, nan 
-29.125, -70.625, 6.420272598323988e-23, nan 
-28.875, -70.625, 5.391531078456428e-23, nan 
-28.625, -70.625, 3.461499503447049e-23, nan 
-28.375, -70.625, 2.1590754286770866e-23, nan 
-28.125, -70.625, 2.5895478729557798e-23, nan 
-27.875, -70.625, 3.3700226409121927e-23, nan 
-27.625, -70.625, 2.899764330673014e-23, nan 
-27.375, -70.625, 3.3290164128316274e-23, nan 
-27.125, -70.625, 3.783643679760274e-23, nan 
-26.875, -70.625, 3.2009319821678477e-23, nan 
-26.625, -70.625, 3.5655691694572954e-23, nan 
-26.375, -70.625, 5.0298247918660495e-23, nan 
-26.125, -70.625, 4.277474346031299e-23, nan 
-25.875, -70.625, 4.457857845692376e-23, nan 
-25.625, -70.625, 4.4410933336273274e-23, nan 
-25.375, -70.625, 4.156327826892544e-23, nan 
-25.125, -70.625, 3.283750417969213e-23, nan 
-24.875, -70.625, 3.0736751703793617e-23, nan 
-24.625, -70.625, 2.0997182589220897e-23, nan 
-24.375, -70.625, 1.9452843520448703e-23, nan 
-24.125, -70.625, 1.9622851962151794e-23, nan 
-23.875, -70.625, 2.062526976698692e-23, nan 
-23.625, -70.625, 3.085682046707736e-23, nan 
-23.375, -70.625, 3.202101267368031e-23, nan 
-23.125, -70.625, 2.6853332359045074e-23, nan 
-22.875, -70.625, 2.9692264885388987e-23, nan 
-22.625, -70.625, 2.833599943993003e-23, nan 
-22.375, -70.625, 3.178349976758227e-23, nan 
-22.125, -70.625, 3.4568115462557707e-23, nan 
-21.875, -70.625, 2.2763822029401067e-23, nan 
-21.625, -70.625, 4.53520012485315e-23, nan 
-21.375, -70.625, 3.394694799170955e-23, nan 
-21.125, -70.625, 3.2336505239311544e-23, nan 
-20.875, -70.625, 4.086311815123733e-23, nan 
-20.625, -70.625, 4.033561623516812e-23, nan 
-20.375, -70.625, 3.2006757139732625e-23, nan 
-20.125, -70.625, 2.6527038376643244e-23, nan 
-19.875, -70.625, 5.170344363376984e-23, nan 
-19.625, -70.625, 1.0071921776349798e-22, nan 
-19.375, -70.625, 1.2232159174021957e-22, nan 
-19.125, -70.625, 1.2001532285886869e-22, nan 
-18.875, -70.625, 1.4954324350277267e-22, nan 
-18.625, -70.625, 1.5857287889657643e-22, nan 
-18.375, -70.625, 1.2383289911628323e-22, nan 
-18.125, -70.625, 4.7782309570502955e-23, nan 
-17.875, -70.625, 5.283365067682991e-23, nan 
-17.625, -70.625, 1.1057487377081703e-22, nan 
-17.375, -70.625, 1.0116589636656326e-22, nan 
-17.125, -70.625, 1.4628101313558746e-22, nan 
-16.875, -70.625, 1.2844696905431047e-22, nan 
-16.625, -70.625, 1.3070039976059108e-22, nan 
-16.375, -70.625, 1.378027233400538e-22, nan 
-16.125, -70.625, 1.1489735154425875e-22, nan 
-15.875, -70.625, 7.693888666638533e-23, nan 
-15.625, -70.625, 8.832276680779323e-23, nan 
-15.375, -70.625, 6.952764196839266e-23, nan 
-15.125, -70.625, 8.465863263808e-23, nan 
-14.875, -70.625, 4.0754817741541567e-23, nan 
-14.625, -70.625, 6.012185725112376e-23, nan 
-14.375, -70.625, 3.54979030529471e-23, nan 
-14.125, -70.625, 4.9661401036928107e-23, nan 
-13.875, -70.625, 3.624866759071835e-23, nan 
-13.625, -70.625, 3.377926951459089e-23, nan 
-13.375, -70.625, 5.693143985212436e-23, nan 
-13.125, -70.625, 3.6336577612855025e-23, nan 
-12.875, -70.625, 1.4308067681865913e-23, nan 
-12.625, -70.625, 1.1741492488593113e-23, nan 
-12.375, -70.625, 3.962952242878574e-24, nan 
-12.125, -70.625, 3.425970869040983e-24, nan 
-11.875, -70.625, 8.727947522374777e-24, nan 
-11.625, -70.625, 6.848154263752468e-24, nan 
-11.375, -70.625, 9.325468869326786e-24, nan 
-11.125, -70.625, 1.3221725020221804e-23, nan 
-10.875, -70.625, 1.744491615820734e-23, nan 
-10.625, -70.625, 1.9244150416123214e-23, nan 
-10.375, -70.625, 1.653800820797113e-23, nan 
-10.125, -70.625, 2.6786943075111426e-23, nan 
-9.875, -70.625, 5.025139659635943e-23, nan 
-9.625, -70.625, 2.836007566335584e-23, nan 
-9.375, -70.625, 1.8959774968066235e-23, nan 
-9.125, -70.625, 4.4382620127023126e-23, nan 
-8.875, -70.625, 3.957440087486551e-23, nan 
-8.625, -70.625, 3.674463557964668e-23, nan 
-8.375, -70.625, 3.605358275593729e-23, nan 
-8.125, -70.625, 7.18706659841172e-23, nan 
-7.875, -70.625, 8.175309834237682e-23, nan 
-7.625, -70.625, 4.645846464460111e-23, nan 
-7.375, -70.625, 7.426338893466229e-23, nan 
-7.125, -70.625, 6.835508098169646e-23, nan 
-6.875, -70.625, 8.165897394986711e-23, nan 
-6.625, -70.625, 9.205381796223343e-23, nan 
-6.375, -70.625, 8.595549420467858e-23, nan 
-6.125, -70.625, 8.400552288504949e-23, nan 
-5.875, -70.625, 9.179177022153183e-23, nan 
-5.625, -70.625, 9.221450284889977e-23, nan 
-5.375, -70.625, 9.713678329608164e-23, nan 
-5.125, -70.625, 8.322383611329368e-23, nan 
-4.875, -70.625, 6.514836910193307e-23, nan 
-4.625, -70.625, 6.598974726288714e-23, nan 
-4.375, -70.625, 6.601056186901614e-23, nan 
-4.125, -70.625, 6.722451728678641e-23, nan 
-3.875, -70.625, 8.729828081301328e-23, nan 
-3.625, -70.625, 1.3743748255032116e-22, nan 
-3.375, -70.625, 1.3601830858994094e-22, nan 
-3.125, -70.625, 1.5485851356448135e-22, nan 
-2.875, -70.625, 1.592828738919696e-22, nan 
-2.625, -70.625, 2.2077953648177326e-22, nan 
-2.375, -70.625, 2.4074910220754855e-22, nan 
-2.125, -70.625, 1.2291327756658307e-22, nan 
-1.875, -70.625, 1.159794381700679e-22, nan 
-1.625, -70.625, 1.3448107894783386e-22, nan 
-1.375, -70.625, 1.1435524867328848e-22, nan 
-1.125, -70.625, 7.3196834528224e-23, nan 
-0.875, -70.625, 6.905715912370676e-23, nan 
-0.625, -70.625, 1.094354650335161e-22, nan 
-0.375, -70.625, 1.1623360182916532e-22, nan 
-0.125, -70.625, 7.823459608772923e-23, nan 
0.125, -70.625, 7.134537697942328e-23, nan 
0.375, -70.625, 7.424680764109947e-23, nan 
0.625, -70.625, 1.0724158825862007e-22, nan 
0.875, -70.625, 1.3848594819377675e-22, nan 
1.125, -70.625, 8.767170487161223e-23, nan 
1.375, -70.625, 9.916131287997622e-23, nan 
1.625, -70.625, 8.69457210776841e-23, nan 
1.875, -70.625, 8.14585888167957e-23, nan 
2.125, -70.625, 1.0755964345896994e-22, nan 
2.375, -70.625, 1.5985465432958222e-22, nan 
2.625, -70.625, 1.3122807962806114e-22, nan 
2.875, -70.625, 1.5597273357270908e-22, nan 
3.125, -70.625, 1.8036615724785122e-22, nan 
3.375, -70.625, 1.3723626193148484e-22, nan 
3.625, -70.625, 1.7646489112969712e-22, nan 
3.875, -70.625, 1.7238262339672042e-22, nan 
4.125, -70.625, 1.2650366738870766e-22, nan 
4.375, -70.625, 1.2863824286097698e-22, nan 
4.625, -70.625, 1.3085551740222477e-22, nan 
-35.375, -70.375, 7.649980348180562e-24, nan 
-35.125, -70.375, 1.2599530723920378e-23, nan 
-34.875, -70.375, 1.3731981495347684e-23, nan 
-34.625, -70.375, 9.228943885981177e-24, nan 
-34.375, -70.375, 1.4173996027857223e-23, nan 
-34.125, -70.375, 1.280229980099361e-23, nan 
-33.875, -70.375, 9.176033240281246e-24, nan 
-33.625, -70.375, 1.7858884299046443e-24, nan 
-33.375, -70.375, 7.017129552185603e-24, nan 
-33.125, -70.375, 7.17567933216904e-24, nan 
-32.875, -70.375, 9.342699912858227e-24, nan 
-32.625, -70.375, 1.0146934760478003e-23, nan 
-32.375, -70.375, 8.696779339153012e-24, nan 
-32.125, -70.375, 1.1110935232906888e-23, nan 
-31.875, -70.375, 1.2871362870930329e-23, nan 
-31.625, -70.375, 2.5233207304547177e-23, nan 
-31.375, -70.375, 4.564817858545461e-23, nan 
-31.125, -70.375, 5.2464345139852074e-23, nan 
-30.875, -70.375, 1.2697705209782946e-23, nan 
-30.625, -70.375, 1.525791839069773e-23, nan 
-30.375, -70.375, 9.554692865903913e-24, nan 
-30.125, -70.375, 9.010433176186751e-24, nan 
-29.875, -70.375, 3.7770106692941814e-23, nan 
-29.625, -70.375, 3.0004938713191914e-23, nan 
-29.375, -70.375, 2.8709082000567664e-23, nan 
-29.125, -70.375, 2.732601723346518e-23, nan 
-28.875, -70.375, 2.89909618660688e-23, nan 
-28.625, -70.375, 3.1197489628195455e-23, nan 
-28.375, -70.375, 1.1467334408568366e-23, nan 
-28.125, -70.375, 1.8676734453424565e-23, nan 
-27.875, -70.375, 2.5966410934482448e-23, nan 
-27.625, -70.375, 2.892968255016165e-23, nan 
-27.375, -70.375, 2.735185587599084e-23, nan 
-27.125, -70.375, 3.522271132691787e-23, nan 
-26.875, -70.375, 4.8575483216575105e-23, nan 
-26.625, -70.375, 5.1417121325326624e-23, nan 
-26.375, -70.375, 4.830715601182565e-23, nan 
-26.125, -70.375, 4.878605505947284e-23, nan 
-25.875, -70.375, 5.622230548885039e-23, nan 
-25.625, -70.375, 5.0830436077047996e-23, nan 
-25.375, -70.375, 5.1420290283126975e-23, nan 
-25.125, -70.375, 4.5648579267716904e-23, nan 
-24.875, -70.375, 4.885192263903214e-23, nan 
-24.625, -70.375, 4.9564175073290647e-23, nan 
-24.375, -70.375, 4.9767083660592134e-23, nan 
-24.125, -70.375, 4.438043291170195e-23, nan 
-23.875, -70.375, 4.6072797837474435e-23, nan 
-23.625, -70.375, 4.2561951695643064e-23, nan 
-23.375, -70.375, 4.085163300197575e-23, nan 
-23.125, -70.375, 3.627731857969012e-23, nan 
-22.875, -70.375, 4.0087511685671136e-23, nan 
-22.625, -70.375, 4.646898543729967e-23, nan 
-22.375, -70.375, 4.2862403714923276e-23, nan 
-22.125, -70.375, 4.1230240970332395e-23, nan 
-21.875, -70.375, 3.93290597899565e-23, nan 
-21.625, -70.375, 4.863411720368978e-23, nan 
-21.375, -70.375, 3.1331941288106796e-23, nan 
-21.125, -70.375, 2.9678561173219424e-23, nan 
-20.875, -70.375, 2.782252733282422e-23, nan 
-20.625, -70.375, 3.644973645885108e-23, nan 
-20.375, -70.375, 3.463009913890016e-23, nan 
-20.125, -70.375, 3.933999712754134e-23, nan 
-19.875, -70.375, 4.8580561399401956e-23, nan 
-19.625, -70.375, 8.725153912125415e-23, nan 
-19.375, -70.375, 9.877829177543125e-23, nan 
-19.125, -70.375, 9.398322306829349e-23, nan 
-18.875, -70.375, 1.0297279172366917e-22, nan 
-18.625, -70.375, 1.2773241358337797e-22, nan 
-18.375, -70.375, 1.078208529053897e-22, nan 
-18.125, -70.375, 3.126332786482971e-23, nan 
-17.875, -70.375, 1.8604445814101808e-23, nan 
-17.625, -70.375, 2.6378214044545024e-23, nan 
-17.375, -70.375, 2.4295509104851934e-23, nan 
-17.125, -70.375, 5.843828099594792e-23, nan 
-16.875, -70.375, 9.218651654385295e-23, nan 
-16.625, -70.375, 8.104905877644066e-23, nan 
-16.375, -70.375, 1.0386508550090623e-22, nan 
-16.125, -70.375, 1.0489518124558806e-22, nan 
-15.875, -70.375, 1.1167178878619492e-22, nan 
-15.625, -70.375, 4.1015098503049565e-23, nan 
-15.375, -70.375, 8.028439026028136e-23, nan 
-15.125, -70.375, 1.5355177271529173e-22, nan 
-14.875, -70.375, 4.860200708001536e-23, nan 
-14.625, -70.375, 6.929962727760654e-23, nan 
-14.375, -70.375, 9.33990470513761e-23, nan 
-14.125, -70.375, 7.215817453512977e-23, nan 
-13.875, -70.375, 1.2514004995296877e-22, nan 
-13.625, -70.375, 1.0916510750832912e-22, nan 
-13.375, -70.375, 1.0366869411921198e-22, nan 
-13.125, -70.375, 8.292103083503937e-23, nan 
-12.875, -70.375, 6.598940481090449e-23, nan 
-12.625, -70.375, 6.257600330916515e-23, nan 
-12.375, -70.375, 3.3112389757651663e-23, nan 
-12.125, -70.375, 1.0037132905146096e-23, nan 
-11.875, -70.375, 2.4609375907919998e-23, nan 
-11.625, -70.375, 2.1237593134139242e-23, nan 
-11.375, -70.375, 2.2580117954022854e-23, nan 
-11.125, -70.375, 2.377083018911812e-23, nan 
-10.875, -70.375, 1.2317576122499808e-23, nan 
-10.625, -70.375, 2.1712103070865853e-23, nan 
-10.375, -70.375, 2.226535298345622e-23, nan 
-10.125, -70.375, 1.5367243874912105e-23, nan 
-9.875, -70.375, 2.338251741841639e-23, nan 
-9.625, -70.375, 2.4941135455580652e-23, nan 
-9.375, -70.375, 3.38811237299003e-23, nan 
-9.125, -70.375, 3.511970821188075e-23, nan 
-8.875, -70.375, 1.6681662067399898e-23, nan 
-8.625, -70.375, 1.052770703056278e-23, nan 
-8.375, -70.375, 1.85823279234321e-23, nan 
-8.125, -70.375, 3.1428195544064184e-23, nan 
-7.875, -70.375, 3.761032219477476e-23, nan 
-7.625, -70.375, 2.5205262730787716e-23, nan 
-7.375, -70.375, 4.357629789299945e-23, nan 
-7.125, -70.375, 3.6400882299800306e-23, nan 
-6.875, -70.375, 7.156722592241866e-23, nan 
-6.625, -70.375, 8.527614325541069e-23, nan 
-6.375, -70.375, 7.889452538517182e-23, nan 
-6.125, -70.375, 8.196789306365393e-23, nan 
-5.875, -70.375, 8.370019898433354e-23, nan 
-5.625, -70.375, 8.064016594221966e-23, nan 
-5.375, -70.375, 7.437874352181752e-23, nan 
-5.125, -70.375, 6.476996198996303e-23, nan 
-4.875, -70.375, 5.42469777720478e-23, nan 
-4.625, -70.375, 2.9498014567567265e-23, nan 
-4.375, -70.375, 8.757850342233962e-24, nan 
-4.125, -70.375, 1.3110231115946488e-23, nan 
-3.875, -70.375, 6.475640594492386e-24, nan 
-3.625, -70.375, 4.2450759409190586e-23, nan 
-3.375, -70.375, 7.763696262873897e-23, nan 
-3.125, -70.375, 8.297714318204726e-23, nan 
-2.875, -70.375, 1.3016867339751006e-22, nan 
-2.625, -70.375, 1.7830262010830244e-22, nan 
-2.375, -70.375, 1.9244484540634773e-22, nan 
-2.125, -70.375, 1.089525414736184e-22, nan 
-1.875, -70.375, 5.909221136471452e-23, nan 
-1.625, -70.375, 4.339949866655722e-23, nan 
-1.375, -70.375, 4.9163937274427083e-23, nan 
-1.125, -70.375, 6.940067158649895e-23, nan 
-0.875, -70.375, 6.921482551028101e-23, nan 
-0.625, -70.375, 1.3558080005222703e-22, nan 
-0.375, -70.375, 1.8879720606038767e-22, nan 
-0.125, -70.375, 1.5332372055025949e-22, nan 
0.125, -70.375, 2.0930864063036441e-22, nan 
0.375, -70.375, 1.9956907459965472e-22, nan 
0.625, -70.375, 1.370580370855698e-22, nan 
0.875, -70.375, 1.7696495049068456e-22, nan 
1.125, -70.375, 2.1039951287035364e-22, nan 
1.375, -70.375, 1.3809832833944436e-22, nan 
1.625, -70.375, 1.5445098512553047e-22, nan 
1.875, -70.375, 2.6157035716217247e-22, nan 
2.125, -70.375, 1.9533414719940808e-22, nan 
2.375, -70.375, 8.336805494015569e-23, nan 
2.625, -70.375, 1.8898506535278312e-22, nan 
2.875, -70.375, 1.7568740074356745e-22, nan 
3.125, -70.375, 1.4727324421525181e-22, nan 
3.375, -70.375, 1.4164886037334461e-22, nan 
3.625, -70.375, 1.520310375656972e-22, nan 
3.875, -70.375, 1.4339636600242974e-22, nan 
4.125, -70.375, 1.0125647529827625e-22, nan 
4.375, -70.375, 4.864057366753465e-24, nan 
4.625, -70.375, 1.6074546306797932e-23, nan 
4.875, -70.375, 5.348401196109502e-23, nan 
-35.125, -70.125, 1.4044995904699196e-23, nan 
-34.875, -70.125, 1.5293608535004822e-23, nan 
-34.625, -70.125, 1.4322510162010756e-23, nan 
-34.375, -70.125, 1.1891611212099135e-23, nan 
-34.125, -70.125, 8.099865560940773e-24, nan 
-33.875, -70.125, 5.76647514743417e-24, nan 
-33.625, -70.125, 1.0818346343048695e-23, nan 
-33.375, -70.125, 7.609863783027661e-24, nan 
-33.125, -70.125, 8.19115330968353e-24, nan 
-32.875, -70.125, 1.1598506691677384e-23, nan 
-32.625, -70.125, 1.1599575925801482e-23, nan 
-32.375, -70.125, 3.037351183244062e-23, nan 
-32.125, -70.125, 5.789263551090315e-23, nan 
-31.875, -70.125, 5.971273185146073e-23, nan 
-31.625, -70.125, 5.771876289327046e-23, nan 
-31.375, -70.125, 1.0588907983078566e-22, nan 
-31.125, -70.125, 1.0560372953838448e-22, nan 
-30.875, -70.125, 4.0150678571031676e-23, nan 
-30.625, -70.125, 5.884901797493899e-23, nan 
-30.375, -70.125, 6.011975183748915e-23, nan 
-30.125, -70.125, 1.0964666302483923e-23, nan 
-29.875, -70.125, 1.0575395396823855e-23, nan 
-29.625, -70.125, 1.1055750875812224e-23, nan 
-29.375, -70.125, 1.51752902354703e-23, nan 
-29.125, -70.125, 2.2542364589935952e-23, nan 
-28.875, -70.125, 2.2990642861824537e-23, nan 
-28.625, -70.125, 2.3586685887195506e-23, nan 
-28.375, -70.125, 2.538465112277335e-23, nan 
-28.125, -70.125, 1.7106977001658537e-23, nan 
-27.875, -70.125, 9.049337535450162e-24, nan 
-27.625, -70.125, 1.4273977912257098e-23, nan 
-27.375, -70.125, 2.0412818602293024e-23, nan 
-27.125, -70.125, 3.260909034090268e-23, nan 
-26.875, -70.125, 4.295091367724359e-23, nan 
-26.625, -70.125, 3.792290576321096e-23, nan 
-26.375, -70.125, 2.2947713140075884e-23, nan 
-26.125, -70.125, 2.708218424212431e-23, nan 
-25.875, -70.125, 1.7844970999743148e-23, nan 
-25.625, -70.125, 1.9385187274393218e-23, nan 
-25.375, -70.125, 2.4471369897771624e-23, nan 
-25.125, -70.125, 3.6156388387715164e-23, nan 
-24.875, -70.125, 4.000536615987022e-23, nan 
-24.625, -70.125, 4.573706051643556e-23, nan 
-24.375, -70.125, 5.2006737213975676e-23, nan 
-24.125, -70.125, 5.0938386075551164e-23, nan 
-23.875, -70.125, 4.948102657551547e-23, nan 
-23.625, -70.125, 4.180638488784844e-23, nan 
-23.375, -70.125, 4.000179047783161e-23, nan 
-23.125, -70.125, 5.006817439634428e-23, nan 
-22.875, -70.125, 4.970531582682283e-23, nan 
-22.625, -70.125, 5.12627806256943e-23, nan 
-22.375, -70.125, 4.4804128194452536e-23, nan 
-22.125, -70.125, 3.837709043046062e-23, nan 
-21.875, -70.125, 4.5964403879818446e-23, nan 
-21.625, -70.125, 3.6911774675593113e-23, nan 
-21.375, -70.125, 3.906587379613995e-23, nan 
-21.125, -70.125, 3.582864688547433e-23, nan 
-20.875, -70.125, 2.581841480459893e-23, nan 
-20.625, -70.125, 2.0911473092424716e-23, nan 
-20.375, -70.125, 2.710606845452236e-23, nan 
-20.125, -70.125, 3.9611536396993086e-23, nan 
-19.875, -70.125, 4.2254917241431857e-23, nan 
-19.625, -70.125, 4.4154328807962615e-23, nan 
-19.375, -70.125, 4.302868956599197e-23, nan 
-19.125, -70.125, 6.083172233052146e-23, nan 
-18.875, -70.125, 1.057757800056949e-22, nan 
-18.625, -70.125, 1.242543620796126e-22, nan 
-18.375, -70.125, 8.047543702959134e-23, nan 
-18.125, -70.125, 8.463304497070747e-23, nan 
-17.875, -70.125, 8.442206526855598e-23, nan 
-17.625, -70.125, 4.734288677263389e-23, nan 
-17.375, -70.125, 1.5486810578301482e-23, nan 
-17.125, -70.125, 1.9302278237941926e-23, nan 
-16.875, -70.125, 2.5030699174321506e-23, nan 
-16.625, -70.125, 2.8410929614512725e-23, nan 
-16.375, -70.125, 3.492293804657002e-23, nan 
-16.125, -70.125, 6.903099945099351e-23, nan 
-15.875, -70.125, 7.788649978818033e-23, nan 
-15.625, -70.125, 5.30063908705594e-23, nan 
-15.375, -70.125, 9.167031298691501e-23, nan 
-15.125, -70.125, 8.847852800126165e-23, nan 
-14.875, -70.125, 5.652571542238122e-23, nan 
-14.625, -70.125, 6.388389724654737e-23, nan 
-14.375, -70.125, 7.746565542964301e-23, nan 
-14.125, -70.125, 8.683303916231817e-23, nan 
-13.875, -70.125, 1.556036158018012e-22, nan 
-13.625, -70.125, 1.5244684526357872e-22, nan 
-13.375, -70.125, 1.447235860265018e-22, nan 
-13.125, -70.125, 1.3413049543608603e-22, nan 
-12.875, -70.125, 1.246330438768754e-22, nan 
-12.625, -70.125, 1.1875823783324333e-22, nan 
-12.375, -70.125, 9.864458897102717e-23, nan 
-12.125, -70.125, 4.861694410391792e-23, nan 
-11.875, -70.125, 8.67592787706773e-24, nan 
-11.625, -70.125, 3.4348445842271136e-23, nan 
-11.375, -70.125, 1.559675010096418e-23, nan 
-11.125, -70.125, 1.7732702510390492e-23, nan 
-10.875, -70.125, 1.7512952007249235e-23, nan 
-10.625, -70.125, 2.1671342871168877e-23, nan 
-10.375, -70.125, 3.24919867046409e-23, nan 
-10.125, -70.125, 2.6253907389050915e-23, nan 
-9.875, -70.125, 2.440772384323584e-23, nan 
-9.625, -70.125, 3.8628495935975555e-23, nan 
-9.375, -70.125, 4.7467903546222086e-23, nan 
-9.125, -70.125, 4.182622810914354e-23, nan 
-8.875, -70.125, 4.22606518134247e-23, nan 
-8.625, -70.125, 5.192050583582725e-23, nan 
-8.375, -70.125, 3.68802314025759e-23, nan 
-8.125, -70.125, 3.049477168311703e-23, nan 
-7.875, -70.125, 4.2676160537191364e-23, nan 
-7.625, -70.125, 4.271975142298264e-23, nan 
-7.375, -70.125, 7.768634831160653e-23, nan 
-7.125, -70.125, 5.1132682158770785e-23, nan 
-6.875, -70.125, 3.5530371324601524e-23, nan 
-6.625, -70.125, 5.090847841165436e-23, nan 
-6.375, -70.125, 4.695714131088568e-23, nan 
-6.125, -70.125, 4.441850692539428e-23, nan 
-5.875, -70.125, 4.174364350744312e-23, nan 
-5.625, -70.125, 4.8182902661994385e-23, nan 
-5.375, -70.125, 5.523039367972438e-23, nan 
-5.125, -70.125, 4.579134629695571e-23, nan 
-4.875, -70.125, 6.490309921470796e-23, nan 
-4.625, -70.125, 5.57043766648687e-23, nan 
-4.375, -70.125, 2.858742763505479e-23, nan 
-4.125, -70.125, 3.4303038252292035e-23, nan 
-3.875, -70.125, 4.724552006742769e-23, nan 
-3.625, -70.125, 5.734032178383184e-23, nan 
-3.375, -70.125, 5.613619609785604e-23, nan 
-3.125, -70.125, 2.936840120261567e-23, nan 
-2.875, -70.125, 1.6523334970655524e-23, nan 
-2.625, -70.125, 3.0826869510832983e-23, nan 
-2.375, -70.125, 4.438201550458148e-23, nan 
-2.125, -70.125, 2.6477950850169305e-23, nan 
-1.875, -70.125, 3.4823635680017443e-23, nan 
-1.625, -70.125, 4.489998459222996e-23, nan 
-1.375, -70.125, 5.014796279021382e-23, nan 
-1.125, -70.125, 3.669241202630141e-23, nan 
-0.875, -70.125, 4.8258137052883226e-23, nan 
-0.625, -70.125, 6.416598248201563e-23, nan 
-0.375, -70.125, 1.4110961334628398e-22, nan 
-0.125, -70.125, 2.3368845296119965e-22, nan 
0.125, -70.125, 1.9279785339012117e-22, nan 
0.375, -70.125, 2.0117207882626214e-22, nan 
0.625, -70.125, 2.907301446775582e-22, nan 
0.875, -70.125, 6.231444003161189e-23, nan 
1.125, -70.125, 7.389992335088073e-23, nan 
1.375, -70.125, 1.3993775958743801e-22, nan 
1.625, -70.125, 1.0233946734750024e-22, nan 
1.875, -70.125, 1.7707880710643904e-22, nan 
2.125, -70.125, 1.5149792784731103e-22, nan 
2.375, -70.125, 3.149386745243259e-23, nan 
2.625, -70.125, 3.780275827541845e-23, nan 
2.875, -70.125, 2.5755300462929705e-23, nan 
3.125, -70.125, 2.1180298507721542e-23, nan 
3.375, -70.125, 3.1964864966485135e-23, nan 
3.625, -70.125, 3.890566301608981e-23, nan 
3.875, -70.125, 3.7139476257569844e-23, nan 
4.125, -70.125, 7.511515043530967e-23, nan 
4.375, -70.125, 3.231516513248085e-23, nan 
4.625, -70.125, 4.18817218321553e-23, nan 
4.875, -70.125, 1.0584833614579224e-22, nan 
-34.875, -69.875, 1.7002547894312795e-23, nan 
-34.625, -69.875, 1.2231052672900635e-23, nan 
-34.375, -69.875, 9.01970030150794e-24, nan 
-34.125, -69.875, 6.621787218489908e-24, nan 
-33.875, -69.875, 8.934003348811508e-24, nan 
-33.625, -69.875, 1.5549652521607746e-23, nan 
-33.375, -69.875, 2.0762796193980044e-23, nan 
-33.125, -69.875, 1.8202424080059122e-23, nan 
-32.875, -69.875, 5.648142442228346e-24, nan 
-32.625, -69.875, 6.1266434385839264e-24, nan 
-32.375, -69.875, 1.2204957941504e-23, nan 
-32.125, -69.875, 9.156313159065241e-24, nan 
-31.875, -69.875, 2.3400061736447307e-23, nan 
-31.625, -69.875, 3.2485453295821954e-23, nan 
-31.375, -69.875, 5.324053241971333e-23, nan 
-31.125, -69.875, 5.089177113476061e-23, nan 
-30.875, -69.875, 2.134213963782383e-23, nan 
-30.625, -69.875, 1.0326517538477638e-23, nan 
-30.375, -69.875, 1.9243856589569626e-23, nan 
-30.125, -69.875, 2.0972449412791833e-23, nan 
-29.875, -69.875, 1.8315245004367057e-23, nan 
-29.625, -69.875, 2.0422840101539123e-23, nan 
-29.375, -69.875, 2.336611462596215e-23, nan 
-29.125, -69.875, 2.4548848250330184e-23, nan 
-28.875, -69.875, 1.0216520880358503e-23, nan 
-28.625, -69.875, 1.4251574452975394e-23, nan 
-28.375, -69.875, 2.599002853090382e-23, nan 
-28.125, -69.875, 1.765234486863711e-23, nan 
-27.875, -69.875, 6.3553283454777405e-24, nan 
-27.625, -69.875, 9.722750609414039e-24, nan 
-27.375, -69.875, 4.227890143047055e-23, nan 
-27.125, -69.875, 9.361369257095422e-23, nan 
-26.875, -69.875, 1.042183802355343e-22, nan 
-26.625, -69.875, 1.0101018374310442e-22, nan 
-26.375, -69.875, 9.499487670863176e-23, nan 
-26.125, -69.875, 2.896581629257652e-23, nan 
-25.875, -69.875, 4.5757765378951943e-23, nan 
-25.625, -69.875, 3.4448357476436186e-23, nan 
-25.375, -69.875, 3.606834345265985e-23, nan 
-25.125, -69.875, 4.075088781165997e-23, nan 
-24.875, -69.875, 4.5844388971811807e-23, nan 
-24.625, -69.875, 4.976486203300464e-23, nan 
-24.375, -69.875, 4.43167656313246e-23, nan 
-24.125, -69.875, 4.471743297497812e-23, nan 
-23.875, -69.875, 3.552291898230834e-23, nan 
-23.625, -69.875, 4.193868150288391e-23, nan 
-23.375, -69.875, 4.4769860089661895e-23, nan 
-23.125, -69.875, 5.76734118046637e-23, nan 
-22.875, -69.875, 5.516713904296981e-23, nan 
-22.625, -69.875, 5.1474690277101946e-23, nan 
-22.375, -69.875, 4.5692194819300493e-23, nan 
-22.125, -69.875, 3.164212951129729e-23, nan 
-21.875, -69.875, 3.477515448098852e-23, nan 
-21.625, -69.875, 2.7748205703833263e-23, nan 
-21.375, -69.875, 3.8563335387421884e-23, nan 
-21.125, -69.875, 3.1240350570870215e-23, nan 
-20.875, -69.875, 2.3625641975957666e-23, nan 
-20.625, -69.875, 2.1055805708940453e-23, nan 
-20.375, -69.875, 2.183773599322586e-23, nan 
-20.125, -69.875, 2.9828794628923756e-23, nan 
-19.875, -69.875, 3.829572967173641e-23, nan 
-19.625, -69.875, 3.8595050388219675e-23, nan 
-19.375, -69.875, 6.329653034352789e-23, nan 
-19.125, -69.875, 6.576578081544983e-23, nan 
-18.875, -69.875, 7.408414612792837e-23, nan 
-18.625, -69.875, 1.0139964176386717e-22, nan 
-18.375, -69.875, 8.719105509391301e-23, nan 
-18.125, -69.875, 1.2732156987255034e-22, nan 
-17.875, -69.875, 9.471827039864408e-23, nan 
-17.625, -69.875, 6.360584585496469e-23, nan 
-17.375, -69.875, 8.435032925700968e-24, nan 
-17.125, -69.875, 1.1074419453075222e-23, nan 
-16.875, -69.875, 1.0987503641055255e-23, nan 
-16.625, -69.875, 1.1746760659653713e-23, nan 
-16.375, -69.875, 7.863308042214555e-23, nan 
-16.125, -69.875, 8.988411630694422e-23, nan 
-15.875, -69.875, 9.958568875271188e-23, nan 
-15.625, -69.875, 1.179370207629736e-22, nan 
-15.375, -69.875, 1.5319281829504677e-22, nan 
-15.125, -69.875, 1.612010772703198e-22, nan 
-14.875, -69.875, 1.3333854112263767e-22, nan 
-14.625, -69.875, 1.5008639212914272e-22, nan 
-14.375, -69.875, 1.415313360186401e-22, nan 
-14.125, -69.875, 9.819358110072045e-23, nan 
-13.875, -69.875, 7.909879656798425e-23, nan 
-13.625, -69.875, 1.2828388522025536e-22, nan 
-13.375, -69.875, 1.6522757457493922e-22, nan 
-13.125, -69.875, 2.064558051318769e-22, nan 
-12.875, -69.875, 1.6372924653671743e-22, nan 
-12.625, -69.875, 1.6011991068195833e-22, nan 
-12.375, -69.875, 1.6985661357476013e-22, nan 
-12.125, -69.875, 1.0939394220409035e-22, nan 
-11.875, -69.875, 4.140594052435019e-23, nan 
-11.625, -69.875, 2.9395381864498515e-23, nan 
-11.375, -69.875, 8.7625650110816e-24, nan 
-11.125, -69.875, 1.4884369867593666e-23, nan 
-10.875, -69.875, 1.3052943548043091e-23, nan 
-10.625, -69.875, 2.0572489929571857e-23, nan 
-10.375, -69.875, 2.958543442270364e-23, nan 
-10.125, -69.875, 3.0111114668352366e-23, nan 
-9.875, -69.875, 2.943359561885078e-23, nan 
-9.625, -69.875, 2.4006085035426384e-23, nan 
-9.375, -69.875, 2.9196885160067735e-23, nan 
-9.125, -69.875, 2.8255398738663556e-23, nan 
-8.875, -69.875, 5.0700909357064217e-23, nan 
-8.625, -69.875, 5.694312394392217e-23, nan 
-8.375, -69.875, 4.8733990718914413e-23, nan 
-8.125, -69.875, 9.243381149064217e-23, nan 
-7.875, -69.875, 5.99901767651758e-23, nan 
-7.625, -69.875, 5.305690563571709e-23, nan 
-7.375, -69.875, 1.1027993728741118e-22, nan 
-7.125, -69.875, 6.134226711009031e-23, nan 
-6.875, -69.875, 4.3703077826097385e-23, nan 
-6.625, -69.875, 4.592404155028321e-23, nan 
-6.375, -69.875, 4.700049377522323e-23, nan 
-6.125, -69.875, 3.899541114099075e-23, nan 
-5.875, -69.875, 5.681052534547081e-23, nan 
-5.625, -69.875, 7.266781576042363e-23, nan 
-5.375, -69.875, 5.874777140064569e-23, nan 
-5.125, -69.875, 6.324808716198518e-23, nan 
-4.875, -69.875, 1.0035112385482637e-22, nan 
-4.625, -69.875, 4.211243260516158e-23, nan 
-4.375, -69.875, 6.270978038237957e-23, nan 
-4.125, -69.875, 1.246040759145051e-22, nan 
-3.875, -69.875, 7.00710694066164e-23, nan 
-3.625, -69.875, 7.958445797705212e-23, nan 
-3.375, -69.875, 8.481336976420437e-23, nan 
-3.125, -69.875, 5.599955757406495e-23, nan 
-2.875, -69.875, 5.398838562516887e-23, nan 
-2.625, -69.875, 6.264200736577947e-23, nan 
-2.375, -69.875, 7.677980852273922e-23, nan 
-2.125, -69.875, 6.291507619211561e-23, nan 
-1.875, -69.875, 5.512964333000996e-23, nan 
-1.625, -69.875, 7.190547019940324e-23, nan 
-1.375, -69.875, 7.184363891694079e-23, nan 
-1.125, -69.875, 6.44711510618455e-23, nan 
-0.875, -69.875, 3.854297295719148e-23, nan 
-0.625, -69.875, 3.97638558057174e-23, nan 
-0.375, -69.875, 5.718982021473972e-23, nan 
-0.125, -69.875, 6.737018363338067e-23, nan 
0.125, -69.875, 6.419558383692396e-23, nan 
0.375, -69.875, 1.3501259915187095e-22, nan 
0.625, -69.875, 1.8713129094157086e-22, nan 
0.875, -69.875, 9.082533060901927e-23, nan 
1.125, -69.875, 5.906045332928674e-23, nan 
1.375, -69.875, 3.11598201978743e-23, nan 
1.625, -69.875, 2.134823646936869e-23, nan 
1.875, -69.875, 5.744397890417951e-23, nan 
2.125, -69.875, 7.371146351525758e-23, nan 
2.375, -69.875, 5.317970841514959e-23, nan 
2.625, -69.875, 5.53525655582496e-23, nan 
2.875, -69.875, 7.317760301418091e-23, nan 
3.125, -69.875, 7.844401837633655e-23, nan 
3.375, -69.875, 6.959714288139939e-23, nan 
3.625, -69.875, 9.399911069172077e-23, nan 
3.875, -69.875, 1.3634961857849066e-22, nan 
4.125, -69.875, 1.00770691420912e-22, nan 
4.375, -69.875, 8.55548448555029e-23, nan 
4.625, -69.875, 1.2204725020028768e-22, nan 
4.875, -69.875, 9.555893484881579e-23, nan 
-34.375, -69.625, 1.5852477136436944e-23, nan 
-34.125, -69.625, 1.3782513987368587e-23, nan 
-33.875, -69.625, 1.2494961595717216e-23, nan 
-33.625, -69.625, 2.112031964093833e-23, nan 
-33.375, -69.625, 2.74975389085004e-23, nan 
-33.125, -69.625, 2.0922290801214985e-23, nan 
-32.875, -69.625, 1.2271675256075805e-23, nan 
-32.625, -69.625, 1.6498661281668857e-23, nan 
-32.375, -69.625, 1.2309990633277102e-23, nan 
-32.125, -69.625, 7.45882771376102e-24, nan 
-31.875, -69.625, 1.1730337885087572e-23, nan 
-31.625, -69.625, 1.532905523727587e-23, nan 
-31.375, -69.625, 8.701901311455088e-24, nan 
-31.125, -69.625, 2.382223881227943e-23, nan 
-30.875, -69.625, 2.527663717560797e-23, nan 
-30.625, -69.625, 1.570496877158515e-23, nan 
-30.375, -69.625, 1.5748854909587615e-23, nan 
-30.125, -69.625, 3.2969548951883696e-23, nan 
-29.875, -69.625, 6.225909861705119e-23, nan 
-29.625, -69.625, 8.502992844886198e-23, nan 
-29.375, -69.625, 8.978477440583831e-23, nan 
-29.125, -69.625, 1.0783812930021724e-22, nan 
-28.875, -69.625, 7.776306933879746e-23, nan 
-28.625, -69.625, 2.6004586190378897e-23, nan 
-28.375, -69.625, 3.5223313355302525e-23, nan 
-28.125, -69.625, 4.2102311187809515e-23, nan 
-27.875, -69.625, 1.04685347912365e-22, nan 
-27.625, -69.625, 1.2338597062382326e-22, nan 
-27.375, -69.625, 8.693070638671516e-23, nan 
-27.125, -69.625, 1.4102400498072444e-22, nan 
-26.875, -69.625, 1.713514171581558e-22, nan 
-26.625, -69.625, 1.6580213476094482e-22, nan 
-26.375, -69.625, 1.418457126523382e-22, nan 
-26.125, -69.625, 1.075916859016667e-22, nan 
-25.875, -69.625, 1.5311892855906867e-22, nan 
-25.625, -69.625, 1.1248789193967254e-22, nan 
-25.375, -69.625, 4.57358020525468e-23, nan 
-25.125, -69.625, 4.170689924390429e-23, nan 
-24.875, -69.625, 4.509538193631613e-23, nan 
-24.625, -69.625, 5.162604813861955e-23, nan 
-24.375, -69.625, 4.946897938167795e-23, nan 
-24.125, -69.625, 5.152816226099876e-23, nan 
-23.875, -69.625, 4.721902317465628e-23, nan 
-23.625, -69.625, 5.732386833872949e-23, nan 
-23.375, -69.625, 5.218062679351714e-23, nan 
-23.125, -69.625, 6.526327875891464e-23, nan 
-22.875, -69.625, 6.879254032199876e-23, nan 
-22.625, -69.625, 6.474926252087341e-23, nan 
-22.375, -69.625, 6.526764643906082e-23, nan 
-22.125, -69.625, 6.430636076921978e-23, nan 
-21.875, -69.625, 5.88925743945915e-23, nan 
-21.625, -69.625, 5.640189969319646e-23, nan 
-21.375, -69.625, 3.2708995282981347e-23, nan 
-21.125, -69.625, 1.796460340081073e-23, nan 
-20.875, -69.625, 1.9679117734664727e-23, nan 
-20.625, -69.625, 1.838406906900411e-23, nan 
-20.375, -69.625, 2.3249049004305294e-23, nan 
-20.125, -69.625, 3.6896047267162116e-23, nan 
-19.875, -69.625, 2.5936516630569873e-23, nan 
-19.625, -69.625, 2.863218882935843e-23, nan 
-19.375, -69.625, 7.070510197499272e-23, nan 
-19.125, -69.625, 8.512092052927404e-23, nan 
-18.875, -69.625, 4.6246279476998965e-23, nan 
-18.625, -69.625, 1.0722001968437906e-22, nan 
-18.375, -69.625, 1.6186773589120506e-22, nan 
-18.125, -69.625, 1.66953823942147e-22, nan 
-17.875, -69.625, 1.7210014202674587e-22, nan 
-17.625, -69.625, 1.360064313351851e-22, nan 
-17.375, -69.625, 1.2780033952021098e-22, nan 
-17.125, -69.625, 7.929808890061585e-23, nan 
-16.875, -69.625, 8.360032032688365e-23, nan 
-16.625, -69.625, 1.584036539485957e-22, nan 
-16.375, -69.625, 1.4684556517194147e-22, nan 
-16.125, -69.625, 1.642938400194893e-22, nan 
-15.875, -69.625, 1.737497085838546e-22, nan 
-15.625, -69.625, 1.4774961854795486e-22, nan 
-15.375, -69.625, 1.6085099615606177e-22, nan 
-15.125, -69.625, 1.5969038657430152e-22, nan 
-14.875, -69.625, 1.3528179890520426e-22, nan 
-14.625, -69.625, 1.4150495364047985e-22, nan 
-14.375, -69.625, 1.4097730292876345e-22, nan 
-14.125, -69.625, 2.451628859212298e-22, nan 
-13.875, -69.625, 2.722922923436246e-22, nan 
-13.625, -69.625, 2.502077826770278e-22, nan 
-13.375, -69.625, 2.1193607760638357e-22, nan 
-13.125, -69.625, 2.408110790364957e-22, nan 
-12.875, -69.625, 2.1618902448977117e-22, nan 
-12.625, -69.625, 1.7297753227600507e-22, nan 
-12.375, -69.625, 7.07163310872853e-23, nan 
-12.125, -69.625, 5.599375994439464e-23, nan 
-11.875, -69.625, 2.5736731113731058e-23, nan 
-11.625, -69.625, 1.6809682815017236e-23, nan 
-11.375, -69.625, 1.4971960653685474e-23, nan 
-11.125, -69.625, 1.8352098603945826e-23, nan 
-10.875, -69.625, 1.83232575653316e-23, nan 
-10.625, -69.625, 2.1217362402988137e-23, nan 
-10.375, -69.625, 2.6059536517976678e-23, nan 
-10.125, -69.625, 3.128580325477241e-23, nan 
-9.875, -69.625, 3.479403061714722e-23, nan 
-9.625, -69.625, 4.1444950653771565e-23, nan 
-9.375, -69.625, 5.100816787995601e-23, nan 
-9.125, -69.625, 4.761407003577944e-23, nan 
-8.875, -69.625, 4.5705293021983565e-23, nan 
-8.625, -69.625, 3.5640108223119765e-23, nan 
-8.375, -69.625, 4.8706020434905394e-23, nan 
-8.125, -69.625, 6.887921292084427e-23, nan 
-7.875, -69.625, 4.5633833415996536e-23, nan 
-7.625, -69.625, 4.479417368734377e-23, nan 
-7.375, -69.625, 2.7081142887514206e-23, nan 
-7.125, -69.625, 4.3305645589040013e-23, nan 
-6.875, -69.625, 3.6906402889733734e-23, nan 
-6.625, -69.625, 2.7034859385519167e-23, nan 
-6.375, -69.625, 2.216800662470034e-23, nan 
-6.125, -69.625, 2.568301296905902e-23, nan 
-5.875, -69.625, 4.485979332775934e-23, nan 
-5.625, -69.625, 5.405527648076854e-23, nan 
-5.375, -69.625, 4.2376789738915094e-23, nan 
-5.125, -69.625, 4.138581115634463e-23, nan 
-4.875, -69.625, 1.147248135683078e-23, nan 
-4.625, -69.625, 2.8028742217063623e-23, nan 
-4.375, -69.625, 5.837400597746924e-23, nan 
-4.125, -69.625, 1.009531167558636e-22, nan 
-3.875, -69.625, 6.504282820356536e-23, nan 
-3.625, -69.625, 5.318195330115167e-23, nan 
-3.375, -69.625, 5.881092942199331e-23, nan 
-3.125, -69.625, 7.291790008797172e-23, nan 
-2.875, -69.625, 7.634192339200941e-23, nan 
-2.625, -69.625, 7.189115611907657e-23, nan 
-2.375, -69.625, 6.340209049618313e-23, nan 
-2.125, -69.625, 6.962946527698351e-23, nan 
-1.875, -69.625, 5.420571315324425e-23, nan 
-1.625, -69.625, 5.896408098369401e-23, nan 
-1.375, -69.625, 4.1513594733676884e-23, nan 
-1.125, -69.625, 4.4410814190947935e-23, nan 
-0.875, -69.625, 4.255298225236155e-23, nan 
-0.625, -69.625, 3.1044758518537954e-23, nan 
-0.375, -69.625, 5.057024472518067e-23, nan 
-0.125, -69.625, 5.332455068834541e-23, nan 
0.125, -69.625, 6.614702171170573e-23, nan 
0.375, -69.625, 4.183852820150776e-23, nan 
0.625, -69.625, 5.2862598374853835e-23, nan 
0.875, -69.625, 1.6396604944831596e-22, nan 
1.125, -69.625, 8.435549700303811e-23, nan 
1.375, -69.625, 3.2947946341952556e-23, nan 
1.625, -69.625, 8.411300652275421e-23, nan 
1.875, -69.625, 6.188889219264666e-23, nan 
2.125, -69.625, 3.3945408038873205e-23, nan 
2.375, -69.625, 5.303728549724992e-23, nan 
2.625, -69.625, 7.419677614530097e-23, nan 
2.875, -69.625, 7.118227645447902e-23, nan 
3.125, -69.625, 1.1276753039115233e-22, nan 
3.375, -69.625, 9.353301753797866e-23, nan 
3.625, -69.625, 9.812491740817617e-23, nan 
3.875, -69.625, 1.3371032307211203e-22, nan 
4.125, -69.625, 1.2355418567859133e-22, nan 
4.375, -69.625, 1.47720616114536e-22, nan 
4.625, -69.625, 1.427957748258551e-22, nan 
4.875, -69.625, 1.4407391208717741e-22, nan 
-34.125, -69.375, 1.4846617051116793e-23, nan 
-33.875, -69.375, 1.4290167746305693e-23, nan 
-33.625, -69.375, 1.4417901347778448e-23, nan 
-33.375, -69.375, 2.2973289212239253e-23, nan 
-33.125, -69.375, 1.7034724959765487e-23, nan 
-32.875, -69.375, 1.3307275478828818e-23, nan 
-32.625, -69.375, 2.172248360945547e-23, nan 
-32.375, -69.375, 6.056321203678365e-23, nan 
-32.125, -69.375, 5.651577493273828e-23, nan 
-31.875, -69.375, 2.6650256962042656e-23, nan 
-31.625, -69.375, 1.0335204870327131e-23, nan 
-31.375, -69.375, 9.580932438157159e-24, nan 
-31.125, -69.375, 2.8210216883899474e-23, nan 
-30.875, -69.375, 4.685068738808084e-23, nan 
-30.625, -69.375, 7.332612958332519e-23, nan 
-30.375, -69.375, 9.836631833702016e-23, nan 
-30.125, -69.375, 1.1471479025849484e-22, nan 
-29.875, -69.375, 1.1778197891002678e-22, nan 
-29.625, -69.375, 1.44309391533762e-22, nan 
-29.375, -69.375, 1.8312523172468893e-22, nan 
-29.125, -69.375, 1.8220194047507367e-22, nan 
-28.875, -69.375, 1.070449692219416e-22, nan 
-28.625, -69.375, 9.323470148789135e-23, nan 
-28.375, -69.375, 9.293255107594796e-23, nan 
-28.125, -69.375, 8.060401237720949e-23, nan 
-27.875, -69.375, 7.645893125108366e-23, nan 
-27.625, -69.375, 8.833272884723e-23, nan 
-27.375, -69.375, 7.487238660449535e-23, nan 
-27.125, -69.375, 6.297548557036788e-23, nan 
-26.875, -69.375, 6.290692210972569e-23, nan 
-26.625, -69.375, 6.005179903836857e-23, nan 
-26.375, -69.375, 1.3430528218503113e-22, nan 
-26.125, -69.375, 1.3306518752855162e-22, nan 
-25.875, -69.375, 1.3390051189866633e-22, nan 
-25.625, -69.375, 1.37393831991204e-22, nan 
-25.375, -69.375, 1.1722883032449339e-22, nan 
-25.125, -69.375, 8.663250932305036e-23, nan 
-24.875, -69.375, 2.01087165553527e-23, nan 
-24.625, -69.375, 2.374047885802402e-23, nan 
-24.375, -69.375, 3.730374399353957e-23, nan 
-24.125, -69.375, 3.854814895872207e-23, nan 
-23.875, -69.375, 4.309788784750848e-23, nan 
-23.625, -69.375, 5.17503222843142e-23, nan 
-23.375, -69.375, 4.6313126221759874e-23, nan 
-23.125, -69.375, 5.2543957400595365e-23, nan 
-22.875, -69.375, 5.2682541135201315e-23, nan 
-22.625, -69.375, 5.816871810077523e-23, nan 
-22.375, -69.375, 6.208549936313405e-23, nan 
-22.125, -69.375, 7.200102263890422e-23, nan 
-21.875, -69.375, 7.277679346681534e-23, nan 
-21.625, -69.375, 7.095586141522792e-23, nan 
-21.375, -69.375, 4.516125867056104e-23, nan 
-21.125, -69.375, 5.789566345802548e-23, nan 
-20.875, -69.375, 6.405581132357131e-23, nan 
-20.625, -69.375, 4.9881953008298264e-23, nan 
-20.375, -69.375, 4.3465279723369586e-23, nan 
-20.125, -69.375, 3.800396878344155e-23, nan 
-19.875, -69.375, 3.648306826171252e-23, nan 
-19.625, -69.375, 4.7798407966503917e-23, nan 
-19.375, -69.375, 6.415712977791394e-23, nan 
-19.125, -69.375, 5.936619116886791e-23, nan 
-18.875, -69.375, 4.709492793887119e-23, nan 
-18.625, -69.375, 4.095714975114495e-23, nan 
-18.375, -69.375, 1.5760506413389794e-22, nan 
-18.125, -69.375, 2.157990467703384e-22, nan 
-17.875, -69.375, 2.423554996190643e-22, nan 
-17.625, -69.375, 2.395632906091483e-22, nan 
-17.375, -69.375, 3.40108687822449e-22, nan 
-17.125, -69.375, 2.9140000650563624e-22, nan 
-16.875, -69.375, 1.7720538258701703e-22, nan 
-16.625, -69.375, 2.154872509802386e-22, nan 
-16.375, -69.375, 2.2999706882798474e-22, nan 
-16.125, -69.375, 2.9774358295694465e-22, nan 
-15.875, -69.375, 2.1083136713921893e-22, nan 
-15.625, -69.375, 1.7966513746243156e-22, nan 
-15.375, -69.375, 2.2928431778343896e-22, nan 
-15.125, -69.375, 2.4037934404398467e-22, nan 
-14.875, -69.375, 3.0275759887610525e-22, nan 
-14.625, -69.375, 3.0511548600805383e-22, nan 
-14.375, -69.375, 2.860510336560873e-22, nan 
-14.125, -69.375, 3.1702431086366223e-22, nan 
-13.875, -69.375, 3.0434885729104904e-22, nan 
-13.625, -69.375, 2.7241139608665755e-22, nan 
-13.375, -69.375, 2.0357930656402795e-22, nan 
-13.125, -69.375, 1.4301508931316019e-22, nan 
-12.875, -69.375, 1.3583578611823648e-22, nan 
-12.625, -69.375, 1.390596495612515e-22, nan 
-12.375, -69.375, 1.258409587663827e-22, nan 
-12.125, -69.375, 4.4701858181558563e-23, nan 
-11.875, -69.375, 7.025146829815472e-23, nan 
-11.625, -69.375, 7.929272856831841e-23, nan 
-11.375, -69.375, 5.610757066841993e-23, nan 
-11.125, -69.375, 4.5746491370497584e-23, nan 
-10.875, -69.375, 6.818120332897129e-23, nan 
-10.625, -69.375, 5.541187789839621e-23, nan 
-10.375, -69.375, 4.9499491258369206e-23, nan 
-10.125, -69.375, 6.481005357447514e-23, nan 
-9.875, -69.375, 6.064056786753482e-23, nan 
-9.625, -69.375, 6.101813511253969e-23, nan 
-9.375, -69.375, 7.600005145005673e-23, nan 
-9.125, -69.375, 6.338072341073629e-23, nan 
-8.875, -69.375, 4.3980359872154953e-23, nan 
-8.625, -69.375, 4.0114496848382484e-23, nan 
-8.375, -69.375, 7.490148579324492e-23, nan 
-8.125, -69.375, 7.869601375601368e-23, nan 
-7.875, -69.375, 5.389774341814869e-23, nan 
-7.625, -69.375, 1.9062033734701824e-23, nan 
-7.375, -69.375, 2.45065401956703e-23, nan 
-7.125, -69.375, 2.5695403617150777e-23, nan 
-6.875, -69.375, 1.8163745636168755e-23, nan 
-6.625, -69.375, 1.8001816143506426e-23, nan 
-6.375, -69.375, 2.244222373477115e-23, nan 
-6.125, -69.375, 1.7995867894625063e-23, nan 
-5.875, -69.375, 2.5887396729371597e-23, nan 
-5.625, -69.375, 2.1493697341070223e-23, nan 
-5.375, -69.375, 1.5773131945302705e-23, nan 
-5.125, -69.375, 2.539650591265454e-23, nan 
-4.875, -69.375, 2.788736451218676e-23, nan 
-4.625, -69.375, 4.7342013948318134e-23, nan 
-4.375, -69.375, 5.852203672674601e-23, nan 
-4.125, -69.375, 5.483255663649035e-23, nan 
-3.875, -69.375, 7.98439156002491e-23, nan 
-3.625, -69.375, 1.2870613760090085e-22, nan 
-3.375, -69.375, 9.257919549581835e-23, nan 
-3.125, -69.375, 9.810197102826039e-23, nan 
-2.875, -69.375, 1.292577562456409e-22, nan 
-2.625, -69.375, 8.456711059806965e-23, nan 
-2.375, -69.375, 6.719573539126226e-23, nan 
-2.125, -69.375, 5.341084093192877e-23, nan 
-1.875, -69.375, 4.99098104245041e-23, nan 
-1.625, -69.375, 4.519165079525211e-23, nan 
-1.375, -69.375, 5.0270634115314437e-23, nan 
-1.125, -69.375, 4.3493051164552125e-23, nan 
-0.875, -69.375, 4.960046782906734e-23, nan 
-0.625, -69.375, 4.777307642088204e-23, nan 
-0.375, -69.375, 4.324229691924301e-23, nan 
-0.125, -69.375, 5.146899811608964e-23, nan 
0.125, -69.375, 6.122767544333734e-23, nan 
0.375, -69.375, 5.530501689810909e-23, nan 
0.625, -69.375, 7.92612145409569e-23, nan 
0.875, -69.375, 1.4059093070316812e-22, nan 
1.125, -69.375, 8.44907705363874e-23, nan 
1.375, -69.375, 3.199288018607028e-23, nan 
1.625, -69.375, 4.6200434314774334e-23, nan 
1.875, -69.375, 4.346975700924669e-23, nan 
2.125, -69.375, 3.197376192161491e-23, nan 
2.375, -69.375, 7.710888058286299e-23, nan 
2.625, -69.375, 8.576314462897718e-23, nan 
2.875, -69.375, 9.145823684207401e-23, nan 
3.125, -69.375, 1.7557907898959744e-22, nan 
3.375, -69.375, 8.469518204959613e-23, nan 
3.625, -69.375, 1.8987699530238728e-22, nan 
3.875, -69.375, 2.6977047585017986e-22, nan 
4.125, -69.375, 1.7155185343586336e-22, nan 
4.375, -69.375, 2.629422301974593e-22, nan 
4.625, -69.375, 2.8151207026592804e-22, nan 
4.875, -69.375, 2.2257373323553823e-22, nan 
5.125, -69.375, 2.397024139878546e-22, nan 
-33.625, -69.125, 1.4184816068442716e-23, nan 
-33.375, -69.125, 1.2216240924583356e-23, nan 
-33.125, -69.125, 3.9250033118469797e-23, nan 
-32.875, -69.125, 4.622195611433796e-23, nan 
-32.625, -69.125, 2.6694672480788215e-23, nan 
-32.375, -69.125, 9.673325972068236e-23, nan 
-32.125, -69.125, 9.192096487210693e-23, nan 
-31.875, -69.125, 3.4401621663568965e-23, nan 
-31.625, -69.125, 6.715509514010898e-23, nan 
-31.375, -69.125, 8.30099547079e-23, nan 
-31.125, -69.125, 5.706811357765846e-23, nan 
-30.875, -69.125, 5.389500175892716e-23, nan 
-30.625, -69.125, 5.2520962313146223e-23, nan 
-30.375, -69.125, 4.523158478556167e-23, nan 
-30.125, -69.125, 3.798647957182871e-23, nan 
-29.875, -69.125, 5.724019194207543e-23, nan 
-29.625, -69.125, 6.992585119267533e-23, nan 
-29.375, -69.125, 8.069225504454756e-23, nan 
-29.125, -69.125, 1.036422990511545e-22, nan 
-28.875, -69.125, 5.606711619170404e-23, nan 
-28.625, -69.125, 3.2776834996822545e-23, nan 
-28.375, -69.125, 2.784028061237279e-23, nan 
-28.125, -69.125, 8.832771615542777e-23, nan 
-27.875, -69.125, 7.944600882163271e-23, nan 
-27.625, -69.125, 7.341759333277518e-23, nan 
-27.375, -69.125, 1.3297064496747197e-22, nan 
-27.125, -69.125, 1.4825121867110022e-22, nan 
-26.875, -69.125, 1.497138140542021e-22, nan 
-26.625, -69.125, 1.1615687279179303e-22, nan 
-26.375, -69.125, 1.6225836589449852e-22, nan 
-26.125, -69.125, 1.5322092832577877e-22, nan 
-25.875, -69.125, 1.3201601755501224e-22, nan 
-25.625, -69.125, 1.5462112927977236e-22, nan 
-25.375, -69.125, 1.4017220228632668e-22, nan 
-25.125, -69.125, 8.02124475515308e-23, nan 
-24.875, -69.125, 2.9354255935752347e-23, nan 
-24.625, -69.125, 2.7026121124912525e-23, nan 
-24.375, -69.125, 3.9375304929158583e-23, nan 
-24.125, -69.125, 2.550316915879375e-23, nan 
-23.875, -69.125, 3.1906001507648574e-23, nan 
-23.625, -69.125, 3.966510162121415e-23, nan 
-23.375, -69.125, 3.6205180792791103e-23, nan 
-23.125, -69.125, 3.104260233421041e-23, nan 
-22.875, -69.125, 2.826983032135575e-23, nan 
-22.625, -69.125, 3.167199562201154e-23, nan 
-22.375, -69.125, 2.644244936724116e-23, nan 
-22.125, -69.125, 3.8033994299422744e-23, nan 
-21.875, -69.125, 3.177589742625263e-23, nan 
-21.625, -69.125, 3.676280919880855e-23, nan 
-21.375, -69.125, 3.4463682393631656e-23, nan 
-21.125, -69.125, 4.624980684175813e-23, nan 
-20.875, -69.125, 6.036581249871502e-23, nan 
-20.625, -69.125, 5.125159393493415e-23, nan 
-20.375, -69.125, 4.400319660437072e-23, nan 
-20.125, -69.125, 4.0030722122510975e-23, nan 
-19.875, -69.125, 4.0457840450345707e-23, nan 
-19.625, -69.125, 4.255052673045127e-23, nan 
-19.375, -69.125, 4.141688758883671e-23, nan 
-19.125, -69.125, 3.201923800584665e-23, nan 
-18.875, -69.125, 3.3082497631264194e-23, nan 
-18.625, -69.125, 2.4143473411418156e-23, nan 
-18.375, -69.125, 3.054827829071355e-23, nan 
-18.125, -69.125, 6.639044431074764e-23, nan 
-17.875, -69.125, 9.178414721173376e-23, nan 
-17.625, -69.125, 2.6500121873447134e-22, nan 
-17.375, -69.125, 3.108128166637928e-22, nan 
-17.125, -69.125, 2.331809253025142e-22, nan 
-16.875, -69.125, 2.1064231143621001e-22, nan 
-16.625, -69.125, 2.8731236943210053e-22, nan 
-16.375, -69.125, 3.0876285674285204e-22, nan 
-16.125, -69.125, 2.718103866751251e-22, nan 
-15.875, -69.125, 2.722588435685814e-22, nan 
-15.625, -69.125, 2.2121780146147286e-22, nan 
-15.375, -69.125, 3.026977702875279e-22, nan 
-15.125, -69.125, 3.223940644770066e-22, nan 
-14.875, -69.125, 3.2965789945286256e-22, nan 
-14.625, -69.125, 3.0280113128389923e-22, nan 
-14.375, -69.125, 2.8648010979199906e-22, nan 
-14.125, -69.125, 1.8023421150211842e-22, nan 
-13.875, -69.125, 1.1658978785200302e-22, nan 
-13.625, -69.125, 1.1409879893223266e-22, nan 
-13.375, -69.125, 2.0034058862180823e-22, nan 
-13.125, -69.125, 1.584912261964779e-22, nan 
-12.875, -69.125, 1.0940712450004762e-22, nan 
-12.625, -69.125, 4.970145957146651e-23, nan 
-12.375, -69.125, 5.733260176683091e-23, nan 
-12.125, -69.125, 3.686757274996935e-23, nan 
-11.875, -69.125, 6.594068667424998e-23, nan 
-11.625, -69.125, 6.754014434158998e-23, nan 
-11.375, -69.125, 5.953605239389746e-23, nan 
-11.125, -69.125, 7.600076128784094e-23, nan 
-10.875, -69.125, 8.5615544736271e-23, nan 
-10.625, -69.125, 6.050755810778833e-23, nan 
-10.375, -69.125, 6.077213247585874e-23, nan 
-10.125, -69.125, 5.609422575119733e-23, nan 
-9.875, -69.125, 4.5240840523739646e-23, nan 
-9.625, -69.125, 5.974727262278028e-23, nan 
-9.375, -69.125, 5.484118175520392e-23, nan 
-9.125, -69.125, 7.448289209241921e-23, nan 
-8.875, -69.125, 6.124839374352662e-23, nan 
-8.625, -69.125, 6.700000944782573e-23, nan 
-8.375, -69.125, 1.4998062424400771e-22, nan 
-8.125, -69.125, 1.7365211486672487e-22, nan 
-7.875, -69.125, 1.2342335678896977e-22, nan 
-7.625, -69.125, 1.0259979385504003e-22, nan 
-7.375, -69.125, 1.0167771063808602e-22, nan 
-7.125, -69.125, 7.214454558484491e-23, nan 
-6.875, -69.125, 3.887132026540105e-23, nan 
-6.625, -69.125, 3.323670770333385e-23, nan 
-6.375, -69.125, 5.252888196768882e-23, nan 
-6.125, -69.125, 6.152872113580866e-23, nan 
-5.875, -69.125, 5.0928771523340135e-23, nan 
-5.625, -69.125, 6.131105536328512e-23, nan 
-5.375, -69.125, 5.456060512995596e-23, nan 
-5.125, -69.125, 6.105945342764735e-23, nan 
-4.875, -69.125, 6.282063912725561e-23, nan 
-4.625, -69.125, 1.1082116699660589e-22, nan 
-4.375, -69.125, 1.2680121008268318e-22, nan 
-4.125, -69.125, 6.241648884293107e-23, nan 
-3.875, -69.125, 9.925925154290218e-23, nan 
-3.625, -69.125, 1.470870809648955e-22, nan 
-3.375, -69.125, 1.66275388552234e-22, nan 
-3.125, -69.125, 1.2080968805081133e-22, nan 
-2.875, -69.125, 1.13255582850055e-22, nan 
-2.625, -69.125, 1.5780832343098255e-22, nan 
-2.375, -69.125, 1.202152767476491e-22, nan 
-2.125, -69.125, 8.431571004917443e-23, nan 
-1.875, -69.125, 6.898136565378768e-23, nan 
-1.625, -69.125, 6.617113372777854e-23, nan 
-1.375, -69.125, 5.962641085334899e-23, nan 
-1.125, -69.125, 5.316184999576031e-23, nan 
-0.875, -69.125, 5.593286203137446e-23, nan 
-0.625, -69.125, 6.1932333133453e-23, nan 
-0.375, -69.125, 2.5559676391279306e-23, nan 
-0.125, -69.125, 4.2088037170687163e-23, nan 
0.125, -69.125, 9.086661751038909e-23, nan 
0.375, -69.125, 5.663630829991923e-23, nan 
0.625, -69.125, 1.4580091842677195e-22, nan 
0.875, -69.125, 1.4104372166616261e-22, nan 
1.125, -69.125, 8.531931760754183e-23, nan 
1.375, -69.125, 1.3477461375973172e-22, nan 
1.625, -69.125, 5.732938821977036e-23, nan 
1.875, -69.125, 5.652256081334992e-23, nan 
2.125, -69.125, 6.409337870900622e-23, nan 
2.375, -69.125, 7.625198692122912e-23, nan 
2.625, -69.125, 6.022974335703676e-23, nan 
2.875, -69.125, 5.428069240567677e-23, nan 
3.125, -69.125, 5.819250933282289e-23, nan 
3.375, -69.125, 4.959197480277307e-23, nan 
3.625, -69.125, 1.4756018537288667e-22, nan 
3.875, -69.125, 1.901385791406327e-22, nan 
4.125, -69.125, 1.317143600816702e-22, nan 
4.375, -69.125, 5.324048631416677e-23, nan 
4.625, -69.125, 1.0849942710960563e-22, nan 
4.875, -69.125, 4.631768267807226e-22, nan 
5.125, -69.125, 1.1835122215368592e-21, nan 
-33.375, -68.875, 2.2900850408320703e-23, nan 
-33.125, -68.875, 1.8331793929154745e-23, nan 
-32.875, -68.875, 3.314098838945677e-23, nan 
-32.625, -68.875, 1.9503187506308662e-23, nan 
-32.375, -68.875, 3.360852051487268e-23, nan 
-32.125, -68.875, 3.477395702406159e-23, nan 
-31.875, -68.875, 3.8330746412091355e-23, nan 
-31.625, -68.875, 5.620991815869469e-23, nan 
-31.375, -68.875, 5.793659306222615e-23, nan 
-31.125, -68.875, 5.343925427166347e-23, nan 
-30.875, -68.875, 2.796009619450745e-23, nan 
-30.625, -68.875, 7.48486999817134e-23, nan 
-30.375, -68.875, 1.063469992671147e-22, nan 
-30.125, -68.875, 1.1989272507743655e-22, nan 
-29.875, -68.875, 1.1206814432131238e-22, nan 
-29.625, -68.875, 9.714431265881024e-23, nan 
-29.375, -68.875, 3.372025051354914e-23, nan 
-29.125, -68.875, 3.167140129860064e-23, nan 
-28.875, -68.875, 3.524134549045945e-23, nan 
-28.625, -68.875, 3.882331116514334e-23, nan 
-28.375, -68.875, 2.646718531322835e-23, nan 
-28.125, -68.875, 3.7856290695982265e-23, nan 
-27.875, -68.875, 5.457741549809006e-23, nan 
-27.625, -68.875, 4.584151229279472e-23, nan 
-27.375, -68.875, 1.0952543265479249e-22, nan 
-27.125, -68.875, 1.7412421662118465e-22, nan 
-26.875, -68.875, 1.9338233504806975e-22, nan 
-26.625, -68.875, 1.5158522106683804e-22, nan 
-26.375, -68.875, 1.5435785318459354e-22, nan 
-26.125, -68.875, 1.8003972524510486e-22, nan 
-25.875, -68.875, 2.040539340688777e-22, nan 
-25.625, -68.875, 1.557557763887846e-22, nan 
-25.375, -68.875, 2.0395995988406425e-22, nan 
-25.125, -68.875, 1.0851576431511064e-22, nan 
-24.875, -68.875, 4.1086060403209923e-23, nan 
-24.625, -68.875, 2.4521572210666464e-23, nan 
-24.375, -68.875, 3.241836125838288e-23, nan 
-24.125, -68.875, 4.148108067726787e-23, nan 
-23.875, -68.875, 3.8156564826051485e-23, nan 
-23.625, -68.875, 3.5093299248939344e-23, nan 
-23.375, -68.875, 5.1063478310920986e-23, nan 
-23.125, -68.875, 4.4458350525205355e-23, nan 
-22.875, -68.875, 3.117385074417963e-23, nan 
-22.625, -68.875, 2.2446744255180075e-23, nan 
-22.375, -68.875, 3.282542102997264e-23, nan 
-22.125, -68.875, 4.173018572158912e-23, nan 
-21.875, -68.875, 5.118759824316168e-23, nan 
-21.625, -68.875, 4.9990940146365834e-23, nan 
-21.375, -68.875, 3.863546663841997e-23, nan 
-21.125, -68.875, 4.57906586869938e-23, nan 
-20.875, -68.875, 4.868373810002164e-23, nan 
-20.625, -68.875, 2.4782950229236563e-23, nan 
-20.375, -68.875, 2.6365970498615443e-23, nan 
-20.125, -68.875, 2.430199184042156e-23, nan 
-19.875, -68.875, 2.0223809025414045e-23, nan 
-19.625, -68.875, 1.0372990515602438e-23, nan 
-19.375, -68.875, 2.6301407145400345e-23, nan 
-19.125, -68.875, 1.9142504257020493e-23, nan 
-18.875, -68.875, 3.097669772126882e-23, nan 
-18.625, -68.875, 3.9030242260233334e-23, nan 
-18.375, -68.875, 5.453185321935971e-23, nan 
-18.125, -68.875, 7.58090398095667e-23, nan 
-17.875, -68.875, 7.970323598349651e-23, nan 
-17.625, -68.875, 8.94967229934076e-23, nan 
-17.375, -68.875, 8.378235600107608e-23, nan 
-17.125, -68.875, 5.405659622935707e-23, nan 
-16.875, -68.875, 1.3698426163850963e-22, nan 
-16.625, -68.875, 1.669969231052159e-22, nan 
-16.375, -68.875, 2.2786803523688755e-22, nan 
-16.125, -68.875, 1.8346477743072845e-22, nan 
-15.875, -68.875, 2.1661045866634824e-22, nan 
-15.625, -68.875, 2.6375858037101877e-22, nan 
-15.375, -68.875, 2.242366339319987e-22, nan 
-15.125, -68.875, 2.9418045729918767e-22, nan 
-14.875, -68.875, 3.686061667362067e-22, nan 
-14.625, -68.875, 2.9905175725876665e-22, nan 
-14.375, -68.875, 2.215716606095246e-22, nan 
-14.125, -68.875, 2.9129879222534653e-22, nan 
-13.875, -68.875, 2.8598146013124604e-22, nan 
-13.625, -68.875, 2.3707138398139857e-22, nan 
-13.375, -68.875, 2.5215228073880244e-22, nan 
-13.125, -68.875, 3.114768461356889e-22, nan 
-12.875, -68.875, 3.2233959731852287e-22, nan 
-12.625, -68.875, 2.078165056764774e-22, nan 
-12.375, -68.875, 1.093860940702302e-22, nan 
-12.125, -68.875, 1.0026054824029508e-22, nan 
-11.875, -68.875, 7.926877347970292e-23, nan 
-11.625, -68.875, 1.0024930693804064e-22, nan 
-11.375, -68.875, 4.029747507565808e-23, nan 
-11.125, -68.875, 7.108390351729296e-23, nan 
-10.875, -68.875, 8.75131809324657e-23, nan 
-10.625, -68.875, 5.445101178106506e-23, nan 
-10.375, -68.875, 5.734359969029793e-23, nan 
-10.125, -68.875, 6.700639253891059e-23, nan 
-9.875, -68.875, 5.653014348962634e-23, nan 
-9.625, -68.875, 5.494230557241083e-23, nan 
-9.375, -68.875, 9.958527613439053e-23, nan 
-9.125, -68.875, 7.345406943344987e-23, nan 
-8.875, -68.875, 1.1139025146605125e-22, nan 
-8.625, -68.875, 2.2848996918054766e-22, nan 
-8.375, -68.875, 1.4435217293094461e-22, nan 
-8.125, -68.875, 1.4353279370040092e-22, nan 
-7.875, -68.875, 1.922851781221347e-22, nan 
-7.625, -68.875, 1.0349377701537834e-22, nan 
-7.375, -68.875, 4.95647516877769e-23, nan 
-7.125, -68.875, 5.825617375765168e-23, nan 
-6.875, -68.875, 6.052475654553851e-23, nan 
-6.625, -68.875, 4.9242825600730565e-23, nan 
-6.375, -68.875, 7.238285834824231e-23, nan 
-6.125, -68.875, 9.812115975823505e-23, nan 
-5.875, -68.875, 1.1074748625595872e-22, nan 
-5.625, -68.875, 1.0665125651012948e-22, nan 
-5.375, -68.875, 1.1312769312774393e-22, nan 
-5.125, -68.875, 9.072235301867953e-23, nan 
-4.875, -68.875, 1.2552051289881492e-22, nan 
-4.625, -68.875, 1.4649224889113676e-22, nan 
-4.375, -68.875, 1.3725595371683873e-22, nan 
-4.125, -68.875, 9.832217513801856e-23, nan 
-3.875, -68.875, 1.193124300970992e-22, nan 
-3.625, -68.875, 1.4856952397917944e-22, nan 
-3.375, -68.875, 1.8102247984363213e-22, nan 
-3.125, -68.875, 1.6489791270893167e-22, nan 
-2.875, -68.875, 1.267993380211457e-22, nan 
-2.625, -68.875, 1.5359898602419616e-22, nan 
-2.375, -68.875, 1.4686647129988048e-22, nan 
-2.125, -68.875, 1.1508624223626482e-22, nan 
-1.875, -68.875, 1.00742433864012e-22, nan 
-1.625, -68.875, 8.451995270492739e-23, nan 
-1.375, -68.875, 8.231639570244222e-23, nan 
-1.125, -68.875, 9.134816670801968e-23, nan 
-0.875, -68.875, 7.917558690040996e-23, nan 
-0.625, -68.875, 9.403922327170005e-23, nan 
-0.375, -68.875, 9.046808437890753e-23, nan 
-0.125, -68.875, 1.0666677430681399e-22, nan 
0.125, -68.875, 1.12101973462552e-22, nan 
0.375, -68.875, 1.3850229068140506e-22, nan 
0.625, -68.875, 2.141072239363025e-22, nan 
0.875, -68.875, 3.775340163321407e-22, nan 
1.125, -68.875, 2.529196170337315e-22, nan 
1.375, -68.875, 2.626251642389409e-22, nan 
1.625, -68.875, 2.257842915861652e-22, nan 
1.875, -68.875, 1.6827707368873386e-22, nan 
2.125, -68.875, 1.0451285750626291e-22, nan 
2.375, -68.875, 1.2553940709019961e-22, nan 
2.625, -68.875, 8.351084167667126e-23, nan 
2.875, -68.875, 1.2186339722483255e-22, nan 
3.125, -68.875, 1.082641995197202e-22, nan 
3.375, -68.875, 4.956156535989077e-23, nan 
3.625, -68.875, 7.757606355921411e-23, nan 
3.875, -68.875, 1.1801477865408387e-22, nan 
4.125, -68.875, 5.375119584399255e-22, nan 
4.375, -68.875, 1.2551884573332633e-21, nan 
4.625, -68.875, 7.953914560410648e-22, nan 
4.875, -68.875, 1.0076781329434727e-21, nan 
5.125, -68.875, 2.516469116905475e-21, nan 
-33.125, -68.625, 1.5888854581129637e-23, nan 
-32.875, -68.625, 3.222207681839254e-23, nan 
-32.625, -68.625, 3.004979491619894e-23, nan 
-32.375, -68.625, 3.2566552308486986e-23, nan 
-32.125, -68.625, 3.1153860590859226e-23, nan 
-31.875, -68.625, 4.610414656842603e-23, nan 
-31.625, -68.625, 6.555828730581268e-23, nan 
-31.375, -68.625, 6.203527644867687e-23, nan 
-31.125, -68.625, 1.2696983116280243e-22, nan 
-30.875, -68.625, 1.4374417878525556e-22, nan 
-30.625, -68.625, 1.3320239671329347e-22, nan 
-30.375, -68.625, 1.9670280458434475e-22, nan 
-30.125, -68.625, 2.46274384116993e-22, nan 
-29.875, -68.625, 2.1737685440534495e-22, nan 
-29.625, -68.625, 1.7717074525156604e-22, nan 
-29.375, -68.625, 1.0904806884225882e-22, nan 
-29.125, -68.625, 1.3250863668534477e-22, nan 
-28.875, -68.625, 1.0121818285334394e-22, nan 
-28.625, -68.625, 3.099838950801615e-23, nan 
-28.375, -68.625, 3.5986279435115045e-23, nan 
-28.125, -68.625, 4.653803452859667e-23, nan 
-27.875, -68.625, 3.4116025580922456e-23, nan 
-27.625, -68.625, 9.802072680280363e-23, nan 
-27.375, -68.625, 1.2460273476124135e-22, nan 
-27.125, -68.625, 1.3641781467753028e-22, nan 
-26.875, -68.625, 1.8700349558130024e-22, nan 
-26.625, -68.625, 1.7017477882912392e-22, nan 
-26.375, -68.625, 1.4987031761771565e-22, nan 
-26.125, -68.625, 1.4990740496992268e-22, nan 
-25.875, -68.625, 2.119421844443303e-22, nan 
-25.625, -68.625, 2.135384659014421e-22, nan 
-25.375, -68.625, 2.495660504707258e-22, nan 
-25.125, -68.625, 1.8044099183904092e-22, nan 
-24.875, -68.625, 1.6807326815280178e-22, nan 
-24.625, -68.625, 1.7118992455811787e-22, nan 
-24.375, -68.625, 1.225455925726222e-22, nan 
-24.125, -68.625, 6.22902489042609e-23, nan 
-23.875, -68.625, 7.172867029940541e-23, nan 
-23.625, -68.625, 8.650729237878258e-23, nan 
-23.375, -68.625, 1.210224175903593e-22, nan 
-23.125, -68.625, 1.303908408693098e-22, nan 
-22.875, -68.625, 1.101594779289513e-22, nan 
-22.625, -68.625, 9.854613332965977e-23, nan 
-22.375, -68.625, 4.820408347545028e-23, nan 
-22.125, -68.625, 5.52116480605387e-23, nan 
-21.875, -68.625, 5.260537379766725e-23, nan 
-21.625, -68.625, 4.951383657591109e-23, nan 
-21.375, -68.625, 5.762742587003459e-23, nan 
-21.125, -68.625, 5.905861373354103e-23, nan 
-20.875, -68.625, 5.529313338394051e-23, nan 
-20.625, -68.625, 4.543910784274792e-23, nan 
-20.375, -68.625, 6.059556220759702e-23, nan 
-20.125, -68.625, 5.878859556821618e-23, nan 
-19.875, -68.625, 5.317173471408035e-23, nan 
-19.625, -68.625, 4.434360568341311e-23, nan 
-19.375, -68.625, 5.517306470928008e-23, nan 
-19.125, -68.625, 4.3952079602049715e-23, nan 
-18.875, -68.625, 4.9384096710205523e-23, nan 
-18.625, -68.625, 2.720726495251956e-23, nan 
-18.375, -68.625, 5.502004477946289e-23, nan 
-18.125, -68.625, 4.125850741714298e-23, nan 
-17.875, -68.625, 3.1966846603390566e-23, nan 
-17.625, -68.625, 5.0793459586858666e-23, nan 
-17.375, -68.625, 4.5138946287365135e-23, nan 
-17.125, -68.625, 5.692153710747446e-23, nan 
-16.875, -68.625, 7.222682478138768e-23, nan 
-16.625, -68.625, 9.044050484612703e-23, nan 
-16.375, -68.625, 1.0627526985772878e-22, nan 
-16.125, -68.625, 1.1516474310078925e-22, nan 
-15.875, -68.625, 1.577273920445154e-22, nan 
-15.625, -68.625, 3.677163069619258e-22, nan 
-15.375, -68.625, 4.1767266900075664e-22, nan 
-15.125, -68.625, 2.3240927031844645e-22, nan 
-14.875, -68.625, 3.66750551140048e-22, nan 
-14.625, -68.625, 4.663502033193747e-22, nan 
-14.375, -68.625, 2.0979796818004172e-22, nan 
-14.125, -68.625, 9.54868977391431e-23, nan 
-13.875, -68.625, 2.6530757392342497e-23, nan 
-13.625, -68.625, 2.093643811183514e-22, nan 
-13.375, -68.625, 3.997170117247327e-22, nan 
-13.125, -68.625, 4.294033129335386e-22, nan 
-12.875, -68.625, 3.5067187721871128e-22, nan 
-12.625, -68.625, 4.1493943716990953e-22, nan 
-12.375, -68.625, 3.633726664431898e-22, nan 
-12.125, -68.625, 1.559864312915391e-22, nan 
-11.875, -68.625, 1.1871288410421186e-22, nan 
-11.625, -68.625, 9.599015475514728e-23, nan 
-11.375, -68.625, 4.2736272331872945e-23, nan 
-11.125, -68.625, 5.435127412930564e-23, nan 
-10.875, -68.625, 8.017189016676658e-23, nan 
-10.625, -68.625, 4.9459763980970636e-23, nan 
-10.375, -68.625, 7.936583340892026e-23, nan 
-10.125, -68.625, 6.456209228016946e-23, nan 
-9.875, -68.625, 6.27542487680567e-23, nan 
-9.625, -68.625, 6.656986231083234e-23, nan 
-9.375, -68.625, 7.230510526204216e-23, nan 
-9.125, -68.625, 6.341922239513544e-23, nan 
-8.875, -68.625, 1.081286698281666e-22, nan 
-8.625, -68.625, 1.8981241834135648e-22, nan 
-8.375, -68.625, 1.3084556311418086e-22, nan 
-8.125, -68.625, 8.582829631438929e-23, nan 
-7.875, -68.625, 9.684790587859509e-23, nan 
-7.625, -68.625, 6.505346646477465e-23, nan 
-7.375, -68.625, 9.175539711589234e-23, nan 
-7.125, -68.625, 1.1089401103291527e-22, nan 
-6.875, -68.625, 7.360131674408542e-23, nan 
-6.625, -68.625, 9.98013267948328e-23, nan 
-6.375, -68.625, 4.9310311348531495e-23, nan 
-6.125, -68.625, 8.598420804377763e-23, nan 
-5.875, -68.625, 2.225979213703516e-22, nan 
-5.625, -68.625, 1.8766441857689339e-22, nan 
-5.375, -68.625, 2.1367046384923334e-22, nan 
-5.125, -68.625, 1.6185816216905216e-22, nan 
-4.875, -68.625, 1.7359188870170061e-22, nan 
-4.625, -68.625, 1.7519727556015539e-22, nan 
-4.375, -68.625, 1.1982985574479638e-22, nan 
-4.125, -68.625, 1.8796576596633536e-22, nan 
-3.875, -68.625, 2.6415385894705587e-22, nan 
-3.625, -68.625, 1.478657902413991e-22, nan 
-3.375, -68.625, 2.092164274632618e-22, nan 
-3.125, -68.625, 2.2231996181911664e-22, nan 
-2.875, -68.625, 1.6577061311134422e-22, nan 
-2.625, -68.625, 1.919875761069094e-22, nan 
-2.375, -68.625, 1.90320201015178e-22, nan 
-2.125, -68.625, 1.6595600396132446e-22, nan 
-1.875, -68.625, 1.470727020698943e-22, nan 
-1.625, -68.625, 1.77845105110329e-22, nan 
-1.375, -68.625, 1.2568592375927784e-22, nan 
-1.125, -68.625, 1.0718309667231488e-22, nan 
-0.875, -68.625, 1.2175467987829677e-22, nan 
-0.625, -68.625, 1.7754588738085232e-22, nan 
-0.375, -68.625, 1.8580427539440268e-22, nan 
-0.125, -68.625, 1.8346775053215647e-22, nan 
0.125, -68.625, 3.9275184028670504e-22, nan 
0.375, -68.625, 4.932789608931779e-22, nan 
0.625, -68.625, 5.900561025496738e-22, nan 
0.875, -68.625, 5.862715782481669e-22, nan 
1.125, -68.625, 5.786326909522699e-22, nan 
1.375, -68.625, 1.3761257345302435e-21, nan 
1.625, -68.625, 9.710757774150545e-22, nan 
1.875, -68.625, 1.5662957834279092e-22, nan 
2.125, -68.625, 1.837696774337477e-22, nan 
2.375, -68.625, 1.347570480359804e-22, nan 
2.625, -68.625, 3.5324592524340765e-23, nan 
2.875, -68.625, 4.1552971632102846e-22, nan 
3.125, -68.625, 2.000869223233596e-22, nan 
3.375, -68.625, 1.4055961417517892e-22, nan 
3.625, -68.625, 2.0224119420430486e-22, nan 
3.875, -68.625, 8.210206384720161e-22, nan 
4.125, -68.625, 1.0930830585817067e-21, nan 
4.375, -68.625, 1.6898205480381528e-21, nan 
4.625, -68.625, 1.0192950920049855e-21, nan 
4.875, -68.625, 2.1670059048436665e-21, nan 
5.125, -68.625, 3.932793253659422e-21, nan 
-32.625, -68.375, 4.50419601845377e-23, nan 
-32.375, -68.375, 4.236918195150028e-23, nan 
-32.125, -68.375, 4.240009773398514e-23, nan 
-31.875, -68.375, 4.4268046429438084e-23, nan 
-31.625, -68.375, 4.5327055351698846e-23, nan 
-31.375, -68.375, 3.1430377369699976e-23, nan 
-31.125, -68.375, 3.507253573015531e-23, nan 
-30.875, -68.375, 4.886892528811608e-23, nan 
-30.625, -68.375, 8.027428890130077e-23, nan 
-30.375, -68.375, 1.065158697538433e-22, nan 
-30.125, -68.375, 1.3131125274598428e-22, nan 
-29.875, -68.375, 1.3989657541573992e-22, nan 
-29.625, -68.375, 1.2241402605125972e-22, nan 
-29.375, -68.375, 2.72230327088125e-23, nan 
-29.125, -68.375, 2.4542561152193988e-23, nan 
-28.875, -68.375, 3.683516218399435e-23, nan 
-28.625, -68.375, 3.903709964155076e-23, nan 
-28.375, -68.375, 4.4241672970609243e-23, nan 
-28.125, -68.375, 5.0369113909741675e-23, nan 
-27.875, -68.375, 3.623954674886314e-23, nan 
-27.625, -68.375, 4.4513492141501964e-23, nan 
-27.375, -68.375, 8.48530364015517e-23, nan 
-27.125, -68.375, 1.5819046875906272e-22, nan 
-26.875, -68.375, 1.577088173137626e-22, nan 
-26.625, -68.375, 1.462736153952913e-22, nan 
-26.375, -68.375, 2.4259032501037454e-22, nan 
-26.125, -68.375, 2.409136475443119e-22, nan 
-25.875, -68.375, 2.457404384177994e-22, nan 
-25.625, -68.375, 2.919273444776517e-22, nan 
-25.375, -68.375, 2.884843002994294e-22, nan 
-25.125, -68.375, 2.3140903696680846e-22, nan 
-24.875, -68.375, 2.1709359624995507e-22, nan 
-24.625, -68.375, 1.9726552299083528e-22, nan 
-24.375, -68.375, 1.1722713585282812e-22, nan 
-24.125, -68.375, 5.618168032443256e-23, nan 
-23.875, -68.375, 7.592682607649104e-23, nan 
-23.625, -68.375, 9.1485820210903e-23, nan 
-23.375, -68.375, 1.3380939498255786e-22, nan 
-23.125, -68.375, 2.0655359330443824e-22, nan 
-22.875, -68.375, 1.6548060563149004e-22, nan 
-22.625, -68.375, 1.3931958011406198e-22, nan 
-22.375, -68.375, 1.698939535323875e-22, nan 
-22.125, -68.375, 1.3169653058989898e-22, nan 
-21.875, -68.375, 9.592209415008932e-23, nan 
-21.625, -68.375, 5.700265958207901e-23, nan 
-21.375, -68.375, 5.1645537989411645e-23, nan 
-21.125, -68.375, 3.7394624485395185e-23, nan 
-20.875, -68.375, 4.810206924343112e-23, nan 
-20.625, -68.375, 5.1627721973934715e-23, nan 
-20.375, -68.375, 8.670345927998765e-23, nan 
-20.125, -68.375, 7.285529207241573e-23, nan 
-19.875, -68.375, 6.293204869595292e-23, nan 
-19.625, -68.375, 7.616959259224408e-23, nan 
-19.375, -68.375, 7.884396980705932e-23, nan 
-19.125, -68.375, 5.593026426932136e-23, nan 
-18.875, -68.375, 6.125339675465072e-23, nan 
-18.625, -68.375, 5.982137519159071e-23, nan 
-18.375, -68.375, 8.214543733832669e-23, nan 
-18.125, -68.375, 6.896123419540206e-23, nan 
-17.875, -68.375, 6.699044763014019e-23, nan 
-17.625, -68.375, 9.441605318373142e-23, nan 
-17.375, -68.375, 6.994737992432142e-23, nan 
-17.125, -68.375, 5.058623989445465e-23, nan 
-16.875, -68.375, 6.820469120274046e-23, nan 
-16.625, -68.375, 1.0215485085229304e-22, nan 
-16.375, -68.375, 8.50611708038901e-23, nan 
-16.125, -68.375, 7.48820247633391e-23, nan 
-15.875, -68.375, 1.920237814611623e-22, nan 
-15.625, -68.375, 2.616782213470267e-22, nan 
-15.375, -68.375, 3.741895509746326e-22, nan 
-15.125, -68.375, 3.78754081175556e-22, nan 
-14.875, -68.375, 4.664921490844544e-22, nan 
-14.625, -68.375, 6.163213905047002e-22, nan 
-14.375, -68.375, 4.134513231280067e-22, nan 
-14.125, -68.375, 2.5190531759213603e-22, nan 
-13.875, -68.375, 2.6622931466228293e-22, nan 
-13.625, -68.375, 4.51986804931726e-22, nan 
-13.375, -68.375, 5.445687952898884e-22, nan 
-13.125, -68.375, 4.162551722309251e-22, nan 
-12.875, -68.375, 4.505354853670074e-22, nan 
-12.625, -68.375, 4.0831458157119113e-22, nan 
-12.375, -68.375, 2.729520144948817e-22, nan 
-12.125, -68.375, 6.839177338140536e-23, nan 
-11.875, -68.375, 5.538083841141579e-23, nan 
-11.625, -68.375, 6.709435699925682e-23, nan 
-11.375, -68.375, 5.699709436407976e-23, nan 
-11.125, -68.375, 1.4342753195317547e-22, nan 
-10.875, -68.375, 1.4132032405388785e-22, nan 
-10.625, -68.375, 1.0104690138016698e-22, nan 
-10.375, -68.375, 1.374328036550982e-22, nan 
-10.125, -68.375, 1.1522115506873871e-22, nan 
-9.875, -68.375, 1.232500279636712e-22, nan 
-9.625, -68.375, 8.557021419421822e-23, nan 
-9.375, -68.375, 7.978392176315641e-23, nan 
-9.125, -68.375, 1.0800446196847786e-22, nan 
-8.875, -68.375, 8.111550479384325e-23, nan 
-8.625, -68.375, 1.0688371151189962e-22, nan 
-8.375, -68.375, 1.229125414065758e-22, nan 
-8.125, -68.375, 1.6292833867275258e-22, nan 
-7.875, -68.375, 1.7240742005741956e-22, nan 
-7.625, -68.375, 1.571572872906582e-22, nan 
-7.375, -68.375, 1.3302979947115759e-22, nan 
-7.125, -68.375, 1.5207179508531075e-22, nan 
-6.875, -68.375, 1.2966064387006141e-22, nan 
-6.625, -68.375, 2.215847707965026e-22, nan 
-6.375, -68.375, 1.9887907034529343e-22, nan 
-6.125, -68.375, 2.1889177971738606e-22, nan 
-5.875, -68.375, 3.4489738898955203e-22, nan 
-5.625, -68.375, 3.504241134824986e-22, nan 
-5.375, -68.375, 4.0732015040477434e-22, nan 
-5.125, -68.375, 3.838715279295298e-22, nan 
-4.875, -68.375, 4.0482962143185135e-22, nan 
-4.625, -68.375, 4.395733445753962e-22, nan 
-4.375, -68.375, 3.272632867154573e-22, nan 
-4.125, -68.375, 4.9751116361967165e-22, nan 
-3.875, -68.375, 6.998539506695501e-22, nan 
-3.625, -68.375, 2.179958276867808e-22, nan 
-3.375, -68.375, 4.358473423183557e-22, nan 
-3.125, -68.375, 5.973450464753547e-22, nan 
-2.875, -68.375, 2.105761051286513e-22, nan 
-2.625, -68.375, 3.9640108975781648e-22, nan 
-2.375, -68.375, 2.9344973175519507e-22, nan 
-2.125, -68.375, 3.1436419260266454e-22, nan 
-1.875, -68.375, 3.4766790580774783e-22, nan 
-1.625, -68.375, 3.032641401199876e-22, nan 
-1.375, -68.375, 3.219086986807613e-22, nan 
-1.125, -68.375, 2.143356737154082e-22, nan 
-0.875, -68.375, 1.8186639593974393e-22, nan 
-0.625, -68.375, 2.86179947094208e-22, nan 
-0.375, -68.375, 3.1503572148721994e-22, nan 
-0.125, -68.375, 5.868887503994927e-22, nan 
0.125, -68.375, 9.194171866931054e-22, nan 
0.375, -68.375, 1.1266366559896367e-21, nan 
0.625, -68.375, 2.570120802219575e-21, nan 
0.875, -68.375, 1.8489196940181756e-21, nan 
1.125, -68.375, 1.164331030505331e-21, nan 
1.375, -68.375, 3.3437317464943066e-21, nan 
1.625, -68.375, 2.6397783694018177e-21, nan 
1.875, -68.375, 1.7239196341263179e-22, nan 
2.125, -68.375, 1.536679404630507e-21, nan 
2.375, -68.375, 1.1946872057280633e-21, nan 
2.625, -68.375, 3.627450460828851e-22, nan 
2.875, -68.375, 1.4035441289840115e-21, nan 
3.125, -68.375, 4.085402408318809e-22, nan 
3.375, -68.375, 1.0172725532608273e-22, nan 
3.625, -68.375, 8.109634981561279e-22, nan 
3.875, -68.375, 1.2305037823027153e-21, nan 
4.125, -68.375, 1.1149451519846404e-21, nan 
4.375, -68.375, 5.970389996871065e-22, nan 
4.625, -68.375, 2.361212628455802e-21, nan 
4.875, -68.375, 2.607816498137639e-21, nan 
5.125, -68.375, 3.8088128192311465e-21, nan 
-32.375, -68.125, 3.665938950867823e-23, nan 
-32.125, -68.125, 3.291049771143674e-23, nan 
-31.875, -68.125, 3.195977252386669e-23, nan 
-31.625, -68.125, 2.922443537779637e-23, nan 
-31.375, -68.125, 2.3599250398754074e-23, nan 
-31.125, -68.125, 2.103046003305472e-23, nan 
-30.875, -68.125, 3.764475066491423e-23, nan 
-30.625, -68.125, 3.246077072194535e-23, nan 
-30.375, -68.125, 1.3455886634828733e-23, nan 
-30.125, -68.125, 1.696831426127214e-23, nan 
-29.875, -68.125, 2.4349351816020035e-23, nan 
-29.625, -68.125, 2.7541105201017724e-23, nan 
-29.375, -68.125, 2.2578176849065272e-23, nan 
-29.125, -68.125, 2.4508445782936488e-23, nan 
-28.875, -68.125, 4.3467727286976863e-23, nan 
-28.625, -68.125, 3.636402247615442e-23, nan 
-28.375, -68.125, 2.606876692969405e-23, nan 
-28.125, -68.125, 2.0463063610390465e-23, nan 
-27.875, -68.125, 4.1055098423763666e-23, nan 
-27.625, -68.125, 3.538497925004011e-23, nan 
-27.375, -68.125, 3.074239721889841e-23, nan 
-27.125, -68.125, 4.080263896621386e-23, nan 
-26.875, -68.125, 4.507652221852682e-23, nan 
-26.625, -68.125, 9.560104484923529e-23, nan 
-26.375, -68.125, 2.0958753681845703e-22, nan 
-26.125, -68.125, 2.401797921116314e-22, nan 
-25.875, -68.125, 2.5721747968915185e-22, nan 
-25.625, -68.125, 2.5741788282803526e-22, nan 
-25.375, -68.125, 2.6580631303347984e-22, nan 
-25.125, -68.125, 2.31910560244196e-22, nan 
-24.875, -68.125, 9.3395186277121e-23, nan 
-24.625, -68.125, 6.2657947624141e-23, nan 
-24.375, -68.125, 7.99023497896256e-23, nan 
-24.125, -68.125, 9.65888018297351e-23, nan 
-23.875, -68.125, 1.3901807497392893e-22, nan 
-23.625, -68.125, 4.6291965108362655e-23, nan 
-23.375, -68.125, 1.112994627099359e-22, nan 
-23.125, -68.125, 2.4982673706405985e-22, nan 
-22.875, -68.125, 1.5206444808804662e-22, nan 
-22.625, -68.125, 1.3772295215894455e-22, nan 
-22.375, -68.125, 2.4434895709749976e-22, nan 
-22.125, -68.125, 1.5759088070309418e-22, nan 
-21.875, -68.125, 1.247870114882365e-22, nan 
-21.625, -68.125, 1.300067209295012e-22, nan 
-21.375, -68.125, 7.177057328601827e-23, nan 
-21.125, -68.125, 5.2277389670938273e-23, nan 
-20.875, -68.125, 6.573746739422712e-23, nan 
-20.625, -68.125, 7.772751732078457e-23, nan 
-20.375, -68.125, 7.5302454298601e-23, nan 
-20.125, -68.125, 4.7862075146331174e-23, nan 
-19.875, -68.125, 4.67546929148592e-23, nan 
-19.625, -68.125, 8.386789003434571e-23, nan 
-19.375, -68.125, 8.000291555694734e-23, nan 
-19.125, -68.125, 7.338511579434224e-23, nan 
-18.875, -68.125, 6.635472219371748e-23, nan 
-18.625, -68.125, 9.033991058812439e-23, nan 
-18.375, -68.125, 7.370208228851662e-23, nan 
-18.125, -68.125, 8.554386850889616e-23, nan 
-17.875, -68.125, 1.0180796016677534e-22, nan 
-17.625, -68.125, 9.723750135358956e-23, nan 
-17.375, -68.125, 8.834465246883654e-23, nan 
-17.125, -68.125, 1.1611790575221785e-22, nan 
-16.875, -68.125, 1.2306993666932256e-22, nan 
-16.625, -68.125, 1.1229855163895573e-22, nan 
-16.375, -68.125, 1.1599322270136943e-22, nan 
-16.125, -68.125, 7.249681399257444e-23, nan 
-15.875, -68.125, 6.664362309980225e-23, nan 
-15.625, -68.125, 1.0799573798252256e-22, nan 
-15.375, -68.125, 6.62325852044469e-23, nan 
-15.125, -68.125, 2.9768949973908053e-22, nan 
-14.875, -68.125, 5.132152263383288e-22, nan 
-14.625, -68.125, 5.954123526134866e-22, nan 
-14.375, -68.125, 4.736066338728929e-22, nan 
-14.125, -68.125, 5.364591858833232e-22, nan 
-13.875, -68.125, 4.994304099127301e-22, nan 
-13.625, -68.125, 4.2041653952627504e-22, nan 
-13.375, -68.125, 5.905805539896532e-22, nan 
-13.125, -68.125, 4.980495457248227e-22, nan 
-12.875, -68.125, 1.4559447990248634e-22, nan 
-12.625, -68.125, 1.0484654612810237e-22, nan 
-12.375, -68.125, 1.0466766033394028e-22, nan 
-12.125, -68.125, 4.134128124014279e-23, nan 
-11.875, -68.125, 6.028009376821885e-23, nan 
-11.625, -68.125, 1.285371253636561e-22, nan 
-11.375, -68.125, 1.5404964504281512e-22, nan 
-11.125, -68.125, 1.7624601582568235e-22, nan 
-10.875, -68.125, 1.9099058894085949e-22, nan 
-10.625, -68.125, 1.6219803039492921e-22, nan 
-10.375, -68.125, 1.1669346006927816e-22, nan 
-10.125, -68.125, 9.241327030385945e-23, nan 
-9.875, -68.125, 7.755733278474911e-23, nan 
-9.625, -68.125, 6.806894547905915e-23, nan 
-9.375, -68.125, 8.13347700311901e-23, nan 
-9.125, -68.125, 1.547076439733164e-22, nan 
-8.875, -68.125, 1.627950503181203e-22, nan 
-8.625, -68.125, 1.640748465647816e-22, nan 
-8.375, -68.125, 2.0897989872988982e-22, nan 
-8.125, -68.125, 2.30818907469756e-22, nan 
-7.875, -68.125, 2.0669408361576476e-22, nan 
-7.625, -68.125, 2.4004417538286863e-22, nan 
-7.375, -68.125, 1.4299327377668085e-22, nan 
-7.125, -68.125, 5.886394258273662e-23, nan 
-6.875, -68.125, 2.0577436797903256e-22, nan 
-6.625, -68.125, 2.3664858257018717e-22, nan 
-6.375, -68.125, 3.324381133641688e-22, nan 
-6.125, -68.125, 3.3982091557040477e-22, nan 
-5.875, -68.125, 2.0621655358081639e-22, nan 
-5.625, -68.125, 1.1140616398954758e-22, nan 
-5.375, -68.125, 2.345450532941103e-22, nan 
-5.125, -68.125, 5.251414051510055e-22, nan 
-4.875, -68.125, 5.4438618459559755e-22, nan 
-4.625, -68.125, 6.24587172220026e-22, nan 
-4.375, -68.125, 6.984879963142934e-22, nan 
-4.125, -68.125, 7.670956002728601e-22, nan 
-3.875, -68.125, 8.561356568875446e-22, nan 
-3.625, -68.125, 4.590010828396881e-22, nan 
-3.375, -68.125, 8.882813801714416e-22, nan 
-3.125, -68.125, 6.418707926807237e-22, nan 
-2.875, -68.125, 3.6762036501114516e-22, nan 
-2.625, -68.125, 7.326660339878389e-22, nan 
-2.375, -68.125, 4.800519665439385e-22, nan 
-2.125, -68.125, 4.1115197331582192e-22, nan 
-1.875, -68.125, 2.899834967152056e-22, nan 
-1.625, -68.125, 2.872745314250911e-22, nan 
-1.375, -68.125, 2.486243239867917e-22, nan 
-1.125, -68.125, 3.407906351449421e-22, nan 
-0.875, -68.125, 3.4851256632409336e-22, nan 
-0.625, -68.125, 2.62731965796152e-22, nan 
-0.375, -68.125, 2.5212758465179674e-22, nan 
-0.125, -68.125, 7.057761874837762e-22, nan 
0.125, -68.125, 7.704129553433373e-22, nan 
0.375, -68.125, 1.9631968640361627e-21, nan 
0.625, -68.125, 3.5509706124541364e-21, nan 
0.875, -68.125, 1.6575017844230604e-21, nan 
1.125, -68.125, 2.998245851488657e-21, nan 
1.375, -68.125, 4.70345961042653e-21, nan 
1.625, -68.125, 2.841146090164541e-21, nan 
1.875, -68.125, 1.6734151464929908e-21, nan 
2.125, -68.125, 2.0532131399514426e-21, nan 
2.375, -68.125, 9.956140185085225e-22, nan 
2.625, -68.125, 1.3057760519562702e-21, nan 
2.875, -68.125, 1.5711690630808138e-21, nan 
3.125, -68.125, 4.838185042551498e-22, nan 
3.375, -68.125, 7.893171731998488e-22, nan 
3.625, -68.125, 3.3787429236470846e-22, nan 
3.875, -68.125, 3.597246116394413e-22, nan 
4.125, -68.125, 2.899624064955271e-22, nan 
4.375, -68.125, 3.095702830437026e-22, nan 
4.625, -68.125, 2.7058828217937564e-21, nan 
4.875, -68.125, 2.335456102941656e-21, nan 
5.125, -68.125, 1.4354292139226686e-21, nan 
-32.125, -67.875, 2.5650095187719612e-23, nan 
-31.875, -67.875, 2.6712531562986923e-23, nan 
-31.625, -67.875, 2.9566882742441877e-23, nan 
-31.375, -67.875, 2.6477027342258614e-23, nan 
-31.125, -67.875, 2.643472463266868e-23, nan 
-30.875, -67.875, 3.0780185835514177e-23, nan 
-30.625, -67.875, 3.089146473651077e-23, nan 
-30.375, -67.875, 2.523815868168568e-23, nan 
-30.125, -67.875, 2.4594109873280407e-23, nan 
-29.875, -67.875, 2.6137700572782553e-23, nan 
-29.625, -67.875, 2.0807318471190747e-23, nan 
-29.375, -67.875, 1.1255537918117493e-23, nan 
-29.125, -67.875, 1.3505539983038206e-23, nan 
-28.875, -67.875, 2.2905697388311874e-23, nan 
-28.625, -67.875, 5.002299950603061e-23, nan 
-28.375, -67.875, 2.8743987154317355e-23, nan 
-28.125, -67.875, 3.773853089160707e-23, nan 
-27.875, -67.875, 4.7994522346396505e-23, nan 
-27.625, -67.875, 4.0898954620275673e-23, nan 
-27.375, -67.875, 4.9956064149805303e-23, nan 
-27.125, -67.875, 3.7090645803993016e-23, nan 
-26.875, -67.875, 7.272385679815086e-23, nan 
-26.625, -67.875, 8.605293165997292e-23, nan 
-26.375, -67.875, 1.1047864693285114e-22, nan 
-26.125, -67.875, 1.196617302877702e-22, nan 
-25.875, -67.875, 1.2733602459045074e-22, nan 
-25.625, -67.875, 1.2841389659975297e-22, nan 
-25.375, -67.875, 6.839365136459126e-23, nan 
-25.125, -67.875, 4.0101972297985025e-23, nan 
-24.875, -67.875, 7.149270524150698e-23, nan 
-24.625, -67.875, 8.349660388652402e-23, nan 
-24.375, -67.875, 1.051690899289276e-22, nan 
-24.125, -67.875, 1.139359818680644e-22, nan 
-23.875, -67.875, 1.3730835609072286e-22, nan 
-23.625, -67.875, 1.674010229201776e-22, nan 
-23.375, -67.875, 1.9055664256253037e-22, nan 
-23.125, -67.875, 3.550193516085551e-22, nan 
-22.875, -67.875, 2.6019201349043687e-22, nan 
-22.625, -67.875, 2.0747214130236442e-22, nan 
-22.375, -67.875, 2.5945722009833857e-22, nan 
-22.125, -67.875, 1.4941030651093098e-22, nan 
-21.875, -67.875, 1.1485944546294814e-22, nan 
-21.625, -67.875, 5.909669535447731e-23, nan 
-21.375, -67.875, 6.293132778479434e-23, nan 
-21.125, -67.875, 8.795637836923713e-23, nan 
-20.875, -67.875, 1.0919583676535733e-22, nan 
-20.625, -67.875, 9.360240894513717e-23, nan 
-20.375, -67.875, 7.362116630051363e-23, nan 
-20.125, -67.875, 7.118050756409178e-23, nan 
-19.875, -67.875, 4.682345191161741e-23, nan 
-19.625, -67.875, 1.0289585252447977e-22, nan 
-19.375, -67.875, 1.0570951659714107e-22, nan 
-19.125, -67.875, 1.758818508140137e-22, nan 
-18.875, -67.875, 7.525590210466492e-23, nan 
-18.625, -67.875, 1.0034356292903268e-22, nan 
-18.375, -67.875, 9.512189416168156e-23, nan 
-18.125, -67.875, 1.0053729329332173e-22, nan 
-17.875, -67.875, 8.740327119690176e-23, nan 
-17.625, -67.875, 8.38125694162499e-23, nan 
-17.375, -67.875, 1.08226020434317e-22, nan 
-17.125, -67.875, 1.5874860309442652e-22, nan 
-16.875, -67.875, 1.5930805286097873e-22, nan 
-16.625, -67.875, 1.3783068050315404e-22, nan 
-16.375, -67.875, 1.2215455917704828e-22, nan 
-16.125, -67.875, 1.4602327089535972e-22, nan 
-15.875, -67.875, 1.1487671987267398e-22, nan 
-15.625, -67.875, 9.457800204360474e-23, nan 
-15.375, -67.875, 1.0646917662245882e-22, nan 
-15.125, -67.875, 9.062924808125153e-23, nan 
-14.875, -67.875, 1.4015922826763843e-22, nan 
-14.625, -67.875, 1.4124929452035324e-22, nan 
-14.375, -67.875, 2.2579973168894143e-22, nan 
-14.125, -67.875, 3.4582303761732647e-22, nan 
-13.875, -67.875, 2.5304902977850297e-22, nan 
-13.625, -67.875, 1.922264320702176e-22, nan 
-13.375, -67.875, 6.53695549796159e-23, nan 
-13.125, -67.875, 1.207469506666668e-22, nan 
-12.875, -67.875, 3.614246123540015e-23, nan 
-12.625, -67.875, 8.356637752376351e-23, nan 
-12.375, -67.875, 1.71168616937132e-22, nan 
-12.125, -67.875, 2.0126766275566147e-22, nan 
-11.875, -67.875, 3.0641198370321554e-22, nan 
-11.625, -67.875, 2.871487693789122e-22, nan 
-11.375, -67.875, 2.3561455735038453e-22, nan 
-11.125, -67.875, 2.6351304394092433e-22, nan 
-10.875, -67.875, 2.101833298225762e-22, nan 
-10.625, -67.875, 1.5843425983350878e-22, nan 
-10.375, -67.875, 1.7259512620856928e-22, nan 
-10.125, -67.875, 2.1040284425151145e-22, nan 
-9.875, -67.875, 1.640640484277706e-22, nan 
-9.625, -67.875, 2.3674947712688387e-22, nan 
-9.375, -67.875, 2.3331894803208897e-22, nan 
-9.125, -67.875, 1.143727798927277e-22, nan 
-8.875, -67.875, 3.05926414474615e-22, nan 
-8.625, -67.875, 5.065610002256309e-22, nan 
-8.375, -67.875, 4.0703527975864487e-22, nan 
-8.125, -67.875, 3.0452452757095007e-22, nan 
-7.875, -67.875, 4.2828827523377375e-22, nan 
-7.625, -67.875, 4.034989478988224e-22, nan 
-7.375, -67.875, 3.2201086622268016e-22, nan 
-7.125, -67.875, 3.595213365084042e-22, nan 
-6.875, -67.875, 4.715140950501577e-22, nan 
-6.625, -67.875, 2.69993960128389e-22, nan 
-6.375, -67.875, 7.529897760969212e-22, nan 
-6.125, -67.875, 6.411365766670331e-22, nan 
-5.875, -67.875, 4.271996675034418e-22, nan 
-5.625, -67.875, 2.9135701038342716e-22, nan 
-5.375, -67.875, 3.478816412663863e-22, nan 
-5.125, -67.875, 4.0848504946897977e-22, nan 
-4.875, -67.875, 2.2293030769147726e-22, nan 
-4.625, -67.875, 7.046764569384567e-22, nan 
-4.375, -67.875, 9.829170367466845e-22, nan 
-4.125, -67.875, 1.271381343649096e-21, nan 
-3.875, -67.875, 1.2723940701017584e-21, nan 
-3.625, -67.875, 9.466753911118346e-22, nan 
-3.375, -67.875, 1.1734752800178662e-21, nan 
-3.125, -67.875, 1.1667592286454535e-21, nan 
-2.875, -67.875, 6.65887612277394e-22, nan 
-2.625, -67.875, 1.4001536700815714e-21, nan 
-2.375, -67.875, 7.293018257349022e-22, nan 
-2.125, -67.875, 7.670263920142928e-22, nan 
-1.875, -67.875, 1.356973408380625e-21, nan 
-1.625, -67.875, 9.04450303971493e-22, nan 
-1.375, -67.875, 4.728352765027345e-22, nan 
-1.125, -67.875, 5.553861923822492e-22, nan 
-0.875, -67.875, 1.1444283053393888e-21, nan 
-0.625, -67.875, 1.2860396412918937e-21, nan 
-0.375, -67.875, 1.2672780988912315e-21, nan 
-0.125, -67.875, 1.396633771965905e-21, nan 
0.125, -67.875, 1.2504335126942862e-21, nan 
0.375, -67.875, 1.5789194657586722e-21, nan 
0.625, -67.875, 1.5071574465663665e-21, nan 
0.875, -67.875, 2.253629283749237e-21, nan 
1.125, -67.875, 4.346010964761044e-21, nan 
1.375, -67.875, 6.226050637246992e-21, nan 
1.625, -67.875, 4.383718428925204e-21, nan 
1.875, -67.875, 4.396655430150841e-21, nan 
2.125, -67.875, 5.544878935109451e-21, nan 
2.375, -67.875, 3.3173758259688313e-21, nan 
2.625, -67.875, 3.2450955158121203e-21, nan 
2.875, -67.875, 4.103855525714745e-21, nan 
3.125, -67.875, 1.858615808024872e-21, nan 
3.375, -67.875, 6.303622452858795e-22, nan 
3.625, -67.875, 4.925390906295547e-22, nan 
3.875, -67.875, 3.486436168729921e-22, nan 
4.125, -67.875, 3.175359186704056e-22, nan 
4.375, -67.875, 4.410618198397432e-22, nan 
4.625, -67.875, 3.9542389843405105e-22, nan 
4.875, -67.875, 3.4262040721823417e-22, nan 
5.125, -67.875, 4.890801568499496e-22, nan 
-31.625, -67.625, 2.95460419070856e-23, nan 
-31.375, -67.625, 3.481105247248872e-23, nan 
-31.125, -67.625, 4.0208491499428823e-23, nan 
-30.875, -67.625, 2.5117851923490393e-23, nan 
-30.625, -67.625, 2.903691903202639e-23, nan 
-30.375, -67.625, 3.4527672183958356e-23, nan 
-30.125, -67.625, 2.9957386004606724e-23, nan 
-29.875, -67.625, 3.6934314252060876e-23, nan 
-29.625, -67.625, 2.438453399386109e-23, nan 
-29.375, -67.625, 2.9230514778166573e-23, nan 
-29.125, -67.625, 3.07358592176562e-23, nan 
-28.875, -67.625, 3.7337185156464247e-23, nan 
-28.625, -67.625, 5.029054618370563e-23, nan 
-28.375, -67.625, 5.397088586267711e-23, nan 
-28.125, -67.625, 6.024869639030902e-23, nan 
-27.875, -67.625, 5.405998608065459e-23, nan 
-27.625, -67.625, 5.2550743485722e-23, nan 
-27.375, -67.625, 6.065844629908685e-23, nan 
-27.125, -67.625, 6.252237887591887e-23, nan 
-26.875, -67.625, 5.645169736236511e-23, nan 
-26.625, -67.625, 5.134164455459045e-23, nan 
-26.375, -67.625, 8.070417041313102e-23, nan 
-26.125, -67.625, 9.100194099968515e-23, nan 
-25.875, -67.625, 9.238557905654343e-23, nan 
-25.625, -67.625, 1.0493828285430535e-22, nan 
-25.375, -67.625, 9.210093848094746e-23, nan 
-25.125, -67.625, 8.111034493423831e-23, nan 
-24.875, -67.625, 8.249446149780766e-23, nan 
-24.625, -67.625, 6.119470754914762e-23, nan 
-24.375, -67.625, 6.366921599236689e-23, nan 
-24.125, -67.625, 1.0417653031050712e-22, nan 
-23.875, -67.625, 1.2041251971991218e-22, nan 
-23.625, -67.625, 1.935585373502337e-22, nan 
-23.375, -67.625, 2.0497032623113057e-22, nan 
-23.125, -67.625, 3.0384979854954885e-22, nan 
-22.875, -67.625, 2.9145667929966557e-22, nan 
-22.625, -67.625, 2.213816217438312e-22, nan 
-22.375, -67.625, 6.577630103819797e-23, nan 
-22.125, -67.625, 6.998915138681114e-23, nan 
-21.875, -67.625, 4.937309173116844e-23, nan 
-21.625, -67.625, 4.2713213958030574e-23, nan 
-21.375, -67.625, 3.046038993986736e-23, nan 
-21.125, -67.625, 1.009516249281102e-22, nan 
-20.875, -67.625, 1.386879488227763e-22, nan 
-20.625, -67.625, 1.0404620235649452e-22, nan 
-20.375, -67.625, 1.7048272191129862e-22, nan 
-20.125, -67.625, 2.640187996983065e-22, nan 
-19.875, -67.625, 3.046603990164116e-22, nan 
-19.625, -67.625, 2.5288821169718327e-22, nan 
-19.375, -67.625, 2.5485881485942477e-22, nan 
-19.125, -67.625, 2.830865455985391e-22, nan 
-18.875, -67.625, 3.484729683780316e-23, nan 
-18.625, -67.625, 4.951407307306063e-23, nan 
-18.375, -67.625, 1.772623861314962e-22, nan 
-18.125, -67.625, 3.174144327579863e-23, nan 
-17.875, -67.625, 8.536277055651263e-23, nan 
-17.625, -67.625, 6.91789882590399e-23, nan 
-17.375, -67.625, 9.799359178179129e-23, nan 
-17.125, -67.625, 1.9812019081048339e-22, nan 
-16.875, -67.625, 1.6271584323830508e-22, nan 
-16.625, -67.625, 1.7458542726148278e-22, nan 
-16.375, -67.625, 1.684366178875614e-22, nan 
-16.125, -67.625, 2.2625260585985476e-22, nan 
-15.875, -67.625, 2.1606478218913773e-22, nan 
-15.625, -67.625, 1.858484733135065e-22, nan 
-15.375, -67.625, 1.7702787882618235e-22, nan 
-15.125, -67.625, 2.5212339311620575e-22, nan 
-14.875, -67.625, 2.1987067909684002e-22, nan 
-14.625, -67.625, 1.975731238063231e-22, nan 
-14.375, -67.625, 1.6466142997838318e-22, nan 
-14.125, -67.625, 1.762868191885487e-22, nan 
-13.875, -67.625, 1.2924631837685296e-22, nan 
-13.625, -67.625, 1.136682819079394e-22, nan 
-13.375, -67.625, 2.404672354521994e-22, nan 
-13.125, -67.625, 3.0324718721088183e-22, nan 
-12.875, -67.625, 3.1705135611249656e-22, nan 
-12.625, -67.625, 3.0171981617863205e-22, nan 
-12.375, -67.625, 3.9512915117229996e-22, nan 
-12.125, -67.625, 4.234101385919819e-22, nan 
-11.875, -67.625, 4.406585333379713e-22, nan 
-11.625, -67.625, 3.869747058442069e-22, nan 
-11.375, -67.625, 2.5963875613154027e-22, nan 
-11.125, -67.625, 2.0031461412387052e-22, nan 
-10.875, -67.625, 2.4768441576681645e-22, nan 
-10.625, -67.625, 2.4762912531181053e-22, nan 
-10.375, -67.625, 2.323352452495854e-22, nan 
-10.125, -67.625, 6.426172771686052e-22, nan 
-9.875, -67.625, 3.9991506606652505e-22, nan 
-9.625, -67.625, 3.500692659325229e-22, nan 
-9.375, -67.625, 4.503939418860103e-22, nan 
-9.125, -67.625, 5.360663300208993e-22, nan 
-8.875, -67.625, 4.272692766795169e-22, nan 
-8.625, -67.625, 7.668916241416905e-22, nan 
-8.375, -67.625, 7.296862039254955e-22, nan 
-8.125, -67.625, 4.0419616303522187e-22, nan 
-7.875, -67.625, 3.317019853229463e-22, nan 
-7.625, -67.625, 4.698582142473069e-22, nan 
-7.375, -67.625, 1.0057616461109205e-21, nan 
-7.125, -67.625, 3.6925128485947415e-22, nan 
-6.875, -67.625, 7.76042873363699e-22, nan 
-6.625, -67.625, 7.896577176041339e-22, nan 
-6.375, -67.625, 7.9086915235767905e-22, nan 
-6.125, -67.625, 1.0163788876672477e-21, nan 
-5.875, -67.625, 8.325105285281399e-22, nan 
-5.625, -67.625, 4.460043974722585e-22, nan 
-5.375, -67.625, 6.956878098274627e-22, nan 
-5.125, -67.625, 1.0932658526638252e-21, nan 
-4.875, -67.625, 1.851970479086702e-21, nan 
-4.625, -67.625, 3.936043250397489e-22, nan 
-4.375, -67.625, 2.31563257581676e-21, nan 
-4.125, -67.625, 4.283011510302797e-21, nan 
-3.875, -67.625, 2.7661128940093912e-21, nan 
-3.625, -67.625, 1.8267970005633627e-21, nan 
-3.375, -67.625, 1.7103620389166026e-21, nan 
-3.125, -67.625, 4.71789794638056e-21, nan 
-2.875, -67.625, 2.4888362246116288e-21, nan 
-2.625, -67.625, 3.801423238401014e-21, nan 
-2.375, -67.625, 5.1775685137282504e-21, nan 
-2.125, -67.625, 4.559643135192701e-21, nan 
-1.875, -67.625, 3.2154302281538674e-21, nan 
-1.625, -67.625, 3.2130982415562664e-21, nan 
-1.375, -67.625, 2.2232348012568955e-21, nan 
-1.125, -67.625, 1.9601131349511124e-21, nan 
-0.875, -67.625, 2.8374285200887703e-21, nan 
-0.625, -67.625, 2.757369880283813e-21, nan 
-0.375, -67.625, 3.0037912515654307e-21, nan 
-0.125, -67.625, 3.141495941228118e-21, nan 
0.125, -67.625, 3.29866566607847e-21, nan 
0.375, -67.625, 3.825096432883952e-21, nan 
0.625, -67.625, 5.329500396137287e-21, nan 
0.875, -67.625, 5.413663446484146e-21, nan 
1.125, -67.625, 4.674902368453021e-21, nan 
1.375, -67.625, 5.522466281557913e-21, nan 
1.625, -67.625, 7.04977756744345e-21, nan 
1.875, -67.625, 8.146995062350505e-21, nan 
2.125, -67.625, 7.128777911896673e-21, nan 
2.375, -67.625, 6.0074169784652234e-21, nan 
2.625, -67.625, 5.8595124204663224e-21, nan 
2.875, -67.625, 3.603628543518603e-21, nan 
3.125, -67.625, 1.3984427663888894e-21, nan 
3.375, -67.625, 7.680496209006644e-22, nan 
3.625, -67.625, 7.01803691149225e-22, nan 
3.875, -67.625, 4.83695836670471e-22, nan 
4.125, -67.625, 8.95812337537352e-22, nan 
4.375, -67.625, 1.1861488357960441e-21, nan 
4.625, -67.625, 6.847400090981515e-22, nan 
4.875, -67.625, 8.642570652441018e-22, nan 
5.125, -67.625, 1.447350851236417e-21, nan 
5.375, -67.625, 1.3891278142035398e-21, nan 
-31.375, -67.375, 3.9957277527187025e-23, nan 
-31.125, -67.375, 4.3207825804365617e-23, nan 
-30.875, -67.375, 3.61052297161545e-23, nan 
-30.625, -67.375, 4.514932883947684e-23, nan 
-30.375, -67.375, 4.9473802339407945e-23, nan 
-30.125, -67.375, 4.9100721971953794e-23, nan 
-29.875, -67.375, 5.277043609471309e-23, nan 
-29.625, -67.375, 3.4288710604962285e-23, nan 
-29.375, -67.375, 3.919235355100946e-23, nan 
-29.125, -67.375, 4.7603951927661464e-23, nan 
-28.875, -67.375, 4.331069225057672e-23, nan 
-28.625, -67.375, 4.3787427826557106e-23, nan 
-28.375, -67.375, 5.197945535632196e-23, nan 
-28.125, -67.375, 6.074947543426334e-23, nan 
-27.875, -67.375, 8.781171168640332e-23, nan 
-27.625, -67.375, 8.188149588874594e-23, nan 
-27.375, -67.375, 6.91654104409553e-23, nan 
-27.125, -67.375, 8.746122086353644e-23, nan 
-26.875, -67.375, 8.724631413360962e-23, nan 
-26.625, -67.375, 7.167894076167476e-23, nan 
-26.375, -67.375, 7.617287182758096e-23, nan 
-26.125, -67.375, 7.635847465599928e-23, nan 
-25.875, -67.375, 7.375490634202439e-23, nan 
-25.625, -67.375, 6.872697519480396e-23, nan 
-25.375, -67.375, 8.978663037073861e-23, nan 
-25.125, -67.375, 9.174059727076027e-23, nan 
-24.875, -67.375, 1.2639906065284849e-22, nan 
-24.625, -67.375, 6.408297617918531e-23, nan 
-24.375, -67.375, 6.567989525249243e-23, nan 
-24.125, -67.375, 8.90354159386394e-23, nan 
-23.875, -67.375, 8.693177077310656e-23, nan 
-23.625, -67.375, 1.3615916006506075e-22, nan 
-23.375, -67.375, 1.2328361409532403e-22, nan 
-23.125, -67.375, 9.78172597246922e-23, nan 
-22.875, -67.375, 1.4519488297355476e-22, nan 
-22.625, -67.375, 1.3323019305993127e-22, nan 
-22.375, -67.375, 9.165849689743104e-23, nan 
-22.125, -67.375, 6.502581164357658e-23, nan 
-21.875, -67.375, 7.250987410360606e-23, nan 
-21.625, -67.375, 7.500557267844268e-23, nan 
-21.375, -67.375, 1.0907283410221503e-22, nan 
-21.125, -67.375, 2.5112840212933976e-22, nan 
-20.875, -67.375, 3.270794300949307e-22, nan 
-20.625, -67.375, 2.8892444001743847e-22, nan 
-20.375, -67.375, 3.6285529671314847e-22, nan 
-20.125, -67.375, 4.522933039298602e-22, nan 
-19.875, -67.375, 4.56949850260789e-22, nan 
-19.625, -67.375, 3.893417544955022e-22, nan 
-19.375, -67.375, 4.0836133935409507e-22, nan 
-19.125, -67.375, 2.592177823112161e-22, nan 
-18.875, -67.375, 2.661214894393942e-22, nan 
-18.625, -67.375, 3.1942514838123186e-22, nan 
-18.375, -67.375, 2.2174352420057266e-22, nan 
-18.125, -67.375, 5.83935595345386e-23, nan 
-17.875, -67.375, 7.154862022331962e-23, nan 
-17.625, -67.375, 1.21153646264005e-22, nan 
-17.375, -67.375, 1.5418634374402804e-22, nan 
-17.125, -67.375, 2.099589614622116e-22, nan 
-16.875, -67.375, 2.28110395580921e-22, nan 
-16.625, -67.375, 2.8924790601138683e-22, nan 
-16.375, -67.375, 3.136101333485782e-22, nan 
-16.125, -67.375, 3.3696620072513976e-22, nan 
-15.875, -67.375, 4.706978668353442e-22, nan 
-15.625, -67.375, 8.599806815328382e-22, nan 
-15.375, -67.375, 7.4152677420548195e-22, nan 
-15.125, -67.375, 4.2349787551452017e-22, nan 
-14.875, -67.375, 3.7599164481063414e-22, nan 
-14.625, -67.375, 5.4307418666742905e-22, nan 
-14.375, -67.375, 4.7660676094813105e-22, nan 
-14.125, -67.375, 4.782712466533085e-22, nan 
-13.875, -67.375, 4.421716576100944e-22, nan 
-13.625, -67.375, 4.162307713623234e-22, nan 
-13.375, -67.375, 5.682716533037268e-22, nan 
-13.125, -67.375, 5.489784737032237e-22, nan 
-12.875, -67.375, 5.35997589511733e-22, nan 
-12.625, -67.375, 3.6959128797649194e-22, nan 
-12.375, -67.375, 3.277820604132107e-22, nan 
-12.125, -67.375, 3.867331377822068e-22, nan 
-11.875, -67.375, 3.2240685537827447e-22, nan 
-11.625, -67.375, 3.2389544699581105e-22, nan 
-11.375, -67.375, 3.6497602607854317e-22, nan 
-11.125, -67.375, 3.529009422527383e-22, nan 
-10.875, -67.375, 8.693948413652271e-22, nan 
-10.625, -67.375, 4.980449667142892e-22, nan 
-10.375, -67.375, 4.805664937807369e-22, nan 
-10.125, -67.375, 2.087003070750649e-21, nan 
-9.875, -67.375, 6.804728140436917e-22, nan 
-9.625, -67.375, 4.416773810305133e-22, nan 
-9.375, -67.375, 1.368154224232316e-21, nan 
-9.125, -67.375, 8.390499701602676e-22, nan 
-8.875, -67.375, 8.197628199673441e-22, nan 
-8.625, -67.375, 7.976632572449783e-22, nan 
-8.375, -67.375, 9.774951159060783e-22, nan 
-8.125, -67.375, 1.2166709597057606e-21, nan 
-7.875, -67.375, 1.0587992192376701e-21, nan 
-7.625, -67.375, 6.947730271170677e-22, nan 
-7.375, -67.375, 2.0760869865814957e-21, nan 
-7.125, -67.375, 8.217001217722397e-22, nan 
-6.875, -67.375, 1.4595175325065389e-21, nan 
-6.625, -67.375, 1.6920584866037541e-21, nan 
-6.375, -67.375, 1.1986589005824641e-21, nan 
-6.125, -67.375, 2.4049728391556985e-21, nan 
-5.875, -67.375, 2.601716633765984e-21, nan 
-5.625, -67.375, 9.792262092293802e-22, nan 
-5.375, -67.375, 1.4963260822731396e-21, nan 
-5.125, -67.375, 2.5326706505060504e-21, nan 
-4.875, -67.375, 2.328858351064703e-21, nan 
-4.625, -67.375, 2.2626184201745592e-21, nan 
-4.375, -67.375, 7.712613878058714e-21, nan 
-4.125, -67.375, 1.3222038514765553e-20, nan 
-3.875, -67.375, 7.838521377099231e-21, nan 
-3.625, -67.375, 7.065559970045268e-21, nan 
-3.375, -67.375, 1.6617130845803237e-20, nan 
-3.125, -67.375, 2.1134367888641105e-20, nan 
-2.875, -67.375, 2.3369734344159034e-20, nan 
-2.625, -67.375, 1.8958476208137954e-20, nan 
-2.375, -67.375, 2.563651741618603e-20, nan 
-2.125, -67.375, 2.6408920140387482e-20, nan 
-1.875, -67.375, 1.4728148007547288e-20, nan 
-1.625, -67.375, 1.2446443045253955e-20, nan 
-1.375, -67.375, 1.0432906244457935e-20, nan 
-1.125, -67.375, 1.8365410225031222e-20, nan 
-0.875, -67.375, 1.5003207526190813e-20, nan 
-0.625, -67.375, 8.928942823188182e-21, nan 
-0.375, -67.375, 8.841780528554623e-21, nan 
-0.125, -67.375, 1.231727155415202e-20, nan 
0.125, -67.375, 1.368252884105558e-20, nan 
0.375, -67.375, 1.3885364857115364e-20, nan 
0.625, -67.375, 1.3681855952236867e-20, nan 
0.875, -67.375, 1.3737401009647026e-20, nan 
1.125, -67.375, 1.1413242535798964e-20, nan 
1.375, -67.375, 7.457666015602793e-21, nan 
1.625, -67.375, 8.20837633885159e-21, nan 
1.875, -67.375, 1.0139475268309074e-20, nan 
2.125, -67.375, 9.417094629678847e-21, nan 
2.375, -67.375, 5.062651951637128e-21, nan 
2.625, -67.375, 3.988886202971726e-21, nan 
2.875, -67.375, 5.790605792609042e-21, nan 
3.125, -67.375, 2.741718945454232e-21, nan 
3.375, -67.375, 2.1673095037772007e-21, nan 
3.625, -67.375, 1.173036955743388e-21, nan 
3.875, -67.375, 1.902159761897944e-21, nan 
4.125, -67.375, 2.7261570117405032e-21, nan 
4.375, -67.375, 3.1839426863087298e-21, nan 
4.625, -67.375, 3.747239378773801e-21, nan 
4.875, -67.375, 4.9744283995723835e-21, nan 
5.125, -67.375, 4.220496390264048e-21, nan 
5.375, -67.375, 3.1436953260305096e-21, nan 
-31.125, -67.125, 7.22230065655942e-23, nan 
-30.875, -67.125, 6.082514498395244e-23, nan 
-30.625, -67.125, 5.981064716121233e-23, nan 
-30.375, -67.125, 7.475211129700126e-23, nan 
-30.125, -67.125, 6.976344229901152e-23, nan 
-29.875, -67.125, 3.434754250285299e-23, nan 
-29.625, -67.125, 2.3415743470270156e-23, nan 
-29.375, -67.125, 2.7946344180634887e-23, nan 
-29.125, -67.125, 6.923388291193148e-23, nan 
-28.875, -67.125, 1.0439264149411863e-22, nan 
-28.625, -67.125, 1.0942412484407283e-22, nan 
-28.375, -67.125, 9.481612315334246e-23, nan 
-28.125, -67.125, 1.0628863550516962e-22, nan 
-27.875, -67.125, 1.1099203606362313e-22, nan 
-27.625, -67.125, 9.556577316856832e-23, nan 
-27.375, -67.125, 8.49837114476804e-23, nan 
-27.125, -67.125, 7.237330898941347e-23, nan 
-26.875, -67.125, 6.65679272939901e-23, nan 
-26.625, -67.125, 8.662875661459034e-23, nan 
-26.375, -67.125, 1.0267040529267954e-22, nan 
-26.125, -67.125, 1.0296815429643375e-22, nan 
-25.875, -67.125, 1.1114162548548012e-22, nan 
-25.625, -67.125, 1.1757198093917297e-22, nan 
-25.375, -67.125, 1.295634808769293e-22, nan 
-25.125, -67.125, 1.364592292038266e-22, nan 
-24.875, -67.125, 1.4112874549527073e-22, nan 
-24.625, -67.125, 6.205394549180422e-23, nan 
-24.375, -67.125, 5.426984861891641e-23, nan 
-24.125, -67.125, 1.0416287196753529e-22, nan 
-23.875, -67.125, 1.1454239382691232e-22, nan 
-23.625, -67.125, 1.8307964012817902e-22, nan 
-23.375, -67.125, 1.7179727945689069e-22, nan 
-23.125, -67.125, 1.8293572780065735e-22, nan 
-22.875, -67.125, 1.4714266807638974e-22, nan 
-22.625, -67.125, 1.616402285759108e-22, nan 
-22.375, -67.125, 2.126344628144611e-22, nan 
-22.125, -67.125, 1.4314171654132281e-22, nan 
-21.875, -67.125, 1.4752859056556271e-22, nan 
-21.625, -67.125, 1.450479266859419e-22, nan 
-21.375, -67.125, 1.587563796507191e-22, nan 
-21.125, -67.125, 4.688637328875648e-22, nan 
-20.875, -67.125, 5.359095518578597e-22, nan 
-20.625, -67.125, 4.333292134699576e-22, nan 
-20.375, -67.125, 7.735067784298784e-22, nan 
-20.125, -67.125, 7.945961283542102e-22, nan 
-19.875, -67.125, 5.2302788348506325e-22, nan 
-19.625, -67.125, 4.3381972640247865e-22, nan 
-19.375, -67.125, 3.789989404573984e-22, nan 
-19.125, -67.125, 4.017291025768593e-22, nan 
-18.875, -67.125, 3.3150521898055776e-22, nan 
-18.625, -67.125, 3.1002565842063324e-22, nan 
-18.375, -67.125, 3.1402585354244203e-22, nan 
-18.125, -67.125, 2.219828961786226e-22, nan 
-17.875, -67.125, 1.6978799737361903e-22, nan 
-17.625, -67.125, 1.55206008288249e-22, nan 
-17.375, -67.125, 2.273171736585661e-22, nan 
-17.125, -67.125, 2.184962146383546e-22, nan 
-16.875, -67.125, 2.5243865915668065e-22, nan 
-16.625, -67.125, 3.285255141501923e-22, nan 
-16.375, -67.125, 5.450909175103471e-22, nan 
-16.125, -67.125, 5.524277167616243e-22, nan 
-15.875, -67.125, 1.154719399923104e-21, nan 
-15.625, -67.125, 1.618702435193419e-21, nan 
-15.375, -67.125, 1.6290373492189427e-21, nan 
-15.125, -67.125, 2.0591376539371654e-21, nan 
-14.875, -67.125, 2.0491813465602525e-21, nan 
-14.625, -67.125, 1.8145829526639375e-21, nan 
-14.375, -67.125, 1.4862452351570232e-21, nan 
-14.125, -67.125, 5.245396247206194e-22, nan 
-13.875, -67.125, 6.382191080293318e-22, nan 
-13.625, -67.125, 9.117808357677798e-22, nan 
-13.375, -67.125, 9.250293019582271e-22, nan 
-13.125, -67.125, 9.145209413807526e-22, nan 
-12.875, -67.125, 1.2406209451095342e-21, nan 
-12.625, -67.125, 1.1317594931119247e-21, nan 
-12.375, -67.125, 7.141282989072609e-22, nan 
-12.125, -67.125, 4.938775167655502e-22, nan 
-11.875, -67.125, 4.894290965682708e-22, nan 
-11.625, -67.125, 7.361344984716637e-22, nan 
-11.375, -67.125, 6.607025304895605e-22, nan 
-11.125, -67.125, 6.182912646753529e-22, nan 
-10.875, -67.125, 7.580184693157237e-22, nan 
-10.625, -67.125, 7.122511836038845e-22, nan 
-10.375, -67.125, 7.628978513898135e-22, nan 
-10.125, -67.125, 2.812857969802727e-21, nan 
-9.875, -67.125, 1.6467255894397917e-21, nan 
-9.625, -67.125, 1.2992375067073244e-21, nan 
-9.375, -67.125, 1.899433814181243e-21, nan 
-9.125, -67.125, 2.9124598944977923e-21, nan 
-8.875, -67.125, 4.428280429848737e-21, nan 
-8.625, -67.125, 4.255201970431706e-21, nan 
-8.375, -67.125, 3.219419573703338e-21, nan 
-8.125, -67.125, 4.9114440055318235e-21, nan 
-7.875, -67.125, 4.716236183295607e-21, nan 
-7.625, -67.125, 2.159119197620092e-21, nan 
-7.375, -67.125, 1.4177479100359791e-21, nan 
-7.125, -67.125, 2.6787830407649556e-21, nan 
-6.875, -67.125, 2.6046818779186973e-21, nan 
-6.625, -67.125, 3.740788334407806e-21, nan 
-6.375, -67.125, 7.185233717607881e-21, nan 
-6.125, -67.125, 6.383650904923997e-21, nan 
-5.875, -67.125, 9.225732298474847e-21, nan 
-5.625, -67.125, 9.736704441049412e-21, nan 
-5.375, -67.125, 6.307706472512484e-21, nan 
-5.125, -67.125, 1.0629797885122473e-20, nan 
-4.875, -67.125, 1.620180858388255e-20, nan 
-4.625, -67.125, 1.4496210914934392e-20, nan 
-4.375, -67.125, 1.0326519196124603e-20, nan 
-4.125, -67.125, 8.871975120383543e-21, nan 
-3.875, -67.125, 3.088970433870236e-20, nan 
-3.625, -67.125, 3.2353363608549785e-20, nan 
-3.375, -67.125, 7.095944815081231e-20, nan 
-3.125, -67.125, 1.1601323173174104e-19, nan 
-2.875, -67.125, 7.55955782866851e-20, nan 
-2.625, -67.125, 4.053539367387012e-20, nan 
-2.375, -67.125, 5.3553599156384336e-20, nan 
-2.125, -67.125, 2.3527893122813634e-20, nan 
-1.875, -67.125, 9.041651356339183e-21, nan 
-1.625, -67.125, 2.4449262259969956e-20, nan 
-1.375, -67.125, 2.2052202234383115e-20, nan 
-1.125, -67.125, 3.8609726039245146e-20, nan 
-0.875, -67.125, 2.934384669419858e-20, nan 
-0.625, -67.125, 1.8627271382572802e-20, nan 
-0.375, -67.125, 1.4585063634941396e-20, nan 
-0.125, -67.125, 1.32141290786087e-20, nan 
0.125, -67.125, 1.5772011857106688e-20, nan 
0.375, -67.125, 1.3963685841514797e-20, nan 
0.625, -67.125, 7.10544337243027e-21, nan 
0.875, -67.125, 4.739088594028463e-21, nan 
1.125, -67.125, 5.5240900573802954e-21, nan 
1.375, -67.125, 7.64178776510085e-21, nan 
1.625, -67.125, 7.082919525188688e-21, nan 
1.875, -67.125, 8.60709339272909e-21, nan 
2.125, -67.125, 1.0981309574024518e-20, nan 
2.375, -67.125, 6.229346001011776e-21, nan 
2.625, -67.125, 4.340900256446576e-21, nan 
2.875, -67.125, 3.0451700341567108e-21, nan 
3.125, -67.125, 4.0481162692369094e-21, nan 
3.375, -67.125, 4.783695172376984e-21, nan 
3.625, -67.125, 4.458239079380692e-21, nan 
3.875, -67.125, 5.923301253551479e-21, nan 
4.125, -67.125, 4.893683501570243e-21, nan 
4.375, -67.125, 4.319064247118292e-21, nan 
4.625, -67.125, 4.437429395835342e-21, nan 
4.875, -67.125, 5.7351911572609915e-21, nan 
5.125, -67.125, 5.158357146829095e-21, nan 
5.375, -67.125, 5.2774326343740965e-21, nan 
-30.625, -66.875, 6.449245979476345e-23, nan 
-30.375, -66.875, 6.533468140011785e-23, nan 
-30.125, -66.875, 5.971144114231815e-23, nan 
-29.875, -66.875, 7.460330093320549e-23, nan 
-29.625, -66.875, 8.469312873709438e-23, nan 
-29.375, -66.875, 1.0882072811898029e-22, nan 
-29.125, -66.875, 1.0117851887244843e-22, nan 
-28.875, -66.875, 3.2296645394787427e-22, nan 
-28.625, -66.875, 1.5431013965673362e-22, nan 
-28.375, -66.875, 1.1212682416558288e-22, nan 
-28.125, -66.875, 2.3250027299213366e-22, nan 
-27.875, -66.875, 1.0546626250332417e-22, nan 
-27.625, -66.875, 1.2318412099980813e-22, nan 
-27.375, -66.875, 1.1085165744114316e-22, nan 
-27.125, -66.875, 8.967921640518348e-23, nan 
-26.875, -66.875, 6.927130919952247e-23, nan 
-26.625, -66.875, 8.246364105348245e-23, nan 
-26.375, -66.875, 8.385430863353058e-23, nan 
-26.125, -66.875, 1.2619807856348766e-22, nan 
-25.875, -66.875, 1.3326754322869548e-22, nan 
-25.625, -66.875, 1.1612532777778252e-22, nan 
-25.375, -66.875, 1.3166383904946861e-22, nan 
-25.125, -66.875, 1.404995475022282e-22, nan 
-24.875, -66.875, 1.3586492289638357e-22, nan 
-24.625, -66.875, 1.8456625369182674e-22, nan 
-24.375, -66.875, 1.2876717394642703e-22, nan 
-24.125, -66.875, 3.2392210908895163e-22, nan 
-23.875, -66.875, 3.3487913671786884e-22, nan 
-23.625, -66.875, 3.3778714302148496e-22, nan 
-23.375, -66.875, 3.484291904485549e-22, nan 
-23.125, -66.875, 4.354552614636724e-22, nan 
-22.875, -66.875, 4.35013732533514e-22, nan 
-22.625, -66.875, 4.334239507079316e-22, nan 
-22.375, -66.875, 7.241926505040437e-22, nan 
-22.125, -66.875, 5.477869912971145e-22, nan 
-21.875, -66.875, 3.0620861337466644e-22, nan 
-21.625, -66.875, 2.8475598799827856e-22, nan 
-21.375, -66.875, 2.7186841497012245e-22, nan 
-21.125, -66.875, 2.4999264558142765e-22, nan 
-20.875, -66.875, 2.208736629271696e-22, nan 
-20.625, -66.875, 4.641230321883244e-22, nan 
-20.375, -66.875, 7.223990901472974e-22, nan 
-20.125, -66.875, 6.966971566273934e-22, nan 
-19.875, -66.875, 7.4807769896127625e-22, nan 
-19.625, -66.875, 5.341795190126809e-22, nan 
-19.375, -66.875, 3.7022802942518912e-22, nan 
-19.125, -66.875, 4.1048825221559278e-22, nan 
-18.875, -66.875, 1.385823299280462e-22, nan 
-18.625, -66.875, 1.9495806164864303e-22, nan 
-18.375, -66.875, 1.7031713067671783e-22, nan 
-18.125, -66.875, 2.6418350048477306e-22, nan 
-17.875, -66.875, 4.572981967809461e-22, nan 
-17.625, -66.875, 3.7987324077063607e-22, nan 
-17.375, -66.875, 2.8996959199880413e-22, nan 
-17.125, -66.875, 4.1169184344043794e-22, nan 
-16.875, -66.875, 4.960079589437907e-22, nan 
-16.625, -66.875, 1.6308990693119271e-21, nan 
-16.375, -66.875, 2.508205834781494e-21, nan 
-16.125, -66.875, 2.8886350308315606e-21, nan 
-15.875, -66.875, 2.7735659863709194e-21, nan 
-15.625, -66.875, 3.614029219573425e-21, nan 
-15.375, -66.875, 4.4001413370486725e-21, nan 
-15.125, -66.875, 3.8272959172439576e-21, nan 
-14.875, -66.875, 3.882006942847398e-21, nan 
-14.625, -66.875, 3.735750219677458e-21, nan 
-14.375, -66.875, 3.1146821608537157e-21, nan 
-14.125, -66.875, 3.2479725241783174e-21, nan 
-13.875, -66.875, 3.647171256035118e-21, nan 
-13.625, -66.875, 2.798927723191498e-21, nan 
-13.375, -66.875, 1.6052263984022123e-21, nan 
-13.125, -66.875, 2.038514037637781e-21, nan 
-12.875, -66.875, 1.997540095927507e-21, nan 
-12.625, -66.875, 2.7173582144268267e-21, nan 
-12.375, -66.875, 3.0801249187026787e-21, nan 
-12.125, -66.875, 2.247371357318369e-21, nan 
-11.875, -66.875, 2.5034530712446866e-21, nan 
-11.625, -66.875, 2.5544223860245107e-21, nan 
-11.375, -66.875, 2.03611568563167e-21, nan 
-11.125, -66.875, 2.4254308866506256e-21, nan 
-10.875, -66.875, 1.3949613683039842e-21, nan 
-10.625, -66.875, 1.3066215379481699e-21, nan 
-10.375, -66.875, 3.0561872426298926e-21, nan 
-10.125, -66.875, 3.134675210953867e-21, nan 
-9.875, -66.875, 2.158406590703399e-21, nan 
-9.625, -66.875, 4.8630974527907476e-21, nan 
-9.375, -66.875, 1.0273963953928619e-20, nan 
-9.125, -66.875, 1.4328337723481038e-20, nan 
-8.875, -66.875, 2.1933542821712892e-20, nan 
-8.625, -66.875, 2.4034527206391206e-20, nan 
-8.375, -66.875, 2.131797031599576e-20, nan 
-8.125, -66.875, 1.5193163221818717e-20, nan 
-7.875, -66.875, 2.731493616355004e-20, nan 
-7.625, -66.875, 2.4787425072229608e-20, nan 
-7.375, -66.875, 1.7208327546506845e-20, nan 
-7.125, -66.875, 1.8647592009257182e-20, nan 
-6.875, -66.875, 3.4161183122210466e-20, nan 
-6.625, -66.875, 4.190469163490555e-20, nan 
-6.375, -66.875, 4.817030817040123e-20, nan 
-6.125, -66.875, 2.2517374743229198e-20, nan 
-5.875, -66.875, 2.5044659584336932e-20, nan 
-5.625, -66.875, 5.206808382399581e-20, nan 
-5.375, -66.875, 4.909130284607094e-20, nan 
-5.125, -66.875, 2.1382809339689053e-20, nan 
-4.875, -66.875, 3.0542897233308255e-20, nan 
-4.625, -66.875, 3.5996680045659726e-20, nan 
-4.375, -66.875, 1.9332880971897907e-20, nan 
-4.125, -66.875, 1.0440991597370401e-20, nan 
-3.875, -66.875, 1.0672481071499866e-20, nan 
-3.625, -66.875, 1.8234531821143826e-20, nan 
-3.375, -66.875, 1.8638856805356816e-20, nan 
-3.125, -66.875, 5.573137053729734e-20, nan 
-2.875, -66.875, 3.916274653958604e-20, nan 
-2.625, -66.875, 2.3771313641810235e-20, nan 
-2.375, -66.875, 5.232242986132489e-21, nan 
-2.125, -66.875, 4.842924390660141e-21, nan 
-1.875, -66.875, 1.172957151689282e-21, nan 
-1.625, -66.875, 5.18435904353023e-21, nan 
-1.375, -66.875, 5.936159490321922e-21, nan 
-1.125, -66.875, 5.061814534217434e-21, nan 
-0.875, -66.875, 6.4968295446451565e-21, nan 
-0.625, -66.875, 6.638343218632499e-21, nan 
-0.375, -66.875, 5.780306453164992e-21, nan 
-0.125, -66.875, 3.843518036792112e-21, nan 
0.125, -66.875, 4.8807173154153885e-21, nan 
0.375, -66.875, 5.1957659077303784e-21, nan 
0.625, -66.875, 5.710093391223297e-21, nan 
0.875, -66.875, 6.69845554113849e-21, nan 
1.125, -66.875, 4.840636898210112e-21, nan 
1.375, -66.875, 1.0748588605757146e-21, nan 
1.625, -66.875, 3.1619269415603512e-21, nan 
1.875, -66.875, 5.9507021101304095e-21, nan 
2.125, -66.875, 5.291324519800363e-21, nan 
2.375, -66.875, 3.259032785579237e-21, nan 
2.625, -66.875, 4.309840849998923e-21, nan 
2.875, -66.875, 3.511497263342144e-21, nan 
3.125, -66.875, 1.6774625768922323e-21, nan 
3.375, -66.875, 1.3571467998490262e-21, nan 
3.625, -66.875, 2.368970800229944e-21, nan 
3.875, -66.875, 3.0497047262416986e-21, nan 
4.125, -66.875, 2.0683358556198178e-21, nan 
4.375, -66.875, 2.5186845956206034e-21, nan 
4.625, -66.875, 2.6846509568448537e-21, nan 
4.875, -66.875, 2.064573542203062e-21, nan 
5.125, -66.875, 1.7605691800257753e-21, nan 
5.375, -66.875, 2.4316162488533446e-21, nan 
-30.375, -66.625, 9.552921110602309e-23, nan 
-30.125, -66.625, 1.0016623673660627e-22, nan 
-29.875, -66.625, 1.0513058224769973e-22, nan 
-29.625, -66.625, 1.278746828004299e-22, nan 
-29.375, -66.625, 1.3549956791006555e-22, nan 
-29.125, -66.625, 1.3371881413630662e-22, nan 
-28.875, -66.625, 3.684344227459592e-22, nan 
-28.625, -66.625, 3.9920147958482387e-22, nan 
-28.375, -66.625, 3.8747756324944025e-22, nan 
-28.125, -66.625, 3.6063287482756126e-22, nan 
-27.875, -66.625, 2.0654340248905227e-22, nan 
-27.625, -66.625, 1.6215784337175017e-22, nan 
-27.375, -66.625, 1.4046429411436281e-22, nan 
-27.125, -66.625, 9.878329214098716e-23, nan 
-26.875, -66.625, 9.421531258899434e-23, nan 
-26.625, -66.625, 1.0061454808644588e-22, nan 
-26.375, -66.625, 9.67746732008751e-23, nan 
-26.125, -66.625, 1.2301527685494006e-22, nan 
-25.875, -66.625, 1.6602426662867655e-22, nan 
-25.625, -66.625, 1.87573257060455e-22, nan 
-25.375, -66.625, 1.654194937307179e-22, nan 
-25.125, -66.625, 1.8508905417126677e-22, nan 
-24.875, -66.625, 4.139642192524654e-22, nan 
-24.625, -66.625, 6.449377816660696e-22, nan 
-24.375, -66.625, 4.086943564775228e-22, nan 
-24.125, -66.625, 5.681554143921783e-22, nan 
-23.875, -66.625, 6.933254501563243e-22, nan 
-23.625, -66.625, 3.956953256771283e-22, nan 
-23.375, -66.625, 3.6881939794221926e-22, nan 
-23.125, -66.625, 4.1428721375910196e-22, nan 
-22.875, -66.625, 5.393873454167457e-22, nan 
-22.625, -66.625, 7.958146032487758e-22, nan 
-22.375, -66.625, 1.0417399485581338e-21, nan 
-22.125, -66.625, 1.0010879393344865e-21, nan 
-21.875, -66.625, 9.36133890226169e-22, nan 
-21.625, -66.625, 7.470025534562922e-22, nan 
-21.375, -66.625, 6.362463521364902e-22, nan 
-21.125, -66.625, 4.812233270942257e-22, nan 
-20.875, -66.625, 3.6664474748711156e-22, nan 
-20.625, -66.625, 4.245884727214707e-22, nan 
-20.375, -66.625, 3.9418358622469356e-22, nan 
-20.125, -66.625, 3.3272369762059716e-22, nan 
-19.875, -66.625, 6.655223291578537e-22, nan 
-19.625, -66.625, 2.0943821211686692e-22, nan 
-19.375, -66.625, 1.5776472112099726e-22, nan 
-19.125, -66.625, 1.4037133048517734e-22, nan 
-18.875, -66.625, 1.8600678784734653e-22, nan 
-18.625, -66.625, 1.0501614392198829e-22, nan 
-18.375, -66.625, 2.147851239155447e-22, nan 
-18.125, -66.625, 2.7989104771410327e-22, nan 
-17.875, -66.625, 5.253473324738885e-22, nan 
-17.625, -66.625, 7.469863975114501e-22, nan 
-17.375, -66.625, 9.458974817789111e-22, nan 
-17.125, -66.625, 6.167110577803715e-22, nan 
-16.875, -66.625, 1.048609961983149e-21, nan 
-16.625, -66.625, 3.1765437597185322e-21, nan 
-16.375, -66.625, 4.53178906720587e-21, nan 
-16.125, -66.625, 5.248413131621838e-21, nan 
-15.875, -66.625, 6.2475570910598405e-21, nan 
-15.625, -66.625, 7.931299345127512e-21, nan 
-15.375, -66.625, 1.0290007577716127e-20, nan 
-15.125, -66.625, 6.386299439023993e-21, nan 
-14.875, -66.625, 7.675339400382315e-21, nan 
-14.625, -66.625, 9.82811543216477e-21, nan 
-14.375, -66.625, 9.227496121908805e-21, nan 
-14.125, -66.625, 7.624895179771504e-21, nan 
-13.875, -66.625, 9.7223668435391e-21, nan 
-13.625, -66.625, 1.1018843864431173e-20, nan 
-13.375, -66.625, 5.9324726756711124e-21, nan 
-13.125, -66.625, 6.44055661486924e-21, nan 
-12.875, -66.625, 8.220430938243018e-21, nan 
-12.625, -66.625, 1.0925171343418147e-20, nan 
-12.375, -66.625, 1.4160550328402503e-20, nan 
-12.125, -66.625, 1.4855886319691432e-20, nan 
-11.875, -66.625, 1.4629812433133306e-20, nan 
-11.625, -66.625, 1.4993899037717762e-20, nan 
-11.375, -66.625, 1.5327234801790655e-20, nan 
-11.125, -66.625, 1.5957369571400695e-20, nan 
-10.875, -66.625, 1.0428140358464588e-20, nan 
-10.625, -66.625, 1.446218319133631e-20, nan 
-10.375, -66.625, 3.1280620999675024e-20, nan 
-10.125, -66.625, 6.280650963713684e-20, nan 
-9.875, -66.625, 5.908560486650611e-20, nan 
-9.625, -66.625, 1.1912153612848336e-19, nan 
-9.375, -66.625, 2.672341785771857e-19, nan 
-9.125, -66.625, 2.8921942412059016e-19, nan 
-8.875, -66.625, 3.014003765799518e-19, nan 
-8.625, -66.625, 1.5500168791183786e-19, nan 
-8.375, -66.625, 4.909942971790958e-20, nan 
-8.125, -66.625, 2.309220109705702e-20, nan 
-7.875, -66.625, 6.628216546553241e-20, nan 
-7.625, -66.625, 4.457995802082045e-20, nan 
-7.375, -66.625, 3.248996856547584e-20, nan 
-7.125, -66.625, 1.9707430701941775e-20, nan 
-6.875, -66.625, 1.2122989860501836e-20, nan 
-6.625, -66.625, 2.2950969988353836e-20, nan 
-6.375, -66.625, 1.1229654289569231e-20, nan 
-6.125, -66.625, 2.601805779695337e-21, nan 
-5.875, -66.625, 8.270523349825312e-21, nan 
-5.625, -66.625, 4.478412999329795e-21, nan 
-5.375, -66.625, 3.976853264260591e-21, nan 
-5.125, -66.625, 5.1105267835639795e-21, nan 
-4.875, -66.625, 3.093194907822915e-21, nan 
-4.625, -66.625, 3.764587587748132e-21, nan 
-4.375, -66.625, 2.9586493781162032e-21, nan 
-4.125, -66.625, 2.6494757179809145e-21, nan 
-3.875, -66.625, 2.850917911891971e-20, nan 
-3.625, -66.625, 1.7185195761907897e-20, nan 
-3.375, -66.625, 8.430865899623326e-21, nan 
-3.125, -66.625, 2.063915817166022e-20, nan 
-2.875, -66.625, 1.8092887962473996e-20, nan 
-2.625, -66.625, 1.09501842754616e-20, nan 
-2.375, -66.625, 1.1315897414178613e-20, nan 
-2.125, -66.625, 8.942392239736426e-21, nan 
-1.875, -66.625, 5.394933961321344e-21, nan 
-1.625, -66.625, 5.895484146201672e-22, nan 
-1.375, -66.625, 1.1594256350397641e-21, nan 
-1.125, -66.625, 1.1416433616987701e-21, nan 
-0.875, -66.625, 1.0292518300124627e-21, nan 
-0.625, -66.625, 1.3414572489350968e-21, nan 
-0.375, -66.625, 1.2207850506100864e-21, nan 
-0.125, -66.625, 1.2973386606285516e-21, nan 
0.125, -66.625, 1.4897771812947187e-21, nan 
0.375, -66.625, 6.655924921400608e-22, nan 
0.625, -66.625, 2.6367656078823575e-21, nan 
0.875, -66.625, 3.444828599672767e-21, nan 
1.125, -66.625, 2.0474082874667703e-21, nan 
1.375, -66.625, 1.8285337112101155e-21, nan 
1.625, -66.625, 3.3479190477248188e-21, nan 
1.875, -66.625, 2.864207219341848e-21, nan 
2.125, -66.625, 1.534281742618929e-21, nan 
2.375, -66.625, 1.7158219004416437e-21, nan 
2.625, -66.625, 1.6673274896222534e-21, nan 
2.875, -66.625, 1.0858305594585422e-21, nan 
3.125, -66.625, 4.042170848906555e-22, nan 
3.375, -66.625, 2.2980300097280104e-21, nan 
3.625, -66.625, 1.9776266642823837e-21, nan 
3.875, -66.625, 4.2747491021777784e-21, nan 
4.125, -66.625, 3.640860215564083e-21, nan 
4.375, -66.625, 1.5224812030178093e-21, nan 
4.625, -66.625, 1.1088258888484552e-21, nan 
4.875, -66.625, 9.009160978650255e-22, nan 
5.125, -66.625, 8.571728610612338e-22, nan 
-30.125, -66.375, 1.6074375119293396e-22, nan 
-29.875, -66.375, 2.285616956929308e-22, nan 
-29.625, -66.375, 1.7276393861842645e-22, nan 
-29.375, -66.375, 3.2013822691810293e-22, nan 
-29.125, -66.375, 4.1069577703368e-22, nan 
-28.875, -66.375, 3.2462903920069527e-22, nan 
-28.625, -66.375, 5.949764422819925e-22, nan 
-28.375, -66.375, 7.18348329988644e-22, nan 
-28.125, -66.375, 6.002430262523309e-22, nan 
-27.875, -66.375, 4.249450988608322e-22, nan 
-27.625, -66.375, 5.543965393023121e-22, nan 
-27.375, -66.375, 5.322514963847358e-22, nan 
-27.125, -66.375, 3.2987973556728973e-22, nan 
-26.875, -66.375, 1.1151160114790603e-22, nan 
-26.625, -66.375, 1.3825099922693266e-22, nan 
-26.375, -66.375, 1.620488836720576e-22, nan 
-26.125, -66.375, 1.3380601090783323e-22, nan 
-25.875, -66.375, 1.5876198266918715e-22, nan 
-25.625, -66.375, 1.7069071610975105e-22, nan 
-25.375, -66.375, 2.718289188347374e-22, nan 
-25.125, -66.375, 4.893780621532311e-22, nan 
-24.875, -66.375, 5.780777335024383e-22, nan 
-24.625, -66.375, 5.820756386239873e-22, nan 
-24.375, -66.375, 6.509740610901482e-22, nan 
-24.125, -66.375, 7.431727549889187e-22, nan 
-23.875, -66.375, 3.6661477737892032e-22, nan 
-23.625, -66.375, 2.8004364103183046e-22, nan 
-23.375, -66.375, 5.629626161617718e-22, nan 
-23.125, -66.375, 8.714033108171687e-22, nan 
-22.875, -66.375, 6.747309372693501e-22, nan 
-22.625, -66.375, 1.0987973120281939e-21, nan 
-22.375, -66.375, 1.6496186774387716e-21, nan 
-22.125, -66.375, 1.785555610716908e-21, nan 
-21.875, -66.375, 1.538952970821619e-21, nan 
-21.625, -66.375, 1.4065376788646605e-21, nan 
-21.375, -66.375, 1.8474691478974964e-21, nan 
-21.125, -66.375, 1.574389851651497e-21, nan 
-20.875, -66.375, 5.091204715708905e-22, nan 
-20.625, -66.375, 6.593822259145618e-22, nan 
-20.375, -66.375, 6.713428088991322e-22, nan 
-20.125, -66.375, 3.24889958617232e-22, nan 
-19.875, -66.375, 3.095684501981174e-22, nan 
-19.625, -66.375, 2.803922189957597e-22, nan 
-19.375, -66.375, 3.269529498545842e-22, nan 
-19.125, -66.375, 4.15832194911256e-22, nan 
-18.875, -66.375, 4.248443407146706e-22, nan 
-18.625, -66.375, 2.576231404632506e-22, nan 
-18.375, -66.375, 4.0001858934681264e-22, nan 
-18.125, -66.375, 6.595331405771145e-22, nan 
-17.875, -66.375, 7.578880055095962e-22, nan 
-17.625, -66.375, 8.862018879208371e-22, nan 
-17.375, -66.375, 1.6554451200429123e-21, nan 
-17.125, -66.375, 1.943517821322952e-21, nan 
-16.875, -66.375, 1.4514633549057537e-21, nan 
-16.625, -66.375, 4.8272568019652216e-21, nan 
-16.375, -66.375, 7.967763998582527e-21, nan 
-16.125, -66.375, 7.841455751500535e-21, nan 
-15.875, -66.375, 1.5819764536507352e-20, nan 
-15.625, -66.375, 2.0358184821807273e-20, nan 
-15.375, -66.375, 2.4338114485948298e-20, nan 
-15.125, -66.375, 2.61833023040054e-20, nan 
-14.875, -66.375, 2.482009765280267e-20, nan 
-14.625, -66.375, 3.940966321325021e-20, nan 
-14.375, -66.375, 3.6692180847021776e-20, nan 
-14.125, -66.375, 1.136739194837286e-20, nan 
-13.875, -66.375, 2.484147113203777e-20, nan 
-13.625, -66.375, 3.8115206863570617e-20, nan 
-13.375, -66.375, 3.54031128608761e-20, nan 
-13.125, -66.375, 6.759666704142026e-20, nan 
-12.875, -66.375, 1.3795728309660485e-19, nan 
-12.625, -66.375, 2.0678630579710895e-19, nan 
-12.375, -66.375, 5.052955668009324e-19, nan 
-12.125, -66.375, 1.6133050890191739e-18, nan 
-11.875, -66.375, 5.320438721480402e-18, nan 
-11.625, -66.375, 2.248833060657055e-17, nan 
-11.375, -66.375, 2.594625566140279e-16, nan 
-11.125, -66.375, 1.0955850205403179e-17, nan 
-10.875, -66.375, 3.1378765285581856e-19, nan 
-10.625, -66.375, 1.7421152971216166e-19, nan 
-10.375, -66.375, 1.1101339541017855e-19, nan 
-10.125, -66.375, 4.891938228492306e-20, nan 
-9.875, -66.375, 2.1153822966488698e-20, nan 
-9.625, -66.375, 6.9821229368691e-21, nan 
-9.375, -66.375, 1.4075404015096727e-20, nan 
-9.125, -66.375, 1.2122343533372603e-20, nan 
-8.875, -66.375, 9.659327989740179e-21, nan 
-8.625, -66.375, 6.767893774771466e-21, nan 
-8.375, -66.375, 3.839143641944614e-21, nan 
-8.125, -66.375, 2.6522962135411157e-21, nan 
-7.875, -66.375, 3.8746036970673335e-21, nan 
-7.625, -66.375, 3.0967886546401977e-21, nan 
-7.375, -66.375, 1.7428708830661883e-21, nan 
-7.125, -66.375, 2.231568045185136e-21, nan 
-6.875, -66.375, 1.7473335228033327e-21, nan 
-6.625, -66.375, 1.5828939801073112e-21, nan 
-6.375, -66.375, 1.410273626728428e-21, nan 
-6.125, -66.375, 1.3811523813441518e-21, nan 
-5.875, -66.375, 2.279471119891127e-21, nan 
-5.625, -66.375, 1.0346859723215729e-21, nan 
-5.375, -66.375, 1.852718930144268e-21, nan 
-5.125, -66.375, 2.6326658397693657e-21, nan 
-4.875, -66.375, 9.038505249735542e-22, nan 
-4.625, -66.375, 5.508425089906023e-22, nan 
-4.375, -66.375, 8.263867528252073e-22, nan 
-4.125, -66.375, 2.9759801072278473e-21, nan 
-3.875, -66.375, 1.8119971997930686e-20, nan 
-3.625, -66.375, 1.9219174698669413e-20, nan 
-3.375, -66.375, 6.24845385059946e-21, nan 
-3.125, -66.375, 2.0610461814937087e-20, nan 
-2.875, -66.375, 2.0404507430961574e-20, nan 
-2.625, -66.375, 8.259539598126365e-21, nan 
-2.375, -66.375, 5.986113519185266e-21, nan 
-2.125, -66.375, 6.532887905818897e-21, nan 
-1.875, -66.375, 3.940385831441818e-21, nan 
-1.625, -66.375, 1.048836995686106e-21, nan 
-1.375, -66.375, 2.649725972725275e-22, nan 
-1.125, -66.375, 2.400852708925209e-22, nan 
-0.875, -66.375, 8.79453507910049e-22, nan 
-0.625, -66.375, 5.992121507224706e-22, nan 
-0.375, -66.375, 1.9676920884837025e-22, nan 
-0.125, -66.375, 7.491147532560314e-22, nan 
0.125, -66.375, 7.341679294834941e-22, nan 
0.375, -66.375, 4.987180461216073e-22, nan 
0.625, -66.375, 4.385983974177618e-22, nan 
0.875, -66.375, 5.518533283216115e-22, nan 
1.125, -66.375, 4.081466409291855e-22, nan 
1.375, -66.375, 6.118403114408397e-22, nan 
1.625, -66.375, 9.371171707613818e-22, nan 
1.875, -66.375, 9.338255455314933e-22, nan 
2.125, -66.375, 6.188871635590801e-22, nan 
2.375, -66.375, 3.685183861224129e-22, nan 
2.625, -66.375, 8.184505837843806e-22, nan 
2.875, -66.375, 1.1264959143671404e-21, nan 
3.125, -66.375, 2.425054596804309e-21, nan 
3.375, -66.375, 2.148807425797245e-21, nan 
3.625, -66.375, 2.2506348557287394e-21, nan 
3.875, -66.375, 3.656598853892949e-21, nan 
4.125, -66.375, 2.712802359659785e-21, nan 
4.375, -66.375, 1.1416267889664737e-21, nan 
4.625, -66.375, 2.0155397692890762e-21, nan 
4.875, -66.375, 1.695220156601891e-21, nan 
5.125, -66.375, 8.798130274979736e-22, nan 
-29.625, -66.125, 3.638083833647657e-22, nan 
-29.375, -66.125, 4.757257505345368e-22, nan 
-29.125, -66.125, 3.3743048177349117e-22, nan 
-28.875, -66.125, 6.455230132992205e-22, nan 
-28.625, -66.125, 6.3115136385526145e-22, nan 
-28.375, -66.125, 5.58544016196055e-22, nan 
-28.125, -66.125, 8.320439169893839e-22, nan 
-27.875, -66.125, 6.934944451677659e-22, nan 
-27.625, -66.125, 5.594622785672544e-22, nan 
-27.375, -66.125, 6.500216593357388e-22, nan 
-27.125, -66.125, 5.061908580303709e-22, nan 
-26.875, -66.125, 1.4021430842348278e-22, nan 
-26.625, -66.125, 9.921277015526465e-23, nan 
-26.375, -66.125, 1.2394557140915155e-22, nan 
-26.125, -66.125, 1.0010643100050917e-22, nan 
-25.875, -66.125, 1.1012236459285448e-22, nan 
-25.625, -66.125, 1.2569722569862719e-22, nan 
-25.375, -66.125, 1.5357540190772202e-22, nan 
-25.125, -66.125, 5.769237251472528e-22, nan 
-24.875, -66.125, 5.329057331686498e-22, nan 
-24.625, -66.125, 4.0537661404539244e-22, nan 
-24.375, -66.125, 1.078225775238254e-21, nan 
-24.125, -66.125, 7.3921201190031e-22, nan 
-23.875, -66.125, 9.251713534016281e-22, nan 
-23.625, -66.125, 1.5176440724568486e-21, nan 
-23.375, -66.125, 1.8534036272751046e-21, nan 
-23.125, -66.125, 1.246965707979239e-21, nan 
-22.875, -66.125, 1.2386301596085066e-21, nan 
-22.625, -66.125, 1.2245216459118857e-21, nan 
-22.375, -66.125, 1.314629778856289e-21, nan 
-22.125, -66.125, 2.083478015487902e-21, nan 
-21.875, -66.125, 2.1959475808750032e-21, nan 
-21.625, -66.125, 3.1398026457171383e-21, nan 
-21.375, -66.125, 2.615946789019708e-21, nan 
-21.125, -66.125, 2.4456113406747278e-21, nan 
-20.875, -66.125, 1.993409813549272e-21, nan 
-20.625, -66.125, 4.978168351110212e-22, nan 
-20.375, -66.125, 6.725234879615712e-22, nan 
-20.125, -66.125, 4.0408252890464435e-22, nan 
-19.875, -66.125, 5.27484970182993e-22, nan 
-19.625, -66.125, 7.981812603022063e-22, nan 
-19.375, -66.125, 8.609368970310798e-22, nan 
-19.125, -66.125, 7.99042599015117e-22, nan 
-18.875, -66.125, 7.983924434957318e-22, nan 
-18.625, -66.125, 9.49398186690925e-22, nan 
-18.375, -66.125, 8.738395899319181e-22, nan 
-18.125, -66.125, 8.741691233089003e-22, nan 
-17.875, -66.125, 1.9717239212621173e-21, nan 
-17.625, -66.125, 1.7121962296837508e-21, nan 
-17.375, -66.125, 5.2416839454881035e-21, nan 
-17.125, -66.125, 8.113336053800976e-21, nan 
-16.875, -66.125, 7.046573410192221e-21, nan 
-16.625, -66.125, 1.4252828066593212e-20, nan 
-16.375, -66.125, 1.8514485128905756e-20, nan 
-16.125, -66.125, 1.949154106074737e-20, nan 
-15.875, -66.125, 1.582419741508199e-20, nan 
-15.625, -66.125, 3.233853580985805e-20, nan 
-15.375, -66.125, 4.0021525136171004e-20, nan 
-15.125, -66.125, 6.454791246949314e-20, nan 
-14.875, -66.125, 4.975087730427933e-20, nan 
-14.625, -66.125, 5.398284783422025e-20, nan 
-14.375, -66.125, 6.434983471630418e-20, nan 
-14.125, -66.125, 1.7043393805000635e-19, nan 
-13.875, -66.125, 3.9913163191621047e-19, nan 
-13.625, -66.125, 8.352552124196818e-19, nan 
-13.375, -66.125, 1.9225778769007872e-18, nan 
-13.125, -66.125, 1.2162073825611696e-18, nan 
-12.875, -66.125, 6.693643776485534e-19, nan 
-12.625, -66.125, 6.1237591975828e-19, nan 
-12.375, -66.125, 3.482560372368335e-19, nan 
-12.125, -66.125, 5.086398201874866e-20, nan 
-11.875, -66.125, 3.807060900656915e-20, nan 
-11.625, -66.125, 1.5627776190560505e-20, nan 
-11.375, -66.125, 1.4438028985378682e-20, nan 
-11.125, -66.125, 6.743474307955284e-21, nan 
-10.875, -66.125, 2.2121560399782135e-21, nan 
-10.625, -66.125, 4.6141653590590344e-21, nan 
-10.375, -66.125, 1.8492151353754362e-21, nan 
-10.125, -66.125, 3.9297622688066115e-21, nan 
-9.875, -66.125, 4.75464652117828e-21, nan 
-9.625, -66.125, 1.5662938684690118e-21, nan 
-9.375, -66.125, 2.0881190392029072e-21, nan 
-9.125, -66.125, 4.3669290581917574e-21, nan 
-8.875, -66.125, 4.8056599101841714e-21, nan 
-8.625, -66.125, 1.964903611148357e-21, nan 
-8.375, -66.125, 1.2273376250050714e-21, nan 
-8.125, -66.125, 1.3774313809836718e-21, nan 
-7.875, -66.125, 1.4800873609432735e-21, nan 
-7.625, -66.125, 6.59762626614647e-22, nan 
-7.375, -66.125, 3.503758867747641e-22, nan 
-7.125, -66.125, 3.9323136642704716e-22, nan 
-6.875, -66.125, 5.900149504809445e-22, nan 
-6.625, -66.125, 4.70165040694331e-22, nan 
-6.375, -66.125, 3.2710541798837468e-22, nan 
-6.125, -66.125, 7.656030606502892e-22, nan 
-5.875, -66.125, 6.335395860447978e-22, nan 
-5.625, -66.125, 8.777195963064737e-22, nan 
-5.375, -66.125, 1.295217625835505e-21, nan 
-5.125, -66.125, 1.1097666170932746e-21, nan 
-4.875, -66.125, 3.0736712226271285e-22, nan 
-4.625, -66.125, 7.037226601217067e-22, nan 
-4.375, -66.125, 7.861534751208316e-22, nan 
-4.125, -66.125, 4.583172727010311e-22, nan 
-3.875, -66.125, 5.81628004701131e-22, nan 
-3.625, -66.125, 4.935291496643628e-22, nan 
-3.375, -66.125, 1.22417048362987e-21, nan 
-3.125, -66.125, 6.244200643162259e-21, nan 
-2.875, -66.125, 6.44539458953185e-21, nan 
-2.625, -66.125, 2.754501447853817e-21, nan 
-2.375, -66.125, 5.893103250337239e-22, nan 
-2.125, -66.125, 3.963661187758443e-22, nan 
-1.875, -66.125, 4.7307148492459165e-22, nan 
-1.625, -66.125, 4.795418553342226e-22, nan 
-1.375, -66.125, 4.319954525234505e-22, nan 
-1.125, -66.125, 1.0702582244055055e-22, nan 
-0.875, -66.125, 7.363944278000175e-22, nan 
-0.625, -66.125, 4.0757248806579967e-22, nan 
-0.375, -66.125, 1.8301236767959106e-22, nan 
-0.125, -66.125, 3.9906075865090106e-22, nan 
0.125, -66.125, 3.278309443748758e-22, nan 
0.375, -66.125, 3.811083016528757e-22, nan 
0.625, -66.125, 3.802411021208147e-22, nan 
0.875, -66.125, 3.4132921923495673e-22, nan 
1.125, -66.125, 2.802331893745708e-22, nan 
1.375, -66.125, 2.4185639401283117e-22, nan 
1.625, -66.125, 3.000046566594765e-22, nan 
1.875, -66.125, 3.547772431550747e-22, nan 
2.125, -66.125, 2.3287179473643848e-22, nan 
2.375, -66.125, 3.190593612530356e-22, nan 
2.625, -66.125, 1.1910116026675016e-21, nan 
2.875, -66.125, 1.4480444177856064e-21, nan 
3.125, -66.125, 1.9010535070620285e-21, nan 
3.375, -66.125, 2.167473837778137e-21, nan 
3.625, -66.125, 2.7711120932571174e-21, nan 
3.875, -66.125, 3.547649512750229e-21, nan 
4.125, -66.125, 2.706703529335485e-21, nan 
4.375, -66.125, 1.2231917597001957e-21, nan 
4.625, -66.125, 1.7315251053776587e-21, nan 
4.875, -66.125, 1.4678778892115458e-21, nan 
5.125, -66.125, 3.794802735433777e-22, nan 
-29.375, -65.875, 2.538862770122153e-22, nan 
-29.125, -65.875, 4.1725039223222535e-22, nan 
-28.875, -65.875, 6.4967360748961825e-22, nan 
-28.625, -65.875, 7.389849288505249e-22, nan 
-28.375, -65.875, 8.903541754393479e-22, nan 
-28.125, -65.875, 7.61657997028132e-22, nan 
-27.875, -65.875, 7.784564899229014e-22, nan 
-27.625, -65.875, 6.817405632690579e-22, nan 
-27.375, -65.875, 3.112157488162345e-22, nan 
-27.125, -65.875, 1.714576999424342e-22, nan 
-26.875, -65.875, 1.5970368808185972e-22, nan 
-26.625, -65.875, 1.5136492875409904e-22, nan 
-26.375, -65.875, 1.735315953828661e-22, nan 
-26.125, -65.875, 2.484735807074556e-22, nan 
-25.875, -65.875, 1.3582157103221767e-22, nan 
-25.625, -65.875, 1.5186709465522014e-22, nan 
-25.375, -65.875, 1.4615057606152879e-22, nan 
-25.125, -65.875, 2.8942614213833836e-22, nan 
-24.875, -65.875, 7.673435712456728e-22, nan 
-24.625, -65.875, 9.228173699731401e-22, nan 
-24.375, -65.875, 2.5463412108149982e-21, nan 
-24.125, -65.875, 2.5465977133022037e-21, nan 
-23.875, -65.875, 2.018022337812374e-21, nan 
-23.625, -65.875, 4.631418405757472e-21, nan 
-23.375, -65.875, 4.362233005644899e-21, nan 
-23.125, -65.875, 1.4801709116026661e-21, nan 
-22.875, -65.875, 4.486130296227119e-22, nan 
-22.625, -65.875, 1.5434673949032946e-21, nan 
-22.375, -65.875, 3.265785372113946e-21, nan 
-22.125, -65.875, 4.085689867294098e-21, nan 
-21.875, -65.875, 5.573966349446864e-21, nan 
-21.625, -65.875, 6.522318853677325e-21, nan 
-21.375, -65.875, 4.886876705584993e-21, nan 
-21.125, -65.875, 3.413390783117721e-21, nan 
-20.875, -65.875, 2.7272638372977044e-21, nan 
-20.625, -65.875, 3.482649577343533e-21, nan 
-20.375, -65.875, 4.596291345370874e-21, nan 
-20.125, -65.875, 4.3177662849834416e-21, nan 
-19.875, -65.875, 1.7445558410242777e-21, nan 
-19.625, -65.875, 2.5840072265608284e-21, nan 
-19.375, -65.875, 1.7535510488836097e-21, nan 
-19.125, -65.875, 2.0646437676708226e-21, nan 
-18.875, -65.875, 2.0897591155902084e-21, nan 
-18.625, -65.875, 5.338868103721557e-21, nan 
-18.375, -65.875, 6.68483676922329e-21, nan 
-18.125, -65.875, 6.096047769011947e-21, nan 
-17.875, -65.875, 8.204870577418835e-21, nan 
-17.625, -65.875, 5.972497500981936e-21, nan 
-17.375, -65.875, 1.4487742365154135e-20, nan 
-17.125, -65.875, 2.2288971874178515e-20, nan 
-16.875, -65.875, 3.836803843324465e-20, nan 
-16.625, -65.875, 9.606583068542075e-20, nan 
-16.375, -65.875, 9.138607589027541e-20, nan 
-16.125, -65.875, 1.6088391729874198e-19, nan 
-15.875, -65.875, 2.377807747525727e-19, nan 
-15.625, -65.875, 2.737646984059326e-19, nan 
-15.375, -65.875, 3.073395468819655e-19, nan 
-15.125, -65.875, 2.5506995745007946e-19, nan 
-14.875, -65.875, 2.1131824731942386e-19, nan 
-14.625, -65.875, 1.354008372196368e-19, nan 
-14.375, -65.875, 7.026073840300303e-20, nan 
-14.125, -65.875, 4.4028144931168786e-20, nan 
-13.875, -65.875, 3.1858159571264625e-20, nan 
-13.625, -65.875, 1.4859326758238608e-20, nan 
-13.375, -65.875, 3.914960705075503e-20, nan 
-13.125, -65.875, 3.397049568934768e-20, nan 
-12.875, -65.875, 4.52356596848371e-21, nan 
-12.625, -65.875, 4.012231260155662e-20, nan 
-12.375, -65.875, 3.533697536920742e-20, nan 
-12.125, -65.875, 2.881355748571934e-21, nan 
-11.875, -65.875, 8.684485330372294e-21, nan 
-11.625, -65.875, 9.085976872670698e-21, nan 
-11.375, -65.875, 1.165727519356553e-21, nan 
-11.125, -65.875, 6.660980924146193e-22, nan 
-10.875, -65.875, 5.524941362330093e-22, nan 
-10.625, -65.875, 3.663501006626995e-22, nan 
-10.375, -65.875, 4.265557473940205e-22, nan 
-10.125, -65.875, 8.333685645794691e-22, nan 
-9.875, -65.875, 1.6772625394752072e-21, nan 
-9.625, -65.875, 1.9419359869759003e-21, nan 
-9.375, -65.875, 6.663539610687665e-22, nan 
-9.125, -65.875, 2.0517487745424827e-21, nan 
-8.875, -65.875, 2.681582308392594e-21, nan 
-8.625, -65.875, 7.495004980804948e-22, nan 
-8.375, -65.875, 1.0350888040856564e-21, nan 
-8.125, -65.875, 1.253697542388715e-21, nan 
-7.875, -65.875, 5.317146620044776e-22, nan 
-7.625, -65.875, 4.306829096586925e-22, nan 
-7.375, -65.875, 4.598087587070124e-22, nan 
-7.125, -65.875, 1.3421980821502738e-22, nan 
-6.875, -65.875, 3.936305521240062e-22, nan 
-6.625, -65.875, 4.048532565113508e-22, nan 
-6.375, -65.875, 3.597813832389823e-22, nan 
-6.125, -65.875, 2.6050186624632392e-22, nan 
-5.875, -65.875, 2.3474249369640027e-22, nan 
-5.625, -65.875, 7.269492149046923e-22, nan 
-5.375, -65.875, 3.561013248173629e-22, nan 
-5.125, -65.875, 2.928550378547984e-22, nan 
-4.875, -65.875, 5.38070415621577e-22, nan 
-4.625, -65.875, 5.158501508547262e-22, nan 
-4.375, -65.875, 3.526061484576714e-22, nan 
-4.125, -65.875, 4.324878656623572e-22, nan 
-3.875, -65.875, 4.631382179239545e-22, nan 
-3.625, -65.875, 3.339360995153325e-22, nan 
-3.375, -65.875, 3.322934261948004e-22, nan 
-3.125, -65.875, 3.1089243388174716e-22, nan 
-2.875, -65.875, 2.061831809305325e-22, nan 
-2.625, -65.875, 2.411383422416063e-22, nan 
-2.375, -65.875, 2.622419772126115e-22, nan 
-2.125, -65.875, 1.8823851002000948e-22, nan 
-1.875, -65.875, 2.6622812676256586e-22, nan 
-1.625, -65.875, 2.714363913850771e-22, nan 
-1.375, -65.875, 2.7144850796709033e-22, nan 
-1.125, -65.875, 1.6430787287835957e-22, nan 
-0.875, -65.875, 2.395422794273465e-22, nan 
-0.625, -65.875, 2.4204086473299876e-22, nan 
-0.375, -65.875, 1.521602749110101e-22, nan 
-0.125, -65.875, 1.259393462071744e-22, nan 
0.125, -65.875, 2.428602250130388e-22, nan 
0.375, -65.875, 2.341807438778943e-22, nan 
0.625, -65.875, 2.1683203491840068e-22, nan 
0.875, -65.875, 1.731175921827629e-22, nan 
1.125, -65.875, 1.0916247276075573e-22, nan 
1.375, -65.875, 1.112320380529356e-22, nan 
1.625, -65.875, 1.4771043883210604e-22, nan 
1.875, -65.875, 8.077630189777439e-23, nan 
2.125, -65.875, 1.098689520237828e-22, nan 
2.375, -65.875, 2.0654915393953577e-22, nan 
2.625, -65.875, 1.9450605932130452e-22, nan 
2.875, -65.875, 1.5821363517628924e-22, nan 
3.125, -65.875, 2.339364520842116e-22, nan 
3.375, -65.875, 8.223843297257616e-22, nan 
3.625, -65.875, 1.1301859797013727e-21, nan 
3.875, -65.875, 1.5819512631899117e-21, nan 
4.125, -65.875, 1.4710688313278387e-21, nan 
4.375, -65.875, 2.9827925989907078e-22, nan 
4.625, -65.875, 1.6511333047161815e-22, nan 
4.875, -65.875, 2.1907908197376735e-22, nan 
5.125, -65.875, 2.803926027769142e-22, nan 
-29.125, -65.625, 3.353800585925364e-22, nan 
-28.875, -65.625, 3.2451156939269745e-22, nan 
-28.625, -65.625, 5.666427944923824e-22, nan 
-28.375, -65.625, 7.337990280972867e-22, nan 
-28.125, -65.625, 3.01035040882443e-22, nan 
-27.875, -65.625, 3.3684494151152644e-22, nan 
-27.625, -65.625, 3.4277146598383164e-22, nan 
-27.375, -65.625, 3.3039962409351407e-22, nan 
-27.125, -65.625, 3.9391489481289693e-22, nan 
-26.875, -65.625, 2.3928246459974316e-22, nan 
-26.625, -65.625, 2.146001681198494e-22, nan 
-26.375, -65.625, 3.120177044395699e-22, nan 
-26.125, -65.625, 3.809356547218401e-22, nan 
-25.875, -65.625, 3.0708818628447446e-22, nan 
-25.625, -65.625, 2.6682084270804e-22, nan 
-25.375, -65.625, 4.0088618122262606e-22, nan 
-25.125, -65.625, 4.334992487941107e-22, nan 
-24.875, -65.625, 5.154250292960549e-22, nan 
-24.625, -65.625, 6.085813648543228e-22, nan 
-24.375, -65.625, 6.807655278446926e-22, nan 
-24.125, -65.625, 1.8958791746751827e-21, nan 
-23.875, -65.625, 2.979232505548594e-21, nan 
-23.625, -65.625, 7.048959123112098e-21, nan 
-23.375, -65.625, 7.63262368889996e-21, nan 
-23.125, -65.625, 7.361293869232772e-21, nan 
-22.875, -65.625, 9.723984071029865e-21, nan 
-22.625, -65.625, 1.0496261808552106e-20, nan 
-22.375, -65.625, 1.0855536632520916e-20, nan 
-22.125, -65.625, 9.296701183678749e-21, nan 
-21.875, -65.625, 1.11308752556877e-20, nan 
-21.625, -65.625, 8.781324251762935e-21, nan 
-21.375, -65.625, 8.90627981555231e-21, nan 
-21.125, -65.625, 1.0351134731433045e-20, nan 
-20.875, -65.625, 1.0353706063819109e-20, nan 
-20.625, -65.625, 1.2458624082155701e-20, nan 
-20.375, -65.625, 1.8537828887990762e-20, nan 
-20.125, -65.625, 1.6680549795568186e-20, nan 
-19.875, -65.625, 5.794460962226783e-21, nan 
-19.625, -65.625, 1.1062505957872125e-20, nan 
-19.375, -65.625, 1.1972668111724429e-20, nan 
-19.125, -65.625, 6.661962070380131e-21, nan 
-18.875, -65.625, 8.33565740359794e-21, nan 
-18.625, -65.625, 2.5525070181617443e-20, nan 
-18.375, -65.625, 3.9647002584568994e-20, nan 
-18.125, -65.625, 4.986638762736454e-20, nan 
-17.875, -65.625, 9.15101801711597e-20, nan 
-17.625, -65.625, 1.0554574917139492e-19, nan 
-17.375, -65.625, 1.451112277468512e-19, nan 
-17.125, -65.625, 1.9040569139314837e-19, nan 
-16.875, -65.625, 1.6120541827356605e-19, nan 
-16.625, -65.625, 1.2101595817757868e-19, nan 
-16.375, -65.625, 7.91942636055782e-20, nan 
-16.125, -65.625, 8.28461093378828e-20, nan 
-15.875, -65.625, 6.595841705490032e-20, nan 
-15.625, -65.625, 5.703979708406118e-20, nan 
-15.375, -65.625, 3.398603093107271e-20, nan 
-15.125, -65.625, 2.3483138136206188e-20, nan 
-14.875, -65.625, 3.1826353305189584e-20, nan 
-14.625, -65.625, 1.6454535721483132e-20, nan 
-14.375, -65.625, 3.873022591704957e-21, nan 
-14.125, -65.625, 1.650679388052263e-20, nan 
-13.875, -65.625, 4.266770914005556e-21, nan 
-13.625, -65.625, 4.190755300906151e-21, nan 
-13.375, -65.625, 2.529239296991215e-21, nan 
-13.125, -65.625, 2.5178332042125687e-21, nan 
-12.875, -65.625, 9.791313817090107e-22, nan 
-12.625, -65.625, 4.883763272933677e-21, nan 
-12.375, -65.625, 5.1956624093965844e-21, nan 
-12.125, -65.625, 7.820148457621009e-22, nan 
-11.875, -65.625, 7.32321511089131e-22, nan 
-11.625, -65.625, 7.013547180059288e-22, nan 
-11.375, -65.625, 3.9720717414613076e-22, nan 
-11.125, -65.625, 1.659978892097932e-22, nan 
-10.875, -65.625, 1.5467727736159926e-22, nan 
-10.625, -65.625, 1.6094055716154646e-22, nan 
-10.375, -65.625, 2.0024352836774603e-22, nan 
-10.125, -65.625, 4.516119550850407e-22, nan 
-9.875, -65.625, 3.280078805863627e-22, nan 
-9.625, -65.625, 3.1910223921286023e-22, nan 
-9.375, -65.625, 5.2761423516522185e-22, nan 
-9.125, -65.625, 5.423362903090124e-22, nan 
-8.875, -65.625, 5.819384315805278e-22, nan 
-8.625, -65.625, 4.146383442454836e-22, nan 
-8.375, -65.625, 2.807678352147557e-22, nan 
-8.125, -65.625, 2.9023529128721816e-22, nan 
-7.875, -65.625, 3.0093278198590793e-22, nan 
-7.625, -65.625, 1.4475591499344633e-22, nan 
-7.375, -65.625, 1.6237902133380594e-22, nan 
-7.125, -65.625, 8.024839275976426e-23, nan 
-6.875, -65.625, 1.2825352417291815e-22, nan 
-6.625, -65.625, 5.469988036346658e-23, nan 
-6.375, -65.625, 9.614044429740526e-23, nan 
-6.125, -65.625, 1.0721453440491464e-22, nan 
-5.875, -65.625, 8.933145589187598e-23, nan 
-5.625, -65.625, 2.332798356557731e-22, nan 
-5.375, -65.625, 1.5129522562873883e-22, nan 
-5.125, -65.625, 1.617892495522156e-22, nan 
-4.875, -65.625, 2.3301345449116165e-22, nan 
-4.625, -65.625, 3.273588973213068e-22, nan 
-4.375, -65.625, 2.0411495052823385e-22, nan 
-4.125, -65.625, 1.806353876465379e-22, nan 
-3.875, -65.625, 2.2126390455141737e-22, nan 
-3.625, -65.625, 2.596081562457951e-22, nan 
-3.375, -65.625, 1.6194649529469712e-22, nan 
-3.125, -65.625, 2.1736388032742053e-22, nan 
-2.875, -65.625, 3.1470767648598036e-22, nan 
-2.625, -65.625, 1.9115568450310637e-22, nan 
-2.375, -65.625, 1.6512303007447965e-22, nan 
-2.125, -65.625, 2.7578059621781133e-22, nan 
-1.875, -65.625, 1.9193405930190401e-22, nan 
-1.625, -65.625, 2.287731553466219e-22, nan 
-1.375, -65.625, 2.3962990426432534e-22, nan 
-1.125, -65.625, 1.1904059158964732e-22, nan 
-0.875, -65.625, 1.5641304725689209e-22, nan 
-0.625, -65.625, 2.1580489658501705e-22, nan 
-0.375, -65.625, 1.2728367083490958e-22, nan 
-0.125, -65.625, 9.68314118326815e-23, nan 
0.125, -65.625, 1.6311469461028072e-22, nan 
0.375, -65.625, 1.5080358910363053e-22, nan 
0.625, -65.625, 1.1812286512868405e-22, nan 
0.875, -65.625, 5.302878619857247e-23, nan 
1.125, -65.625, 4.598990498923384e-23, nan 
1.375, -65.625, 5.857960136641125e-23, nan 
1.625, -65.625, 1.5514458866509446e-22, nan 
1.875, -65.625, 1.4291028721411374e-22, nan 
2.125, -65.625, 9.326602486502175e-23, nan 
2.375, -65.625, 2.081220915693608e-22, nan 
2.625, -65.625, 2.0858535032180525e-22, nan 
2.875, -65.625, 1.4128960342461245e-22, nan 
3.125, -65.625, 1.5283217194807658e-22, nan 
3.375, -65.625, 1.3203522591005288e-22, nan 
3.625, -65.625, 1.2618060729031177e-22, nan 
3.875, -65.625, 1.6538107369383106e-22, nan 
4.125, -65.625, 2.065035830631964e-22, nan 
4.375, -65.625, 1.4164673840131968e-22, nan 
4.625, -65.625, 1.0907105095253598e-22, nan 
4.875, -65.625, 1.4148415339078286e-22, nan 
5.125, -65.625, 1.587968240539931e-22, nan 
-28.875, -65.375, 4.262149211551332e-22, nan 
-28.625, -65.375, 4.446359381630222e-22, nan 
-28.375, -65.375, 4.649194676204605e-22, nan 
-28.125, -65.375, 4.702334456193818e-22, nan 
-27.875, -65.375, 4.0277610351002163e-22, nan 
-27.625, -65.375, 4.316371090411093e-22, nan 
-27.375, -65.375, 4.16563288250387e-22, nan 
-27.125, -65.375, 3.9461666313307146e-22, nan 
-26.875, -65.375, 3.3278687984010814e-22, nan 
-26.625, -65.375, 8.679889789317424e-22, nan 
-26.375, -65.375, 1.1401919142916267e-21, nan 
-26.125, -65.375, 3.347107869341659e-22, nan 
-25.875, -65.375, 4.858091777056022e-22, nan 
-25.625, -65.375, 5.492510916458025e-22, nan 
-25.375, -65.375, 5.95796113066269e-22, nan 
-25.125, -65.375, 6.610817965650936e-22, nan 
-24.875, -65.375, 6.750190162769195e-22, nan 
-24.625, -65.375, 9.333793511254388e-22, nan 
-24.375, -65.375, 1.2515791381683717e-21, nan 
-24.125, -65.375, 1.075906687587511e-21, nan 
-23.875, -65.375, 1.5870083024170257e-21, nan 
-23.625, -65.375, 1.8821517201988935e-21, nan 
-23.375, -65.375, 3.7994701818594165e-21, nan 
-23.125, -65.375, 8.535822930344346e-21, nan 
-22.875, -65.375, 1.3217078712852557e-20, nan 
-22.625, -65.375, 1.7988526839037166e-20, nan 
-22.375, -65.375, 2.204717503725545e-20, nan 
-22.125, -65.375, 1.674955093240282e-20, nan 
-21.875, -65.375, 3.958458439081021e-21, nan 
-21.625, -65.375, 4.472829108965092e-21, nan 
-21.375, -65.375, 1.1800581954382196e-20, nan 
-21.125, -65.375, 1.5500906300711845e-20, nan 
-20.875, -65.375, 1.697639762630213e-20, nan 
-20.625, -65.375, 2.839520826134388e-20, nan 
-20.375, -65.375, 5.15728963196305e-20, nan 
-20.125, -65.375, 5.1718411812069e-20, nan 
-19.875, -65.375, 9.342035042624096e-21, nan 
-19.625, -65.375, 1.5926153150075637e-20, nan 
-19.375, -65.375, 2.887806831049381e-20, nan 
-19.125, -65.375, 4.4335054638930983e-20, nan 
-18.875, -65.375, 2.0523692244139604e-20, nan 
-18.625, -65.375, 3.5454532156923245e-20, nan 
-18.375, -65.375, 6.142123362829828e-20, nan 
-18.125, -65.375, 3.107083580970123e-20, nan 
-17.875, -65.375, 4.808676791069414e-20, nan 
-17.625, -65.375, 3.912456601988776e-20, nan 
-17.375, -65.375, 3.57658129038309e-20, nan 
-17.125, -65.375, 3.500519952747873e-20, nan 
-16.875, -65.375, 3.3559274772820294e-20, nan 
-16.625, -65.375, 2.392260584559741e-20, nan 
-16.375, -65.375, 1.5423089296166078e-20, nan 
-16.125, -65.375, 1.565870190535353e-20, nan 
-15.875, -65.375, 1.952395987635154e-20, nan 
-15.625, -65.375, 1.474342075164643e-20, nan 
-15.375, -65.375, 6.0421635043304486e-21, nan 
-15.125, -65.375, 1.9009375935204837e-20, nan 
-14.875, -65.375, 2.1340643548657892e-20, nan 
-14.625, -65.375, 1.704975268024564e-20, nan 
-14.375, -65.375, 1.3318632852513134e-20, nan 
-14.125, -65.375, 8.298059261361106e-21, nan 
-13.875, -65.375, 1.5187661439479366e-21, nan 
-13.625, -65.375, 1.4323387103030587e-21, nan 
-13.375, -65.375, 3.3057377678090556e-21, nan 
-13.125, -65.375, 9.262831839467466e-22, nan 
-12.875, -65.375, 6.082732835266404e-22, nan 
-12.625, -65.375, 6.903762318537109e-22, nan 
-12.375, -65.375, 5.520427623526506e-22, nan 
-12.125, -65.375, 3.480735419166745e-22, nan 
-11.875, -65.375, 2.7212260134247447e-22, nan 
-11.625, -65.375, 1.96434029077962e-22, nan 
-11.375, -65.375, 9.386355690883547e-23, nan 
-11.125, -65.375, 4.596030454604524e-23, nan 
-10.875, -65.375, 5.133795128769858e-23, nan 
-10.625, -65.375, 5.209312793088068e-23, nan 
-10.375, -65.375, 4.847368497689189e-23, nan 
-10.125, -65.375, 5.0940931289407354e-23, nan 
-9.875, -65.375, 4.275832750760285e-23, nan 
-9.625, -65.375, 8.800252160150288e-23, nan 
-9.375, -65.375, 1.9412345537668954e-22, nan 
-9.125, -65.375, 1.6930747518013626e-22, nan 
-8.875, -65.375, 1.8211458279701416e-22, nan 
-8.625, -65.375, 1.7937096001574466e-22, nan 
-8.375, -65.375, 7.636096863485861e-23, nan 
-8.125, -65.375, 1.6811392018579523e-22, nan 
-7.875, -65.375, 1.102986777594908e-22, nan 
-7.625, -65.375, 6.467975931898654e-23, nan 
-7.375, -65.375, 8.030836469419414e-23, nan 
-7.125, -65.375, 9.303951775510877e-23, nan 
-6.875, -65.375, 5.53026336980601e-23, nan 
-6.625, -65.375, 4.5562536844099125e-23, nan 
-6.375, -65.375, 5.985552281973007e-23, nan 
-6.125, -65.375, 3.2632315576590805e-23, nan 
-5.875, -65.375, 7.089359448170846e-23, nan 
-5.625, -65.375, 6.99771490094732e-23, nan 
-5.375, -65.375, 3.3391899446930745e-23, nan 
-5.125, -65.375, 1.3823364311917514e-22, nan 
-4.875, -65.375, 2.3424586753643114e-22, nan 
-4.625, -65.375, 1.6402202045873433e-22, nan 
-4.375, -65.375, 1.5339388798600702e-22, nan 
-4.125, -65.375, 2.7565003303332824e-22, nan 
-3.875, -65.375, 1.9994332880341396e-22, nan 
-3.625, -65.375, 1.6539110430774062e-22, nan 
-3.375, -65.375, 2.0825253640565693e-22, nan 
-3.125, -65.375, 1.5940991736541995e-22, nan 
-2.875, -65.375, 2.4175599048966517e-22, nan 
-2.625, -65.375, 7.25304990941302e-23, nan 
-2.375, -65.375, 8.043179476682332e-23, nan 
-2.125, -65.375, 1.8457818903334784e-22, nan 
-1.875, -65.375, 1.6218226598854746e-22, nan 
-1.625, -65.375, 1.8308034297951641e-22, nan 
-1.375, -65.375, 1.7383687099299944e-22, nan 
-1.125, -65.375, 1.3404439160991475e-22, nan 
-0.875, -65.375, 1.462708890514051e-22, nan 
-0.625, -65.375, 1.4992342110353415e-22, nan 
-0.375, -65.375, 1.1095176020448366e-22, nan 
-0.125, -65.375, 6.973604707586384e-23, nan 
0.125, -65.375, 9.540359268951327e-23, nan 
0.375, -65.375, 8.978078444842106e-23, nan 
0.625, -65.375, 1.0370498644436019e-22, nan 
0.875, -65.375, 1.3305680637661363e-22, nan 
1.125, -65.375, 1.0021444251332807e-22, nan 
1.375, -65.375, 7.925019885999578e-23, nan 
1.625, -65.375, 1.9404309267828073e-22, nan 
1.875, -65.375, 2.336432876141075e-22, nan 
2.125, -65.375, 1.400614447579095e-22, nan 
2.375, -65.375, 1.0486446407891784e-22, nan 
2.625, -65.375, 1.4353982597583128e-22, nan 
2.875, -65.375, 1.7665741099869003e-22, nan 
3.125, -65.375, 2.3274057637707967e-22, nan 
3.375, -65.375, 1.2098104550541294e-22, nan 
3.625, -65.375, 1.1740885534813287e-22, nan 
3.875, -65.375, 8.05103821635591e-23, nan 
4.125, -65.375, 1.4007019459192645e-22, nan 
4.375, -65.375, 1.2353082732282628e-22, nan 
4.625, -65.375, 5.770209551738658e-23, nan 
4.875, -65.375, 8.969500701242081e-23, nan 
5.125, -65.375, 1.3004297718126616e-22, nan 
-28.375, -65.125, 6.779853286091095e-22, nan 
-28.125, -65.125, 7.229656660913511e-22, nan 
-27.875, -65.125, 8.275260882258987e-22, nan 
-27.625, -65.125, 8.081456629529959e-22, nan 
-27.375, -65.125, 6.545464715145529e-22, nan 
-27.125, -65.125, 1.3076753970337469e-21, nan 
-26.875, -65.125, 8.272383910602595e-22, nan 
-26.625, -65.125, 1.5796897976761787e-21, nan 
-26.375, -65.125, 2.5533133782992107e-21, nan 
-26.125, -65.125, 1.0498491027096723e-21, nan 
-25.875, -65.125, 1.5245324581742834e-21, nan 
-25.625, -65.125, 2.0300224418370764e-21, nan 
-25.375, -65.125, 1.2338315595628779e-21, nan 
-25.125, -65.125, 1.0241267276032624e-21, nan 
-24.875, -65.125, 1.208262505328791e-21, nan 
-24.625, -65.125, 8.279742556784422e-22, nan 
-24.375, -65.125, 1.0727323285443555e-21, nan 
-24.125, -65.125, 1.17097128830875e-21, nan 
-23.875, -65.125, 2.2360297378641854e-21, nan 
-23.625, -65.125, 3.0286514395013516e-21, nan 
-23.375, -65.125, 3.46599250041666e-21, nan 
-23.125, -65.125, 5.527107106616294e-21, nan 
-22.875, -65.125, 6.2196306869941595e-21, nan 
-22.625, -65.125, 7.360389706125295e-21, nan 
-22.375, -65.125, 8.639620982619338e-21, nan 
-22.125, -65.125, 9.657434859761042e-21, nan 
-21.875, -65.125, 9.847928078537259e-21, nan 
-21.625, -65.125, 1.2263926670142882e-20, nan 
-21.375, -65.125, 1.762651029418739e-20, nan 
-21.125, -65.125, 2.313586990458401e-20, nan 
-20.875, -65.125, 2.2127445479595772e-20, nan 
-20.625, -65.125, 2.1496313820380067e-20, nan 
-20.375, -65.125, 3.3548912291602006e-20, nan 
-20.125, -65.125, 2.3657244045174118e-20, nan 
-19.875, -65.125, 4.362110058476226e-20, nan 
-19.625, -65.125, 2.2541050412761082e-20, nan 
-19.375, -65.125, 2.2182952383878783e-20, nan 
-19.125, -65.125, 2.4357123765211845e-20, nan 
-18.875, -65.125, 1.1608943156082758e-20, nan 
-18.625, -65.125, 1.410224096661582e-20, nan 
-18.375, -65.125, 1.6473935791276534e-20, nan 
-18.125, -65.125, 1.0986903144147622e-20, nan 
-17.875, -65.125, 1.0470968596050047e-20, nan 
-17.625, -65.125, 1.049712459143981e-20, nan 
-17.375, -65.125, 7.347924390230598e-21, nan 
-17.125, -65.125, 5.995390397645695e-21, nan 
-16.875, -65.125, 6.606446089141685e-21, nan 
-16.625, -65.125, 4.874168764846864e-21, nan 
-16.375, -65.125, 3.660983301690896e-21, nan 
-16.125, -65.125, 2.0023647463719654e-21, nan 
-15.875, -65.125, 5.227685976490483e-21, nan 
-15.625, -65.125, 5.533592043743403e-21, nan 
-15.375, -65.125, 5.21878866721834e-21, nan 
-15.125, -65.125, 6.512755255149729e-21, nan 
-14.875, -65.125, 8.279826107406412e-21, nan 
-14.625, -65.125, 8.808605077474115e-21, nan 
-14.375, -65.125, 8.940029603557076e-21, nan 
-14.125, -65.125, 5.5187988489077415e-21, nan 
-13.875, -65.125, 5.595272150130346e-21, nan 
-13.625, -65.125, 4.375573578238032e-21, nan 
-13.375, -65.125, 2.1603341158496176e-21, nan 
-13.125, -65.125, 3.7477062189190164e-22, nan 
-12.875, -65.125, 2.662338816526415e-22, nan 
-12.625, -65.125, 3.1130478562840836e-22, nan 
-12.375, -65.125, 1.929487354508325e-22, nan 
-12.125, -65.125, 2.0456670594376757e-22, nan 
-11.875, -65.125, 2.0265421883309547e-22, nan 
-11.625, -65.125, 8.566706752106979e-23, nan 
-11.375, -65.125, 8.19048045404835e-23, nan 
-11.125, -65.125, 9.20846930423597e-23, nan 
-10.875, -65.125, 4.0640770874452e-23, nan 
-10.625, -65.125, 1.8863970818238512e-23, nan 
-10.375, -65.125, 3.576154107113643e-23, nan 
-10.125, -65.125, 9.07430235246997e-23, nan 
-9.875, -65.125, 1.2664188568900427e-22, nan 
-9.625, -65.125, 2.125750960280551e-22, nan 
-9.375, -65.125, 1.5544472528857004e-22, nan 
-9.125, -65.125, 1.4658329761725532e-22, nan 
-8.875, -65.125, 1.44397657988745e-22, nan 
-8.625, -65.125, 8.707805417259126e-23, nan 
-8.375, -65.125, 6.939889930504178e-23, nan 
-8.125, -65.125, 1.4274650829738708e-22, nan 
-7.875, -65.125, 7.246349282075304e-23, nan 
-7.625, -65.125, 9.484369745430922e-23, nan 
-7.375, -65.125, 1.0920282674777957e-22, nan 
-7.125, -65.125, 6.864116462491016e-23, nan 
-6.875, -65.125, 4.0741438845574466e-23, nan 
-6.625, -65.125, 4.3601924957232895e-23, nan 
-6.375, -65.125, 3.9359707581570117e-23, nan 
-6.125, -65.125, 2.0868715262101996e-23, nan 
-5.875, -65.125, 7.285960414577467e-23, nan 
-5.625, -65.125, 1.4483418260856505e-22, nan 
-5.375, -65.125, 6.469406001513886e-23, nan 
-5.125, -65.125, 5.400835163675786e-23, nan 
-4.875, -65.125, 1.7035375932110355e-22, nan 
-4.625, -65.125, 8.674447775327195e-23, nan 
-4.375, -65.125, 1.174670637317442e-22, nan 
-4.125, -65.125, 2.4282028546448888e-22, nan 
-3.875, -65.125, 2.668771346792934e-22, nan 
-3.625, -65.125, 2.200691187225013e-22, nan 
-3.375, -65.125, 2.4166309833401167e-22, nan 
-3.125, -65.125, 2.2782186567791494e-22, nan 
-2.875, -65.125, 1.968578207734938e-22, nan 
-2.625, -65.125, 1.6378404574833296e-22, nan 
-2.375, -65.125, 1.5987032134537525e-22, nan 
-2.125, -65.125, 1.2584749889914455e-22, nan 
-1.875, -65.125, 1.0824350844549844e-22, nan 
-1.625, -65.125, 1.066204055221857e-22, nan 
-1.375, -65.125, 1.0485070752673236e-22, nan 
-1.125, -65.125, 1.0233224154914411e-22, nan 
-0.875, -65.125, 5.025513991374761e-23, nan 
-0.625, -65.125, 4.811419734840358e-23, nan 
-0.375, -65.125, 8.085433249118971e-23, nan 
-0.125, -65.125, 9.339108475145467e-23, nan 
0.125, -65.125, 8.619848749914742e-23, nan 
0.375, -65.125, 9.891091176781777e-23, nan 
0.625, -65.125, 8.27143123533776e-23, nan 
0.875, -65.125, 1.1782923056065024e-22, nan 
1.125, -65.125, 1.3301680886228995e-22, nan 
1.375, -65.125, 1.4477049352068576e-22, nan 
1.625, -65.125, 1.9377394030060719e-22, nan 
1.875, -65.125, 2.1173201520930815e-22, nan 
2.125, -65.125, 1.1423519268736116e-22, nan 
2.375, -65.125, 1.8286112745642034e-22, nan 
2.625, -65.125, 1.1199873076943276e-22, nan 
2.875, -65.125, 2.0370959072903588e-22, nan 
3.125, -65.125, 2.835339054071295e-22, nan 
3.375, -65.125, 6.557589788493064e-23, nan 
3.625, -65.125, 1.525084752844829e-22, nan 
3.875, -65.125, 1.469859394888647e-22, nan 
4.125, -65.125, 3.495982488233362e-23, nan 
4.375, -65.125, 7.804768899681987e-23, nan 
4.625, -65.125, 6.166162892314365e-23, nan 
4.875, -65.125, 4.9306490802386363e-23, nan 
5.125, -65.125, 5.38095030307634e-23, nan 
-28.125, -64.875, 1.0607868347058573e-21, nan 
-27.875, -64.875, 1.1804130696499714e-21, nan 
-27.625, -64.875, 1.390061364010516e-21, nan 
-27.375, -64.875, 1.6736511850731367e-21, nan 
-27.125, -64.875, 1.5837804817225047e-21, nan 
-26.875, -64.875, 1.8070574565027875e-21, nan 
-26.625, -64.875, 1.5800892140000833e-21, nan 
-26.375, -64.875, 1.8212286897272166e-21, nan 
-26.125, -64.875, 2.1284564230293545e-21, nan 
-25.875, -64.875, 2.4926941426554075e-21, nan 
-25.625, -64.875, 2.6135364795938192e-21, nan 
-25.375, -64.875, 2.447658629013623e-21, nan 
-25.125, -64.875, 2.4449896118994378e-21, nan 
-24.875, -64.875, 5.131553185265353e-21, nan 
-24.625, -64.875, 9.202488966091248e-21, nan 
-24.375, -64.875, 1.0388241408632895e-20, nan 
-24.125, -64.875, 1.2849879351726249e-20, nan 
-23.875, -64.875, 1.125309548728498e-20, nan 
-23.625, -64.875, 6.1078517492354216e-21, nan 
-23.375, -64.875, 5.942266763523273e-21, nan 
-23.125, -64.875, 9.92143204326299e-21, nan 
-22.875, -64.875, 1.366021493170018e-20, nan 
-22.625, -64.875, 1.679254334697643e-20, nan 
-22.375, -64.875, 2.0503798656265056e-20, nan 
-22.125, -64.875, 2.332079234484232e-20, nan 
-21.875, -64.875, 3.4987253445772464e-20, nan 
-21.625, -64.875, 4.541612645021234e-20, nan 
-21.375, -64.875, 4.369833018878487e-20, nan 
-21.125, -64.875, 3.828930870621842e-20, nan 
-20.875, -64.875, 4.0714235168578644e-20, nan 
-20.625, -64.875, 3.4897522748573917e-20, nan 
-20.375, -64.875, 2.1534617912938318e-20, nan 
-20.125, -64.875, 2.8218349782779073e-20, nan 
-19.875, -64.875, 2.841829721514803e-20, nan 
-19.625, -64.875, 7.876105997545629e-21, nan 
-19.375, -64.875, 2.921917038073987e-21, nan 
-19.125, -64.875, 4.5639977286333265e-21, nan 
-18.875, -64.875, 5.063717548141509e-21, nan 
-18.625, -64.875, 4.882337981762836e-21, nan 
-18.375, -64.875, 3.924180430049875e-21, nan 
-18.125, -64.875, 3.223939376072108e-21, nan 
-17.875, -64.875, 3.0169582216707316e-21, nan 
-17.625, -64.875, 2.9391166762981426e-21, nan 
-17.375, -64.875, 2.6766207414430866e-21, nan 
-17.125, -64.875, 2.3687380445861505e-21, nan 
-16.875, -64.875, 3.0825120209415465e-21, nan 
-16.625, -64.875, 2.7384236504825982e-21, nan 
-16.375, -64.875, 2.6157845784568047e-21, nan 
-16.125, -64.875, 2.2008146253353088e-21, nan 
-15.875, -64.875, 3.49254025526045e-21, nan 
-15.625, -64.875, 3.1089344744943116e-21, nan 
-15.375, -64.875, 2.1955046977937893e-21, nan 
-15.125, -64.875, 4.384544222254541e-21, nan 
-14.875, -64.875, 2.1922408810960605e-21, nan 
-14.625, -64.875, 1.6026643215686298e-21, nan 
-14.375, -64.875, 3.2711978986427504e-21, nan 
-14.125, -64.875, 4.351426740000109e-21, nan 
-13.875, -64.875, 3.0666459596580284e-21, nan 
-13.625, -64.875, 2.383789179567949e-21, nan 
-13.375, -64.875, 2.6639121998364577e-21, nan 
-13.125, -64.875, 1.3652823845432793e-21, nan 
-12.875, -64.875, 3.418461580610014e-22, nan 
-12.625, -64.875, 2.8544561702337177e-22, nan 
-12.375, -64.875, 1.8291149598305537e-22, nan 
-12.125, -64.875, 1.6775594972116466e-22, nan 
-11.875, -64.875, 1.2461165180746477e-22, nan 
-11.625, -64.875, 4.0267117753991914e-23, nan 
-11.375, -64.875, 8.383487019566204e-24, nan 
-11.125, -64.875, 2.1751364603749457e-23, nan 
-10.875, -64.875, 5.38156443759398e-23, nan 
-10.625, -64.875, 6.90349930869591e-23, nan 
-10.375, -64.875, 1.0911149185347373e-22, nan 
-10.125, -64.875, 9.073813955761684e-23, nan 
-9.875, -64.875, 1.0524912874820357e-22, nan 
-9.625, -64.875, 1.8381810604198704e-22, nan 
-9.375, -64.875, 1.2893990915103518e-22, nan 
-9.125, -64.875, 1.1863431552126514e-22, nan 
-8.875, -64.875, 8.404904119182972e-23, nan 
-8.625, -64.875, 7.311820487471446e-23, nan 
-8.375, -64.875, 8.43683813341233e-23, nan 
-8.125, -64.875, 8.267219366267375e-23, nan 
-7.875, -64.875, 7.103290295693031e-23, nan 
-7.625, -64.875, 1.0843100901805697e-22, nan 
-7.375, -64.875, 1.3027431280888618e-22, nan 
-7.125, -64.875, 6.409202409434738e-23, nan 
-6.875, -64.875, 5.444762855345185e-23, nan 
-6.625, -64.875, 7.851276088911456e-23, nan 
-6.375, -64.875, 8.626339503179918e-23, nan 
-6.125, -64.875, 1.2223441299135482e-22, nan 
-5.875, -64.875, 9.6425760958296e-23, nan 
-5.625, -64.875, 1.3685412564045385e-22, nan 
-5.375, -64.875, 1.1005839501714081e-22, nan 
-5.125, -64.875, 8.079467576303869e-23, nan 
-4.875, -64.875, 4.334316472705207e-22, nan 
-4.625, -64.875, 7.407473436824964e-22, nan 
-4.375, -64.875, 8.624842389375842e-22, nan 
-4.125, -64.875, 9.347638103826654e-22, nan 
-3.875, -64.875, 8.84519485092959e-22, nan 
-3.625, -64.875, 9.120882944492413e-22, nan 
-3.375, -64.875, 7.757278193564788e-22, nan 
-3.125, -64.875, 3.320221509118753e-22, nan 
-2.875, -64.875, 1.6413210959645058e-22, nan 
-2.625, -64.875, 1.9488070192492545e-22, nan 
-2.375, -64.875, 1.708427071664057e-22, nan 
-2.125, -64.875, 1.4782616841727055e-22, nan 
-1.875, -64.875, 1.6007340885317554e-22, nan 
-1.625, -64.875, 1.4768617125100776e-22, nan 
-1.375, -64.875, 9.947672068988634e-23, nan 
-1.125, -64.875, 8.115985613295179e-23, nan 
-0.875, -64.875, 7.043614839475304e-23, nan 
-0.625, -64.875, 5.1681613089057905e-23, nan 
-0.375, -64.875, 2.414672570910895e-23, nan 
-0.125, -64.875, 8.431577958671735e-23, nan 
0.125, -64.875, 7.066176696035683e-23, nan 
0.375, -64.875, 8.169372783844698e-23, nan 
0.625, -64.875, 6.161025616356521e-23, nan 
0.875, -64.875, 6.387988792349506e-23, nan 
1.125, -64.875, 8.205602217049461e-23, nan 
1.375, -64.875, 1.2236226938356106e-22, nan 
1.625, -64.875, 1.6906623353041e-22, nan 
1.875, -64.875, 1.4578728732519853e-22, nan 
2.125, -64.875, 7.543475792878254e-23, nan 
2.375, -64.875, 1.5737576131585313e-22, nan 
2.625, -64.875, 1.4276151802643813e-22, nan 
2.875, -64.875, 1.116772554073467e-22, nan 
3.125, -64.875, 1.2702102857532357e-22, nan 
3.375, -64.875, 1.067972511142291e-22, nan 
3.625, -64.875, 6.267651618819311e-23, nan 
3.875, -64.875, 6.283584485463979e-23, nan 
4.125, -64.875, 5.631589736900942e-23, nan 
4.375, -64.875, 4.301252851304514e-23, nan 
4.625, -64.875, 3.499725587607577e-23, nan 
4.875, -64.875, 4.1919257713687324e-23, nan 
5.125, -64.875, 6.776306738930133e-23, nan 
-27.875, -64.625, 1.3360544548082108e-21, nan 
-27.625, -64.625, 1.791873439029142e-21, nan 
-27.375, -64.625, 2.517447274938743e-21, nan 
-27.125, -64.625, 2.4121708079720957e-21, nan 
-26.875, -64.625, 2.8328976260028297e-21, nan 
-26.625, -64.625, 3.208691446932538e-21, nan 
-26.375, -64.625, 2.8012059615105026e-21, nan 
-26.125, -64.625, 3.2736433660207772e-21, nan 
-25.875, -64.625, 3.8658503722389105e-21, nan 
-25.625, -64.625, 3.976824175384548e-21, nan 
-25.375, -64.625, 1.051704172814728e-20, nan 
-25.125, -64.625, 1.5322993140119312e-20, nan 
-24.875, -64.625, 1.3479643315843213e-20, nan 
-24.625, -64.625, 1.9541435890850723e-20, nan 
-24.375, -64.625, 2.6356457324014192e-20, nan 
-24.125, -64.625, 2.8832999226640665e-20, nan 
-23.875, -64.625, 2.4132623671191972e-20, nan 
-23.625, -64.625, 3.1671397177448964e-20, nan 
-23.375, -64.625, 4.2911555084087135e-20, nan 
-23.125, -64.625, 3.573012393170334e-20, nan 
-22.875, -64.625, 2.2690563146330848e-20, nan 
-22.625, -64.625, 2.1179200532816468e-20, nan 
-22.375, -64.625, 3.055933255172147e-20, nan 
-22.125, -64.625, 3.240748403815726e-20, nan 
-21.875, -64.625, 3.098269116347354e-20, nan 
-21.625, -64.625, 4.166314279784236e-20, nan 
-21.375, -64.625, 3.5907463544538487e-20, nan 
-21.125, -64.625, 2.777018780920476e-20, nan 
-20.875, -64.625, 2.869989035352117e-20, nan 
-20.625, -64.625, 1.791143204652838e-20, nan 
-20.375, -64.625, 1.3963572166244352e-20, nan 
-20.125, -64.625, 1.2795199834236376e-20, nan 
-19.875, -64.625, 7.930854989912618e-21, nan 
-19.625, -64.625, 4.9547526625570574e-21, nan 
-19.375, -64.625, 3.3250076626646155e-21, nan 
-19.125, -64.625, 1.9833156763336575e-21, nan 
-18.875, -64.625, 1.9206100934960534e-21, nan 
-18.625, -64.625, 1.9309918044716124e-21, nan 
-18.375, -64.625, 1.2051201630804276e-21, nan 
-18.125, -64.625, 7.616882108376827e-22, nan 
-17.875, -64.625, 8.76910688226608e-22, nan 
-17.625, -64.625, 5.498170550704776e-22, nan 
-17.375, -64.625, 8.574257315385574e-22, nan 
-17.125, -64.625, 1.8877104567597097e-21, nan 
-16.875, -64.625, 1.4637062489628867e-21, nan 
-16.625, -64.625, 1.2908605405143326e-21, nan 
-16.375, -64.625, 1.2086863823018786e-21, nan 
-16.125, -64.625, 1.148813695123293e-21, nan 
-15.875, -64.625, 1.1697137441177218e-21, nan 
-15.625, -64.625, 1.858187596457027e-21, nan 
-15.375, -64.625, 1.907304919690216e-21, nan 
-15.125, -64.625, 2.259713769803523e-21, nan 
-14.875, -64.625, 2.6785580527931597e-21, nan 
-14.625, -64.625, 2.9332079341982878e-21, nan 
-14.375, -64.625, 2.7881515460477825e-21, nan 
-14.125, -64.625, 2.2709132629146666e-21, nan 
-13.875, -64.625, 1.6010359386719973e-21, nan 
-13.625, -64.625, 1.29956849995078e-21, nan 
-13.375, -64.625, 7.537352677654638e-22, nan 
-13.125, -64.625, 2.295606052918738e-22, nan 
-12.875, -64.625, 1.8587809006500813e-22, nan 
-12.625, -64.625, 1.6780485152962037e-22, nan 
-12.375, -64.625, 1.5055340096789462e-22, nan 
-12.125, -64.625, 1.3779324778650536e-22, nan 
-11.875, -64.625, 1.3002752990759216e-22, nan 
-11.625, -64.625, 6.230638123420248e-23, nan 
-11.375, -64.625, 3.466142960768883e-23, nan 
-11.125, -64.625, 1.4157800649871304e-23, nan 
-10.875, -64.625, 2.1570707317141676e-23, nan 
-10.625, -64.625, 2.9824482166978565e-23, nan 
-10.375, -64.625, 7.689763115012605e-23, nan 
-10.125, -64.625, 5.934069843254913e-23, nan 
-9.875, -64.625, 4.496069114148767e-23, nan 
-9.625, -64.625, 1.2458985068198407e-22, nan 
-9.375, -64.625, 5.997731983085849e-23, nan 
-9.125, -64.625, 8.090956331721452e-23, nan 
-8.875, -64.625, 4.702763582099285e-23, nan 
-8.625, -64.625, 3.602273030999217e-23, nan 
-8.375, -64.625, 1.1364334580476788e-23, nan 
-8.125, -64.625, 1.1616686867063087e-23, nan 
-7.875, -64.625, 3.755082836443945e-23, nan 
-7.625, -64.625, 5.346426658917676e-23, nan 
-7.375, -64.625, 5.894056980610783e-23, nan 
-7.125, -64.625, 4.139868789201477e-23, nan 
-6.875, -64.625, 6.787320829865757e-23, nan 
-6.625, -64.625, 8.808283892582769e-23, nan 
-6.375, -64.625, 1.0732151317152634e-22, nan 
-6.125, -64.625, 1.084248883787293e-22, nan 
-5.875, -64.625, 1.3401877767119076e-22, nan 
-5.625, -64.625, 2.3543178457077936e-22, nan 
-5.375, -64.625, 4.699868338329355e-22, nan 
-5.125, -64.625, 5.522539114001281e-22, nan 
-4.875, -64.625, 5.455637502885462e-22, nan 
-4.625, -64.625, 6.903047920008934e-22, nan 
-4.375, -64.625, 7.49977499907451e-22, nan 
-4.125, -64.625, 7.725299013680604e-22, nan 
-3.875, -64.625, 8.960016352885288e-22, nan 
-3.625, -64.625, 1.1170681352040108e-21, nan 
-3.375, -64.625, 9.794612244802048e-22, nan 
-3.125, -64.625, 5.353110436875841e-22, nan 
-2.875, -64.625, 6.958119639423541e-22, nan 
-2.625, -64.625, 5.318563419238742e-22, nan 
-2.375, -64.625, 1.7041865401771307e-22, nan 
-2.125, -64.625, 1.202951821591741e-22, nan 
-1.875, -64.625, 1.2910655459487003e-22, nan 
-1.625, -64.625, 8.570955852304638e-23, nan 
-1.375, -64.625, 1.1232552916863465e-22, nan 
-1.125, -64.625, 9.868459804460752e-23, nan 
-0.875, -64.625, 1.4471367773927574e-22, nan 
-0.625, -64.625, 9.743180399555239e-23, nan 
-0.375, -64.625, 1.2130227647003941e-22, nan 
-0.125, -64.625, 6.833587054340898e-23, nan 
0.125, -64.625, 1.7799544707817403e-23, nan 
0.375, -64.625, 4.84066995088615e-23, nan 
0.625, -64.625, 2.670978178833332e-23, nan 
0.875, -64.625, 2.7172339938910255e-23, nan 
1.125, -64.625, 3.968192475209717e-23, nan 
1.375, -64.625, 8.412952877193972e-23, nan 
1.625, -64.625, 1.0046048282769437e-22, nan 
1.875, -64.625, 7.856615612410774e-23, nan 
2.125, -64.625, 1.1575651046295453e-22, nan 
2.375, -64.625, 1.3593679106796056e-22, nan 
2.625, -64.625, 9.49875786701675e-23, nan 
2.875, -64.625, 1.0050448649530889e-22, nan 
3.125, -64.625, 1.2569126405614613e-22, nan 
3.375, -64.625, 1.0431117794407991e-22, nan 
3.625, -64.625, 4.721501355547043e-23, nan 
3.875, -64.625, 4.81361086619128e-23, nan 
4.125, -64.625, 6.787998737617776e-23, nan 
4.375, -64.625, 1.9068024743793557e-22, nan 
4.625, -64.625, 3.571538462100373e-23, nan 
4.875, -64.625, 4.4466630320501944e-23, nan 
-27.375, -64.375, 1.343846058648903e-21, nan 
-27.125, -64.375, 2.9820258597514677e-21, nan 
-26.875, -64.375, 3.377743516314983e-21, nan 
-26.625, -64.375, 4.395107946117972e-21, nan 
-26.375, -64.375, 4.233546478514675e-21, nan 
-26.125, -64.375, 4.615878399254391e-21, nan 
-25.875, -64.375, 8.414872301410454e-21, nan 
-25.625, -64.375, 1.018142550819013e-20, nan 
-25.375, -64.375, 1.364685621974629e-20, nan 
-25.125, -64.375, 2.176928139704525e-20, nan 
-24.875, -64.375, 2.119146132213207e-20, nan 
-24.625, -64.375, 1.5289582312743628e-20, nan 
-24.375, -64.375, 3.1662605945928996e-20, nan 
-24.125, -64.375, 3.8402465958789024e-20, nan 
-23.875, -64.375, 3.487682980397338e-20, nan 
-23.625, -64.375, 4.470956392342075e-20, nan 
-23.375, -64.375, 4.7843501474074256e-20, nan 
-23.125, -64.375, 3.783793811701862e-20, nan 
-22.875, -64.375, 1.7228359899953873e-20, nan 
-22.625, -64.375, 1.5593872721718743e-20, nan 
-22.375, -64.375, 2.1636490368435413e-20, nan 
-22.125, -64.375, 1.7097534465636073e-20, nan 
-21.875, -64.375, 1.5194601381973536e-20, nan 
-21.625, -64.375, 1.0262833483088395e-20, nan 
-21.375, -64.375, 7.44362127943873e-21, nan 
-21.125, -64.375, 7.414481742899868e-21, nan 
-20.875, -64.375, 1.0545323380204593e-20, nan 
-20.625, -64.375, 7.831225870902268e-21, nan 
-20.375, -64.375, 6.043248240440976e-21, nan 
-20.125, -64.375, 2.0169579092095004e-21, nan 
-19.875, -64.375, 1.5620123511769724e-21, nan 
-19.625, -64.375, 1.3294649264130275e-21, nan 
-19.375, -64.375, 1.2080084726563073e-21, nan 
-19.125, -64.375, 6.347560715493494e-22, nan 
-18.875, -64.375, 2.834720112964605e-22, nan 
-18.625, -64.375, 3.0582761995314726e-22, nan 
-18.375, -64.375, 1.0950555081864347e-22, nan 
-18.125, -64.375, 3.5357321317009683e-22, nan 
-17.875, -64.375, 7.380123636725129e-22, nan 
-17.625, -64.375, 5.28030885243717e-22, nan 
-17.375, -64.375, 6.372590833558309e-22, nan 
-17.125, -64.375, 1.3656595274708023e-21, nan 
-16.875, -64.375, 7.201503597691629e-22, nan 
-16.625, -64.375, 5.487585550236551e-22, nan 
-16.375, -64.375, 4.580744031943639e-22, nan 
-16.125, -64.375, 4.52545426408483e-22, nan 
-15.875, -64.375, 6.117810047281124e-22, nan 
-15.625, -64.375, 3.6905818194994865e-22, nan 
-15.375, -64.375, 4.1237481293246886e-22, nan 
-15.125, -64.375, 5.597041622455576e-22, nan 
-14.875, -64.375, 1.7283326377412125e-21, nan 
-14.625, -64.375, 1.6409883127568585e-21, nan 
-14.375, -64.375, 1.5678836559625064e-21, nan 
-14.125, -64.375, 1.1041786319727077e-21, nan 
-13.875, -64.375, 4.307734236799599e-22, nan 
-13.625, -64.375, 3.635964040852636e-22, nan 
-13.375, -64.375, 4.592230114310121e-22, nan 
-13.125, -64.375, 5.5761755488250165e-22, nan 
-12.875, -64.375, 5.508465085159445e-22, nan 
-12.625, -64.375, 3.0386425809001543e-22, nan 
-12.375, -64.375, 1.5198628258972605e-22, nan 
-12.125, -64.375, 9.404016822861249e-23, nan 
-11.875, -64.375, 1.0784860512199133e-22, nan 
-11.625, -64.375, 1.0052387263699145e-22, nan 
-11.375, -64.375, 6.763438616465102e-23, nan 
-11.125, -64.375, 3.350561627033613e-23, nan 
-10.875, -64.375, 1.7344637795156978e-23, nan 
-10.625, -64.375, 1.1229959260870239e-23, nan 
-10.375, -64.375, 1.0934741438132142e-23, nan 
-10.125, -64.375, 5.788452751533827e-23, nan 
-9.875, -64.375, 7.770180179177804e-23, nan 
-9.625, -64.375, 7.426773448044225e-23, nan 
-9.375, -64.375, 7.936078836816726e-23, nan 
-9.125, -64.375, 1.2590701371324375e-22, nan 
-8.875, -64.375, 2.803062878730364e-23, nan 
-8.625, -64.375, 2.9980886636314296e-23, nan 
-8.375, -64.375, 4.618903805918803e-23, nan 
-8.125, -64.375, 1.703802753344643e-23, nan 
-7.875, -64.375, 1.3521434907158332e-23, nan 
-7.625, -64.375, 1.0956053792565966e-23, nan 
-7.375, -64.375, 4.657804516399183e-23, nan 
-7.125, -64.375, 7.123065020047233e-23, nan 
-6.875, -64.375, 4.7672791359493353e-23, nan 
-6.625, -64.375, 5.893394314464783e-23, nan 
-6.375, -64.375, 9.838854008218999e-23, nan 
-6.125, -64.375, 9.681233639549645e-23, nan 
-5.875, -64.375, 3.0588165571596434e-22, nan 
-5.625, -64.375, 3.8201483852225394e-22, nan 
-5.375, -64.375, 4.255622718637273e-22, nan 
-5.125, -64.375, 5.409174602611951e-22, nan 
-4.875, -64.375, 4.533355385202931e-22, nan 
-4.625, -64.375, 3.9536240644742497e-22, nan 
-4.375, -64.375, 2.722076452291434e-22, nan 
-4.125, -64.375, 1.5749238083407813e-22, nan 
-3.875, -64.375, 5.146438544126535e-22, nan 
-3.625, -64.375, 6.026555572926985e-22, nan 
-3.375, -64.375, 7.075860202223446e-22, nan 
-3.125, -64.375, 5.503783443777167e-22, nan 
-2.875, -64.375, 6.004855303002576e-22, nan 
-2.625, -64.375, 6.081774940136748e-22, nan 
-2.375, -64.375, 2.4010655925127854e-22, nan 
-2.125, -64.375, 9.918930756294159e-23, nan 
-1.875, -64.375, 1.0265800262904456e-22, nan 
-1.625, -64.375, 1.0553704631159613e-22, nan 
-1.375, -64.375, 8.793778945493209e-23, nan 
-1.125, -64.375, 6.109766352824782e-23, nan 
-0.875, -64.375, 1.3330862641325967e-22, nan 
-0.625, -64.375, 9.964016883403282e-23, nan 
-0.375, -64.375, 1.0914599411182225e-22, nan 
-0.125, -64.375, 8.263304129394833e-23, nan 
0.125, -64.375, 7.917756011265955e-23, nan 
0.375, -64.375, 6.945366611451204e-23, nan 
0.625, -64.375, 5.768388259059843e-23, nan 
0.875, -64.375, 2.852290523210862e-23, nan 
1.125, -64.375, 5.4184414629861e-23, nan 
1.375, -64.375, 6.314008896534488e-23, nan 
1.625, -64.375, 1.2203670612242631e-22, nan 
1.875, -64.375, 8.706124095841346e-23, nan 
2.125, -64.375, 9.203569228537239e-23, nan 
2.375, -64.375, 1.1681104456746188e-22, nan 
2.625, -64.375, 6.237167437402706e-23, nan 
2.875, -64.375, 1.0527079370018648e-22, nan 
3.125, -64.375, 1.5236867121937227e-22, nan 
3.375, -64.375, 9.818187329798443e-23, nan 
3.625, -64.375, 1.3767264113817406e-22, nan 
3.875, -64.375, 6.798459908555255e-23, nan 
4.125, -64.375, 7.788978798981775e-23, nan 
4.375, -64.375, 2.742582818963003e-22, nan 
4.625, -64.375, 3.8914140162280973e-23, nan 
4.875, -64.375, 5.337658849334734e-23, nan 
-27.125, -64.125, 1.822777523450152e-21, nan 
-26.875, -64.125, 3.697956044957203e-21, nan 
-26.625, -64.125, 4.055552217504702e-21, nan 
-26.375, -64.125, 4.6465907303330195e-21, nan 
-26.125, -64.125, 8.11746300412771e-21, nan 
-25.875, -64.125, 1.088730518099316e-20, nan 
-25.625, -64.125, 1.1667753524691003e-20, nan 
-25.375, -64.125, 1.7625644372475763e-20, nan 
-25.125, -64.125, 1.3441575540842194e-20, nan 
-24.875, -64.125, 1.279792738544427e-20, nan 
-24.625, -64.125, 1.0946804069354344e-20, nan 
-24.375, -64.125, 3.4767143168029353e-20, nan 
-24.125, -64.125, 4.461538773967797e-20, nan 
-23.875, -64.125, 6.417466624134395e-20, nan 
-23.625, -64.125, 3.9109357706028565e-20, nan 
-23.375, -64.125, 3.518211028170901e-20, nan 
-23.125, -64.125, 2.768784512989227e-20, nan 
-22.875, -64.125, 1.5497349527746894e-20, nan 
-22.625, -64.125, 2.0462346843300485e-20, nan 
-22.375, -64.125, 1.6893147649535242e-20, nan 
-22.125, -64.125, 1.3849227943504206e-20, nan 
-21.875, -64.125, 1.2484133525065362e-20, nan 
-21.625, -64.125, 1.2542716050141885e-20, nan 
-21.375, -64.125, 1.0993372654838258e-20, nan 
-21.125, -64.125, 6.959981603713504e-21, nan 
-20.875, -64.125, 7.863335336347874e-21, nan 
-20.625, -64.125, 6.183139529665612e-21, nan 
-20.375, -64.125, 4.6930493511811155e-21, nan 
-20.125, -64.125, 4.716591042938288e-21, nan 
-19.875, -64.125, 2.31824524318539e-21, nan 
-19.625, -64.125, 1.6122081653502928e-21, nan 
-19.375, -64.125, 4.1491526682829653e-22, nan 
-19.125, -64.125, 1.9934134337696884e-22, nan 
-18.875, -64.125, 2.0467978038570078e-22, nan 
-18.625, -64.125, 3.6088206352624315e-22, nan 
-18.375, -64.125, 3.844080380232286e-22, nan 
-18.125, -64.125, 2.6626261969582995e-22, nan 
-17.875, -64.125, 2.680532649217116e-22, nan 
-17.625, -64.125, 3.3111395991086725e-22, nan 
-17.375, -64.125, 3.8035496201707587e-22, nan 
-17.125, -64.125, 4.418137011990481e-22, nan 
-16.875, -64.125, 3.2844146920243084e-22, nan 
-16.625, -64.125, 3.1333963058888413e-22, nan 
-16.375, -64.125, 2.270929104627438e-22, nan 
-16.125, -64.125, 2.8940654214310223e-22, nan 
-15.875, -64.125, 4.509240037977837e-22, nan 
-15.625, -64.125, 3.9022908599557976e-22, nan 
-15.375, -64.125, 3.3955300026194666e-22, nan 
-15.125, -64.125, 3.058067990332427e-22, nan 
-14.875, -64.125, 2.5850248288611634e-22, nan 
-14.625, -64.125, 2.779669554754498e-22, nan 
-14.375, -64.125, 2.4453786498912215e-22, nan 
-14.125, -64.125, 3.717792176286471e-22, nan 
-13.875, -64.125, 2.8911166392644352e-22, nan 
-13.625, -64.125, 1.6517876069383488e-22, nan 
-13.375, -64.125, 3.9277360158058237e-22, nan 
-13.125, -64.125, 5.561374649961108e-22, nan 
-12.875, -64.125, 5.136384035809623e-22, nan 
-12.625, -64.125, 3.0454990187254337e-22, nan 
-12.375, -64.125, 3.295795713556593e-22, nan 
-12.125, -64.125, 2.948931833782583e-22, nan 
-11.875, -64.125, 1.6933021073797034e-22, nan 
-11.625, -64.125, 1.0393879418568322e-22, nan 
-11.375, -64.125, 7.033971107927836e-23, nan 
-11.125, -64.125, 7.647357404362683e-23, nan 
-10.875, -64.125, 5.985527803316488e-23, nan 
-10.625, -64.125, 4.211074074802776e-23, nan 
-10.375, -64.125, 1.2233528245079146e-23, nan 
-10.125, -64.125, 1.132235074464743e-23, nan 
-9.875, -64.125, 1.0161677909286123e-23, nan 
-9.625, -64.125, 1.4318807524025395e-23, nan 
-9.375, -64.125, 4.530876417904973e-23, nan 
-9.125, -64.125, 6.142420603400431e-23, nan 
-8.875, -64.125, 1.7363302263775896e-23, nan 
-8.625, -64.125, 1.3770604335751594e-23, nan 
-8.375, -64.125, 1.2509155985584942e-23, nan 
-8.125, -64.125, 5.340578043820328e-24, nan 
-7.875, -64.125, 1.481121264780049e-23, nan 
-7.625, -64.125, 9.039788105380929e-24, nan 
-7.375, -64.125, 2.6400878243916588e-23, nan 
-7.125, -64.125, 5.933770381567956e-23, nan 
-6.875, -64.125, 2.840497689009909e-23, nan 
-6.625, -64.125, 2.743593913414759e-23, nan 
-6.375, -64.125, 7.150742159454225e-23, nan 
-6.125, -64.125, 7.502102303045146e-23, nan 
-5.875, -64.125, 3.6939454649818126e-23, nan 
-5.625, -64.125, 3.4113898554089537e-22, nan 
-5.375, -64.125, 4.459619966061505e-22, nan 
-5.125, -64.125, 4.354249340561797e-22, nan 
-4.875, -64.125, 5.405458919105008e-22, nan 
-4.625, -64.125, 5.6495608761281995e-22, nan 
-4.375, -64.125, 5.039494950681075e-22, nan 
-4.125, -64.125, 5.031335510063718e-22, nan 
-3.875, -64.125, 5.425623882993688e-22, nan 
-3.625, -64.125, 4.76512824634902e-22, nan 
-3.375, -64.125, 5.57428897392093e-22, nan 
-3.125, -64.125, 5.092690404604524e-22, nan 
-2.875, -64.125, 4.051727889048915e-22, nan 
-2.625, -64.125, 3.1102547881588946e-22, nan 
-2.375, -64.125, 1.7157586741710743e-22, nan 
-2.125, -64.125, 9.227598490962094e-23, nan 
-1.875, -64.125, 5.614353862705346e-23, nan 
-1.625, -64.125, 4.5801774192821953e-23, nan 
-1.375, -64.125, 1.7781804110259962e-23, nan 
-1.125, -64.125, 2.1088906416131125e-23, nan 
-0.875, -64.125, 2.55749197321652e-23, nan 
-0.625, -64.125, 4.5814879747433604e-23, nan 
-0.375, -64.125, 4.7773345774912974e-23, nan 
-0.125, -64.125, 3.107390167739334e-23, nan 
0.125, -64.125, 7.140850113847298e-23, nan 
0.375, -64.125, 5.37732962953499e-23, nan 
0.625, -64.125, 5.471324141609488e-23, nan 
0.875, -64.125, 7.973697614832589e-23, nan 
1.125, -64.125, 7.336890570669669e-23, nan 
1.375, -64.125, 5.422266663247241e-23, nan 
1.625, -64.125, 1.2082912960186863e-22, nan 
1.875, -64.125, 9.924671663304788e-23, nan 
2.125, -64.125, 4.447381437709449e-23, nan 
2.375, -64.125, 2.702455506772987e-23, nan 
2.625, -64.125, 5.861552297359191e-23, nan 
2.875, -64.125, 6.219806502120586e-23, nan 
3.125, -64.125, 8.638063270663071e-23, nan 
3.375, -64.125, 7.771673687345056e-23, nan 
3.625, -64.125, 4.6214905711106933e-23, nan 
3.875, -64.125, 5.2562948036017815e-23, nan 
4.125, -64.125, 5.2112008630125355e-23, nan 
4.375, -64.125, 1.3179433523359364e-22, nan 
4.625, -64.125, 3.0127710636254705e-23, nan 
4.875, -64.125, 3.592436836291731e-23, nan 
-26.875, -63.875, 1.6190065461838805e-21, nan 
-26.625, -63.875, 2.4333126023709915e-21, nan 
-26.375, -63.875, 4.229224172247301e-21, nan 
-26.125, -63.875, 3.4370671249147874e-21, nan 
-25.875, -63.875, 9.451899782428535e-21, nan 
-25.625, -63.875, 1.040028317734278e-20, nan 
-25.375, -63.875, 1.4780985684569824e-20, nan 
-25.125, -63.875, 2.3256912971690862e-20, nan 
-24.875, -63.875, 2.438985845247196e-20, nan 
-24.625, -63.875, 4.272966326857442e-20, nan 
-24.375, -63.875, 3.9871605682681885e-20, nan 
-24.125, -63.875, 2.95099358268469e-20, nan 
-23.875, -63.875, 2.7820337039569354e-20, nan 
-23.625, -63.875, 1.5056280203589488e-20, nan 
-23.375, -63.875, 9.113240897929921e-21, nan 
-23.125, -63.875, 8.225194810055647e-21, nan 
-22.875, -63.875, 8.68435723360212e-21, nan 
-22.625, -63.875, 8.50075800596722e-21, nan 
-22.375, -63.875, 6.340151657457938e-21, nan 
-22.125, -63.875, 5.8443122950219105e-21, nan 
-21.875, -63.875, 6.031639454006436e-21, nan 
-21.625, -63.875, 6.4959467227553316e-21, nan 
-21.375, -63.875, 6.183559171494405e-21, nan 
-21.125, -63.875, 4.237601956608534e-21, nan 
-20.875, -63.875, 3.756286574040975e-21, nan 
-20.625, -63.875, 5.033173583372376e-21, nan 
-20.375, -63.875, 3.926559601185931e-21, nan 
-20.125, -63.875, 3.632746340914105e-21, nan 
-19.875, -63.875, 2.8684101346333346e-21, nan 
-19.625, -63.875, 2.1387802870238743e-21, nan 
-19.375, -63.875, 1.295249430204465e-21, nan 
-19.125, -63.875, 2.62791790136929e-22, nan 
-18.875, -63.875, 2.210432707025197e-22, nan 
-18.625, -63.875, 2.5742005756403506e-22, nan 
-18.375, -63.875, 2.9148875611570687e-22, nan 
-18.125, -63.875, 2.0485734346000402e-22, nan 
-17.875, -63.875, 1.836870662345185e-22, nan 
-17.625, -63.875, 2.1631939482621695e-22, nan 
-17.375, -63.875, 2.279690734574009e-22, nan 
-17.125, -63.875, 1.6775988417665667e-22, nan 
-16.875, -63.875, 1.8854421409627915e-22, nan 
-16.625, -63.875, 2.148209353431259e-22, nan 
-16.375, -63.875, 1.9057712723278037e-22, nan 
-16.125, -63.875, 1.6174461130214243e-22, nan 
-15.875, -63.875, 1.3776645807363773e-22, nan 
-15.625, -63.875, 2.8933114197009e-22, nan 
-15.375, -63.875, 1.8448349282643264e-22, nan 
-15.125, -63.875, 2.2011286627090386e-22, nan 
-14.875, -63.875, 1.9698657902182334e-22, nan 
-14.625, -63.875, 1.841345808640319e-22, nan 
-14.375, -63.875, 1.3635745040211771e-22, nan 
-14.125, -63.875, 2.787734586974883e-22, nan 
-13.875, -63.875, 2.20305804477255e-22, nan 
-13.625, -63.875, 1.398876494974466e-22, nan 
-13.375, -63.875, 1.8383320745250086e-22, nan 
-13.125, -63.875, 2.6536401931619367e-22, nan 
-12.875, -63.875, 2.7329859425150106e-22, nan 
-12.625, -63.875, 2.4811308760327713e-22, nan 
-12.375, -63.875, 2.169653957198527e-22, nan 
-12.125, -63.875, 2.113540492386633e-22, nan 
-11.875, -63.875, 1.8933703060602661e-22, nan 
-11.625, -63.875, 1.6183938394951324e-22, nan 
-11.375, -63.875, 6.643488013482991e-23, nan 
-11.125, -63.875, 7.889654696779922e-23, nan 
-10.875, -63.875, 5.672078801804799e-23, nan 
-10.625, -63.875, 4.4869620184394207e-23, nan 
-10.375, -63.875, 3.295199225424295e-23, nan 
-10.125, -63.875, 2.470725924356052e-23, nan 
-9.875, -63.875, 2.297597745515633e-23, nan 
-9.625, -63.875, 9.489818487036493e-24, nan 
-9.375, -63.875, 8.121442093423722e-24, nan 
-9.125, -63.875, 6.0043032164060655e-24, nan 
-8.875, -63.875, 1.0985633371541024e-23, nan 
-8.625, -63.875, 9.972433368111275e-24, nan 
-8.375, -63.875, 6.2122658807311386e-24, nan 
-8.125, -63.875, 1.6554165108516086e-23, nan 
-7.875, -63.875, 2.712783358519265e-23, nan 
-7.625, -63.875, 1.2517804856881815e-23, nan 
-7.375, -63.875, 3.0208233915743167e-23, nan 
-7.125, -63.875, 3.634260400367818e-23, nan 
-6.875, -63.875, 2.3032671949748402e-23, nan 
-6.625, -63.875, 2.848952543159275e-23, nan 
-6.375, -63.875, 4.961620862202541e-23, nan 
-6.125, -63.875, 3.5744734752282265e-23, nan 
-5.875, -63.875, 2.1999019232355655e-23, nan 
-5.625, -63.875, 3.702753322096706e-23, nan 
-5.375, -63.875, 7.11996612248423e-23, nan 
-5.125, -63.875, 1.1482981295984992e-22, nan 
-4.875, -63.875, 4.458159406672575e-22, nan 
-4.625, -63.875, 4.2042003720645584e-22, nan 
-4.375, -63.875, 3.6731498204849943e-22, nan 
-4.125, -63.875, 4.318556587362686e-22, nan 
-3.875, -63.875, 4.570480324911124e-22, nan 
-3.625, -63.875, 3.77377227044472e-22, nan 
-3.375, -63.875, 2.7592537053821595e-22, nan 
-3.125, -63.875, 3.202746071093673e-22, nan 
-2.875, -63.875, 2.688780449660941e-22, nan 
-2.625, -63.875, 1.1944954776876709e-22, nan 
-2.375, -63.875, 7.064106536231403e-23, nan 
-2.125, -63.875, 7.903254930950382e-23, nan 
-1.875, -63.875, 5.745218162477132e-23, nan 
-1.625, -63.875, 2.942860036619033e-23, nan 
-1.375, -63.875, 2.4209825652542784e-23, nan 
-1.125, -63.875, 1.7981956091123843e-23, nan 
-0.875, -63.875, 2.4443780569005836e-23, nan 
-0.625, -63.875, 3.906734907308838e-23, nan 
-0.375, -63.875, 3.3601665222589683e-23, nan 
-0.125, -63.875, 4.1066950109708406e-23, nan 
0.125, -63.875, 5.1867503141850634e-23, nan 
0.375, -63.875, 2.645234555758536e-23, nan 
0.625, -63.875, 4.175594018124834e-23, nan 
0.875, -63.875, 6.720961482691547e-23, nan 
1.125, -63.875, 6.415364482767584e-23, nan 
1.375, -63.875, 4.5815064802706346e-23, nan 
1.625, -63.875, 5.369236000233083e-23, nan 
1.875, -63.875, 8.439596685444384e-23, nan 
2.125, -63.875, 5.539548137400079e-23, nan 
2.375, -63.875, 1.2113032143877449e-23, nan 
2.625, -63.875, 4.1034439402235173e-23, nan 
2.875, -63.875, 2.517712840643432e-23, nan 
3.125, -63.875, 8.799014790705892e-23, nan 
3.375, -63.875, 1.895804134116968e-22, nan 
3.625, -63.875, 1.32857755358322e-22, nan 
3.875, -63.875, 3.606945136466519e-23, nan 
4.125, -63.875, 2.947206027089199e-23, nan 
4.375, -63.875, 2.9363274499219437e-23, nan 
4.625, -63.875, 2.2946668968668776e-23, nan 
4.875, -63.875, 2.4498475765917236e-23, nan 
-26.625, -63.625, 2.007527060042391e-21, nan 
-26.375, -63.625, 4.624342273151401e-21, nan 
-26.125, -63.625, 5.899876120844645e-21, nan 
-25.875, -63.625, 5.5646482693838285e-21, nan 
-25.625, -63.625, 5.107256656772796e-21, nan 
-25.375, -63.625, 9.145970352809526e-21, nan 
-25.125, -63.625, 1.5540936849378548e-20, nan 
-24.875, -63.625, 1.422252210949778e-20, nan 
-24.625, -63.625, 1.294225232013846e-20, nan 
-24.375, -63.625, 1.187260327549418e-20, nan 
-24.125, -63.625, 9.883469933019885e-21, nan 
-23.875, -63.625, 5.65363318547835e-21, nan 
-23.625, -63.625, 4.351549916494822e-21, nan 
-23.375, -63.625, 3.791842461795377e-21, nan 
-23.125, -63.625, 4.805274927597667e-21, nan 
-22.875, -63.625, 4.726853387802081e-21, nan 
-22.625, -63.625, 2.665155617875758e-21, nan 
-22.375, -63.625, 1.852592264463266e-21, nan 
-22.125, -63.625, 1.813896989694864e-21, nan 
-21.875, -63.625, 2.069145547267624e-21, nan 
-21.625, -63.625, 1.4876359932283172e-21, nan 
-21.375, -63.625, 1.0603566342521136e-21, nan 
-21.125, -63.625, 1.5827967054445744e-21, nan 
-20.875, -63.625, 1.918452698166089e-21, nan 
-20.625, -63.625, 2.2183562263333e-21, nan 
-20.375, -63.625, 2.347301030033062e-21, nan 
-20.125, -63.625, 1.5636994409683387e-21, nan 
-19.875, -63.625, 1.5320902681709362e-21, nan 
-19.625, -63.625, 1.5584793972044243e-21, nan 
-19.375, -63.625, 1.0152412906811666e-21, nan 
-19.125, -63.625, 5.898512129046306e-22, nan 
-18.875, -63.625, 3.2796779305084706e-22, nan 
-18.625, -63.625, 1.6586284648235687e-22, nan 
-18.375, -63.625, 2.2686605436078094e-22, nan 
-18.125, -63.625, 1.1075905507512785e-22, nan 
-17.875, -63.625, 9.619298449997418e-23, nan 
-17.625, -63.625, 1.535173097138061e-22, nan 
-17.375, -63.625, 2.119982332505844e-22, nan 
-17.125, -63.625, 2.7336996196747864e-22, nan 
-16.875, -63.625, 2.1986402163593114e-22, nan 
-16.625, -63.625, 1.6216363049596632e-22, nan 
-16.375, -63.625, 1.3032276041853697e-22, nan 
-16.125, -63.625, 1.3281557678868132e-22, nan 
-15.875, -63.625, 2.0152949184199735e-22, nan 
-15.625, -63.625, 1.7240562000775843e-22, nan 
-15.375, -63.625, 1.7607273683636885e-22, nan 
-15.125, -63.625, 1.5425435266061474e-22, nan 
-14.875, -63.625, 2.132235371278559e-22, nan 
-14.625, -63.625, 2.1205659945084574e-22, nan 
-14.375, -63.625, 2.274980660816405e-22, nan 
-14.125, -63.625, 2.380169349577904e-22, nan 
-13.875, -63.625, 2.0785887526130465e-22, nan 
-13.625, -63.625, 1.5079370534518443e-22, nan 
-13.375, -63.625, 1.398205062056086e-22, nan 
-13.125, -63.625, 1.9389102812769804e-22, nan 
-12.875, -63.625, 1.6866118015565924e-22, nan 
-12.625, -63.625, 1.609177480026068e-22, nan 
-12.375, -63.625, 9.309124398087255e-23, nan 
-12.125, -63.625, 1.342166058047983e-22, nan 
-11.875, -63.625, 1.5682459224381042e-22, nan 
-11.625, -63.625, 1.3528439497948032e-22, nan 
-11.375, -63.625, 8.895559655827061e-23, nan 
-11.125, -63.625, 1.1018253585621487e-22, nan 
-10.875, -63.625, 9.811984512771982e-23, nan 
-10.625, -63.625, 5.2385646286270783e-23, nan 
-10.375, -63.625, 4.151889136547078e-23, nan 
-10.125, -63.625, 3.6803532555700084e-23, nan 
-9.875, -63.625, 2.0350651111179313e-23, nan 
-9.625, -63.625, 6.940182068108987e-24, nan 
-9.375, -63.625, 3.056478757633328e-23, nan 
-9.125, -63.625, 9.287507308869269e-23, nan 
-8.875, -63.625, 5.921453332903071e-24, nan 
-8.625, -63.625, 7.441890536346567e-24, nan 
-8.375, -63.625, 6.857783118907101e-24, nan 
-8.125, -63.625, 3.2528368006303674e-24, nan 
-7.875, -63.625, 1.2160990204402481e-23, nan 
-7.625, -63.625, 1.3144152195176102e-23, nan 
-7.375, -63.625, 3.544933905033324e-23, nan 
-7.125, -63.625, 2.507179815539998e-23, nan 
-6.875, -63.625, 1.5653851081527882e-23, nan 
-6.625, -63.625, 2.3791658175864208e-23, nan 
-6.375, -63.625, 3.970884732429825e-23, nan 
-6.125, -63.625, 3.1919213318025315e-23, nan 
-5.875, -63.625, 3.3637795345233366e-23, nan 
-5.625, -63.625, 6.316199978831632e-23, nan 
-5.375, -63.625, 3.429256858498873e-23, nan 
-5.125, -63.625, 2.0441714462605188e-23, nan 
-4.875, -63.625, 6.25621560331007e-23, nan 
-4.625, -63.625, 4.301367784770947e-23, nan 
-4.375, -63.625, 1.335350123322932e-22, nan 
-4.125, -63.625, 1.9919615928053977e-22, nan 
-3.875, -63.625, 2.06297399870127e-22, nan 
-3.625, -63.625, 1.937057388700553e-22, nan 
-3.375, -63.625, 7.848233665276014e-23, nan 
-3.125, -63.625, 8.279936728926887e-23, nan 
-2.875, -63.625, 8.42733659434484e-23, nan 
-2.625, -63.625, 7.510458100927508e-23, nan 
-2.375, -63.625, 3.4479870429190906e-23, nan 
-2.125, -63.625, 6.766762752044431e-23, nan 
-1.875, -63.625, 4.7945043178912285e-23, nan 
-1.625, -63.625, 4.254585986905818e-23, nan 
-1.375, -63.625, 5.869950944184324e-23, nan 
-1.125, -63.625, 4.5230619783454716e-23, nan 
-0.875, -63.625, 5.357873106321914e-23, nan 
-0.625, -63.625, 4.7354731650031516e-23, nan 
-0.375, -63.625, 3.2562654655039647e-23, nan 
-0.125, -63.625, 4.425111530219394e-23, nan 
0.125, -63.625, 5.736632045632255e-23, nan 
0.375, -63.625, 2.437646506791458e-23, nan 
0.625, -63.625, 4.0179019121534525e-23, nan 
0.875, -63.625, 5.125264682868707e-23, nan 
1.125, -63.625, 4.3221292563704007e-23, nan 
1.375, -63.625, 4.402485404465976e-23, nan 
1.625, -63.625, 3.324451269400436e-23, nan 
1.875, -63.625, 4.9574280559001145e-23, nan 
2.125, -63.625, 3.468392437709597e-23, nan 
2.375, -63.625, 5.796467566792312e-23, nan 
2.625, -63.625, 1.2152058674525105e-22, nan 
2.875, -63.625, 6.792990317913985e-23, nan 
3.125, -63.625, 1.7130015634444456e-22, nan 
3.375, -63.625, 2.6325893790684344e-22, nan 
3.625, -63.625, 1.9861754488971454e-22, nan 
3.875, -63.625, 8.409508227656853e-23, nan 
4.125, -63.625, 1.3764774203369578e-22, nan 
4.375, -63.625, 9.620522802918071e-23, nan 
4.625, -63.625, 2.5154621385500457e-23, nan 
-26.125, -63.375, 4.8626934812174225e-21, nan 
-25.875, -63.375, 3.3092561225302442e-21, nan 
-25.625, -63.375, 3.667538219684944e-21, nan 
-25.375, -63.375, 4.3355827686418674e-21, nan 
-25.125, -63.375, 5.329118310744628e-21, nan 
-24.875, -63.375, 3.427749121808263e-21, nan 
-24.625, -63.375, 3.4014190252022635e-21, nan 
-24.375, -63.375, 3.686665116861375e-21, nan 
-24.125, -63.375, 2.2488991325052313e-21, nan 
-23.875, -63.375, 2.609101661483342e-21, nan 
-23.625, -63.375, 2.302571374550671e-21, nan 
-23.375, -63.375, 1.808600364065655e-21, nan 
-23.125, -63.375, 4.961548429562473e-22, nan 
-22.875, -63.375, 6.760702642622677e-22, nan 
-22.625, -63.375, 5.118407575171522e-22, nan 
-22.375, -63.375, 3.9975797053109515e-22, nan 
-22.125, -63.375, 6.7541258454867505e-22, nan 
-21.875, -63.375, 1.4258590550571e-21, nan 
-21.625, -63.375, 1.6082835853797498e-21, nan 
-21.375, -63.375, 1.555674551288753e-21, nan 
-21.125, -63.375, 1.6481099400318394e-21, nan 
-20.875, -63.375, 1.5335775399223292e-21, nan 
-20.625, -63.375, 1.5899917705877288e-21, nan 
-20.375, -63.375, 1.1271182564916939e-21, nan 
-20.125, -63.375, 7.598781482859428e-22, nan 
-19.875, -63.375, 6.359413356453711e-22, nan 
-19.625, -63.375, 6.902434800023764e-22, nan 
-19.375, -63.375, 7.856511947261861e-22, nan 
-19.125, -63.375, 6.019891760777193e-22, nan 
-18.875, -63.375, 4.245672086588991e-22, nan 
-18.625, -63.375, 3.961205294558245e-22, nan 
-18.375, -63.375, 7.715525837872147e-22, nan 
-18.125, -63.375, 4.10575043421824e-22, nan 
-17.875, -63.375, 1.161616612074802e-22, nan 
-17.625, -63.375, 1.471558163663485e-22, nan 
-17.375, -63.375, 2.3419590751734603e-22, nan 
-17.125, -63.375, 2.8151326010832506e-22, nan 
-16.875, -63.375, 2.4958963765676506e-22, nan 
-16.625, -63.375, 2.1943476314834183e-22, nan 
-16.375, -63.375, 2.700842157349528e-22, nan 
-16.125, -63.375, 2.545746497318556e-22, nan 
-15.875, -63.375, 2.289187995012386e-22, nan 
-15.625, -63.375, 2.4027001462166363e-22, nan 
-15.375, -63.375, 2.2882230704120307e-22, nan 
-15.125, -63.375, 2.0893703223167243e-22, nan 
-14.875, -63.375, 1.7463831321133225e-22, nan 
-14.625, -63.375, 2.958363199846942e-22, nan 
-14.375, -63.375, 2.0917310339487397e-22, nan 
-14.125, -63.375, 1.3121633842474734e-22, nan 
-13.875, -63.375, 8.922733096258395e-23, nan 
-13.625, -63.375, 7.079916580873662e-23, nan 
-13.375, -63.375, 6.163017548213199e-23, nan 
-13.125, -63.375, 5.855700399793659e-23, nan 
-12.875, -63.375, 7.20990155285186e-23, nan 
-12.625, -63.375, 7.813552517222539e-23, nan 
-12.375, -63.375, 6.671236133828756e-23, nan 
-12.125, -63.375, 8.424118264277531e-23, nan 
-11.875, -63.375, 1.1764059107004942e-22, nan 
-11.625, -63.375, 7.872239567507491e-23, nan 
-11.375, -63.375, 8.046909982086219e-23, nan 
-11.125, -63.375, 9.984940393008068e-23, nan 
-10.875, -63.375, 8.558024002962059e-23, nan 
-10.625, -63.375, 4.9868452581162616e-23, nan 
-10.375, -63.375, 4.719817398143019e-23, nan 
-10.125, -63.375, 5.946990030916567e-23, nan 
-9.875, -63.375, 7.365062759099439e-23, nan 
-9.625, -63.375, 1.1315558905435467e-23, nan 
-9.375, -63.375, 4.915927799995162e-23, nan 
-9.125, -63.375, 1.5231825585822747e-22, nan 
-8.875, -63.375, 1.9343013280768293e-23, nan 
-8.625, -63.375, 2.7032509630395764e-23, nan 
-8.375, -63.375, 6.031719756374495e-23, nan 
-8.125, -63.375, 2.6181402199675245e-23, nan 
-7.875, -63.375, 2.034570050052184e-23, nan 
-7.625, -63.375, 2.0647558535749822e-23, nan 
-7.375, -63.375, 4.2170602834062444e-23, nan 
-7.125, -63.375, 3.1419641565934426e-23, nan 
-6.875, -63.375, 1.4992165020815215e-23, nan 
-6.625, -63.375, 2.2348424789534912e-23, nan 
-6.375, -63.375, 1.3921956897839418e-23, nan 
-6.125, -63.375, 1.5033157361495324e-23, nan 
-5.875, -63.375, 2.287997605375227e-23, nan 
-5.625, -63.375, 4.505458536353998e-23, nan 
-5.375, -63.375, 2.7511971907591623e-23, nan 
-5.125, -63.375, 2.0791556315968433e-23, nan 
-4.875, -63.375, 2.530605409731948e-23, nan 
-4.625, -63.375, 4.373510132718181e-23, nan 
-4.375, -63.375, 5.264852978677028e-23, nan 
-4.125, -63.375, 5.527900031686828e-23, nan 
-3.875, -63.375, 5.912876460715356e-23, nan 
-3.625, -63.375, 5.615679640329164e-23, nan 
-3.375, -63.375, 6.382309499968828e-23, nan 
-3.125, -63.375, 2.870104930978123e-23, nan 
-2.875, -63.375, 4.5772139739470296e-23, nan 
-2.625, -63.375, 3.542713175731915e-23, nan 
-2.375, -63.375, 3.5234111274925453e-23, nan 
-2.125, -63.375, 4.888549560606993e-23, nan 
-1.875, -63.375, 4.54173059262332e-23, nan 
-1.625, -63.375, 5.375897417584648e-23, nan 
-1.375, -63.375, 5.225723597331721e-23, nan 
-1.125, -63.375, 4.443022945882649e-23, nan 
-0.875, -63.375, 5.525725716360136e-23, nan 
-0.625, -63.375, 1.995674326854308e-23, nan 
-0.375, -63.375, 2.3697524987080488e-23, nan 
-0.125, -63.375, 3.0968857506447836e-23, nan 
0.125, -63.375, 3.741350332318659e-23, nan 
0.375, -63.375, 3.7140837853085046e-23, nan 
0.625, -63.375, 6.028965958163291e-23, nan 
0.875, -63.375, 2.5375952439176076e-23, nan 
1.125, -63.375, 4.7566355530633467e-23, nan 
1.375, -63.375, 5.702131027354753e-23, nan 
1.625, -63.375, 2.462722334298358e-23, nan 
1.875, -63.375, 3.0580760855465643e-23, nan 
2.125, -63.375, 9.628629202184281e-24, nan 
2.375, -63.375, 1.4424500323363127e-22, nan 
2.625, -63.375, 1.895898465476981e-22, nan 
2.875, -63.375, 1.485557786762575e-22, nan 
3.125, -63.375, 3.0095463531874553e-22, nan 
3.375, -63.375, 3.815959886877417e-22, nan 
3.625, -63.375, 3.2776418838614233e-22, nan 
3.875, -63.375, 1.372139878169103e-22, nan 
4.125, -63.375, 1.9090180631313504e-22, nan 
4.375, -63.375, 1.6523730955050107e-22, nan 
4.625, -63.375, 3.1239558679568917e-23, nan 
-25.875, -63.125, 1.512169565702843e-21, nan 
-25.625, -63.125, 1.760353632294825e-21, nan 
-25.375, -63.125, 1.9466117018635005e-21, nan 
-25.125, -63.125, 2.8627645793451432e-21, nan 
-24.875, -63.125, 2.119875498886117e-21, nan 
-24.625, -63.125, 1.6616432288439511e-21, nan 
-24.375, -63.125, 1.9541422998692163e-21, nan 
-24.125, -63.125, 9.60390376820195e-22, nan 
-23.875, -63.125, 2.2734786610159356e-22, nan 
-23.625, -63.125, 5.605600059893156e-22, nan 
-23.375, -63.125, 5.686169010314604e-22, nan 
-23.125, -63.125, 3.4931890090392063e-22, nan 
-22.875, -63.125, 3.656535327446658e-22, nan 
-22.625, -63.125, 2.9933820284166643e-22, nan 
-22.375, -63.125, 4.515399803278108e-22, nan 
-22.125, -63.125, 7.420668496709342e-22, nan 
-21.875, -63.125, 8.529226977830908e-22, nan 
-21.625, -63.125, 9.290191586296246e-22, nan 
-21.375, -63.125, 7.275375692945797e-22, nan 
-21.125, -63.125, 1.0104422209343957e-21, nan 
-20.875, -63.125, 6.230996151254666e-22, nan 
-20.625, -63.125, 7.412276003857927e-22, nan 
-20.375, -63.125, 6.300176217944555e-22, nan 
-20.125, -63.125, 8.680855403606052e-22, nan 
-19.875, -63.125, 8.435235104276384e-22, nan 
-19.625, -63.125, 5.015328686534608e-22, nan 
-19.375, -63.125, 4.550923718660227e-22, nan 
-19.125, -63.125, 2.6274400100570435e-22, nan 
-18.875, -63.125, 3.222284455233131e-22, nan 
-18.625, -63.125, 6.259743942213972e-22, nan 
-18.375, -63.125, 7.114902794157414e-22, nan 
-18.125, -63.125, 5.868239177763428e-22, nan 
-17.875, -63.125, 3.473936319170322e-22, nan 
-17.625, -63.125, 3.626566074898848e-22, nan 
-17.375, -63.125, 1.8141767722509131e-22, nan 
-17.125, -63.125, 1.49234017037451e-22, nan 
-16.875, -63.125, 1.4490687410428277e-22, nan 
-16.625, -63.125, 1.7453308321331727e-22, nan 
-16.375, -63.125, 2.241005561674268e-22, nan 
-16.125, -63.125, 2.4858989649262345e-22, nan 
-15.875, -63.125, 2.9746204321443606e-22, nan 
-15.625, -63.125, 3.0706655069887303e-22, nan 
-15.375, -63.125, 2.902687018715236e-22, nan 
-15.125, -63.125, 2.0631637857666933e-22, nan 
-14.875, -63.125, 2.0299626884136253e-22, nan 
-14.625, -63.125, 2.6671618026304743e-22, nan 
-14.375, -63.125, 1.1499170690051968e-22, nan 
-14.125, -63.125, 1.1121550892986294e-22, nan 
-13.875, -63.125, 1.2787691186847608e-22, nan 
-13.625, -63.125, 9.44703693040589e-23, nan 
-13.375, -63.125, 1.1266086341706964e-22, nan 
-13.125, -63.125, 9.78297409555424e-23, nan 
-12.875, -63.125, 1.2852342636304745e-22, nan 
-12.625, -63.125, 1.4241068832323593e-22, nan 
-12.375, -63.125, 1.254139353402824e-22, nan 
-12.125, -63.125, 1.722254150243255e-22, nan 
-11.875, -63.125, 1.6286829838167137e-22, nan 
-11.625, -63.125, 1.0210222486353027e-22, nan 
-11.375, -63.125, 8.717574476872781e-23, nan 
-11.125, -63.125, 1.1969200130359397e-22, nan 
-10.875, -63.125, 8.909389300882016e-23, nan 
-10.625, -63.125, 3.689939194297055e-23, nan 
-10.375, -63.125, 5.186971101328142e-23, nan 
-10.125, -63.125, 3.3352410638481496e-23, nan 
-9.875, -63.125, 3.479572609359776e-23, nan 
-9.625, -63.125, 1.2406148191600127e-23, nan 
-9.375, -63.125, 3.729474698264461e-23, nan 
-9.125, -63.125, 8.908339558081029e-23, nan 
-8.875, -63.125, 3.8439680630058595e-23, nan 
-8.625, -63.125, 4.318882036448078e-23, nan 
-8.375, -63.125, 2.828409172924214e-23, nan 
-8.125, -63.125, 3.865106313552282e-23, nan 
-7.875, -63.125, 4.13882083616294e-23, nan 
-7.625, -63.125, 3.379996456955218e-23, nan 
-7.375, -63.125, 2.6005883711718548e-23, nan 
-7.125, -63.125, 3.9138817594377575e-23, nan 
-6.875, -63.125, 1.4310533949373033e-23, nan 
-6.625, -63.125, 2.099079328476314e-23, nan 
-6.375, -63.125, 2.4841820506727154e-23, nan 
-6.125, -63.125, 1.4201760795628294e-23, nan 
-5.875, -63.125, 1.2094236733642017e-23, nan 
-5.625, -63.125, 4.420666762677703e-24, nan 
-5.375, -63.125, 2.1383046285205262e-23, nan 
-5.125, -63.125, 2.6303612133996056e-23, nan 
-4.875, -63.125, 2.1985493361220398e-23, nan 
-4.625, -63.125, 3.4832788485265144e-23, nan 
-4.375, -63.125, 5.113901267192734e-23, nan 
-4.125, -63.125, 2.1920474022359493e-23, nan 
-3.875, -63.125, 3.640901473016532e-23, nan 
-3.625, -63.125, 3.269243921148561e-23, nan 
-3.375, -63.125, 3.296097774658758e-23, nan 
-3.125, -63.125, 2.6339841913291762e-23, nan 
-2.875, -63.125, 3.8323515190230824e-23, nan 
-2.625, -63.125, 3.105628959244392e-23, nan 
-2.375, -63.125, 2.5589103796858286e-23, nan 
-2.125, -63.125, 2.2531624102576087e-23, nan 
-1.875, -63.125, 3.0573197129156534e-23, nan 
-1.625, -63.125, 4.038663214225587e-23, nan 
-1.375, -63.125, 2.6762882330774385e-23, nan 
-1.125, -63.125, 1.1680134439030881e-23, nan 
-0.875, -63.125, 9.698413865792993e-24, nan 
-0.625, -63.125, 8.786453933804016e-24, nan 
-0.375, -63.125, 1.3585998783617774e-23, nan 
-0.125, -63.125, 1.3394651241858076e-23, nan 
0.125, -63.125, 1.3140441493013014e-23, nan 
0.375, -63.125, 4.25479485581126e-23, nan 
0.625, -63.125, 3.6990815846058526e-23, nan 
0.875, -63.125, 2.794458275965882e-23, nan 
1.125, -63.125, 5.640536491579875e-23, nan 
1.375, -63.125, 2.440115555887457e-23, nan 
1.625, -63.125, 2.8938773294735186e-23, nan 
1.875, -63.125, 2.3194054343307993e-23, nan 
2.125, -63.125, 2.9211825657330054e-23, nan 
2.375, -63.125, 4.348019239502023e-24, nan 
2.625, -63.125, 1.6979552819907655e-23, nan 
2.875, -63.125, 3.1491392707565514e-23, nan 
3.125, -63.125, 1.842986925109415e-22, nan 
3.375, -63.125, 2.3625879883005264e-22, nan 
3.625, -63.125, 2.0228021162935096e-22, nan 
3.875, -63.125, 2.773244759002584e-23, nan 
4.125, -63.125, 2.1985816286638086e-23, nan 
4.375, -63.125, 1.7288288836279103e-23, nan 
4.625, -63.125, 1.1489020621952527e-23, nan 
-25.625, -62.875, 5.3458610425246395e-22, nan 
-25.375, -62.875, 7.859653101163445e-22, nan 
-25.125, -62.875, 8.513546367554871e-22, nan 
-24.875, -62.875, 5.119707372072461e-22, nan 
-24.625, -62.875, 6.353092780771734e-22, nan 
-24.375, -62.875, 4.3687194260623835e-22, nan 
-24.125, -62.875, 3.3445462914921553e-22, nan 
-23.875, -62.875, 1.906793701835413e-22, nan 
-23.625, -62.875, 4.062117143055486e-22, nan 
-23.375, -62.875, 6.28761357921267e-22, nan 
-23.125, -62.875, 5.043159271973664e-22, nan 
-22.875, -62.875, 3.6278656290667953e-22, nan 
-22.625, -62.875, 3.77320421710093e-22, nan 
-22.375, -62.875, 4.825883813349612e-22, nan 
-22.125, -62.875, 5.745948681555012e-22, nan 
-21.875, -62.875, 6.917571868672774e-22, nan 
-21.625, -62.875, 6.2822876346484545e-22, nan 
-21.375, -62.875, 5.344146168265541e-22, nan 
-21.125, -62.875, 5.226900460012639e-22, nan 
-20.875, -62.875, 4.300371685592456e-22, nan 
-20.625, -62.875, 3.6475209413861407e-22, nan 
-20.375, -62.875, 2.2004499097978184e-22, nan 
-20.125, -62.875, 8.69255320463007e-22, nan 
-19.875, -62.875, 7.403688600586678e-22, nan 
-19.625, -62.875, 4.355524308624401e-22, nan 
-19.375, -62.875, 3.1699449554629752e-22, nan 
-19.125, -62.875, 3.4965142746118517e-22, nan 
-18.875, -62.875, 3.2964155612868067e-22, nan 
-18.625, -62.875, 4.38016391000448e-22, nan 
-18.375, -62.875, 3.7780450048747083e-22, nan 
-18.125, -62.875, 5.552116817176241e-22, nan 
-17.875, -62.875, 3.194025951367956e-22, nan 
-17.625, -62.875, 3.7601097824191855e-22, nan 
-17.375, -62.875, 3.6728195122800613e-22, nan 
-17.125, -62.875, 2.3785659269067754e-22, nan 
-16.875, -62.875, 2.667991710482427e-22, nan 
-16.625, -62.875, 2.1485271442956463e-22, nan 
-16.375, -62.875, 1.8830209298946635e-22, nan 
-16.125, -62.875, 1.7662306842548017e-22, nan 
-15.875, -62.875, 2.4808437590576956e-22, nan 
-15.625, -62.875, 2.3939969411355053e-22, nan 
-15.375, -62.875, 2.053228253030325e-22, nan 
-15.125, -62.875, 1.418631232249803e-22, nan 
-14.875, -62.875, 1.6712330240471353e-22, nan 
-14.625, -62.875, 3.9155265593045905e-23, nan 
-14.375, -62.875, 5.1523046995076366e-23, nan 
-14.125, -62.875, 6.762909498501872e-23, nan 
-13.875, -62.875, 9.643197816280254e-23, nan 
-13.625, -62.875, 7.886669195690389e-23, nan 
-13.375, -62.875, 8.714833156265387e-23, nan 
-13.125, -62.875, 8.462533742128581e-23, nan 
-12.875, -62.875, 8.780221940309129e-23, nan 
-12.625, -62.875, 1.3098992658094567e-22, nan 
-12.375, -62.875, 1.3888631855271626e-22, nan 
-12.125, -62.875, 1.336026247162318e-22, nan 
-11.875, -62.875, 1.745297879665212e-22, nan 
-11.625, -62.875, 1.4478144006557677e-22, nan 
-11.375, -62.875, 4.3359302723816827e-23, nan 
-11.125, -62.875, 9.549831827985977e-23, nan 
-10.875, -62.875, 7.474918119685459e-23, nan 
-10.625, -62.875, 2.8705795498084214e-23, nan 
-10.375, -62.875, 2.3216141034285264e-23, nan 
-10.125, -62.875, 2.024755141238728e-23, nan 
-9.875, -62.875, 3.6050180142177525e-23, nan 
-9.625, -62.875, 6.655564612189878e-23, nan 
-9.375, -62.875, 6.738945199599926e-23, nan 
-9.125, -62.875, 3.7772397821200115e-23, nan 
-8.875, -62.875, 3.8534929522615707e-23, nan 
-8.625, -62.875, 4.051593290560009e-23, nan 
-8.375, -62.875, 4.6227523149866884e-23, nan 
-8.125, -62.875, 6.054782246079547e-23, nan 
-7.875, -62.875, 5.295452194206657e-23, nan 
-7.625, -62.875, 5.387187235293732e-23, nan 
-7.375, -62.875, 5.018437525497258e-23, nan 
-7.125, -62.875, 2.8173514490629805e-23, nan 
-6.875, -62.875, 1.6751430376877212e-23, nan 
-6.625, -62.875, 2.556780676497695e-23, nan 
-6.375, -62.875, 2.4742069810462524e-23, nan 
-6.125, -62.875, 2.5392460237477624e-23, nan 
-5.875, -62.875, 1.7176186097785607e-23, nan 
-5.625, -62.875, 9.962793997878173e-24, nan 
-5.375, -62.875, 2.3459832561357043e-23, nan 
-5.125, -62.875, 1.7195274430630318e-23, nan 
-4.875, -62.875, 1.280995419931766e-23, nan 
-4.625, -62.875, 3.2041379580949784e-23, nan 
-4.375, -62.875, 2.292490026749852e-23, nan 
-4.125, -62.875, 2.4991966410333443e-23, nan 
-3.875, -62.875, 3.2762629105678426e-23, nan 
-3.625, -62.875, 1.8147084281099386e-23, nan 
-3.375, -62.875, 1.997399485707265e-23, nan 
-3.125, -62.875, 2.0513253933513797e-23, nan 
-2.875, -62.875, 1.5592059025705875e-23, nan 
-2.625, -62.875, 2.0991252339350695e-23, nan 
-2.375, -62.875, 1.5424870040820084e-23, nan 
-2.125, -62.875, 2.6378083352958985e-23, nan 
-1.875, -62.875, 2.4718124412974014e-23, nan 
-1.625, -62.875, 2.8924465493547465e-23, nan 
-1.375, -62.875, 3.795050899212587e-23, nan 
-1.125, -62.875, 1.7482774551870544e-23, nan 
-0.875, -62.875, 1.794645568854613e-23, nan 
-0.625, -62.875, 2.1763736377347326e-23, nan 
-0.375, -62.875, 1.2080238874476986e-23, nan 
-0.125, -62.875, 1.3737946371614975e-23, nan 
0.125, -62.875, 1.6033299460587995e-23, nan 
0.375, -62.875, 3.072236529386546e-23, nan 
0.625, -62.875, 3.3374075767540737e-23, nan 
0.875, -62.875, 2.9917259975532804e-23, nan 
1.125, -62.875, 5.068256947651156e-23, nan 
1.375, -62.875, 2.886415067847915e-23, nan 
1.625, -62.875, 2.8288329271449345e-23, nan 
1.875, -62.875, 3.698178734319944e-23, nan 
2.125, -62.875, 2.7461045096753686e-23, nan 
2.375, -62.875, 1.0822989876750416e-23, nan 
2.625, -62.875, 2.2035163294285813e-23, nan 
2.875, -62.875, 2.728406922627166e-23, nan 
3.125, -62.875, 2.493303023757205e-23, nan 
3.375, -62.875, 1.8960865026663845e-23, nan 
3.625, -62.875, 1.1126865966014634e-23, nan 
3.875, -62.875, 2.236443032028469e-23, nan 
4.125, -62.875, 2.2457927287623053e-23, nan 
4.375, -62.875, 1.4927837393435408e-23, nan 
-25.375, -62.625, 3.5326571879852406e-22, nan 
-25.125, -62.625, 4.130441923874236e-22, nan 
-24.875, -62.625, 4.3664692213197925e-22, nan 
-24.625, -62.625, 4.674428386469904e-22, nan 
-24.375, -62.625, 4.441678195885081e-22, nan 
-24.125, -62.625, 4.950155740531048e-22, nan 
-23.875, -62.625, 3.983536638914906e-22, nan 
-23.625, -62.625, 3.3141027642645487e-22, nan 
-23.375, -62.625, 6.338913829246264e-22, nan 
-23.125, -62.625, 5.175049278476605e-22, nan 
-22.875, -62.625, 2.483258436141897e-22, nan 
-22.625, -62.625, 4.247162282814013e-22, nan 
-22.375, -62.625, 5.093721434703881e-22, nan 
-22.125, -62.625, 4.764417330190132e-22, nan 
-21.875, -62.625, 4.449314384678836e-22, nan 
-21.625, -62.625, 4.2032596421034854e-22, nan 
-21.375, -62.625, 4.2297536449208e-22, nan 
-21.125, -62.625, 2.983595843320989e-22, nan 
-20.875, -62.625, 2.8167095901493473e-22, nan 
-20.625, -62.625, 2.768643367552904e-22, nan 
-20.375, -62.625, 2.0746018984266252e-22, nan 
-20.125, -62.625, 5.031344876659477e-22, nan 
-19.875, -62.625, 5.155410461576932e-22, nan 
-19.625, -62.625, 3.04982885942263e-22, nan 
-19.375, -62.625, 2.7747271430458015e-22, nan 
-19.125, -62.625, 3.314025361341396e-22, nan 
-18.875, -62.625, 3.626245935198851e-22, nan 
-18.625, -62.625, 3.6665721723185724e-22, nan 
-18.375, -62.625, 1.8868733403249228e-22, nan 
-18.125, -62.625, 2.0637543934419652e-22, nan 
-17.875, -62.625, 1.7950015940196614e-22, nan 
-17.625, -62.625, 1.7322626625671814e-22, nan 
-17.375, -62.625, 2.238594995179477e-22, nan 
-17.125, -62.625, 2.2298203309605065e-22, nan 
-16.875, -62.625, 2.580387538131654e-22, nan 
-16.625, -62.625, 1.848940862214763e-22, nan 
-16.375, -62.625, 1.2736809406741724e-22, nan 
-16.125, -62.625, 9.767071360506349e-23, nan 
-15.875, -62.625, 4.633085028392455e-23, nan 
-15.625, -62.625, 4.041021490913095e-23, nan 
-15.375, -62.625, 9.116443546540993e-23, nan 
-15.125, -62.625, 1.0027323227345449e-22, nan 
-14.875, -62.625, 5.866536955006216e-23, nan 
-14.625, -62.625, 4.811799451374155e-23, nan 
-14.375, -62.625, 3.4342044096621095e-23, nan 
-14.125, -62.625, 6.101438194126389e-23, nan 
-13.875, -62.625, 8.862737780218322e-23, nan 
-13.625, -62.625, 6.080333268906888e-23, nan 
-13.375, -62.625, 3.70049237900788e-23, nan 
-13.125, -62.625, 6.46037838073722e-23, nan 
-12.875, -62.625, 6.055560336316609e-23, nan 
-12.625, -62.625, 5.358045509270889e-23, nan 
-12.375, -62.625, 6.189271951348613e-23, nan 
-12.125, -62.625, 5.647126943753654e-23, nan 
-11.875, -62.625, 1.095195294806781e-22, nan 
-11.625, -62.625, 9.764881839892318e-23, nan 
-11.375, -62.625, 5.082629315970178e-23, nan 
-11.125, -62.625, 4.633956416751038e-23, nan 
-10.875, -62.625, 1.6386538385600903e-23, nan 
-10.625, -62.625, 2.4973796192634762e-23, nan 
-10.375, -62.625, 7.675031246360161e-23, nan 
-10.125, -62.625, 9.518932912942595e-23, nan 
-9.875, -62.625, 4.109293907942066e-23, nan 
-9.625, -62.625, 6.39030819254706e-23, nan 
-9.375, -62.625, 7.47626316369787e-23, nan 
-9.125, -62.625, 2.952269434135332e-23, nan 
-8.875, -62.625, 3.034731127489452e-23, nan 
-8.625, -62.625, 3.3009338779742175e-23, nan 
-8.375, -62.625, 4.245651110207602e-23, nan 
-8.125, -62.625, 5.568694754384885e-23, nan 
-7.875, -62.625, 5.878395104642711e-23, nan 
-7.625, -62.625, 5.952678362478469e-23, nan 
-7.375, -62.625, 5.892813483950692e-23, nan 
-7.125, -62.625, 4.226780069608046e-23, nan 
-6.875, -62.625, 4.132567845685039e-23, nan 
-6.625, -62.625, 5.146945571080062e-23, nan 
-6.375, -62.625, 3.1576362561777824e-23, nan 
-6.125, -62.625, 1.8341099399830222e-23, nan 
-5.875, -62.625, 2.5471796760322713e-23, nan 
-5.625, -62.625, 2.1996332122260005e-23, nan 
-5.375, -62.625, 7.145606317732232e-24, nan 
-5.125, -62.625, 1.5857108619310002e-23, nan 
-4.875, -62.625, 1.9641972464450212e-23, nan 
-4.625, -62.625, 2.328225056430687e-23, nan 
-4.375, -62.625, 1.174620077526103e-23, nan 
-4.125, -62.625, 2.600078194451054e-23, nan 
-3.875, -62.625, 2.844054671486406e-23, nan 
-3.625, -62.625, 1.2320287634824328e-23, nan 
-3.375, -62.625, 1.4984162334378058e-23, nan 
-3.125, -62.625, 1.2716727559988931e-23, nan 
-2.875, -62.625, 2.1199162517752865e-23, nan 
-2.625, -62.625, 1.8804636044271043e-23, nan 
-2.375, -62.625, 2.447454868387364e-23, nan 
-2.125, -62.625, 3.0783437431381826e-23, nan 
-1.875, -62.625, 2.1252577747552007e-23, nan 
-1.625, -62.625, 1.9463145166367836e-23, nan 
-1.375, -62.625, 3.413937384017937e-23, nan 
-1.125, -62.625, 2.5138381023756814e-23, nan 
-0.875, -62.625, 2.3395857380257336e-23, nan 
-0.625, -62.625, 2.4650509834784563e-23, nan 
-0.375, -62.625, 2.894809940691609e-23, nan 
-0.125, -62.625, 2.430036967183634e-23, nan 
0.125, -62.625, 1.1944621479313998e-23, nan 
0.375, -62.625, 2.6033216393401842e-23, nan 
0.625, -62.625, 2.979483131171233e-23, nan 
0.875, -62.625, 2.2352222621528697e-23, nan 
1.125, -62.625, 2.495618839997209e-23, nan 
1.375, -62.625, 1.4139968829508814e-23, nan 
1.625, -62.625, 2.249499898388005e-23, nan 
1.875, -62.625, 2.8784338639752403e-23, nan 
2.125, -62.625, 2.1479420070452692e-23, nan 
2.375, -62.625, 1.8301390326010742e-23, nan 
2.625, -62.625, 2.1791102542539902e-23, nan 
2.875, -62.625, 3.5191558470807806e-23, nan 
3.125, -62.625, 3.300971579685432e-23, nan 
3.375, -62.625, 2.1924189096617017e-23, nan 
3.625, -62.625, 1.6530943096212757e-22, nan 
3.875, -62.625, 1.7293616925429446e-22, nan 
4.125, -62.625, 1.0629045684635186e-22, nan 
4.375, -62.625, 8.70021292651792e-24, nan 
-24.875, -62.375, 5.581014242530449e-22, nan 
-24.625, -62.375, 5.673666552924009e-22, nan 
-24.375, -62.375, 5.761586192819313e-22, nan 
-24.125, -62.375, 4.522742293724719e-22, nan 
-23.875, -62.375, 4.413244953497426e-22, nan 
-23.625, -62.375, 3.483598411092676e-22, nan 
-23.375, -62.375, 2.7435252404162226e-22, nan 
-23.125, -62.375, 1.826023402954014e-22, nan 
-22.875, -62.375, 3.1617110848804015e-22, nan 
-22.625, -62.375, 4.860152843755628e-22, nan 
-22.375, -62.375, 4.535762229210433e-22, nan 
-22.125, -62.375, 3.3816080781625684e-22, nan 
-21.875, -62.375, 2.86908375843915e-22, nan 
-21.625, -62.375, 2.6677000576828685e-22, nan 
-21.375, -62.375, 2.3128508056664066e-22, nan 
-21.125, -62.375, 2.2148860526495843e-22, nan 
-20.875, -62.375, 2.3006230189725146e-22, nan 
-20.625, -62.375, 2.2739407910513305e-22, nan 
-20.375, -62.375, 1.880962931052867e-22, nan 
-20.125, -62.375, 2.7714977774333965e-22, nan 
-19.875, -62.375, 4.1807595247120885e-22, nan 
-19.625, -62.375, 2.0475933179447036e-22, nan 
-19.375, -62.375, 2.6447669695569926e-22, nan 
-19.125, -62.375, 3.103200823939454e-22, nan 
-18.875, -62.375, 3.0206730742393023e-22, nan 
-18.625, -62.375, 3.606295513228316e-22, nan 
-18.375, -62.375, 3.455883302148395e-22, nan 
-18.125, -62.375, 2.8721958950441086e-22, nan 
-17.875, -62.375, 2.501098377440066e-22, nan 
-17.625, -62.375, 1.1316802584853363e-22, nan 
-17.375, -62.375, 1.356898956406292e-22, nan 
-17.125, -62.375, 1.2030397629590616e-22, nan 
-16.875, -62.375, 1.6639845167126777e-22, nan 
-16.625, -62.375, 1.9728187084141666e-22, nan 
-16.375, -62.375, 6.070293609489797e-23, nan 
-16.125, -62.375, 7.569014540471084e-23, nan 
-15.875, -62.375, 1.0499539048554124e-22, nan 
-15.625, -62.375, 6.917718046843896e-23, nan 
-15.375, -62.375, 1.0916189642988838e-22, nan 
-15.125, -62.375, 1.1588112069006917e-22, nan 
-14.875, -62.375, 5.966927983796739e-23, nan 
-14.625, -62.375, 8.178800005880126e-23, nan 
-14.375, -62.375, 7.01111166174716e-23, nan 
-14.125, -62.375, 2.940004573564042e-23, nan 
-13.875, -62.375, 5.50191599808244e-23, nan 
-13.625, -62.375, 3.943454319851997e-23, nan 
-13.375, -62.375, 3.8682459311228256e-23, nan 
-13.125, -62.375, 5.756766084273367e-23, nan 
-12.875, -62.375, 5.889342049687745e-23, nan 
-12.625, -62.375, 3.743016390930941e-23, nan 
-12.375, -62.375, 4.11621185629469e-23, nan 
-12.125, -62.375, 2.4778245551504883e-23, nan 
-11.875, -62.375, 4.25797863113776e-23, nan 
-11.625, -62.375, 5.432003948053851e-23, nan 
-11.375, -62.375, 6.721143335786546e-23, nan 
-11.125, -62.375, 1.1630794548631216e-22, nan 
-10.875, -62.375, 1.2618875773423604e-22, nan 
-10.625, -62.375, 1.3447625366326418e-22, nan 
-10.375, -62.375, 1.0229578199970931e-22, nan 
-10.125, -62.375, 1.0461322805583765e-22, nan 
-9.875, -62.375, 4.9692591839039884e-23, nan 
-9.625, -62.375, 2.885848783651911e-23, nan 
-9.375, -62.375, 1.695345029819129e-23, nan 
-9.125, -62.375, 4.255259789009524e-23, nan 
-8.875, -62.375, 5.1411547778214073e-23, nan 
-8.625, -62.375, 4.5062183612049723e-23, nan 
-8.375, -62.375, 4.1433188966697154e-23, nan 
-8.125, -62.375, 5.667878230486341e-23, nan 
-7.875, -62.375, 8.8200171278375e-23, nan 
-7.625, -62.375, 9.602207025593762e-23, nan 
-7.375, -62.375, 6.62881501121578e-23, nan 
-7.125, -62.375, 6.598011495216848e-23, nan 
-6.875, -62.375, 6.367569406803945e-23, nan 
-6.625, -62.375, 6.109415933798764e-23, nan 
-6.375, -62.375, 4.888330727941529e-23, nan 
-6.125, -62.375, 3.016919040278927e-23, nan 
-5.875, -62.375, 8.861401774127302e-24, nan 
-5.625, -62.375, 1.427032972183971e-23, nan 
-5.375, -62.375, 1.1151848417465839e-23, nan 
-5.125, -62.375, 1.8194520211142903e-23, nan 
-4.875, -62.375, 2.1883726756319986e-23, nan 
-4.625, -62.375, 1.3004065345646745e-23, nan 
-4.375, -62.375, 2.169245595345041e-23, nan 
-4.125, -62.375, 2.4936031306191502e-23, nan 
-3.875, -62.375, 2.2011508110534983e-23, nan 
-3.625, -62.375, 1.7700748975028108e-23, nan 
-3.375, -62.375, 8.256553991446515e-24, nan 
-3.125, -62.375, 2.785808002145795e-23, nan 
-2.875, -62.375, 2.764409998380401e-23, nan 
-2.625, -62.375, 1.4406529880759723e-23, nan 
-2.375, -62.375, 3.5898056581984095e-23, nan 
-2.125, -62.375, 2.7509442827911206e-23, nan 
-1.875, -62.375, 1.1962659096058592e-23, nan 
-1.625, -62.375, 2.692883555494308e-23, nan 
-1.375, -62.375, 2.6415258757121846e-23, nan 
-1.125, -62.375, 2.649987580427565e-23, nan 
-0.875, -62.375, 1.881080592272948e-23, nan 
-0.625, -62.375, 2.3386690353765036e-23, nan 
-0.375, -62.375, 5.34739093203252e-23, nan 
-0.125, -62.375, 1.1572048014038691e-22, nan 
0.125, -62.375, 1.2128596885988016e-22, nan 
0.375, -62.375, 6.997962606096626e-23, nan 
0.625, -62.375, 1.885549788932796e-23, nan 
0.875, -62.375, 1.8560061429968818e-23, nan 
1.125, -62.375, 1.620229199241898e-23, nan 
1.375, -62.375, 1.8073492731093257e-23, nan 
1.625, -62.375, 1.9386818734547173e-23, nan 
1.875, -62.375, 1.8292134304771156e-23, nan 
2.125, -62.375, 9.530815584457798e-24, nan 
2.375, -62.375, 8.005550734112615e-24, nan 
2.625, -62.375, 1.426004064354182e-23, nan 
2.875, -62.375, 1.1225028697013877e-22, nan 
3.125, -62.375, 1.1712326561521223e-22, nan 
3.375, -62.375, 5.985432407999439e-23, nan 
3.625, -62.375, 2.2612885592693994e-22, nan 
3.875, -62.375, 2.395474522756037e-22, nan 
4.125, -62.375, 1.326405155154487e-22, nan 
4.375, -62.375, 1.2344383281544954e-22, nan 
-24.625, -62.125, 4.434345501548644e-22, nan 
-24.375, -62.125, 3.759144901531009e-22, nan 
-24.125, -62.125, 3.3380479117369807e-22, nan 
-23.875, -62.125, 3.2440953597489157e-22, nan 
-23.625, -62.125, 2.4279260018980297e-22, nan 
-23.375, -62.125, 2.8503870074343884e-22, nan 
-23.125, -62.125, 2.1498827409404357e-22, nan 
-22.875, -62.125, 2.958036887498592e-22, nan 
-22.625, -62.125, 3.906833418041709e-22, nan 
-22.375, -62.125, 3.6886560366637546e-22, nan 
-22.125, -62.125, 2.8747499497394346e-22, nan 
-21.875, -62.125, 2.422081971697591e-22, nan 
-21.625, -62.125, 2.0435982155160958e-22, nan 
-21.375, -62.125, 2.209703380647937e-22, nan 
-21.125, -62.125, 2.3826857710210586e-22, nan 
-20.875, -62.125, 2.16219882486269e-22, nan 
-20.625, -62.125, 1.9056302198847377e-22, nan 
-20.375, -62.125, 1.4192847188590418e-22, nan 
-20.125, -62.125, 1.3864789829358655e-22, nan 
-19.875, -62.125, 1.1057620171779006e-22, nan 
-19.625, -62.125, 1.588772814309076e-22, nan 
-19.375, -62.125, 1.5910656243013902e-22, nan 
-19.125, -62.125, 1.5054916438460002e-22, nan 
-18.875, -62.125, 1.3343301321427384e-22, nan 
-18.625, -62.125, 1.9638350741294397e-22, nan 
-18.375, -62.125, 3.7520434731862537e-22, nan 
-18.125, -62.125, 4.930412110237139e-22, nan 
-17.875, -62.125, 2.661589896446197e-22, nan 
-17.625, -62.125, 2.3656467282922216e-22, nan 
-17.375, -62.125, 2.109046877878959e-22, nan 
-17.125, -62.125, 1.0662088726338553e-22, nan 
-16.875, -62.125, 7.930116563110131e-23, nan 
-16.625, -62.125, 1.138032757673125e-22, nan 
-16.375, -62.125, 7.957363255577739e-23, nan 
-16.125, -62.125, 7.766927998787564e-23, nan 
-15.875, -62.125, 1.3335140792402502e-22, nan 
-15.625, -62.125, 1.5314637512654296e-22, nan 
-15.375, -62.125, 6.596457686717906e-23, nan 
-15.125, -62.125, 1.1414811205664203e-22, nan 
-14.875, -62.125, 9.004356062415553e-23, nan 
-14.625, -62.125, 6.494646856585974e-23, nan 
-14.375, -62.125, 7.218250580320431e-23, nan 
-14.125, -62.125, 4.601805765611573e-23, nan 
-13.875, -62.125, 2.9805917328385686e-23, nan 
-13.625, -62.125, 4.03119400161491e-23, nan 
-13.375, -62.125, 3.336093961053728e-23, nan 
-13.125, -62.125, 4.2056897345137255e-23, nan 
-12.875, -62.125, 5.404927786462483e-23, nan 
-12.625, -62.125, 3.43019916577105e-23, nan 
-12.375, -62.125, 4.3706714952317826e-23, nan 
-12.125, -62.125, 4.234156776846477e-23, nan 
-11.875, -62.125, 7.931333740906024e-23, nan 
-11.625, -62.125, 1.0664249469792082e-22, nan 
-11.375, -62.125, 7.597583514835816e-23, nan 
-11.125, -62.125, 1.9398424065830753e-22, nan 
-10.875, -62.125, 2.1742763286664967e-22, nan 
-10.625, -62.125, 2.1281706769606134e-22, nan 
-10.375, -62.125, 1.1559453901080384e-22, nan 
-10.125, -62.125, 1.4130237238924794e-22, nan 
-9.875, -62.125, 1.3041174251785818e-22, nan 
-9.625, -62.125, 4.3671487667901525e-23, nan 
-9.375, -62.125, 2.1994660331964223e-23, nan 
-9.125, -62.125, 4.105226368303652e-23, nan 
-8.875, -62.125, 5.340379279170009e-23, nan 
-8.625, -62.125, 5.494968635754732e-23, nan 
-8.375, -62.125, 4.5105308722568463e-23, nan 
-8.125, -62.125, 5.213364112879757e-23, nan 
-7.875, -62.125, 9.867227179278462e-23, nan 
-7.625, -62.125, 1.040327714362964e-22, nan 
-7.375, -62.125, 7.928756773961235e-23, nan 
-7.125, -62.125, 9.927474506283798e-23, nan 
-6.875, -62.125, 8.500663584007228e-23, nan 
-6.625, -62.125, 6.039576475171537e-23, nan 
-6.375, -62.125, 5.390014079882963e-23, nan 
-6.125, -62.125, 4.5846842203101085e-23, nan 
-5.875, -62.125, 4.275476339688978e-23, nan 
-5.625, -62.125, 3.8980143726440753e-23, nan 
-5.375, -62.125, 1.487484301762437e-23, nan 
-5.125, -62.125, 1.5865743838447368e-23, nan 
-4.875, -62.125, 2.375291904932872e-23, nan 
-4.625, -62.125, 1.4579421099207863e-23, nan 
-4.375, -62.125, 1.4752349471972808e-23, nan 
-4.125, -62.125, 2.657960886963901e-23, nan 
-3.875, -62.125, 3.1061711237262055e-23, nan 
-3.625, -62.125, 3.6014872654886273e-23, nan 
-3.375, -62.125, 1.8111332960980775e-23, nan 
-3.125, -62.125, 2.1448086912302452e-23, nan 
-2.875, -62.125, 2.5437151097440994e-23, nan 
-2.625, -62.125, 2.366942280271298e-23, nan 
-2.375, -62.125, 1.4315963577636202e-23, nan 
-2.125, -62.125, 2.2575932243431367e-23, nan 
-1.875, -62.125, 9.625886213921603e-24, nan 
-1.625, -62.125, 1.3712105283738246e-23, nan 
-1.375, -62.125, 1.906530670488439e-23, nan 
-1.125, -62.125, 9.379058690153075e-24, nan 
-0.875, -62.125, 6.542291552566927e-23, nan 
-0.625, -62.125, 9.180282826060873e-23, nan 
-0.375, -62.125, 5.2599037271431113e-23, nan 
-0.125, -62.125, 1.773636256733991e-22, nan 
0.125, -62.125, 1.7932795315082836e-22, nan 
0.375, -62.125, 9.902534152419684e-23, nan 
0.625, -62.125, 7.033725000511319e-23, nan 
0.875, -62.125, 7.732689840105671e-23, nan 
1.125, -62.125, 4.2065006291365906e-23, nan 
1.375, -62.125, 2.0085227975323235e-23, nan 
1.625, -62.125, 1.7810553651602014e-23, nan 
1.875, -62.125, 8.501456170519168e-23, nan 
2.125, -62.125, 1.1940017580661625e-22, nan 
2.375, -62.125, 1.157038923614019e-22, nan 
2.625, -62.125, 1.0707111947318772e-22, nan 
2.875, -62.125, 1.7118061510303606e-22, nan 
3.125, -62.125, 1.6185714112300356e-22, nan 
3.375, -62.125, 6.931447920283603e-23, nan 
3.625, -62.125, 2.628866846153971e-22, nan 
3.875, -62.125, 3.214321207018465e-22, nan 
4.125, -62.125, 1.4528099406835499e-22, nan 
-24.375, -61.875, 1.9295029315328702e-22, nan 
-24.125, -61.875, 1.7804159805818187e-22, nan 
-23.875, -61.875, 1.7342365028367024e-22, nan 
-23.625, -61.875, 2.092054908153497e-22, nan 
-23.375, -61.875, 2.460902899460749e-22, nan 
-23.125, -61.875, 2.4665604951094785e-22, nan 
-22.875, -61.875, 2.6946785751720153e-22, nan 
-22.625, -61.875, 2.2571479789514665e-22, nan 
-22.375, -61.875, 2.675200313130471e-22, nan 
-22.125, -61.875, 1.9197207813035174e-22, nan 
-21.875, -61.875, 1.777074966793208e-22, nan 
-21.625, -61.875, 1.4001562196423693e-22, nan 
-21.375, -61.875, 1.3024578546323136e-22, nan 
-21.125, -61.875, 1.3182056758063898e-22, nan 
-20.875, -61.875, 1.1926302072182656e-22, nan 
-20.625, -61.875, 9.290109918335135e-23, nan 
-20.375, -61.875, 7.896262364555753e-23, nan 
-20.125, -61.875, 8.739325396681404e-23, nan 
-19.875, -61.875, 6.252919892631868e-23, nan 
-19.625, -61.875, 7.453711536957994e-23, nan 
-19.375, -61.875, 6.535025241706703e-23, nan 
-19.125, -61.875, 7.69079109357156e-23, nan 
-18.875, -61.875, 2.3623327382331516e-22, nan 
-18.625, -61.875, 2.458670316758116e-22, nan 
-18.375, -61.875, 2.428305164401075e-22, nan 
-18.125, -61.875, 3.981979276503641e-22, nan 
-17.875, -61.875, 2.7545284837779193e-22, nan 
-17.625, -61.875, 2.184236132350526e-22, nan 
-17.375, -61.875, 4.739616507827944e-23, nan 
-17.125, -61.875, 5.926691322306448e-23, nan 
-16.875, -61.875, 6.779258547886288e-23, nan 
-16.625, -61.875, 6.980835564323983e-23, nan 
-16.375, -61.875, 8.575678611248387e-23, nan 
-16.125, -61.875, 1.0092813740655104e-22, nan 
-15.875, -61.875, 1.2324222611020103e-22, nan 
-15.625, -61.875, 1.1763097064384498e-22, nan 
-15.375, -61.875, 7.40957402909259e-23, nan 
-15.125, -61.875, 8.327114202868428e-23, nan 
-14.875, -61.875, 5.316360681891844e-23, nan 
-14.625, -61.875, 5.635825034861782e-23, nan 
-14.375, -61.875, 4.208168449613256e-23, nan 
-14.125, -61.875, 3.289909904423062e-23, nan 
-13.875, -61.875, 3.3606886317377515e-23, nan 
-13.625, -61.875, 6.657594910872567e-23, nan 
-13.375, -61.875, 1.0573876971570637e-22, nan 
-13.125, -61.875, 5.859406612599995e-23, nan 
-12.875, -61.875, 2.4967696708485366e-23, nan 
-12.625, -61.875, 6.226437529001867e-23, nan 
-12.375, -61.875, 5.247949992916909e-23, nan 
-12.125, -61.875, 3.724974795386963e-23, nan 
-11.875, -61.875, 3.0266825128288994e-23, nan 
-11.625, -61.875, 2.3704257287714902e-23, nan 
-11.375, -61.875, 1.6680595836052003e-23, nan 
-11.125, -61.875, 1.1424197192692184e-22, nan 
-10.875, -61.875, 1.0866901568657847e-22, nan 
-10.625, -61.875, 1.0657206104538347e-22, nan 
-10.375, -61.875, 3.178952055327308e-23, nan 
-10.125, -61.875, 5.67350184451625e-23, nan 
-9.875, -61.875, 4.470188770987169e-23, nan 
-9.625, -61.875, 3.7826304285229084e-23, nan 
-9.375, -61.875, 3.0108991144551675e-23, nan 
-9.125, -61.875, 3.914911692322667e-23, nan 
-8.875, -61.875, 4.585053999065229e-23, nan 
-8.625, -61.875, 3.7322114945758596e-23, nan 
-8.375, -61.875, 5.242584350852935e-23, nan 
-8.125, -61.875, 5.41718253283806e-23, nan 
-7.875, -61.875, 6.164091867534112e-23, nan 
-7.625, -61.875, 7.501793935068067e-23, nan 
-7.375, -61.875, 8.975982517398247e-23, nan 
-7.125, -61.875, 9.498306654912768e-23, nan 
-6.875, -61.875, 7.046301364149936e-23, nan 
-6.625, -61.875, 6.435209906858826e-23, nan 
-6.375, -61.875, 6.553826232180925e-23, nan 
-6.125, -61.875, 4.743528229748494e-23, nan 
-5.875, -61.875, 3.6297403614875185e-23, nan 
-5.625, -61.875, 3.6604558957669736e-23, nan 
-5.375, -61.875, 2.464100423097108e-23, nan 
-5.125, -61.875, 2.2720765223801113e-23, nan 
-4.875, -61.875, 2.274540563581114e-23, nan 
-4.625, -61.875, 3.0495154443570765e-23, nan 
-4.375, -61.875, 2.6645023337105406e-23, nan 
-4.125, -61.875, 1.7510363604408483e-23, nan 
-3.875, -61.875, 3.9305614710921763e-23, nan 
-3.625, -61.875, 5.472722536694165e-23, nan 
-3.375, -61.875, 1.952142825155905e-23, nan 
-3.125, -61.875, 2.3761893785049053e-23, nan 
-2.875, -61.875, 2.835752886525754e-23, nan 
-2.625, -61.875, 3.854556802697058e-23, nan 
-2.375, -61.875, 1.726673442498797e-23, nan 
-2.125, -61.875, 2.062931428797787e-23, nan 
-1.875, -61.875, 2.4515022519909068e-23, nan 
-1.625, -61.875, 1.9852938887885665e-23, nan 
-1.375, -61.875, 1.9989524930607646e-23, nan 
-1.125, -61.875, 7.066799779123997e-24, nan 
-0.875, -61.875, 8.401327441702387e-24, nan 
-0.625, -61.875, 2.9513746053910205e-23, nan 
-0.375, -61.875, 8.728736443914898e-24, nan 
-0.125, -61.875, 9.911599720453732e-23, nan 
0.125, -61.875, 8.540390515018837e-23, nan 
0.375, -61.875, 5.347179132955382e-23, nan 
0.625, -61.875, 2.432526209548116e-23, nan 
0.875, -61.875, 1.6980472266160275e-23, nan 
1.125, -61.875, 4.551828223607958e-23, nan 
1.375, -61.875, 7.314652993181339e-23, nan 
1.625, -61.875, 8.5448717443269e-23, nan 
1.875, -61.875, 9.017294796254282e-23, nan 
2.125, -61.875, 1.3369001911703162e-22, nan 
2.375, -61.875, 1.6352762431389692e-22, nan 
2.625, -61.875, 1.28159716705481e-22, nan 
2.875, -61.875, 1.143457166690998e-22, nan 
3.125, -61.875, 9.066335378954605e-23, nan 
3.375, -61.875, 8.116713567656796e-23, nan 
3.625, -61.875, 1.8822093985891926e-22, nan 
3.875, -61.875, 2.1146147092136534e-22, nan 
4.125, -61.875, 1.0406842217561721e-22, nan 
-23.875, -61.625, 1.150533645138231e-22, nan 
-23.625, -61.625, 2.8297618115970706e-22, nan 
-23.375, -61.625, 2.377214512201251e-22, nan 
-23.125, -61.625, 1.6490052132522334e-22, nan 
-22.875, -61.625, 3.6598247987459474e-22, nan 
-22.625, -61.625, 2.3494459932315995e-22, nan 
-22.375, -61.625, 1.2249271812731966e-22, nan 
-22.125, -61.625, 1.1399892592153796e-22, nan 
-21.875, -61.625, 8.562960229098867e-23, nan 
-21.625, -61.625, 1.0365750308817655e-22, nan 
-21.375, -61.625, 1.3613119245440468e-22, nan 
-21.125, -61.625, 1.3288567327832409e-22, nan 
-20.875, -61.625, 1.129748645958741e-22, nan 
-20.625, -61.625, 9.602693746239266e-23, nan 
-20.375, -61.625, 1.0633691491478974e-22, nan 
-20.125, -61.625, 8.872733362074089e-23, nan 
-19.875, -61.625, 7.665960213335451e-23, nan 
-19.625, -61.625, 7.919413816640973e-23, nan 
-19.375, -61.625, 7.135056995035555e-23, nan 
-19.125, -61.625, 7.432787728933835e-23, nan 
-18.875, -61.625, 2.1749561663493876e-22, nan 
-18.625, -61.625, 2.155124018368596e-22, nan 
-18.375, -61.625, 2.2557961841393647e-22, nan 
-18.125, -61.625, 4.01886160469112e-22, nan 
-17.875, -61.625, 3.2079421408151957e-22, nan 
-17.625, -61.625, 2.3619742014208806e-22, nan 
-17.375, -61.625, 1.480908641791004e-22, nan 
-17.125, -61.625, 1.2712983855514862e-22, nan 
-16.875, -61.625, 2.0646158739059798e-22, nan 
-16.625, -61.625, 1.3655252951595846e-22, nan 
-16.375, -61.625, 1.1385888398093912e-22, nan 
-16.125, -61.625, 7.50374542957419e-23, nan 
-15.875, -61.625, 2.7545645064117645e-23, nan 
-15.625, -61.625, 3.015428079402455e-23, nan 
-15.375, -61.625, 6.44458555747841e-23, nan 
-15.125, -61.625, 5.466348904492387e-23, nan 
-14.875, -61.625, 3.758818342086542e-23, nan 
-14.625, -61.625, 2.6590284770177565e-23, nan 
-14.375, -61.625, 7.331071161216927e-23, nan 
-14.125, -61.625, 1.282629502638085e-22, nan 
-13.875, -61.625, 1.365732165873416e-22, nan 
-13.625, -61.625, 1.3818460371902385e-22, nan 
-13.375, -61.625, 1.5839199414109295e-22, nan 
-13.125, -61.625, 1.3370535258534425e-22, nan 
-12.875, -61.625, 9.887378321249607e-23, nan 
-12.625, -61.625, 1.0090297352827939e-22, nan 
-12.375, -61.625, 6.016110297016557e-23, nan 
-12.125, -61.625, 4.4074008863451426e-23, nan 
-11.875, -61.625, 3.6201186304583727e-23, nan 
-11.625, -61.625, 2.84503075328839e-23, nan 
-11.375, -61.625, 3.007538896724944e-23, nan 
-11.125, -61.625, 2.162703300631843e-23, nan 
-10.875, -61.625, 3.505549328296305e-23, nan 
-10.625, -61.625, 2.1826449091036576e-23, nan 
-10.375, -61.625, 1.0960427300652604e-23, nan 
-10.125, -61.625, 2.2059186737817876e-23, nan 
-9.875, -61.625, 1.0872407331919615e-23, nan 
-9.625, -61.625, 1.3924969337507687e-23, nan 
-9.375, -61.625, 2.0446299946945878e-23, nan 
-9.125, -61.625, 2.2468769547525242e-23, nan 
-8.875, -61.625, 3.489725596781957e-23, nan 
-8.625, -61.625, 2.898924127949644e-23, nan 
-8.375, -61.625, 4.370639231267057e-23, nan 
-8.125, -61.625, 5.200957817321799e-23, nan 
-7.875, -61.625, 6.421273204254171e-23, nan 
-7.625, -61.625, 7.848846895197305e-23, nan 
-7.375, -61.625, 6.179167833360978e-23, nan 
-7.125, -61.625, 8.093291449961984e-23, nan 
-6.875, -61.625, 9.80218424870843e-23, nan 
-6.625, -61.625, 3.8483215892116585e-23, nan 
-6.375, -61.625, 8.36671983625602e-23, nan 
-6.125, -61.625, 1.0866814854483097e-22, nan 
-5.875, -61.625, 9.538842308995854e-23, nan 
-5.625, -61.625, 8.054970163617112e-23, nan 
-5.375, -61.625, 6.833554219012243e-23, nan 
-5.125, -61.625, 1.9850249160809717e-23, nan 
-4.875, -61.625, 2.167126522606625e-23, nan 
-4.625, -61.625, 3.6035643410934976e-23, nan 
-4.375, -61.625, 1.7953549972884073e-23, nan 
-4.125, -61.625, 1.9235684935032052e-23, nan 
-3.875, -61.625, 3.917530578811501e-23, nan 
-3.625, -61.625, 3.442965768548396e-23, nan 
-3.375, -61.625, 1.7233681363409507e-23, nan 
-3.125, -61.625, 2.3251217818900734e-23, nan 
-2.875, -61.625, 2.3920073787884492e-23, nan 
-2.625, -61.625, 2.6236372267952997e-23, nan 
-2.375, -61.625, 1.9492491471168417e-23, nan 
-2.125, -61.625, 1.2315512236092239e-23, nan 
-1.875, -61.625, 1.249872499701481e-23, nan 
-1.625, -61.625, 2.2278716055332022e-23, nan 
-1.375, -61.625, 2.0993986724198168e-23, nan 
-1.125, -61.625, 9.065021207600819e-24, nan 
-0.875, -61.625, 1.527785873633915e-23, nan 
-0.625, -61.625, 1.4023612297825706e-23, nan 
-0.375, -61.625, 1.2791155899792514e-23, nan 
-0.125, -61.625, 2.4858679728180486e-23, nan 
0.125, -61.625, 4.6898362155052685e-23, nan 
0.375, -61.625, 1.9358775731384196e-23, nan 
0.625, -61.625, 2.935563947018065e-23, nan 
0.875, -61.625, 2.4615485548728054e-23, nan 
1.125, -61.625, 5.65419065559024e-23, nan 
1.375, -61.625, 1.082434324095658e-22, nan 
1.625, -61.625, 9.166084068108723e-23, nan 
1.875, -61.625, 9.938885664152326e-23, nan 
2.125, -61.625, 1.8100381043760796e-22, nan 
2.375, -61.625, 1.6353675443171247e-22, nan 
2.625, -61.625, 1.2116790388649763e-22, nan 
2.875, -61.625, 9.098519699950865e-23, nan 
3.125, -61.625, 8.102147552500044e-23, nan 
3.375, -61.625, 7.84867132799412e-23, nan 
3.625, -61.625, 5.388451090069951e-23, nan 
3.875, -61.625, 1.918515117394745e-23, nan 
4.125, -61.625, 2.01490670261052e-23, nan 
-23.625, -61.375, 9.506381019217869e-23, nan 
-23.375, -61.375, 1.331717969325101e-22, nan 
-23.125, -61.375, 1.0795222473783767e-22, nan 
-22.875, -61.375, 2.109674478580069e-22, nan 
-22.625, -61.375, 1.8150653200715541e-22, nan 
-22.375, -61.375, 1.189718950011979e-22, nan 
-22.125, -61.375, 6.678948635129513e-23, nan 
-21.875, -61.375, 4.991402470196474e-23, nan 
-21.625, -61.375, 9.873818515518742e-23, nan 
-21.375, -61.375, 1.3321500361978295e-22, nan 
-21.125, -61.375, 1.4367016465072133e-22, nan 
-20.875, -61.375, 1.567250370284828e-22, nan 
-20.625, -61.375, 1.3199929889659025e-22, nan 
-20.375, -61.375, 1.3629371241779504e-22, nan 
-20.125, -61.375, 1.209973965587251e-22, nan 
-19.875, -61.375, 9.928373747851518e-23, nan 
-19.625, -61.375, 8.235809165963665e-23, nan 
-19.375, -61.375, 5.886161386577102e-23, nan 
-19.125, -61.375, 6.996680401540517e-23, nan 
-18.875, -61.375, 7.078844909633045e-23, nan 
-18.625, -61.375, 4.5996885128863496e-23, nan 
-18.375, -61.375, 1.5047340390275605e-22, nan 
-18.125, -61.375, 3.7846213048028557e-22, nan 
-17.875, -61.375, 2.8681794073855242e-22, nan 
-17.625, -61.375, 3.075316461447437e-22, nan 
-17.375, -61.375, 3.0832415307236963e-22, nan 
-17.125, -61.375, 2.5841434126711233e-22, nan 
-16.875, -61.375, 2.0318437106077395e-22, nan 
-16.625, -61.375, 1.3607687636124776e-22, nan 
-16.375, -61.375, 6.659628261015731e-23, nan 
-16.125, -61.375, 5.535646960190433e-23, nan 
-15.875, -61.375, 5.404530562488236e-23, nan 
-15.625, -61.375, 3.180421357226361e-23, nan 
-15.375, -61.375, 4.310263939744111e-23, nan 
-15.125, -61.375, 4.043499151102249e-23, nan 
-14.875, -61.375, 7.95618210716955e-23, nan 
-14.625, -61.375, 1.023878817885691e-22, nan 
-14.375, -61.375, 9.803633584163415e-23, nan 
-14.125, -61.375, 1.2938948345104094e-22, nan 
-13.875, -61.375, 1.5975050301931163e-22, nan 
-13.625, -61.375, 1.4681186756079182e-22, nan 
-13.375, -61.375, 1.4012879438540423e-22, nan 
-13.125, -61.375, 1.8304779636345527e-22, nan 
-12.875, -61.375, 1.2477320062867227e-22, nan 
-12.625, -61.375, 1.176266480535579e-22, nan 
-12.375, -61.375, 1.3558617999934208e-22, nan 
-12.125, -61.375, 7.672775201637461e-23, nan 
-11.875, -61.375, 3.552047489036154e-23, nan 
-11.625, -61.375, 3.7232776535869367e-23, nan 
-11.375, -61.375, 3.659583312340582e-23, nan 
-11.125, -61.375, 3.0841799700631335e-23, nan 
-10.875, -61.375, 3.34046200484618e-23, nan 
-10.625, -61.375, 3.3571717259091775e-23, nan 
-10.375, -61.375, 2.624692719708645e-23, nan 
-10.125, -61.375, 1.444106752718339e-23, nan 
-9.875, -61.375, 1.0986829455854982e-23, nan 
-9.625, -61.375, 1.7590822384468013e-23, nan 
-9.375, -61.375, 1.6349132781087295e-23, nan 
-9.125, -61.375, 8.995605604737144e-24, nan 
-8.875, -61.375, 1.4842826020717276e-23, nan 
-8.625, -61.375, 2.0953899240923537e-23, nan 
-8.375, -61.375, 2.6974697708404994e-23, nan 
-8.125, -61.375, 2.715302225356872e-23, nan 
-7.875, -61.375, 3.7628047575465064e-23, nan 
-7.625, -61.375, 4.370722702139033e-23, nan 
-7.375, -61.375, 4.58141914884566e-23, nan 
-7.125, -61.375, 7.01925890748265e-23, nan 
-6.875, -61.375, 9.001348941874737e-23, nan 
-6.625, -61.375, 4.444187759586093e-23, nan 
-6.375, -61.375, 8.449491969896767e-23, nan 
-6.125, -61.375, 1.155412890452538e-22, nan 
-5.875, -61.375, 1.1948611357914774e-22, nan 
-5.625, -61.375, 9.771111270236995e-23, nan 
-5.375, -61.375, 7.933745511854082e-23, nan 
-5.125, -61.375, 7.228211777329934e-23, nan 
-4.875, -61.375, 7.115739758878594e-23, nan 
-4.625, -61.375, 4.8850421753537624e-23, nan 
-4.375, -61.375, 3.19587502088736e-23, nan 
-4.125, -61.375, 2.0622639854370787e-23, nan 
-3.875, -61.375, 4.5349166383030317e-23, nan 
-3.625, -61.375, 2.642923241908433e-23, nan 
-3.375, -61.375, 1.678352416463865e-23, nan 
-3.125, -61.375, 1.353212047000275e-23, nan 
-2.875, -61.375, 2.2271093386506262e-23, nan 
-2.625, -61.375, 1.4087163161743658e-23, nan 
-2.375, -61.375, 1.4001298163726304e-23, nan 
-2.125, -61.375, 1.349613823184437e-23, nan 
-1.875, -61.375, 1.253910569927217e-23, nan 
-1.625, -61.375, 2.044679571831729e-23, nan 
-1.375, -61.375, 1.773190526303915e-23, nan 
-1.125, -61.375, 1.0502281587401255e-23, nan 
-0.875, -61.375, 1.626772739400454e-23, nan 
-0.625, -61.375, 1.6649550537390182e-23, nan 
-0.375, -61.375, 1.2852079761168904e-23, nan 
-0.125, -61.375, 1.3908111925464303e-23, nan 
0.125, -61.375, 2.2246060608031032e-23, nan 
0.375, -61.375, 2.4528136854743497e-23, nan 
0.625, -61.375, 2.4114614156362438e-23, nan 
0.875, -61.375, 1.8976680495960834e-23, nan 
1.125, -61.375, 2.161335181772108e-23, nan 
1.375, -61.375, 1.5676265093685303e-23, nan 
1.625, -61.375, 2.1866496818758566e-23, nan 
1.875, -61.375, 8.033501891584204e-23, nan 
2.125, -61.375, 1.3612350853008422e-22, nan 
2.375, -61.375, 1.1138642063167775e-22, nan 
2.625, -61.375, 9.332968001270557e-23, nan 
2.875, -61.375, 6.66068389705141e-23, nan 
3.125, -61.375, 2.329251955763001e-23, nan 
3.375, -61.375, 2.5478558511423097e-23, nan 
3.625, -61.375, 2.4847688831146547e-23, nan 
3.875, -61.375, 3.20092424021407e-23, nan 
-23.375, -61.125, 5.393058515629433e-23, nan 
-23.125, -61.125, 2.922331146538757e-23, nan 
-22.875, -61.125, 5.386246700303079e-23, nan 
-22.625, -61.125, 8.797267358317334e-23, nan 
-22.375, -61.125, 8.178783411100272e-23, nan 
-22.125, -61.125, 6.022372644686257e-23, nan 
-21.875, -61.125, 7.188931572291299e-23, nan 
-21.625, -61.125, 5.924501414519257e-23, nan 
-21.375, -61.125, 9.541245284880825e-23, nan 
-21.125, -61.125, 1.3331551375898415e-22, nan 
-20.875, -61.125, 1.4573721423152576e-22, nan 
-20.625, -61.125, 1.2460056184519506e-22, nan 
-20.375, -61.125, 1.4530263504677947e-22, nan 
-20.125, -61.125, 1.4335650532334608e-22, nan 
-19.875, -61.125, 1.2122075459837615e-22, nan 
-19.625, -61.125, 8.874788501147989e-23, nan 
-19.375, -61.125, 8.149805272585525e-23, nan 
-19.125, -61.125, 8.314464529784444e-23, nan 
-18.875, -61.125, 5.1369478686113706e-23, nan 
-18.625, -61.125, 5.891839155850575e-23, nan 
-18.375, -61.125, 3.350581995809795e-23, nan 
-18.125, -61.125, 2.1363705776368e-23, nan 
-17.875, -61.125, 1.173318920384147e-22, nan 
-17.625, -61.125, 2.42151715038143e-22, nan 
-17.375, -61.125, 2.353718810007213e-22, nan 
-17.125, -61.125, 2.193375829881356e-22, nan 
-16.875, -61.125, 1.1007255419899585e-22, nan 
-16.625, -61.125, 1.3624305598247486e-22, nan 
-16.375, -61.125, 9.314937025495358e-23, nan 
-16.125, -61.125, 7.560160887399384e-23, nan 
-15.875, -61.125, 6.663121479011957e-23, nan 
-15.625, -61.125, 4.7819778276076936e-23, nan 
-15.375, -61.125, 5.298149010547122e-23, nan 
-15.125, -61.125, 4.7333906620948994e-23, nan 
-14.875, -61.125, 6.266697191775496e-23, nan 
-14.625, -61.125, 8.963506891842934e-23, nan 
-14.375, -61.125, 8.520740522470035e-23, nan 
-14.125, -61.125, 1.0049495928113303e-22, nan 
-13.875, -61.125, 1.0760421981240173e-22, nan 
-13.625, -61.125, 9.690887018613465e-23, nan 
-13.375, -61.125, 1.2710983699370187e-22, nan 
-13.125, -61.125, 1.4831213202437083e-22, nan 
-12.875, -61.125, 1.0285470015252568e-22, nan 
-12.625, -61.125, 1.219950810955691e-22, nan 
-12.375, -61.125, 1.1231891895876416e-22, nan 
-12.125, -61.125, 7.421315864607716e-23, nan 
-11.875, -61.125, 4.0591850568249074e-23, nan 
-11.625, -61.125, 2.7999878879087506e-23, nan 
-11.375, -61.125, 3.410270366961777e-23, nan 
-11.125, -61.125, 2.4579133779337996e-23, nan 
-10.875, -61.125, 1.527247680666364e-23, nan 
-10.625, -61.125, 2.0698089617527824e-23, nan 
-10.375, -61.125, 1.61483237184941e-23, nan 
-10.125, -61.125, 1.3784430882184563e-23, nan 
-9.875, -61.125, 6.98693084883445e-24, nan 
-9.625, -61.125, 1.4258933347659017e-23, nan 
-9.375, -61.125, 2.5069738683038146e-23, nan 
-9.125, -61.125, 9.622442176784034e-24, nan 
-8.875, -61.125, 2.0405123071472065e-23, nan 
-8.625, -61.125, 3.111301777780124e-23, nan 
-8.375, -61.125, 2.4355643783742082e-23, nan 
-8.125, -61.125, 3.238744418398588e-23, nan 
-7.875, -61.125, 2.660770278612261e-23, nan 
-7.625, -61.125, 3.269662657219613e-23, nan 
-7.375, -61.125, 3.026013742624563e-23, nan 
-7.125, -61.125, 2.735718580631744e-23, nan 
-6.875, -61.125, 3.8934274786821803e-23, nan 
-6.625, -61.125, 4.145194291331628e-23, nan 
-6.375, -61.125, 4.3013093096581085e-23, nan 
-6.125, -61.125, 5.2693268807790204e-23, nan 
-5.875, -61.125, 7.933231404708026e-23, nan 
-5.625, -61.125, 1.5838110859565398e-22, nan 
-5.375, -61.125, 1.239146652589812e-22, nan 
-5.125, -61.125, 1.0216657454461966e-22, nan 
-4.875, -61.125, 8.408619090412775e-23, nan 
-4.625, -61.125, 2.5045979213773715e-23, nan 
-4.375, -61.125, 9.571326159163535e-23, nan 
-4.125, -61.125, 1.1507673820448877e-22, nan 
-3.875, -61.125, 3.838660825152928e-23, nan 
-3.625, -61.125, 1.3643283060239618e-23, nan 
-3.375, -61.125, 2.7806454199561545e-23, nan 
-3.125, -61.125, 2.696819035518612e-23, nan 
-2.875, -61.125, 1.167521930729259e-23, nan 
-2.625, -61.125, 1.1662607371572294e-23, nan 
-2.375, -61.125, 1.1342245590347264e-23, nan 
-2.125, -61.125, 1.1974609605706277e-23, nan 
-1.875, -61.125, 1.1521170019965057e-23, nan 
-1.625, -61.125, 1.724374191039194e-23, nan 
-1.375, -61.125, 1.8454471234310804e-23, nan 
-1.125, -61.125, 5.436893039047381e-24, nan 
-0.875, -61.125, 7.914867202468076e-24, nan 
-0.625, -61.125, 9.2789259198627e-24, nan 
-0.375, -61.125, 9.478119690687314e-24, nan 
-0.125, -61.125, 1.2569997222330377e-23, nan 
0.125, -61.125, 1.236135525081516e-23, nan 
0.375, -61.125, 1.575703246183773e-23, nan 
0.625, -61.125, 2.7527148217854934e-23, nan 
0.875, -61.125, 3.296635011204327e-23, nan 
1.125, -61.125, 1.9992593324494405e-23, nan 
1.375, -61.125, 2.4231064000163277e-23, nan 
1.625, -61.125, 1.745428441475021e-23, nan 
1.875, -61.125, 2.2774498157556427e-23, nan 
2.125, -61.125, 1.825867979885831e-23, nan 
2.375, -61.125, 1.476752366708011e-23, nan 
2.625, -61.125, 2.3085212800911578e-23, nan 
2.875, -61.125, 2.856099243204131e-23, nan 
3.125, -61.125, 2.7990224960033366e-23, nan 
3.375, -61.125, 4.9458207629784837e-23, nan 
3.625, -61.125, 3.897825502251159e-23, nan 
3.875, -61.125, 3.0861178256696887e-23, nan 
-23.125, -60.875, 5.959616997084306e-23, nan 
-22.875, -60.875, 5.351056411906818e-23, nan 
-22.625, -60.875, 5.397296992785789e-23, nan 
-22.375, -60.875, 5.095865748868649e-23, nan 
-22.125, -60.875, 6.0494171650606e-23, nan 
-21.875, -60.875, 7.88066436709802e-23, nan 
-21.625, -60.875, 5.012338307137216e-23, nan 
-21.375, -60.875, 8.632231194811517e-23, nan 
-21.125, -60.875, 1.2273901827156388e-22, nan 
-20.875, -60.875, 1.393904976873779e-22, nan 
-20.625, -60.875, 1.328875317805455e-22, nan 
-20.375, -60.875, 1.4717667529957243e-22, nan 
-20.125, -60.875, 1.549028132755636e-22, nan 
-19.875, -60.875, 1.2854691145750845e-22, nan 
-19.625, -60.875, 1.0061182838148929e-22, nan 
-19.375, -60.875, 9.208479676524083e-23, nan 
-19.125, -60.875, 6.687381592501856e-23, nan 
-18.875, -60.875, 4.22214674783015e-23, nan 
-18.625, -60.875, 4.0921907295871863e-23, nan 
-18.375, -60.875, 4.7232955804719914e-23, nan 
-18.125, -60.875, 3.0318908637198887e-23, nan 
-17.875, -60.875, 3.247575609221353e-23, nan 
-17.625, -60.875, 5.782057049966895e-23, nan 
-17.375, -60.875, 3.918063802454513e-23, nan 
-17.125, -60.875, 6.186831829072633e-23, nan 
-16.875, -60.875, 1.0039841505173013e-22, nan 
-16.625, -60.875, 1.306409748260244e-22, nan 
-16.375, -60.875, 7.700128366072788e-23, nan 
-16.125, -60.875, 7.836700655296863e-23, nan 
-15.875, -60.875, 9.333735176325754e-23, nan 
-15.625, -60.875, 5.565030260778243e-23, nan 
-15.375, -60.875, 6.171451223430729e-23, nan 
-15.125, -60.875, 5.492960894707204e-23, nan 
-14.875, -60.875, 3.6177137114892944e-23, nan 
-14.625, -60.875, 5.631224674044523e-23, nan 
-14.375, -60.875, 7.997889867770874e-23, nan 
-14.125, -60.875, 9.69157137529939e-23, nan 
-13.875, -60.875, 9.672185874516716e-23, nan 
-13.625, -60.875, 1.3477522307541273e-22, nan 
-13.375, -60.875, 1.2576963432736464e-22, nan 
-13.125, -60.875, 1.0343351332912416e-22, nan 
-12.875, -60.875, 9.890608204023797e-23, nan 
-12.625, -60.875, 7.425269033951448e-23, nan 
-12.375, -60.875, 4.069494818734099e-23, nan 
-12.125, -60.875, 4.1712455768334093e-23, nan 
-11.875, -60.875, 3.8986819706440175e-23, nan 
-11.625, -60.875, 2.885293109409199e-23, nan 
-11.375, -60.875, 3.586791663342483e-23, nan 
-11.125, -60.875, 2.3472649268024916e-23, nan 
-10.875, -60.875, 2.0229572471745408e-23, nan 
-10.625, -60.875, 1.3873872541756455e-23, nan 
-10.375, -60.875, 1.490252005289501e-23, nan 
-10.125, -60.875, 1.0831578973966599e-23, nan 
-9.875, -60.875, 1.4748531208492245e-23, nan 
-9.625, -60.875, 2.439235465047032e-23, nan 
-9.375, -60.875, 2.0323875212167305e-23, nan 
-9.125, -60.875, 8.514700829297126e-24, nan 
-8.875, -60.875, 2.149761482657038e-23, nan 
-8.625, -60.875, 2.8116049705015494e-23, nan 
-8.375, -60.875, 2.7299193822151344e-23, nan 
-8.125, -60.875, 2.4028261758987818e-23, nan 
-7.875, -60.875, 1.1324806065918241e-23, nan 
-7.625, -60.875, 2.708757252020478e-23, nan 
-7.375, -60.875, 2.8763588591162855e-23, nan 
-7.125, -60.875, 2.5894704927672876e-23, nan 
-6.875, -60.875, 3.717588956525705e-23, nan 
-6.625, -60.875, 4.7095131751813674e-23, nan 
-6.375, -60.875, 7.749332648179875e-23, nan 
-6.125, -60.875, 9.360320073150673e-23, nan 
-5.875, -60.875, 1.1200272429526267e-22, nan 
-5.625, -60.875, 1.6332970878161767e-22, nan 
-5.375, -60.875, 1.5795397822653685e-22, nan 
-5.125, -60.875, 1.2361855064465417e-22, nan 
-4.875, -60.875, 8.573686512614445e-23, nan 
-4.625, -60.875, 5.694196673201662e-23, nan 
-4.375, -60.875, 1.4711416866249505e-22, nan 
-4.125, -60.875, 1.5176979304148854e-22, nan 
-3.875, -60.875, 3.386193775673259e-23, nan 
-3.625, -60.875, 5.982826434242094e-23, nan 
-3.375, -60.875, 4.5736807335399504e-23, nan 
-3.125, -60.875, 2.5228106175508588e-23, nan 
-2.875, -60.875, 1.20197847410254e-23, nan 
-2.625, -60.875, 1.9067812701962842e-23, nan 
-2.375, -60.875, 2.788604340278646e-23, nan 
-2.125, -60.875, 1.415748129688564e-23, nan 
-1.875, -60.875, 9.259783721155592e-24, nan 
-1.625, -60.875, 1.2958712338197714e-23, nan 
-1.375, -60.875, 1.1894264822375806e-23, nan 
-1.125, -60.875, 1.1284959364266883e-23, nan 
-0.875, -60.875, 1.3019933418833581e-23, nan 
-0.625, -60.875, 2.8491562718963004e-24, nan 
-0.375, -60.875, 1.475704827676307e-23, nan 
-0.125, -60.875, 2.062500071964938e-23, nan 
0.125, -60.875, 1.2593275632681607e-23, nan 
0.375, -60.875, 1.1545511614961255e-23, nan 
0.625, -60.875, 2.1632182888112476e-23, nan 
0.875, -60.875, 3.719872508806168e-23, nan 
1.125, -60.875, 1.9813700194726883e-23, nan 
1.375, -60.875, 2.1073259043476268e-23, nan 
1.625, -60.875, 3.4573477570104466e-23, nan 
1.875, -60.875, 2.211984084283291e-23, nan 
2.125, -60.875, 2.1158315521013182e-23, nan 
2.375, -60.875, 2.3455075119782082e-23, nan 
2.625, -60.875, 3.3184321845468553e-23, nan 
2.875, -60.875, 3.2760619834820736e-23, nan 
3.125, -60.875, 3.303725996931266e-23, nan 
3.375, -60.875, 3.64180021295882e-23, nan 
3.625, -60.875, 2.473088118297025e-23, nan 
-22.625, -60.625, 3.8198411147531267e-22, nan 
-22.375, -60.625, 4.061381469811072e-22, nan 
-22.125, -60.625, 4.469618770926975e-23, nan 
-21.875, -60.625, 9.234146693636858e-23, nan 
-21.625, -60.625, 5.0006222206421594e-23, nan 
-21.375, -60.625, 3.8605738536337863e-22, nan 
-21.125, -60.625, 3.566579065891634e-22, nan 
-20.875, -60.625, 1.4064495082468987e-22, nan 
-20.625, -60.625, 1.6056102913686642e-22, nan 
-20.375, -60.625, 1.4998561907030347e-22, nan 
-20.125, -60.625, 1.5254351469805533e-22, nan 
-19.875, -60.625, 1.133386881028416e-22, nan 
-19.625, -60.625, 9.178387840837396e-23, nan 
-19.375, -60.625, 7.788299002741584e-23, nan 
-19.125, -60.625, 4.6203245225469345e-23, nan 
-18.875, -60.625, 3.2745681497049143e-23, nan 
-18.625, -60.625, 2.0865400895833976e-23, nan 
-18.375, -60.625, 2.846248082790746e-23, nan 
-18.125, -60.625, 2.6478221742389164e-23, nan 
-17.875, -60.625, 2.467332195243424e-23, nan 
-17.625, -60.625, 2.361804639098536e-23, nan 
-17.375, -60.625, 3.4001218306260296e-23, nan 
-17.125, -60.625, 6.024123030924088e-23, nan 
-16.875, -60.625, 8.759862871753724e-23, nan 
-16.625, -60.625, 9.427547831537153e-23, nan 
-16.375, -60.625, 7.890575838832547e-23, nan 
-16.125, -60.625, 7.51652917915991e-23, nan 
-15.875, -60.625, 7.561183588520925e-23, nan 
-15.625, -60.625, 5.415230401593996e-23, nan 
-15.375, -60.625, 4.029292083709102e-23, nan 
-15.125, -60.625, 3.158001265721597e-23, nan 
-14.875, -60.625, 3.371331259802002e-23, nan 
-14.625, -60.625, 4.045953392435864e-23, nan 
-14.375, -60.625, 3.5701638021404037e-23, nan 
-14.125, -60.625, 1.8226011165830075e-23, nan 
-13.875, -60.625, 5.148335969913827e-23, nan 
-13.625, -60.625, 8.306503205166253e-23, nan 
-13.375, -60.625, 8.143150742984722e-23, nan 
-13.125, -60.625, 2.2956663311735586e-23, nan 
-12.875, -60.625, 2.2365761008193162e-23, nan 
-12.625, -60.625, 1.71796961314286e-23, nan 
-12.375, -60.625, 2.0566029954193227e-23, nan 
-12.125, -60.625, 1.9366842496317746e-23, nan 
-11.875, -60.625, 1.662458450116924e-23, nan 
-11.625, -60.625, 1.469329992424235e-23, nan 
-11.375, -60.625, 1.8342574970447705e-23, nan 
-11.125, -60.625, 2.2853108398955797e-23, nan 
-10.875, -60.625, 1.928793693689561e-23, nan 
-10.625, -60.625, 1.4521642235352434e-23, nan 
-10.375, -60.625, 1.987131145851856e-23, nan 
-10.125, -60.625, 7.217148520745096e-24, nan 
-9.875, -60.625, 1.931749119189189e-23, nan 
-9.625, -60.625, 3.5849486050474903e-23, nan 
-9.375, -60.625, 2.903471163937321e-23, nan 
-9.125, -60.625, 1.8517511775652786e-23, nan 
-8.875, -60.625, 3.233161338455113e-23, nan 
-8.625, -60.625, 3.412100963734713e-23, nan 
-8.375, -60.625, 2.2844364884815444e-23, nan 
-8.125, -60.625, 2.6873334382893966e-23, nan 
-7.875, -60.625, 2.3968707756714546e-23, nan 
-7.625, -60.625, 1.4323289351587684e-23, nan 
-7.375, -60.625, 2.5200197127971836e-23, nan 
-7.125, -60.625, 2.5468696705184037e-23, nan 
-6.875, -60.625, 4.079453890283011e-23, nan 
-6.625, -60.625, 4.1571504840791756e-23, nan 
-6.375, -60.625, 7.791943077066452e-23, nan 
-6.125, -60.625, 9.785784805244762e-23, nan 
-5.875, -60.625, 9.175795745612756e-23, nan 
-5.625, -60.625, 1.4116169855736316e-22, nan 
-5.375, -60.625, 1.5274215056908734e-22, nan 
-5.125, -60.625, 1.3719353786572292e-22, nan 
-4.875, -60.625, 9.479764070274865e-23, nan 
-4.625, -60.625, 6.738449788949576e-23, nan 
-4.375, -60.625, 1.1061900742426007e-22, nan 
-4.125, -60.625, 9.12530761157287e-23, nan 
-3.875, -60.625, 2.6486847928723685e-23, nan 
-3.625, -60.625, 1.5052840483336766e-23, nan 
-3.375, -60.625, 1.6093453909757114e-23, nan 
-3.125, -60.625, 2.1098228465419527e-23, nan 
-2.875, -60.625, 1.2672884678295773e-23, nan 
-2.625, -60.625, 2.3765522674692758e-23, nan 
-2.375, -60.625, 3.816359963450968e-23, nan 
-2.125, -60.625, 1.852779943653809e-23, nan 
-1.875, -60.625, 1.7644392314826686e-23, nan 
-1.625, -60.625, 2.436256489080575e-23, nan 
-1.375, -60.625, 3.766246162467976e-23, nan 
-1.125, -60.625, 2.1695800233607498e-23, nan 
-0.875, -60.625, 8.496383899983666e-24, nan 
-0.625, -60.625, 6.948501395805745e-24, nan 
-0.375, -60.625, 1.1382382476372216e-23, nan 
-0.125, -60.625, 1.3200366810879852e-23, nan 
0.125, -60.625, 1.9565885360721318e-23, nan 
0.375, -60.625, 2.4586803031665838e-23, nan 
0.625, -60.625, 2.340789384941735e-23, nan 
0.875, -60.625, 4.1561928549707055e-23, nan 
1.125, -60.625, 2.1246159141494913e-23, nan 
1.375, -60.625, 2.0747091752490066e-23, nan 
1.625, -60.625, 5.79084678850342e-23, nan 
1.875, -60.625, 2.3221371316438234e-23, nan 
2.125, -60.625, 2.589716994043401e-23, nan 
2.375, -60.625, 4.8221386914782384e-23, nan 
2.625, -60.625, 3.778482462105415e-23, nan 
2.875, -60.625, 2.7656849344380336e-23, nan 
3.125, -60.625, 3.08852650777335e-23, nan 
3.375, -60.625, 1.8974403110500153e-23, nan 
3.625, -60.625, 3.4434424318047695e-23, nan 
-22.375, -60.375, 5.776206995329568e-22, nan 
-22.125, -60.375, 2.6365184792715483e-22, nan 
-21.875, -60.375, 3.858903558825495e-22, nan 
-21.625, -60.375, 4.200197453331224e-22, nan 
-21.375, -60.375, 5.719435824439975e-22, nan 
-21.125, -60.375, 5.4772208769180075e-22, nan 
-20.875, -60.375, 2.5956636484884394e-22, nan 
-20.625, -60.375, 3.958801631160136e-22, nan 
-20.375, -60.375, 3.724690258453421e-22, nan 
-20.125, -60.375, 2.213290194829965e-22, nan 
-19.875, -60.375, 1.0610271418235316e-22, nan 
-19.625, -60.375, 6.693455577930234e-23, nan 
-19.375, -60.375, 3.982584964203517e-23, nan 
-19.125, -60.375, 3.7080368527545886e-23, nan 
-18.875, -60.375, 2.6943251389594174e-23, nan 
-18.625, -60.375, 1.072811063226182e-23, nan 
-18.375, -60.375, 1.2782297788833309e-23, nan 
-18.125, -60.375, 2.2704334721903935e-23, nan 
-17.875, -60.375, 1.9985853115350268e-23, nan 
-17.625, -60.375, 2.1559821176703942e-23, nan 
-17.375, -60.375, 5.452660170527245e-23, nan 
-17.125, -60.375, 6.33391025858864e-23, nan 
-16.875, -60.375, 6.870728311335063e-23, nan 
-16.625, -60.375, 9.429080280805833e-23, nan 
-16.375, -60.375, 8.271058417638118e-23, nan 
-16.125, -60.375, 6.689495880217585e-23, nan 
-15.875, -60.375, 4.493369453763007e-23, nan 
-15.625, -60.375, 3.1738564176854347e-23, nan 
-15.375, -60.375, 3.1095926574958495e-23, nan 
-15.125, -60.375, 2.746871811497236e-23, nan 
-14.875, -60.375, 3.3097339920890525e-23, nan 
-14.625, -60.375, 3.445531854856206e-23, nan 
-14.375, -60.375, 3.1595614033938714e-23, nan 
-14.125, -60.375, 6.781179883957601e-23, nan 
-13.875, -60.375, 1.5435269618890015e-23, nan 
-13.625, -60.375, 2.2070163858084107e-23, nan 
-13.375, -60.375, 1.497122955625585e-23, nan 
-13.125, -60.375, 1.097806270677768e-23, nan 
-12.875, -60.375, 1.4796259384855152e-23, nan 
-12.625, -60.375, 2.106125927417557e-23, nan 
-12.375, -60.375, 1.5890104323822674e-23, nan 
-12.125, -60.375, 3.9776809715081645e-23, nan 
-11.875, -60.375, 1.879085992524981e-23, nan 
-11.625, -60.375, 9.651649926206471e-24, nan 
-11.375, -60.375, 2.8588549799920936e-23, nan 
-11.125, -60.375, 9.056790745165641e-24, nan 
-10.875, -60.375, 1.1020039444690815e-23, nan 
-10.625, -60.375, 1.9589304361879908e-23, nan 
-10.375, -60.375, 2.4251325304573772e-23, nan 
-10.125, -60.375, 1.4656693854599635e-23, nan 
-9.875, -60.375, 1.6810231339050797e-23, nan 
-9.625, -60.375, 2.920630833327111e-23, nan 
-9.375, -60.375, 2.3687612381221055e-23, nan 
-9.125, -60.375, 2.905661013633343e-23, nan 
-8.875, -60.375, 3.867418166046664e-23, nan 
-8.625, -60.375, 3.736387028382932e-23, nan 
-8.375, -60.375, 7.687911496182323e-23, nan 
-8.125, -60.375, 9.238438674855094e-23, nan 
-7.875, -60.375, 8.255530884603912e-23, nan 
-7.625, -60.375, 4.172348068987783e-23, nan 
-7.375, -60.375, 2.831935799345341e-23, nan 
-7.125, -60.375, 3.5720078774640445e-23, nan 
-6.875, -60.375, 2.2171438995543933e-23, nan 
-6.625, -60.375, 2.3364724472661397e-23, nan 
-6.375, -60.375, 2.5173107096685047e-23, nan 
-6.125, -60.375, 2.6730349317184203e-23, nan 
-5.875, -60.375, 3.1090263334369036e-23, nan 
-5.625, -60.375, 1.2046383063608404e-22, nan 
-5.375, -60.375, 1.0096731882837744e-22, nan 
-5.125, -60.375, 9.779438056229567e-23, nan 
-4.875, -60.375, 7.734536406994405e-23, nan 
-4.625, -60.375, 1.3051045149226045e-23, nan 
-4.375, -60.375, 1.7208813384703587e-23, nan 
-4.125, -60.375, 2.1231755740303952e-23, nan 
-3.875, -60.375, 1.967766514833408e-23, nan 
-3.625, -60.375, 1.517337124456285e-23, nan 
-3.375, -60.375, 2.3459344201087657e-23, nan 
-3.125, -60.375, 3.114295423223395e-23, nan 
-2.875, -60.375, 2.3913369247253707e-23, nan 
-2.625, -60.375, 1.540579432066741e-23, nan 
-2.375, -60.375, 3.3114440399313904e-23, nan 
-2.125, -60.375, 4.254616283188734e-23, nan 
-1.875, -60.375, 1.2391602534694242e-23, nan 
-1.625, -60.375, 2.116473532933387e-23, nan 
-1.375, -60.375, 7.784597028140726e-23, nan 
-1.125, -60.375, 2.4114172385857265e-23, nan 
-0.875, -60.375, 8.093536484557702e-24, nan 
-0.625, -60.375, 3.030528479714957e-23, nan 
-0.375, -60.375, 2.415539315716185e-23, nan 
-0.125, -60.375, 1.340872438472503e-23, nan 
0.125, -60.375, 3.08676324525976e-23, nan 
0.375, -60.375, 4.079810255996922e-23, nan 
0.625, -60.375, 4.341089848797425e-23, nan 
0.875, -60.375, 3.785270972414374e-23, nan 
1.125, -60.375, 2.876146426037951e-23, nan 
1.375, -60.375, 3.9562222560175427e-23, nan 
1.625, -60.375, 1.1499764571604164e-22, nan 
1.875, -60.375, 5.031373510042748e-23, nan 
2.125, -60.375, 2.145667092308664e-23, nan 
2.375, -60.375, 4.397679989257849e-23, nan 
2.625, -60.375, 2.692931573091393e-23, nan 
2.875, -60.375, 3.1103609180227106e-23, nan 
3.125, -60.375, 3.6288113534495474e-23, nan 
3.375, -60.375, 2.3906893119045706e-23, nan 
3.625, -60.375, 3.0431898143188714e-23, nan 
-22.125, -60.125, 3.5577834155711545e-22, nan 
-21.875, -60.125, 3.001420067816417e-22, nan 
-21.625, -60.125, 5.35878688500285e-22, nan 
-21.375, -60.125, 7.488029320854689e-22, nan 
-21.125, -60.125, 6.248802231451361e-22, nan 
-20.875, -60.125, 6.227457664707091e-22, nan 
-20.625, -60.125, 4.854515193159621e-22, nan 
-20.375, -60.125, 4.0914552920696013e-22, nan 
-20.125, -60.125, 3.6460615308069457e-22, nan 
-19.875, -60.125, 9.459029880165347e-23, nan 
-19.625, -60.125, 8.037543371175073e-23, nan 
-19.375, -60.125, 3.159488812915447e-23, nan 
-19.125, -60.125, 2.5124603808590945e-23, nan 
-18.875, -60.125, 2.1815967618154002e-23, nan 
-18.625, -60.125, 2.1612451563815358e-23, nan 
-18.375, -60.125, 2.962314912860965e-23, nan 
-18.125, -60.125, 2.794476437016961e-23, nan 
-17.875, -60.125, 1.9227769614062685e-23, nan 
-17.625, -60.125, 3.3996250095333784e-23, nan 
-17.375, -60.125, 4.866200541595339e-23, nan 
-17.125, -60.125, 3.425657704064744e-23, nan 
-16.875, -60.125, 4.9754649576817464e-23, nan 
-16.625, -60.125, 7.940673403791572e-23, nan 
-16.375, -60.125, 6.891426560218006e-23, nan 
-16.125, -60.125, 8.500475440187547e-23, nan 
-15.875, -60.125, 1.0046207713717129e-22, nan 
-15.625, -60.125, 8.884466513718783e-23, nan 
-15.375, -60.125, 8.750093478335751e-23, nan 
-15.125, -60.125, 7.229207887418117e-23, nan 
-14.875, -60.125, 7.766403057781242e-23, nan 
-14.625, -60.125, 5.16564792935241e-23, nan 
-14.375, -60.125, 5.543400159714112e-23, nan 
-14.125, -60.125, 1.248973648948264e-22, nan 
-13.875, -60.125, 1.7841531576303782e-23, nan 
-13.625, -60.125, 1.6547742920776985e-23, nan 
-13.375, -60.125, 2.982869543749337e-23, nan 
-13.125, -60.125, 1.4528890617148265e-23, nan 
-12.875, -60.125, 3.0283548335140075e-23, nan 
-12.625, -60.125, 2.0135666018409378e-23, nan 
-12.375, -60.125, 1.4881501384526532e-23, nan 
-12.125, -60.125, 7.20052215603651e-23, nan 
-11.875, -60.125, 3.4199354590366416e-23, nan 
-11.625, -60.125, 3.501234480860731e-23, nan 
-11.375, -60.125, 5.521560399093842e-23, nan 
-11.125, -60.125, 6.015910582700011e-23, nan 
-10.875, -60.125, 1.6016496158991373e-23, nan 
-10.625, -60.125, 2.9434024523569925e-23, nan 
-10.375, -60.125, 1.8872059286577041e-23, nan 
-10.125, -60.125, 1.3874745323255368e-23, nan 
-9.875, -60.125, 1.6559452296112154e-23, nan 
-9.625, -60.125, 3.859173479440658e-23, nan 
-9.375, -60.125, 2.005935774260139e-23, nan 
-9.125, -60.125, 2.3926262884576558e-23, nan 
-8.875, -60.125, 5.569922895841464e-23, nan 
-8.625, -60.125, 1.3110159713066396e-22, nan 
-8.375, -60.125, 1.5742128952909817e-22, nan 
-8.125, -60.125, 1.7580804976060054e-22, nan 
-7.875, -60.125, 1.780987865575268e-22, nan 
-7.625, -60.125, 1.2850879424470146e-22, nan 
-7.375, -60.125, 7.115841752573124e-23, nan 
-7.125, -60.125, 3.369254228186779e-23, nan 
-6.875, -60.125, 2.755803554241872e-23, nan 
-6.625, -60.125, 1.4772544094343325e-23, nan 
-6.375, -60.125, 1.4519629379798746e-23, nan 
-6.125, -60.125, 3.990740934397056e-23, nan 
-5.875, -60.125, 1.1063950024106328e-23, nan 
-5.625, -60.125, 3.2743845632045626e-23, nan 
-5.375, -60.125, 3.4555220191424185e-23, nan 
-5.125, -60.125, 4.127177969673739e-23, nan 
-4.875, -60.125, 3.350297495543141e-23, nan 
-4.625, -60.125, 2.855854630457583e-23, nan 
-4.375, -60.125, 3.0536805839122586e-23, nan 
-4.125, -60.125, 2.3606069242755523e-23, nan 
-3.875, -60.125, 1.962365294878139e-23, nan 
-3.625, -60.125, 1.497810076997211e-23, nan 
-3.375, -60.125, 2.3813471319211112e-23, nan 
-3.125, -60.125, 4.980304063827624e-23, nan 
-2.875, -60.125, 6.344309964811838e-23, nan 
-2.625, -60.125, 2.6393062172011446e-23, nan 
-2.375, -60.125, 2.1968072765539017e-23, nan 
-2.125, -60.125, 1.3711564713431444e-23, nan 
-1.875, -60.125, 2.011976932437367e-23, nan 
-1.625, -60.125, 2.1966438294011645e-23, nan 
-1.375, -60.125, 5.408737980088975e-23, nan 
-1.125, -60.125, 2.0811391177269904e-23, nan 
-0.875, -60.125, 1.2081598748373301e-23, nan 
-0.625, -60.125, 2.395748642721862e-23, nan 
-0.375, -60.125, 2.87530896650128e-23, nan 
-0.125, -60.125, 2.299270623653285e-23, nan 
0.125, -60.125, 4.9063298108544013e-23, nan 
0.375, -60.125, 3.8534866323100497e-23, nan 
0.625, -60.125, 2.8911330520420984e-23, nan 
0.875, -60.125, 5.484427502686336e-23, nan 
1.125, -60.125, 4.114843110907565e-23, nan 
1.375, -60.125, 7.953535646980449e-23, nan 
1.625, -60.125, 1.73099265126027e-22, nan 
1.875, -60.125, 1.4070708658420129e-22, nan 
2.125, -60.125, 3.839508197612459e-23, nan 
2.375, -60.125, 5.545717009016568e-23, nan 
2.625, -60.125, 3.2063378803912887e-23, nan 
2.875, -60.125, 2.41349396828629e-23, nan 
3.125, -60.125, 3.982590934094514e-23, nan 
3.375, -60.125, 3.5737665866812096e-23, nan 
-21.875, -59.875, 1.5300363877348407e-22, nan 
-21.625, -59.875, 3.985205967013014e-22, nan 
-21.375, -59.875, 4.775827315055063e-22, nan 
-21.125, -59.875, 4.8658649338187345e-22, nan 
-20.875, -59.875, 5.650156142259469e-22, nan 
-20.625, -59.875, 2.5546603005173853e-22, nan 
-20.375, -59.875, 1.3642124317076596e-22, nan 
-20.125, -59.875, 1.192927373663327e-22, nan 
-19.875, -59.875, 1.338684381956535e-22, nan 
-19.625, -59.875, 1.207214875152038e-22, nan 
-19.375, -59.875, 1.0361364562659538e-22, nan 
-19.125, -59.875, 3.8517114035736586e-23, nan 
-18.875, -59.875, 5.054466560886043e-23, nan 
-18.625, -59.875, 5.051508605327207e-23, nan 
-18.375, -59.875, 3.023478907323487e-23, nan 
-18.125, -59.875, 2.026837721177943e-23, nan 
-17.875, -59.875, 1.969392262725433e-23, nan 
-17.625, -59.875, 4.806600051483471e-23, nan 
-17.375, -59.875, 5.951934023762933e-23, nan 
-17.125, -59.875, 3.6151592873656443e-23, nan 
-16.875, -59.875, 1.8513968492451123e-23, nan 
-16.625, -59.875, 3.1573867888980414e-23, nan 
-16.375, -59.875, 5.017598866172386e-23, nan 
-16.125, -59.875, 6.488150367497633e-23, nan 
-15.875, -59.875, 9.026787987876171e-23, nan 
-15.625, -59.875, 7.973613850562988e-23, nan 
-15.375, -59.875, 9.473094814479544e-23, nan 
-15.125, -59.875, 1.117087761096259e-22, nan 
-14.875, -59.875, 8.673703939811098e-23, nan 
-14.625, -59.875, 5.573458370392582e-23, nan 
-14.375, -59.875, 9.727274436414938e-23, nan 
-14.125, -59.875, 1.1928335282362647e-22, nan 
-13.875, -59.875, 4.1158764315841735e-23, nan 
-13.625, -59.875, 1.6122020244502997e-23, nan 
-13.375, -59.875, 1.6484179577150927e-23, nan 
-13.125, -59.875, 1.562579934739151e-23, nan 
-12.875, -59.875, 1.6104065776698533e-23, nan 
-12.625, -59.875, 1.551442853980687e-23, nan 
-12.375, -59.875, 1.0043298690510438e-23, nan 
-12.125, -59.875, 4.069406521402668e-23, nan 
-11.875, -59.875, 4.363998169481806e-23, nan 
-11.625, -59.875, 6.041420667979434e-23, nan 
-11.375, -59.875, 4.7731837337409553e-23, nan 
-11.125, -59.875, 1.130857400634759e-22, nan 
-10.875, -59.875, 1.0305206946273909e-22, nan 
-10.625, -59.875, 4.912198468488957e-23, nan 
-10.375, -59.875, 3.742997293783202e-23, nan 
-10.125, -59.875, 1.6918642052560043e-23, nan 
-9.875, -59.875, 3.133030441276492e-23, nan 
-9.625, -59.875, 2.448118755994419e-23, nan 
-9.375, -59.875, 6.947200427500915e-23, nan 
-9.125, -59.875, 7.7703883746982e-23, nan 
-8.875, -59.875, 2.20931711669681e-22, nan 
-8.625, -59.875, 2.551505947310976e-22, nan 
-8.375, -59.875, 1.5697737824316644e-22, nan 
-8.125, -59.875, 1.4900304613721332e-22, nan 
-7.875, -59.875, 1.8885483059354078e-22, nan 
-7.625, -59.875, 2.226590055302693e-22, nan 
-7.375, -59.875, 2.6237845647357015e-22, nan 
-7.125, -59.875, 1.8752351296939244e-22, nan 
-6.875, -59.875, 3.0209161454319226e-23, nan 
-6.625, -59.875, 1.7427937144805947e-23, nan 
-6.375, -59.875, 6.215622701875008e-23, nan 
-6.125, -59.875, 1.082294075875701e-22, nan 
-5.875, -59.875, 7.655847557782668e-23, nan 
-5.625, -59.875, 3.49617977455081e-23, nan 
-5.375, -59.875, 6.373641708275768e-23, nan 
-5.125, -59.875, 6.529179410438202e-23, nan 
-4.875, -59.875, 3.953583060300799e-23, nan 
-4.625, -59.875, 1.8156106214185317e-23, nan 
-4.375, -59.875, 3.223878925351432e-23, nan 
-4.125, -59.875, 3.103069215743027e-23, nan 
-3.875, -59.875, 3.318442207098936e-23, nan 
-3.625, -59.875, 4.293075140864853e-23, nan 
-3.375, -59.875, 5.756296104626592e-23, nan 
-3.125, -59.875, 8.853768028381397e-23, nan 
-2.875, -59.875, 9.488646370004727e-23, nan 
-2.625, -59.875, 6.034901700747459e-23, nan 
-2.375, -59.875, 6.311537436145294e-23, nan 
-2.125, -59.875, 5.40494808545378e-23, nan 
-1.875, -59.875, 3.0526931040763585e-23, nan 
-1.625, -59.875, 3.507786931055559e-23, nan 
-1.375, -59.875, 1.858482307066287e-23, nan 
-1.125, -59.875, 2.910616469679351e-23, nan 
-0.875, -59.875, 3.831672946999278e-23, nan 
-0.625, -59.875, 3.940455444923168e-23, nan 
-0.375, -59.875, 4.816350065704949e-23, nan 
-0.125, -59.875, 6.805575081203221e-23, nan 
0.125, -59.875, 7.508578174585582e-23, nan 
0.375, -59.875, 9.40971208555465e-23, nan 
0.625, -59.875, 9.122181945694709e-23, nan 
0.875, -59.875, 3.1591813160077534e-23, nan 
1.125, -59.875, 1.9171864117890045e-22, nan 
1.375, -59.875, 3.1587991235511597e-22, nan 
1.625, -59.875, 2.896643959653576e-22, nan 
1.875, -59.875, 3.0302172382172993e-22, nan 
2.125, -59.875, 2.6014798274367096e-22, nan 
2.375, -59.875, 7.523127940124348e-23, nan 
2.625, -59.875, 1.2005490735926897e-23, nan 
2.875, -59.875, 8.741678198335164e-24, nan 
3.125, -59.875, 3.857838648697682e-23, nan 
3.375, -59.875, 4.21203020457588e-23, nan 
-21.375, -59.625, 1.1880464161462454e-22, nan 
-21.125, -59.625, 2.628324314310148e-22, nan 
-20.875, -59.625, 3.409620580454921e-22, nan 
-20.625, -59.625, 2.504810981092882e-22, nan 
-20.375, -59.625, 1.4872552287779048e-22, nan 
-20.125, -59.625, 2.5310228346367594e-22, nan 
-19.875, -59.625, 3.098059169053993e-22, nan 
-19.625, -59.625, 1.8707754286863457e-22, nan 
-19.375, -59.625, 1.0463299952255788e-22, nan 
-19.125, -59.625, 9.629628377781997e-23, nan 
-18.875, -59.625, 5.540955808235003e-23, nan 
-18.625, -59.625, 2.8126128204447164e-23, nan 
-18.375, -59.625, 9.135117060489455e-24, nan 
-18.125, -59.625, 1.429301962190213e-23, nan 
-17.875, -59.625, 2.5110891758812868e-23, nan 
-17.625, -59.625, 3.0854410714795425e-23, nan 
-17.375, -59.625, 3.988901529229298e-23, nan 
-17.125, -59.625, 4.138233236789975e-23, nan 
-16.875, -59.625, 1.455111305415688e-23, nan 
-16.625, -59.625, 1.2553034116874743e-23, nan 
-16.375, -59.625, 5.517069462410305e-23, nan 
-16.125, -59.625, 8.272287837814156e-23, nan 
-15.875, -59.625, 9.083306886130759e-23, nan 
-15.625, -59.625, 6.858484397230971e-23, nan 
-15.375, -59.625, 6.50824842463758e-23, nan 
-15.125, -59.625, 6.006729855621554e-23, nan 
-14.875, -59.625, 6.277845842634044e-23, nan 
-14.625, -59.625, 1.0444669922367955e-22, nan 
-14.375, -59.625, 1.0023929684844481e-22, nan 
-14.125, -59.625, 7.821458407957973e-23, nan 
-13.875, -59.625, 4.69103577052468e-23, nan 
-13.625, -59.625, 2.3444425053244975e-23, nan 
-13.375, -59.625, 2.0886635753234632e-23, nan 
-13.125, -59.625, 2.0960469867108424e-23, nan 
-12.875, -59.625, 1.7741451193698107e-23, nan 
-12.625, -59.625, 3.3305996601468625e-23, nan 
-12.375, -59.625, 3.783151678395127e-23, nan 
-12.125, -59.625, 1.8968533630628852e-23, nan 
-11.875, -59.625, 2.8378472767020266e-23, nan 
-11.625, -59.625, 5.175982645631473e-23, nan 
-11.375, -59.625, 5.299511736056913e-23, nan 
-11.125, -59.625, 3.657992190969317e-23, nan 
-10.875, -59.625, 3.807025056200955e-23, nan 
-10.625, -59.625, 4.297670973582571e-23, nan 
-10.375, -59.625, 7.778035510972737e-23, nan 
-10.125, -59.625, 6.886392789044859e-23, nan 
-9.875, -59.625, 2.266863167790344e-23, nan 
-9.625, -59.625, 8.491137555438213e-24, nan 
-9.375, -59.625, 2.6386770119590324e-23, nan 
-9.125, -59.625, 4.4161345065491865e-23, nan 
-8.875, -59.625, 2.1165423017296631e-22, nan 
-8.625, -59.625, 2.442506666638416e-22, nan 
-8.375, -59.625, 1.8536831723675668e-22, nan 
-8.125, -59.625, 2.1105060427324144e-22, nan 
-7.875, -59.625, 1.8702122207058575e-22, nan 
-7.625, -59.625, 2.9317098028767405e-22, nan 
-7.375, -59.625, 2.647395034550785e-22, nan 
-7.125, -59.625, 9.735398481560121e-23, nan 
-6.875, -59.625, 3.569693206756701e-23, nan 
-6.625, -59.625, 2.4845646887681885e-23, nan 
-6.375, -59.625, 1.8191188595013712e-23, nan 
-6.125, -59.625, 3.3564307748557e-23, nan 
-5.875, -59.625, 2.5708765860965383e-23, nan 
-5.625, -59.625, 4.1617898096804296e-23, nan 
-5.375, -59.625, 4.655334773032346e-23, nan 
-5.125, -59.625, 2.1528696321919548e-23, nan 
-4.875, -59.625, 6.406555431398772e-24, nan 
-4.625, -59.625, 3.9123428074586164e-23, nan 
-4.375, -59.625, 4.6751884921362064e-23, nan 
-4.125, -59.625, 2.982503097395088e-23, nan 
-3.875, -59.625, 2.5109496881455407e-23, nan 
-3.625, -59.625, 3.394508872213621e-23, nan 
-3.375, -59.625, 4.039601313917461e-23, nan 
-3.125, -59.625, 8.058677480693212e-23, nan 
-2.875, -59.625, 1.2149784500721505e-22, nan 
-2.625, -59.625, 1.200696450154661e-22, nan 
-2.375, -59.625, 9.617489475854794e-23, nan 
-2.125, -59.625, 7.424660452734743e-23, nan 
-1.875, -59.625, 8.734093792324533e-23, nan 
-1.625, -59.625, 6.898810744926085e-23, nan 
-1.375, -59.625, 7.595421774765701e-23, nan 
-1.125, -59.625, 5.738765059797015e-23, nan 
-0.875, -59.625, 4.607602344392139e-23, nan 
-0.625, -59.625, 5.271944075706667e-23, nan 
-0.375, -59.625, 4.880458813897097e-23, nan 
-0.125, -59.625, 3.256616581326423e-23, nan 
0.125, -59.625, 5.1984068004553584e-23, nan 
0.375, -59.625, 8.395284873457344e-23, nan 
0.625, -59.625, 7.293394991159044e-23, nan 
0.875, -59.625, 2.1316137125253004e-23, nan 
1.125, -59.625, 7.671539314095473e-24, nan 
1.375, -59.625, 9.446382326506627e-23, nan 
1.625, -59.625, 1.726676804832017e-22, nan 
1.875, -59.625, 1.3505713010955335e-22, nan 
2.125, -59.625, 5.693675015945499e-23, nan 
2.375, -59.625, 5.605908348033728e-23, nan 
2.625, -59.625, 1.1038329075021239e-23, nan 
2.875, -59.625, 1.5141189597029895e-23, nan 
3.125, -59.625, 2.7111168826566963e-23, nan 
-21.125, -59.375, 1.299353854151465e-22, nan 
-20.875, -59.375, 1.6276417398111963e-22, nan 
-20.625, -59.375, 2.490436352405624e-22, nan 
-20.375, -59.375, 2.0523371554483754e-22, nan 
-20.125, -59.375, 1.6986060279491922e-22, nan 
-19.875, -59.375, 2.001166948403408e-22, nan 
-19.625, -59.375, 1.1465098214509583e-22, nan 
-19.375, -59.375, 1.1877503671068598e-22, nan 
-19.125, -59.375, 1.0613510155111454e-22, nan 
-18.875, -59.375, 8.318172697664858e-23, nan 
-18.625, -59.375, 3.8723910547760766e-23, nan 
-18.375, -59.375, 1.268356186479612e-23, nan 
-18.125, -59.375, 1.5821361171433597e-23, nan 
-17.875, -59.375, 2.1806184541058342e-23, nan 
-17.625, -59.375, 4.025714325636847e-23, nan 
-17.375, -59.375, 6.699131156612358e-23, nan 
-17.125, -59.375, 4.586130354869932e-23, nan 
-16.875, -59.375, 8.29716470885574e-23, nan 
-16.625, -59.375, 1.2568674678792076e-22, nan 
-16.375, -59.375, 1.0707845306836264e-22, nan 
-16.125, -59.375, 7.858871823774008e-23, nan 
-15.875, -59.375, 9.199307725590695e-23, nan 
-15.625, -59.375, 1.1499017181829512e-22, nan 
-15.375, -59.375, 9.433348655823465e-23, nan 
-15.125, -59.375, 8.786435214568732e-23, nan 
-14.875, -59.375, 7.775853103060772e-23, nan 
-14.625, -59.375, 6.686416891587848e-23, nan 
-14.375, -59.375, 4.943898504271577e-23, nan 
-14.125, -59.375, 4.6935567652569626e-23, nan 
-13.875, -59.375, 4.336881977290452e-23, nan 
-13.625, -59.375, 4.1304517386730164e-23, nan 
-13.375, -59.375, 4.0707585602653323e-23, nan 
-13.125, -59.375, 4.700448774509856e-23, nan 
-12.875, -59.375, 7.527851760065323e-23, nan 
-12.625, -59.375, 6.297611119825882e-23, nan 
-12.375, -59.375, 5.588726133634305e-23, nan 
-12.125, -59.375, 3.3405104239950826e-23, nan 
-11.875, -59.375, 3.6037883287580953e-23, nan 
-11.625, -59.375, 3.871066500526623e-23, nan 
-11.375, -59.375, 2.0155719775748398e-23, nan 
-11.125, -59.375, 1.2251826165828887e-23, nan 
-10.875, -59.375, 2.427327693932839e-23, nan 
-10.625, -59.375, 3.999115073487112e-23, nan 
-10.375, -59.375, 5.43164425368981e-23, nan 
-10.125, -59.375, 4.6318513425580135e-23, nan 
-9.875, -59.375, 2.268351724555538e-23, nan 
-9.625, -59.375, 1.0717076145331454e-23, nan 
-9.375, -59.375, 8.715853231842888e-24, nan 
-9.125, -59.375, 3.1773578617327973e-23, nan 
-8.875, -59.375, 4.907265430929782e-23, nan 
-8.625, -59.375, 1.2302342750069521e-22, nan 
-8.375, -59.375, 1.671600634649712e-22, nan 
-8.125, -59.375, 2.1204607873603376e-22, nan 
-7.875, -59.375, 1.7340625596637161e-22, nan 
-7.625, -59.375, 1.419417438460789e-22, nan 
-7.375, -59.375, 3.951704843905361e-23, nan 
-7.125, -59.375, 3.499729433994571e-23, nan 
-6.875, -59.375, 1.7803999212358e-23, nan 
-6.625, -59.375, 3.0499354412086365e-23, nan 
-6.375, -59.375, 3.2258772843379746e-23, nan 
-6.125, -59.375, 2.236231142383044e-23, nan 
-5.875, -59.375, 2.411235115415834e-23, nan 
-5.625, -59.375, 1.9400233157640302e-23, nan 
-5.375, -59.375, 4.649299228651616e-24, nan 
-5.125, -59.375, 2.321939320374972e-23, nan 
-4.875, -59.375, 3.8963472251153237e-23, nan 
-4.625, -59.375, 3.668720794217547e-23, nan 
-4.375, -59.375, 2.0185504790518126e-23, nan 
-4.125, -59.375, 6.702983070356504e-24, nan 
-3.875, -59.375, 7.260427774049346e-24, nan 
-3.625, -59.375, 1.4630638241676025e-23, nan 
-3.375, -59.375, 1.8374806592441316e-23, nan 
-3.125, -59.375, 1.3850292820387826e-23, nan 
-2.875, -59.375, 4.203134799025941e-23, nan 
-2.625, -59.375, 8.078890710005389e-23, nan 
-2.375, -59.375, 1.3118743087481906e-22, nan 
-2.125, -59.375, 1.380298637050594e-22, nan 
-1.875, -59.375, 1.0422234225868683e-22, nan 
-1.625, -59.375, 5.003936813662928e-23, nan 
-1.375, -59.375, 6.739611968475956e-23, nan 
-1.125, -59.375, 6.660504712755602e-23, nan 
-0.875, -59.375, 6.873067511365079e-23, nan 
-0.625, -59.375, 5.627687217474071e-23, nan 
-0.375, -59.375, 6.701349565192299e-23, nan 
-0.125, -59.375, 5.942103524206276e-23, nan 
0.125, -59.375, 3.520218062032692e-23, nan 
0.375, -59.375, 4.713002714594918e-23, nan 
0.625, -59.375, 4.7066609736277485e-23, nan 
0.875, -59.375, 3.448585036779704e-23, nan 
1.125, -59.375, 2.134075014751975e-23, nan 
1.375, -59.375, 5.924763727799999e-23, nan 
1.625, -59.375, 7.899348144306301e-23, nan 
1.875, -59.375, 4.748329278943054e-23, nan 
2.125, -59.375, 7.400305471145919e-23, nan 
2.375, -59.375, 7.132814150233307e-23, nan 
2.625, -59.375, 3.364670436235924e-23, nan 
2.875, -59.375, 4.4119656688398714e-23, nan 
3.125, -59.375, 3.0233177175149153e-23, nan 
-20.875, -59.125, 8.424042205368374e-23, nan 
-20.625, -59.125, 9.956681623554702e-23, nan 
-20.375, -59.125, 1.3075764839036302e-22, nan 
-20.125, -59.125, 1.308995535317305e-22, nan 
-19.875, -59.125, 1.4486846201123004e-22, nan 
-19.625, -59.125, 1.115516539128441e-22, nan 
-19.375, -59.125, 1.1484771575961825e-22, nan 
-19.125, -59.125, 8.485836734889564e-23, nan 
-18.875, -59.125, 4.060305106722875e-23, nan 
-18.625, -59.125, 7.812363702329072e-23, nan 
-18.375, -59.125, 7.184070437423635e-23, nan 
-18.125, -59.125, 3.972588180128753e-23, nan 
-17.875, -59.125, 1.1927909037643814e-22, nan 
-17.625, -59.125, 1.1129541665940461e-22, nan 
-17.375, -59.125, 1.3305968737928246e-22, nan 
-17.125, -59.125, 1.4342670708203969e-22, nan 
-16.875, -59.125, 1.0146625068240892e-22, nan 
-16.625, -59.125, 9.685772208660267e-23, nan 
-16.375, -59.125, 5.846574071195629e-23, nan 
-16.125, -59.125, 7.496386173740384e-23, nan 
-15.875, -59.125, 8.455858096483128e-23, nan 
-15.625, -59.125, 9.42965946275716e-23, nan 
-15.375, -59.125, 7.324882719144008e-23, nan 
-15.125, -59.125, 5.713778203250814e-23, nan 
-14.875, -59.125, 3.4295534499630584e-23, nan 
-14.625, -59.125, 2.752200562021117e-23, nan 
-14.375, -59.125, 3.3008001713206595e-23, nan 
-14.125, -59.125, 2.8405225852048786e-23, nan 
-13.875, -59.125, 4.7780327170380057e-23, nan 
-13.625, -59.125, 6.967831240543813e-23, nan 
-13.375, -59.125, 6.697831853992308e-23, nan 
-13.125, -59.125, 6.293151340220964e-23, nan 
-12.875, -59.125, 8.062379302739684e-23, nan 
-12.625, -59.125, 5.460935628893221e-23, nan 
-12.375, -59.125, 8.252798411194233e-23, nan 
-12.125, -59.125, 8.978056363896973e-23, nan 
-11.875, -59.125, 1.0759738802932048e-22, nan 
-11.625, -59.125, 7.997233558426093e-23, nan 
-11.375, -59.125, 2.630754171610788e-23, nan 
-11.125, -59.125, 1.114165960907507e-23, nan 
-10.875, -59.125, 8.954436603229013e-24, nan 
-10.625, -59.125, 3.0355153093509377e-23, nan 
-10.375, -59.125, 8.674379223238924e-23, nan 
-10.125, -59.125, 8.159774305834275e-23, nan 
-9.875, -59.125, 1.42329439044911e-23, nan 
-9.625, -59.125, 2.2572268919738446e-23, nan 
-9.375, -59.125, 2.6340901216862924e-23, nan 
-9.125, -59.125, 4.0741519790338684e-23, nan 
-8.875, -59.125, 4.543990581460425e-23, nan 
-8.625, -59.125, 3.392051587179039e-23, nan 
-8.375, -59.125, 5.23187712773358e-23, nan 
-8.125, -59.125, 5.325856220785798e-23, nan 
-7.875, -59.125, 4.0216788545977785e-23, nan 
-7.625, -59.125, 3.9830271487550063e-23, nan 
-7.375, -59.125, 2.0399685392951656e-23, nan 
-7.125, -59.125, 1.2892714808855485e-23, nan 
-6.875, -59.125, 8.889180089015674e-24, nan 
-6.625, -59.125, 2.3491300072424165e-23, nan 
-6.375, -59.125, 2.2596709395595995e-23, nan 
-6.125, -59.125, 2.96435621341505e-23, nan 
-5.875, -59.125, 3.3487812127106445e-23, nan 
-5.625, -59.125, 3.354385973725034e-23, nan 
-5.375, -59.125, 3.1527347149705e-23, nan 
-5.125, -59.125, 7.220927651689065e-23, nan 
-4.875, -59.125, 7.824021290366938e-23, nan 
-4.625, -59.125, 1.3259073971584886e-23, nan 
-4.375, -59.125, 9.818667342043696e-24, nan 
-4.125, -59.125, 1.2450975174129454e-23, nan 
-3.875, -59.125, 8.656664293622952e-24, nan 
-3.625, -59.125, 7.37939249972905e-24, nan 
-3.375, -59.125, 6.20137924780568e-24, nan 
-3.125, -59.125, 8.015686766094599e-24, nan 
-2.875, -59.125, 2.5592107170603513e-23, nan 
-2.625, -59.125, 3.1292985169226413e-23, nan 
-2.375, -59.125, 6.046606769261686e-23, nan 
-2.125, -59.125, 1.2818667542726083e-22, nan 
-1.875, -59.125, 1.1449922892259467e-22, nan 
-1.625, -59.125, 5.1003978339179405e-23, nan 
-1.375, -59.125, 3.3570760596990986e-23, nan 
-1.125, -59.125, 3.917404004042115e-23, nan 
-0.875, -59.125, 5.727154533249502e-23, nan 
-0.625, -59.125, 4.550656090437378e-23, nan 
-0.375, -59.125, 7.231675333513335e-23, nan 
-0.125, -59.125, 1.0397007794485962e-22, nan 
0.125, -59.125, 8.781723708821414e-23, nan 
0.375, -59.125, 4.888791957590228e-23, nan 
0.625, -59.125, 4.935310030925468e-23, nan 
0.875, -59.125, 2.9707469321247175e-23, nan 
1.125, -59.125, 8.759990007948507e-23, nan 
1.375, -59.125, 1.1786352411773588e-22, nan 
1.625, -59.125, 1.0943612421597607e-22, nan 
1.875, -59.125, 8.618443368864978e-23, nan 
2.125, -59.125, 8.068168654979634e-23, nan 
2.375, -59.125, 5.275403687445848e-23, nan 
2.625, -59.125, 2.5668292196756439e-23, nan 
2.875, -59.125, 2.979652679994395e-23, nan 
-20.375, -58.875, 6.27494433126629e-23, nan 
-20.125, -58.875, 7.075282710542678e-23, nan 
-19.875, -58.875, 9.059065577013953e-23, nan 
-19.625, -58.875, 7.678504798889375e-23, nan 
-19.375, -58.875, 5.979057746767117e-23, nan 
-19.125, -58.875, 9.579905454960209e-23, nan 
-18.875, -58.875, 7.326932472674066e-23, nan 
-18.625, -58.875, 1.9862453693583503e-23, nan 
-18.375, -58.875, 4.794487519221259e-23, nan 
-18.125, -58.875, 2.444302765639324e-22, nan 
-17.875, -58.875, 2.639027618822707e-22, nan 
-17.625, -58.875, 9.491052937074513e-23, nan 
-17.375, -58.875, 7.174028577321514e-23, nan 
-17.125, -58.875, 1.397318481660867e-22, nan 
-16.875, -58.875, 1.0462147109285782e-22, nan 
-16.625, -58.875, 6.364312983416034e-23, nan 
-16.375, -58.875, 6.527147516637102e-23, nan 
-16.125, -58.875, 3.889480326774646e-23, nan 
-15.875, -58.875, 1.2681304537525647e-23, nan 
-15.625, -58.875, 3.8413791564510515e-23, nan 
-15.375, -58.875, 4.3187669675504554e-23, nan 
-15.125, -58.875, 4.831102586564559e-23, nan 
-14.875, -58.875, 2.1090174081585378e-23, nan 
-14.625, -58.875, 1.8894426924308847e-23, nan 
-14.375, -58.875, 1.35941321214564e-23, nan 
-14.125, -58.875, 5.254009176794062e-24, nan 
-13.875, -58.875, 2.4210970576415447e-23, nan 
-13.625, -58.875, 3.663634763606273e-23, nan 
-13.375, -58.875, 6.0738823416086e-23, nan 
-13.125, -58.875, 5.992201212003464e-23, nan 
-12.875, -58.875, 5.39418015290373e-23, nan 
-12.625, -58.875, 4.026902184176117e-23, nan 
-12.375, -58.875, 2.9432956716145444e-23, nan 
-12.125, -58.875, 4.80108595885462e-23, nan 
-11.875, -58.875, 6.796556382932255e-23, nan 
-11.625, -58.875, 6.076998957061535e-23, nan 
-11.375, -58.875, 6.095440160348303e-23, nan 
-11.125, -58.875, 3.643013124555766e-23, nan 
-10.875, -58.875, 4.29992703892902e-23, nan 
-10.625, -58.875, 5.241296023236859e-23, nan 
-10.375, -58.875, 5.321510651875544e-23, nan 
-10.125, -58.875, 4.3079959873661675e-23, nan 
-9.875, -58.875, 2.4927702035696832e-23, nan 
-9.625, -58.875, 1.9676999293511585e-23, nan 
-9.375, -58.875, 1.8247816245113058e-23, nan 
-9.125, -58.875, 3.894769345995763e-23, nan 
-8.875, -58.875, 4.070795251700744e-23, nan 
-8.625, -58.875, 1.5831156135519804e-23, nan 
-8.375, -58.875, 2.7138535279874e-23, nan 
-8.125, -58.875, 5.2580389999072695e-23, nan 
-7.875, -58.875, 4.7829463864815355e-23, nan 
-7.625, -58.875, 2.3850247805790834e-23, nan 
-7.375, -58.875, 1.795366516565232e-23, nan 
-7.125, -58.875, 1.80869753378542e-23, nan 
-6.875, -58.875, 1.523045710435791e-23, nan 
-6.625, -58.875, 1.7062203748356388e-23, nan 
-6.375, -58.875, 1.8993807304156464e-23, nan 
-6.125, -58.875, 2.6875626689456126e-23, nan 
-5.875, -58.875, 4.3459550596188385e-23, nan 
-5.625, -58.875, 8.916229579796816e-23, nan 
-5.375, -58.875, 8.217726053732912e-23, nan 
-5.125, -58.875, 5.794751474242324e-23, nan 
-4.875, -58.875, 9.113245531327872e-23, nan 
-4.625, -58.875, 7.752147252140502e-23, nan 
-4.375, -58.875, 1.2521513118424293e-23, nan 
-4.125, -58.875, 1.1697574736448103e-23, nan 
-3.875, -58.875, 1.3586847707555026e-23, nan 
-3.625, -58.875, 6.437334185171297e-24, nan 
-3.375, -58.875, 6.4801474878210246e-24, nan 
-3.125, -58.875, 9.553760153149995e-24, nan 
-2.875, -58.875, 1.4400570006522034e-23, nan 
-2.625, -58.875, 4.888934329560619e-23, nan 
-2.375, -58.875, 1.2134891346491112e-22, nan 
-2.125, -58.875, 1.297424426538554e-22, nan 
-1.875, -58.875, 7.157207961557246e-23, nan 
-1.625, -58.875, 4.557102852550074e-23, nan 
-1.375, -58.875, 3.2486535569782567e-23, nan 
-1.125, -58.875, 2.7483184066268966e-23, nan 
-0.875, -58.875, 2.5140725868279573e-23, nan 
-0.625, -58.875, 3.908332907520672e-23, nan 
-0.375, -58.875, 4.528605024885411e-23, nan 
-0.125, -58.875, 3.615328203124778e-23, nan 
0.125, -58.875, 9.775235698591799e-23, nan 
0.375, -58.875, 9.463530373466027e-23, nan 
0.625, -58.875, 2.6286148777439785e-23, nan 
0.875, -58.875, 1.791525123459002e-23, nan 
1.125, -58.875, 5.2288660959694964e-23, nan 
1.375, -58.875, 5.192949603261919e-23, nan 
1.625, -58.875, 5.270802026414285e-23, nan 
1.875, -58.875, 4.3098597422552287e-23, nan 
2.125, -58.875, 5.457899901925944e-23, nan 
2.375, -58.875, 4.8053646628362795e-23, nan 
2.625, -58.875, 1.762608925382386e-23, nan 
2.875, -58.875, 1.289144871356426e-23, nan 
-20.125, -58.625, 6.239420213548487e-23, nan 
-19.875, -58.625, 1.4687668284575707e-22, nan 
-19.625, -58.625, 3.1386229142277423e-22, nan 
-19.375, -58.625, 3.544169875416296e-22, nan 
-19.125, -58.625, 3.7445740162163894e-22, nan 
-18.875, -58.625, 3.4522162931068016e-22, nan 
-18.625, -58.625, 6.192284867142399e-23, nan 
-18.375, -58.625, 9.900913128795002e-23, nan 
-18.125, -58.625, 5.982593167240929e-23, nan 
-17.875, -58.625, 1.1507795541489271e-22, nan 
-17.625, -58.625, 8.886041739739031e-23, nan 
-17.375, -58.625, 4.800110005795119e-23, nan 
-17.125, -58.625, 3.505712477114426e-23, nan 
-16.875, -58.625, 3.7533842089405847e-23, nan 
-16.625, -58.625, 4.5481651477786327e-23, nan 
-16.375, -58.625, 5.780380145309353e-23, nan 
-16.125, -58.625, 4.0552305462743356e-23, nan 
-15.875, -58.625, 7.595748679030033e-23, nan 
-15.625, -58.625, 7.672753908954858e-23, nan 
-15.375, -58.625, 4.4485284691784306e-23, nan 
-15.125, -58.625, 8.249109211001387e-23, nan 
-14.875, -58.625, 7.469089577589819e-23, nan 
-14.625, -58.625, 3.590147670922679e-23, nan 
-14.375, -58.625, 2.1462081469816548e-23, nan 
-14.125, -58.625, 1.3275068782456936e-23, nan 
-13.875, -58.625, 1.0856175275403256e-23, nan 
-13.625, -58.625, 2.2659451874874795e-23, nan 
-13.375, -58.625, 5.818239122365285e-23, nan 
-13.125, -58.625, 9.028682230922317e-23, nan 
-12.875, -58.625, 9.039334649001672e-23, nan 
-12.625, -58.625, 3.522549724892746e-23, nan 
-12.375, -58.625, 3.7233303723966714e-23, nan 
-12.125, -58.625, 3.0709396138227104e-23, nan 
-11.875, -58.625, 6.126983417237359e-23, nan 
-11.625, -58.625, 6.857656915919871e-23, nan 
-11.375, -58.625, 3.7515573255497846e-23, nan 
-11.125, -58.625, 1.3205129422840775e-23, nan 
-10.875, -58.625, 4.4849588718350056e-23, nan 
-10.625, -58.625, 4.743795269417386e-23, nan 
-10.375, -58.625, 3.9681711953671596e-23, nan 
-10.125, -58.625, 4.9280473199195596e-23, nan 
-9.875, -58.625, 4.0638550957221525e-23, nan 
-9.625, -58.625, 8.149687509894717e-24, nan 
-9.375, -58.625, 1.6061007952953087e-23, nan 
-9.125, -58.625, 4.037763763941189e-23, nan 
-8.875, -58.625, 3.9282669510971717e-23, nan 
-8.625, -58.625, 7.938155927922677e-24, nan 
-8.375, -58.625, 5.227070817994986e-24, nan 
-8.125, -58.625, 2.9994607202010505e-23, nan 
-7.875, -58.625, 4.2545580245299354e-23, nan 
-7.625, -58.625, 3.0103379791589205e-23, nan 
-7.375, -58.625, 2.361908873211261e-23, nan 
-7.125, -58.625, 2.3116677034757875e-23, nan 
-6.875, -58.625, 2.3331517707467383e-23, nan 
-6.625, -58.625, 4.0070669586731653e-23, nan 
-6.375, -58.625, 4.3897733370641466e-23, nan 
-6.125, -58.625, 6.543552394105218e-23, nan 
-5.875, -58.625, 6.883790635305732e-23, nan 
-5.625, -58.625, 5.971676690422901e-23, nan 
-5.375, -58.625, 4.8068123342816555e-23, nan 
-5.125, -58.625, 2.253678712752329e-23, nan 
-4.875, -58.625, 6.733288286871563e-23, nan 
-4.625, -58.625, 9.886275466431195e-23, nan 
-4.375, -58.625, 1.1540117579761505e-22, nan 
-4.125, -58.625, 8.727950362992952e-23, nan 
-3.875, -58.625, 6.344055579077651e-23, nan 
-3.625, -58.625, 6.011553912664368e-23, nan 
-3.375, -58.625, 9.344111680144543e-24, nan 
-3.125, -58.625, 2.2056075928299212e-23, nan 
-2.875, -58.625, 3.0794339420643714e-23, nan 
-2.625, -58.625, 9.144014754349575e-23, nan 
-2.375, -58.625, 1.050673699953916e-22, nan 
-2.125, -58.625, 1.0073122050209371e-22, nan 
-1.875, -58.625, 8.527525274750243e-23, nan 
-1.625, -58.625, 5.025768883860309e-23, nan 
-1.375, -58.625, 1.3765829212165256e-23, nan 
-1.125, -58.625, 1.3290339328068755e-23, nan 
-0.875, -58.625, 2.0313362561097457e-23, nan 
-0.625, -58.625, 3.3811824723909984e-23, nan 
-0.375, -58.625, 5.984351058726074e-23, nan 
-0.125, -58.625, 7.06063278854959e-23, nan 
0.125, -58.625, 5.428972707869032e-23, nan 
0.375, -58.625, 2.5397946749203616e-23, nan 
0.625, -58.625, 3.2535790420597455e-23, nan 
0.875, -58.625, 2.845333807025863e-23, nan 
1.125, -58.625, 5.730701335820808e-23, nan 
1.375, -58.625, 7.431854933358231e-23, nan 
1.625, -58.625, 7.672407326932153e-23, nan 
1.875, -58.625, 6.762578403194448e-23, nan 
2.125, -58.625, 5.737845991974756e-23, nan 
2.375, -58.625, 5.561790509069724e-23, nan 
2.625, -58.625, 2.505346645907539e-23, nan 
-19.875, -58.375, 4.0547367551221985e-22, nan 
-19.625, -58.375, 3.9665896553510565e-22, nan 
-19.375, -58.375, 3.500541463024727e-22, nan 
-19.125, -58.375, 3.8250958740974185e-22, nan 
-18.875, -58.375, 6.644910622867448e-22, nan 
-18.625, -58.375, 5.95755124707324e-22, nan 
-18.375, -58.375, 2.254505258279344e-22, nan 
-18.125, -58.375, 1.0254054571867722e-22, nan 
-17.875, -58.375, 3.554015662028884e-23, nan 
-17.625, -58.375, 2.2155291417432618e-23, nan 
-17.375, -58.375, 5.133131671089183e-23, nan 
-17.125, -58.375, 5.386364130156359e-23, nan 
-16.875, -58.375, 7.055427540037664e-23, nan 
-16.625, -58.375, 6.004086167034459e-23, nan 
-16.375, -58.375, 5.354987023988582e-23, nan 
-16.125, -58.375, 5.786971016716963e-23, nan 
-15.875, -58.375, 4.861930714090052e-23, nan 
-15.625, -58.375, 2.208937508400256e-23, nan 
-15.375, -58.375, 2.0033296152601663e-23, nan 
-15.125, -58.375, 1.896996364446423e-23, nan 
-14.875, -58.375, 2.8800693825654954e-23, nan 
-14.625, -58.375, 3.752865375831464e-23, nan 
-14.375, -58.375, 3.7166650779929894e-23, nan 
-14.125, -58.375, 3.074519720540252e-23, nan 
-13.875, -58.375, 1.3096790251592564e-23, nan 
-13.625, -58.375, 2.0544234998683143e-23, nan 
-13.375, -58.375, 2.516741042682255e-23, nan 
-13.125, -58.375, 3.43528851795518e-23, nan 
-12.875, -58.375, 1.2029129891935338e-22, nan 
-12.625, -58.375, 1.1180563145526082e-22, nan 
-12.375, -58.375, 3.42355427854508e-23, nan 
-12.125, -58.375, 3.518790551411496e-23, nan 
-11.875, -58.375, 4.813637564684673e-23, nan 
-11.625, -58.375, 3.2174847972378865e-23, nan 
-11.375, -58.375, 1.577271512373598e-23, nan 
-11.125, -58.375, 1.472826813439273e-23, nan 
-10.875, -58.375, 2.905648448394641e-23, nan 
-10.625, -58.375, 4.90513700491993e-23, nan 
-10.375, -58.375, 5.091704305978964e-23, nan 
-10.125, -58.375, 3.12258454751465e-23, nan 
-9.875, -58.375, 2.0691798265498478e-23, nan 
-9.625, -58.375, 1.0084787571455204e-23, nan 
-9.375, -58.375, 1.0296346517514108e-23, nan 
-9.125, -58.375, 1.762374096666797e-23, nan 
-8.875, -58.375, 2.840768167726775e-23, nan 
-8.625, -58.375, 2.256656529357617e-23, nan 
-8.375, -58.375, 1.7677915171078868e-23, nan 
-8.125, -58.375, 1.5816791887617112e-23, nan 
-7.875, -58.375, 2.899473318905581e-23, nan 
-7.625, -58.375, 3.0452011769061736e-23, nan 
-7.375, -58.375, 2.1503076914550478e-23, nan 
-7.125, -58.375, 1.5848031284134648e-23, nan 
-6.875, -58.375, 3.4386414610847317e-23, nan 
-6.625, -58.375, 3.623450430347436e-23, nan 
-6.375, -58.375, 2.981083344781211e-23, nan 
-6.125, -58.375, 2.1435742397467815e-23, nan 
-5.875, -58.375, 2.7975103810832874e-23, nan 
-5.625, -58.375, 2.1387637192983827e-23, nan 
-5.375, -58.375, 1.5634212445878166e-23, nan 
-5.125, -58.375, 1.46299866617789e-23, nan 
-4.875, -58.375, 5.1543982613795885e-23, nan 
-4.625, -58.375, 7.561862834866705e-23, nan 
-4.375, -58.375, 1.0854349465001806e-22, nan 
-4.125, -58.375, 9.936172172634117e-23, nan 
-3.875, -58.375, 8.419959642854136e-23, nan 
-3.625, -58.375, 1.2332164744033928e-22, nan 
-3.375, -58.375, 1.4693967995587873e-22, nan 
-3.125, -58.375, 1.5885936676241263e-22, nan 
-2.875, -58.375, 1.5551235815926741e-22, nan 
-2.625, -58.375, 1.2035477581141194e-22, nan 
-2.375, -58.375, 6.432721721520079e-23, nan 
-2.125, -58.375, 5.174894711265428e-23, nan 
-1.875, -58.375, 3.346864145682836e-23, nan 
-1.625, -58.375, 2.792237065706251e-23, nan 
-1.375, -58.375, 3.098815239768739e-23, nan 
-1.125, -58.375, 2.8074542598581414e-23, nan 
-0.875, -58.375, 1.1325392640231958e-23, nan 
-0.625, -58.375, 2.678141898702279e-23, nan 
-0.375, -58.375, 4.6095944761529063e-23, nan 
-0.125, -58.375, 5.652906904251309e-23, nan 
0.125, -58.375, 7.182965407289637e-23, nan 
0.375, -58.375, 6.040725843546578e-23, nan 
0.625, -58.375, 5.609229567746272e-23, nan 
0.875, -58.375, 5.2201914969922886e-23, nan 
1.125, -58.375, 5.110242485355048e-23, nan 
1.375, -58.375, 6.22419707401256e-23, nan 
1.625, -58.375, 6.151836137892681e-23, nan 
1.875, -58.375, 5.332248719774792e-23, nan 
2.125, -58.375, 6.60119811082252e-23, nan 
2.375, -58.375, 4.743715614629734e-23, nan 
2.625, -58.375, 1.268868915591617e-23, nan 
-19.625, -58.125, 1.133848657634849e-22, nan 
-19.375, -58.125, 8.417398627123032e-23, nan 
-19.125, -58.125, 1.2103363897777648e-22, nan 
-18.875, -58.125, 1.5788395555220192e-22, nan 
-18.625, -58.125, 3.689512053956928e-22, nan 
-18.375, -58.125, 6.101326724013738e-22, nan 
-18.125, -58.125, 6.279407717722711e-22, nan 
-17.875, -58.125, 2.7867844903707823e-22, nan 
-17.625, -58.125, 1.6967900245589093e-22, nan 
-17.375, -58.125, 1.0827901035620764e-22, nan 
-17.125, -58.125, 3.8056845971752085e-23, nan 
-16.875, -58.125, 6.100637973638393e-23, nan 
-16.625, -58.125, 4.6669107688984835e-23, nan 
-16.375, -58.125, 1.1042136132251407e-22, nan 
-16.125, -58.125, 1.309164833217855e-22, nan 
-15.875, -58.125, 6.708327762790219e-23, nan 
-15.625, -58.125, 3.0808618630050004e-23, nan 
-15.375, -58.125, 9.370975604596528e-24, nan 
-15.125, -58.125, 1.0878970800414263e-23, nan 
-14.875, -58.125, 2.2023682564076084e-23, nan 
-14.625, -58.125, 2.0587643579657828e-23, nan 
-14.375, -58.125, 1.4886817744118583e-23, nan 
-14.125, -58.125, 2.6302183148348942e-23, nan 
-13.875, -58.125, 2.6331028120845003e-23, nan 
-13.625, -58.125, 8.05740527235181e-24, nan 
-13.375, -58.125, 1.2363150206546671e-23, nan 
-13.125, -58.125, 2.5378654287003277e-23, nan 
-12.875, -58.125, 7.834974996680263e-23, nan 
-12.625, -58.125, 9.036111467926216e-23, nan 
-12.375, -58.125, 4.409413266620142e-23, nan 
-12.125, -58.125, 3.3351286438868353e-23, nan 
-11.875, -58.125, 2.882003608446735e-23, nan 
-11.625, -58.125, 4.152565941211334e-23, nan 
-11.375, -58.125, 4.088199876126368e-23, nan 
-11.125, -58.125, 2.4109196952602052e-23, nan 
-10.875, -58.125, 2.3457223657904014e-23, nan 
-10.625, -58.125, 3.3580967670236033e-23, nan 
-10.375, -58.125, 4.460418207838548e-23, nan 
-10.125, -58.125, 3.319370500372064e-23, nan 
-9.875, -58.125, 1.9038316360119382e-23, nan 
-9.625, -58.125, 1.6067975685664182e-23, nan 
-9.375, -58.125, 9.855262924175073e-24, nan 
-9.125, -58.125, 7.386082368744515e-24, nan 
-8.875, -58.125, 1.7591230129676495e-23, nan 
-8.625, -58.125, 2.126474287681094e-23, nan 
-8.375, -58.125, 1.6420667956750105e-23, nan 
-8.125, -58.125, 1.0689579564476017e-23, nan 
-7.875, -58.125, 8.318303240393749e-24, nan 
-7.625, -58.125, 1.651004540910611e-23, nan 
-7.375, -58.125, 1.7216926884922828e-23, nan 
-7.125, -58.125, 1.663822694459944e-23, nan 
-6.875, -58.125, 2.287007194352947e-23, nan 
-6.625, -58.125, 2.6292121087587957e-23, nan 
-6.375, -58.125, 3.576415790893476e-23, nan 
-6.125, -58.125, 3.66303867465718e-23, nan 
-5.875, -58.125, 1.8960969049581418e-23, nan 
-5.625, -58.125, 3.609753943199656e-23, nan 
-5.375, -58.125, 6.25102327452135e-23, nan 
-5.125, -58.125, 4.0503284544228764e-23, nan 
-4.875, -58.125, 4.749573264307296e-23, nan 
-4.625, -58.125, 4.875388006976657e-23, nan 
-4.375, -58.125, 3.634693032311169e-23, nan 
-4.125, -58.125, 3.258668026320351e-23, nan 
-3.875, -58.125, 4.213904729259861e-23, nan 
-3.625, -58.125, 4.660904120483882e-23, nan 
-3.375, -58.125, 1.035970078047259e-22, nan 
-3.125, -58.125, 1.2697337909251684e-22, nan 
-2.875, -58.125, 9.245684575808537e-23, nan 
-2.625, -58.125, 7.003963449626337e-23, nan 
-2.375, -58.125, 5.136354863571059e-23, nan 
-2.125, -58.125, 3.1297524244553266e-23, nan 
-1.875, -58.125, 2.6258518536601128e-23, nan 
-1.625, -58.125, 2.08615290274375e-23, nan 
-1.375, -58.125, 7.143863214839786e-23, nan 
-1.125, -58.125, 9.534675294894791e-24, nan 
-0.875, -58.125, 1.8925012494437975e-23, nan 
-0.625, -58.125, 3.014853642915568e-23, nan 
-0.375, -58.125, 3.552113688226116e-23, nan 
-0.125, -58.125, 6.514514157345618e-23, nan 
0.125, -58.125, 6.228645863830563e-23, nan 
0.375, -58.125, 1.2244680023045282e-22, nan 
0.625, -58.125, 1.2827982580914674e-22, nan 
0.875, -58.125, 4.865102113314029e-23, nan 
1.125, -58.125, 4.2510631669599565e-23, nan 
1.375, -58.125, 2.873936869530029e-23, nan 
1.625, -58.125, 2.801377900794377e-23, nan 
1.875, -58.125, 2.0783105109588103e-23, nan 
2.125, -58.125, 3.719889931819906e-23, nan 
2.375, -58.125, 1.540699968386169e-23, nan 
-19.125, -57.875, 5.457576351679618e-23, nan 
-18.875, -57.875, 9.492212472861504e-23, nan 
-18.625, -57.875, 1.0213940886119275e-22, nan 
-18.375, -57.875, 1.898833856447882e-22, nan 
-18.125, -57.875, 4.1474209359402347e-22, nan 
-17.875, -57.875, 3.847497342840772e-22, nan 
-17.625, -57.875, 3.046509893868178e-22, nan 
-17.375, -57.875, 3.1960478210905807e-22, nan 
-17.125, -57.875, 2.7700730967955798e-22, nan 
-16.875, -57.875, 8.93366059602048e-23, nan 
-16.625, -57.875, 4.078120263275686e-23, nan 
-16.375, -57.875, 4.466274142177165e-23, nan 
-16.125, -57.875, 6.822191407669765e-23, nan 
-15.875, -57.875, 7.999180187197309e-23, nan 
-15.625, -57.875, 7.793120618497134e-23, nan 
-15.375, -57.875, 4.272538633421608e-23, nan 
-15.125, -57.875, 4.247414854446555e-23, nan 
-14.875, -57.875, 3.6268112475528186e-23, nan 
-14.625, -57.875, 1.4639374371524077e-23, nan 
-14.375, -57.875, 1.0518737260790451e-23, nan 
-14.125, -57.875, 1.1429686598636786e-23, nan 
-13.875, -57.875, 2.505120951904369e-23, nan 
-13.625, -57.875, 2.1059092113999334e-23, nan 
-13.375, -57.875, 9.187294970961693e-24, nan 
-13.125, -57.875, 6.602649598407976e-24, nan 
-12.875, -57.875, 3.0097793968976646e-23, nan 
-12.625, -57.875, 5.454976780770108e-23, nan 
-12.375, -57.875, 4.725400809820343e-23, nan 
-12.125, -57.875, 2.751397574017303e-23, nan 
-11.875, -57.875, 2.3559596792161837e-23, nan 
-11.625, -57.875, 5.405559115887281e-23, nan 
-11.375, -57.875, 5.278355007425529e-23, nan 
-11.125, -57.875, 2.6297617825098595e-23, nan 
-10.875, -57.875, 1.7357194849351123e-23, nan 
-10.625, -57.875, 1.7944719535059955e-23, nan 
-10.375, -57.875, 3.014446552423684e-23, nan 
-10.125, -57.875, 3.7877342349492517e-23, nan 
-9.875, -57.875, 3.0150717647206704e-23, nan 
-9.625, -57.875, 7.855929120247917e-24, nan 
-9.375, -57.875, 7.866582214208575e-24, nan 
-9.125, -57.875, 1.375878777909097e-23, nan 
-8.875, -57.875, 1.3181226847324718e-23, nan 
-8.625, -57.875, 1.9271645192553248e-23, nan 
-8.375, -57.875, 1.8618981109609997e-23, nan 
-8.125, -57.875, 1.0557205338452549e-23, nan 
-7.875, -57.875, 1.0023133294170116e-23, nan 
-7.625, -57.875, 2.6357070745573868e-23, nan 
-7.375, -57.875, 2.654971612345212e-23, nan 
-7.125, -57.875, 1.8583717228704088e-23, nan 
-6.875, -57.875, 2.6290454470561573e-23, nan 
-6.625, -57.875, 2.257817136009327e-23, nan 
-6.375, -57.875, 1.8860411620789743e-23, nan 
-6.125, -57.875, 3.2616876144457184e-23, nan 
-5.875, -57.875, 3.0515138627256756e-23, nan 
-5.625, -57.875, 2.853374718606264e-23, nan 
-5.375, -57.875, 5.2494428282413547e-23, nan 
-5.125, -57.875, 3.038047914780325e-23, nan 
-4.875, -57.875, 2.499587665211783e-23, nan 
-4.625, -57.875, 2.771909343381044e-23, nan 
-4.375, -57.875, 3.06041094253435e-23, nan 
-4.125, -57.875, 3.1985607570839794e-23, nan 
-3.875, -57.875, 3.9402329649019124e-23, nan 
-3.625, -57.875, 5.355664325001242e-23, nan 
-3.375, -57.875, 7.055256194459125e-23, nan 
-3.125, -57.875, 7.786271647591131e-23, nan 
-2.875, -57.875, 7.235177226045005e-23, nan 
-2.625, -57.875, 7.988632144129692e-23, nan 
-2.375, -57.875, 8.719717670283691e-23, nan 
-2.125, -57.875, 5.137625147068674e-23, nan 
-1.875, -57.875, 3.511103081097474e-23, nan 
-1.625, -57.875, 1.1812931590186052e-22, nan 
-1.375, -57.875, 1.8777698245346928e-22, nan 
-1.125, -57.875, 1.4575085820940931e-22, nan 
-0.875, -57.875, 1.1529982753428384e-22, nan 
-0.625, -57.875, 1.0291699511357257e-22, nan 
-0.375, -57.875, 9.278838783448648e-23, nan 
-0.125, -57.875, 6.245814869866484e-23, nan 
0.125, -57.875, 7.552004871540703e-23, nan 
0.375, -57.875, 1.0494158400634247e-22, nan 
0.625, -57.875, 7.900830735162864e-23, nan 
0.875, -57.875, 1.0731378287975268e-23, nan 
1.125, -57.875, 2.0168151072163354e-23, nan 
1.375, -57.875, 1.8589203077023283e-23, nan 
1.625, -57.875, 3.213177461676161e-23, nan 
1.875, -57.875, 5.266414598597983e-23, nan 
2.125, -57.875, 4.0707518036918054e-23, nan 
-18.875, -57.625, 1.799409037933888e-23, nan 
-18.625, -57.625, 2.8954464792350755e-23, nan 
-18.375, -57.625, 2.6055299554787574e-23, nan 
-18.125, -57.625, 5.26115981077543e-23, nan 
-17.875, -57.625, 1.3022472989327452e-22, nan 
-17.625, -57.625, 1.9956800816921488e-22, nan 
-17.375, -57.625, 2.8681015646967286e-22, nan 
-17.125, -57.625, 2.745753107155343e-22, nan 
-16.875, -57.625, 1.7376523669979076e-22, nan 
-16.625, -57.625, 1.321430214933661e-22, nan 
-16.375, -57.625, 5.149992615767934e-23, nan 
-16.125, -57.625, 4.8838503849459596e-23, nan 
-15.875, -57.625, 1.9818700863962754e-23, nan 
-15.625, -57.625, 4.2463959158093566e-23, nan 
-15.375, -57.625, 4.199008866870001e-23, nan 
-15.125, -57.625, 2.914528948597853e-23, nan 
-14.875, -57.625, 1.5599624144454732e-23, nan 
-14.625, -57.625, 2.097527971747966e-23, nan 
-14.375, -57.625, 2.2611892658213724e-23, nan 
-14.125, -57.625, 1.9952720696218223e-23, nan 
-13.875, -57.625, 1.7898297445151076e-23, nan 
-13.625, -57.625, 1.0693259529100454e-23, nan 
-13.375, -57.625, 1.2049628547113294e-23, nan 
-13.125, -57.625, 1.0592772207019216e-23, nan 
-12.875, -57.625, 8.680212846175031e-24, nan 
-12.625, -57.625, 3.0717722973032724e-23, nan 
-12.375, -57.625, 3.617011607088563e-23, nan 
-12.125, -57.625, 2.39554292560602e-23, nan 
-11.875, -57.625, 2.5352599195952412e-23, nan 
-11.625, -57.625, 3.129147158036718e-23, nan 
-11.375, -57.625, 3.910429938406351e-23, nan 
-11.125, -57.625, 3.6114075716202175e-23, nan 
-10.875, -57.625, 8.770857202798937e-24, nan 
-10.625, -57.625, 1.9303600772873163e-23, nan 
-10.375, -57.625, 3.3638226322516846e-23, nan 
-10.125, -57.625, 4.2441400764917003e-23, nan 
-9.875, -57.625, 3.6073635338310595e-23, nan 
-9.625, -57.625, 3.3732584188855557e-23, nan 
-9.375, -57.625, 2.437629655327715e-23, nan 
-9.125, -57.625, 1.8255897406410063e-23, nan 
-8.875, -57.625, 1.4586369779259522e-23, nan 
-8.625, -57.625, 2.0288388218494343e-23, nan 
-8.375, -57.625, 1.5346625677901523e-23, nan 
-8.125, -57.625, 1.5521478144499947e-23, nan 
-7.875, -57.625, 1.691996542056822e-23, nan 
-7.625, -57.625, 1.836337888254623e-23, nan 
-7.375, -57.625, 1.5843250715818142e-23, nan 
-7.125, -57.625, 1.5931471947990201e-23, nan 
-6.875, -57.625, 2.221313102707904e-23, nan 
-6.625, -57.625, 1.6822284052460402e-23, nan 
-6.375, -57.625, 1.313278760739921e-23, nan 
-6.125, -57.625, 3.416664636671222e-23, nan 
-5.875, -57.625, 4.089961254193921e-23, nan 
-5.625, -57.625, 2.5064047281257562e-23, nan 
-5.375, -57.625, 2.4560882782155e-23, nan 
-5.125, -57.625, 1.9477752302087992e-23, nan 
-4.875, -57.625, 1.398531901168831e-23, nan 
-4.625, -57.625, 7.399680908449644e-24, nan 
-4.375, -57.625, 1.3130396405965527e-23, nan 
-4.125, -57.625, 2.0385991507079874e-23, nan 
-3.875, -57.625, 2.571271105623419e-23, nan 
-3.625, -57.625, 4.2955938562249223e-23, nan 
-3.375, -57.625, 8.872845245908626e-23, nan 
-3.125, -57.625, 9.235659079065784e-23, nan 
-2.875, -57.625, 5.592356088921673e-23, nan 
-2.625, -57.625, 5.183086861867314e-23, nan 
-2.375, -57.625, 1.2621545659901233e-22, nan 
-2.125, -57.625, 1.1930652200957057e-22, nan 
-1.875, -57.625, 4.242303219300514e-23, nan 
-1.625, -57.625, 6.570218710964069e-23, nan 
-1.375, -57.625, 1.0501574741814348e-22, nan 
-1.125, -57.625, 1.262831700220837e-22, nan 
-0.875, -57.625, 1.3867953269065923e-22, nan 
-0.625, -57.625, 1.0310551354751499e-22, nan 
-0.375, -57.625, 9.931232738586082e-23, nan 
-0.125, -57.625, 8.359670642859671e-23, nan 
0.125, -57.625, 5.2246175635244364e-23, nan 
0.375, -57.625, 5.428108036202071e-23, nan 
0.625, -57.625, 5.005027194713147e-23, nan 
0.875, -57.625, 3.2910874361943416e-23, nan 
1.125, -57.625, 2.838371070725672e-23, nan 
1.375, -57.625, 3.0265463167602446e-23, nan 
1.625, -57.625, 5.216018230838788e-23, nan 
1.875, -57.625, 6.98494377200704e-23, nan 
2.125, -57.625, 8.69862645586137e-23, nan 
-18.625, -57.375, 1.090837875632575e-23, nan 
-18.375, -57.375, 1.922130836997717e-23, nan 
-18.125, -57.375, 2.681783841183797e-23, nan 
-17.875, -57.375, 8.603984483099478e-23, nan 
-17.625, -57.375, 2.0334598411195984e-22, nan 
-17.375, -57.375, 2.2898581915374365e-22, nan 
-17.125, -57.375, 1.4335833970282877e-22, nan 
-16.875, -57.375, 1.2829655477397843e-22, nan 
-16.625, -57.375, 1.6951749989172058e-22, nan 
-16.375, -57.375, 1.1822106799509673e-22, nan 
-16.125, -57.375, 3.144015856088044e-23, nan 
-15.875, -57.375, 3.692434672709239e-23, nan 
-15.625, -57.375, 3.1023383292367666e-23, nan 
-15.375, -57.375, 2.2536736729968644e-23, nan 
-15.125, -57.375, 2.0987049110840922e-23, nan 
-14.875, -57.375, 1.1807079498806937e-23, nan 
-14.625, -57.375, 1.0124439632032931e-23, nan 
-14.375, -57.375, 1.6707206052967483e-23, nan 
-14.125, -57.375, 1.9390518587530115e-23, nan 
-13.875, -57.375, 1.5724155827634454e-23, nan 
-13.625, -57.375, 1.2496725207417857e-23, nan 
-13.375, -57.375, 8.47963116106124e-24, nan 
-13.125, -57.375, 5.09270182088285e-24, nan 
-12.875, -57.375, 9.920060978044995e-24, nan 
-12.625, -57.375, 1.2020535841878357e-23, nan 
-12.375, -57.375, 1.8190868734712872e-23, nan 
-12.125, -57.375, 2.2727781597876097e-23, nan 
-11.875, -57.375, 2.6234575979591237e-23, nan 
-11.625, -57.375, 3.161761210429792e-23, nan 
-11.375, -57.375, 2.418283746816577e-23, nan 
-11.125, -57.375, 1.7384308127839866e-23, nan 
-10.875, -57.375, 1.361688769219016e-23, nan 
-10.625, -57.375, 1.621586790568856e-23, nan 
-10.375, -57.375, 2.5631868117800335e-23, nan 
-10.125, -57.375, 4.258772909407812e-23, nan 
-9.875, -57.375, 4.6910187359870685e-23, nan 
-9.625, -57.375, 3.42943091156563e-23, nan 
-9.375, -57.375, 2.7706648701281046e-23, nan 
-9.125, -57.375, 1.7512329887524912e-23, nan 
-8.875, -57.375, 1.8736236146737996e-23, nan 
-8.625, -57.375, 1.5782195953765655e-23, nan 
-8.375, -57.375, 1.1352138487538748e-23, nan 
-8.125, -57.375, 2.1748306653181414e-23, nan 
-7.875, -57.375, 2.020431335099043e-23, nan 
-7.625, -57.375, 3.742056930268526e-23, nan 
-7.375, -57.375, 4.1176984831271424e-23, nan 
-7.125, -57.375, 2.4083250892531513e-23, nan 
-6.875, -57.375, 3.3849273562794235e-23, nan 
-6.625, -57.375, 1.9834898254435507e-23, nan 
-6.375, -57.375, 1.0480635810282198e-23, nan 
-6.125, -57.375, 5.883257633665491e-24, nan 
-5.875, -57.375, 3.7615576227346236e-23, nan 
-5.625, -57.375, 4.545276357280467e-23, nan 
-5.375, -57.375, 3.048741666583031e-23, nan 
-5.125, -57.375, 1.4507877726919515e-23, nan 
-4.875, -57.375, 7.997071388096234e-24, nan 
-4.625, -57.375, 1.3696437151941885e-23, nan 
-4.375, -57.375, 1.713092232071094e-23, nan 
-4.125, -57.375, 1.3752497122706595e-23, nan 
-3.875, -57.375, 2.2808598096893042e-23, nan 
-3.625, -57.375, 5.820541548703831e-23, nan 
-3.375, -57.375, 8.265551511346024e-23, nan 
-3.125, -57.375, 7.778361247170742e-23, nan 
-2.875, -57.375, 3.018798629930484e-23, nan 
-2.625, -57.375, 3.362104244238078e-23, nan 
-2.375, -57.375, 1.0165092952717535e-22, nan 
-2.125, -57.375, 9.481573866502982e-23, nan 
-1.875, -57.375, 6.242448061789973e-23, nan 
-1.625, -57.375, 1.179165800160496e-22, nan 
-1.375, -57.375, 1.2012769630476349e-22, nan 
-1.125, -57.375, 5.946380135125258e-23, nan 
-0.875, -57.375, 2.4404041457709077e-23, nan 
-0.625, -57.375, 2.4228625264400422e-23, nan 
-0.375, -57.375, 2.9938501718347956e-23, nan 
-0.125, -57.375, 1.1611601329225812e-22, nan 
0.125, -57.375, 1.078176983708228e-22, nan 
0.375, -57.375, 3.5185319029460675e-23, nan 
0.625, -57.375, 4.0720343634040993e-23, nan 
0.875, -57.375, 2.961844468300735e-23, nan 
1.125, -57.375, 1.5936854397668814e-23, nan 
1.375, -57.375, 4.199445981609593e-23, nan 
1.625, -57.375, 5.339785998326909e-23, nan 
1.875, -57.375, 4.3806458902425543e-23, nan 
-18.375, -57.125, 2.2016014194992448e-23, nan 
-18.125, -57.125, 1.5698251490864406e-23, nan 
-17.875, -57.125, 3.880991431086708e-23, nan 
-17.625, -57.125, 1.4933206367033054e-22, nan 
-17.375, -57.125, 2.6054315851272587e-22, nan 
-17.125, -57.125, 2.0808064240820965e-22, nan 
-16.875, -57.125, 7.002359046955938e-23, nan 
-16.625, -57.125, 1.3265212965130172e-22, nan 
-16.375, -57.125, 1.4917165751681908e-22, nan 
-16.125, -57.125, 8.969514097298148e-23, nan 
-15.875, -57.125, 2.962918371004005e-23, nan 
-15.625, -57.125, 1.8613990323617158e-23, nan 
-15.375, -57.125, 2.1006114362066018e-23, nan 
-15.125, -57.125, 3.262835562932658e-23, nan 
-14.875, -57.125, 3.326955869882664e-23, nan 
-14.625, -57.125, 2.960646465744436e-23, nan 
-14.375, -57.125, 2.1766139202216877e-23, nan 
-14.125, -57.125, 1.702618913064944e-23, nan 
-13.875, -57.125, 9.49302125513913e-24, nan 
-13.625, -57.125, 1.7454185266107473e-23, nan 
-13.375, -57.125, 1.7788428207082354e-23, nan 
-13.125, -57.125, 3.196734176303301e-23, nan 
-12.875, -57.125, 2.9662407750841393e-23, nan 
-12.625, -57.125, 4.235403798711469e-23, nan 
-12.375, -57.125, 4.0194774666170453e-23, nan 
-12.125, -57.125, 2.5812866451878927e-23, nan 
-11.875, -57.125, 5.958350363796434e-23, nan 
-11.625, -57.125, 9.275492973222488e-23, nan 
-11.375, -57.125, 6.924048860135618e-23, nan 
-11.125, -57.125, 7.610905865369936e-23, nan 
-10.875, -57.125, 8.158708198937201e-23, nan 
-10.625, -57.125, 7.048166781875491e-23, nan 
-10.375, -57.125, 2.786149454208309e-23, nan 
-10.125, -57.125, 1.9535492352349877e-23, nan 
-9.875, -57.125, 3.6429226761590496e-23, nan 
-9.625, -57.125, 2.6776547732112405e-23, nan 
-9.375, -57.125, 2.5442464552135222e-23, nan 
-9.125, -57.125, 2.4960214245330055e-23, nan 
-8.875, -57.125, 2.8098000233878775e-23, nan 
-8.625, -57.125, 2.4992711841665135e-23, nan 
-8.375, -57.125, 1.7174548123027407e-23, nan 
-8.125, -57.125, 1.3501168469198012e-23, nan 
-7.875, -57.125, 3.826394108811636e-24, nan 
-7.625, -57.125, 9.255474367575276e-24, nan 
-7.375, -57.125, 2.996573442331081e-23, nan 
-7.125, -57.125, 4.880735370163722e-23, nan 
-6.875, -57.125, 5.074359194891783e-23, nan 
-6.625, -57.125, 3.578983928186665e-23, nan 
-6.375, -57.125, 3.7079776242580633e-23, nan 
-6.125, -57.125, 4.66089012402902e-23, nan 
-5.875, -57.125, 4.79866176276566e-23, nan 
-5.625, -57.125, 3.126963227118288e-23, nan 
-5.375, -57.125, 1.663042652386666e-23, nan 
-5.125, -57.125, 1.6618444557618905e-23, nan 
-4.875, -57.125, 1.4075722279849653e-23, nan 
-4.625, -57.125, 1.2368350472204047e-23, nan 
-4.375, -57.125, 3.7641984784870017e-23, nan 
-4.125, -57.125, 3.85878729549336e-23, nan 
-3.875, -57.125, 9.343111400877502e-24, nan 
-3.625, -57.125, 1.0990616317323726e-23, nan 
-3.375, -57.125, 2.1417346519303794e-23, nan 
-3.125, -57.125, 5.765086832980698e-23, nan 
-2.875, -57.125, 4.6341074048677546e-23, nan 
-2.625, -57.125, 5.920373790348236e-23, nan 
-2.375, -57.125, 7.226581300683424e-23, nan 
-2.125, -57.125, 2.6102090201146507e-23, nan 
-1.875, -57.125, 1.0547609399726527e-23, nan 
-1.625, -57.125, 1.5242938112153277e-22, nan 
-1.375, -57.125, 1.6820315359435877e-22, nan 
-1.125, -57.125, 4.6526453706593927e-23, nan 
-0.875, -57.125, 1.9347964322053828e-23, nan 
-0.625, -57.125, 9.041314722610458e-24, nan 
-0.375, -57.125, 7.203915546732268e-24, nan 
-0.125, -57.125, 8.565948789964058e-23, nan 
0.125, -57.125, 9.857586571848638e-23, nan 
0.375, -57.125, 6.596815929221574e-23, nan 
0.625, -57.125, 5.755597104652982e-23, nan 
0.875, -57.125, 4.342841636880181e-23, nan 
1.125, -57.125, 2.2349439571228065e-23, nan 
1.375, -57.125, 1.876211638604784e-23, nan 
1.625, -57.125, 3.795067502779318e-23, nan 
1.875, -57.125, 3.2574304452349206e-23, nan 
-17.875, -56.875, 2.1335297704190892e-23, nan 
-17.625, -56.875, 1.0943874142031907e-22, nan 
-17.375, -56.875, 2.7345336816689063e-22, nan 
-17.125, -56.875, 2.3979194244199826e-22, nan 
-16.875, -56.875, 8.988713159597378e-23, nan 
-16.625, -56.875, 8.312548398060819e-23, nan 
-16.375, -56.875, 7.627170533880126e-23, nan 
-16.125, -56.875, 6.744711529009515e-23, nan 
-15.875, -56.875, 5.082917207524455e-23, nan 
-15.625, -56.875, 5.471512439170014e-23, nan 
-15.375, -56.875, 3.328958794938271e-23, nan 
-15.125, -56.875, 3.5645084355954574e-23, nan 
-14.875, -56.875, 3.705583616269884e-23, nan 
-14.625, -56.875, 2.4029247144133267e-23, nan 
-14.375, -56.875, 1.2969857485788323e-23, nan 
-14.125, -56.875, 1.9813528608017182e-23, nan 
-13.875, -56.875, 2.7641419271914866e-23, nan 
-13.625, -56.875, 2.5913660145877288e-23, nan 
-13.375, -56.875, 4.368210212063543e-23, nan 
-13.125, -56.875, 5.875334281353306e-23, nan 
-12.875, -56.875, 4.313429447941291e-23, nan 
-12.625, -56.875, 1.216911383219433e-22, nan 
-12.375, -56.875, 1.1032651271014106e-22, nan 
-12.125, -56.875, 2.5502671934648002e-23, nan 
-11.875, -56.875, 2.0729016716548955e-22, nan 
-11.625, -56.875, 2.1658212185378204e-22, nan 
-11.375, -56.875, 6.573476840704947e-23, nan 
-11.125, -56.875, 7.117971522813705e-23, nan 
-10.875, -56.875, 7.984623608002238e-23, nan 
-10.625, -56.875, 1.1653423740596856e-22, nan 
-10.375, -56.875, 1.1330057774025275e-22, nan 
-10.125, -56.875, 5.492899420481747e-23, nan 
-9.875, -56.875, 2.5823100492911726e-23, nan 
-9.625, -56.875, 1.2534590294770253e-23, nan 
-9.375, -56.875, 1.1390038098946542e-23, nan 
-9.125, -56.875, 1.705387460516182e-23, nan 
-8.875, -56.875, 1.8206649176202018e-23, nan 
-8.625, -56.875, 2.052848165497364e-23, nan 
-8.375, -56.875, 1.7613679383672994e-23, nan 
-8.125, -56.875, 1.3077657919077693e-23, nan 
-7.875, -56.875, 1.8539958096229992e-23, nan 
-7.625, -56.875, 3.054908259649583e-23, nan 
-7.375, -56.875, 3.160504564259118e-23, nan 
-7.125, -56.875, 3.7318144332175707e-23, nan 
-6.875, -56.875, 2.8832411321300503e-23, nan 
-6.625, -56.875, 3.8563883963065103e-23, nan 
-6.375, -56.875, 4.552710016110527e-23, nan 
-6.125, -56.875, 3.433707821373093e-23, nan 
-5.875, -56.875, 1.5650716490444116e-23, nan 
-5.625, -56.875, 2.3652653315214967e-23, nan 
-5.375, -56.875, 2.4111906811932234e-23, nan 
-5.125, -56.875, 1.7585729063457628e-23, nan 
-4.875, -56.875, 7.940022833775931e-24, nan 
-4.625, -56.875, 1.6539594096777444e-23, nan 
-4.375, -56.875, 2.0489173917136375e-23, nan 
-4.125, -56.875, 3.450559921114546e-23, nan 
-3.875, -56.875, 2.838049352917115e-23, nan 
-3.625, -56.875, 1.8402834552717468e-23, nan 
-3.375, -56.875, 1.640951827548276e-23, nan 
-3.125, -56.875, 1.8252035214703585e-23, nan 
-2.875, -56.875, 1.9966603590729423e-23, nan 
-2.625, -56.875, 2.2943483024482638e-23, nan 
-2.375, -56.875, 3.0861627634913253e-23, nan 
-2.125, -56.875, 2.5389413769490486e-23, nan 
-1.875, -56.875, 1.2201938102157819e-23, nan 
-1.625, -56.875, 1.6092950253377065e-23, nan 
-1.375, -56.875, 1.0120732354542291e-22, nan 
-1.125, -56.875, 9.554696693748071e-23, nan 
-0.875, -56.875, 7.24670112874527e-23, nan 
-0.625, -56.875, 7.538309389962652e-23, nan 
-0.375, -56.875, 1.0894082111741374e-22, nan 
-0.125, -56.875, 1.185529327696914e-22, nan 
0.125, -56.875, 8.7047089283132e-23, nan 
0.375, -56.875, 7.521890575395242e-23, nan 
0.625, -56.875, 9.050015229965606e-23, nan 
0.875, -56.875, 6.414065875460958e-23, nan 
1.125, -56.875, 2.8905188082905397e-23, nan 
1.375, -56.875, 2.5369809130338447e-23, nan 
1.625, -56.875, 8.840597047585181e-24, nan 
-17.625, -56.625, 2.650586695398402e-22, nan 
-17.375, -56.625, 3.266795284934018e-22, nan 
-17.125, -56.625, 1.584968409974421e-22, nan 
-16.875, -56.625, 1.0506770770242971e-22, nan 
-16.625, -56.625, 1.0886114335459467e-22, nan 
-16.375, -56.625, 8.362033178861803e-23, nan 
-16.125, -56.625, 5.069491070036402e-23, nan 
-15.875, -56.625, 2.7535362901084734e-23, nan 
-15.625, -56.625, 2.97966560817373e-23, nan 
-15.375, -56.625, 1.806684950760162e-23, nan 
-15.125, -56.625, 1.6318098940152658e-23, nan 
-14.875, -56.625, 1.1313637594387492e-23, nan 
-14.625, -56.625, 4.8675072609446866e-24, nan 
-14.375, -56.625, 1.7601128262752925e-23, nan 
-14.125, -56.625, 2.2603845699952654e-23, nan 
-13.875, -56.625, 1.3365390057960974e-23, nan 
-13.625, -56.625, 8.008173020605833e-24, nan 
-13.375, -56.625, 9.6164147000439e-24, nan 
-13.125, -56.625, 3.0313874951350934e-23, nan 
-12.875, -56.625, 4.1420941804734176e-23, nan 
-12.625, -56.625, 5.24684071988404e-23, nan 
-12.375, -56.625, 2.9829609738198056e-23, nan 
-12.125, -56.625, 3.3344072895327714e-23, nan 
-11.875, -56.625, 1.1775845370591095e-22, nan 
-11.625, -56.625, 1.3605682815649486e-22, nan 
-11.375, -56.625, 3.8484849178108695e-23, nan 
-11.125, -56.625, 1.2482019888990005e-23, nan 
-10.875, -56.625, 1.7661338148334975e-23, nan 
-10.625, -56.625, 3.741927263575179e-23, nan 
-10.375, -56.625, 1.3755017303976363e-22, nan 
-10.125, -56.625, 1.2023596736862134e-22, nan 
-9.875, -56.625, 1.9749797960271084e-23, nan 
-9.625, -56.625, 1.5437912297025165e-23, nan 
-9.375, -56.625, 1.0795704421447105e-23, nan 
-9.125, -56.625, 9.723698110388876e-24, nan 
-8.875, -56.625, 7.867411264705651e-24, nan 
-8.625, -56.625, 7.758023115488427e-24, nan 
-8.375, -56.625, 8.840287755312438e-24, nan 
-8.125, -56.625, 1.6608185930065735e-23, nan 
-7.875, -56.625, 2.5956720754262254e-23, nan 
-7.625, -56.625, 2.731447283271116e-23, nan 
-7.375, -56.625, 7.367627821406558e-23, nan 
-7.125, -56.625, 8.929723567175564e-23, nan 
-6.875, -56.625, 7.666948286916577e-23, nan 
-6.625, -56.625, 1.7159366588379864e-23, nan 
-6.375, -56.625, 1.9567206137204836e-23, nan 
-6.125, -56.625, 1.9123768002338268e-23, nan 
-5.875, -56.625, 8.670982787524876e-24, nan 
-5.625, -56.625, 3.082115247924967e-23, nan 
-5.375, -56.625, 8.297660942818163e-23, nan 
-5.125, -56.625, 9.342195911520742e-23, nan 
-4.875, -56.625, 1.0488658622300259e-22, nan 
-4.625, -56.625, 1.0231076584396349e-22, nan 
-4.375, -56.625, 7.269933706171807e-23, nan 
-4.125, -56.625, 4.9459730637371375e-23, nan 
-3.875, -56.625, 3.986383334679418e-23, nan 
-3.625, -56.625, 1.9680571209674124e-23, nan 
-3.375, -56.625, 1.715297292228586e-23, nan 
-3.125, -56.625, 3.7390015093356454e-23, nan 
-2.875, -56.625, 3.887827041322754e-23, nan 
-2.625, -56.625, 3.1644638901845013e-23, nan 
-2.375, -56.625, 3.1785791670905244e-23, nan 
-2.125, -56.625, 2.0404205118264326e-23, nan 
-1.875, -56.625, 3.004127659626556e-23, nan 
-1.625, -56.625, 3.177218939113435e-23, nan 
-1.375, -56.625, 2.2609515444390714e-23, nan 
-1.125, -56.625, 1.5657586973083653e-23, nan 
-0.875, -56.625, 5.714477894633222e-23, nan 
-0.625, -56.625, 8.375573624886331e-23, nan 
-0.375, -56.625, 8.456402776889357e-23, nan 
-0.125, -56.625, 3.979164693522947e-23, nan 
0.125, -56.625, 1.7103407442114962e-23, nan 
0.375, -56.625, 3.306832671348631e-23, nan 
0.625, -56.625, 4.643111132336428e-23, nan 
0.875, -56.625, 4.811079154688131e-23, nan 
1.125, -56.625, 4.496481678015633e-23, nan 
1.375, -56.625, 4.003648964009678e-23, nan 
-17.375, -56.375, 3.8677885090313195e-22, nan 
-17.125, -56.375, 1.6395446966419893e-22, nan 
-16.875, -56.375, 1.320444640491502e-22, nan 
-16.625, -56.375, 7.728354403097372e-23, nan 
-16.375, -56.375, 4.3071358246532973e-23, nan 
-16.125, -56.375, 1.7103001789938597e-23, nan 
-15.875, -56.375, 2.361425471233339e-23, nan 
-15.625, -56.375, 2.0932808827850049e-23, nan 
-15.375, -56.375, 1.4133708041721503e-23, nan 
-15.125, -56.375, 8.845476233571249e-24, nan 
-14.875, -56.375, 1.0577758208256753e-23, nan 
-14.625, -56.375, 8.994294836068812e-24, nan 
-14.375, -56.375, 7.895872250828493e-24, nan 
-14.125, -56.375, 8.16415433318479e-24, nan 
-13.875, -56.375, 1.2621592983700153e-23, nan 
-13.625, -56.375, 1.7003887695047623e-23, nan 
-13.375, -56.375, 1.8520034272477202e-23, nan 
-13.125, -56.375, 1.400667462211318e-23, nan 
-12.875, -56.375, 1.6879928674682747e-23, nan 
-12.625, -56.375, 2.3837851042018002e-23, nan 
-12.375, -56.375, 2.5640346601539695e-23, nan 
-12.125, -56.375, 1.3015593934772829e-23, nan 
-11.875, -56.375, 1.3597772324341263e-23, nan 
-11.625, -56.375, 1.5165050200830332e-22, nan 
-11.375, -56.375, 1.5853245655744652e-22, nan 
-11.125, -56.375, 8.594913398488553e-23, nan 
-10.875, -56.375, 7.849376125043137e-23, nan 
-10.625, -56.375, 1.1086566360610581e-22, nan 
-10.375, -56.375, 1.0292867181886703e-22, nan 
-10.125, -56.375, 2.0661517860847904e-23, nan 
-9.875, -56.375, 1.1260301020497251e-23, nan 
-9.625, -56.375, 1.0354068971466665e-23, nan 
-9.375, -56.375, 1.5824611552454095e-23, nan 
-9.125, -56.375, 9.094275185747523e-24, nan 
-8.875, -56.375, 1.5160579731905858e-23, nan 
-8.625, -56.375, 1.6186247493025008e-23, nan 
-8.375, -56.375, 4.7577023916132246e-24, nan 
-8.125, -56.375, 1.348278277359154e-23, nan 
-7.875, -56.375, 2.0874980055998908e-23, nan 
-7.625, -56.375, 1.465398791720466e-22, nan 
-7.375, -56.375, 1.6839939388951697e-22, nan 
-7.125, -56.375, 1.002128507937162e-22, nan 
-6.875, -56.375, 1.7548566880501844e-22, nan 
-6.625, -56.375, 1.7689002766881148e-22, nan 
-6.375, -56.375, 1.511428496817331e-23, nan 
-6.125, -56.375, 1.550748003731564e-23, nan 
-5.875, -56.375, 4.922127281192993e-23, nan 
-5.625, -56.375, 1.1356748355404156e-22, nan 
-5.375, -56.375, 1.2454947565002591e-22, nan 
-5.125, -56.375, 9.110139775468875e-23, nan 
-4.875, -56.375, 1.0314664732487954e-22, nan 
-4.625, -56.375, 1.3488887848482609e-22, nan 
-4.375, -56.375, 1.764458430171957e-22, nan 
-4.125, -56.375, 1.331779497726973e-22, nan 
-3.875, -56.375, 4.03959276272855e-23, nan 
-3.625, -56.375, 2.9070110567544635e-23, nan 
-3.375, -56.375, 3.688200640472099e-23, nan 
-3.125, -56.375, 2.5835373648485578e-23, nan 
-2.875, -56.375, 1.7147627610757286e-23, nan 
-2.625, -56.375, 2.3079436641348677e-23, nan 
-2.375, -56.375, 2.5557433384381542e-23, nan 
-2.125, -56.375, 2.1064475036592e-23, nan 
-1.875, -56.375, 2.178659636714561e-23, nan 
-1.625, -56.375, 1.4522568071378073e-23, nan 
-1.375, -56.375, 7.232281911667121e-24, nan 
-1.125, -56.375, 1.0731365058227526e-23, nan 
-0.875, -56.375, 1.4091567001527998e-23, nan 
-0.625, -56.375, 1.792131771503999e-23, nan 
-0.375, -56.375, 2.3146215050296424e-23, nan 
-0.125, -56.375, 2.461469332821659e-23, nan 
0.125, -56.375, 1.9618025755519537e-23, nan 
0.375, -56.375, 4.8517139475486197e-23, nan 
0.625, -56.375, 5.664887144486269e-23, nan 
0.875, -56.375, 3.0113791610779135e-23, nan 
1.125, -56.375, 1.3244341687087727e-23, nan 
1.375, -56.375, 2.332048087574452e-23, nan 
-16.875, -56.125, 9.58958868805707e-23, nan 
-16.625, -56.125, 7.053991536139846e-23, nan 
-16.375, -56.125, 2.1296509783187945e-23, nan 
-16.125, -56.125, 7.558683279600734e-24, nan 
-15.875, -56.125, 7.687748012911598e-24, nan 
-15.625, -56.125, 1.4609838809667705e-23, nan 
-15.375, -56.125, 1.8486705180080566e-23, nan 
-15.125, -56.125, 2.1181661527885524e-23, nan 
-14.875, -56.125, 1.960713186543789e-23, nan 
-14.625, -56.125, 1.3590998890134293e-23, nan 
-14.375, -56.125, 9.299525775641269e-24, nan 
-14.125, -56.125, 9.022584417249673e-24, nan 
-13.875, -56.125, 1.264977574145708e-23, nan 
-13.625, -56.125, 1.9086673912928644e-23, nan 
-13.375, -56.125, 1.793931667426809e-23, nan 
-13.125, -56.125, 1.4597038217215696e-23, nan 
-12.875, -56.125, 9.53692835230692e-24, nan 
-12.625, -56.125, 1.5160440690037944e-23, nan 
-12.375, -56.125, 1.970778995379123e-23, nan 
-12.125, -56.125, 2.3649637376114295e-23, nan 
-11.875, -56.125, 2.1564158768512782e-23, nan 
-11.625, -56.125, 2.3160327416732102e-23, nan 
-11.375, -56.125, 8.245629006779781e-23, nan 
-11.125, -56.125, 8.570231723973936e-23, nan 
-10.875, -56.125, 8.00654960541749e-23, nan 
-10.625, -56.125, 5.854622913977342e-23, nan 
-10.375, -56.125, 1.2592252339857664e-23, nan 
-10.125, -56.125, 1.2342851275840416e-23, nan 
-9.875, -56.125, 2.3201255973855542e-23, nan 
-9.625, -56.125, 2.8296625883767473e-23, nan 
-9.375, -56.125, 2.696175567084471e-23, nan 
-9.125, -56.125, 1.914486996141099e-23, nan 
-8.875, -56.125, 1.701573879186154e-23, nan 
-8.625, -56.125, 1.0015816149846969e-23, nan 
-8.375, -56.125, 1.3563807851682016e-23, nan 
-8.125, -56.125, 1.6732105954643213e-23, nan 
-7.875, -56.125, 1.5590271692482684e-23, nan 
-7.625, -56.125, 1.8881469242432125e-22, nan 
-7.375, -56.125, 2.0923256970711797e-22, nan 
-7.125, -56.125, 3.4126348682144055e-23, nan 
-6.875, -56.125, 7.938222942886588e-23, nan 
-6.625, -56.125, 2.118034261507597e-22, nan 
-6.375, -56.125, 1.6409506182193202e-22, nan 
-6.125, -56.125, 1.7924823683299967e-23, nan 
-5.875, -56.125, 9.698919823932214e-23, nan 
-5.625, -56.125, 1.1664093235660986e-22, nan 
-5.375, -56.125, 4.6392126414940815e-23, nan 
-5.125, -56.125, 1.3052192065015001e-23, nan 
-4.875, -56.125, 1.0999212207411149e-23, nan 
-4.625, -56.125, 2.9298253840570267e-23, nan 
-4.375, -56.125, 1.647021559424879e-22, nan 
-4.125, -56.125, 1.5970146211427303e-22, nan 
-3.875, -56.125, 4.0183399898307994e-23, nan 
-3.625, -56.125, 4.886715190574694e-23, nan 
-3.375, -56.125, 5.928852790453126e-23, nan 
-3.125, -56.125, 3.926832638885362e-23, nan 
-2.875, -56.125, 2.724137775681854e-23, nan 
-2.625, -56.125, 1.398793772434524e-23, nan 
-2.375, -56.125, 1.1091759786279938e-23, nan 
-2.125, -56.125, 1.1468413172512662e-23, nan 
-1.875, -56.125, 1.3771903681909112e-23, nan 
-1.625, -56.125, 1.30169806959803e-23, nan 
-1.375, -56.125, 1.422913940357281e-23, nan 
-1.125, -56.125, 1.413688127002521e-23, nan 
-0.875, -56.125, 4.895103016070554e-24, nan 
-0.625, -56.125, 1.678786689680333e-23, nan 
-0.375, -56.125, 1.4900034539579236e-23, nan 
-0.125, -56.125, 1.9128451424153535e-23, nan 
0.125, -56.125, 9.434981341450433e-24, nan 
0.375, -56.125, 4.003978484715425e-23, nan 
0.625, -56.125, 6.1811723678479e-23, nan 
0.875, -56.125, 4.951960238710507e-23, nan 
1.125, -56.125, 1.1911443109439128e-23, nan 
-16.625, -55.875, 3.2829684332112393e-23, nan 
-16.375, -55.875, 2.108760640457883e-23, nan 
-16.125, -55.875, 9.961390011862652e-23, nan 
-15.875, -55.875, 9.347124815365888e-23, nan 
-15.625, -55.875, 1.5257409406851902e-23, nan 
-15.375, -55.875, 1.5544042248659046e-23, nan 
-15.125, -55.875, 1.4506041369674133e-23, nan 
-14.875, -55.875, 7.916415343566384e-24, nan 
-14.625, -55.875, 5.592959227344949e-24, nan 
-14.375, -55.875, 1.1847816588201796e-23, nan 
-14.125, -55.875, 2.7549711811116885e-23, nan 
-13.875, -55.875, 2.179094987107378e-23, nan 
-13.625, -55.875, 2.3164041357697047e-23, nan 
-13.375, -55.875, 2.3041969423758976e-23, nan 
-13.125, -55.875, 1.7393360396566657e-23, nan 
-12.875, -55.875, 2.4192242637839435e-23, nan 
-12.625, -55.875, 2.1563407472527638e-23, nan 
-12.375, -55.875, 2.0732691500123136e-23, nan 
-12.125, -55.875, 2.5530984859720295e-23, nan 
-11.875, -55.875, 3.009576031059029e-23, nan 
-11.625, -55.875, 3.22480727111148e-23, nan 
-11.375, -55.875, 2.4354346934111934e-23, nan 
-11.125, -55.875, 2.848669130569032e-23, nan 
-10.875, -55.875, 3.4519840235852355e-23, nan 
-10.625, -55.875, 3.9606706415020086e-23, nan 
-10.375, -55.875, 3.8557215539716034e-23, nan 
-10.125, -55.875, 3.1284659712253216e-23, nan 
-9.875, -55.875, 3.251927803038692e-23, nan 
-9.625, -55.875, 2.8789860794225746e-23, nan 
-9.375, -55.875, 6.061639872736063e-23, nan 
-9.125, -55.875, 4.8283266143144594e-23, nan 
-8.875, -55.875, 1.3203156058155976e-23, nan 
-8.625, -55.875, 6.387906053569374e-24, nan 
-8.375, -55.875, 5.733411765317487e-24, nan 
-8.125, -55.875, 9.024505778663491e-24, nan 
-7.875, -55.875, 4.859353728402067e-23, nan 
-7.625, -55.875, 1.0031204200861919e-22, nan 
-7.375, -55.875, 1.5986789850525252e-22, nan 
-7.125, -55.875, 1.3957958435252617e-22, nan 
-6.875, -55.875, 1.2248894481042477e-22, nan 
-6.625, -55.875, 1.1966374319638295e-22, nan 
-6.375, -55.875, 3.5763054137578854e-23, nan 
-6.125, -55.875, 1.6807031064376253e-23, nan 
-5.875, -55.875, 4.027707045965725e-23, nan 
-5.625, -55.875, 1.1816862888205936e-22, nan 
-5.375, -55.875, 1.3129568491206078e-22, nan 
-5.125, -55.875, 9.743946367326179e-23, nan 
-4.875, -55.875, 1.0367680265141162e-22, nan 
-4.625, -55.875, 1.3580715670447242e-22, nan 
-4.375, -55.875, 1.716629140385915e-22, nan 
-4.125, -55.875, 1.2660669456780223e-22, nan 
-3.875, -55.875, 4.5434086307785183e-23, nan 
-3.625, -55.875, 6.646606568560204e-23, nan 
-3.375, -55.875, 6.85069897986173e-23, nan 
-3.125, -55.875, 6.798479217937026e-23, nan 
-2.875, -55.875, 3.286707639838161e-23, nan 
-2.625, -55.875, 2.690768643304978e-23, nan 
-2.375, -55.875, 1.521395154377589e-23, nan 
-2.125, -55.875, 3.982278452868794e-24, nan 
-1.875, -55.875, 5.004787550768966e-24, nan 
-1.625, -55.875, 3.9053098643958505e-24, nan 
-1.375, -55.875, 4.787548812460003e-24, nan 
-1.125, -55.875, 2.0969665685355363e-23, nan 
-0.875, -55.875, 3.2681527988966945e-23, nan 
-0.625, -55.875, 5.1469771107086196e-23, nan 
-0.375, -55.875, 3.959978092023921e-23, nan 
-0.125, -55.875, 1.3553641146602247e-23, nan 
0.125, -55.875, 2.2119313356924542e-23, nan 
0.375, -55.875, 3.858067474284674e-23, nan 
0.625, -55.875, 4.1418604493739684e-23, nan 
0.875, -55.875, 3.0528842012139533e-23, nan 
1.125, -55.875, 2.6219035212135377e-23, nan 
-16.375, -55.625, 1.8861739044641131e-22, nan 
-16.125, -55.625, 2.2207200336704378e-22, nan 
-15.875, -55.625, 1.9230414192154552e-22, nan 
-15.625, -55.625, 1.4682514739341168e-22, nan 
-15.375, -55.625, 1.5020529049248723e-23, nan 
-15.125, -55.625, 1.5390688389772602e-23, nan 
-14.875, -55.625, 1.9464650552190832e-23, nan 
-14.625, -55.625, 1.5889145085097672e-23, nan 
-14.375, -55.625, 1.9363561217180025e-23, nan 
-14.125, -55.625, 2.5722638795972594e-23, nan 
-13.875, -55.625, 1.6700027030850934e-23, nan 
-13.625, -55.625, 2.0879833272159476e-23, nan 
-13.375, -55.625, 2.440548528236273e-23, nan 
-13.125, -55.625, 1.688441139351357e-23, nan 
-12.875, -55.625, 2.3731898733285094e-23, nan 
-12.625, -55.625, 2.1458353439112596e-23, nan 
-12.375, -55.625, 2.3110579964458584e-23, nan 
-12.125, -55.625, 2.707659072688046e-23, nan 
-11.875, -55.625, 2.2197444052972924e-23, nan 
-11.625, -55.625, 2.1808664812419104e-23, nan 
-11.375, -55.625, 2.1835669866195784e-23, nan 
-11.125, -55.625, 2.96786237627123e-23, nan 
-10.875, -55.625, 3.775745419934243e-23, nan 
-10.625, -55.625, 4.3540624926394116e-23, nan 
-10.375, -55.625, 3.8810184091678164e-23, nan 
-10.125, -55.625, 2.3792543194949658e-23, nan 
-9.875, -55.625, 2.194510806668871e-23, nan 
-9.625, -55.625, 2.38362688973591e-23, nan 
-9.375, -55.625, 3.414526598887211e-23, nan 
-9.125, -55.625, 9.484577797174477e-24, nan 
-8.875, -55.625, 1.0944670630743147e-23, nan 
-8.625, -55.625, 8.72439344423448e-24, nan 
-8.375, -55.625, 7.062125187193119e-24, nan 
-8.125, -55.625, 5.761344203807028e-24, nan 
-7.875, -55.625, 8.509318888256045e-24, nan 
-7.625, -55.625, 3.233638891146286e-23, nan 
-7.375, -55.625, 1.9189805770233106e-23, nan 
-7.125, -55.625, 7.815553661533491e-23, nan 
-6.875, -55.625, 6.33566202793885e-23, nan 
-6.625, -55.625, 1.5261718776664308e-23, nan 
-6.375, -55.625, 1.2192220833013852e-23, nan 
-6.125, -55.625, 1.172472847234842e-23, nan 
-5.875, -55.625, 9.821665428482646e-24, nan 
-5.625, -55.625, 2.267366579662143e-23, nan 
-5.375, -55.625, 8.238277288368015e-23, nan 
-5.125, -55.625, 9.711132454890218e-23, nan 
-4.875, -55.625, 1.0153880153971546e-22, nan 
-4.625, -55.625, 1.005652049587413e-22, nan 
-4.375, -55.625, 6.316797179106637e-23, nan 
-4.125, -55.625, 5.869530755006385e-23, nan 
-3.875, -55.625, 8.947410584414166e-23, nan 
-3.625, -55.625, 9.282013489959351e-23, nan 
-3.375, -55.625, 5.541623845705416e-23, nan 
-3.125, -55.625, 1.2795157186967145e-22, nan 
-2.875, -55.625, 1.0624662653619956e-22, nan 
-2.625, -55.625, 3.2048404672366947e-23, nan 
-2.375, -55.625, 2.998668851854704e-23, nan 
-2.125, -55.625, 9.741572822888617e-24, nan 
-1.875, -55.625, 6.476390706399589e-24, nan 
-1.625, -55.625, 6.113069663403399e-24, nan 
-1.375, -55.625, 3.714768655037098e-24, nan 
-1.125, -55.625, 6.293038620452063e-24, nan 
-0.875, -55.625, 6.155426628173599e-24, nan 
-0.625, -55.625, 1.8553634804733746e-23, nan 
-0.375, -55.625, 2.239988348929434e-23, nan 
-0.125, -55.625, 2.5043975300470988e-23, nan 
0.125, -55.625, 1.832851969454916e-23, nan 
0.375, -55.625, 2.200577786546223e-23, nan 
0.625, -55.625, 2.887929563571119e-23, nan 
0.875, -55.625, 2.590869696619513e-23, nan 
-15.875, -55.375, 7.863057336505025e-23, nan 
-15.625, -55.375, 2.363195331512557e-23, nan 
-15.375, -55.375, 2.1519103807502178e-23, nan 
-15.125, -55.375, 2.368005960052636e-23, nan 
-14.875, -55.375, 2.1132109143018657e-23, nan 
-14.625, -55.375, 1.392542266726903e-23, nan 
-14.375, -55.375, 2.8863691127103556e-23, nan 
-14.125, -55.375, 2.5875982023615305e-23, nan 
-13.875, -55.375, 1.2989073380197194e-23, nan 
-13.625, -55.375, 1.75562228077593e-23, nan 
-13.375, -55.375, 2.879095823794845e-23, nan 
-13.125, -55.375, 2.2495820276540504e-23, nan 
-12.875, -55.375, 1.0449736743268999e-23, nan 
-12.625, -55.375, 1.2367833983706368e-23, nan 
-12.375, -55.375, 1.6903699953175727e-23, nan 
-12.125, -55.375, 2.256676719957628e-23, nan 
-11.875, -55.375, 2.3592186737210085e-23, nan 
-11.625, -55.375, 1.9729453771407526e-23, nan 
-11.375, -55.375, 9.495279607853017e-24, nan 
-11.125, -55.375, 1.1026224192337071e-23, nan 
-10.875, -55.375, 1.7241503806256772e-23, nan 
-10.625, -55.375, 2.3627706630902467e-23, nan 
-10.375, -55.375, 2.1071519148044752e-23, nan 
-10.125, -55.375, 1.5798668683947555e-23, nan 
-9.875, -55.375, 2.221975108116142e-23, nan 
-9.625, -55.375, 2.2409190593301457e-23, nan 
-9.375, -55.375, 1.5313243243693528e-23, nan 
-9.125, -55.375, 2.1041679543515628e-23, nan 
-8.875, -55.375, 1.7747319404261915e-23, nan 
-8.625, -55.375, 9.23090054474318e-24, nan 
-8.375, -55.375, 1.1344645078825007e-23, nan 
-8.125, -55.375, 1.2752818335702024e-23, nan 
-7.875, -55.375, 1.122605534873138e-23, nan 
-7.625, -55.375, 1.0446562880654653e-23, nan 
-7.375, -55.375, 5.211241701645186e-24, nan 
-7.125, -55.375, 3.6203304842873026e-24, nan 
-6.875, -55.375, 5.16673819321109e-24, nan 
-6.625, -55.375, 6.75606243915193e-24, nan 
-6.375, -55.375, 1.0888046253575065e-23, nan 
-6.125, -55.375, 9.25515321638661e-24, nan 
-5.875, -55.375, 1.9185792147376653e-23, nan 
-5.625, -55.375, 2.1313082199366672e-23, nan 
-5.375, -55.375, 8.262053824040736e-24, nan 
-5.125, -55.375, 4.9090381283184344e-24, nan 
-4.875, -55.375, 6.408709317105761e-24, nan 
-4.625, -55.375, 8.630915625899277e-24, nan 
-4.375, -55.375, 1.3115287237270097e-23, nan 
-4.125, -55.375, 2.2708123832892837e-23, nan 
-3.875, -55.375, 2.296983558057181e-23, nan 
-3.625, -55.375, 5.128141232132024e-23, nan 
-3.375, -55.375, 4.8960964040653194e-23, nan 
-3.125, -55.375, 5.540961390697055e-23, nan 
-2.875, -55.375, 2.0145765432723386e-23, nan 
-2.625, -55.375, 2.242418140139264e-23, nan 
-2.375, -55.375, 1.3919370036019835e-23, nan 
-2.125, -55.375, 6.824477802574298e-24, nan 
-1.875, -55.375, 5.707696275429904e-23, nan 
-1.625, -55.375, 9.585407498435042e-24, nan 
-1.375, -55.375, 1.2219113178929543e-23, nan 
-1.125, -55.375, 8.066323547775526e-24, nan 
-0.875, -55.375, 1.5920509269729457e-23, nan 
-0.625, -55.375, 1.0760164964923289e-23, nan 
-0.375, -55.375, 1.1910047011356986e-23, nan 
-0.125, -55.375, 1.2255370574702398e-23, nan 
0.125, -55.375, 1.4234325253985607e-23, nan 
0.375, -55.375, 2.6055130555450834e-23, nan 
0.625, -55.375, 2.1279197043760957e-23, nan 
-15.625, -55.125, 2.0581326195967175e-23, nan 
-15.375, -55.125, 2.3580090523528115e-23, nan 
-15.125, -55.125, 2.374702689190604e-23, nan 
-14.875, -55.125, 1.8123273100838375e-23, nan 
-14.625, -55.125, 3.87608004030568e-23, nan 
-14.375, -55.125, 5.739657390662784e-23, nan 
-14.125, -55.125, 4.19066833611215e-23, nan 
-13.875, -55.125, 1.6350947420189004e-23, nan 
-13.625, -55.125, 1.2600610777131962e-23, nan 
-13.375, -55.125, 2.0401726300404346e-23, nan 
-13.125, -55.125, 2.2275822240616325e-23, nan 
-12.875, -55.125, 9.24120092806538e-24, nan 
-12.625, -55.125, 6.4058311669091264e-24, nan 
-12.375, -55.125, 1.360778118081681e-23, nan 
-12.125, -55.125, 1.7041146578022693e-23, nan 
-11.875, -55.125, 1.8533832413855615e-23, nan 
-11.625, -55.125, 2.705539880542013e-23, nan 
-11.375, -55.125, 2.3320825727838496e-23, nan 
-11.125, -55.125, 2.2528999996353565e-23, nan 
-10.875, -55.125, 2.6228658922852394e-23, nan 
-10.625, -55.125, 2.6305928437927982e-23, nan 
-10.375, -55.125, 1.8018508216061618e-23, nan 
-10.125, -55.125, 1.2375939558632716e-23, nan 
-9.875, -55.125, 3.430434186190008e-23, nan 
-9.625, -55.125, 3.917707655328656e-23, nan 
-9.375, -55.125, 3.4252638144553844e-23, nan 
-9.125, -55.125, 3.0701818545260986e-23, nan 
-8.875, -55.125, 1.4857393989793654e-23, nan 
-8.625, -55.125, 7.458743115338385e-24, nan 
-8.375, -55.125, 1.5385867937045187e-23, nan 
-8.125, -55.125, 2.327100960805289e-23, nan 
-7.875, -55.125, 3.0972574939679344e-23, nan 
-7.625, -55.125, 2.972090436840343e-23, nan 
-7.375, -55.125, 1.7957610637997238e-23, nan 
-7.125, -55.125, 3.324882515034203e-24, nan 
-6.875, -55.125, 8.438702064937657e-24, nan 
-6.625, -55.125, 4.2112273306926036e-23, nan 
-6.375, -55.125, 5.513434242922662e-23, nan 
-6.125, -55.125, 3.0007401769966486e-23, nan 
-5.875, -55.125, 2.4624335397872664e-23, nan 
-5.625, -55.125, 2.9316539514233703e-23, nan 
-5.375, -55.125, 2.308675809829518e-23, nan 
-5.125, -55.125, 2.1540892949675856e-23, nan 
-4.875, -55.125, 1.467314646893428e-23, nan 
-4.625, -55.125, 5.7184021051587964e-24, nan 
-4.375, -55.125, 1.8839993411868984e-23, nan 
-4.125, -55.125, 1.814397389876242e-23, nan 
-3.875, -55.125, 1.0156042646509066e-23, nan 
-3.625, -55.125, 9.558107723043275e-24, nan 
-3.375, -55.125, 1.030485931631834e-23, nan 
-3.125, -55.125, 1.267355586162076e-23, nan 
-2.875, -55.125, 5.280496215878646e-23, nan 
-2.625, -55.125, 2.3528846553845327e-23, nan 
-2.375, -55.125, 1.635437514660797e-23, nan 
-2.125, -55.125, 9.846454064696238e-23, nan 
-1.875, -55.125, 1.4892583717251785e-22, nan 
-1.625, -55.125, 9.778644365989224e-23, nan 
-1.375, -55.125, 1.5819007833282954e-23, nan 
-1.125, -55.125, 1.848778609608343e-23, nan 
-0.875, -55.125, 2.835513015103762e-23, nan 
-0.625, -55.125, 3.5037369677126133e-23, nan 
-0.375, -55.125, 2.8745555542164275e-23, nan 
-0.125, -55.125, 2.3525365119762313e-23, nan 
0.125, -55.125, 2.419064682878318e-23, nan 
0.375, -55.125, 2.922041917394411e-23, nan 
0.625, -55.125, 2.8458389897411264e-23, nan 
-15.375, -54.875, 2.1723198983369472e-23, nan 
-15.125, -54.875, 2.4052164515988435e-23, nan 
-14.875, -54.875, 3.43782652409303e-23, nan 
-14.625, -54.875, 3.8939327166313655e-23, nan 
-14.375, -54.875, 4.248657685934598e-23, nan 
-14.125, -54.875, 2.493571217659665e-23, nan 
-13.875, -54.875, 1.81462348092731e-23, nan 
-13.625, -54.875, 1.0090147369554365e-23, nan 
-13.375, -54.875, 1.033658630896411e-23, nan 
-13.125, -54.875, 1.52835510858474e-23, nan 
-12.875, -54.875, 8.988208326385718e-24, nan 
-12.625, -54.875, 1.3965606208671998e-23, nan 
-12.375, -54.875, 3.651771162836033e-23, nan 
-12.125, -54.875, 6.639897074671946e-23, nan 
-11.875, -54.875, 1.7712373200967617e-23, nan 
-11.625, -54.875, 1.302513224095368e-23, nan 
-11.375, -54.875, 4.509801714576483e-23, nan 
-11.125, -54.875, 4.1775883070820016e-23, nan 
-10.875, -54.875, 2.7687636680031596e-23, nan 
-10.625, -54.875, 3.2592869287275136e-23, nan 
-10.375, -54.875, 2.745783711892608e-23, nan 
-10.125, -54.875, 1.2211534319749885e-23, nan 
-9.875, -54.875, 1.7384984189723276e-23, nan 
-9.625, -54.875, 2.6266551637836709e-23, nan 
-9.375, -54.875, 2.2789453945219137e-23, nan 
-9.125, -54.875, 1.5361671490348541e-23, nan 
-8.875, -54.875, 1.601673458587237e-23, nan 
-8.625, -54.875, 1.0750691708422208e-23, nan 
-8.375, -54.875, 5.992601286940419e-24, nan 
-8.125, -54.875, 1.2576296257047509e-23, nan 
-7.875, -54.875, 1.7132746352998753e-23, nan 
-7.625, -54.875, 1.0363702282484935e-23, nan 
-7.375, -54.875, 1.127786258286983e-23, nan 
-7.125, -54.875, 5.644244904719664e-24, nan 
-6.875, -54.875, 8.180483087467137e-23, nan 
-6.625, -54.875, 8.096680769394907e-23, nan 
-6.375, -54.875, 7.71930436857125e-23, nan 
-6.125, -54.875, 1.010355771399295e-22, nan 
-5.875, -54.875, 7.250633123216152e-23, nan 
-5.625, -54.875, 1.945736710488981e-23, nan 
-5.375, -54.875, 2.1904405597731304e-23, nan 
-5.125, -54.875, 2.368688506882012e-23, nan 
-4.875, -54.875, 1.23148829262117e-23, nan 
-4.625, -54.875, 2.7941192838225955e-24, nan 
-4.375, -54.875, 1.1556181168780193e-23, nan 
-4.125, -54.875, 5.779935181039989e-23, nan 
-3.875, -54.875, 8.04392754301149e-23, nan 
-3.625, -54.875, 1.50997601598492e-23, nan 
-3.375, -54.875, 1.45420455298535e-23, nan 
-3.125, -54.875, 8.036647141345832e-23, nan 
-2.875, -54.875, 1.4540758694855413e-22, nan 
-2.625, -54.875, 9.741993777114886e-23, nan 
-2.375, -54.875, 1.814624002079499e-23, nan 
-2.125, -54.875, 8.66791950426494e-23, nan 
-1.875, -54.875, 1.3075033852475052e-22, nan 
-1.625, -54.875, 9.028213918550071e-23, nan 
-1.375, -54.875, 1.8970945937810298e-23, nan 
-1.125, -54.875, 1.8401535803665086e-23, nan 
-0.875, -54.875, 2.329513082593965e-23, nan 
-0.625, -54.875, 3.3828022259246696e-23, nan 
-0.375, -54.875, 2.85275925640553e-23, nan 
-0.125, -54.875, 6.718952886360308e-23, nan 
0.125, -54.875, 4.585179085512922e-23, nan 
0.375, -54.875, 3.048786177302475e-23, nan 
-15.125, -54.625, 1.5159241001635136e-23, nan 
-14.875, -54.625, 2.452238093330908e-23, nan 
-14.625, -54.625, 1.8098264499922e-23, nan 
-14.375, -54.625, 2.025577914242042e-23, nan 
-14.125, -54.625, 1.5467668819048237e-23, nan 
-13.875, -54.625, 2.5374358280954322e-23, nan 
-13.625, -54.625, 1.918031458518329e-23, nan 
-13.375, -54.625, 1.1425621038441954e-23, nan 
-13.125, -54.625, 1.717488994500599e-23, nan 
-12.875, -54.625, 1.736980801479812e-23, nan 
-12.625, -54.625, 3.7863169959449754e-23, nan 
-12.375, -54.625, 5.856174105569592e-23, nan 
-12.125, -54.625, 1.4896797226683386e-22, nan 
-11.875, -54.625, 1.346367104049663e-22, nan 
-11.625, -54.625, 5.480691060904027e-23, nan 
-11.375, -54.625, 5.35938244580105e-23, nan 
-11.125, -54.625, 2.0881709765465826e-23, nan 
-10.875, -54.625, 1.7944638025008394e-23, nan 
-10.625, -54.625, 1.9828301124053495e-23, nan 
-10.375, -54.625, 2.658811083952956e-23, nan 
-10.125, -54.625, 2.906042056108862e-23, nan 
-9.875, -54.625, 3.156174954599512e-23, nan 
-9.625, -54.625, 2.1821660794579482e-23, nan 
-9.375, -54.625, 1.9609853605228267e-23, nan 
-9.125, -54.625, 2.0827351509711702e-23, nan 
-8.875, -54.625, 1.721279612211e-23, nan 
-8.625, -54.625, 1.3956675512316964e-23, nan 
-8.375, -54.625, 1.1461131868078666e-23, nan 
-8.125, -54.625, 6.99522330581386e-24, nan 
-7.875, -54.625, 1.1116667311557535e-23, nan 
-7.625, -54.625, 1.478052976080882e-23, nan 
-7.375, -54.625, 1.6101166085735127e-23, nan 
-7.125, -54.625, 8.73324679595318e-23, nan 
-6.875, -54.625, 1.1893187064781705e-22, nan 
-6.625, -54.625, 6.644254739678651e-23, nan 
-6.375, -54.625, 2.2103790665100166e-23, nan 
-6.125, -54.625, 1.444846932154667e-22, nan 
-5.875, -54.625, 1.369648985437514e-22, nan 
-5.625, -54.625, 1.9339292431994933e-23, nan 
-5.375, -54.625, 1.811739000323037e-23, nan 
-5.125, -54.625, 8.602139352791315e-24, nan 
-4.875, -54.625, 9.031153139993654e-24, nan 
-4.625, -54.625, 1.0824009747789053e-23, nan 
-4.375, -54.625, 1.0113357803362003e-22, nan 
-4.125, -54.625, 1.3189501000396868e-22, nan 
-3.875, -54.625, 1.6434186408209648e-22, nan 
-3.625, -54.625, 1.2183100408279218e-22, nan 
-3.375, -54.625, 2.2552891593917757e-23, nan 
-3.125, -54.625, 1.6082439252357444e-23, nan 
-2.875, -54.625, 6.045393990315362e-23, nan 
-2.625, -54.625, 1.5688535173469755e-23, nan 
-2.375, -54.625, 1.559112677372695e-23, nan 
-2.125, -54.625, 2.0678254628449627e-23, nan 
-1.875, -54.625, 4.476283526951128e-23, nan 
-1.625, -54.625, 1.4864143229884077e-23, nan 
-1.375, -54.625, 1.8119617681394575e-23, nan 
-1.125, -54.625, 2.978933237366695e-23, nan 
-0.875, -54.625, 2.9574933709703e-23, nan 
-0.625, -54.625, 8.460343264039655e-23, nan 
-0.375, -54.625, 1.3191518502354727e-22, nan 
-0.125, -54.625, 1.3198821186228243e-22, nan 
0.125, -54.625, 9.451108847327203e-23, nan 
-14.625, -54.375, 3.046778277247322e-23, nan 
-14.375, -54.375, 2.5076763570024316e-23, nan 
-14.125, -54.375, 2.746805783560049e-23, nan 
-13.875, -54.375, 3.4621731601157674e-23, nan 
-13.625, -54.375, 2.3964944750302963e-23, nan 
-13.375, -54.375, 2.141469005318217e-23, nan 
-13.125, -54.375, 3.244360658544388e-23, nan 
-12.875, -54.375, 3.185696437660284e-23, nan 
-12.625, -54.375, 2.2179576023555306e-23, nan 
-12.375, -54.375, 1.1584979819075254e-22, nan 
-12.125, -54.375, 1.628271333441795e-22, nan 
-11.875, -54.375, 1.1036105994975182e-22, nan 
-11.625, -54.375, 3.832347272230049e-23, nan 
-11.375, -54.375, 1.6184646301590517e-23, nan 
-11.125, -54.375, 1.7849696806976835e-23, nan 
-10.875, -54.375, 2.7208765249699456e-23, nan 
-10.625, -54.375, 1.826333366306119e-23, nan 
-10.375, -54.375, 1.8187828071831258e-23, nan 
-10.125, -54.375, 2.1750481578011788e-23, nan 
-9.875, -54.375, 3.2292483562109727e-23, nan 
-9.625, -54.375, 2.4524031573268187e-23, nan 
-9.375, -54.375, 2.830858357554257e-23, nan 
-9.125, -54.375, 2.1911049954038469e-23, nan 
-8.875, -54.375, 1.3351833228927294e-23, nan 
-8.625, -54.375, 1.6814177603297786e-23, nan 
-8.375, -54.375, 1.6933908820603043e-23, nan 
-8.125, -54.375, 1.5601860890244087e-23, nan 
-7.875, -54.375, 1.4436662540997835e-23, nan 
-7.625, -54.375, 1.0690650781337785e-23, nan 
-7.375, -54.375, 2.6382930832429325e-23, nan 
-7.125, -54.375, 2.9587124681229173e-23, nan 
-6.875, -54.375, 6.994463280060968e-23, nan 
-6.625, -54.375, 1.0027908850597386e-22, nan 
-6.375, -54.375, 1.0042109437972301e-22, nan 
-6.125, -54.375, 1.105825402513037e-22, nan 
-5.875, -54.375, 9.422289407949535e-23, nan 
-5.625, -54.375, 7.754476345926358e-24, nan 
-5.375, -54.375, 6.762712556860215e-24, nan 
-5.125, -54.375, 9.152184680150824e-24, nan 
-4.875, -54.375, 1.1052552545635796e-23, nan 
-4.625, -54.375, 1.4810438213274854e-23, nan 
-4.375, -54.375, 1.5465505857454444e-23, nan 
-4.125, -54.375, 5.622877592323727e-23, nan 
-3.875, -54.375, 7.078173708649872e-23, nan 
-3.625, -54.375, 2.1647601216633913e-23, nan 
-3.375, -54.375, 2.674596540008411e-23, nan 
-3.125, -54.375, 2.3426914591303486e-23, nan 
-2.875, -54.375, 2.4282071106899112e-23, nan 
-2.625, -54.375, 2.1655177284885043e-23, nan 
-2.375, -54.375, 2.8812164018596185e-23, nan 
-2.125, -54.375, 2.6426302041840875e-23, nan 
-1.875, -54.375, 1.1841794396057228e-23, nan 
-1.625, -54.375, 2.1612415594190306e-23, nan 
-1.375, -54.375, 2.8375196824724276e-23, nan 
-1.125, -54.375, 2.4852373474770486e-23, nan 
-0.875, -54.375, 1.1471118548615478e-22, nan 
-0.625, -54.375, 1.4741309684962837e-22, nan 
-0.375, -54.375, 8.88322208133501e-23, nan 
-0.125, -54.375, 2.697740918956418e-23, nan 
-14.375, -54.125, 3.180674245733706e-23, nan 
-14.125, -54.125, 2.6298064690683348e-23, nan 
-13.875, -54.125, 4.094444158568583e-23, nan 
-13.625, -54.125, 3.8611044092554624e-23, nan 
-13.375, -54.125, 4.7576828493707584e-23, nan 
-13.125, -54.125, 4.49976259512239e-23, nan 
-12.875, -54.125, 3.158404121522552e-23, nan 
-12.625, -54.125, 2.659726721103554e-23, nan 
-12.375, -54.125, 1.9332649785832767e-23, nan 
-12.125, -54.125, 5.2353643155475733e-23, nan 
-11.875, -54.125, 1.2989198499586053e-23, nan 
-11.625, -54.125, 1.5352542628840735e-23, nan 
-11.375, -54.125, 1.5535404365543872e-23, nan 
-11.125, -54.125, 3.353462863901379e-23, nan 
-10.875, -54.125, 8.87581494156708e-23, nan 
-10.625, -54.125, 6.551654957807015e-23, nan 
-10.375, -54.125, 2.2559522226077132e-23, nan 
-10.125, -54.125, 2.304443290846375e-23, nan 
-9.875, -54.125, 2.4873936124997672e-23, nan 
-9.625, -54.125, 2.4271301364498212e-23, nan 
-9.375, -54.125, 2.8874204760922076e-23, nan 
-9.125, -54.125, 2.2244690017045157e-23, nan 
-8.875, -54.125, 2.4964683717064558e-23, nan 
-8.625, -54.125, 2.4439019910808442e-23, nan 
-8.375, -54.125, 2.576498669864903e-23, nan 
-8.125, -54.125, 2.581920926891084e-23, nan 
-7.875, -54.125, 3.242036835159098e-23, nan 
-7.625, -54.125, 5.651401551524404e-23, nan 
-7.375, -54.125, 5.1443536703010865e-23, nan 
-7.125, -54.125, 3.0703044605311265e-23, nan 
-6.875, -54.125, 2.209408880191225e-23, nan 
-6.625, -54.125, 2.757205368500002e-23, nan 
-6.375, -54.125, 6.12885512042896e-23, nan 
-6.125, -54.125, 5.114148257081059e-23, nan 
-5.875, -54.125, 8.78486633657693e-24, nan 
-5.625, -54.125, 7.913959206077804e-24, nan 
-5.375, -54.125, 5.910114000363026e-24, nan 
-5.125, -54.125, 7.726300056691783e-24, nan 
-4.875, -54.125, 5.2568123788828096e-23, nan 
-4.625, -54.125, 3.1684611909557165e-23, nan 
-4.375, -54.125, 2.813162167888989e-23, nan 
-4.125, -54.125, 1.4474294894530283e-23, nan 
-3.875, -54.125, 2.7396252345225105e-23, nan 
-3.625, -54.125, 3.144520349358508e-23, nan 
-3.375, -54.125, 5.334975043172069e-23, nan 
-3.125, -54.125, 5.1837189160706084e-23, nan 
-2.875, -54.125, 1.9564914385728227e-23, nan 
-2.625, -54.125, 2.0795769116293447e-23, nan 
-2.375, -54.125, 2.3751610393044597e-23, nan 
-2.125, -54.125, 2.1321807792898795e-23, nan 
-1.875, -54.125, 2.3878782133653532e-23, nan 
-1.625, -54.125, 2.329336689496369e-23, nan 
-1.375, -54.125, 1.7374742924357188e-23, nan 
-1.125, -54.125, 1.8834486166848788e-23, nan 
-0.875, -54.125, 1.955958306613619e-23, nan 
-0.625, -54.125, 9.781857026807115e-23, nan 
-0.375, -54.125, 1.028949691050183e-22, nan 
-0.125, -54.125, 6.98641468328599e-23, nan 
-14.125, -53.875, 9.416440286046439e-23, nan 
-13.875, -53.875, 7.753595561819878e-23, nan 
-13.625, -53.875, 4.175827761201263e-23, nan 
-13.375, -53.875, 4.2853818953894495e-23, nan 
-13.125, -53.875, 4.3436856866290926e-23, nan 
-12.875, -53.875, 4.975677433488596e-23, nan 
-12.625, -53.875, 1.452581836329727e-23, nan 
-12.375, -53.875, 1.1767037914124435e-23, nan 
-12.125, -53.875, 1.1141190753682566e-23, nan 
-11.875, -53.875, 1.3073026189317407e-23, nan 
-11.625, -53.875, 1.0892440011015268e-23, nan 
-11.375, -53.875, 9.621326052659651e-24, nan 
-11.125, -53.875, 5.639990920961602e-23, nan 
-10.875, -53.875, 7.749598430657295e-23, nan 
-10.625, -53.875, 2.0647081763458563e-23, nan 
-10.375, -53.875, 2.4505178668129848e-23, nan 
-10.125, -53.875, 2.2155173737255772e-23, nan 
-9.875, -53.875, 2.2553619321432265e-23, nan 
-9.625, -53.875, 3.19504213386744e-23, nan 
-9.375, -53.875, 4.76740563794329e-23, nan 
-9.125, -53.875, 9.143690687808605e-23, nan 
-8.875, -53.875, 1.0087619919492924e-22, nan 
-8.625, -53.875, 8.783169147644457e-23, nan 
-8.375, -53.875, 8.269611814003035e-23, nan 
-8.125, -53.875, 7.451795733776056e-23, nan 
-7.875, -53.875, 5.903425397559196e-23, nan 
-7.625, -53.875, 6.41729416888886e-23, nan 
-7.375, -53.875, 4.0441909387604705e-23, nan 
-7.125, -53.875, 3.1096332066438405e-23, nan 
-6.875, -53.875, 2.5300283870411347e-23, nan 
-6.625, -53.875, 2.462110009061511e-23, nan 
-6.375, -53.875, 2.0887065429701773e-23, nan 
-6.125, -53.875, 1.3467055776851085e-23, nan 
-5.875, -53.875, 4.693536635891061e-24, nan 
-5.625, -53.875, 6.1801489326396336e-24, nan 
-5.375, -53.875, 5.7657615880774575e-24, nan 
-5.125, -53.875, 7.211538401286954e-23, nan 
-4.875, -53.875, 1.1519582689799834e-22, nan 
-4.625, -53.875, 6.640869876174337e-23, nan 
-4.375, -53.875, 1.5338620522621555e-23, nan 
-4.125, -53.875, 5.146387018511962e-24, nan 
-3.875, -53.875, 1.7266905383548907e-23, nan 
-3.625, -53.875, 2.3183861060649498e-23, nan 
-3.375, -53.875, 2.246713634271574e-23, nan 
-3.125, -53.875, 3.053204710699552e-23, nan 
-2.875, -53.875, 1.7186664798515805e-23, nan 
-2.625, -53.875, 9.78919342062247e-24, nan 
-2.375, -53.875, 1.597383716474685e-23, nan 
-2.125, -53.875, 1.0901038290242375e-23, nan 
-1.875, -53.875, 2.0398608231122947e-23, nan 
-1.625, -53.875, 1.7807271443983667e-23, nan 
-1.375, -53.875, 1.113530178230285e-23, nan 
-1.125, -53.875, 1.356275679189154e-23, nan 
-0.875, -53.875, 1.7777378244109472e-23, nan 
-0.625, -53.875, 1.803780463163159e-23, nan 
-0.375, -53.875, 5.515699918368066e-23, nan 
-13.625, -53.625, 1.9679591011181892e-23, nan 
-13.375, -53.625, 2.535686089235109e-23, nan 
-13.125, -53.625, 2.1192295027798186e-23, nan 
-12.875, -53.625, 6.655806254376162e-23, nan 
-12.625, -53.625, 6.234662773547358e-23, nan 
-12.375, -53.625, 2.022269248166871e-23, nan 
-12.125, -53.625, 7.592732439507749e-24, nan 
-11.875, -53.625, 8.46522001057982e-24, nan 
-11.625, -53.625, 7.718869992133504e-24, nan 
-11.375, -53.625, 9.67792204690933e-24, nan 
-11.125, -53.625, 1.4942588920517762e-23, nan 
-10.875, -53.625, 3.446551207606634e-23, nan 
-10.625, -53.625, 2.9726712235439e-23, nan 
-10.375, -53.625, 3.718215507526678e-23, nan 
-10.125, -53.625, 4.945109442211398e-23, nan 
-9.875, -53.625, 5.056231437116537e-23, nan 
-9.625, -53.625, 5.1421544488670406e-23, nan 
-9.375, -53.625, 1.059997864396289e-22, nan 
-9.125, -53.625, 1.2157283024474027e-22, nan 
-8.875, -53.625, 9.862012188856531e-23, nan 
-8.625, -53.625, 9.152674237914382e-23, nan 
-8.375, -53.625, 9.266667551611542e-23, nan 
-8.125, -53.625, 1.219732451043212e-22, nan 
-7.875, -53.625, 1.28534129291021e-22, nan 
-7.625, -53.625, 1.013175102210437e-22, nan 
-7.375, -53.625, 8.001917680007825e-23, nan 
-7.125, -53.625, 5.942736795996948e-23, nan 
-6.875, -53.625, 3.2073512819331203e-23, nan 
-6.625, -53.625, 2.822250309406111e-23, nan 
-6.375, -53.625, 3.0449878527636403e-23, nan 
-6.125, -53.625, 2.5741539506793238e-23, nan 
-5.875, -53.625, 1.2188583715408666e-23, nan 
-5.625, -53.625, 1.4096641267148648e-23, nan 
-5.375, -53.625, 1.6728815496972777e-23, nan 
-5.125, -53.625, 4.7001304242258e-24, nan 
-4.875, -53.625, 4.030615313534517e-23, nan 
-4.625, -53.625, 2.1424667502588246e-23, nan 
-4.375, -53.625, 2.119161472891805e-23, nan 
-4.125, -53.625, 1.6428853985500705e-23, nan 
-3.875, -53.625, 9.07557123745923e-24, nan 
-3.625, -53.625, 1.8597869659869658e-23, nan 
-3.375, -53.625, 2.1297154042557138e-23, nan 
-3.125, -53.625, 3.302753195605978e-23, nan 
-2.875, -53.625, 3.3353681030298697e-23, nan 
-2.625, -53.625, 1.8907441970268622e-23, nan 
-2.375, -53.625, 1.917721388490855e-23, nan 
-2.125, -53.625, 2.4277202967559318e-23, nan 
-1.875, -53.625, 3.425926826329717e-23, nan 
-1.625, -53.625, 7.592279170108405e-23, nan 
-1.375, -53.625, 7.096728646253475e-23, nan 
-1.125, -53.625, 5.38268111409629e-23, nan 
-0.875, -53.625, 1.809042941011215e-23, nan 
-0.625, -53.625, 1.7650364678891146e-23, nan 
-13.375, -53.375, 1.0053325360925466e-23, nan 
-13.125, -53.375, 1.76267329244589e-23, nan 
-12.875, -53.375, 9.234247117224565e-23, nan 
-12.625, -53.375, 8.953933173159244e-23, nan 
-12.375, -53.375, 9.871130922086091e-24, nan 
-12.125, -53.375, 1.0216609330008076e-23, nan 
-11.875, -53.375, 1.088465564185378e-23, nan 
-11.625, -53.375, 4.766235748744488e-24, nan 
-11.375, -53.375, 5.310265359379052e-24, nan 
-11.125, -53.375, 1.2886472870493142e-23, nan 
-10.875, -53.375, 2.010165499225532e-23, nan 
-10.625, -53.375, 3.339937895010769e-23, nan 
-10.375, -53.375, 5.419173729193635e-23, nan 
-10.125, -53.375, 5.574031502915801e-23, nan 
-9.875, -53.375, 5.027140361580315e-23, nan 
-9.625, -53.375, 5.347095988320718e-23, nan 
-9.375, -53.375, 5.89405041203684e-23, nan 
-9.125, -53.375, 2.461441823813778e-23, nan 
-8.875, -53.375, 3.8929876173890796e-23, nan 
-8.625, -53.375, 4.820907920333602e-23, nan 
-8.375, -53.375, 6.200357898798704e-23, nan 
-8.125, -53.375, 7.802374912275354e-23, nan 
-7.875, -53.375, 1.0944299067277887e-22, nan 
-7.625, -53.375, 1.1701543426843057e-22, nan 
-7.375, -53.375, 1.1491879113717638e-22, nan 
-7.125, -53.375, 1.5610596177494715e-22, nan 
-6.875, -53.375, 1.4475411491985615e-22, nan 
-6.625, -53.375, 3.352080594797446e-23, nan 
-6.375, -53.375, 3.4042192870711705e-23, nan 
-6.125, -53.375, 4.1562714301168406e-23, nan 
-5.875, -53.375, 4.484153622265261e-23, nan 
-5.625, -53.375, 2.2874835898835577e-23, nan 
-5.375, -53.375, 2.277148531433026e-23, nan 
-5.125, -53.375, 2.2230111789500808e-23, nan 
-4.875, -53.375, 1.897445593427141e-23, nan 
-4.625, -53.375, 2.0158860945567736e-23, nan 
-4.375, -53.375, 1.2686925319512838e-23, nan 
-4.125, -53.375, 2.310383691709039e-23, nan 
-3.875, -53.375, 1.9489703520671463e-23, nan 
-3.625, -53.375, 1.3658735287598674e-23, nan 
-3.375, -53.375, 2.8133227769372635e-23, nan 
-3.125, -53.375, 2.6566630388303355e-23, nan 
-2.875, -53.375, 2.626482915772594e-23, nan 
-2.625, -53.375, 2.184571800636678e-23, nan 
-2.375, -53.375, 1.3070169184188049e-23, nan 
-2.125, -53.375, 2.0765827015715596e-23, nan 
-1.875, -53.375, 8.411050297949719e-23, nan 
-1.625, -53.375, 1.0751407814909374e-22, nan 
-1.375, -53.375, 7.60658551392663e-23, nan 
-1.125, -53.375, 8.855782308523473e-23, nan 
-0.875, -53.375, 6.357061627230252e-23, nan 
-13.125, -53.125, 5.89809619610472e-23, nan 
-12.875, -53.125, 9.219404482569298e-23, nan 
-12.625, -53.125, 6.627385654402859e-23, nan 
-12.375, -53.125, 2.0354106779023563e-23, nan 
-12.125, -53.125, 7.441542870446811e-24, nan 
-11.875, -53.125, 1.205678597383904e-23, nan 
-11.625, -53.125, 1.8737753208254542e-23, nan 
-11.375, -53.125, 1.520361812201277e-23, nan 
-11.125, -53.125, 1.0539009193623172e-23, nan 
-10.875, -53.125, 2.4252179433375405e-23, nan 
-10.625, -53.125, 9.472414122344509e-23, nan 
-10.375, -53.125, 8.645328074046572e-23, nan 
-10.125, -53.125, 4.3158133659263057e-23, nan 
-9.875, -53.125, 4.184767729910627e-23, nan 
-9.625, -53.125, 4.6602973529134434e-23, nan 
-9.375, -53.125, 5.896493561028965e-23, nan 
-9.125, -53.125, 6.347852165493916e-23, nan 
-8.875, -53.125, 5.946224107455718e-23, nan 
-8.625, -53.125, 4.968928136766358e-23, nan 
-8.375, -53.125, 5.2471337168519086e-23, nan 
-8.125, -53.125, 4.9712979576114717e-23, nan 
-7.875, -53.125, 6.182686757503998e-23, nan 
-7.625, -53.125, 7.868120132189885e-23, nan 
-7.375, -53.125, 1.082666387077703e-22, nan 
-7.125, -53.125, 1.4878223459688592e-22, nan 
-6.875, -53.125, 1.6557046293502718e-22, nan 
-6.625, -53.125, 9.101878759581432e-23, nan 
-6.375, -53.125, 3.053074711638412e-23, nan 
-6.125, -53.125, 3.8982271218587986e-23, nan 
-5.875, -53.125, 5.383718616381742e-23, nan 
-5.625, -53.125, 4.352746807887827e-23, nan 
-5.375, -53.125, 2.4736992800402904e-23, nan 
-5.125, -53.125, 3.950374130881923e-23, nan 
-4.875, -53.125, 4.251291224360714e-23, nan 
-4.625, -53.125, 2.328046175822259e-23, nan 
-4.375, -53.125, 1.5103907585848053e-23, nan 
-4.125, -53.125, 1.1592165529280696e-23, nan 
-3.875, -53.125, 1.117406606717387e-23, nan 
-3.625, -53.125, 1.1931715894348438e-23, nan 
-3.375, -53.125, 1.7030488381679203e-23, nan 
-3.125, -53.125, 1.9901312350105433e-23, nan 
-2.875, -53.125, 1.369339873480497e-23, nan 
-2.625, -53.125, 1.4703095956681397e-23, nan 
-2.375, -53.125, 1.5314770054409593e-23, nan 
-2.125, -53.125, 2.460877601488884e-23, nan 
-1.875, -53.125, 6.995738408226517e-23, nan 
-1.625, -53.125, 8.6342048014306e-23, nan 
-1.375, -53.125, 6.870948264594539e-23, nan 
-1.125, -53.125, 7.44242482256358e-23, nan 
-0.875, -53.125, 4.9089449089867355e-23, nan 
-12.625, -52.875, 2.416456111858749e-23, nan 
-12.375, -52.875, 1.6389495796927796e-23, nan 
-12.125, -52.875, 7.840536614317863e-24, nan 
-11.875, -52.875, 3.7177642885255443e-23, nan 
-11.625, -52.875, 4.1543864786047065e-23, nan 
-11.375, -52.875, 1.5951778004623134e-23, nan 
-11.125, -52.875, 1.7670691968380372e-23, nan 
-10.875, -52.875, 6.57278121595318e-23, nan 
-10.625, -52.875, 9.741963978657133e-23, nan 
-10.375, -52.875, 6.051647396628874e-23, nan 
-10.125, -52.875, 3.888104798244384e-23, nan 
-9.875, -52.875, 3.9332873212703e-23, nan 
-9.625, -52.875, 6.936226178671187e-23, nan 
-9.375, -52.875, 7.041973131284802e-23, nan 
-9.125, -52.875, 5.254649095167393e-23, nan 
-8.875, -52.875, 3.235392696985136e-23, nan 
-8.625, -52.875, 1.8133024685701084e-23, nan 
-8.375, -52.875, 8.405201799240437e-24, nan 
-8.125, -52.875, 1.7623144748138733e-23, nan 
-7.875, -52.875, 2.9591087517957934e-23, nan 
-7.625, -52.875, 3.046718229152501e-23, nan 
-7.375, -52.875, 5.2336196747870195e-23, nan 
-7.125, -52.875, 1.0787933196663949e-22, nan 
-6.875, -52.875, 1.8444303027704703e-22, nan 
-6.625, -52.875, 1.7942931836170724e-22, nan 
-6.375, -52.875, 7.93491588169237e-23, nan 
-6.125, -52.875, 2.971002616738514e-23, nan 
-5.875, -52.875, 2.6794904724873905e-23, nan 
-5.625, -52.875, 3.28190523952293e-23, nan 
-5.375, -52.875, 1.0136355679668604e-22, nan 
-5.125, -52.875, 1.0507691229028212e-22, nan 
-4.875, -52.875, 7.754018056582458e-23, nan 
-4.625, -52.875, 5.818418764977043e-23, nan 
-4.375, -52.875, 7.34577124059254e-23, nan 
-4.125, -52.875, 2.9512364727973727e-23, nan 
-3.875, -52.875, 1.8125552594400853e-23, nan 
-3.625, -52.875, 1.5928321622132247e-23, nan 
-3.375, -52.875, 1.9114616944296106e-23, nan 
-3.125, -52.875, 2.660886992499338e-23, nan 
-2.875, -52.875, 1.8995701229426688e-23, nan 
-2.625, -52.875, 1.239762167139603e-23, nan 
-2.375, -52.875, 1.0478590746402252e-23, nan 
-2.125, -52.875, 1.7700410679774147e-23, nan 
-1.875, -52.875, 2.117200735128813e-23, nan 
-1.625, -52.875, 5.67551183800799e-23, nan 
-1.375, -52.875, 5.890490449484913e-23, nan 
-1.125, -52.875, 4.7262899871697864e-23, nan 
-12.375, -52.625, 3.3289898258998705e-23, nan 
-12.125, -52.625, 3.060255918560506e-23, nan 
-11.875, -52.625, 2.273987451880817e-23, nan 
-11.625, -52.625, 2.949066891917385e-23, nan 
-11.375, -52.625, 2.3306084640524785e-23, nan 
-11.125, -52.625, 2.3582070840774455e-23, nan 
-10.875, -52.625, 1.0326382004158802e-22, nan 
-10.625, -52.625, 1.0613733489929238e-22, nan 
-10.375, -52.625, 3.0642066949854357e-23, nan 
-10.125, -52.625, 2.4941011840558426e-23, nan 
-9.875, -52.625, 5.727188278803635e-23, nan 
-9.625, -52.625, 5.983455057034078e-23, nan 
-9.375, -52.625, 1.2454042515589348e-23, nan 
-9.125, -52.625, 3.1555849065039525e-24, nan 
-8.875, -52.625, 6.417944408464216e-24, nan 
-8.625, -52.625, 1.2330101708305905e-23, nan 
-8.375, -52.625, 2.959065533273793e-23, nan 
-8.125, -52.625, 3.632803286191227e-23, nan 
-7.875, -52.625, 4.8761392127578884e-23, nan 
-7.625, -52.625, 3.5774689800196694e-23, nan 
-7.375, -52.625, 1.0642952465285237e-23, nan 
-7.125, -52.625, 3.198837893264762e-23, nan 
-6.875, -52.625, 1.0243072911976318e-22, nan 
-6.625, -52.625, 2.0687174485517662e-22, nan 
-6.375, -52.625, 1.7623866927798643e-22, nan 
-6.125, -52.625, 5.59657140741499e-23, nan 
-5.875, -52.625, 4.6326040258672504e-23, nan 
-5.625, -52.625, 1.1356216134139998e-22, nan 
-5.375, -52.625, 1.3944456856296154e-22, nan 
-5.125, -52.625, 7.759566167124896e-23, nan 
-4.875, -52.625, 4.1648386637946583e-23, nan 
-4.625, -52.625, 3.8055814807634694e-23, nan 
-4.375, -52.625, 7.786950012712448e-23, nan 
-4.125, -52.625, 6.562577677022634e-23, nan 
-3.875, -52.625, 1.7666960875149902e-23, nan 
-3.625, -52.625, 4.097562946669263e-24, nan 
-3.375, -52.625, 2.5158899124286355e-23, nan 
-3.125, -52.625, 2.735581308513035e-23, nan 
-2.875, -52.625, 7.065048465002207e-24, nan 
-2.625, -52.625, 8.365991739331383e-24, nan 
-2.375, -52.625, 7.517678499686952e-24, nan 
-2.125, -52.625, 6.2108334951832504e-24, nan 
-1.875, -52.625, 1.172297917353029e-23, nan 
-1.625, -52.625, 1.7835780870874406e-23, nan 
-1.375, -52.625, 1.6749211967312998e-23, nan 
-12.125, -52.375, 4.7440267272677595e-23, nan 
-11.875, -52.375, 4.910089246347303e-23, nan 
-11.625, -52.375, 4.112232477593696e-23, nan 
-11.375, -52.375, 3.384895443186695e-23, nan 
-11.125, -52.375, 4.1470408546762525e-23, nan 
-10.875, -52.375, 1.5138565646364203e-22, nan 
-10.625, -52.375, 1.4870076001437114e-22, nan 
-10.375, -52.375, 3.141869310964118e-23, nan 
-10.125, -52.375, 3.728769518407163e-23, nan 
-9.875, -52.375, 4.1342561317779955e-23, nan 
-9.625, -52.375, 2.186724005600896e-23, nan 
-9.375, -52.375, 2.3811561203895473e-24, nan 
-9.125, -52.375, 3.5914096504549554e-24, nan 
-8.875, -52.375, 7.283905326429917e-24, nan 
-8.625, -52.375, 8.7527820746288e-24, nan 
-8.375, -52.375, 7.47092931075659e-24, nan 
-8.125, -52.375, 1.294038264872982e-23, nan 
-7.875, -52.375, 2.0582432888354047e-23, nan 
-7.625, -52.375, 8.775622599834749e-24, nan 
-7.375, -52.375, 2.220961252056692e-24, nan 
-7.125, -52.375, 1.317651106605303e-23, nan 
-6.875, -52.375, 5.300949978496584e-23, nan 
-6.625, -52.375, 1.659101053599271e-22, nan 
-6.375, -52.375, 1.7446186116066289e-22, nan 
-6.125, -52.375, 7.436448793700012e-23, nan 
-5.875, -52.375, 4.640555513370975e-23, nan 
-5.625, -52.375, 1.112619325202872e-22, nan 
-5.375, -52.375, 9.911795127287083e-23, nan 
-5.125, -52.375, 1.0365796659676018e-23, nan 
-4.875, -52.375, 8.108064526460944e-24, nan 
-4.625, -52.375, 7.116210631278773e-24, nan 
-4.375, -52.375, 8.96842301230957e-24, nan 
-4.125, -52.375, 6.305320866470245e-23, nan 
-3.875, -52.375, 6.057627939400688e-23, nan 
-3.625, -52.375, 1.6893920219312182e-23, nan 
-3.375, -52.375, 1.523448694407832e-23, nan 
-3.125, -52.375, 7.030741353718367e-24, nan 
-2.875, -52.375, 4.657343059210045e-24, nan 
-2.625, -52.375, 8.888452854106269e-24, nan 
-2.375, -52.375, 1.3072395477878987e-23, nan 
-2.125, -52.375, 1.0575426564660285e-23, nan 
-1.875, -52.375, 1.515509103742097e-23, nan 
-1.625, -52.375, 2.36962863507087e-23, nan 
-11.625, -52.125, 3.8012357015888294e-23, nan 
-11.375, -52.125, 2.9065148934647047e-23, nan 
-11.125, -52.125, 2.741930021878368e-23, nan 
-10.875, -52.125, 1.3222080987043141e-22, nan 
-10.625, -52.125, 1.4322342799922278e-22, nan 
-10.375, -52.125, 4.815017730773989e-23, nan 
-10.125, -52.125, 5.579712316178193e-23, nan 
-9.875, -52.125, 4.589276276869991e-23, nan 
-9.625, -52.125, 8.98236901784931e-24, nan 
-9.375, -52.125, 2.88761390015124e-24, nan 
-9.125, -52.125, 2.897113965986182e-24, nan 
-8.875, -52.125, 5.3483532045803376e-24, nan 
-8.625, -52.125, 5.5337923898578034e-24, nan 
-8.375, -52.125, 4.555236856788125e-24, nan 
-8.125, -52.125, 3.0282699747328883e-24, nan 
-7.875, -52.125, 3.002454329740298e-24, nan 
-7.625, -52.125, 3.0076355443395743e-24, nan 
-7.375, -52.125, 3.1608040341420035e-24, nan 
-7.125, -52.125, 7.824075879234546e-24, nan 
-6.875, -52.125, 4.7711737648805156e-23, nan 
-6.625, -52.125, 1.4488580542475777e-22, nan 
-6.375, -52.125, 1.512213985405966e-22, nan 
-6.125, -52.125, 6.768691161524034e-23, nan 
-5.875, -52.125, 5.982451993636292e-23, nan 
-5.625, -52.125, 7.654354209717369e-23, nan 
-5.375, -52.125, 4.4109010356174653e-23, nan 
-5.125, -52.125, 6.265563746712407e-24, nan 
-4.875, -52.125, 3.494790324355871e-24, nan 
-4.625, -52.125, 4.098198150935153e-24, nan 
-4.375, -52.125, 9.001323697223666e-24, nan 
-4.125, -52.125, 1.4208191387524906e-23, nan 
-3.875, -52.125, 5.738726559644999e-23, nan 
-3.625, -52.125, 5.0956985984354545e-23, nan 
-3.375, -52.125, 1.0184275768511499e-23, nan 
-3.125, -52.125, 7.560929611807848e-24, nan 
-2.875, -52.125, 4.518538315353228e-24, nan 
-2.625, -52.125, 9.261194246918443e-24, nan 
-2.375, -52.125, 1.0904050574778923e-23, nan 
-2.125, -52.125, 5.417344683772373e-24, nan 
-1.875, -52.125, 1.6854520514765137e-23, nan 
-1.625, -52.125, 2.2502644952786783e-23, nan 
-11.375, -51.875, 6.897426399185948e-24, nan 
-11.125, -51.875, 6.713415104333202e-24, nan 
-10.875, -51.875, 4.832387834716834e-23, nan 
-10.625, -51.875, 1.3783514190232959e-22, nan 
-10.375, -51.875, 1.3003456530235728e-22, nan 
-10.125, -51.875, 6.181337931773222e-23, nan 
-9.875, -51.875, 6.355272111940277e-23, nan 
-9.625, -51.875, 1.493384372229449e-23, nan 
-9.375, -51.875, 5.089012968807667e-24, nan 
-9.125, -51.875, 6.590472262748178e-24, nan 
-8.875, -51.875, 5.5951966526313626e-24, nan 
-8.625, -51.875, 3.9958274500347744e-24, nan 
-8.375, -51.875, 3.604794486754159e-24, nan 
-8.125, -51.875, 2.7636644421756063e-24, nan 
-7.875, -51.875, 2.804182200398555e-24, nan 
-7.625, -51.875, 3.9481330253298835e-24, nan 
-7.375, -51.875, 6.222971462923246e-24, nan 
-7.125, -51.875, 3.4318647838282796e-23, nan 
-6.875, -51.875, 6.372636698405061e-23, nan 
-6.625, -51.875, 1.1989919206447088e-22, nan 
-6.375, -51.875, 1.3536631880872794e-22, nan 
-6.125, -51.875, 9.335275836466894e-23, nan 
-5.875, -51.875, 7.382392104297711e-23, nan 
-5.625, -51.875, 7.284773806651959e-23, nan 
-5.375, -51.875, 3.4058535896749914e-23, nan 
-5.125, -51.875, 1.0683843657959616e-23, nan 
-4.875, -51.875, 7.747961296899252e-24, nan 
-4.625, -51.875, 8.44274017017814e-24, nan 
-4.375, -51.875, 1.2873391309477669e-23, nan 
-4.125, -51.875, 4.2717672670703066e-23, nan 
-3.875, -51.875, 6.57491472212251e-23, nan 
-3.625, -51.875, 4.93279004004594e-23, nan 
-3.375, -51.875, 1.1043325969458432e-23, nan 
-3.125, -51.875, 6.415826683711086e-24, nan 
-2.875, -51.875, 6.096310476289676e-24, nan 
-2.625, -51.875, 9.286852721805134e-24, nan 
-2.375, -51.875, 1.103945182315624e-23, nan 
-2.125, -51.875, 1.0994363141910576e-23, nan 
-1.875, -51.875, 1.1613513946524094e-23, nan 
-10.875, -51.625, 1.1746904523516646e-23, nan 
-10.625, -51.625, 7.818028170026872e-23, nan 
-10.375, -51.625, 9.587002671736894e-23, nan 
-10.125, -51.625, 7.154935210077085e-23, nan 
-9.875, -51.625, 9.675732406749936e-23, nan 
-9.625, -51.625, 8.19822656658373e-23, nan 
-9.375, -51.625, 1.7620361641890086e-23, nan 
-9.125, -51.625, 7.212551664233733e-24, nan 
-8.875, -51.625, 5.450563313491299e-24, nan 
-8.625, -51.625, 8.864415408795645e-24, nan 
-8.375, -51.625, 1.458517540123681e-23, nan 
-8.125, -51.625, 3.706457761484984e-24, nan 
-7.875, -51.625, 1.1890405009619753e-23, nan 
-7.625, -51.625, 2.4172508289371176e-23, nan 
-7.375, -51.625, 3.7257770813227453e-23, nan 
-7.125, -51.625, 7.139507130741976e-23, nan 
-6.875, -51.625, 1.2700023582912294e-22, nan 
-6.625, -51.625, 1.5842796957778401e-22, nan 
-6.375, -51.625, 1.2522337871791654e-22, nan 
-6.125, -51.625, 7.475464719255959e-23, nan 
-5.875, -51.625, 8.487697421754516e-23, nan 
-5.625, -51.625, 8.848318533722012e-23, nan 
-5.375, -51.625, 6.943134455952329e-23, nan 
-5.125, -51.625, 5.213839248341053e-23, nan 
-4.875, -51.625, 3.91093417499345e-23, nan 
-4.625, -51.625, 6.039374759474014e-23, nan 
-4.375, -51.625, 7.387901538061517e-23, nan 
-4.125, -51.625, 7.307465021916274e-23, nan 
-3.875, -51.625, 5.1065436291909695e-23, nan 
-3.625, -51.625, 2.852797298138893e-23, nan 
-3.375, -51.625, 2.747038276535711e-23, nan 
-3.125, -51.625, 1.8642220599117922e-23, nan 
-2.875, -51.625, 5.297397372832326e-24, nan 
-2.625, -51.625, 7.139593788880425e-24, nan 
-2.375, -51.625, 1.1694422160792449e-23, nan 
-2.125, -51.625, 1.5486607076714645e-23, nan 
-10.625, -51.375, 7.423472587066468e-23, nan 
-10.375, -51.375, 7.712011745944208e-23, nan 
-10.125, -51.375, 6.787535141235432e-23, nan 
-9.875, -51.375, 9.073315589682895e-23, nan 
-9.625, -51.375, 1.014679817868107e-22, nan 
-9.375, -51.375, 6.982375887014309e-23, nan 
-9.125, -51.375, 3.325834089865074e-23, nan 
-8.875, -51.375, 4.434933938655522e-23, nan 
-8.625, -51.375, 5.0937171816063955e-23, nan 
-8.375, -51.375, 5.977185876278288e-23, nan 
-8.125, -51.375, 6.274605934592614e-23, nan 
-7.875, -51.375, 5.532400647907877e-23, nan 
-7.625, -51.375, 6.360877871593132e-23, nan 
-7.375, -51.375, 7.034639933914611e-23, nan 
-7.125, -51.375, 1.1024411018023693e-22, nan 
-6.875, -51.375, 1.5161515311817282e-22, nan 
-6.625, -51.375, 1.3246370481752113e-22, nan 
-6.375, -51.375, 7.622850031468425e-23, nan 
-6.125, -51.375, 5.723345070007501e-23, nan 
-5.875, -51.375, 6.086755710847623e-23, nan 
-5.625, -51.375, 3.7144508464216695e-23, nan 
-5.375, -51.375, 4.9161571675638436e-23, nan 
-5.125, -51.375, 5.351082627845118e-23, nan 
-4.875, -51.375, 5.297825806185193e-23, nan 
-4.625, -51.375, 7.117242164775436e-23, nan 
-4.375, -51.375, 4.981485349258939e-23, nan 
-4.125, -51.375, 1.5516441775163192e-23, nan 
-3.875, -51.375, 1.5761419571464783e-23, nan 
-3.625, -51.375, 1.3752976441561606e-23, nan 
-3.375, -51.375, 8.512690080861055e-24, nan 
-3.125, -51.375, 7.743772200207706e-24, nan 
-2.875, -51.375, 6.219016224349912e-24, nan 
-2.625, -51.375, 1.3459070281173096e-23, nan 
-2.375, -51.375, 1.6207463091679223e-23, nan 
-10.375, -51.125, 4.5576669906992006e-23, nan 
-10.125, -51.125, 5.137883489085073e-23, nan 
-9.875, -51.125, 7.743653437071024e-23, nan 
-9.625, -51.125, 1.1091357082423139e-22, nan 
-9.375, -51.125, 1.1616667426406342e-22, nan 
-9.125, -51.125, 9.450626873807295e-23, nan 
-8.875, -51.125, 9.41618250567829e-23, nan 
-8.625, -51.125, 9.337920371510792e-23, nan 
-8.375, -51.125, 8.530453978695305e-23, nan 
-8.125, -51.125, 9.293655636726818e-23, nan 
-7.875, -51.125, 9.916858341523929e-23, nan 
-7.625, -51.125, 1.0157245114084865e-22, nan 
-7.375, -51.125, 1.3447308403433303e-22, nan 
-7.125, -51.125, 1.4344180824606603e-22, nan 
-6.875, -51.125, 1.1384719566449652e-22, nan 
-6.625, -51.125, 4.354880947402518e-23, nan 
-6.375, -51.125, 4.429431099129949e-23, nan 
-6.125, -51.125, 4.302253646261739e-23, nan 
-5.875, -51.125, 2.6687771922657927e-23, nan 
-5.625, -51.125, 1.5919168391634436e-23, nan 
-5.375, -51.125, 1.9921948676276196e-23, nan 
-5.125, -51.125, 2.730612133322083e-23, nan 
-4.875, -51.125, 2.412639503208851e-23, nan 
-4.625, -51.125, 1.8805405050485044e-23, nan 
-4.375, -51.125, 1.3583891010350428e-23, nan 
-4.125, -51.125, 7.185725025975044e-24, nan 
-3.875, -51.125, 5.410229124467855e-24, nan 
-3.625, -51.125, 4.502270130240251e-24, nan 
-3.375, -51.125, 5.684912449724762e-24, nan 
-3.125, -51.125, 8.408253033063513e-24, nan 
-2.875, -51.125, 6.90116291855677e-24, nan 
-2.625, -51.125, 1.0675154399511398e-23, nan 
-9.875, -50.875, 4.7398238849937786e-23, nan 
-9.625, -50.875, 6.419967445412157e-23, nan 
-9.375, -50.875, 9.39745532404823e-23, nan 
-9.125, -50.875, 1.0103084720892012e-22, nan 
-8.875, -50.875, 9.160816144598348e-23, nan 
-8.625, -50.875, 9.263528415500066e-23, nan 
-8.375, -50.875, 8.112260639421902e-23, nan 
-8.125, -50.875, 8.166046043340249e-23, nan 
-7.875, -50.875, 9.052621065667993e-23, nan 
-7.625, -50.875, 8.950699556299769e-23, nan 
-7.375, -50.875, 9.002727584321935e-23, nan 
-7.125, -50.875, 3.9047992198860866e-23, nan 
-6.875, -50.875, 3.800046742603687e-23, nan 
-6.625, -50.875, 4.778059512578203e-23, nan 
-6.375, -50.875, 3.600107722182712e-23, nan 
-6.125, -50.875, 2.0391077294541812e-23, nan 
-5.875, -50.875, 1.32862686565813e-23, nan 
-5.625, -50.875, 7.415845412123162e-24, nan 
-5.375, -50.875, 1.6706469525925436e-23, nan 
-5.125, -50.875, 1.983807569287918e-23, nan 
-4.875, -50.875, 1.628737172289185e-23, nan 
-4.625, -50.875, 6.182484653605863e-24, nan 
-4.375, -50.875, 8.38562010388474e-24, nan 
-4.125, -50.875, 9.747844942922359e-24, nan 
-3.875, -50.875, 8.712942733466513e-24, nan 
-3.625, -50.875, 1.2450040500626163e-23, nan 
-3.375, -50.875, 1.0732008036636709e-23, nan 
-3.125, -50.875, 1.1669480169707507e-23, nan 
-2.875, -50.875, 1.345028209554292e-23, nan 
-9.625, -50.625, 3.483565027931681e-23, nan 
-9.375, -50.625, 3.4876259217426117e-23, nan 
-9.125, -50.625, 5.548541119554261e-23, nan 
-8.875, -50.625, 5.0122357722792456e-23, nan 
-8.625, -50.625, 6.126830330620528e-23, nan 
-8.375, -50.625, 5.427876717214471e-23, nan 
-8.125, -50.625, 3.634743872872936e-23, nan 
-7.875, -50.625, 2.948229927978276e-23, nan 
-7.625, -50.625, 3.160912752119622e-23, nan 
-7.375, -50.625, 3.0174803373892754e-23, nan 
-7.125, -50.625, 2.5848905922467685e-23, nan 
-6.875, -50.625, 2.2763542994604624e-23, nan 
-6.625, -50.625, 3.1938109172179257e-23, nan 
-6.375, -50.625, 2.8158812604970686e-23, nan 
-6.125, -50.625, 1.2058893301385154e-23, nan 
-5.875, -50.625, 3.863000091826684e-24, nan 
-5.625, -50.625, 4.747599690138461e-24, nan 
-5.375, -50.625, 8.694684057697395e-24, nan 
-5.125, -50.625, 8.254534844235637e-24, nan 
-4.875, -50.625, 1.8883452022821905e-23, nan 
-4.625, -50.625, 2.659072300516374e-23, nan 
-4.375, -50.625, 5.553869956264777e-23, nan 
-4.125, -50.625, 4.660595120501077e-23, nan 
-3.875, -50.625, 4.402700991897631e-23, nan 
-3.625, -50.625, 2.2060667925644805e-23, nan 
-3.375, -50.625, 9.984289974003115e-24, nan 
-3.125, -50.625, 1.0287191437939806e-23, nan 
-2.875, -50.625, 1.276440983662757e-23, nan 
-9.375, -50.375, 6.530250642855461e-24, nan 
-9.125, -50.375, 1.4969520695285652e-23, nan 
-8.875, -50.375, 2.593249341156234e-23, nan 
-8.625, -50.375, 2.5299766229999865e-23, nan 
-8.375, -50.375, 1.4613961798509217e-23, nan 
-8.125, -50.375, 2.7588350366659373e-23, nan 
-7.875, -50.375, 2.216448042968001e-23, nan 
-7.625, -50.375, 2.363089640274937e-23, nan 
-7.375, -50.375, 2.5589730414770526e-23, nan 
-7.125, -50.375, 1.751265151776214e-23, nan 
-6.875, -50.375, 1.7479416866441882e-23, nan 
-6.625, -50.375, 1.8561573874358346e-23, nan 
-6.375, -50.375, 1.1777044454631103e-23, nan 
-6.125, -50.375, 8.646337710161455e-24, nan 
-5.875, -50.375, 6.516169087016226e-24, nan 
-5.625, -50.375, 2.5445395030657813e-23, nan 
-5.375, -50.375, 5.050609164456456e-23, nan 
-5.125, -50.375, 6.902709058557695e-23, nan 
-4.875, -50.375, 8.078266339984711e-23, nan 
-4.625, -50.375, 9.51992945819317e-23, nan 
-4.375, -50.375, 8.618425029082599e-23, nan 
-4.125, -50.375, 5.365489829036556e-23, nan 
-3.875, -50.375, 5.993862084359207e-23, nan 
-3.625, -50.375, 6.183622980758417e-23, nan 
-3.375, -50.375, 4.6031623497389175e-23, nan 
-3.125, -50.375, 8.2906339628706e-24, nan 
-8.875, -50.125, 1.7489650184794103e-23, nan 
-8.625, -50.125, 1.438008192955072e-23, nan 
-8.375, -50.125, 2.169022151147581e-23, nan 
-8.125, -50.125, 2.4913055790975127e-23, nan 
-7.875, -50.125, 1.2524227768621072e-23, nan 
-7.625, -50.125, 1.020347595415055e-23, nan 
-7.375, -50.125, 5.2808390379213684e-24, nan 
-7.125, -50.125, 8.795052150462549e-24, nan 
-6.875, -50.125, 8.376251605318808e-24, nan 
-6.625, -50.125, 6.151329766900421e-24, nan 
-6.375, -50.125, 7.807787286688542e-24, nan 
-6.125, -50.125, 4.897614429769005e-23, nan 
-5.875, -50.125, 1.1441024963089535e-22, nan 
-5.625, -50.125, 1.1241565885793586e-22, nan 
-5.375, -50.125, 8.805561965404402e-23, nan 
-5.125, -50.125, 9.568911725799461e-23, nan 
-4.875, -50.125, 8.809013724523458e-23, nan 
-4.625, -50.125, 7.080546191868401e-23, nan 
-4.375, -50.125, 3.531593019802872e-23, nan 
-4.125, -50.125, 3.3982080533017174e-23, nan 
-3.875, -50.125, 3.232650335035769e-23, nan 
-3.625, -50.125, 5.58649829362716e-23, nan 
-3.375, -50.125, 7.501891311135567e-23, nan 
-8.625, -49.875, 1.0839782972212001e-23, nan 
-8.375, -49.875, 1.602056762392203e-23, nan 
-8.125, -49.875, 1.781497876783169e-23, nan 
-7.875, -49.875, 1.0163122486808566e-23, nan 
-7.625, -49.875, 1.3231392108856814e-23, nan 
-7.375, -49.875, 1.5599463201027908e-23, nan 
-7.125, -49.875, 1.245247908869122e-23, nan 
-6.875, -49.875, 9.504220491044352e-24, nan 
-6.625, -49.875, 1.1957201992711144e-23, nan 
-6.375, -49.875, 8.010196764985204e-23, nan 
-6.125, -49.875, 1.294904730485951e-22, nan 
-5.875, -49.875, 1.4064417903416277e-22, nan 
-5.625, -49.875, 1.0117231242285258e-22, nan 
-5.375, -49.875, 6.316732924541073e-23, nan 
-5.125, -49.875, 5.307206264085877e-23, nan 
-4.875, -49.875, 1.949229023777955e-23, nan 
-4.625, -49.875, 1.5530613579353937e-23, nan 
-4.375, -49.875, 4.816417227255019e-23, nan 
-4.125, -49.875, 8.031835364444393e-23, nan 
-3.875, -49.875, 6.664637209589821e-23, nan 
-3.625, -49.875, 3.4032557823277473e-23, nan 
-8.125, -49.625, 2.149163553551897e-23, 2.1504086629118476e-23 
-7.875, -49.625, 1.5727016332649032e-23, 1.5736106359995394e-23 
-7.625, -49.625, 1.6859156441653745e-23, 1.6868877939511187e-23 
-7.375, -49.625, 1.0544493602833302e-23, 1.055063324787225e-23 
-7.125, -49.625, 1.3098895996617861e-23, 1.3107039538328844e-23 
-6.875, -49.625, 1.4192551364961558e-23, 1.4201934494003396e-23 
-6.625, -49.625, 1.3949168138786297e-23, 1.3958940395609113e-23 
-6.375, -49.625, 7.350817382865098e-23, 7.356522348697668e-23 
-6.125, -49.625, 1.3561536489789566e-22, 1.3573479620647029e-22 
-5.875, -49.625, 1.2283790494466704e-22, 1.229589268720629e-22 
-5.625, -49.625, 6.433954875993993e-23, 6.440966360123411e-23 
-5.375, -49.625, 3.8709065144636455e-23, 3.875405373830024e-23 
-5.125, -49.625, 4.904638861545431e-24, 4.910732062889147e-24 
-4.875, -49.625, 6.066371386897071e-24, 6.0743937950600425e-24 
-4.625, -49.625, 6.513418039671278e-23, 6.522553360398086e-23 
-4.375, -49.625, 1.0220374408462406e-22, 1.0235241778774556e-22 
-4.125, -49.625, 9.547800660493188e-23, 9.561910363437756e-23 
-3.875, -49.625, 1.403044422369835e-22, 1.405150267789002e-22 
-7.875, -49.375, 2.515573156340344e-23, 2.5167569450061974e-23 
-7.625, -49.375, 1.6317162917865894e-23, 1.6324464797876965e-23 
-7.375, -49.375, 1.0409934692429357e-23, 1.041454491341665e-23 
-7.125, -49.375, 8.654158498501005e-24, 8.65811704750742e-24 
-6.875, -49.375, 9.867880021947997e-24, 9.872782929699194e-24 
-6.625, -49.375, 1.518087100622832e-23, 1.5189012391092006e-23 
-6.375, -49.375, 1.2791200487544249e-23, 1.2799026621022776e-23 
-6.125, -49.375, 9.950375639149313e-23, 9.95750417439005e-23 
-5.875, -49.375, 1.1308895239594215e-22, 1.1318179524356203e-22 
-5.625, -49.375, 6.002580968697162e-23, 6.007923250975019e-23 
-5.375, -49.375, 1.2320622109163249e-23, 1.2332374014566438e-23 
-5.125, -49.375, 3.67480364528626e-24, 3.678556526393892e-24 
-4.875, -49.375, 4.914098340461948e-24, 4.919510541725157e-24 
-4.625, -49.375, 5.8041796998657805e-24, 5.8110371738317094e-24 
-4.375, -49.375, 1.06071059596817e-22, 1.0620209127422343e-22 
-4.125, -49.375, 1.332935118917709e-22, 1.3346211042581913e-22 
-7.375, -49.125, 9.929890722499107e-24, 9.932979751441191e-24 
-7.125, -49.125, 6.692392806733515e-24, 6.694520671590026e-24 
-6.875, -49.125, 8.652468318195928e-24, 8.655345890143128e-24 
-6.625, -49.125, 1.9771289245253888e-23, 1.9778644464679987e-23 
-6.375, -49.125, 3.982234258787875e-23, 3.984016577529217e-23 
-6.125, -49.125, 8.918947514577935e-23, 8.923872090939206e-23 
-5.875, -49.125, 9.502527498328441e-23, 9.508431151136356e-23 
-5.625, -49.125, 6.329160314682683e-23, 6.3334965953772e-23 
-5.375, -49.125, 1.0749294865173827e-23, 1.0757345857265447e-23 
-5.125, -49.125, 1.691431245408935e-24, 1.692806084261882e-24 
-4.875, -49.125, 6.924306347410711e-25, 6.930401611403529e-25 
-4.625, -49.125, 5.373962590733746e-24, 5.3791236944070284e-24 
-4.375, -49.125, 6.703071005444836e-24, 6.70986957773209e-24 
-7.125, -48.875, 8.633474340402119e-24, 8.635081615158476e-24 
-6.875, -48.875, 6.848107266559054e-24, 6.849429222662594e-24 
-6.625, -48.875, 6.000362027394231e-24, 6.001608485263737e-24 
-6.375, -48.875, 1.8198580816149368e-23, 1.8203736296119047e-23 
-6.125, -48.875, 8.07753962500351e-23, 8.080387061588315e-23 
-5.875, -48.875, 9.812636114357028e-23, 9.816721910598898e-23 
-5.625, -48.875, 8.052499814711489e-23, 8.056366988777425e-23 
-5.375, -48.875, 6.603725311469365e-23, 6.607318431653454e-23 
-5.125, -48.875, 3.584716905780633e-23, 3.586896272862039e-23 
-4.875, -48.875, 7.743117635607307e-24, 7.748319556719234e-24 
-4.625, -48.875, 4.560393599731363e-24, 4.563765079143968e-24 
-6.875, -48.625, 6.062146123108952e-24, 6.062514454521447e-24 
-6.625, -48.625, 2.0833670362536536e-24, 2.083507943063744e-24 
-6.375, -48.625, 1.0325701031174467e-23, 1.0326639170531835e-23 
-6.125, -48.625, 1.08441506252659e-23, 1.0845828611324189e-23 
-5.875, -48.625, 6.786300585541413e-23, 6.78778416622171e-23 
-5.625, -48.625, 8.091055473184616e-23, 8.093341094467982e-23 
-5.375, -48.625, 7.606327967204304e-23, 7.608962468907589e-23 
-5.125, -48.625, 7.650739907668936e-23, 7.653878406107822e-23 
-4.875, -48.625, 6.549039007136698e-23, 6.552143790968863e-23 
-6.375, -48.375, 9.446847014611282e-24, 9.446140301198654e-24 
-6.125, -48.375, 1.2425035773697548e-23, 1.242444120550744e-23 
-5.875, -48.375, 1.6803434332291292e-23, 1.680370377777052e-23 
-5.625, -48.375, 3.9795703257321304e-23, 3.979888367149814e-23 
-5.375, -48.375, 5.656224267293078e-23, 5.657037619519559e-23 
-5.125, -48.375, 6.752248087956617e-23, 6.753650345867143e-23 
-6.125, -48.125, 3.49482738814217e-23, 3.4940807920993414e-23 
-5.875, -48.125, 2.2135317510070512e-23, 2.21311878277028e-23 
-5.625, -48.125, 5.1217020143769854e-23, 5.121073725543453e-23 
-5.375, -48.125, 6.273678497444416e-23, 6.273309714021444e-23 
-5.625, -47.875, 5.770134877525072e-23, 5.768257945859093e-23 
